dataset_doi,dataset_version,zip_filename,zip_sha256,protocol_version,generator_version,generator_sha256,git_head,split_seed_64,split_seed_32,split_ratio,official_split,filename,raw_image_zip_member,raw_annotation_zip_member,variant,source_group_id,split_guard_cluster_id,representation_policy,representation_type,augmentation_type,include,exclusion_reason,annotation_policy,dropped_raw_region_indices,final_split,immature_instances,semi_mature_instances,mature_instances,derived_target_count,multi_class_image
10.17632/gfcmdbvw65.4,v4,dataset-20260508.zip,049591afd4fc3529aedbd31ef9119f5ec0601ebcb8cbbd4a25b7e883fde147ce,d2-v4-stage2b5-v1,12_freeze_d2_protocol.py@1 + 10_prepare_d2_freeze_candidate.py@1,a587d1d3cf826ec476fe91356f472b4a1a2b78eca51376c392fc16846b825caf,1db875a1eb10d95d654d0f2d27a52815794db0d8,13436313853456744620,3589472428,70/15/15,test,108.jpg,dataset-20260508/test/108.jpg,dataset-20260508/test.json,original,sg-0001,gc-0001,one plain original per evidence source group; no dataset resize/offline augmentation; pipeline online only,plain_base,none,true,,valid three-class raw regions; U01 drop raw region #3; standard background/FP; no ignore region,,train,0,0,1,1,0
10.17632/gfcmdbvw65.4,v4,dataset-20260508.zip,049591afd4fc3529aedbd31ef9119f5ec0601ebcb8cbbd4a25b7e883fde147ce,d2-v4-stage2b5-v1,12_freeze_d2_protocol.py@1 + 10_prepare_d2_freeze_candidate.py@1,a587d1d3cf826ec476fe91356f472b4a1a2b78eca51376c392fc16846b825caf,1db875a1eb10d95d654d0f2d27a52815794db0d8,13436313853456744620,3589472428,70/15/15,test,115.jpg,dataset-20260508/test/115.jpg,dataset-20260508/test.json,original,sg-0002,gc-0002,one plain original per evidence source group; no dataset resize/offline augmentation; pipeline online only,plain_base,none,true,,valid three-class raw regions; U01 drop raw region #3; standard background/FP; no ignore region,,train,0,0,1,1,0
10.17632/gfcmdbvw65.4,v4,dataset-20260508.zip,049591afd4fc3529aedbd31ef9119f5ec0601ebcb8cbbd4a25b7e883fde147ce,d2-v4-stage2b5-v1,12_freeze_d2_protocol.py@1 + 10_prepare_d2_freeze_candidate.py@1,a587d1d3cf826ec476fe91356f472b4a1a2b78eca51376c392fc16846b825caf,1db875a1eb10d95d654d0f2d27a52815794db0d8,13436313853456744620,3589472428,70/15/15,test,1170.jpg,dataset-20260508/test/1170.jpg,dataset-20260508/test.json,original,sg-0003,gc-0003,one plain original per evidence source group; no dataset resize/offline augmentation; pipeline online only,plain_base,none,true,,valid three-class raw regions; U01 drop raw region #3; standard background/FP; no ignore region,,test,0,0,2,2,0
10.17632/gfcmdbvw65.4,v4,dataset-20260508.zip,049591afd4fc3529aedbd31ef9119f5ec0601ebcb8cbbd4a25b7e883fde147ce,d2-v4-stage2b5-v1,12_freeze_d2_protocol.py@1 + 10_prepare_d2_freeze_candidate.py@1,a587d1d3cf826ec476fe91356f472b4a1a2b78eca51376c392fc16846b825caf,1db875a1eb10d95d654d0f2d27a52815794db0d8,13436313853456744620,3589472428,70/15/15,test,123.jpg,dataset-20260508/test/123.jpg,dataset-20260508/test.json,original,sg-0004,gc-0004,one plain original per evidence source group; no dataset resize/offline augmentation; pipeline online only,plain_base,none,true,,valid three-class raw regions; U01 drop raw region #3; standard background/FP; no ignore region,,test,0,0,1,1,0
10.17632/gfcmdbvw65.4,v4,dataset-20260508.zip,049591afd4fc3529aedbd31ef9119f5ec0601ebcb8cbbd4a25b7e883fde147ce,d2-v4-stage2b5-v1,12_freeze_d2_protocol.py@1 + 10_prepare_d2_freeze_candidate.py@1,a587d1d3cf826ec476fe91356f472b4a1a2b78eca51376c392fc16846b825caf,1db875a1eb10d95d654d0f2d27a52815794db0d8,13436313853456744620,3589472428,70/15/15,test,1240.jpg,dataset-20260508/test/1240.jpg,dataset-20260508/test.json,original,sg-0005,gc-0005,one plain original per evidence source group; no dataset resize/offline augmentation; pipeline online only,plain_base,none,true,,valid three-class raw regions; U01 drop raw region #3; standard background/FP; no ignore region,,test,0,0,2,2,0
10.17632/gfcmdbvw65.4,v4,dataset-20260508.zip,049591afd4fc3529aedbd31ef9119f5ec0601ebcb8cbbd4a25b7e883fde147ce,d2-v4-stage2b5-v1,12_freeze_d2_protocol.py@1 + 10_prepare_d2_freeze_candidate.py@1,a587d1d3cf826ec476fe91356f472b4a1a2b78eca51376c392fc16846b825caf,1db875a1eb10d95d654d0f2d27a52815794db0d8,13436313853456744620,3589472428,70/15/15,test,1270.jpg,dataset-20260508/test/1270.jpg,dataset-20260508/test.json,original,sg-0006,gc-0006,one plain original per evidence source group; no dataset resize/offline augmentation; pipeline online only,plain_base,none,true,,valid three-class raw regions; U01 drop raw region #3; standard background/FP; no ignore region,,train,0,4,0,4,0
10.17632/gfcmdbvw65.4,v4,dataset-20260508.zip,049591afd4fc3529aedbd31ef9119f5ec0601ebcb8cbbd4a25b7e883fde147ce,d2-v4-stage2b5-v1,12_freeze_d2_protocol.py@1 + 10_prepare_d2_freeze_candidate.py@1,a587d1d3cf826ec476fe91356f472b4a1a2b78eca51376c392fc16846b825caf,1db875a1eb10d95d654d0f2d27a52815794db0d8,13436313853456744620,3589472428,70/15/15,test,1290.jpg,dataset-20260508/test/1290.jpg,dataset-20260508/test.json,original,sg-0007,gc-0007,one plain original per evidence source group; no dataset resize/offline augmentation; pipeline online only,plain_base,none,true,,valid three-class raw regions; U01 drop raw region #3; standard background/FP; no ignore region,,train,0,3,0,3,0
10.17632/gfcmdbvw65.4,v4,dataset-20260508.zip,049591afd4fc3529aedbd31ef9119f5ec0601ebcb8cbbd4a25b7e883fde147ce,d2-v4-stage2b5-v1,12_freeze_d2_protocol.py@1 + 10_prepare_d2_freeze_candidate.py@1,a587d1d3cf826ec476fe91356f472b4a1a2b78eca51376c392fc16846b825caf,1db875a1eb10d95d654d0f2d27a52815794db0d8,13436313853456744620,3589472428,70/15/15,test,1400.jpg,dataset-20260508/test/1400.jpg,dataset-20260508/test.json,original,sg-0009,gc-0009,one plain original per evidence source group; no dataset resize/offline augmentation; pipeline online only,plain_base,none,true,,valid three-class raw regions; U01 drop raw region #3; standard background/FP; no ignore region,,train,0,1,0,1,0
10.17632/gfcmdbvw65.4,v4,dataset-20260508.zip,049591afd4fc3529aedbd31ef9119f5ec0601ebcb8cbbd4a25b7e883fde147ce,d2-v4-stage2b5-v1,12_freeze_d2_protocol.py@1 + 10_prepare_d2_freeze_candidate.py@1,a587d1d3cf826ec476fe91356f472b4a1a2b78eca51376c392fc16846b825caf,1db875a1eb10d95d654d0f2d27a52815794db0d8,13436313853456744620,3589472428,70/15/15,test,1410.jpg,dataset-20260508/test/1410.jpg,dataset-20260508/test.json,original,sg-0010,gc-0010,one plain original per evidence source group; no dataset resize/offline augmentation; pipeline online only,plain_base,none,true,,valid three-class raw regions; U01 drop raw region #3; standard background/FP; no ignore region,,val,0,0,1,1,0
10.17632/gfcmdbvw65.4,v4,dataset-20260508.zip,049591afd4fc3529aedbd31ef9119f5ec0601ebcb8cbbd4a25b7e883fde147ce,d2-v4-stage2b5-v1,12_freeze_d2_protocol.py@1 + 10_prepare_d2_freeze_candidate.py@1,a587d1d3cf826ec476fe91356f472b4a1a2b78eca51376c392fc16846b825caf,1db875a1eb10d95d654d0f2d27a52815794db0d8,13436313853456744620,3589472428,70/15/15,test,1420.jpg,dataset-20260508/test/1420.jpg,dataset-20260508/test.json,original,sg-0011,gc-0011,one plain original per evidence source group; no dataset resize/offline augmentation; pipeline online only,plain_base,none,true,,valid three-class raw regions; U01 drop raw region #3; standard background/FP; no ignore region,,train,0,1,0,1,0
10.17632/gfcmdbvw65.4,v4,dataset-20260508.zip,049591afd4fc3529aedbd31ef9119f5ec0601ebcb8cbbd4a25b7e883fde147ce,d2-v4-stage2b5-v1,12_freeze_d2_protocol.py@1 + 10_prepare_d2_freeze_candidate.py@1,a587d1d3cf826ec476fe91356f472b4a1a2b78eca51376c392fc16846b825caf,1db875a1eb10d95d654d0f2d27a52815794db0d8,13436313853456744620,3589472428,70/15/15,test,1520.jpg,dataset-20260508/test/1520.jpg,dataset-20260508/test.json,original,sg-0014,gc-0014,one plain original per evidence source group; no dataset resize/offline augmentation; pipeline online only,plain_base,none,true,,valid three-class raw regions; U01 drop raw region #3; standard background/FP; no ignore region,,train,0,1,0,1,0
10.17632/gfcmdbvw65.4,v4,dataset-20260508.zip,049591afd4fc3529aedbd31ef9119f5ec0601ebcb8cbbd4a25b7e883fde147ce,d2-v4-stage2b5-v1,12_freeze_d2_protocol.py@1 + 10_prepare_d2_freeze_candidate.py@1,a587d1d3cf826ec476fe91356f472b4a1a2b78eca51376c392fc16846b825caf,1db875a1eb10d95d654d0f2d27a52815794db0d8,13436313853456744620,3589472428,70/15/15,test,158.jpg,dataset-20260508/test/158.jpg,dataset-20260508/test.json,original,sg-0015,gc-0015,one plain original per evidence source group; no dataset resize/offline augmentation; pipeline online only,plain_base,none,true,,valid three-class raw regions; U01 drop raw region #3; standard background/FP; no ignore region,,train,0,1,1,2,1
10.17632/gfcmdbvw65.4,v4,dataset-20260508.zip,049591afd4fc3529aedbd31ef9119f5ec0601ebcb8cbbd4a25b7e883fde147ce,d2-v4-stage2b5-v1,12_freeze_d2_protocol.py@1 + 10_prepare_d2_freeze_candidate.py@1,a587d1d3cf826ec476fe91356f472b4a1a2b78eca51376c392fc16846b825caf,1db875a1eb10d95d654d0f2d27a52815794db0d8,13436313853456744620,3589472428,70/15/15,test,1600.jpg,dataset-20260508/test/1600.jpg,dataset-20260508/test.json,original,sg-0016,gc-0016,one plain original per evidence source group; no dataset resize/offline augmentation; pipeline online only,plain_base,none,true,,valid three-class raw regions; U01 drop raw region #3; standard background/FP; no ignore region,,train,0,3,0,3,0
10.17632/gfcmdbvw65.4,v4,dataset-20260508.zip,049591afd4fc3529aedbd31ef9119f5ec0601ebcb8cbbd4a25b7e883fde147ce,d2-v4-stage2b5-v1,12_freeze_d2_protocol.py@1 + 10_prepare_d2_freeze_candidate.py@1,a587d1d3cf826ec476fe91356f472b4a1a2b78eca51376c392fc16846b825caf,1db875a1eb10d95d654d0f2d27a52815794db0d8,13436313853456744620,3589472428,70/15/15,test,1710.jpg,dataset-20260508/test/1710.jpg,dataset-20260508/test.json,original,sg-0017,gc-0017,one plain original per evidence source group; no dataset resize/offline augmentation; pipeline online only,plain_base,none,true,,valid three-class raw regions; U01 drop raw region #3; standard background/FP; no ignore region,,train,0,1,1,2,1
10.17632/gfcmdbvw65.4,v4,dataset-20260508.zip,049591afd4fc3529aedbd31ef9119f5ec0601ebcb8cbbd4a25b7e883fde147ce,d2-v4-stage2b5-v1,12_freeze_d2_protocol.py@1 + 10_prepare_d2_freeze_candidate.py@1,a587d1d3cf826ec476fe91356f472b4a1a2b78eca51376c392fc16846b825caf,1db875a1eb10d95d654d0f2d27a52815794db0d8,13436313853456744620,3589472428,70/15/15,test,172.jpg,dataset-20260508/test/172.jpg,dataset-20260508/test.json,original,sg-0018,gc-0018,one plain original per evidence source group; no dataset resize/offline augmentation; pipeline online only,plain_base,none,true,,valid three-class raw regions; U01 drop raw region #3; standard background/FP; no ignore region,,test,0,1,0,1,0
10.17632/gfcmdbvw65.4,v4,dataset-20260508.zip,049591afd4fc3529aedbd31ef9119f5ec0601ebcb8cbbd4a25b7e883fde147ce,d2-v4-stage2b5-v1,12_freeze_d2_protocol.py@1 + 10_prepare_d2_freeze_candidate.py@1,a587d1d3cf826ec476fe91356f472b4a1a2b78eca51376c392fc16846b825caf,1db875a1eb10d95d654d0f2d27a52815794db0d8,13436313853456744620,3589472428,70/15/15,test,175.jpg,dataset-20260508/test/175.jpg,dataset-20260508/test.json,original,sg-0019,gc-0019,one plain original per evidence source group; no dataset resize/offline augmentation; pipeline online only,plain_base,none,true,,valid three-class raw regions; U01 drop raw region #3; standard background/FP; no ignore region,,train,0,1,0,1,0
10.17632/gfcmdbvw65.4,v4,dataset-20260508.zip,049591afd4fc3529aedbd31ef9119f5ec0601ebcb8cbbd4a25b7e883fde147ce,d2-v4-stage2b5-v1,12_freeze_d2_protocol.py@1 + 10_prepare_d2_freeze_candidate.py@1,a587d1d3cf826ec476fe91356f472b4a1a2b78eca51376c392fc16846b825caf,1db875a1eb10d95d654d0f2d27a52815794db0d8,13436313853456744620,3589472428,70/15/15,test,1760.jpg,dataset-20260508/test/1760.jpg,dataset-20260508/test.json,original,sg-0020,gc-0020,one plain original per evidence source group; no dataset resize/offline augmentation; pipeline online only,plain_base,none,true,,valid three-class raw regions; U01 drop raw region #3; standard background/FP; no ignore region,,train,0,2,0,2,0
10.17632/gfcmdbvw65.4,v4,dataset-20260508.zip,049591afd4fc3529aedbd31ef9119f5ec0601ebcb8cbbd4a25b7e883fde147ce,d2-v4-stage2b5-v1,12_freeze_d2_protocol.py@1 + 10_prepare_d2_freeze_candidate.py@1,a587d1d3cf826ec476fe91356f472b4a1a2b78eca51376c392fc16846b825caf,1db875a1eb10d95d654d0f2d27a52815794db0d8,13436313853456744620,3589472428,70/15/15,test,182.jpg,dataset-20260508/test/182.jpg,dataset-20260508/test.json,original,sg-0021,gc-0021,one plain original per evidence source group; no dataset resize/offline augmentation; pipeline online only,plain_base,none,true,,valid three-class raw regions; U01 drop raw region #3; standard background/FP; no ignore region,,train,0,1,0,1,0
10.17632/gfcmdbvw65.4,v4,dataset-20260508.zip,049591afd4fc3529aedbd31ef9119f5ec0601ebcb8cbbd4a25b7e883fde147ce,d2-v4-stage2b5-v1,12_freeze_d2_protocol.py@1 + 10_prepare_d2_freeze_candidate.py@1,a587d1d3cf826ec476fe91356f472b4a1a2b78eca51376c392fc16846b825caf,1db875a1eb10d95d654d0f2d27a52815794db0d8,13436313853456744620,3589472428,70/15/15,test,1840.jpg,dataset-20260508/test/1840.jpg,dataset-20260508/test.json,original,sg-0022,gc-0022,one plain original per evidence source group; no dataset resize/offline augmentation; pipeline online only,plain_base,none,true,,valid three-class raw regions; U01 drop raw region #3; standard background/FP; no ignore region,,val,0,1,0,1,0
10.17632/gfcmdbvw65.4,v4,dataset-20260508.zip,049591afd4fc3529aedbd31ef9119f5ec0601ebcb8cbbd4a25b7e883fde147ce,d2-v4-stage2b5-v1,12_freeze_d2_protocol.py@1 + 10_prepare_d2_freeze_candidate.py@1,a587d1d3cf826ec476fe91356f472b4a1a2b78eca51376c392fc16846b825caf,1db875a1eb10d95d654d0f2d27a52815794db0d8,13436313853456744620,3589472428,70/15/15,test,2040.jpg,dataset-20260508/test/2040.jpg,dataset-20260508/test.json,original,sg-0023,gc-0023,one plain original per evidence source group; no dataset resize/offline augmentation; pipeline online only,plain_base,none,true,,valid three-class raw regions; U01 drop raw region #3; standard background/FP; no ignore region,,train,0,1,0,1,0
10.17632/gfcmdbvw65.4,v4,dataset-20260508.zip,049591afd4fc3529aedbd31ef9119f5ec0601ebcb8cbbd4a25b7e883fde147ce,d2-v4-stage2b5-v1,12_freeze_d2_protocol.py@1 + 10_prepare_d2_freeze_candidate.py@1,a587d1d3cf826ec476fe91356f472b4a1a2b78eca51376c392fc16846b825caf,1db875a1eb10d95d654d0f2d27a52815794db0d8,13436313853456744620,3589472428,70/15/15,test,2050.jpg,dataset-20260508/test/2050.jpg,dataset-20260508/test.json,original,sg-0024,gc-0024,one plain original per evidence source group; no dataset resize/offline augmentation; pipeline online only,plain_base,none,true,,valid three-class raw regions; U01 drop raw region #3; standard background/FP; no ignore region,,test,0,1,1,2,1
10.17632/gfcmdbvw65.4,v4,dataset-20260508.zip,049591afd4fc3529aedbd31ef9119f5ec0601ebcb8cbbd4a25b7e883fde147ce,d2-v4-stage2b5-v1,12_freeze_d2_protocol.py@1 + 10_prepare_d2_freeze_candidate.py@1,a587d1d3cf826ec476fe91356f472b4a1a2b78eca51376c392fc16846b825caf,1db875a1eb10d95d654d0f2d27a52815794db0d8,13436313853456744620,3589472428,70/15/15,test,206.jpg,dataset-20260508/test/206.jpg,dataset-20260508/test.json,original,sg-0025,gc-0025,one plain original per evidence source group; no dataset resize/offline augmentation; pipeline online only,plain_base,none,true,,valid three-class raw regions; U01 drop raw region #3; standard background/FP; no ignore region,,train,0,4,0,4,0
10.17632/gfcmdbvw65.4,v4,dataset-20260508.zip,049591afd4fc3529aedbd31ef9119f5ec0601ebcb8cbbd4a25b7e883fde147ce,d2-v4-stage2b5-v1,12_freeze_d2_protocol.py@1 + 10_prepare_d2_freeze_candidate.py@1,a587d1d3cf826ec476fe91356f472b4a1a2b78eca51376c392fc16846b825caf,1db875a1eb10d95d654d0f2d27a52815794db0d8,13436313853456744620,3589472428,70/15/15,test,2150.jpg,dataset-20260508/test/2150.jpg,dataset-20260508/test.json,original,sg-0026,gc-0026,one plain original per evidence source group; no dataset resize/offline augmentation; pipeline online only,plain_base,none,true,,valid three-class raw regions; U01 drop raw region #3; standard background/FP; no ignore region,,train,0,1,0,1,0
10.17632/gfcmdbvw65.4,v4,dataset-20260508.zip,049591afd4fc3529aedbd31ef9119f5ec0601ebcb8cbbd4a25b7e883fde147ce,d2-v4-stage2b5-v1,12_freeze_d2_protocol.py@1 + 10_prepare_d2_freeze_candidate.py@1,a587d1d3cf826ec476fe91356f472b4a1a2b78eca51376c392fc16846b825caf,1db875a1eb10d95d654d0f2d27a52815794db0d8,13436313853456744620,3589472428,70/15/15,test,2210.jpg,dataset-20260508/test/2210.jpg,dataset-20260508/test.json,original,sg-0027,gc-0027,one plain original per evidence source group; no dataset resize/offline augmentation; pipeline online only,plain_base,none,true,,valid three-class raw regions; U01 drop raw region #3; standard background/FP; no ignore region,,test,0,1,0,1,0
10.17632/gfcmdbvw65.4,v4,dataset-20260508.zip,049591afd4fc3529aedbd31ef9119f5ec0601ebcb8cbbd4a25b7e883fde147ce,d2-v4-stage2b5-v1,12_freeze_d2_protocol.py@1 + 10_prepare_d2_freeze_candidate.py@1,a587d1d3cf826ec476fe91356f472b4a1a2b78eca51376c392fc16846b825caf,1db875a1eb10d95d654d0f2d27a52815794db0d8,13436313853456744620,3589472428,70/15/15,test,227.jpg,dataset-20260508/test/227.jpg,dataset-20260508/test.json,original,sg-0028,gc-0028,one plain original per evidence source group; no dataset resize/offline augmentation; pipeline online only,plain_base,none,true,,valid three-class raw regions; U01 drop raw region #3; standard background/FP; no ignore region,,train,0,1,0,1,0
10.17632/gfcmdbvw65.4,v4,dataset-20260508.zip,049591afd4fc3529aedbd31ef9119f5ec0601ebcb8cbbd4a25b7e883fde147ce,d2-v4-stage2b5-v1,12_freeze_d2_protocol.py@1 + 10_prepare_d2_freeze_candidate.py@1,a587d1d3cf826ec476fe91356f472b4a1a2b78eca51376c392fc16846b825caf,1db875a1eb10d95d654d0f2d27a52815794db0d8,13436313853456744620,3589472428,70/15/15,test,232.jpg,dataset-20260508/test/232.jpg,dataset-20260508/test.json,original,sg-0029,gc-0029,one plain original per evidence source group; no dataset resize/offline augmentation; pipeline online only,plain_base,none,true,,valid three-class raw regions; U01 drop raw region #3; standard background/FP; no ignore region,,val,0,2,0,2,0
10.17632/gfcmdbvw65.4,v4,dataset-20260508.zip,049591afd4fc3529aedbd31ef9119f5ec0601ebcb8cbbd4a25b7e883fde147ce,d2-v4-stage2b5-v1,12_freeze_d2_protocol.py@1 + 10_prepare_d2_freeze_candidate.py@1,a587d1d3cf826ec476fe91356f472b4a1a2b78eca51376c392fc16846b825caf,1db875a1eb10d95d654d0f2d27a52815794db0d8,13436313853456744620,3589472428,70/15/15,test,2360.jpg,dataset-20260508/test/2360.jpg,dataset-20260508/test.json,original,sg-0030,gc-0007,one plain original per evidence source group; no dataset resize/offline augmentation; pipeline online only,plain_base,none,true,,valid three-class raw regions; U01 drop raw region #3; standard background/FP; no ignore region,,train,0,3,0,3,0
10.17632/gfcmdbvw65.4,v4,dataset-20260508.zip,049591afd4fc3529aedbd31ef9119f5ec0601ebcb8cbbd4a25b7e883fde147ce,d2-v4-stage2b5-v1,12_freeze_d2_protocol.py@1 + 10_prepare_d2_freeze_candidate.py@1,a587d1d3cf826ec476fe91356f472b4a1a2b78eca51376c392fc16846b825caf,1db875a1eb10d95d654d0f2d27a52815794db0d8,13436313853456744620,3589472428,70/15/15,test,2410.jpg,dataset-20260508/test/2410.jpg,dataset-20260508/test.json,original,sg-0031,gc-0030,one plain original per evidence source group; no dataset resize/offline augmentation; pipeline online only,plain_base,none,true,,valid three-class raw regions; U01 drop raw region #3; standard background/FP; no ignore region,,train,0,1,0,1,0
10.17632/gfcmdbvw65.4,v4,dataset-20260508.zip,049591afd4fc3529aedbd31ef9119f5ec0601ebcb8cbbd4a25b7e883fde147ce,d2-v4-stage2b5-v1,12_freeze_d2_protocol.py@1 + 10_prepare_d2_freeze_candidate.py@1,a587d1d3cf826ec476fe91356f472b4a1a2b78eca51376c392fc16846b825caf,1db875a1eb10d95d654d0f2d27a52815794db0d8,13436313853456744620,3589472428,70/15/15,test,2450.jpg,dataset-20260508/test/2450.jpg,dataset-20260508/test.json,original,sg-0032,gc-0031,one plain original per evidence source group; no dataset resize/offline augmentation; pipeline online only,plain_base,none,true,,valid three-class raw regions; U01 drop raw region #3; standard background/FP; no ignore region,,train,0,2,0,2,0
10.17632/gfcmdbvw65.4,v4,dataset-20260508.zip,049591afd4fc3529aedbd31ef9119f5ec0601ebcb8cbbd4a25b7e883fde147ce,d2-v4-stage2b5-v1,12_freeze_d2_protocol.py@1 + 10_prepare_d2_freeze_candidate.py@1,a587d1d3cf826ec476fe91356f472b4a1a2b78eca51376c392fc16846b825caf,1db875a1eb10d95d654d0f2d27a52815794db0d8,13436313853456744620,3589472428,70/15/15,test,250.jpg,dataset-20260508/test/250.jpg,dataset-20260508/test.json,original,sg-0033,gc-0032,one plain original per evidence source group; no dataset resize/offline augmentation; pipeline online only,plain_base,none,true,,valid three-class raw regions; U01 drop raw region #3; standard background/FP; no ignore region,,train,0,1,0,1,0
10.17632/gfcmdbvw65.4,v4,dataset-20260508.zip,049591afd4fc3529aedbd31ef9119f5ec0601ebcb8cbbd4a25b7e883fde147ce,d2-v4-stage2b5-v1,12_freeze_d2_protocol.py@1 + 10_prepare_d2_freeze_candidate.py@1,a587d1d3cf826ec476fe91356f472b4a1a2b78eca51376c392fc16846b825caf,1db875a1eb10d95d654d0f2d27a52815794db0d8,13436313853456744620,3589472428,70/15/15,test,255.jpg,dataset-20260508/test/255.jpg,dataset-20260508/test.json,original,sg-0034,gc-0033,one plain original per evidence source group; no dataset resize/offline augmentation; pipeline online only,plain_base,none,true,,valid three-class raw regions; U01 drop raw region #3; standard background/FP; no ignore region,,train,0,0,1,1,0
10.17632/gfcmdbvw65.4,v4,dataset-20260508.zip,049591afd4fc3529aedbd31ef9119f5ec0601ebcb8cbbd4a25b7e883fde147ce,d2-v4-stage2b5-v1,12_freeze_d2_protocol.py@1 + 10_prepare_d2_freeze_candidate.py@1,a587d1d3cf826ec476fe91356f472b4a1a2b78eca51376c392fc16846b825caf,1db875a1eb10d95d654d0f2d27a52815794db0d8,13436313853456744620,3589472428,70/15/15,test,257.jpg,dataset-20260508/test/257.jpg,dataset-20260508/test.json,original,sg-0035,gc-0034,one plain original per evidence source group; no dataset resize/offline augmentation; pipeline online only,plain_base,none,true,,valid three-class raw regions; U01 drop raw region #3; standard background/FP; no ignore region,,train,0,1,0,1,0
10.17632/gfcmdbvw65.4,v4,dataset-20260508.zip,049591afd4fc3529aedbd31ef9119f5ec0601ebcb8cbbd4a25b7e883fde147ce,d2-v4-stage2b5-v1,12_freeze_d2_protocol.py@1 + 10_prepare_d2_freeze_candidate.py@1,a587d1d3cf826ec476fe91356f472b4a1a2b78eca51376c392fc16846b825caf,1db875a1eb10d95d654d0f2d27a52815794db0d8,13436313853456744620,3589472428,70/15/15,test,2640.jpg,dataset-20260508/test/2640.jpg,dataset-20260508/test.json,original,sg-0036,gc-0035,one plain original per evidence source group; no dataset resize/offline augmentation; pipeline online only,plain_base,none,true,,valid three-class raw regions; U01 drop raw region #3; standard background/FP; no ignore region,,train,0,2,0,2,0
10.17632/gfcmdbvw65.4,v4,dataset-20260508.zip,049591afd4fc3529aedbd31ef9119f5ec0601ebcb8cbbd4a25b7e883fde147ce,d2-v4-stage2b5-v1,12_freeze_d2_protocol.py@1 + 10_prepare_d2_freeze_candidate.py@1,a587d1d3cf826ec476fe91356f472b4a1a2b78eca51376c392fc16846b825caf,1db875a1eb10d95d654d0f2d27a52815794db0d8,13436313853456744620,3589472428,70/15/15,test,27.jpg,dataset-20260508/test/27.jpg,dataset-20260508/test.json,original,sg-0037,gc-0036,one plain original per evidence source group; no dataset resize/offline augmentation; pipeline online only,plain_base,none,true,,valid three-class raw regions; U01 drop raw region #3; standard background/FP; no ignore region,,test,0,0,4,4,0
10.17632/gfcmdbvw65.4,v4,dataset-20260508.zip,049591afd4fc3529aedbd31ef9119f5ec0601ebcb8cbbd4a25b7e883fde147ce,d2-v4-stage2b5-v1,12_freeze_d2_protocol.py@1 + 10_prepare_d2_freeze_candidate.py@1,a587d1d3cf826ec476fe91356f472b4a1a2b78eca51376c392fc16846b825caf,1db875a1eb10d95d654d0f2d27a52815794db0d8,13436313853456744620,3589472428,70/15/15,test,2720.jpg,dataset-20260508/test/2720.jpg,dataset-20260508/test.json,original,sg-0038,gc-0037,one plain original per evidence source group; no dataset resize/offline augmentation; pipeline online only,plain_base,none,true,,valid three-class raw regions; U01 drop raw region #3; standard background/FP; no ignore region,,train,0,1,0,1,0
10.17632/gfcmdbvw65.4,v4,dataset-20260508.zip,049591afd4fc3529aedbd31ef9119f5ec0601ebcb8cbbd4a25b7e883fde147ce,d2-v4-stage2b5-v1,12_freeze_d2_protocol.py@1 + 10_prepare_d2_freeze_candidate.py@1,a587d1d3cf826ec476fe91356f472b4a1a2b78eca51376c392fc16846b825caf,1db875a1eb10d95d654d0f2d27a52815794db0d8,13436313853456744620,3589472428,70/15/15,test,2800.jpg,dataset-20260508/test/2800.jpg,dataset-20260508/test.json,original,sg-0039,gc-0038,one plain original per evidence source group; no dataset resize/offline augmentation; pipeline online only,plain_base,none,true,,valid three-class raw regions; U01 drop raw region #3; standard background/FP; no ignore region,,train,0,1,0,1,0
10.17632/gfcmdbvw65.4,v4,dataset-20260508.zip,049591afd4fc3529aedbd31ef9119f5ec0601ebcb8cbbd4a25b7e883fde147ce,d2-v4-stage2b5-v1,12_freeze_d2_protocol.py@1 + 10_prepare_d2_freeze_candidate.py@1,a587d1d3cf826ec476fe91356f472b4a1a2b78eca51376c392fc16846b825caf,1db875a1eb10d95d654d0f2d27a52815794db0d8,13436313853456744620,3589472428,70/15/15,test,2810.jpg,dataset-20260508/test/2810.jpg,dataset-20260508/test.json,original,sg-0040,gc-0039,one plain original per evidence source group; no dataset resize/offline augmentation; pipeline online only,plain_base,none,true,,valid three-class raw regions; U01 drop raw region #3; standard background/FP; no ignore region,,val,0,1,0,1,0
10.17632/gfcmdbvw65.4,v4,dataset-20260508.zip,049591afd4fc3529aedbd31ef9119f5ec0601ebcb8cbbd4a25b7e883fde147ce,d2-v4-stage2b5-v1,12_freeze_d2_protocol.py@1 + 10_prepare_d2_freeze_candidate.py@1,a587d1d3cf826ec476fe91356f472b4a1a2b78eca51376c392fc16846b825caf,1db875a1eb10d95d654d0f2d27a52815794db0d8,13436313853456744620,3589472428,70/15/15,test,2890.jpg,dataset-20260508/test/2890.jpg,dataset-20260508/test.json,original,sg-0041,gc-0040,one plain original per evidence source group; no dataset resize/offline augmentation; pipeline online only,plain_base,none,true,,valid three-class raw regions; U01 drop raw region #3; standard background/FP; no ignore region,,train,0,1,0,1,0
10.17632/gfcmdbvw65.4,v4,dataset-20260508.zip,049591afd4fc3529aedbd31ef9119f5ec0601ebcb8cbbd4a25b7e883fde147ce,d2-v4-stage2b5-v1,12_freeze_d2_protocol.py@1 + 10_prepare_d2_freeze_candidate.py@1,a587d1d3cf826ec476fe91356f472b4a1a2b78eca51376c392fc16846b825caf,1db875a1eb10d95d654d0f2d27a52815794db0d8,13436313853456744620,3589472428,70/15/15,test,2960.jpg,dataset-20260508/test/2960.jpg,dataset-20260508/test.json,original,sg-0042,gc-0041,one plain original per evidence source group; no dataset resize/offline augmentation; pipeline online only,plain_base,none,true,,valid three-class raw regions; U01 drop raw region #3; standard background/FP; no ignore region,,test,0,2,0,2,0
10.17632/gfcmdbvw65.4,v4,dataset-20260508.zip,049591afd4fc3529aedbd31ef9119f5ec0601ebcb8cbbd4a25b7e883fde147ce,d2-v4-stage2b5-v1,12_freeze_d2_protocol.py@1 + 10_prepare_d2_freeze_candidate.py@1,a587d1d3cf826ec476fe91356f472b4a1a2b78eca51376c392fc16846b825caf,1db875a1eb10d95d654d0f2d27a52815794db0d8,13436313853456744620,3589472428,70/15/15,test,299.jpg,dataset-20260508/test/299.jpg,dataset-20260508/test.json,original,sg-0043,gc-0042,one plain original per evidence source group; no dataset resize/offline augmentation; pipeline online only,plain_base,none,true,,valid three-class raw regions; U01 drop raw region #3; standard background/FP; no ignore region,,val,1,1,0,2,1
10.17632/gfcmdbvw65.4,v4,dataset-20260508.zip,049591afd4fc3529aedbd31ef9119f5ec0601ebcb8cbbd4a25b7e883fde147ce,d2-v4-stage2b5-v1,12_freeze_d2_protocol.py@1 + 10_prepare_d2_freeze_candidate.py@1,a587d1d3cf826ec476fe91356f472b4a1a2b78eca51376c392fc16846b825caf,1db875a1eb10d95d654d0f2d27a52815794db0d8,13436313853456744620,3589472428,70/15/15,test,302.jpg,dataset-20260508/test/302.jpg,dataset-20260508/test.json,original,sg-0044,gc-0043,one plain original per evidence source group; no dataset resize/offline augmentation; pipeline online only,plain_base,none,true,,valid three-class raw regions; U01 drop raw region #3; standard background/FP; no ignore region,,val,0,2,0,2,0
10.17632/gfcmdbvw65.4,v4,dataset-20260508.zip,049591afd4fc3529aedbd31ef9119f5ec0601ebcb8cbbd4a25b7e883fde147ce,d2-v4-stage2b5-v1,12_freeze_d2_protocol.py@1 + 10_prepare_d2_freeze_candidate.py@1,a587d1d3cf826ec476fe91356f472b4a1a2b78eca51376c392fc16846b825caf,1db875a1eb10d95d654d0f2d27a52815794db0d8,13436313853456744620,3589472428,70/15/15,test,3030.jpg,dataset-20260508/test/3030.jpg,dataset-20260508/test.json,original,sg-0045,gc-0044,one plain original per evidence source group; no dataset resize/offline augmentation; pipeline online only,plain_base,none,true,,valid three-class raw regions; U01 drop raw region #3; standard background/FP; no ignore region,,train,0,3,0,3,0
10.17632/gfcmdbvw65.4,v4,dataset-20260508.zip,049591afd4fc3529aedbd31ef9119f5ec0601ebcb8cbbd4a25b7e883fde147ce,d2-v4-stage2b5-v1,12_freeze_d2_protocol.py@1 + 10_prepare_d2_freeze_candidate.py@1,a587d1d3cf826ec476fe91356f472b4a1a2b78eca51376c392fc16846b825caf,1db875a1eb10d95d654d0f2d27a52815794db0d8,13436313853456744620,3589472428,70/15/15,test,3100.jpg,dataset-20260508/test/3100.jpg,dataset-20260508/test.json,original,sg-0046,gc-0045,one plain original per evidence source group; no dataset resize/offline augmentation; pipeline online only,plain_base,none,true,,valid three-class raw regions; U01 drop raw region #3; standard background/FP; no ignore region,,train,0,0,2,2,0
10.17632/gfcmdbvw65.4,v4,dataset-20260508.zip,049591afd4fc3529aedbd31ef9119f5ec0601ebcb8cbbd4a25b7e883fde147ce,d2-v4-stage2b5-v1,12_freeze_d2_protocol.py@1 + 10_prepare_d2_freeze_candidate.py@1,a587d1d3cf826ec476fe91356f472b4a1a2b78eca51376c392fc16846b825caf,1db875a1eb10d95d654d0f2d27a52815794db0d8,13436313853456744620,3589472428,70/15/15,test,3110.jpg,dataset-20260508/test/3110.jpg,dataset-20260508/test.json,original,sg-0047,gc-0046,one plain original per evidence source group; no dataset resize/offline augmentation; pipeline online only,plain_base,none,true,,valid three-class raw regions; U01 drop raw region #3; standard background/FP; no ignore region,,test,0,2,0,2,0
10.17632/gfcmdbvw65.4,v4,dataset-20260508.zip,049591afd4fc3529aedbd31ef9119f5ec0601ebcb8cbbd4a25b7e883fde147ce,d2-v4-stage2b5-v1,12_freeze_d2_protocol.py@1 + 10_prepare_d2_freeze_candidate.py@1,a587d1d3cf826ec476fe91356f472b4a1a2b78eca51376c392fc16846b825caf,1db875a1eb10d95d654d0f2d27a52815794db0d8,13436313853456744620,3589472428,70/15/15,test,317.jpg,dataset-20260508/test/317.jpg,dataset-20260508/test.json,original,sg-0048,gc-0047,one plain original per evidence source group; no dataset resize/offline augmentation; pipeline online only,plain_base,none,true,,valid three-class raw regions; U01 drop raw region #3; standard background/FP; no ignore region,,val,0,0,1,1,0
10.17632/gfcmdbvw65.4,v4,dataset-20260508.zip,049591afd4fc3529aedbd31ef9119f5ec0601ebcb8cbbd4a25b7e883fde147ce,d2-v4-stage2b5-v1,12_freeze_d2_protocol.py@1 + 10_prepare_d2_freeze_candidate.py@1,a587d1d3cf826ec476fe91356f472b4a1a2b78eca51376c392fc16846b825caf,1db875a1eb10d95d654d0f2d27a52815794db0d8,13436313853456744620,3589472428,70/15/15,test,3240.jpg,dataset-20260508/test/3240.jpg,dataset-20260508/test.json,original,sg-0049,gc-0048,one plain original per evidence source group; no dataset resize/offline augmentation; pipeline online only,plain_base,none,true,,valid three-class raw regions; U01 drop raw region #3; standard background/FP; no ignore region,,train,0,0,1,1,0
10.17632/gfcmdbvw65.4,v4,dataset-20260508.zip,049591afd4fc3529aedbd31ef9119f5ec0601ebcb8cbbd4a25b7e883fde147ce,d2-v4-stage2b5-v1,12_freeze_d2_protocol.py@1 + 10_prepare_d2_freeze_candidate.py@1,a587d1d3cf826ec476fe91356f472b4a1a2b78eca51376c392fc16846b825caf,1db875a1eb10d95d654d0f2d27a52815794db0d8,13436313853456744620,3589472428,70/15/15,test,3250.jpg,dataset-20260508/test/3250.jpg,dataset-20260508/test.json,original,sg-0050,gc-0049,one plain original per evidence source group; no dataset resize/offline augmentation; pipeline online only,plain_base,none,true,,valid three-class raw regions; U01 drop raw region #3; standard background/FP; no ignore region,,train,0,1,1,2,1
10.17632/gfcmdbvw65.4,v4,dataset-20260508.zip,049591afd4fc3529aedbd31ef9119f5ec0601ebcb8cbbd4a25b7e883fde147ce,d2-v4-stage2b5-v1,12_freeze_d2_protocol.py@1 + 10_prepare_d2_freeze_candidate.py@1,a587d1d3cf826ec476fe91356f472b4a1a2b78eca51376c392fc16846b825caf,1db875a1eb10d95d654d0f2d27a52815794db0d8,13436313853456744620,3589472428,70/15/15,test,328.jpg,dataset-20260508/test/328.jpg,dataset-20260508/test.json,original,sg-0051,gc-0050,one plain original per evidence source group; no dataset resize/offline augmentation; pipeline online only,plain_base,none,true,,valid three-class raw regions; U01 drop raw region #3; standard background/FP; no ignore region,,test,0,0,1,1,0
10.17632/gfcmdbvw65.4,v4,dataset-20260508.zip,049591afd4fc3529aedbd31ef9119f5ec0601ebcb8cbbd4a25b7e883fde147ce,d2-v4-stage2b5-v1,12_freeze_d2_protocol.py@1 + 10_prepare_d2_freeze_candidate.py@1,a587d1d3cf826ec476fe91356f472b4a1a2b78eca51376c392fc16846b825caf,1db875a1eb10d95d654d0f2d27a52815794db0d8,13436313853456744620,3589472428,70/15/15,test,339.jpg,dataset-20260508/test/339.jpg,dataset-20260508/test.json,original,sg-0052,gc-0051,one plain original per evidence source group; no dataset resize/offline augmentation; pipeline online only,plain_base,none,true,,valid three-class raw regions; U01 drop raw region #3; standard background/FP; no ignore region,,train,0,0,1,1,0
10.17632/gfcmdbvw65.4,v4,dataset-20260508.zip,049591afd4fc3529aedbd31ef9119f5ec0601ebcb8cbbd4a25b7e883fde147ce,d2-v4-stage2b5-v1,12_freeze_d2_protocol.py@1 + 10_prepare_d2_freeze_candidate.py@1,a587d1d3cf826ec476fe91356f472b4a1a2b78eca51376c392fc16846b825caf,1db875a1eb10d95d654d0f2d27a52815794db0d8,13436313853456744620,3589472428,70/15/15,test,3421.jpg,dataset-20260508/test/3421.jpg,dataset-20260508/test.json,original,sg-0053,gc-0052,one plain original per evidence source group; no dataset resize/offline augmentation; pipeline online only,plain_base,none,true,,valid three-class raw regions; U01 drop raw region #3; standard background/FP; no ignore region,,train,0,0,3,3,0
10.17632/gfcmdbvw65.4,v4,dataset-20260508.zip,049591afd4fc3529aedbd31ef9119f5ec0601ebcb8cbbd4a25b7e883fde147ce,d2-v4-stage2b5-v1,12_freeze_d2_protocol.py@1 + 10_prepare_d2_freeze_candidate.py@1,a587d1d3cf826ec476fe91356f472b4a1a2b78eca51376c392fc16846b825caf,1db875a1eb10d95d654d0f2d27a52815794db0d8,13436313853456744620,3589472428,70/15/15,test,343.jpg,dataset-20260508/test/343.jpg,dataset-20260508/test.json,original,sg-0054,gc-0053,one plain original per evidence source group; no dataset resize/offline augmentation; pipeline online only,plain_base,none,true,,valid three-class raw regions; U01 drop raw region #3; standard background/FP; no ignore region,,train,0,1,1,2,1
10.17632/gfcmdbvw65.4,v4,dataset-20260508.zip,049591afd4fc3529aedbd31ef9119f5ec0601ebcb8cbbd4a25b7e883fde147ce,d2-v4-stage2b5-v1,12_freeze_d2_protocol.py@1 + 10_prepare_d2_freeze_candidate.py@1,a587d1d3cf826ec476fe91356f472b4a1a2b78eca51376c392fc16846b825caf,1db875a1eb10d95d654d0f2d27a52815794db0d8,13436313853456744620,3589472428,70/15/15,test,3480.jpg,dataset-20260508/test/3480.jpg,dataset-20260508/test.json,original,sg-0055,gc-0054,one plain original per evidence source group; no dataset resize/offline augmentation; pipeline online only,plain_base,none,true,,valid three-class raw regions; U01 drop raw region #3; standard background/FP; no ignore region,,val,0,0,1,1,0
10.17632/gfcmdbvw65.4,v4,dataset-20260508.zip,049591afd4fc3529aedbd31ef9119f5ec0601ebcb8cbbd4a25b7e883fde147ce,d2-v4-stage2b5-v1,12_freeze_d2_protocol.py@1 + 10_prepare_d2_freeze_candidate.py@1,a587d1d3cf826ec476fe91356f472b4a1a2b78eca51376c392fc16846b825caf,1db875a1eb10d95d654d0f2d27a52815794db0d8,13436313853456744620,3589472428,70/15/15,test,35.jpg,dataset-20260508/test/35.jpg,dataset-20260508/test.json,original,sg-0056,gc-0055,one plain original per evidence source group; no dataset resize/offline augmentation; pipeline online only,plain_base,none,true,,valid three-class raw regions; U01 drop raw region #3; standard background/FP; no ignore region,,train,0,0,3,3,0
10.17632/gfcmdbvw65.4,v4,dataset-20260508.zip,049591afd4fc3529aedbd31ef9119f5ec0601ebcb8cbbd4a25b7e883fde147ce,d2-v4-stage2b5-v1,12_freeze_d2_protocol.py@1 + 10_prepare_d2_freeze_candidate.py@1,a587d1d3cf826ec476fe91356f472b4a1a2b78eca51376c392fc16846b825caf,1db875a1eb10d95d654d0f2d27a52815794db0d8,13436313853456744620,3589472428,70/15/15,test,3820.jpg,dataset-20260508/test/3820.jpg,dataset-20260508/test.json,original,sg-0057,gc-0056,one plain original per evidence source group; no dataset resize/offline augmentation; pipeline online only,plain_base,none,true,,valid three-class raw regions; U01 drop raw region #3; standard background/FP; no ignore region,,train,3,0,0,3,0
10.17632/gfcmdbvw65.4,v4,dataset-20260508.zip,049591afd4fc3529aedbd31ef9119f5ec0601ebcb8cbbd4a25b7e883fde147ce,d2-v4-stage2b5-v1,12_freeze_d2_protocol.py@1 + 10_prepare_d2_freeze_candidate.py@1,a587d1d3cf826ec476fe91356f472b4a1a2b78eca51376c392fc16846b825caf,1db875a1eb10d95d654d0f2d27a52815794db0d8,13436313853456744620,3589472428,70/15/15,test,383.jpg,dataset-20260508/test/383.jpg,dataset-20260508/test.json,original,sg-0058,gc-0057,one plain original per evidence source group; no dataset resize/offline augmentation; pipeline online only,plain_base,none,true,,valid three-class raw regions; U01 drop raw region #3; standard background/FP; no ignore region,,train,2,0,0,2,0
10.17632/gfcmdbvw65.4,v4,dataset-20260508.zip,049591afd4fc3529aedbd31ef9119f5ec0601ebcb8cbbd4a25b7e883fde147ce,d2-v4-stage2b5-v1,12_freeze_d2_protocol.py@1 + 10_prepare_d2_freeze_candidate.py@1,a587d1d3cf826ec476fe91356f472b4a1a2b78eca51376c392fc16846b825caf,1db875a1eb10d95d654d0f2d27a52815794db0d8,13436313853456744620,3589472428,70/15/15,test,390.jpg,dataset-20260508/test/390.jpg,dataset-20260508/test.json,original,sg-0059,gc-0058,one plain original per evidence source group; no dataset resize/offline augmentation; pipeline online only,plain_base,none,true,,valid three-class raw regions; U01 drop raw region #3; standard background/FP; no ignore region,,val,1,0,0,1,0
10.17632/gfcmdbvw65.4,v4,dataset-20260508.zip,049591afd4fc3529aedbd31ef9119f5ec0601ebcb8cbbd4a25b7e883fde147ce,d2-v4-stage2b5-v1,12_freeze_d2_protocol.py@1 + 10_prepare_d2_freeze_candidate.py@1,a587d1d3cf826ec476fe91356f472b4a1a2b78eca51376c392fc16846b825caf,1db875a1eb10d95d654d0f2d27a52815794db0d8,13436313853456744620,3589472428,70/15/15,test,423-1.jpg,dataset-20260508/test/423-1.jpg,dataset-20260508/test.json,original,sg-0060,gc-0059,one plain original per evidence source group; no dataset resize/offline augmentation; pipeline online only,plain_base,none,true,,valid three-class raw regions; U01 drop raw region #3; standard background/FP; no ignore region,,train,4,0,0,4,0
10.17632/gfcmdbvw65.4,v4,dataset-20260508.zip,049591afd4fc3529aedbd31ef9119f5ec0601ebcb8cbbd4a25b7e883fde147ce,d2-v4-stage2b5-v1,12_freeze_d2_protocol.py@1 + 10_prepare_d2_freeze_candidate.py@1,a587d1d3cf826ec476fe91356f472b4a1a2b78eca51376c392fc16846b825caf,1db875a1eb10d95d654d0f2d27a52815794db0d8,13436313853456744620,3589472428,70/15/15,test,43.jpg,dataset-20260508/test/43.jpg,dataset-20260508/test.json,original,sg-0061,gc-0060,one plain original per evidence source group; no dataset resize/offline augmentation; pipeline online only,plain_base,none,true,,valid three-class raw regions; U01 drop raw region #3; standard background/FP; no ignore region,,train,0,0,2,2,0
10.17632/gfcmdbvw65.4,v4,dataset-20260508.zip,049591afd4fc3529aedbd31ef9119f5ec0601ebcb8cbbd4a25b7e883fde147ce,d2-v4-stage2b5-v1,12_freeze_d2_protocol.py@1 + 10_prepare_d2_freeze_candidate.py@1,a587d1d3cf826ec476fe91356f472b4a1a2b78eca51376c392fc16846b825caf,1db875a1eb10d95d654d0f2d27a52815794db0d8,13436313853456744620,3589472428,70/15/15,test,45.jpg,dataset-20260508/test/45.jpg,dataset-20260508/test.json,original,sg-0062,gc-0061,one plain original per evidence source group; no dataset resize/offline augmentation; pipeline online only,plain_base,none,true,,valid three-class raw regions; U01 drop raw region #3; standard background/FP; no ignore region,,train,0,2,0,2,0
10.17632/gfcmdbvw65.4,v4,dataset-20260508.zip,049591afd4fc3529aedbd31ef9119f5ec0601ebcb8cbbd4a25b7e883fde147ce,d2-v4-stage2b5-v1,12_freeze_d2_protocol.py@1 + 10_prepare_d2_freeze_candidate.py@1,a587d1d3cf826ec476fe91356f472b4a1a2b78eca51376c392fc16846b825caf,1db875a1eb10d95d654d0f2d27a52815794db0d8,13436313853456744620,3589472428,70/15/15,test,65.jpg,dataset-20260508/test/65.jpg,dataset-20260508/test.json,original,sg-0063,gc-0062,one plain original per evidence source group; no dataset resize/offline augmentation; pipeline online only,plain_base,none,true,,valid three-class raw regions; U01 drop raw region #3; standard background/FP; no ignore region,,val,0,0,4,4,0
10.17632/gfcmdbvw65.4,v4,dataset-20260508.zip,049591afd4fc3529aedbd31ef9119f5ec0601ebcb8cbbd4a25b7e883fde147ce,d2-v4-stage2b5-v1,12_freeze_d2_protocol.py@1 + 10_prepare_d2_freeze_candidate.py@1,a587d1d3cf826ec476fe91356f472b4a1a2b78eca51376c392fc16846b825caf,1db875a1eb10d95d654d0f2d27a52815794db0d8,13436313853456744620,3589472428,70/15/15,test,70000.jpg,dataset-20260508/test/70000.jpg,dataset-20260508/test.json,original,sg-0064,gc-0063,one plain original per evidence source group; no dataset resize/offline augmentation; pipeline online only,plain_base,none,true,,valid three-class raw regions; U01 drop raw region #3; standard background/FP; no ignore region,,train,0,0,3,3,0
10.17632/gfcmdbvw65.4,v4,dataset-20260508.zip,049591afd4fc3529aedbd31ef9119f5ec0601ebcb8cbbd4a25b7e883fde147ce,d2-v4-stage2b5-v1,12_freeze_d2_protocol.py@1 + 10_prepare_d2_freeze_candidate.py@1,a587d1d3cf826ec476fe91356f472b4a1a2b78eca51376c392fc16846b825caf,1db875a1eb10d95d654d0f2d27a52815794db0d8,13436313853456744620,3589472428,70/15/15,test,82.jpg,dataset-20260508/test/82.jpg,dataset-20260508/test.json,original,sg-0065,gc-0064,one plain original per evidence source group; no dataset resize/offline augmentation; pipeline online only,plain_base,none,true,,valid three-class raw regions; U01 drop raw region #3; standard background/FP; no ignore region,,train,0,0,2,2,0
10.17632/gfcmdbvw65.4,v4,dataset-20260508.zip,049591afd4fc3529aedbd31ef9119f5ec0601ebcb8cbbd4a25b7e883fde147ce,d2-v4-stage2b5-v1,12_freeze_d2_protocol.py@1 + 10_prepare_d2_freeze_candidate.py@1,a587d1d3cf826ec476fe91356f472b4a1a2b78eca51376c392fc16846b825caf,1db875a1eb10d95d654d0f2d27a52815794db0d8,13436313853456744620,3589472428,70/15/15,test,83.jpg,dataset-20260508/test/83.jpg,dataset-20260508/test.json,original,sg-0066,gc-0065,one plain original per evidence source group; no dataset resize/offline augmentation; pipeline online only,plain_base,none,true,,valid three-class raw regions; U01 drop raw region #3; standard background/FP; no ignore region,,train,0,0,2,2,0
10.17632/gfcmdbvw65.4,v4,dataset-20260508.zip,049591afd4fc3529aedbd31ef9119f5ec0601ebcb8cbbd4a25b7e883fde147ce,d2-v4-stage2b5-v1,12_freeze_d2_protocol.py@1 + 10_prepare_d2_freeze_candidate.py@1,a587d1d3cf826ec476fe91356f472b4a1a2b78eca51376c392fc16846b825caf,1db875a1eb10d95d654d0f2d27a52815794db0d8,13436313853456744620,3589472428,70/15/15,test,IMG_12340.jpg,dataset-20260508/test/IMG_12340.jpg,dataset-20260508/test.json,original,sg-0067,gc-0066,one plain original per evidence source group; no dataset resize/offline augmentation; pipeline online only,plain_base,none,true,,valid three-class raw regions; U01 drop raw region #3; standard background/FP; no ignore region,,train,0,0,2,2,0
10.17632/gfcmdbvw65.4,v4,dataset-20260508.zip,049591afd4fc3529aedbd31ef9119f5ec0601ebcb8cbbd4a25b7e883fde147ce,d2-v4-stage2b5-v1,12_freeze_d2_protocol.py@1 + 10_prepare_d2_freeze_candidate.py@1,a587d1d3cf826ec476fe91356f472b4a1a2b78eca51376c392fc16846b825caf,1db875a1eb10d95d654d0f2d27a52815794db0d8,13436313853456744620,3589472428,70/15/15,test,IMG_1236.jpg,dataset-20260508/test/IMG_1236.jpg,dataset-20260508/test.json,original,sg-0068,gc-0067,one plain original per evidence source group; no dataset resize/offline augmentation; pipeline online only,plain_base,none,true,,valid three-class raw regions; U01 drop raw region #3; standard background/FP; no ignore region,,test,0,0,1,1,0
10.17632/gfcmdbvw65.4,v4,dataset-20260508.zip,049591afd4fc3529aedbd31ef9119f5ec0601ebcb8cbbd4a25b7e883fde147ce,d2-v4-stage2b5-v1,12_freeze_d2_protocol.py@1 + 10_prepare_d2_freeze_candidate.py@1,a587d1d3cf826ec476fe91356f472b4a1a2b78eca51376c392fc16846b825caf,1db875a1eb10d95d654d0f2d27a52815794db0d8,13436313853456744620,3589472428,70/15/15,test,IMG_12420.jpg,dataset-20260508/test/IMG_12420.jpg,dataset-20260508/test.json,original,sg-0069,gc-0068,one plain original per evidence source group; no dataset resize/offline augmentation; pipeline online only,plain_base,none,true,,valid three-class raw regions; U01 drop raw region #3; standard background/FP; no ignore region,,train,0,0,3,3,0
10.17632/gfcmdbvw65.4,v4,dataset-20260508.zip,049591afd4fc3529aedbd31ef9119f5ec0601ebcb8cbbd4a25b7e883fde147ce,d2-v4-stage2b5-v1,12_freeze_d2_protocol.py@1 + 10_prepare_d2_freeze_candidate.py@1,a587d1d3cf826ec476fe91356f472b4a1a2b78eca51376c392fc16846b825caf,1db875a1eb10d95d654d0f2d27a52815794db0d8,13436313853456744620,3589472428,70/15/15,test,IMG_12480.jpg,dataset-20260508/test/IMG_12480.jpg,dataset-20260508/test.json,original,sg-0070,gc-0069,one plain original per evidence source group; no dataset resize/offline augmentation; pipeline online only,plain_base,none,true,,valid three-class raw regions; U01 drop raw region #3; standard background/FP; no ignore region,,train,0,0,1,1,0
10.17632/gfcmdbvw65.4,v4,dataset-20260508.zip,049591afd4fc3529aedbd31ef9119f5ec0601ebcb8cbbd4a25b7e883fde147ce,d2-v4-stage2b5-v1,12_freeze_d2_protocol.py@1 + 10_prepare_d2_freeze_candidate.py@1,a587d1d3cf826ec476fe91356f472b4a1a2b78eca51376c392fc16846b825caf,1db875a1eb10d95d654d0f2d27a52815794db0d8,13436313853456744620,3589472428,70/15/15,test,IMG_1249.jpg,dataset-20260508/test/IMG_1249.jpg,dataset-20260508/test.json,original,sg-0071,gc-0070,one plain original per evidence source group; no dataset resize/offline augmentation; pipeline online only,plain_base,none,true,,valid three-class raw regions; U01 drop raw region #3; standard background/FP; no ignore region,,val,0,0,1,1,0
10.17632/gfcmdbvw65.4,v4,dataset-20260508.zip,049591afd4fc3529aedbd31ef9119f5ec0601ebcb8cbbd4a25b7e883fde147ce,d2-v4-stage2b5-v1,12_freeze_d2_protocol.py@1 + 10_prepare_d2_freeze_candidate.py@1,a587d1d3cf826ec476fe91356f472b4a1a2b78eca51376c392fc16846b825caf,1db875a1eb10d95d654d0f2d27a52815794db0d8,13436313853456744620,3589472428,70/15/15,test,IMG_12570.jpg,dataset-20260508/test/IMG_12570.jpg,dataset-20260508/test.json,original,sg-0072,gc-0071,one plain original per evidence source group; no dataset resize/offline augmentation; pipeline online only,plain_base,none,true,,valid three-class raw regions; U01 drop raw region #3; standard background/FP; no ignore region,,train,0,0,2,2,0
10.17632/gfcmdbvw65.4,v4,dataset-20260508.zip,049591afd4fc3529aedbd31ef9119f5ec0601ebcb8cbbd4a25b7e883fde147ce,d2-v4-stage2b5-v1,12_freeze_d2_protocol.py@1 + 10_prepare_d2_freeze_candidate.py@1,a587d1d3cf826ec476fe91356f472b4a1a2b78eca51376c392fc16846b825caf,1db875a1eb10d95d654d0f2d27a52815794db0d8,13436313853456744620,3589472428,70/15/15,test,IMG_12730.jpg,dataset-20260508/test/IMG_12730.jpg,dataset-20260508/test.json,original,sg-0073,gc-0072,one plain original per evidence source group; no dataset resize/offline augmentation; pipeline online only,plain_base,none,true,,valid three-class raw regions; U01 drop raw region #3; standard background/FP; no ignore region,,test,0,0,1,1,0
10.17632/gfcmdbvw65.4,v4,dataset-20260508.zip,049591afd4fc3529aedbd31ef9119f5ec0601ebcb8cbbd4a25b7e883fde147ce,d2-v4-stage2b5-v1,12_freeze_d2_protocol.py@1 + 10_prepare_d2_freeze_candidate.py@1,a587d1d3cf826ec476fe91356f472b4a1a2b78eca51376c392fc16846b825caf,1db875a1eb10d95d654d0f2d27a52815794db0d8,13436313853456744620,3589472428,70/15/15,test,IMG_12790.jpg,dataset-20260508/test/IMG_12790.jpg,dataset-20260508/test.json,original,sg-0074,gc-0073,one plain original per evidence source group; no dataset resize/offline augmentation; pipeline online only,plain_base,none,true,,valid three-class raw regions; U01 drop raw region #3; standard background/FP; no ignore region,,train,0,1,1,2,1
10.17632/gfcmdbvw65.4,v4,dataset-20260508.zip,049591afd4fc3529aedbd31ef9119f5ec0601ebcb8cbbd4a25b7e883fde147ce,d2-v4-stage2b5-v1,12_freeze_d2_protocol.py@1 + 10_prepare_d2_freeze_candidate.py@1,a587d1d3cf826ec476fe91356f472b4a1a2b78eca51376c392fc16846b825caf,1db875a1eb10d95d654d0f2d27a52815794db0d8,13436313853456744620,3589472428,70/15/15,test,IMG_1285.jpg,dataset-20260508/test/IMG_1285.jpg,dataset-20260508/test.json,original,sg-0075,gc-0074,one plain original per evidence source group; no dataset resize/offline augmentation; pipeline online only,plain_base,none,true,,valid three-class raw regions; U01 drop raw region #3; standard background/FP; no ignore region,,train,0,0,1,1,0
10.17632/gfcmdbvw65.4,v4,dataset-20260508.zip,049591afd4fc3529aedbd31ef9119f5ec0601ebcb8cbbd4a25b7e883fde147ce,d2-v4-stage2b5-v1,12_freeze_d2_protocol.py@1 + 10_prepare_d2_freeze_candidate.py@1,a587d1d3cf826ec476fe91356f472b4a1a2b78eca51376c392fc16846b825caf,1db875a1eb10d95d654d0f2d27a52815794db0d8,13436313853456744620,3589472428,70/15/15,test,IMG_1288.jpg,dataset-20260508/test/IMG_1288.jpg,dataset-20260508/test.json,original,sg-0076,gc-0075,one plain original per evidence source group; no dataset resize/offline augmentation; pipeline online only,plain_base,none,true,,valid three-class raw regions; U01 drop raw region #3; standard background/FP; no ignore region,,train,0,0,1,1,0
10.17632/gfcmdbvw65.4,v4,dataset-20260508.zip,049591afd4fc3529aedbd31ef9119f5ec0601ebcb8cbbd4a25b7e883fde147ce,d2-v4-stage2b5-v1,12_freeze_d2_protocol.py@1 + 10_prepare_d2_freeze_candidate.py@1,a587d1d3cf826ec476fe91356f472b4a1a2b78eca51376c392fc16846b825caf,1db875a1eb10d95d654d0f2d27a52815794db0d8,13436313853456744620,3589472428,70/15/15,test,IMG_1304.jpg,dataset-20260508/test/IMG_1304.jpg,dataset-20260508/test.json,original,sg-0077,gc-0076,one plain original per evidence source group; no dataset resize/offline augmentation; pipeline online only,plain_base,none,true,,valid three-class raw regions; U01 drop raw region #3; standard background/FP; no ignore region,,train,0,1,0,1,0
10.17632/gfcmdbvw65.4,v4,dataset-20260508.zip,049591afd4fc3529aedbd31ef9119f5ec0601ebcb8cbbd4a25b7e883fde147ce,d2-v4-stage2b5-v1,12_freeze_d2_protocol.py@1 + 10_prepare_d2_freeze_candidate.py@1,a587d1d3cf826ec476fe91356f472b4a1a2b78eca51376c392fc16846b825caf,1db875a1eb10d95d654d0f2d27a52815794db0d8,13436313853456744620,3589472428,70/15/15,test,IMG_13060.jpg,dataset-20260508/test/IMG_13060.jpg,dataset-20260508/test.json,original,sg-0078,gc-0077,one plain original per evidence source group; no dataset resize/offline augmentation; pipeline online only,plain_base,none,true,,valid three-class raw regions; U01 drop raw region #3; standard background/FP; no ignore region,,train,0,0,1,1,0
10.17632/gfcmdbvw65.4,v4,dataset-20260508.zip,049591afd4fc3529aedbd31ef9119f5ec0601ebcb8cbbd4a25b7e883fde147ce,d2-v4-stage2b5-v1,12_freeze_d2_protocol.py@1 + 10_prepare_d2_freeze_candidate.py@1,a587d1d3cf826ec476fe91356f472b4a1a2b78eca51376c392fc16846b825caf,1db875a1eb10d95d654d0f2d27a52815794db0d8,13436313853456744620,3589472428,70/15/15,test,IMG_13090.jpg,dataset-20260508/test/IMG_13090.jpg,dataset-20260508/test.json,original,sg-0079,gc-0078,one plain original per evidence source group; no dataset resize/offline augmentation; pipeline online only,plain_base,none,true,,valid three-class raw regions; U01 drop raw region #3; standard background/FP; no ignore region,,val,0,0,1,1,0
10.17632/gfcmdbvw65.4,v4,dataset-20260508.zip,049591afd4fc3529aedbd31ef9119f5ec0601ebcb8cbbd4a25b7e883fde147ce,d2-v4-stage2b5-v1,12_freeze_d2_protocol.py@1 + 10_prepare_d2_freeze_candidate.py@1,a587d1d3cf826ec476fe91356f472b4a1a2b78eca51376c392fc16846b825caf,1db875a1eb10d95d654d0f2d27a52815794db0d8,13436313853456744620,3589472428,70/15/15,test,IMG_13110.jpg,dataset-20260508/test/IMG_13110.jpg,dataset-20260508/test.json,original,sg-0080,gc-0079,one plain original per evidence source group; no dataset resize/offline augmentation; pipeline online only,plain_base,none,true,,valid three-class raw regions; U01 drop raw region #3; standard background/FP; no ignore region,,train,0,0,1,1,0
10.17632/gfcmdbvw65.4,v4,dataset-20260508.zip,049591afd4fc3529aedbd31ef9119f5ec0601ebcb8cbbd4a25b7e883fde147ce,d2-v4-stage2b5-v1,12_freeze_d2_protocol.py@1 + 10_prepare_d2_freeze_candidate.py@1,a587d1d3cf826ec476fe91356f472b4a1a2b78eca51376c392fc16846b825caf,1db875a1eb10d95d654d0f2d27a52815794db0d8,13436313853456744620,3589472428,70/15/15,test,IMG_13150.jpg,dataset-20260508/test/IMG_13150.jpg,dataset-20260508/test.json,original,sg-0081,gc-0080,one plain original per evidence source group; no dataset resize/offline augmentation; pipeline online only,plain_base,none,true,,valid three-class raw regions; U01 drop raw region #3; standard background/FP; no ignore region,,train,0,0,1,1,0
10.17632/gfcmdbvw65.4,v4,dataset-20260508.zip,049591afd4fc3529aedbd31ef9119f5ec0601ebcb8cbbd4a25b7e883fde147ce,d2-v4-stage2b5-v1,12_freeze_d2_protocol.py@1 + 10_prepare_d2_freeze_candidate.py@1,a587d1d3cf826ec476fe91356f472b4a1a2b78eca51376c392fc16846b825caf,1db875a1eb10d95d654d0f2d27a52815794db0d8,13436313853456744620,3589472428,70/15/15,test,IMG_13190.jpg,dataset-20260508/test/IMG_13190.jpg,dataset-20260508/test.json,original,sg-0082,gc-0081,one plain original per evidence source group; no dataset resize/offline augmentation; pipeline online only,plain_base,none,true,,valid three-class raw regions; U01 drop raw region #3; standard background/FP; no ignore region,,train,0,0,1,1,0
10.17632/gfcmdbvw65.4,v4,dataset-20260508.zip,049591afd4fc3529aedbd31ef9119f5ec0601ebcb8cbbd4a25b7e883fde147ce,d2-v4-stage2b5-v1,12_freeze_d2_protocol.py@1 + 10_prepare_d2_freeze_candidate.py@1,a587d1d3cf826ec476fe91356f472b4a1a2b78eca51376c392fc16846b825caf,1db875a1eb10d95d654d0f2d27a52815794db0d8,13436313853456744620,3589472428,70/15/15,test,IMG_13260.jpg,dataset-20260508/test/IMG_13260.jpg,dataset-20260508/test.json,original,sg-0083,gc-0082,one plain original per evidence source group; no dataset resize/offline augmentation; pipeline online only,plain_base,none,true,,valid three-class raw regions; U01 drop raw region #3; standard background/FP; no ignore region,,train,0,0,2,2,0
10.17632/gfcmdbvw65.4,v4,dataset-20260508.zip,049591afd4fc3529aedbd31ef9119f5ec0601ebcb8cbbd4a25b7e883fde147ce,d2-v4-stage2b5-v1,12_freeze_d2_protocol.py@1 + 10_prepare_d2_freeze_candidate.py@1,a587d1d3cf826ec476fe91356f472b4a1a2b78eca51376c392fc16846b825caf,1db875a1eb10d95d654d0f2d27a52815794db0d8,13436313853456744620,3589472428,70/15/15,test,IMG_13270.jpg,dataset-20260508/test/IMG_13270.jpg,dataset-20260508/test.json,original,sg-0084,gc-0083,one plain original per evidence source group; no dataset resize/offline augmentation; pipeline online only,plain_base,none,true,,valid three-class raw regions; U01 drop raw region #3; standard background/FP; no ignore region,,train,0,0,1,1,0
10.17632/gfcmdbvw65.4,v4,dataset-20260508.zip,049591afd4fc3529aedbd31ef9119f5ec0601ebcb8cbbd4a25b7e883fde147ce,d2-v4-stage2b5-v1,12_freeze_d2_protocol.py@1 + 10_prepare_d2_freeze_candidate.py@1,a587d1d3cf826ec476fe91356f472b4a1a2b78eca51376c392fc16846b825caf,1db875a1eb10d95d654d0f2d27a52815794db0d8,13436313853456744620,3589472428,70/15/15,test,IMG_13290.jpg,dataset-20260508/test/IMG_13290.jpg,dataset-20260508/test.json,original,sg-0085,gc-0084,one plain original per evidence source group; no dataset resize/offline augmentation; pipeline online only,plain_base,none,true,,valid three-class raw regions; U01 drop raw region #3; standard background/FP; no ignore region,,train,0,0,1,1,0
10.17632/gfcmdbvw65.4,v4,dataset-20260508.zip,049591afd4fc3529aedbd31ef9119f5ec0601ebcb8cbbd4a25b7e883fde147ce,d2-v4-stage2b5-v1,12_freeze_d2_protocol.py@1 + 10_prepare_d2_freeze_candidate.py@1,a587d1d3cf826ec476fe91356f472b4a1a2b78eca51376c392fc16846b825caf,1db875a1eb10d95d654d0f2d27a52815794db0d8,13436313853456744620,3589472428,70/15/15,test,IMG_13320.jpg,dataset-20260508/test/IMG_13320.jpg,dataset-20260508/test.json,original,sg-0086,gc-0085,one plain original per evidence source group; no dataset resize/offline augmentation; pipeline online only,plain_base,none,true,,valid three-class raw regions; U01 drop raw region #3; standard background/FP; no ignore region,,train,0,0,1,1,0
10.17632/gfcmdbvw65.4,v4,dataset-20260508.zip,049591afd4fc3529aedbd31ef9119f5ec0601ebcb8cbbd4a25b7e883fde147ce,d2-v4-stage2b5-v1,12_freeze_d2_protocol.py@1 + 10_prepare_d2_freeze_candidate.py@1,a587d1d3cf826ec476fe91356f472b4a1a2b78eca51376c392fc16846b825caf,1db875a1eb10d95d654d0f2d27a52815794db0d8,13436313853456744620,3589472428,70/15/15,test,IMG_13330.jpg,dataset-20260508/test/IMG_13330.jpg,dataset-20260508/test.json,original,sg-0087,gc-0086,one plain original per evidence source group; no dataset resize/offline augmentation; pipeline online only,plain_base,none,true,,valid three-class raw regions; U01 drop raw region #3; standard background/FP; no ignore region,,test,0,0,2,2,0
10.17632/gfcmdbvw65.4,v4,dataset-20260508.zip,049591afd4fc3529aedbd31ef9119f5ec0601ebcb8cbbd4a25b7e883fde147ce,d2-v4-stage2b5-v1,12_freeze_d2_protocol.py@1 + 10_prepare_d2_freeze_candidate.py@1,a587d1d3cf826ec476fe91356f472b4a1a2b78eca51376c392fc16846b825caf,1db875a1eb10d95d654d0f2d27a52815794db0d8,13436313853456744620,3589472428,70/15/15,test,IMG_13340.jpg,dataset-20260508/test/IMG_13340.jpg,dataset-20260508/test.json,original,sg-0088,gc-0087,one plain original per evidence source group; no dataset resize/offline augmentation; pipeline online only,plain_base,none,true,,valid three-class raw regions; U01 drop raw region #3; standard background/FP; no ignore region,,train,0,0,1,1,0
10.17632/gfcmdbvw65.4,v4,dataset-20260508.zip,049591afd4fc3529aedbd31ef9119f5ec0601ebcb8cbbd4a25b7e883fde147ce,d2-v4-stage2b5-v1,12_freeze_d2_protocol.py@1 + 10_prepare_d2_freeze_candidate.py@1,a587d1d3cf826ec476fe91356f472b4a1a2b78eca51376c392fc16846b825caf,1db875a1eb10d95d654d0f2d27a52815794db0d8,13436313853456744620,3589472428,70/15/15,test,IMG_13360.jpg,dataset-20260508/test/IMG_13360.jpg,dataset-20260508/test.json,original,sg-0089,gc-0088,one plain original per evidence source group; no dataset resize/offline augmentation; pipeline online only,plain_base,none,true,,valid three-class raw regions; U01 drop raw region #3; standard background/FP; no ignore region,,train,2,0,0,2,0
10.17632/gfcmdbvw65.4,v4,dataset-20260508.zip,049591afd4fc3529aedbd31ef9119f5ec0601ebcb8cbbd4a25b7e883fde147ce,d2-v4-stage2b5-v1,12_freeze_d2_protocol.py@1 + 10_prepare_d2_freeze_candidate.py@1,a587d1d3cf826ec476fe91356f472b4a1a2b78eca51376c392fc16846b825caf,1db875a1eb10d95d654d0f2d27a52815794db0d8,13436313853456744620,3589472428,70/15/15,test,IMG_1346.jpg,dataset-20260508/test/IMG_1346.jpg,dataset-20260508/test.json,original,sg-0090,gc-0089,one plain original per evidence source group; no dataset resize/offline augmentation; pipeline online only,plain_base,none,true,,valid three-class raw regions; U01 drop raw region #3; standard background/FP; no ignore region,,test,1,0,0,1,0
10.17632/gfcmdbvw65.4,v4,dataset-20260508.zip,049591afd4fc3529aedbd31ef9119f5ec0601ebcb8cbbd4a25b7e883fde147ce,d2-v4-stage2b5-v1,12_freeze_d2_protocol.py@1 + 10_prepare_d2_freeze_candidate.py@1,a587d1d3cf826ec476fe91356f472b4a1a2b78eca51376c392fc16846b825caf,1db875a1eb10d95d654d0f2d27a52815794db0d8,13436313853456744620,3589472428,70/15/15,test,IMG_1353.jpg,dataset-20260508/test/IMG_1353.jpg,dataset-20260508/test.json,original,sg-0091,gc-0090,one plain original per evidence source group; no dataset resize/offline augmentation; pipeline online only,plain_base,none,true,,valid three-class raw regions; U01 drop raw region #3; standard background/FP; no ignore region,,test,0,1,0,1,0
10.17632/gfcmdbvw65.4,v4,dataset-20260508.zip,049591afd4fc3529aedbd31ef9119f5ec0601ebcb8cbbd4a25b7e883fde147ce,d2-v4-stage2b5-v1,12_freeze_d2_protocol.py@1 + 10_prepare_d2_freeze_candidate.py@1,a587d1d3cf826ec476fe91356f472b4a1a2b78eca51376c392fc16846b825caf,1db875a1eb10d95d654d0f2d27a52815794db0d8,13436313853456744620,3589472428,70/15/15,test,IMG_13590.jpg,dataset-20260508/test/IMG_13590.jpg,dataset-20260508/test.json,original,sg-0092,gc-0091,one plain original per evidence source group; no dataset resize/offline augmentation; pipeline online only,plain_base,none,true,,valid three-class raw regions; U01 drop raw region #3; standard background/FP; no ignore region,,train,0,1,0,1,0
10.17632/gfcmdbvw65.4,v4,dataset-20260508.zip,049591afd4fc3529aedbd31ef9119f5ec0601ebcb8cbbd4a25b7e883fde147ce,d2-v4-stage2b5-v1,12_freeze_d2_protocol.py@1 + 10_prepare_d2_freeze_candidate.py@1,a587d1d3cf826ec476fe91356f472b4a1a2b78eca51376c392fc16846b825caf,1db875a1eb10d95d654d0f2d27a52815794db0d8,13436313853456744620,3589472428,70/15/15,test,IMG_13610.jpg,dataset-20260508/test/IMG_13610.jpg,dataset-20260508/test.json,original,sg-0093,gc-0092,one plain original per evidence source group; no dataset resize/offline augmentation; pipeline online only,plain_base,none,true,,valid three-class raw regions; U01 drop raw region #3; standard background/FP; no ignore region,,val,0,2,0,2,0
10.17632/gfcmdbvw65.4,v4,dataset-20260508.zip,049591afd4fc3529aedbd31ef9119f5ec0601ebcb8cbbd4a25b7e883fde147ce,d2-v4-stage2b5-v1,12_freeze_d2_protocol.py@1 + 10_prepare_d2_freeze_candidate.py@1,a587d1d3cf826ec476fe91356f472b4a1a2b78eca51376c392fc16846b825caf,1db875a1eb10d95d654d0f2d27a52815794db0d8,13436313853456744620,3589472428,70/15/15,test,IMG_13650.jpg,dataset-20260508/test/IMG_13650.jpg,dataset-20260508/test.json,original,sg-0094,gc-0093,one plain original per evidence source group; no dataset resize/offline augmentation; pipeline online only,plain_base,none,true,,valid three-class raw regions; U01 drop raw region #3; standard background/FP; no ignore region,,train,0,1,0,1,0
10.17632/gfcmdbvw65.4,v4,dataset-20260508.zip,049591afd4fc3529aedbd31ef9119f5ec0601ebcb8cbbd4a25b7e883fde147ce,d2-v4-stage2b5-v1,12_freeze_d2_protocol.py@1 + 10_prepare_d2_freeze_candidate.py@1,a587d1d3cf826ec476fe91356f472b4a1a2b78eca51376c392fc16846b825caf,1db875a1eb10d95d654d0f2d27a52815794db0d8,13436313853456744620,3589472428,70/15/15,test,IMG_1368.jpg,dataset-20260508/test/IMG_1368.jpg,dataset-20260508/test.json,original,sg-0095,gc-0094,one plain original per evidence source group; no dataset resize/offline augmentation; pipeline online only,plain_base,none,true,,valid three-class raw regions; U01 drop raw region #3; standard background/FP; no ignore region,,test,0,0,1,1,0
10.17632/gfcmdbvw65.4,v4,dataset-20260508.zip,049591afd4fc3529aedbd31ef9119f5ec0601ebcb8cbbd4a25b7e883fde147ce,d2-v4-stage2b5-v1,12_freeze_d2_protocol.py@1 + 10_prepare_d2_freeze_candidate.py@1,a587d1d3cf826ec476fe91356f472b4a1a2b78eca51376c392fc16846b825caf,1db875a1eb10d95d654d0f2d27a52815794db0d8,13436313853456744620,3589472428,70/15/15,test,IMG_13750.jpg,dataset-20260508/test/IMG_13750.jpg,dataset-20260508/test.json,original,sg-0096,gc-0095,one plain original per evidence source group; no dataset resize/offline augmentation; pipeline online only,plain_base,none,true,,valid three-class raw regions; U01 drop raw region #3; standard background/FP; no ignore region,,train,0,0,3,3,0
10.17632/gfcmdbvw65.4,v4,dataset-20260508.zip,049591afd4fc3529aedbd31ef9119f5ec0601ebcb8cbbd4a25b7e883fde147ce,d2-v4-stage2b5-v1,12_freeze_d2_protocol.py@1 + 10_prepare_d2_freeze_candidate.py@1,a587d1d3cf826ec476fe91356f472b4a1a2b78eca51376c392fc16846b825caf,1db875a1eb10d95d654d0f2d27a52815794db0d8,13436313853456744620,3589472428,70/15/15,test,IMG_13770.jpg,dataset-20260508/test/IMG_13770.jpg,dataset-20260508/test.json,original,sg-0097,gc-0096,one plain original per evidence source group; no dataset resize/offline augmentation; pipeline online only,plain_base,none,true,,valid three-class raw regions; U01 drop raw region #3; standard background/FP; no ignore region,,train,0,0,3,3,0
10.17632/gfcmdbvw65.4,v4,dataset-20260508.zip,049591afd4fc3529aedbd31ef9119f5ec0601ebcb8cbbd4a25b7e883fde147ce,d2-v4-stage2b5-v1,12_freeze_d2_protocol.py@1 + 10_prepare_d2_freeze_candidate.py@1,a587d1d3cf826ec476fe91356f472b4a1a2b78eca51376c392fc16846b825caf,1db875a1eb10d95d654d0f2d27a52815794db0d8,13436313853456744620,3589472428,70/15/15,test,IMG_1378.jpg,dataset-20260508/test/IMG_1378.jpg,dataset-20260508/test.json,original,sg-0098,gc-0097,one plain original per evidence source group; no dataset resize/offline augmentation; pipeline online only,plain_base,none,true,,valid three-class raw regions; U01 drop raw region #3; standard background/FP; no ignore region,,val,0,0,1,1,0
10.17632/gfcmdbvw65.4,v4,dataset-20260508.zip,049591afd4fc3529aedbd31ef9119f5ec0601ebcb8cbbd4a25b7e883fde147ce,d2-v4-stage2b5-v1,12_freeze_d2_protocol.py@1 + 10_prepare_d2_freeze_candidate.py@1,a587d1d3cf826ec476fe91356f472b4a1a2b78eca51376c392fc16846b825caf,1db875a1eb10d95d654d0f2d27a52815794db0d8,13436313853456744620,3589472428,70/15/15,test,IMG_13800.jpg,dataset-20260508/test/IMG_13800.jpg,dataset-20260508/test.json,original,sg-0099,gc-0098,one plain original per evidence source group; no dataset resize/offline augmentation; pipeline online only,plain_base,none,true,,valid three-class raw regions; U01 drop raw region #3; standard background/FP; no ignore region,,train,0,0,2,2,0
10.17632/gfcmdbvw65.4,v4,dataset-20260508.zip,049591afd4fc3529aedbd31ef9119f5ec0601ebcb8cbbd4a25b7e883fde147ce,d2-v4-stage2b5-v1,12_freeze_d2_protocol.py@1 + 10_prepare_d2_freeze_candidate.py@1,a587d1d3cf826ec476fe91356f472b4a1a2b78eca51376c392fc16846b825caf,1db875a1eb10d95d654d0f2d27a52815794db0d8,13436313853456744620,3589472428,70/15/15,test,IMG_13830.jpg,dataset-20260508/test/IMG_13830.jpg,dataset-20260508/test.json,original,sg-0100,gc-0099,one plain original per evidence source group; no dataset resize/offline augmentation; pipeline online only,plain_base,none,true,,valid three-class raw regions; U01 drop raw region #3; standard background/FP; no ignore region,,val,0,0,2,2,0
10.17632/gfcmdbvw65.4,v4,dataset-20260508.zip,049591afd4fc3529aedbd31ef9119f5ec0601ebcb8cbbd4a25b7e883fde147ce,d2-v4-stage2b5-v1,12_freeze_d2_protocol.py@1 + 10_prepare_d2_freeze_candidate.py@1,a587d1d3cf826ec476fe91356f472b4a1a2b78eca51376c392fc16846b825caf,1db875a1eb10d95d654d0f2d27a52815794db0d8,13436313853456744620,3589472428,70/15/15,test,IMG_13850.jpg,dataset-20260508/test/IMG_13850.jpg,dataset-20260508/test.json,original,sg-0101,gc-0100,one plain original per evidence source group; no dataset resize/offline augmentation; pipeline online only,plain_base,none,true,,valid three-class raw regions; U01 drop raw region #3; standard background/FP; no ignore region,,train,0,1,1,2,1
10.17632/gfcmdbvw65.4,v4,dataset-20260508.zip,049591afd4fc3529aedbd31ef9119f5ec0601ebcb8cbbd4a25b7e883fde147ce,d2-v4-stage2b5-v1,12_freeze_d2_protocol.py@1 + 10_prepare_d2_freeze_candidate.py@1,a587d1d3cf826ec476fe91356f472b4a1a2b78eca51376c392fc16846b825caf,1db875a1eb10d95d654d0f2d27a52815794db0d8,13436313853456744620,3589472428,70/15/15,test,IMG_1387.jpg,dataset-20260508/test/IMG_1387.jpg,dataset-20260508/test.json,original,sg-0102,gc-0101,one plain original per evidence source group; no dataset resize/offline augmentation; pipeline online only,plain_base,none,true,,valid three-class raw regions; U01 drop raw region #3; standard background/FP; no ignore region,,train,0,1,0,1,0
10.17632/gfcmdbvw65.4,v4,dataset-20260508.zip,049591afd4fc3529aedbd31ef9119f5ec0601ebcb8cbbd4a25b7e883fde147ce,d2-v4-stage2b5-v1,12_freeze_d2_protocol.py@1 + 10_prepare_d2_freeze_candidate.py@1,a587d1d3cf826ec476fe91356f472b4a1a2b78eca51376c392fc16846b825caf,1db875a1eb10d95d654d0f2d27a52815794db0d8,13436313853456744620,3589472428,70/15/15,test,IMG_13880.jpg,dataset-20260508/test/IMG_13880.jpg,dataset-20260508/test.json,original,sg-0103,gc-0102,one plain original per evidence source group; no dataset resize/offline augmentation; pipeline online only,plain_base,none,true,,valid three-class raw regions; U01 drop raw region #3; standard background/FP; no ignore region,,train,0,0,1,1,0
10.17632/gfcmdbvw65.4,v4,dataset-20260508.zip,049591afd4fc3529aedbd31ef9119f5ec0601ebcb8cbbd4a25b7e883fde147ce,d2-v4-stage2b5-v1,12_freeze_d2_protocol.py@1 + 10_prepare_d2_freeze_candidate.py@1,a587d1d3cf826ec476fe91356f472b4a1a2b78eca51376c392fc16846b825caf,1db875a1eb10d95d654d0f2d27a52815794db0d8,13436313853456744620,3589472428,70/15/15,test,IMG_1389.jpg,dataset-20260508/test/IMG_1389.jpg,dataset-20260508/test.json,original,sg-0104,gc-0103,one plain original per evidence source group; no dataset resize/offline augmentation; pipeline online only,plain_base,none,true,,valid three-class raw regions; U01 drop raw region #3; standard background/FP; no ignore region,,train,0,1,0,1,0
10.17632/gfcmdbvw65.4,v4,dataset-20260508.zip,049591afd4fc3529aedbd31ef9119f5ec0601ebcb8cbbd4a25b7e883fde147ce,d2-v4-stage2b5-v1,12_freeze_d2_protocol.py@1 + 10_prepare_d2_freeze_candidate.py@1,a587d1d3cf826ec476fe91356f472b4a1a2b78eca51376c392fc16846b825caf,1db875a1eb10d95d654d0f2d27a52815794db0d8,13436313853456744620,3589472428,70/15/15,test,IMG_1390.jpg,dataset-20260508/test/IMG_1390.jpg,dataset-20260508/test.json,original,sg-0105,gc-0104,one plain original per evidence source group; no dataset resize/offline augmentation; pipeline online only,plain_base,none,true,,valid three-class raw regions; U01 drop raw region #3; standard background/FP; no ignore region,,train,0,1,0,1,0
10.17632/gfcmdbvw65.4,v4,dataset-20260508.zip,049591afd4fc3529aedbd31ef9119f5ec0601ebcb8cbbd4a25b7e883fde147ce,d2-v4-stage2b5-v1,12_freeze_d2_protocol.py@1 + 10_prepare_d2_freeze_candidate.py@1,a587d1d3cf826ec476fe91356f472b4a1a2b78eca51376c392fc16846b825caf,1db875a1eb10d95d654d0f2d27a52815794db0d8,13436313853456744620,3589472428,70/15/15,test,IMG_13920.jpg,dataset-20260508/test/IMG_13920.jpg,dataset-20260508/test.json,original,sg-0106,gc-0105,one plain original per evidence source group; no dataset resize/offline augmentation; pipeline online only,plain_base,none,true,,valid three-class raw regions; U01 drop raw region #3; standard background/FP; no ignore region,,val,0,0,1,1,0
10.17632/gfcmdbvw65.4,v4,dataset-20260508.zip,049591afd4fc3529aedbd31ef9119f5ec0601ebcb8cbbd4a25b7e883fde147ce,d2-v4-stage2b5-v1,12_freeze_d2_protocol.py@1 + 10_prepare_d2_freeze_candidate.py@1,a587d1d3cf826ec476fe91356f472b4a1a2b78eca51376c392fc16846b825caf,1db875a1eb10d95d654d0f2d27a52815794db0d8,13436313853456744620,3589472428,70/15/15,test,IMG_13940.jpg,dataset-20260508/test/IMG_13940.jpg,dataset-20260508/test.json,original,sg-0107,gc-0106,one plain original per evidence source group; no dataset resize/offline augmentation; pipeline online only,plain_base,none,true,,valid three-class raw regions; U01 drop raw region #3; standard background/FP; no ignore region,,train,0,0,1,1,0
10.17632/gfcmdbvw65.4,v4,dataset-20260508.zip,049591afd4fc3529aedbd31ef9119f5ec0601ebcb8cbbd4a25b7e883fde147ce,d2-v4-stage2b5-v1,12_freeze_d2_protocol.py@1 + 10_prepare_d2_freeze_candidate.py@1,a587d1d3cf826ec476fe91356f472b4a1a2b78eca51376c392fc16846b825caf,1db875a1eb10d95d654d0f2d27a52815794db0d8,13436313853456744620,3589472428,70/15/15,test,IMG_13950.jpg,dataset-20260508/test/IMG_13950.jpg,dataset-20260508/test.json,original,sg-0108,gc-0107,one plain original per evidence source group; no dataset resize/offline augmentation; pipeline online only,plain_base,none,true,,valid three-class raw regions; U01 drop raw region #3; standard background/FP; no ignore region,,train,0,0,1,1,0
10.17632/gfcmdbvw65.4,v4,dataset-20260508.zip,049591afd4fc3529aedbd31ef9119f5ec0601ebcb8cbbd4a25b7e883fde147ce,d2-v4-stage2b5-v1,12_freeze_d2_protocol.py@1 + 10_prepare_d2_freeze_candidate.py@1,a587d1d3cf826ec476fe91356f472b4a1a2b78eca51376c392fc16846b825caf,1db875a1eb10d95d654d0f2d27a52815794db0d8,13436313853456744620,3589472428,70/15/15,test,IMG_1398.jpg,dataset-20260508/test/IMG_1398.jpg,dataset-20260508/test.json,original,sg-0109,gc-0108,one plain original per evidence source group; no dataset resize/offline augmentation; pipeline online only,plain_base,none,true,,valid three-class raw regions; U01 drop raw region #3; standard background/FP; no ignore region,,train,0,0,1,1,0
10.17632/gfcmdbvw65.4,v4,dataset-20260508.zip,049591afd4fc3529aedbd31ef9119f5ec0601ebcb8cbbd4a25b7e883fde147ce,d2-v4-stage2b5-v1,12_freeze_d2_protocol.py@1 + 10_prepare_d2_freeze_candidate.py@1,a587d1d3cf826ec476fe91356f472b4a1a2b78eca51376c392fc16846b825caf,1db875a1eb10d95d654d0f2d27a52815794db0d8,13436313853456744620,3589472428,70/15/15,test,IMG_14010.jpg,dataset-20260508/test/IMG_14010.jpg,dataset-20260508/test.json,original,sg-0110,gc-0109,one plain original per evidence source group; no dataset resize/offline augmentation; pipeline online only,plain_base,none,true,,valid three-class raw regions; U01 drop raw region #3; standard background/FP; no ignore region,,train,0,0,1,1,0
10.17632/gfcmdbvw65.4,v4,dataset-20260508.zip,049591afd4fc3529aedbd31ef9119f5ec0601ebcb8cbbd4a25b7e883fde147ce,d2-v4-stage2b5-v1,12_freeze_d2_protocol.py@1 + 10_prepare_d2_freeze_candidate.py@1,a587d1d3cf826ec476fe91356f472b4a1a2b78eca51376c392fc16846b825caf,1db875a1eb10d95d654d0f2d27a52815794db0d8,13436313853456744620,3589472428,70/15/15,test,IMG_14030.jpg,dataset-20260508/test/IMG_14030.jpg,dataset-20260508/test.json,original,sg-0111,gc-0110,one plain original per evidence source group; no dataset resize/offline augmentation; pipeline online only,plain_base,none,true,,valid three-class raw regions; U01 drop raw region #3; standard background/FP; no ignore region,,train,0,0,1,1,0
10.17632/gfcmdbvw65.4,v4,dataset-20260508.zip,049591afd4fc3529aedbd31ef9119f5ec0601ebcb8cbbd4a25b7e883fde147ce,d2-v4-stage2b5-v1,12_freeze_d2_protocol.py@1 + 10_prepare_d2_freeze_candidate.py@1,a587d1d3cf826ec476fe91356f472b4a1a2b78eca51376c392fc16846b825caf,1db875a1eb10d95d654d0f2d27a52815794db0d8,13436313853456744620,3589472428,70/15/15,test,IMG_14050.jpg,dataset-20260508/test/IMG_14050.jpg,dataset-20260508/test.json,original,sg-0112,gc-0111,one plain original per evidence source group; no dataset resize/offline augmentation; pipeline online only,plain_base,none,true,,valid three-class raw regions; U01 drop raw region #3; standard background/FP; no ignore region,,train,0,0,1,1,0
10.17632/gfcmdbvw65.4,v4,dataset-20260508.zip,049591afd4fc3529aedbd31ef9119f5ec0601ebcb8cbbd4a25b7e883fde147ce,d2-v4-stage2b5-v1,12_freeze_d2_protocol.py@1 + 10_prepare_d2_freeze_candidate.py@1,a587d1d3cf826ec476fe91356f472b4a1a2b78eca51376c392fc16846b825caf,1db875a1eb10d95d654d0f2d27a52815794db0d8,13436313853456744620,3589472428,70/15/15,test,IMG_1408.jpg,dataset-20260508/test/IMG_1408.jpg,dataset-20260508/test.json,original,sg-0113,gc-0112,one plain original per evidence source group; no dataset resize/offline augmentation; pipeline online only,plain_base,none,true,,valid three-class raw regions; U01 drop raw region #3; standard background/FP; no ignore region,,train,0,1,0,1,0
10.17632/gfcmdbvw65.4,v4,dataset-20260508.zip,049591afd4fc3529aedbd31ef9119f5ec0601ebcb8cbbd4a25b7e883fde147ce,d2-v4-stage2b5-v1,12_freeze_d2_protocol.py@1 + 10_prepare_d2_freeze_candidate.py@1,a587d1d3cf826ec476fe91356f472b4a1a2b78eca51376c392fc16846b825caf,1db875a1eb10d95d654d0f2d27a52815794db0d8,13436313853456744620,3589472428,70/15/15,test,IMG_14090.jpg,dataset-20260508/test/IMG_14090.jpg,dataset-20260508/test.json,original,sg-0114,gc-0113,one plain original per evidence source group; no dataset resize/offline augmentation; pipeline online only,plain_base,none,true,,valid three-class raw regions; U01 drop raw region #3; standard background/FP; no ignore region,,test,2,0,0,2,0
10.17632/gfcmdbvw65.4,v4,dataset-20260508.zip,049591afd4fc3529aedbd31ef9119f5ec0601ebcb8cbbd4a25b7e883fde147ce,d2-v4-stage2b5-v1,12_freeze_d2_protocol.py@1 + 10_prepare_d2_freeze_candidate.py@1,a587d1d3cf826ec476fe91356f472b4a1a2b78eca51376c392fc16846b825caf,1db875a1eb10d95d654d0f2d27a52815794db0d8,13436313853456744620,3589472428,70/15/15,test,IMG_14120.jpg,dataset-20260508/test/IMG_14120.jpg,dataset-20260508/test.json,original,sg-0115,gc-0114,one plain original per evidence source group; no dataset resize/offline augmentation; pipeline online only,plain_base,none,true,,valid three-class raw regions; U01 drop raw region #3; standard background/FP; no ignore region,,train,1,0,0,1,0
10.17632/gfcmdbvw65.4,v4,dataset-20260508.zip,049591afd4fc3529aedbd31ef9119f5ec0601ebcb8cbbd4a25b7e883fde147ce,d2-v4-stage2b5-v1,12_freeze_d2_protocol.py@1 + 10_prepare_d2_freeze_candidate.py@1,a587d1d3cf826ec476fe91356f472b4a1a2b78eca51376c392fc16846b825caf,1db875a1eb10d95d654d0f2d27a52815794db0d8,13436313853456744620,3589472428,70/15/15,test,IMG_1416.jpg,dataset-20260508/test/IMG_1416.jpg,dataset-20260508/test.json,original,sg-0116,gc-0115,one plain original per evidence source group; no dataset resize/offline augmentation; pipeline online only,plain_base,none,true,,valid three-class raw regions; U01 drop raw region #3; standard background/FP; no ignore region,,val,1,0,0,1,0
10.17632/gfcmdbvw65.4,v4,dataset-20260508.zip,049591afd4fc3529aedbd31ef9119f5ec0601ebcb8cbbd4a25b7e883fde147ce,d2-v4-stage2b5-v1,12_freeze_d2_protocol.py@1 + 10_prepare_d2_freeze_candidate.py@1,a587d1d3cf826ec476fe91356f472b4a1a2b78eca51376c392fc16846b825caf,1db875a1eb10d95d654d0f2d27a52815794db0d8,13436313853456744620,3589472428,70/15/15,test,IMG_14170.jpg,dataset-20260508/test/IMG_14170.jpg,dataset-20260508/test.json,original,sg-0117,gc-0116,one plain original per evidence source group; no dataset resize/offline augmentation; pipeline online only,plain_base,none,true,,valid three-class raw regions; U01 drop raw region #3; standard background/FP; no ignore region,,train,3,0,0,3,0
10.17632/gfcmdbvw65.4,v4,dataset-20260508.zip,049591afd4fc3529aedbd31ef9119f5ec0601ebcb8cbbd4a25b7e883fde147ce,d2-v4-stage2b5-v1,12_freeze_d2_protocol.py@1 + 10_prepare_d2_freeze_candidate.py@1,a587d1d3cf826ec476fe91356f472b4a1a2b78eca51376c392fc16846b825caf,1db875a1eb10d95d654d0f2d27a52815794db0d8,13436313853456744620,3589472428,70/15/15,test,IMG_1419.jpg,dataset-20260508/test/IMG_1419.jpg,dataset-20260508/test.json,original,sg-0118,gc-0117,one plain original per evidence source group; no dataset resize/offline augmentation; pipeline online only,plain_base,none,true,,valid three-class raw regions; U01 drop raw region #3; standard background/FP; no ignore region,,train,0,1,0,1,0
10.17632/gfcmdbvw65.4,v4,dataset-20260508.zip,049591afd4fc3529aedbd31ef9119f5ec0601ebcb8cbbd4a25b7e883fde147ce,d2-v4-stage2b5-v1,12_freeze_d2_protocol.py@1 + 10_prepare_d2_freeze_candidate.py@1,a587d1d3cf826ec476fe91356f472b4a1a2b78eca51376c392fc16846b825caf,1db875a1eb10d95d654d0f2d27a52815794db0d8,13436313853456744620,3589472428,70/15/15,test,IMG_14300.jpg,dataset-20260508/test/IMG_14300.jpg,dataset-20260508/test.json,original,sg-0119,gc-0118,one plain original per evidence source group; no dataset resize/offline augmentation; pipeline online only,plain_base,none,true,,valid three-class raw regions; U01 drop raw region #3; standard background/FP; no ignore region,,train,2,0,0,2,0
10.17632/gfcmdbvw65.4,v4,dataset-20260508.zip,049591afd4fc3529aedbd31ef9119f5ec0601ebcb8cbbd4a25b7e883fde147ce,d2-v4-stage2b5-v1,12_freeze_d2_protocol.py@1 + 10_prepare_d2_freeze_candidate.py@1,a587d1d3cf826ec476fe91356f472b4a1a2b78eca51376c392fc16846b825caf,1db875a1eb10d95d654d0f2d27a52815794db0d8,13436313853456744620,3589472428,70/15/15,test,IMG_14420.jpg,dataset-20260508/test/IMG_14420.jpg,dataset-20260508/test.json,original,sg-0120,gc-0119,one plain original per evidence source group; no dataset resize/offline augmentation; pipeline online only,plain_base,none,true,,valid three-class raw regions; U01 drop raw region #3; standard background/FP; no ignore region,,train,0,1,0,1,0
10.17632/gfcmdbvw65.4,v4,dataset-20260508.zip,049591afd4fc3529aedbd31ef9119f5ec0601ebcb8cbbd4a25b7e883fde147ce,d2-v4-stage2b5-v1,12_freeze_d2_protocol.py@1 + 10_prepare_d2_freeze_candidate.py@1,a587d1d3cf826ec476fe91356f472b4a1a2b78eca51376c392fc16846b825caf,1db875a1eb10d95d654d0f2d27a52815794db0d8,13436313853456744620,3589472428,70/15/15,test,IMG_14430.jpg,dataset-20260508/test/IMG_14430.jpg,dataset-20260508/test.json,original,sg-0121,gc-0120,one plain original per evidence source group; no dataset resize/offline augmentation; pipeline online only,plain_base,none,true,,valid three-class raw regions; U01 drop raw region #3; standard background/FP; no ignore region,,train,0,1,0,1,0
10.17632/gfcmdbvw65.4,v4,dataset-20260508.zip,049591afd4fc3529aedbd31ef9119f5ec0601ebcb8cbbd4a25b7e883fde147ce,d2-v4-stage2b5-v1,12_freeze_d2_protocol.py@1 + 10_prepare_d2_freeze_candidate.py@1,a587d1d3cf826ec476fe91356f472b4a1a2b78eca51376c392fc16846b825caf,1db875a1eb10d95d654d0f2d27a52815794db0d8,13436313853456744620,3589472428,70/15/15,test,IMG_14460.jpg,dataset-20260508/test/IMG_14460.jpg,dataset-20260508/test.json,original,sg-0122,gc-0121,one plain original per evidence source group; no dataset resize/offline augmentation; pipeline online only,plain_base,none,true,,valid three-class raw regions; U01 drop raw region #3; standard background/FP; no ignore region,,train,1,0,0,1,0
10.17632/gfcmdbvw65.4,v4,dataset-20260508.zip,049591afd4fc3529aedbd31ef9119f5ec0601ebcb8cbbd4a25b7e883fde147ce,d2-v4-stage2b5-v1,12_freeze_d2_protocol.py@1 + 10_prepare_d2_freeze_candidate.py@1,a587d1d3cf826ec476fe91356f472b4a1a2b78eca51376c392fc16846b825caf,1db875a1eb10d95d654d0f2d27a52815794db0d8,13436313853456744620,3589472428,70/15/15,test,IMG_1448.jpg,dataset-20260508/test/IMG_1448.jpg,dataset-20260508/test.json,original,sg-0123,gc-0122,one plain original per evidence source group; no dataset resize/offline augmentation; pipeline online only,plain_base,none,true,,valid three-class raw regions; U01 drop raw region #3; standard background/FP; no ignore region,,train,1,0,0,1,0
10.17632/gfcmdbvw65.4,v4,dataset-20260508.zip,049591afd4fc3529aedbd31ef9119f5ec0601ebcb8cbbd4a25b7e883fde147ce,d2-v4-stage2b5-v1,12_freeze_d2_protocol.py@1 + 10_prepare_d2_freeze_candidate.py@1,a587d1d3cf826ec476fe91356f472b4a1a2b78eca51376c392fc16846b825caf,1db875a1eb10d95d654d0f2d27a52815794db0d8,13436313853456744620,3589472428,70/15/15,test,IMG_1450.jpg,dataset-20260508/test/IMG_1450.jpg,dataset-20260508/test.json,original,sg-0124,gc-0123,one plain original per evidence source group; no dataset resize/offline augmentation; pipeline online only,plain_base,none,true,,valid three-class raw regions; U01 drop raw region #3; standard background/FP; no ignore region,,train,2,0,0,2,0
10.17632/gfcmdbvw65.4,v4,dataset-20260508.zip,049591afd4fc3529aedbd31ef9119f5ec0601ebcb8cbbd4a25b7e883fde147ce,d2-v4-stage2b5-v1,12_freeze_d2_protocol.py@1 + 10_prepare_d2_freeze_candidate.py@1,a587d1d3cf826ec476fe91356f472b4a1a2b78eca51376c392fc16846b825caf,1db875a1eb10d95d654d0f2d27a52815794db0d8,13436313853456744620,3589472428,70/15/15,test,IMG_1452.jpg,dataset-20260508/test/IMG_1452.jpg,dataset-20260508/test.json,original,sg-0125,gc-0124,one plain original per evidence source group; no dataset resize/offline augmentation; pipeline online only,plain_base,none,true,,valid three-class raw regions; U01 drop raw region #3; standard background/FP; no ignore region,,val,1,0,0,1,0
10.17632/gfcmdbvw65.4,v4,dataset-20260508.zip,049591afd4fc3529aedbd31ef9119f5ec0601ebcb8cbbd4a25b7e883fde147ce,d2-v4-stage2b5-v1,12_freeze_d2_protocol.py@1 + 10_prepare_d2_freeze_candidate.py@1,a587d1d3cf826ec476fe91356f472b4a1a2b78eca51376c392fc16846b825caf,1db875a1eb10d95d654d0f2d27a52815794db0d8,13436313853456744620,3589472428,70/15/15,test,IMG_1461.jpg,dataset-20260508/test/IMG_1461.jpg,dataset-20260508/test.json,original,sg-0126,gc-0125,one plain original per evidence source group; no dataset resize/offline augmentation; pipeline online only,plain_base,none,true,,valid three-class raw regions; U01 drop raw region #3; standard background/FP; no ignore region,,train,1,0,0,1,0
10.17632/gfcmdbvw65.4,v4,dataset-20260508.zip,049591afd4fc3529aedbd31ef9119f5ec0601ebcb8cbbd4a25b7e883fde147ce,d2-v4-stage2b5-v1,12_freeze_d2_protocol.py@1 + 10_prepare_d2_freeze_candidate.py@1,a587d1d3cf826ec476fe91356f472b4a1a2b78eca51376c392fc16846b825caf,1db875a1eb10d95d654d0f2d27a52815794db0d8,13436313853456744620,3589472428,70/15/15,test,IMG_1464.jpg,dataset-20260508/test/IMG_1464.jpg,dataset-20260508/test.json,original,sg-0127,gc-0126,one plain original per evidence source group; no dataset resize/offline augmentation; pipeline online only,plain_base,none,true,,valid three-class raw regions; U01 drop raw region #3; standard background/FP; no ignore region,,train,1,0,0,1,0
10.17632/gfcmdbvw65.4,v4,dataset-20260508.zip,049591afd4fc3529aedbd31ef9119f5ec0601ebcb8cbbd4a25b7e883fde147ce,d2-v4-stage2b5-v1,12_freeze_d2_protocol.py@1 + 10_prepare_d2_freeze_candidate.py@1,a587d1d3cf826ec476fe91356f472b4a1a2b78eca51376c392fc16846b825caf,1db875a1eb10d95d654d0f2d27a52815794db0d8,13436313853456744620,3589472428,70/15/15,test,IMG_14660.jpg,dataset-20260508/test/IMG_14660.jpg,dataset-20260508/test.json,original,sg-0128,gc-0127,one plain original per evidence source group; no dataset resize/offline augmentation; pipeline online only,plain_base,none,true,,valid three-class raw regions; U01 drop raw region #3; standard background/FP; no ignore region,,train,0,2,0,2,0
10.17632/gfcmdbvw65.4,v4,dataset-20260508.zip,049591afd4fc3529aedbd31ef9119f5ec0601ebcb8cbbd4a25b7e883fde147ce,d2-v4-stage2b5-v1,12_freeze_d2_protocol.py@1 + 10_prepare_d2_freeze_candidate.py@1,a587d1d3cf826ec476fe91356f472b4a1a2b78eca51376c392fc16846b825caf,1db875a1eb10d95d654d0f2d27a52815794db0d8,13436313853456744620,3589472428,70/15/15,test,IMG_14670.jpg,dataset-20260508/test/IMG_14670.jpg,dataset-20260508/test.json,original,sg-0129,gc-0128,one plain original per evidence source group; no dataset resize/offline augmentation; pipeline online only,plain_base,none,true,,valid three-class raw regions; U01 drop raw region #3; standard background/FP; no ignore region,,test,0,1,0,1,0
10.17632/gfcmdbvw65.4,v4,dataset-20260508.zip,049591afd4fc3529aedbd31ef9119f5ec0601ebcb8cbbd4a25b7e883fde147ce,d2-v4-stage2b5-v1,12_freeze_d2_protocol.py@1 + 10_prepare_d2_freeze_candidate.py@1,a587d1d3cf826ec476fe91356f472b4a1a2b78eca51376c392fc16846b825caf,1db875a1eb10d95d654d0f2d27a52815794db0d8,13436313853456744620,3589472428,70/15/15,test,IMG_1469.jpg,dataset-20260508/test/IMG_1469.jpg,dataset-20260508/test.json,original,sg-0130,gc-0129,one plain original per evidence source group; no dataset resize/offline augmentation; pipeline online only,plain_base,none,true,,valid three-class raw regions; U01 drop raw region #3; standard background/FP; no ignore region,,train,0,1,0,1,0
10.17632/gfcmdbvw65.4,v4,dataset-20260508.zip,049591afd4fc3529aedbd31ef9119f5ec0601ebcb8cbbd4a25b7e883fde147ce,d2-v4-stage2b5-v1,12_freeze_d2_protocol.py@1 + 10_prepare_d2_freeze_candidate.py@1,a587d1d3cf826ec476fe91356f472b4a1a2b78eca51376c392fc16846b825caf,1db875a1eb10d95d654d0f2d27a52815794db0d8,13436313853456744620,3589472428,70/15/15,test,IMG_1475.jpg,dataset-20260508/test/IMG_1475.jpg,dataset-20260508/test.json,original,sg-0131,gc-0130,one plain original per evidence source group; no dataset resize/offline augmentation; pipeline online only,plain_base,none,true,,valid three-class raw regions; U01 drop raw region #3; standard background/FP; no ignore region,,train,2,0,0,2,0
10.17632/gfcmdbvw65.4,v4,dataset-20260508.zip,049591afd4fc3529aedbd31ef9119f5ec0601ebcb8cbbd4a25b7e883fde147ce,d2-v4-stage2b5-v1,12_freeze_d2_protocol.py@1 + 10_prepare_d2_freeze_candidate.py@1,a587d1d3cf826ec476fe91356f472b4a1a2b78eca51376c392fc16846b825caf,1db875a1eb10d95d654d0f2d27a52815794db0d8,13436313853456744620,3589472428,70/15/15,test,IMG_15601.jpg,dataset-20260508/test/IMG_15601.jpg,dataset-20260508/test.json,original,sg-0132,gc-0131,one plain original per evidence source group; no dataset resize/offline augmentation; pipeline online only,plain_base,none,true,,valid three-class raw regions; U01 drop raw region #3; standard background/FP; no ignore region,,test,0,0,1,1,0
10.17632/gfcmdbvw65.4,v4,dataset-20260508.zip,049591afd4fc3529aedbd31ef9119f5ec0601ebcb8cbbd4a25b7e883fde147ce,d2-v4-stage2b5-v1,12_freeze_d2_protocol.py@1 + 10_prepare_d2_freeze_candidate.py@1,a587d1d3cf826ec476fe91356f472b4a1a2b78eca51376c392fc16846b825caf,1db875a1eb10d95d654d0f2d27a52815794db0d8,13436313853456744620,3589472428,70/15/15,test,IMG_5387.jpg,dataset-20260508/test/IMG_5387.jpg,dataset-20260508/test.json,original,sg-0133,gc-0132,one plain original per evidence source group; no dataset resize/offline augmentation; pipeline online only,plain_base,none,true,,valid three-class raw regions; U01 drop raw region #3; standard background/FP; no ignore region,,val,0,0,3,3,0
10.17632/gfcmdbvw65.4,v4,dataset-20260508.zip,049591afd4fc3529aedbd31ef9119f5ec0601ebcb8cbbd4a25b7e883fde147ce,d2-v4-stage2b5-v1,12_freeze_d2_protocol.py@1 + 10_prepare_d2_freeze_candidate.py@1,a587d1d3cf826ec476fe91356f472b4a1a2b78eca51376c392fc16846b825caf,1db875a1eb10d95d654d0f2d27a52815794db0d8,13436313853456744620,3589472428,70/15/15,test,IMG_53880.jpg,dataset-20260508/test/IMG_53880.jpg,dataset-20260508/test.json,original,sg-0134,gc-0133,one plain original per evidence source group; no dataset resize/offline augmentation; pipeline online only,plain_base,none,true,,valid three-class raw regions; U01 drop raw region #3; standard background/FP; no ignore region,,val,0,0,3,3,0
10.17632/gfcmdbvw65.4,v4,dataset-20260508.zip,049591afd4fc3529aedbd31ef9119f5ec0601ebcb8cbbd4a25b7e883fde147ce,d2-v4-stage2b5-v1,12_freeze_d2_protocol.py@1 + 10_prepare_d2_freeze_candidate.py@1,a587d1d3cf826ec476fe91356f472b4a1a2b78eca51376c392fc16846b825caf,1db875a1eb10d95d654d0f2d27a52815794db0d8,13436313853456744620,3589472428,70/15/15,test,IMG_53890.jpg,dataset-20260508/test/IMG_53890.jpg,dataset-20260508/test.json,original,sg-0135,gc-0134,one plain original per evidence source group; no dataset resize/offline augmentation; pipeline online only,plain_base,none,true,,valid three-class raw regions; U01 drop raw region #3; standard background/FP; no ignore region,,train,1,0,1,2,1
10.17632/gfcmdbvw65.4,v4,dataset-20260508.zip,049591afd4fc3529aedbd31ef9119f5ec0601ebcb8cbbd4a25b7e883fde147ce,d2-v4-stage2b5-v1,12_freeze_d2_protocol.py@1 + 10_prepare_d2_freeze_candidate.py@1,a587d1d3cf826ec476fe91356f472b4a1a2b78eca51376c392fc16846b825caf,1db875a1eb10d95d654d0f2d27a52815794db0d8,13436313853456744620,3589472428,70/15/15,test,IMG_5393.jpg,dataset-20260508/test/IMG_5393.jpg,dataset-20260508/test.json,original,sg-0136,gc-0135,one plain original per evidence source group; no dataset resize/offline augmentation; pipeline online only,plain_base,none,true,,valid three-class raw regions; U01 drop raw region #3; standard background/FP; no ignore region,,train,0,0,2,2,0
10.17632/gfcmdbvw65.4,v4,dataset-20260508.zip,049591afd4fc3529aedbd31ef9119f5ec0601ebcb8cbbd4a25b7e883fde147ce,d2-v4-stage2b5-v1,12_freeze_d2_protocol.py@1 + 10_prepare_d2_freeze_candidate.py@1,a587d1d3cf826ec476fe91356f472b4a1a2b78eca51376c392fc16846b825caf,1db875a1eb10d95d654d0f2d27a52815794db0d8,13436313853456744620,3589472428,70/15/15,test,IMG_53950.jpg,dataset-20260508/test/IMG_53950.jpg,dataset-20260508/test.json,original,sg-0137,gc-0136,one plain original per evidence source group; no dataset resize/offline augmentation; pipeline online only,plain_base,none,true,,valid three-class raw regions; U01 drop raw region #3; standard background/FP; no ignore region,,train,0,0,1,1,0
10.17632/gfcmdbvw65.4,v4,dataset-20260508.zip,049591afd4fc3529aedbd31ef9119f5ec0601ebcb8cbbd4a25b7e883fde147ce,d2-v4-stage2b5-v1,12_freeze_d2_protocol.py@1 + 10_prepare_d2_freeze_candidate.py@1,a587d1d3cf826ec476fe91356f472b4a1a2b78eca51376c392fc16846b825caf,1db875a1eb10d95d654d0f2d27a52815794db0d8,13436313853456744620,3589472428,70/15/15,test,IMG_53970.jpg,dataset-20260508/test/IMG_53970.jpg,dataset-20260508/test.json,original,sg-0138,gc-0137,one plain original per evidence source group; no dataset resize/offline augmentation; pipeline online only,plain_base,none,true,,valid three-class raw regions; U01 drop raw region #3; standard background/FP; no ignore region,,test,0,0,1,1,0
10.17632/gfcmdbvw65.4,v4,dataset-20260508.zip,049591afd4fc3529aedbd31ef9119f5ec0601ebcb8cbbd4a25b7e883fde147ce,d2-v4-stage2b5-v1,12_freeze_d2_protocol.py@1 + 10_prepare_d2_freeze_candidate.py@1,a587d1d3cf826ec476fe91356f472b4a1a2b78eca51376c392fc16846b825caf,1db875a1eb10d95d654d0f2d27a52815794db0d8,13436313853456744620,3589472428,70/15/15,test,IMG_5405.jpg,dataset-20260508/test/IMG_5405.jpg,dataset-20260508/test.json,original,sg-0139,gc-0138,one plain original per evidence source group; no dataset resize/offline augmentation; pipeline online only,plain_base,none,true,,valid three-class raw regions; U01 drop raw region #3; standard background/FP; no ignore region,,train,0,0,1,1,0
10.17632/gfcmdbvw65.4,v4,dataset-20260508.zip,049591afd4fc3529aedbd31ef9119f5ec0601ebcb8cbbd4a25b7e883fde147ce,d2-v4-stage2b5-v1,12_freeze_d2_protocol.py@1 + 10_prepare_d2_freeze_candidate.py@1,a587d1d3cf826ec476fe91356f472b4a1a2b78eca51376c392fc16846b825caf,1db875a1eb10d95d654d0f2d27a52815794db0d8,13436313853456744620,3589472428,70/15/15,test,IMG_5409.jpg,dataset-20260508/test/IMG_5409.jpg,dataset-20260508/test.json,original,sg-0140,gc-0139,one plain original per evidence source group; no dataset resize/offline augmentation; pipeline online only,plain_base,none,true,,valid three-class raw regions; U01 drop raw region #3; standard background/FP; no ignore region,,test,0,1,0,1,0
10.17632/gfcmdbvw65.4,v4,dataset-20260508.zip,049591afd4fc3529aedbd31ef9119f5ec0601ebcb8cbbd4a25b7e883fde147ce,d2-v4-stage2b5-v1,12_freeze_d2_protocol.py@1 + 10_prepare_d2_freeze_candidate.py@1,a587d1d3cf826ec476fe91356f472b4a1a2b78eca51376c392fc16846b825caf,1db875a1eb10d95d654d0f2d27a52815794db0d8,13436313853456744620,3589472428,70/15/15,test,IMG_54140.jpg,dataset-20260508/test/IMG_54140.jpg,dataset-20260508/test.json,original,sg-0141,gc-0140,one plain original per evidence source group; no dataset resize/offline augmentation; pipeline online only,plain_base,none,true,,valid three-class raw regions; U01 drop raw region #3; standard background/FP; no ignore region,,test,0,1,0,1,0
10.17632/gfcmdbvw65.4,v4,dataset-20260508.zip,049591afd4fc3529aedbd31ef9119f5ec0601ebcb8cbbd4a25b7e883fde147ce,d2-v4-stage2b5-v1,12_freeze_d2_protocol.py@1 + 10_prepare_d2_freeze_candidate.py@1,a587d1d3cf826ec476fe91356f472b4a1a2b78eca51376c392fc16846b825caf,1db875a1eb10d95d654d0f2d27a52815794db0d8,13436313853456744620,3589472428,70/15/15,test,IMG_54160.jpg,dataset-20260508/test/IMG_54160.jpg,dataset-20260508/test.json,original,sg-0142,gc-0141,one plain original per evidence source group; no dataset resize/offline augmentation; pipeline online only,plain_base,none,true,,valid three-class raw regions; U01 drop raw region #3; standard background/FP; no ignore region,,test,0,2,0,2,0
10.17632/gfcmdbvw65.4,v4,dataset-20260508.zip,049591afd4fc3529aedbd31ef9119f5ec0601ebcb8cbbd4a25b7e883fde147ce,d2-v4-stage2b5-v1,12_freeze_d2_protocol.py@1 + 10_prepare_d2_freeze_candidate.py@1,a587d1d3cf826ec476fe91356f472b4a1a2b78eca51376c392fc16846b825caf,1db875a1eb10d95d654d0f2d27a52815794db0d8,13436313853456744620,3589472428,70/15/15,test,IMG_5418.jpg,dataset-20260508/test/IMG_5418.jpg,dataset-20260508/test.json,original,sg-0143,gc-0142,one plain original per evidence source group; no dataset resize/offline augmentation; pipeline online only,plain_base,none,true,,valid three-class raw regions; U01 drop raw region #3; standard background/FP; no ignore region,,train,0,1,0,1,0
10.17632/gfcmdbvw65.4,v4,dataset-20260508.zip,049591afd4fc3529aedbd31ef9119f5ec0601ebcb8cbbd4a25b7e883fde147ce,d2-v4-stage2b5-v1,12_freeze_d2_protocol.py@1 + 10_prepare_d2_freeze_candidate.py@1,a587d1d3cf826ec476fe91356f472b4a1a2b78eca51376c392fc16846b825caf,1db875a1eb10d95d654d0f2d27a52815794db0d8,13436313853456744620,3589472428,70/15/15,test,IMG_54190.jpg,dataset-20260508/test/IMG_54190.jpg,dataset-20260508/test.json,original,sg-0144,gc-0143,one plain original per evidence source group; no dataset resize/offline augmentation; pipeline online only,plain_base,none,true,,valid three-class raw regions; U01 drop raw region #3; standard background/FP; no ignore region,,val,0,1,0,1,0
10.17632/gfcmdbvw65.4,v4,dataset-20260508.zip,049591afd4fc3529aedbd31ef9119f5ec0601ebcb8cbbd4a25b7e883fde147ce,d2-v4-stage2b5-v1,12_freeze_d2_protocol.py@1 + 10_prepare_d2_freeze_candidate.py@1,a587d1d3cf826ec476fe91356f472b4a1a2b78eca51376c392fc16846b825caf,1db875a1eb10d95d654d0f2d27a52815794db0d8,13436313853456744620,3589472428,70/15/15,test,IMG_54280.jpg,dataset-20260508/test/IMG_54280.jpg,dataset-20260508/test.json,original,sg-0145,gc-0144,one plain original per evidence source group; no dataset resize/offline augmentation; pipeline online only,plain_base,none,true,,valid three-class raw regions; U01 drop raw region #3; standard background/FP; no ignore region,,train,0,1,0,1,0
10.17632/gfcmdbvw65.4,v4,dataset-20260508.zip,049591afd4fc3529aedbd31ef9119f5ec0601ebcb8cbbd4a25b7e883fde147ce,d2-v4-stage2b5-v1,12_freeze_d2_protocol.py@1 + 10_prepare_d2_freeze_candidate.py@1,a587d1d3cf826ec476fe91356f472b4a1a2b78eca51376c392fc16846b825caf,1db875a1eb10d95d654d0f2d27a52815794db0d8,13436313853456744620,3589472428,70/15/15,test,IMG_54290.jpg,dataset-20260508/test/IMG_54290.jpg,dataset-20260508/test.json,original,sg-0146,gc-0145,one plain original per evidence source group; no dataset resize/offline augmentation; pipeline online only,plain_base,none,true,,valid three-class raw regions; U01 drop raw region #3; standard background/FP; no ignore region,,val,0,0,1,1,0
10.17632/gfcmdbvw65.4,v4,dataset-20260508.zip,049591afd4fc3529aedbd31ef9119f5ec0601ebcb8cbbd4a25b7e883fde147ce,d2-v4-stage2b5-v1,12_freeze_d2_protocol.py@1 + 10_prepare_d2_freeze_candidate.py@1,a587d1d3cf826ec476fe91356f472b4a1a2b78eca51376c392fc16846b825caf,1db875a1eb10d95d654d0f2d27a52815794db0d8,13436313853456744620,3589472428,70/15/15,test,IMG_5430.jpg,dataset-20260508/test/IMG_5430.jpg,dataset-20260508/test.json,original,sg-0147,gc-0146,one plain original per evidence source group; no dataset resize/offline augmentation; pipeline online only,plain_base,none,true,,valid three-class raw regions; U01 drop raw region #3; standard background/FP; no ignore region,,train,0,0,2,2,0
10.17632/gfcmdbvw65.4,v4,dataset-20260508.zip,049591afd4fc3529aedbd31ef9119f5ec0601ebcb8cbbd4a25b7e883fde147ce,d2-v4-stage2b5-v1,12_freeze_d2_protocol.py@1 + 10_prepare_d2_freeze_candidate.py@1,a587d1d3cf826ec476fe91356f472b4a1a2b78eca51376c392fc16846b825caf,1db875a1eb10d95d654d0f2d27a52815794db0d8,13436313853456744620,3589472428,70/15/15,test,IMG_54350.jpg,dataset-20260508/test/IMG_54350.jpg,dataset-20260508/test.json,original,sg-0148,gc-0147,one plain original per evidence source group; no dataset resize/offline augmentation; pipeline online only,plain_base,none,true,,valid three-class raw regions; U01 drop raw region #3; standard background/FP; no ignore region,3,val,0,1,2,3,1
10.17632/gfcmdbvw65.4,v4,dataset-20260508.zip,049591afd4fc3529aedbd31ef9119f5ec0601ebcb8cbbd4a25b7e883fde147ce,d2-v4-stage2b5-v1,12_freeze_d2_protocol.py@1 + 10_prepare_d2_freeze_candidate.py@1,a587d1d3cf826ec476fe91356f472b4a1a2b78eca51376c392fc16846b825caf,1db875a1eb10d95d654d0f2d27a52815794db0d8,13436313853456744620,3589472428,70/15/15,test,IMG_54370.jpg,dataset-20260508/test/IMG_54370.jpg,dataset-20260508/test.json,original,sg-0149,gc-0148,one plain original per evidence source group; no dataset resize/offline augmentation; pipeline online only,plain_base,none,true,,valid three-class raw regions; U01 drop raw region #3; standard background/FP; no ignore region,,train,0,1,0,1,0
10.17632/gfcmdbvw65.4,v4,dataset-20260508.zip,049591afd4fc3529aedbd31ef9119f5ec0601ebcb8cbbd4a25b7e883fde147ce,d2-v4-stage2b5-v1,12_freeze_d2_protocol.py@1 + 10_prepare_d2_freeze_candidate.py@1,a587d1d3cf826ec476fe91356f472b4a1a2b78eca51376c392fc16846b825caf,1db875a1eb10d95d654d0f2d27a52815794db0d8,13436313853456744620,3589472428,70/15/15,test,IMG_54420.jpg,dataset-20260508/test/IMG_54420.jpg,dataset-20260508/test.json,original,sg-0150,gc-0149,one plain original per evidence source group; no dataset resize/offline augmentation; pipeline online only,plain_base,none,true,,valid three-class raw regions; U01 drop raw region #3; standard background/FP; no ignore region,,val,0,0,1,1,0
10.17632/gfcmdbvw65.4,v4,dataset-20260508.zip,049591afd4fc3529aedbd31ef9119f5ec0601ebcb8cbbd4a25b7e883fde147ce,d2-v4-stage2b5-v1,12_freeze_d2_protocol.py@1 + 10_prepare_d2_freeze_candidate.py@1,a587d1d3cf826ec476fe91356f472b4a1a2b78eca51376c392fc16846b825caf,1db875a1eb10d95d654d0f2d27a52815794db0d8,13436313853456744620,3589472428,70/15/15,test,IMG_54440.jpg,dataset-20260508/test/IMG_54440.jpg,dataset-20260508/test.json,original,sg-0151,gc-0150,one plain original per evidence source group; no dataset resize/offline augmentation; pipeline online only,plain_base,none,true,,valid three-class raw regions; U01 drop raw region #3; standard background/FP; no ignore region,,train,0,1,0,1,0
10.17632/gfcmdbvw65.4,v4,dataset-20260508.zip,049591afd4fc3529aedbd31ef9119f5ec0601ebcb8cbbd4a25b7e883fde147ce,d2-v4-stage2b5-v1,12_freeze_d2_protocol.py@1 + 10_prepare_d2_freeze_candidate.py@1,a587d1d3cf826ec476fe91356f472b4a1a2b78eca51376c392fc16846b825caf,1db875a1eb10d95d654d0f2d27a52815794db0d8,13436313853456744620,3589472428,70/15/15,test,IMG_54450.jpg,dataset-20260508/test/IMG_54450.jpg,dataset-20260508/test.json,original,sg-0152,gc-0151,one plain original per evidence source group; no dataset resize/offline augmentation; pipeline online only,plain_base,none,true,,valid three-class raw regions; U01 drop raw region #3; standard background/FP; no ignore region,,train,0,1,0,1,0
10.17632/gfcmdbvw65.4,v4,dataset-20260508.zip,049591afd4fc3529aedbd31ef9119f5ec0601ebcb8cbbd4a25b7e883fde147ce,d2-v4-stage2b5-v1,12_freeze_d2_protocol.py@1 + 10_prepare_d2_freeze_candidate.py@1,a587d1d3cf826ec476fe91356f472b4a1a2b78eca51376c392fc16846b825caf,1db875a1eb10d95d654d0f2d27a52815794db0d8,13436313853456744620,3589472428,70/15/15,test,IMG_54470.jpg,dataset-20260508/test/IMG_54470.jpg,dataset-20260508/test.json,original,sg-0153,gc-0152,one plain original per evidence source group; no dataset resize/offline augmentation; pipeline online only,plain_base,none,true,,valid three-class raw regions; U01 drop raw region #3; standard background/FP; no ignore region,,train,0,0,1,1,0
10.17632/gfcmdbvw65.4,v4,dataset-20260508.zip,049591afd4fc3529aedbd31ef9119f5ec0601ebcb8cbbd4a25b7e883fde147ce,d2-v4-stage2b5-v1,12_freeze_d2_protocol.py@1 + 10_prepare_d2_freeze_candidate.py@1,a587d1d3cf826ec476fe91356f472b4a1a2b78eca51376c392fc16846b825caf,1db875a1eb10d95d654d0f2d27a52815794db0d8,13436313853456744620,3589472428,70/15/15,test,IMG_54550.jpg,dataset-20260508/test/IMG_54550.jpg,dataset-20260508/test.json,original,sg-0154,gc-0153,one plain original per evidence source group; no dataset resize/offline augmentation; pipeline online only,plain_base,none,true,,valid three-class raw regions; U01 drop raw region #3; standard background/FP; no ignore region,,train,0,0,1,1,0
10.17632/gfcmdbvw65.4,v4,dataset-20260508.zip,049591afd4fc3529aedbd31ef9119f5ec0601ebcb8cbbd4a25b7e883fde147ce,d2-v4-stage2b5-v1,12_freeze_d2_protocol.py@1 + 10_prepare_d2_freeze_candidate.py@1,a587d1d3cf826ec476fe91356f472b4a1a2b78eca51376c392fc16846b825caf,1db875a1eb10d95d654d0f2d27a52815794db0d8,13436313853456744620,3589472428,70/15/15,test,IMG_54560.jpg,dataset-20260508/test/IMG_54560.jpg,dataset-20260508/test.json,original,sg-0155,gc-0154,one plain original per evidence source group; no dataset resize/offline augmentation; pipeline online only,plain_base,none,true,,valid three-class raw regions; U01 drop raw region #3; standard background/FP; no ignore region,,train,0,0,1,1,0
10.17632/gfcmdbvw65.4,v4,dataset-20260508.zip,049591afd4fc3529aedbd31ef9119f5ec0601ebcb8cbbd4a25b7e883fde147ce,d2-v4-stage2b5-v1,12_freeze_d2_protocol.py@1 + 10_prepare_d2_freeze_candidate.py@1,a587d1d3cf826ec476fe91356f472b4a1a2b78eca51376c392fc16846b825caf,1db875a1eb10d95d654d0f2d27a52815794db0d8,13436313853456744620,3589472428,70/15/15,test,IMG_54690.jpg,dataset-20260508/test/IMG_54690.jpg,dataset-20260508/test.json,original,sg-0156,gc-0155,one plain original per evidence source group; no dataset resize/offline augmentation; pipeline online only,plain_base,none,true,,valid three-class raw regions; U01 drop raw region #3; standard background/FP; no ignore region,,train,0,1,0,1,0
10.17632/gfcmdbvw65.4,v4,dataset-20260508.zip,049591afd4fc3529aedbd31ef9119f5ec0601ebcb8cbbd4a25b7e883fde147ce,d2-v4-stage2b5-v1,12_freeze_d2_protocol.py@1 + 10_prepare_d2_freeze_candidate.py@1,a587d1d3cf826ec476fe91356f472b4a1a2b78eca51376c392fc16846b825caf,1db875a1eb10d95d654d0f2d27a52815794db0d8,13436313853456744620,3589472428,70/15/15,test,IMG_5472.jpg,dataset-20260508/test/IMG_5472.jpg,dataset-20260508/test.json,original,sg-0157,gc-0156,one plain original per evidence source group; no dataset resize/offline augmentation; pipeline online only,plain_base,none,true,,valid three-class raw regions; U01 drop raw region #3; standard background/FP; no ignore region,,train,0,0,2,2,0
10.17632/gfcmdbvw65.4,v4,dataset-20260508.zip,049591afd4fc3529aedbd31ef9119f5ec0601ebcb8cbbd4a25b7e883fde147ce,d2-v4-stage2b5-v1,12_freeze_d2_protocol.py@1 + 10_prepare_d2_freeze_candidate.py@1,a587d1d3cf826ec476fe91356f472b4a1a2b78eca51376c392fc16846b825caf,1db875a1eb10d95d654d0f2d27a52815794db0d8,13436313853456744620,3589472428,70/15/15,test,IMG_54910.jpg,dataset-20260508/test/IMG_54910.jpg,dataset-20260508/test.json,original,sg-0158,gc-0157,one plain original per evidence source group; no dataset resize/offline augmentation; pipeline online only,plain_base,none,true,,valid three-class raw regions; U01 drop raw region #3; standard background/FP; no ignore region,,train,0,3,0,3,0
10.17632/gfcmdbvw65.4,v4,dataset-20260508.zip,049591afd4fc3529aedbd31ef9119f5ec0601ebcb8cbbd4a25b7e883fde147ce,d2-v4-stage2b5-v1,12_freeze_d2_protocol.py@1 + 10_prepare_d2_freeze_candidate.py@1,a587d1d3cf826ec476fe91356f472b4a1a2b78eca51376c392fc16846b825caf,1db875a1eb10d95d654d0f2d27a52815794db0d8,13436313853456744620,3589472428,70/15/15,test,IMG_55060.jpg,dataset-20260508/test/IMG_55060.jpg,dataset-20260508/test.json,original,sg-0159,gc-0158,one plain original per evidence source group; no dataset resize/offline augmentation; pipeline online only,plain_base,none,true,,valid three-class raw regions; U01 drop raw region #3; standard background/FP; no ignore region,,val,0,1,0,1,0
10.17632/gfcmdbvw65.4,v4,dataset-20260508.zip,049591afd4fc3529aedbd31ef9119f5ec0601ebcb8cbbd4a25b7e883fde147ce,d2-v4-stage2b5-v1,12_freeze_d2_protocol.py@1 + 10_prepare_d2_freeze_candidate.py@1,a587d1d3cf826ec476fe91356f472b4a1a2b78eca51376c392fc16846b825caf,1db875a1eb10d95d654d0f2d27a52815794db0d8,13436313853456744620,3589472428,70/15/15,test,IMG_5546.jpg,dataset-20260508/test/IMG_5546.jpg,dataset-20260508/test.json,original,sg-0160,gc-0159,one plain original per evidence source group; no dataset resize/offline augmentation; pipeline online only,plain_base,none,true,,valid three-class raw regions; U01 drop raw region #3; standard background/FP; no ignore region,,train,5,0,0,5,0
10.17632/gfcmdbvw65.4,v4,dataset-20260508.zip,049591afd4fc3529aedbd31ef9119f5ec0601ebcb8cbbd4a25b7e883fde147ce,d2-v4-stage2b5-v1,12_freeze_d2_protocol.py@1 + 10_prepare_d2_freeze_candidate.py@1,a587d1d3cf826ec476fe91356f472b4a1a2b78eca51376c392fc16846b825caf,1db875a1eb10d95d654d0f2d27a52815794db0d8,13436313853456744620,3589472428,70/15/15,test,IMG_55800.jpg,dataset-20260508/test/IMG_55800.jpg,dataset-20260508/test.json,original,sg-0161,gc-0160,one plain original per evidence source group; no dataset resize/offline augmentation; pipeline online only,plain_base,none,true,,valid three-class raw regions; U01 drop raw region #3; standard background/FP; no ignore region,,train,0,2,0,2,0
10.17632/gfcmdbvw65.4,v4,dataset-20260508.zip,049591afd4fc3529aedbd31ef9119f5ec0601ebcb8cbbd4a25b7e883fde147ce,d2-v4-stage2b5-v1,12_freeze_d2_protocol.py@1 + 10_prepare_d2_freeze_candidate.py@1,a587d1d3cf826ec476fe91356f472b4a1a2b78eca51376c392fc16846b825caf,1db875a1eb10d95d654d0f2d27a52815794db0d8,13436313853456744620,3589472428,70/15/15,test,IMG_55890.jpg,dataset-20260508/test/IMG_55890.jpg,dataset-20260508/test.json,original,sg-0162,gc-0161,one plain original per evidence source group; no dataset resize/offline augmentation; pipeline online only,plain_base,none,true,,valid three-class raw regions; U01 drop raw region #3; standard background/FP; no ignore region,,train,0,3,0,3,0
10.17632/gfcmdbvw65.4,v4,dataset-20260508.zip,049591afd4fc3529aedbd31ef9119f5ec0601ebcb8cbbd4a25b7e883fde147ce,d2-v4-stage2b5-v1,12_freeze_d2_protocol.py@1 + 10_prepare_d2_freeze_candidate.py@1,a587d1d3cf826ec476fe91356f472b4a1a2b78eca51376c392fc16846b825caf,1db875a1eb10d95d654d0f2d27a52815794db0d8,13436313853456744620,3589472428,70/15/15,test,IMG_55910.jpg,dataset-20260508/test/IMG_55910.jpg,dataset-20260508/test.json,original,sg-0163,gc-0162,one plain original per evidence source group; no dataset resize/offline augmentation; pipeline online only,plain_base,none,true,,valid three-class raw regions; U01 drop raw region #3; standard background/FP; no ignore region,,train,0,4,0,4,0
10.17632/gfcmdbvw65.4,v4,dataset-20260508.zip,049591afd4fc3529aedbd31ef9119f5ec0601ebcb8cbbd4a25b7e883fde147ce,d2-v4-stage2b5-v1,12_freeze_d2_protocol.py@1 + 10_prepare_d2_freeze_candidate.py@1,a587d1d3cf826ec476fe91356f472b4a1a2b78eca51376c392fc16846b825caf,1db875a1eb10d95d654d0f2d27a52815794db0d8,13436313853456744620,3589472428,70/15/15,test,IMG_55980.jpg,dataset-20260508/test/IMG_55980.jpg,dataset-20260508/test.json,original,sg-0164,gc-0163,one plain original per evidence source group; no dataset resize/offline augmentation; pipeline online only,plain_base,none,true,,valid three-class raw regions; U01 drop raw region #3; standard background/FP; no ignore region,,train,0,2,0,2,0
10.17632/gfcmdbvw65.4,v4,dataset-20260508.zip,049591afd4fc3529aedbd31ef9119f5ec0601ebcb8cbbd4a25b7e883fde147ce,d2-v4-stage2b5-v1,12_freeze_d2_protocol.py@1 + 10_prepare_d2_freeze_candidate.py@1,a587d1d3cf826ec476fe91356f472b4a1a2b78eca51376c392fc16846b825caf,1db875a1eb10d95d654d0f2d27a52815794db0d8,13436313853456744620,3589472428,70/15/15,test,IMG_5605.jpg,dataset-20260508/test/IMG_5605.jpg,dataset-20260508/test.json,original,sg-0165,gc-0164,one plain original per evidence source group; no dataset resize/offline augmentation; pipeline online only,plain_base,none,true,,valid three-class raw regions; U01 drop raw region #3; standard background/FP; no ignore region,,train,0,0,3,3,0
10.17632/gfcmdbvw65.4,v4,dataset-20260508.zip,049591afd4fc3529aedbd31ef9119f5ec0601ebcb8cbbd4a25b7e883fde147ce,d2-v4-stage2b5-v1,12_freeze_d2_protocol.py@1 + 10_prepare_d2_freeze_candidate.py@1,a587d1d3cf826ec476fe91356f472b4a1a2b78eca51376c392fc16846b825caf,1db875a1eb10d95d654d0f2d27a52815794db0d8,13436313853456744620,3589472428,70/15/15,test,IMG_5606.jpg,dataset-20260508/test/IMG_5606.jpg,dataset-20260508/test.json,original,sg-0166,gc-0165,one plain original per evidence source group; no dataset resize/offline augmentation; pipeline online only,plain_base,none,true,,valid three-class raw regions; U01 drop raw region #3; standard background/FP; no ignore region,,train,0,0,3,3,0
10.17632/gfcmdbvw65.4,v4,dataset-20260508.zip,049591afd4fc3529aedbd31ef9119f5ec0601ebcb8cbbd4a25b7e883fde147ce,d2-v4-stage2b5-v1,12_freeze_d2_protocol.py@1 + 10_prepare_d2_freeze_candidate.py@1,a587d1d3cf826ec476fe91356f472b4a1a2b78eca51376c392fc16846b825caf,1db875a1eb10d95d654d0f2d27a52815794db0d8,13436313853456744620,3589472428,70/15/15,test,IMG_56100.jpg,dataset-20260508/test/IMG_56100.jpg,dataset-20260508/test.json,original,sg-0167,gc-0166,one plain original per evidence source group; no dataset resize/offline augmentation; pipeline online only,plain_base,none,true,,valid three-class raw regions; U01 drop raw region #3; standard background/FP; no ignore region,,train,0,2,0,2,0
10.17632/gfcmdbvw65.4,v4,dataset-20260508.zip,049591afd4fc3529aedbd31ef9119f5ec0601ebcb8cbbd4a25b7e883fde147ce,d2-v4-stage2b5-v1,12_freeze_d2_protocol.py@1 + 10_prepare_d2_freeze_candidate.py@1,a587d1d3cf826ec476fe91356f472b4a1a2b78eca51376c392fc16846b825caf,1db875a1eb10d95d654d0f2d27a52815794db0d8,13436313853456744620,3589472428,70/15/15,test,IMG_56110.jpg,dataset-20260508/test/IMG_56110.jpg,dataset-20260508/test.json,original,sg-0168,gc-0167,one plain original per evidence source group; no dataset resize/offline augmentation; pipeline online only,plain_base,none,true,,valid three-class raw regions; U01 drop raw region #3; standard background/FP; no ignore region,,train,0,2,0,2,0
10.17632/gfcmdbvw65.4,v4,dataset-20260508.zip,049591afd4fc3529aedbd31ef9119f5ec0601ebcb8cbbd4a25b7e883fde147ce,d2-v4-stage2b5-v1,12_freeze_d2_protocol.py@1 + 10_prepare_d2_freeze_candidate.py@1,a587d1d3cf826ec476fe91356f472b4a1a2b78eca51376c392fc16846b825caf,1db875a1eb10d95d654d0f2d27a52815794db0d8,13436313853456744620,3589472428,70/15/15,test,IMG_56130.jpg,dataset-20260508/test/IMG_56130.jpg,dataset-20260508/test.json,original,sg-0169,gc-0168,one plain original per evidence source group; no dataset resize/offline augmentation; pipeline online only,plain_base,none,true,,valid three-class raw regions; U01 drop raw region #3; standard background/FP; no ignore region,,test,0,2,1,3,1
10.17632/gfcmdbvw65.4,v4,dataset-20260508.zip,049591afd4fc3529aedbd31ef9119f5ec0601ebcb8cbbd4a25b7e883fde147ce,d2-v4-stage2b5-v1,12_freeze_d2_protocol.py@1 + 10_prepare_d2_freeze_candidate.py@1,a587d1d3cf826ec476fe91356f472b4a1a2b78eca51376c392fc16846b825caf,1db875a1eb10d95d654d0f2d27a52815794db0d8,13436313853456744620,3589472428,70/15/15,test,IMG_5614.jpg,dataset-20260508/test/IMG_5614.jpg,dataset-20260508/test.json,original,sg-0170,gc-0169,one plain original per evidence source group; no dataset resize/offline augmentation; pipeline online only,plain_base,none,true,,valid three-class raw regions; U01 drop raw region #3; standard background/FP; no ignore region,,train,0,0,2,2,0
10.17632/gfcmdbvw65.4,v4,dataset-20260508.zip,049591afd4fc3529aedbd31ef9119f5ec0601ebcb8cbbd4a25b7e883fde147ce,d2-v4-stage2b5-v1,12_freeze_d2_protocol.py@1 + 10_prepare_d2_freeze_candidate.py@1,a587d1d3cf826ec476fe91356f472b4a1a2b78eca51376c392fc16846b825caf,1db875a1eb10d95d654d0f2d27a52815794db0d8,13436313853456744620,3589472428,70/15/15,test,IMG_56200.jpg,dataset-20260508/test/IMG_56200.jpg,dataset-20260508/test.json,original,sg-0171,gc-0170,one plain original per evidence source group; no dataset resize/offline augmentation; pipeline online only,plain_base,none,true,,valid three-class raw regions; U01 drop raw region #3; standard background/FP; no ignore region,,train,0,1,2,3,1
10.17632/gfcmdbvw65.4,v4,dataset-20260508.zip,049591afd4fc3529aedbd31ef9119f5ec0601ebcb8cbbd4a25b7e883fde147ce,d2-v4-stage2b5-v1,12_freeze_d2_protocol.py@1 + 10_prepare_d2_freeze_candidate.py@1,a587d1d3cf826ec476fe91356f472b4a1a2b78eca51376c392fc16846b825caf,1db875a1eb10d95d654d0f2d27a52815794db0d8,13436313853456744620,3589472428,70/15/15,test,IMG_56400.jpg,dataset-20260508/test/IMG_56400.jpg,dataset-20260508/test.json,original,sg-0172,gc-0171,one plain original per evidence source group; no dataset resize/offline augmentation; pipeline online only,plain_base,none,true,,valid three-class raw regions; U01 drop raw region #3; standard background/FP; no ignore region,,train,0,3,0,3,0
10.17632/gfcmdbvw65.4,v4,dataset-20260508.zip,049591afd4fc3529aedbd31ef9119f5ec0601ebcb8cbbd4a25b7e883fde147ce,d2-v4-stage2b5-v1,12_freeze_d2_protocol.py@1 + 10_prepare_d2_freeze_candidate.py@1,a587d1d3cf826ec476fe91356f472b4a1a2b78eca51376c392fc16846b825caf,1db875a1eb10d95d654d0f2d27a52815794db0d8,13436313853456744620,3589472428,70/15/15,test,IMG_56440.jpg,dataset-20260508/test/IMG_56440.jpg,dataset-20260508/test.json,original,sg-0173,gc-0172,one plain original per evidence source group; no dataset resize/offline augmentation; pipeline online only,plain_base,none,true,,valid three-class raw regions; U01 drop raw region #3; standard background/FP; no ignore region,,train,0,0,4,4,0
10.17632/gfcmdbvw65.4,v4,dataset-20260508.zip,049591afd4fc3529aedbd31ef9119f5ec0601ebcb8cbbd4a25b7e883fde147ce,d2-v4-stage2b5-v1,12_freeze_d2_protocol.py@1 + 10_prepare_d2_freeze_candidate.py@1,a587d1d3cf826ec476fe91356f472b4a1a2b78eca51376c392fc16846b825caf,1db875a1eb10d95d654d0f2d27a52815794db0d8,13436313853456744620,3589472428,70/15/15,test,IMG_6766.jpg,dataset-20260508/test/IMG_6766.jpg,dataset-20260508/test.json,original,sg-0174,gc-0173,one plain original per evidence source group; no dataset resize/offline augmentation; pipeline online only,plain_base,none,true,,valid three-class raw regions; U01 drop raw region #3; standard background/FP; no ignore region,,val,1,0,0,1,0
10.17632/gfcmdbvw65.4,v4,dataset-20260508.zip,049591afd4fc3529aedbd31ef9119f5ec0601ebcb8cbbd4a25b7e883fde147ce,d2-v4-stage2b5-v1,12_freeze_d2_protocol.py@1 + 10_prepare_d2_freeze_candidate.py@1,a587d1d3cf826ec476fe91356f472b4a1a2b78eca51376c392fc16846b825caf,1db875a1eb10d95d654d0f2d27a52815794db0d8,13436313853456744620,3589472428,70/15/15,test,IMG_6771.jpg,dataset-20260508/test/IMG_6771.jpg,dataset-20260508/test.json,original,sg-0175,gc-0174,one plain original per evidence source group; no dataset resize/offline augmentation; pipeline online only,plain_base,none,true,,valid three-class raw regions; U01 drop raw region #3; standard background/FP; no ignore region,,train,0,1,0,1,0
10.17632/gfcmdbvw65.4,v4,dataset-20260508.zip,049591afd4fc3529aedbd31ef9119f5ec0601ebcb8cbbd4a25b7e883fde147ce,d2-v4-stage2b5-v1,12_freeze_d2_protocol.py@1 + 10_prepare_d2_freeze_candidate.py@1,a587d1d3cf826ec476fe91356f472b4a1a2b78eca51376c392fc16846b825caf,1db875a1eb10d95d654d0f2d27a52815794db0d8,13436313853456744620,3589472428,70/15/15,test,IMG_6774.jpg,dataset-20260508/test/IMG_6774.jpg,dataset-20260508/test.json,original,sg-0176,gc-0175,one plain original per evidence source group; no dataset resize/offline augmentation; pipeline online only,plain_base,none,true,,valid three-class raw regions; U01 drop raw region #3; standard background/FP; no ignore region,,val,0,1,0,1,0
10.17632/gfcmdbvw65.4,v4,dataset-20260508.zip,049591afd4fc3529aedbd31ef9119f5ec0601ebcb8cbbd4a25b7e883fde147ce,d2-v4-stage2b5-v1,12_freeze_d2_protocol.py@1 + 10_prepare_d2_freeze_candidate.py@1,a587d1d3cf826ec476fe91356f472b4a1a2b78eca51376c392fc16846b825caf,1db875a1eb10d95d654d0f2d27a52815794db0d8,13436313853456744620,3589472428,70/15/15,test,IMG_6778.jpg,dataset-20260508/test/IMG_6778.jpg,dataset-20260508/test.json,original,sg-0177,gc-0176,one plain original per evidence source group; no dataset resize/offline augmentation; pipeline online only,plain_base,none,true,,valid three-class raw regions; U01 drop raw region #3; standard background/FP; no ignore region,,val,3,0,0,3,0
10.17632/gfcmdbvw65.4,v4,dataset-20260508.zip,049591afd4fc3529aedbd31ef9119f5ec0601ebcb8cbbd4a25b7e883fde147ce,d2-v4-stage2b5-v1,12_freeze_d2_protocol.py@1 + 10_prepare_d2_freeze_candidate.py@1,a587d1d3cf826ec476fe91356f472b4a1a2b78eca51376c392fc16846b825caf,1db875a1eb10d95d654d0f2d27a52815794db0d8,13436313853456744620,3589472428,70/15/15,test,IMG_6779.jpg,dataset-20260508/test/IMG_6779.jpg,dataset-20260508/test.json,original,sg-0178,gc-0177,one plain original per evidence source group; no dataset resize/offline augmentation; pipeline online only,plain_base,none,true,,valid three-class raw regions; U01 drop raw region #3; standard background/FP; no ignore region,,val,2,0,0,2,0
10.17632/gfcmdbvw65.4,v4,dataset-20260508.zip,049591afd4fc3529aedbd31ef9119f5ec0601ebcb8cbbd4a25b7e883fde147ce,d2-v4-stage2b5-v1,12_freeze_d2_protocol.py@1 + 10_prepare_d2_freeze_candidate.py@1,a587d1d3cf826ec476fe91356f472b4a1a2b78eca51376c392fc16846b825caf,1db875a1eb10d95d654d0f2d27a52815794db0d8,13436313853456744620,3589472428,70/15/15,test,IMG_6781.jpg,dataset-20260508/test/IMG_6781.jpg,dataset-20260508/test.json,original,sg-0179,gc-0178,one plain original per evidence source group; no dataset resize/offline augmentation; pipeline online only,plain_base,none,true,,valid three-class raw regions; U01 drop raw region #3; standard background/FP; no ignore region,,train,1,0,0,1,0
10.17632/gfcmdbvw65.4,v4,dataset-20260508.zip,049591afd4fc3529aedbd31ef9119f5ec0601ebcb8cbbd4a25b7e883fde147ce,d2-v4-stage2b5-v1,12_freeze_d2_protocol.py@1 + 10_prepare_d2_freeze_candidate.py@1,a587d1d3cf826ec476fe91356f472b4a1a2b78eca51376c392fc16846b825caf,1db875a1eb10d95d654d0f2d27a52815794db0d8,13436313853456744620,3589472428,70/15/15,test,IMG_6784.jpg,dataset-20260508/test/IMG_6784.jpg,dataset-20260508/test.json,original,sg-0180,gc-0179,one plain original per evidence source group; no dataset resize/offline augmentation; pipeline online only,plain_base,none,true,,valid three-class raw regions; U01 drop raw region #3; standard background/FP; no ignore region,,train,3,0,0,3,0
10.17632/gfcmdbvw65.4,v4,dataset-20260508.zip,049591afd4fc3529aedbd31ef9119f5ec0601ebcb8cbbd4a25b7e883fde147ce,d2-v4-stage2b5-v1,12_freeze_d2_protocol.py@1 + 10_prepare_d2_freeze_candidate.py@1,a587d1d3cf826ec476fe91356f472b4a1a2b78eca51376c392fc16846b825caf,1db875a1eb10d95d654d0f2d27a52815794db0d8,13436313853456744620,3589472428,70/15/15,test,IMG_6787.jpg,dataset-20260508/test/IMG_6787.jpg,dataset-20260508/test.json,original,sg-0181,gc-0180,one plain original per evidence source group; no dataset resize/offline augmentation; pipeline online only,plain_base,none,true,,valid three-class raw regions; U01 drop raw region #3; standard background/FP; no ignore region,,test,3,0,0,3,0
10.17632/gfcmdbvw65.4,v4,dataset-20260508.zip,049591afd4fc3529aedbd31ef9119f5ec0601ebcb8cbbd4a25b7e883fde147ce,d2-v4-stage2b5-v1,12_freeze_d2_protocol.py@1 + 10_prepare_d2_freeze_candidate.py@1,a587d1d3cf826ec476fe91356f472b4a1a2b78eca51376c392fc16846b825caf,1db875a1eb10d95d654d0f2d27a52815794db0d8,13436313853456744620,3589472428,70/15/15,test,IMG_6799.jpg,dataset-20260508/test/IMG_6799.jpg,dataset-20260508/test.json,original,sg-0182,gc-0181,one plain original per evidence source group; no dataset resize/offline augmentation; pipeline online only,plain_base,none,true,,valid three-class raw regions; U01 drop raw region #3; standard background/FP; no ignore region,,train,1,0,0,1,0
10.17632/gfcmdbvw65.4,v4,dataset-20260508.zip,049591afd4fc3529aedbd31ef9119f5ec0601ebcb8cbbd4a25b7e883fde147ce,d2-v4-stage2b5-v1,12_freeze_d2_protocol.py@1 + 10_prepare_d2_freeze_candidate.py@1,a587d1d3cf826ec476fe91356f472b4a1a2b78eca51376c392fc16846b825caf,1db875a1eb10d95d654d0f2d27a52815794db0d8,13436313853456744620,3589472428,70/15/15,test,IMG_6804.jpg,dataset-20260508/test/IMG_6804.jpg,dataset-20260508/test.json,original,sg-0183,gc-0182,one plain original per evidence source group; no dataset resize/offline augmentation; pipeline online only,plain_base,none,true,,valid three-class raw regions; U01 drop raw region #3; standard background/FP; no ignore region,,train,3,0,0,3,0
10.17632/gfcmdbvw65.4,v4,dataset-20260508.zip,049591afd4fc3529aedbd31ef9119f5ec0601ebcb8cbbd4a25b7e883fde147ce,d2-v4-stage2b5-v1,12_freeze_d2_protocol.py@1 + 10_prepare_d2_freeze_candidate.py@1,a587d1d3cf826ec476fe91356f472b4a1a2b78eca51376c392fc16846b825caf,1db875a1eb10d95d654d0f2d27a52815794db0d8,13436313853456744620,3589472428,70/15/15,test,IMG_6807.jpg,dataset-20260508/test/IMG_6807.jpg,dataset-20260508/test.json,original,sg-0184,gc-0183,one plain original per evidence source group; no dataset resize/offline augmentation; pipeline online only,plain_base,none,true,,valid three-class raw regions; U01 drop raw region #3; standard background/FP; no ignore region,,test,4,0,0,4,0
10.17632/gfcmdbvw65.4,v4,dataset-20260508.zip,049591afd4fc3529aedbd31ef9119f5ec0601ebcb8cbbd4a25b7e883fde147ce,d2-v4-stage2b5-v1,12_freeze_d2_protocol.py@1 + 10_prepare_d2_freeze_candidate.py@1,a587d1d3cf826ec476fe91356f472b4a1a2b78eca51376c392fc16846b825caf,1db875a1eb10d95d654d0f2d27a52815794db0d8,13436313853456744620,3589472428,70/15/15,test,IMG_6812.jpg,dataset-20260508/test/IMG_6812.jpg,dataset-20260508/test.json,original,sg-0185,gc-0184,one plain original per evidence source group; no dataset resize/offline augmentation; pipeline online only,plain_base,none,true,,valid three-class raw regions; U01 drop raw region #3; standard background/FP; no ignore region,,train,3,0,0,3,0
10.17632/gfcmdbvw65.4,v4,dataset-20260508.zip,049591afd4fc3529aedbd31ef9119f5ec0601ebcb8cbbd4a25b7e883fde147ce,d2-v4-stage2b5-v1,12_freeze_d2_protocol.py@1 + 10_prepare_d2_freeze_candidate.py@1,a587d1d3cf826ec476fe91356f472b4a1a2b78eca51376c392fc16846b825caf,1db875a1eb10d95d654d0f2d27a52815794db0d8,13436313853456744620,3589472428,70/15/15,test,IMG_6816.jpg,dataset-20260508/test/IMG_6816.jpg,dataset-20260508/test.json,original,sg-0186,gc-0185,one plain original per evidence source group; no dataset resize/offline augmentation; pipeline online only,plain_base,none,true,,valid three-class raw regions; U01 drop raw region #3; standard background/FP; no ignore region,,train,0,1,0,1,0
10.17632/gfcmdbvw65.4,v4,dataset-20260508.zip,049591afd4fc3529aedbd31ef9119f5ec0601ebcb8cbbd4a25b7e883fde147ce,d2-v4-stage2b5-v1,12_freeze_d2_protocol.py@1 + 10_prepare_d2_freeze_candidate.py@1,a587d1d3cf826ec476fe91356f472b4a1a2b78eca51376c392fc16846b825caf,1db875a1eb10d95d654d0f2d27a52815794db0d8,13436313853456744620,3589472428,70/15/15,test,IMG_6819.jpg,dataset-20260508/test/IMG_6819.jpg,dataset-20260508/test.json,original,sg-0187,gc-0186,one plain original per evidence source group; no dataset resize/offline augmentation; pipeline online only,plain_base,none,true,,valid three-class raw regions; U01 drop raw region #3; standard background/FP; no ignore region,,train,1,1,0,2,1
10.17632/gfcmdbvw65.4,v4,dataset-20260508.zip,049591afd4fc3529aedbd31ef9119f5ec0601ebcb8cbbd4a25b7e883fde147ce,d2-v4-stage2b5-v1,12_freeze_d2_protocol.py@1 + 10_prepare_d2_freeze_candidate.py@1,a587d1d3cf826ec476fe91356f472b4a1a2b78eca51376c392fc16846b825caf,1db875a1eb10d95d654d0f2d27a52815794db0d8,13436313853456744620,3589472428,70/15/15,test,IMG_6821.jpg,dataset-20260508/test/IMG_6821.jpg,dataset-20260508/test.json,original,sg-0188,gc-0187,one plain original per evidence source group; no dataset resize/offline augmentation; pipeline online only,plain_base,none,true,,valid three-class raw regions; U01 drop raw region #3; standard background/FP; no ignore region,,train,0,1,0,1,0
10.17632/gfcmdbvw65.4,v4,dataset-20260508.zip,049591afd4fc3529aedbd31ef9119f5ec0601ebcb8cbbd4a25b7e883fde147ce,d2-v4-stage2b5-v1,12_freeze_d2_protocol.py@1 + 10_prepare_d2_freeze_candidate.py@1,a587d1d3cf826ec476fe91356f472b4a1a2b78eca51376c392fc16846b825caf,1db875a1eb10d95d654d0f2d27a52815794db0d8,13436313853456744620,3589472428,70/15/15,test,IMG_6826.jpg,dataset-20260508/test/IMG_6826.jpg,dataset-20260508/test.json,original,sg-0189,gc-0188,one plain original per evidence source group; no dataset resize/offline augmentation; pipeline online only,plain_base,none,true,,valid three-class raw regions; U01 drop raw region #3; standard background/FP; no ignore region,,train,1,0,0,1,0
10.17632/gfcmdbvw65.4,v4,dataset-20260508.zip,049591afd4fc3529aedbd31ef9119f5ec0601ebcb8cbbd4a25b7e883fde147ce,d2-v4-stage2b5-v1,12_freeze_d2_protocol.py@1 + 10_prepare_d2_freeze_candidate.py@1,a587d1d3cf826ec476fe91356f472b4a1a2b78eca51376c392fc16846b825caf,1db875a1eb10d95d654d0f2d27a52815794db0d8,13436313853456744620,3589472428,70/15/15,test,IMG_6827.jpg,dataset-20260508/test/IMG_6827.jpg,dataset-20260508/test.json,original,sg-0190,gc-0189,one plain original per evidence source group; no dataset resize/offline augmentation; pipeline online only,plain_base,none,true,,valid three-class raw regions; U01 drop raw region #3; standard background/FP; no ignore region,,train,2,0,0,2,0
10.17632/gfcmdbvw65.4,v4,dataset-20260508.zip,049591afd4fc3529aedbd31ef9119f5ec0601ebcb8cbbd4a25b7e883fde147ce,d2-v4-stage2b5-v1,12_freeze_d2_protocol.py@1 + 10_prepare_d2_freeze_candidate.py@1,a587d1d3cf826ec476fe91356f472b4a1a2b78eca51376c392fc16846b825caf,1db875a1eb10d95d654d0f2d27a52815794db0d8,13436313853456744620,3589472428,70/15/15,test,IMG_6829.jpg,dataset-20260508/test/IMG_6829.jpg,dataset-20260508/test.json,original,sg-0191,gc-0190,one plain original per evidence source group; no dataset resize/offline augmentation; pipeline online only,plain_base,none,true,,valid three-class raw regions; U01 drop raw region #3; standard background/FP; no ignore region,,train,3,0,0,3,0
10.17632/gfcmdbvw65.4,v4,dataset-20260508.zip,049591afd4fc3529aedbd31ef9119f5ec0601ebcb8cbbd4a25b7e883fde147ce,d2-v4-stage2b5-v1,12_freeze_d2_protocol.py@1 + 10_prepare_d2_freeze_candidate.py@1,a587d1d3cf826ec476fe91356f472b4a1a2b78eca51376c392fc16846b825caf,1db875a1eb10d95d654d0f2d27a52815794db0d8,13436313853456744620,3589472428,70/15/15,test,IMG_6841.jpg,dataset-20260508/test/IMG_6841.jpg,dataset-20260508/test.json,original,sg-0192,gc-0191,one plain original per evidence source group; no dataset resize/offline augmentation; pipeline online only,plain_base,none,true,,valid three-class raw regions; U01 drop raw region #3; standard background/FP; no ignore region,,train,0,1,0,1,0
10.17632/gfcmdbvw65.4,v4,dataset-20260508.zip,049591afd4fc3529aedbd31ef9119f5ec0601ebcb8cbbd4a25b7e883fde147ce,d2-v4-stage2b5-v1,12_freeze_d2_protocol.py@1 + 10_prepare_d2_freeze_candidate.py@1,a587d1d3cf826ec476fe91356f472b4a1a2b78eca51376c392fc16846b825caf,1db875a1eb10d95d654d0f2d27a52815794db0d8,13436313853456744620,3589472428,70/15/15,test,IMG_6855.jpg,dataset-20260508/test/IMG_6855.jpg,dataset-20260508/test.json,original,sg-0193,gc-0192,one plain original per evidence source group; no dataset resize/offline augmentation; pipeline online only,plain_base,none,true,,valid three-class raw regions; U01 drop raw region #3; standard background/FP; no ignore region,,train,2,0,0,2,0
10.17632/gfcmdbvw65.4,v4,dataset-20260508.zip,049591afd4fc3529aedbd31ef9119f5ec0601ebcb8cbbd4a25b7e883fde147ce,d2-v4-stage2b5-v1,12_freeze_d2_protocol.py@1 + 10_prepare_d2_freeze_candidate.py@1,a587d1d3cf826ec476fe91356f472b4a1a2b78eca51376c392fc16846b825caf,1db875a1eb10d95d654d0f2d27a52815794db0d8,13436313853456744620,3589472428,70/15/15,test,IMG_6857.jpg,dataset-20260508/test/IMG_6857.jpg,dataset-20260508/test.json,original,sg-0194,gc-0193,one plain original per evidence source group; no dataset resize/offline augmentation; pipeline online only,plain_base,none,true,,valid three-class raw regions; U01 drop raw region #3; standard background/FP; no ignore region,,train,1,0,0,1,0
10.17632/gfcmdbvw65.4,v4,dataset-20260508.zip,049591afd4fc3529aedbd31ef9119f5ec0601ebcb8cbbd4a25b7e883fde147ce,d2-v4-stage2b5-v1,12_freeze_d2_protocol.py@1 + 10_prepare_d2_freeze_candidate.py@1,a587d1d3cf826ec476fe91356f472b4a1a2b78eca51376c392fc16846b825caf,1db875a1eb10d95d654d0f2d27a52815794db0d8,13436313853456744620,3589472428,70/15/15,test,IMG_6859.jpg,dataset-20260508/test/IMG_6859.jpg,dataset-20260508/test.json,original,sg-0195,gc-0194,one plain original per evidence source group; no dataset resize/offline augmentation; pipeline online only,plain_base,none,true,,valid three-class raw regions; U01 drop raw region #3; standard background/FP; no ignore region,,val,1,0,0,1,0
10.17632/gfcmdbvw65.4,v4,dataset-20260508.zip,049591afd4fc3529aedbd31ef9119f5ec0601ebcb8cbbd4a25b7e883fde147ce,d2-v4-stage2b5-v1,12_freeze_d2_protocol.py@1 + 10_prepare_d2_freeze_candidate.py@1,a587d1d3cf826ec476fe91356f472b4a1a2b78eca51376c392fc16846b825caf,1db875a1eb10d95d654d0f2d27a52815794db0d8,13436313853456744620,3589472428,70/15/15,test,IMG_6861.jpg,dataset-20260508/test/IMG_6861.jpg,dataset-20260508/test.json,original,sg-0196,gc-0195,one plain original per evidence source group; no dataset resize/offline augmentation; pipeline online only,plain_base,none,true,,valid three-class raw regions; U01 drop raw region #3; standard background/FP; no ignore region,,train,1,0,0,1,0
10.17632/gfcmdbvw65.4,v4,dataset-20260508.zip,049591afd4fc3529aedbd31ef9119f5ec0601ebcb8cbbd4a25b7e883fde147ce,d2-v4-stage2b5-v1,12_freeze_d2_protocol.py@1 + 10_prepare_d2_freeze_candidate.py@1,a587d1d3cf826ec476fe91356f472b4a1a2b78eca51376c392fc16846b825caf,1db875a1eb10d95d654d0f2d27a52815794db0d8,13436313853456744620,3589472428,70/15/15,test,IMG_6873.jpg,dataset-20260508/test/IMG_6873.jpg,dataset-20260508/test.json,original,sg-0197,gc-0196,one plain original per evidence source group; no dataset resize/offline augmentation; pipeline online only,plain_base,none,true,,valid three-class raw regions; U01 drop raw region #3; standard background/FP; no ignore region,,val,1,0,0,1,0
10.17632/gfcmdbvw65.4,v4,dataset-20260508.zip,049591afd4fc3529aedbd31ef9119f5ec0601ebcb8cbbd4a25b7e883fde147ce,d2-v4-stage2b5-v1,12_freeze_d2_protocol.py@1 + 10_prepare_d2_freeze_candidate.py@1,a587d1d3cf826ec476fe91356f472b4a1a2b78eca51376c392fc16846b825caf,1db875a1eb10d95d654d0f2d27a52815794db0d8,13436313853456744620,3589472428,70/15/15,test,IMG_6879.jpg,dataset-20260508/test/IMG_6879.jpg,dataset-20260508/test.json,original,sg-0198,gc-0197,one plain original per evidence source group; no dataset resize/offline augmentation; pipeline online only,plain_base,none,true,,valid three-class raw regions; U01 drop raw region #3; standard background/FP; no ignore region,,val,1,0,0,1,0
10.17632/gfcmdbvw65.4,v4,dataset-20260508.zip,049591afd4fc3529aedbd31ef9119f5ec0601ebcb8cbbd4a25b7e883fde147ce,d2-v4-stage2b5-v1,12_freeze_d2_protocol.py@1 + 10_prepare_d2_freeze_candidate.py@1,a587d1d3cf826ec476fe91356f472b4a1a2b78eca51376c392fc16846b825caf,1db875a1eb10d95d654d0f2d27a52815794db0d8,13436313853456744620,3589472428,70/15/15,test,IMG_6883.jpg,dataset-20260508/test/IMG_6883.jpg,dataset-20260508/test.json,original,sg-0199,gc-0198,one plain original per evidence source group; no dataset resize/offline augmentation; pipeline online only,plain_base,none,true,,valid three-class raw regions; U01 drop raw region #3; standard background/FP; no ignore region,,train,2,0,0,2,0
10.17632/gfcmdbvw65.4,v4,dataset-20260508.zip,049591afd4fc3529aedbd31ef9119f5ec0601ebcb8cbbd4a25b7e883fde147ce,d2-v4-stage2b5-v1,12_freeze_d2_protocol.py@1 + 10_prepare_d2_freeze_candidate.py@1,a587d1d3cf826ec476fe91356f472b4a1a2b78eca51376c392fc16846b825caf,1db875a1eb10d95d654d0f2d27a52815794db0d8,13436313853456744620,3589472428,70/15/15,test,IMG_6885.jpg,dataset-20260508/test/IMG_6885.jpg,dataset-20260508/test.json,original,sg-0200,gc-0199,one plain original per evidence source group; no dataset resize/offline augmentation; pipeline online only,plain_base,none,true,,valid three-class raw regions; U01 drop raw region #3; standard background/FP; no ignore region,,val,2,0,0,2,0
10.17632/gfcmdbvw65.4,v4,dataset-20260508.zip,049591afd4fc3529aedbd31ef9119f5ec0601ebcb8cbbd4a25b7e883fde147ce,d2-v4-stage2b5-v1,12_freeze_d2_protocol.py@1 + 10_prepare_d2_freeze_candidate.py@1,a587d1d3cf826ec476fe91356f472b4a1a2b78eca51376c392fc16846b825caf,1db875a1eb10d95d654d0f2d27a52815794db0d8,13436313853456744620,3589472428,70/15/15,test,IMG_6895.jpg,dataset-20260508/test/IMG_6895.jpg,dataset-20260508/test.json,original,sg-0201,gc-0200,one plain original per evidence source group; no dataset resize/offline augmentation; pipeline online only,plain_base,none,true,,valid three-class raw regions; U01 drop raw region #3; standard background/FP; no ignore region,,val,0,2,0,2,0
10.17632/gfcmdbvw65.4,v4,dataset-20260508.zip,049591afd4fc3529aedbd31ef9119f5ec0601ebcb8cbbd4a25b7e883fde147ce,d2-v4-stage2b5-v1,12_freeze_d2_protocol.py@1 + 10_prepare_d2_freeze_candidate.py@1,a587d1d3cf826ec476fe91356f472b4a1a2b78eca51376c392fc16846b825caf,1db875a1eb10d95d654d0f2d27a52815794db0d8,13436313853456744620,3589472428,70/15/15,test,IMG_6897.jpg,dataset-20260508/test/IMG_6897.jpg,dataset-20260508/test.json,original,sg-0202,gc-0201,one plain original per evidence source group; no dataset resize/offline augmentation; pipeline online only,plain_base,none,true,,valid three-class raw regions; U01 drop raw region #3; standard background/FP; no ignore region,,val,3,0,0,3,0
10.17632/gfcmdbvw65.4,v4,dataset-20260508.zip,049591afd4fc3529aedbd31ef9119f5ec0601ebcb8cbbd4a25b7e883fde147ce,d2-v4-stage2b5-v1,12_freeze_d2_protocol.py@1 + 10_prepare_d2_freeze_candidate.py@1,a587d1d3cf826ec476fe91356f472b4a1a2b78eca51376c392fc16846b825caf,1db875a1eb10d95d654d0f2d27a52815794db0d8,13436313853456744620,3589472428,70/15/15,test,IMG_6938.jpg,dataset-20260508/test/IMG_6938.jpg,dataset-20260508/test.json,original,sg-0203,gc-0202,one plain original per evidence source group; no dataset resize/offline augmentation; pipeline online only,plain_base,none,true,,valid three-class raw regions; U01 drop raw region #3; standard background/FP; no ignore region,,train,2,0,0,2,0
10.17632/gfcmdbvw65.4,v4,dataset-20260508.zip,049591afd4fc3529aedbd31ef9119f5ec0601ebcb8cbbd4a25b7e883fde147ce,d2-v4-stage2b5-v1,12_freeze_d2_protocol.py@1 + 10_prepare_d2_freeze_candidate.py@1,a587d1d3cf826ec476fe91356f472b4a1a2b78eca51376c392fc16846b825caf,1db875a1eb10d95d654d0f2d27a52815794db0d8,13436313853456744620,3589472428,70/15/15,test,IMG_6941.jpg,dataset-20260508/test/IMG_6941.jpg,dataset-20260508/test.json,original,sg-0204,gc-0203,one plain original per evidence source group; no dataset resize/offline augmentation; pipeline online only,plain_base,none,true,,valid three-class raw regions; U01 drop raw region #3; standard background/FP; no ignore region,,train,3,0,0,3,0
10.17632/gfcmdbvw65.4,v4,dataset-20260508.zip,049591afd4fc3529aedbd31ef9119f5ec0601ebcb8cbbd4a25b7e883fde147ce,d2-v4-stage2b5-v1,12_freeze_d2_protocol.py@1 + 10_prepare_d2_freeze_candidate.py@1,a587d1d3cf826ec476fe91356f472b4a1a2b78eca51376c392fc16846b825caf,1db875a1eb10d95d654d0f2d27a52815794db0d8,13436313853456744620,3589472428,70/15/15,test,IMG_6944.jpg,dataset-20260508/test/IMG_6944.jpg,dataset-20260508/test.json,original,sg-0205,gc-0204,one plain original per evidence source group; no dataset resize/offline augmentation; pipeline online only,plain_base,none,true,,valid three-class raw regions; U01 drop raw region #3; standard background/FP; no ignore region,,train,1,0,0,1,0
10.17632/gfcmdbvw65.4,v4,dataset-20260508.zip,049591afd4fc3529aedbd31ef9119f5ec0601ebcb8cbbd4a25b7e883fde147ce,d2-v4-stage2b5-v1,12_freeze_d2_protocol.py@1 + 10_prepare_d2_freeze_candidate.py@1,a587d1d3cf826ec476fe91356f472b4a1a2b78eca51376c392fc16846b825caf,1db875a1eb10d95d654d0f2d27a52815794db0d8,13436313853456744620,3589472428,70/15/15,test,IMG_6945.jpg,dataset-20260508/test/IMG_6945.jpg,dataset-20260508/test.json,original,sg-0206,gc-0205,one plain original per evidence source group; no dataset resize/offline augmentation; pipeline online only,plain_base,none,true,,valid three-class raw regions; U01 drop raw region #3; standard background/FP; no ignore region,,train,1,0,0,1,0
10.17632/gfcmdbvw65.4,v4,dataset-20260508.zip,049591afd4fc3529aedbd31ef9119f5ec0601ebcb8cbbd4a25b7e883fde147ce,d2-v4-stage2b5-v1,12_freeze_d2_protocol.py@1 + 10_prepare_d2_freeze_candidate.py@1,a587d1d3cf826ec476fe91356f472b4a1a2b78eca51376c392fc16846b825caf,1db875a1eb10d95d654d0f2d27a52815794db0d8,13436313853456744620,3589472428,70/15/15,test,IMG_6947.jpg,dataset-20260508/test/IMG_6947.jpg,dataset-20260508/test.json,original,sg-0207,gc-0206,one plain original per evidence source group; no dataset resize/offline augmentation; pipeline online only,plain_base,none,true,,valid three-class raw regions; U01 drop raw region #3; standard background/FP; no ignore region,,train,2,0,0,2,0
10.17632/gfcmdbvw65.4,v4,dataset-20260508.zip,049591afd4fc3529aedbd31ef9119f5ec0601ebcb8cbbd4a25b7e883fde147ce,d2-v4-stage2b5-v1,12_freeze_d2_protocol.py@1 + 10_prepare_d2_freeze_candidate.py@1,a587d1d3cf826ec476fe91356f472b4a1a2b78eca51376c392fc16846b825caf,1db875a1eb10d95d654d0f2d27a52815794db0d8,13436313853456744620,3589472428,70/15/15,test,IMG_6949.jpg,dataset-20260508/test/IMG_6949.jpg,dataset-20260508/test.json,original,sg-0208,gc-0207,one plain original per evidence source group; no dataset resize/offline augmentation; pipeline online only,plain_base,none,true,,valid three-class raw regions; U01 drop raw region #3; standard background/FP; no ignore region,,test,1,0,0,1,0
10.17632/gfcmdbvw65.4,v4,dataset-20260508.zip,049591afd4fc3529aedbd31ef9119f5ec0601ebcb8cbbd4a25b7e883fde147ce,d2-v4-stage2b5-v1,12_freeze_d2_protocol.py@1 + 10_prepare_d2_freeze_candidate.py@1,a587d1d3cf826ec476fe91356f472b4a1a2b78eca51376c392fc16846b825caf,1db875a1eb10d95d654d0f2d27a52815794db0d8,13436313853456744620,3589472428,70/15/15,test,IMG_6952.jpg,dataset-20260508/test/IMG_6952.jpg,dataset-20260508/test.json,original,sg-0209,gc-0208,one plain original per evidence source group; no dataset resize/offline augmentation; pipeline online only,plain_base,none,true,,valid three-class raw regions; U01 drop raw region #3; standard background/FP; no ignore region,,test,0,1,0,1,0
10.17632/gfcmdbvw65.4,v4,dataset-20260508.zip,049591afd4fc3529aedbd31ef9119f5ec0601ebcb8cbbd4a25b7e883fde147ce,d2-v4-stage2b5-v1,12_freeze_d2_protocol.py@1 + 10_prepare_d2_freeze_candidate.py@1,a587d1d3cf826ec476fe91356f472b4a1a2b78eca51376c392fc16846b825caf,1db875a1eb10d95d654d0f2d27a52815794db0d8,13436313853456744620,3589472428,70/15/15,test,IMG_6960.jpg,dataset-20260508/test/IMG_6960.jpg,dataset-20260508/test.json,original,sg-0210,gc-0209,one plain original per evidence source group; no dataset resize/offline augmentation; pipeline online only,plain_base,none,true,,valid three-class raw regions; U01 drop raw region #3; standard background/FP; no ignore region,,test,2,0,0,2,0
10.17632/gfcmdbvw65.4,v4,dataset-20260508.zip,049591afd4fc3529aedbd31ef9119f5ec0601ebcb8cbbd4a25b7e883fde147ce,d2-v4-stage2b5-v1,12_freeze_d2_protocol.py@1 + 10_prepare_d2_freeze_candidate.py@1,a587d1d3cf826ec476fe91356f472b4a1a2b78eca51376c392fc16846b825caf,1db875a1eb10d95d654d0f2d27a52815794db0d8,13436313853456744620,3589472428,70/15/15,test,IMG_6967.jpg,dataset-20260508/test/IMG_6967.jpg,dataset-20260508/test.json,original,sg-0211,gc-0210,one plain original per evidence source group; no dataset resize/offline augmentation; pipeline online only,plain_base,none,true,,valid three-class raw regions; U01 drop raw region #3; standard background/FP; no ignore region,,val,3,0,0,3,0
10.17632/gfcmdbvw65.4,v4,dataset-20260508.zip,049591afd4fc3529aedbd31ef9119f5ec0601ebcb8cbbd4a25b7e883fde147ce,d2-v4-stage2b5-v1,12_freeze_d2_protocol.py@1 + 10_prepare_d2_freeze_candidate.py@1,a587d1d3cf826ec476fe91356f472b4a1a2b78eca51376c392fc16846b825caf,1db875a1eb10d95d654d0f2d27a52815794db0d8,13436313853456744620,3589472428,70/15/15,test,IMG_6986.jpg,dataset-20260508/test/IMG_6986.jpg,dataset-20260508/test.json,original,sg-0212,gc-0211,one plain original per evidence source group; no dataset resize/offline augmentation; pipeline online only,plain_base,none,true,,valid three-class raw regions; U01 drop raw region #3; standard background/FP; no ignore region,,train,3,0,0,3,0
10.17632/gfcmdbvw65.4,v4,dataset-20260508.zip,049591afd4fc3529aedbd31ef9119f5ec0601ebcb8cbbd4a25b7e883fde147ce,d2-v4-stage2b5-v1,12_freeze_d2_protocol.py@1 + 10_prepare_d2_freeze_candidate.py@1,a587d1d3cf826ec476fe91356f472b4a1a2b78eca51376c392fc16846b825caf,1db875a1eb10d95d654d0f2d27a52815794db0d8,13436313853456744620,3589472428,70/15/15,test,IMG_6989.jpg,dataset-20260508/test/IMG_6989.jpg,dataset-20260508/test.json,original,sg-0213,gc-0212,one plain original per evidence source group; no dataset resize/offline augmentation; pipeline online only,plain_base,none,true,,valid three-class raw regions; U01 drop raw region #3; standard background/FP; no ignore region,,test,2,1,0,3,1
10.17632/gfcmdbvw65.4,v4,dataset-20260508.zip,049591afd4fc3529aedbd31ef9119f5ec0601ebcb8cbbd4a25b7e883fde147ce,d2-v4-stage2b5-v1,12_freeze_d2_protocol.py@1 + 10_prepare_d2_freeze_candidate.py@1,a587d1d3cf826ec476fe91356f472b4a1a2b78eca51376c392fc16846b825caf,1db875a1eb10d95d654d0f2d27a52815794db0d8,13436313853456744620,3589472428,70/15/15,test,IMG_6993.jpg,dataset-20260508/test/IMG_6993.jpg,dataset-20260508/test.json,original,sg-0214,gc-0213,one plain original per evidence source group; no dataset resize/offline augmentation; pipeline online only,plain_base,none,true,,valid three-class raw regions; U01 drop raw region #3; standard background/FP; no ignore region,,train,2,1,0,3,1
10.17632/gfcmdbvw65.4,v4,dataset-20260508.zip,049591afd4fc3529aedbd31ef9119f5ec0601ebcb8cbbd4a25b7e883fde147ce,d2-v4-stage2b5-v1,12_freeze_d2_protocol.py@1 + 10_prepare_d2_freeze_candidate.py@1,a587d1d3cf826ec476fe91356f472b4a1a2b78eca51376c392fc16846b825caf,1db875a1eb10d95d654d0f2d27a52815794db0d8,13436313853456744620,3589472428,70/15/15,test,IMG_6996.jpg,dataset-20260508/test/IMG_6996.jpg,dataset-20260508/test.json,original,sg-0215,gc-0214,one plain original per evidence source group; no dataset resize/offline augmentation; pipeline online only,plain_base,none,true,,valid three-class raw regions; U01 drop raw region #3; standard background/FP; no ignore region,,train,2,0,0,2,0
10.17632/gfcmdbvw65.4,v4,dataset-20260508.zip,049591afd4fc3529aedbd31ef9119f5ec0601ebcb8cbbd4a25b7e883fde147ce,d2-v4-stage2b5-v1,12_freeze_d2_protocol.py@1 + 10_prepare_d2_freeze_candidate.py@1,a587d1d3cf826ec476fe91356f472b4a1a2b78eca51376c392fc16846b825caf,1db875a1eb10d95d654d0f2d27a52815794db0d8,13436313853456744620,3589472428,70/15/15,test,IMG_6998.jpg,dataset-20260508/test/IMG_6998.jpg,dataset-20260508/test.json,original,sg-0216,gc-0215,one plain original per evidence source group; no dataset resize/offline augmentation; pipeline online only,plain_base,none,true,,valid three-class raw regions; U01 drop raw region #3; standard background/FP; no ignore region,,val,2,0,0,2,0
10.17632/gfcmdbvw65.4,v4,dataset-20260508.zip,049591afd4fc3529aedbd31ef9119f5ec0601ebcb8cbbd4a25b7e883fde147ce,d2-v4-stage2b5-v1,12_freeze_d2_protocol.py@1 + 10_prepare_d2_freeze_candidate.py@1,a587d1d3cf826ec476fe91356f472b4a1a2b78eca51376c392fc16846b825caf,1db875a1eb10d95d654d0f2d27a52815794db0d8,13436313853456744620,3589472428,70/15/15,test,IMG_7002.jpg,dataset-20260508/test/IMG_7002.jpg,dataset-20260508/test.json,original,sg-0217,gc-0216,one plain original per evidence source group; no dataset resize/offline augmentation; pipeline online only,plain_base,none,true,,valid three-class raw regions; U01 drop raw region #3; standard background/FP; no ignore region,,train,1,0,0,1,0
10.17632/gfcmdbvw65.4,v4,dataset-20260508.zip,049591afd4fc3529aedbd31ef9119f5ec0601ebcb8cbbd4a25b7e883fde147ce,d2-v4-stage2b5-v1,12_freeze_d2_protocol.py@1 + 10_prepare_d2_freeze_candidate.py@1,a587d1d3cf826ec476fe91356f472b4a1a2b78eca51376c392fc16846b825caf,1db875a1eb10d95d654d0f2d27a52815794db0d8,13436313853456744620,3589472428,70/15/15,test,IMG_7006.jpg,dataset-20260508/test/IMG_7006.jpg,dataset-20260508/test.json,original,sg-0218,gc-0217,one plain original per evidence source group; no dataset resize/offline augmentation; pipeline online only,plain_base,none,true,,valid three-class raw regions; U01 drop raw region #3; standard background/FP; no ignore region,,train,1,1,0,2,1
10.17632/gfcmdbvw65.4,v4,dataset-20260508.zip,049591afd4fc3529aedbd31ef9119f5ec0601ebcb8cbbd4a25b7e883fde147ce,d2-v4-stage2b5-v1,12_freeze_d2_protocol.py@1 + 10_prepare_d2_freeze_candidate.py@1,a587d1d3cf826ec476fe91356f472b4a1a2b78eca51376c392fc16846b825caf,1db875a1eb10d95d654d0f2d27a52815794db0d8,13436313853456744620,3589472428,70/15/15,test,IMG_7008.jpg,dataset-20260508/test/IMG_7008.jpg,dataset-20260508/test.json,original,sg-0219,gc-0218,one plain original per evidence source group; no dataset resize/offline augmentation; pipeline online only,plain_base,none,true,,valid three-class raw regions; U01 drop raw region #3; standard background/FP; no ignore region,,val,2,1,0,3,1
10.17632/gfcmdbvw65.4,v4,dataset-20260508.zip,049591afd4fc3529aedbd31ef9119f5ec0601ebcb8cbbd4a25b7e883fde147ce,d2-v4-stage2b5-v1,12_freeze_d2_protocol.py@1 + 10_prepare_d2_freeze_candidate.py@1,a587d1d3cf826ec476fe91356f472b4a1a2b78eca51376c392fc16846b825caf,1db875a1eb10d95d654d0f2d27a52815794db0d8,13436313853456744620,3589472428,70/15/15,test,IMG_7011.jpg,dataset-20260508/test/IMG_7011.jpg,dataset-20260508/test.json,original,sg-0220,gc-0219,one plain original per evidence source group; no dataset resize/offline augmentation; pipeline online only,plain_base,none,true,,valid three-class raw regions; U01 drop raw region #3; standard background/FP; no ignore region,,train,2,0,0,2,0
10.17632/gfcmdbvw65.4,v4,dataset-20260508.zip,049591afd4fc3529aedbd31ef9119f5ec0601ebcb8cbbd4a25b7e883fde147ce,d2-v4-stage2b5-v1,12_freeze_d2_protocol.py@1 + 10_prepare_d2_freeze_candidate.py@1,a587d1d3cf826ec476fe91356f472b4a1a2b78eca51376c392fc16846b825caf,1db875a1eb10d95d654d0f2d27a52815794db0d8,13436313853456744620,3589472428,70/15/15,test,IMG_7014.jpg,dataset-20260508/test/IMG_7014.jpg,dataset-20260508/test.json,original,sg-0221,gc-0220,one plain original per evidence source group; no dataset resize/offline augmentation; pipeline online only,plain_base,none,true,,valid three-class raw regions; U01 drop raw region #3; standard background/FP; no ignore region,,train,1,0,0,1,0
10.17632/gfcmdbvw65.4,v4,dataset-20260508.zip,049591afd4fc3529aedbd31ef9119f5ec0601ebcb8cbbd4a25b7e883fde147ce,d2-v4-stage2b5-v1,12_freeze_d2_protocol.py@1 + 10_prepare_d2_freeze_candidate.py@1,a587d1d3cf826ec476fe91356f472b4a1a2b78eca51376c392fc16846b825caf,1db875a1eb10d95d654d0f2d27a52815794db0d8,13436313853456744620,3589472428,70/15/15,test,IMG_7016.jpg,dataset-20260508/test/IMG_7016.jpg,dataset-20260508/test.json,original,sg-0222,gc-0221,one plain original per evidence source group; no dataset resize/offline augmentation; pipeline online only,plain_base,none,true,,valid three-class raw regions; U01 drop raw region #3; standard background/FP; no ignore region,,train,0,1,0,1,0
10.17632/gfcmdbvw65.4,v4,dataset-20260508.zip,049591afd4fc3529aedbd31ef9119f5ec0601ebcb8cbbd4a25b7e883fde147ce,d2-v4-stage2b5-v1,12_freeze_d2_protocol.py@1 + 10_prepare_d2_freeze_candidate.py@1,a587d1d3cf826ec476fe91356f472b4a1a2b78eca51376c392fc16846b825caf,1db875a1eb10d95d654d0f2d27a52815794db0d8,13436313853456744620,3589472428,70/15/15,test,IMG_7020.jpg,dataset-20260508/test/IMG_7020.jpg,dataset-20260508/test.json,original,sg-0223,gc-0222,one plain original per evidence source group; no dataset resize/offline augmentation; pipeline online only,plain_base,none,true,,valid three-class raw regions; U01 drop raw region #3; standard background/FP; no ignore region,,train,1,0,0,1,0
10.17632/gfcmdbvw65.4,v4,dataset-20260508.zip,049591afd4fc3529aedbd31ef9119f5ec0601ebcb8cbbd4a25b7e883fde147ce,d2-v4-stage2b5-v1,12_freeze_d2_protocol.py@1 + 10_prepare_d2_freeze_candidate.py@1,a587d1d3cf826ec476fe91356f472b4a1a2b78eca51376c392fc16846b825caf,1db875a1eb10d95d654d0f2d27a52815794db0d8,13436313853456744620,3589472428,70/15/15,test,IMG_7026.jpg,dataset-20260508/test/IMG_7026.jpg,dataset-20260508/test.json,original,sg-0224,gc-0223,one plain original per evidence source group; no dataset resize/offline augmentation; pipeline online only,plain_base,none,true,,valid three-class raw regions; U01 drop raw region #3; standard background/FP; no ignore region,,train,2,0,0,2,0
10.17632/gfcmdbvw65.4,v4,dataset-20260508.zip,049591afd4fc3529aedbd31ef9119f5ec0601ebcb8cbbd4a25b7e883fde147ce,d2-v4-stage2b5-v1,12_freeze_d2_protocol.py@1 + 10_prepare_d2_freeze_candidate.py@1,a587d1d3cf826ec476fe91356f472b4a1a2b78eca51376c392fc16846b825caf,1db875a1eb10d95d654d0f2d27a52815794db0d8,13436313853456744620,3589472428,70/15/15,test,IMG_7029.jpg,dataset-20260508/test/IMG_7029.jpg,dataset-20260508/test.json,original,sg-0225,gc-0224,one plain original per evidence source group; no dataset resize/offline augmentation; pipeline online only,plain_base,none,true,,valid three-class raw regions; U01 drop raw region #3; standard background/FP; no ignore region,,train,2,0,0,2,0
10.17632/gfcmdbvw65.4,v4,dataset-20260508.zip,049591afd4fc3529aedbd31ef9119f5ec0601ebcb8cbbd4a25b7e883fde147ce,d2-v4-stage2b5-v1,12_freeze_d2_protocol.py@1 + 10_prepare_d2_freeze_candidate.py@1,a587d1d3cf826ec476fe91356f472b4a1a2b78eca51376c392fc16846b825caf,1db875a1eb10d95d654d0f2d27a52815794db0d8,13436313853456744620,3589472428,70/15/15,test,IMG_7032.jpg,dataset-20260508/test/IMG_7032.jpg,dataset-20260508/test.json,original,sg-0226,gc-0225,one plain original per evidence source group; no dataset resize/offline augmentation; pipeline online only,plain_base,none,true,,valid three-class raw regions; U01 drop raw region #3; standard background/FP; no ignore region,,train,2,0,0,2,0
10.17632/gfcmdbvw65.4,v4,dataset-20260508.zip,049591afd4fc3529aedbd31ef9119f5ec0601ebcb8cbbd4a25b7e883fde147ce,d2-v4-stage2b5-v1,12_freeze_d2_protocol.py@1 + 10_prepare_d2_freeze_candidate.py@1,a587d1d3cf826ec476fe91356f472b4a1a2b78eca51376c392fc16846b825caf,1db875a1eb10d95d654d0f2d27a52815794db0d8,13436313853456744620,3589472428,70/15/15,test,IMG_7041.jpg,dataset-20260508/test/IMG_7041.jpg,dataset-20260508/test.json,original,sg-0227,gc-0226,one plain original per evidence source group; no dataset resize/offline augmentation; pipeline online only,plain_base,none,true,,valid three-class raw regions; U01 drop raw region #3; standard background/FP; no ignore region,,train,2,0,0,2,0
10.17632/gfcmdbvw65.4,v4,dataset-20260508.zip,049591afd4fc3529aedbd31ef9119f5ec0601ebcb8cbbd4a25b7e883fde147ce,d2-v4-stage2b5-v1,12_freeze_d2_protocol.py@1 + 10_prepare_d2_freeze_candidate.py@1,a587d1d3cf826ec476fe91356f472b4a1a2b78eca51376c392fc16846b825caf,1db875a1eb10d95d654d0f2d27a52815794db0d8,13436313853456744620,3589472428,70/15/15,test,IMG_7044.jpg,dataset-20260508/test/IMG_7044.jpg,dataset-20260508/test.json,original,sg-0228,gc-0227,one plain original per evidence source group; no dataset resize/offline augmentation; pipeline online only,plain_base,none,true,,valid three-class raw regions; U01 drop raw region #3; standard background/FP; no ignore region,,val,1,0,0,1,0
10.17632/gfcmdbvw65.4,v4,dataset-20260508.zip,049591afd4fc3529aedbd31ef9119f5ec0601ebcb8cbbd4a25b7e883fde147ce,d2-v4-stage2b5-v1,12_freeze_d2_protocol.py@1 + 10_prepare_d2_freeze_candidate.py@1,a587d1d3cf826ec476fe91356f472b4a1a2b78eca51376c392fc16846b825caf,1db875a1eb10d95d654d0f2d27a52815794db0d8,13436313853456744620,3589472428,70/15/15,test,IMG_7045.jpg,dataset-20260508/test/IMG_7045.jpg,dataset-20260508/test.json,original,sg-0229,gc-0228,one plain original per evidence source group; no dataset resize/offline augmentation; pipeline online only,plain_base,none,true,,valid three-class raw regions; U01 drop raw region #3; standard background/FP; no ignore region,,train,2,0,0,2,0
10.17632/gfcmdbvw65.4,v4,dataset-20260508.zip,049591afd4fc3529aedbd31ef9119f5ec0601ebcb8cbbd4a25b7e883fde147ce,d2-v4-stage2b5-v1,12_freeze_d2_protocol.py@1 + 10_prepare_d2_freeze_candidate.py@1,a587d1d3cf826ec476fe91356f472b4a1a2b78eca51376c392fc16846b825caf,1db875a1eb10d95d654d0f2d27a52815794db0d8,13436313853456744620,3589472428,70/15/15,test,IMG_7049.jpg,dataset-20260508/test/IMG_7049.jpg,dataset-20260508/test.json,original,sg-0230,gc-0229,one plain original per evidence source group; no dataset resize/offline augmentation; pipeline online only,plain_base,none,true,,valid three-class raw regions; U01 drop raw region #3; standard background/FP; no ignore region,,train,1,0,0,1,0
10.17632/gfcmdbvw65.4,v4,dataset-20260508.zip,049591afd4fc3529aedbd31ef9119f5ec0601ebcb8cbbd4a25b7e883fde147ce,d2-v4-stage2b5-v1,12_freeze_d2_protocol.py@1 + 10_prepare_d2_freeze_candidate.py@1,a587d1d3cf826ec476fe91356f472b4a1a2b78eca51376c392fc16846b825caf,1db875a1eb10d95d654d0f2d27a52815794db0d8,13436313853456744620,3589472428,70/15/15,test,IMG_7051.jpg,dataset-20260508/test/IMG_7051.jpg,dataset-20260508/test.json,original,sg-0231,gc-0230,one plain original per evidence source group; no dataset resize/offline augmentation; pipeline online only,plain_base,none,true,,valid three-class raw regions; U01 drop raw region #3; standard background/FP; no ignore region,,train,2,0,0,2,0
10.17632/gfcmdbvw65.4,v4,dataset-20260508.zip,049591afd4fc3529aedbd31ef9119f5ec0601ebcb8cbbd4a25b7e883fde147ce,d2-v4-stage2b5-v1,12_freeze_d2_protocol.py@1 + 10_prepare_d2_freeze_candidate.py@1,a587d1d3cf826ec476fe91356f472b4a1a2b78eca51376c392fc16846b825caf,1db875a1eb10d95d654d0f2d27a52815794db0d8,13436313853456744620,3589472428,70/15/15,test,IMG_7053.jpg,dataset-20260508/test/IMG_7053.jpg,dataset-20260508/test.json,original,sg-0232,gc-0231,one plain original per evidence source group; no dataset resize/offline augmentation; pipeline online only,plain_base,none,true,,valid three-class raw regions; U01 drop raw region #3; standard background/FP; no ignore region,,test,1,1,0,2,1
10.17632/gfcmdbvw65.4,v4,dataset-20260508.zip,049591afd4fc3529aedbd31ef9119f5ec0601ebcb8cbbd4a25b7e883fde147ce,d2-v4-stage2b5-v1,12_freeze_d2_protocol.py@1 + 10_prepare_d2_freeze_candidate.py@1,a587d1d3cf826ec476fe91356f472b4a1a2b78eca51376c392fc16846b825caf,1db875a1eb10d95d654d0f2d27a52815794db0d8,13436313853456744620,3589472428,70/15/15,test,IMG_7057.jpg,dataset-20260508/test/IMG_7057.jpg,dataset-20260508/test.json,original,sg-0233,gc-0232,one plain original per evidence source group; no dataset resize/offline augmentation; pipeline online only,plain_base,none,true,,valid three-class raw regions; U01 drop raw region #3; standard background/FP; no ignore region,,train,4,0,0,4,0
10.17632/gfcmdbvw65.4,v4,dataset-20260508.zip,049591afd4fc3529aedbd31ef9119f5ec0601ebcb8cbbd4a25b7e883fde147ce,d2-v4-stage2b5-v1,12_freeze_d2_protocol.py@1 + 10_prepare_d2_freeze_candidate.py@1,a587d1d3cf826ec476fe91356f472b4a1a2b78eca51376c392fc16846b825caf,1db875a1eb10d95d654d0f2d27a52815794db0d8,13436313853456744620,3589472428,70/15/15,test,IMG_7059.jpg,dataset-20260508/test/IMG_7059.jpg,dataset-20260508/test.json,original,sg-0234,gc-0233,one plain original per evidence source group; no dataset resize/offline augmentation; pipeline online only,plain_base,none,true,,valid three-class raw regions; U01 drop raw region #3; standard background/FP; no ignore region,,test,1,0,0,1,0
10.17632/gfcmdbvw65.4,v4,dataset-20260508.zip,049591afd4fc3529aedbd31ef9119f5ec0601ebcb8cbbd4a25b7e883fde147ce,d2-v4-stage2b5-v1,12_freeze_d2_protocol.py@1 + 10_prepare_d2_freeze_candidate.py@1,a587d1d3cf826ec476fe91356f472b4a1a2b78eca51376c392fc16846b825caf,1db875a1eb10d95d654d0f2d27a52815794db0d8,13436313853456744620,3589472428,70/15/15,test,IMG_7062.jpg,dataset-20260508/test/IMG_7062.jpg,dataset-20260508/test.json,original,sg-0235,gc-0234,one plain original per evidence source group; no dataset resize/offline augmentation; pipeline online only,plain_base,none,true,,valid three-class raw regions; U01 drop raw region #3; standard background/FP; no ignore region,,train,1,0,0,1,0
10.17632/gfcmdbvw65.4,v4,dataset-20260508.zip,049591afd4fc3529aedbd31ef9119f5ec0601ebcb8cbbd4a25b7e883fde147ce,d2-v4-stage2b5-v1,12_freeze_d2_protocol.py@1 + 10_prepare_d2_freeze_candidate.py@1,a587d1d3cf826ec476fe91356f472b4a1a2b78eca51376c392fc16846b825caf,1db875a1eb10d95d654d0f2d27a52815794db0d8,13436313853456744620,3589472428,70/15/15,test,IMG_7064.jpg,dataset-20260508/test/IMG_7064.jpg,dataset-20260508/test.json,original,sg-0236,gc-0235,one plain original per evidence source group; no dataset resize/offline augmentation; pipeline online only,plain_base,none,true,,valid three-class raw regions; U01 drop raw region #3; standard background/FP; no ignore region,,val,1,0,0,1,0
10.17632/gfcmdbvw65.4,v4,dataset-20260508.zip,049591afd4fc3529aedbd31ef9119f5ec0601ebcb8cbbd4a25b7e883fde147ce,d2-v4-stage2b5-v1,12_freeze_d2_protocol.py@1 + 10_prepare_d2_freeze_candidate.py@1,a587d1d3cf826ec476fe91356f472b4a1a2b78eca51376c392fc16846b825caf,1db875a1eb10d95d654d0f2d27a52815794db0d8,13436313853456744620,3589472428,70/15/15,test,IMG_7068.jpg,dataset-20260508/test/IMG_7068.jpg,dataset-20260508/test.json,original,sg-0237,gc-0236,one plain original per evidence source group; no dataset resize/offline augmentation; pipeline online only,plain_base,none,true,,valid three-class raw regions; U01 drop raw region #3; standard background/FP; no ignore region,,train,2,0,0,2,0
10.17632/gfcmdbvw65.4,v4,dataset-20260508.zip,049591afd4fc3529aedbd31ef9119f5ec0601ebcb8cbbd4a25b7e883fde147ce,d2-v4-stage2b5-v1,12_freeze_d2_protocol.py@1 + 10_prepare_d2_freeze_candidate.py@1,a587d1d3cf826ec476fe91356f472b4a1a2b78eca51376c392fc16846b825caf,1db875a1eb10d95d654d0f2d27a52815794db0d8,13436313853456744620,3589472428,70/15/15,train,100.jpg,dataset-20260508/train/100.jpg,dataset-20260508/train.json,original,sg-0238,gc-0237,one plain original per evidence source group; no dataset resize/offline augmentation; pipeline online only,plain_base,none,true,,valid three-class raw regions; U01 drop raw region #3; standard background/FP; no ignore region,,train,0,0,4,4,0
10.17632/gfcmdbvw65.4,v4,dataset-20260508.zip,049591afd4fc3529aedbd31ef9119f5ec0601ebcb8cbbd4a25b7e883fde147ce,d2-v4-stage2b5-v1,12_freeze_d2_protocol.py@1 + 10_prepare_d2_freeze_candidate.py@1,a587d1d3cf826ec476fe91356f472b4a1a2b78eca51376c392fc16846b825caf,1db875a1eb10d95d654d0f2d27a52815794db0d8,13436313853456744620,3589472428,70/15/15,train,10000.jpg,dataset-20260508/train/10000.jpg,dataset-20260508/train.json,original,sg-0239,gc-0238,one plain original per evidence source group; no dataset resize/offline augmentation; pipeline online only,plain_base,none,true,,valid three-class raw regions; U01 drop raw region #3; standard background/FP; no ignore region,,train,0,0,2,2,0
10.17632/gfcmdbvw65.4,v4,dataset-20260508.zip,049591afd4fc3529aedbd31ef9119f5ec0601ebcb8cbbd4a25b7e883fde147ce,d2-v4-stage2b5-v1,12_freeze_d2_protocol.py@1 + 10_prepare_d2_freeze_candidate.py@1,a587d1d3cf826ec476fe91356f472b4a1a2b78eca51376c392fc16846b825caf,1db875a1eb10d95d654d0f2d27a52815794db0d8,13436313853456744620,3589472428,70/15/15,train,1000000.jpg,dataset-20260508/train/1000000.jpg,dataset-20260508/train.json,original,sg-0240,gc-0239,one plain original per evidence source group; no dataset resize/offline augmentation; pipeline online only,plain_base,none,true,,valid three-class raw regions; U01 drop raw region #3; standard background/FP; no ignore region,,test,0,0,2,2,0
10.17632/gfcmdbvw65.4,v4,dataset-20260508.zip,049591afd4fc3529aedbd31ef9119f5ec0601ebcb8cbbd4a25b7e883fde147ce,d2-v4-stage2b5-v1,12_freeze_d2_protocol.py@1 + 10_prepare_d2_freeze_candidate.py@1,a587d1d3cf826ec476fe91356f472b4a1a2b78eca51376c392fc16846b825caf,1db875a1eb10d95d654d0f2d27a52815794db0d8,13436313853456744620,3589472428,70/15/15,train,101.jpg,dataset-20260508/train/101.jpg,dataset-20260508/train.json,original,sg-0241,gc-0240,one plain original per evidence source group; no dataset resize/offline augmentation; pipeline online only,plain_base,none,true,,valid three-class raw regions; U01 drop raw region #3; standard background/FP; no ignore region,,val,0,0,2,2,0
10.17632/gfcmdbvw65.4,v4,dataset-20260508.zip,049591afd4fc3529aedbd31ef9119f5ec0601ebcb8cbbd4a25b7e883fde147ce,d2-v4-stage2b5-v1,12_freeze_d2_protocol.py@1 + 10_prepare_d2_freeze_candidate.py@1,a587d1d3cf826ec476fe91356f472b4a1a2b78eca51376c392fc16846b825caf,1db875a1eb10d95d654d0f2d27a52815794db0d8,13436313853456744620,3589472428,70/15/15,train,1020.jpg,dataset-20260508/train/1020.jpg,dataset-20260508/train.json,original,sg-0242,gc-0241,one plain original per evidence source group; no dataset resize/offline augmentation; pipeline online only,plain_base,none,true,,valid three-class raw regions; U01 drop raw region #3; standard background/FP; no ignore region,,test,0,0,2,2,0
10.17632/gfcmdbvw65.4,v4,dataset-20260508.zip,049591afd4fc3529aedbd31ef9119f5ec0601ebcb8cbbd4a25b7e883fde147ce,d2-v4-stage2b5-v1,12_freeze_d2_protocol.py@1 + 10_prepare_d2_freeze_candidate.py@1,a587d1d3cf826ec476fe91356f472b4a1a2b78eca51376c392fc16846b825caf,1db875a1eb10d95d654d0f2d27a52815794db0d8,13436313853456744620,3589472428,70/15/15,train,1050.jpg,dataset-20260508/train/1050.jpg,dataset-20260508/train.json,original,sg-0243,gc-0242,one plain original per evidence source group; no dataset resize/offline augmentation; pipeline online only,plain_base,none,true,,valid three-class raw regions; U01 drop raw region #3; standard background/FP; no ignore region,,train,0,1,2,3,1
10.17632/gfcmdbvw65.4,v4,dataset-20260508.zip,049591afd4fc3529aedbd31ef9119f5ec0601ebcb8cbbd4a25b7e883fde147ce,d2-v4-stage2b5-v1,12_freeze_d2_protocol.py@1 + 10_prepare_d2_freeze_candidate.py@1,a587d1d3cf826ec476fe91356f472b4a1a2b78eca51376c392fc16846b825caf,1db875a1eb10d95d654d0f2d27a52815794db0d8,13436313853456744620,3589472428,70/15/15,train,1060.jpg,dataset-20260508/train/1060.jpg,dataset-20260508/train.json,original,sg-0244,gc-0243,one plain original per evidence source group; no dataset resize/offline augmentation; pipeline online only,plain_base,none,true,,valid three-class raw regions; U01 drop raw region #3; standard background/FP; no ignore region,,train,0,0,2,2,0
10.17632/gfcmdbvw65.4,v4,dataset-20260508.zip,049591afd4fc3529aedbd31ef9119f5ec0601ebcb8cbbd4a25b7e883fde147ce,d2-v4-stage2b5-v1,12_freeze_d2_protocol.py@1 + 10_prepare_d2_freeze_candidate.py@1,a587d1d3cf826ec476fe91356f472b4a1a2b78eca51376c392fc16846b825caf,1db875a1eb10d95d654d0f2d27a52815794db0d8,13436313853456744620,3589472428,70/15/15,train,1100.jpg,dataset-20260508/train/1100.jpg,dataset-20260508/train.json,original,sg-0245,gc-0244,one plain original per evidence source group; no dataset resize/offline augmentation; pipeline online only,plain_base,none,true,,valid three-class raw regions; U01 drop raw region #3; standard background/FP; no ignore region,,val,1,3,4,8,1
10.17632/gfcmdbvw65.4,v4,dataset-20260508.zip,049591afd4fc3529aedbd31ef9119f5ec0601ebcb8cbbd4a25b7e883fde147ce,d2-v4-stage2b5-v1,12_freeze_d2_protocol.py@1 + 10_prepare_d2_freeze_candidate.py@1,a587d1d3cf826ec476fe91356f472b4a1a2b78eca51376c392fc16846b825caf,1db875a1eb10d95d654d0f2d27a52815794db0d8,13436313853456744620,3589472428,70/15/15,train,1120.jpg,dataset-20260508/train/1120.jpg,dataset-20260508/train.json,original,sg-0247,gc-0246,one plain original per evidence source group; no dataset resize/offline augmentation; pipeline online only,plain_base,none,true,,valid three-class raw regions; U01 drop raw region #3; standard background/FP; no ignore region,,train,0,0,1,1,0
10.17632/gfcmdbvw65.4,v4,dataset-20260508.zip,049591afd4fc3529aedbd31ef9119f5ec0601ebcb8cbbd4a25b7e883fde147ce,d2-v4-stage2b5-v1,12_freeze_d2_protocol.py@1 + 10_prepare_d2_freeze_candidate.py@1,a587d1d3cf826ec476fe91356f472b4a1a2b78eca51376c392fc16846b825caf,1db875a1eb10d95d654d0f2d27a52815794db0d8,13436313853456744620,3589472428,70/15/15,train,1160.jpg,dataset-20260508/train/1160.jpg,dataset-20260508/train.json,original,sg-0248,gc-0247,one plain original per evidence source group; no dataset resize/offline augmentation; pipeline online only,plain_base,none,true,,valid three-class raw regions; U01 drop raw region #3; standard background/FP; no ignore region,,train,0,0,2,2,0
10.17632/gfcmdbvw65.4,v4,dataset-20260508.zip,049591afd4fc3529aedbd31ef9119f5ec0601ebcb8cbbd4a25b7e883fde147ce,d2-v4-stage2b5-v1,12_freeze_d2_protocol.py@1 + 10_prepare_d2_freeze_candidate.py@1,a587d1d3cf826ec476fe91356f472b4a1a2b78eca51376c392fc16846b825caf,1db875a1eb10d95d654d0f2d27a52815794db0d8,13436313853456744620,3589472428,70/15/15,train,1190.jpg,dataset-20260508/train/1190.jpg,dataset-20260508/train.json,original,sg-0250,gc-0249,one plain original per evidence source group; no dataset resize/offline augmentation; pipeline online only,plain_base,none,true,,valid three-class raw regions; U01 drop raw region #3; standard background/FP; no ignore region,,train,0,0,2,2,0
10.17632/gfcmdbvw65.4,v4,dataset-20260508.zip,049591afd4fc3529aedbd31ef9119f5ec0601ebcb8cbbd4a25b7e883fde147ce,d2-v4-stage2b5-v1,12_freeze_d2_protocol.py@1 + 10_prepare_d2_freeze_candidate.py@1,a587d1d3cf826ec476fe91356f472b4a1a2b78eca51376c392fc16846b825caf,1db875a1eb10d95d654d0f2d27a52815794db0d8,13436313853456744620,3589472428,70/15/15,train,12.jpg,dataset-20260508/train/12.jpg,dataset-20260508/train.json,original,sg-0251,gc-0250,one plain original per evidence source group; no dataset resize/offline augmentation; pipeline online only,plain_base,none,true,,valid three-class raw regions; U01 drop raw region #3; standard background/FP; no ignore region,,train,0,0,4,4,0
10.17632/gfcmdbvw65.4,v4,dataset-20260508.zip,049591afd4fc3529aedbd31ef9119f5ec0601ebcb8cbbd4a25b7e883fde147ce,d2-v4-stage2b5-v1,12_freeze_d2_protocol.py@1 + 10_prepare_d2_freeze_candidate.py@1,a587d1d3cf826ec476fe91356f472b4a1a2b78eca51376c392fc16846b825caf,1db875a1eb10d95d654d0f2d27a52815794db0d8,13436313853456744620,3589472428,70/15/15,train,1200.jpg,dataset-20260508/train/1200.jpg,dataset-20260508/train.json,original,sg-0252,gc-0251,one plain original per evidence source group; no dataset resize/offline augmentation; pipeline online only,plain_base,none,true,,valid three-class raw regions; U01 drop raw region #3; standard background/FP; no ignore region,,val,0,0,1,1,0
10.17632/gfcmdbvw65.4,v4,dataset-20260508.zip,049591afd4fc3529aedbd31ef9119f5ec0601ebcb8cbbd4a25b7e883fde147ce,d2-v4-stage2b5-v1,12_freeze_d2_protocol.py@1 + 10_prepare_d2_freeze_candidate.py@1,a587d1d3cf826ec476fe91356f472b4a1a2b78eca51376c392fc16846b825caf,1db875a1eb10d95d654d0f2d27a52815794db0d8,13436313853456744620,3589472428,70/15/15,train,1250.jpg,dataset-20260508/train/1250.jpg,dataset-20260508/train.json,original,sg-0253,gc-0252,one plain original per evidence source group; no dataset resize/offline augmentation; pipeline online only,plain_base,none,true,,valid three-class raw regions; U01 drop raw region #3; standard background/FP; no ignore region,,val,0,1,0,1,0
10.17632/gfcmdbvw65.4,v4,dataset-20260508.zip,049591afd4fc3529aedbd31ef9119f5ec0601ebcb8cbbd4a25b7e883fde147ce,d2-v4-stage2b5-v1,12_freeze_d2_protocol.py@1 + 10_prepare_d2_freeze_candidate.py@1,a587d1d3cf826ec476fe91356f472b4a1a2b78eca51376c392fc16846b825caf,1db875a1eb10d95d654d0f2d27a52815794db0d8,13436313853456744620,3589472428,70/15/15,train,1260.jpg,dataset-20260508/train/1260.jpg,dataset-20260508/train.json,original,sg-0254,gc-0253,one plain original per evidence source group; no dataset resize/offline augmentation; pipeline online only,plain_base,none,true,,valid three-class raw regions; U01 drop raw region #3; standard background/FP; no ignore region,,train,0,3,0,3,0
10.17632/gfcmdbvw65.4,v4,dataset-20260508.zip,049591afd4fc3529aedbd31ef9119f5ec0601ebcb8cbbd4a25b7e883fde147ce,d2-v4-stage2b5-v1,12_freeze_d2_protocol.py@1 + 10_prepare_d2_freeze_candidate.py@1,a587d1d3cf826ec476fe91356f472b4a1a2b78eca51376c392fc16846b825caf,1db875a1eb10d95d654d0f2d27a52815794db0d8,13436313853456744620,3589472428,70/15/15,train,128.jpg,dataset-20260508/train/128.jpg,dataset-20260508/train.json,original,sg-0255,gc-0254,one plain original per evidence source group; no dataset resize/offline augmentation; pipeline online only,plain_base,none,true,,valid three-class raw regions; U01 drop raw region #3; standard background/FP; no ignore region,,train,1,2,0,3,1
10.17632/gfcmdbvw65.4,v4,dataset-20260508.zip,049591afd4fc3529aedbd31ef9119f5ec0601ebcb8cbbd4a25b7e883fde147ce,d2-v4-stage2b5-v1,12_freeze_d2_protocol.py@1 + 10_prepare_d2_freeze_candidate.py@1,a587d1d3cf826ec476fe91356f472b4a1a2b78eca51376c392fc16846b825caf,1db875a1eb10d95d654d0f2d27a52815794db0d8,13436313853456744620,3589472428,70/15/15,train,13.jpg,dataset-20260508/train/13.jpg,dataset-20260508/train.json,original,sg-0256,gc-0255,one plain original per evidence source group; no dataset resize/offline augmentation; pipeline online only,plain_base,none,true,,valid three-class raw regions; U01 drop raw region #3; standard background/FP; no ignore region,,train,0,2,2,4,1
10.17632/gfcmdbvw65.4,v4,dataset-20260508.zip,049591afd4fc3529aedbd31ef9119f5ec0601ebcb8cbbd4a25b7e883fde147ce,d2-v4-stage2b5-v1,12_freeze_d2_protocol.py@1 + 10_prepare_d2_freeze_candidate.py@1,a587d1d3cf826ec476fe91356f472b4a1a2b78eca51376c392fc16846b825caf,1db875a1eb10d95d654d0f2d27a52815794db0d8,13436313853456744620,3589472428,70/15/15,train,130.jpg,dataset-20260508/train/130.jpg,dataset-20260508/train.json,original,sg-0257,gc-0256,one plain original per evidence source group; no dataset resize/offline augmentation; pipeline online only,plain_base,none,true,,valid three-class raw regions; U01 drop raw region #3; standard background/FP; no ignore region,,test,0,1,0,1,0
10.17632/gfcmdbvw65.4,v4,dataset-20260508.zip,049591afd4fc3529aedbd31ef9119f5ec0601ebcb8cbbd4a25b7e883fde147ce,d2-v4-stage2b5-v1,12_freeze_d2_protocol.py@1 + 10_prepare_d2_freeze_candidate.py@1,a587d1d3cf826ec476fe91356f472b4a1a2b78eca51376c392fc16846b825caf,1db875a1eb10d95d654d0f2d27a52815794db0d8,13436313853456744620,3589472428,70/15/15,train,1310.jpg,dataset-20260508/train/1310.jpg,dataset-20260508/train.json,original,sg-0258,gc-0257,one plain original per evidence source group; no dataset resize/offline augmentation; pipeline online only,plain_base,none,true,,valid three-class raw regions; U01 drop raw region #3; standard background/FP; no ignore region,,train,0,1,0,1,0
10.17632/gfcmdbvw65.4,v4,dataset-20260508.zip,049591afd4fc3529aedbd31ef9119f5ec0601ebcb8cbbd4a25b7e883fde147ce,d2-v4-stage2b5-v1,12_freeze_d2_protocol.py@1 + 10_prepare_d2_freeze_candidate.py@1,a587d1d3cf826ec476fe91356f472b4a1a2b78eca51376c392fc16846b825caf,1db875a1eb10d95d654d0f2d27a52815794db0d8,13436313853456744620,3589472428,70/15/15,train,1320.jpg,dataset-20260508/train/1320.jpg,dataset-20260508/train.json,original,sg-0259,gc-0030,one plain original per evidence source group; no dataset resize/offline augmentation; pipeline online only,plain_base,none,true,,valid three-class raw regions; U01 drop raw region #3; standard background/FP; no ignore region,,train,0,1,0,1,0
10.17632/gfcmdbvw65.4,v4,dataset-20260508.zip,049591afd4fc3529aedbd31ef9119f5ec0601ebcb8cbbd4a25b7e883fde147ce,d2-v4-stage2b5-v1,12_freeze_d2_protocol.py@1 + 10_prepare_d2_freeze_candidate.py@1,a587d1d3cf826ec476fe91356f472b4a1a2b78eca51376c392fc16846b825caf,1db875a1eb10d95d654d0f2d27a52815794db0d8,13436313853456744620,3589472428,70/15/15,train,1330.jpg,dataset-20260508/train/1330.jpg,dataset-20260508/train.json,original,sg-0260,gc-0258,one plain original per evidence source group; no dataset resize/offline augmentation; pipeline online only,plain_base,none,true,,valid three-class raw regions; U01 drop raw region #3; standard background/FP; no ignore region,,test,0,2,0,2,0
10.17632/gfcmdbvw65.4,v4,dataset-20260508.zip,049591afd4fc3529aedbd31ef9119f5ec0601ebcb8cbbd4a25b7e883fde147ce,d2-v4-stage2b5-v1,12_freeze_d2_protocol.py@1 + 10_prepare_d2_freeze_candidate.py@1,a587d1d3cf826ec476fe91356f472b4a1a2b78eca51376c392fc16846b825caf,1db875a1eb10d95d654d0f2d27a52815794db0d8,13436313853456744620,3589472428,70/15/15,train,1340.jpg,dataset-20260508/train/1340.jpg,dataset-20260508/train.json,original,sg-0261,gc-0259,one plain original per evidence source group; no dataset resize/offline augmentation; pipeline online only,plain_base,none,true,,valid three-class raw regions; U01 drop raw region #3; standard background/FP; no ignore region,,train,0,1,0,1,0
10.17632/gfcmdbvw65.4,v4,dataset-20260508.zip,049591afd4fc3529aedbd31ef9119f5ec0601ebcb8cbbd4a25b7e883fde147ce,d2-v4-stage2b5-v1,12_freeze_d2_protocol.py@1 + 10_prepare_d2_freeze_candidate.py@1,a587d1d3cf826ec476fe91356f472b4a1a2b78eca51376c392fc16846b825caf,1db875a1eb10d95d654d0f2d27a52815794db0d8,13436313853456744620,3589472428,70/15/15,train,1350.jpg,dataset-20260508/train/1350.jpg,dataset-20260508/train.json,original,sg-0262,gc-0260,one plain original per evidence source group; no dataset resize/offline augmentation; pipeline online only,plain_base,none,true,,valid three-class raw regions; U01 drop raw region #3; standard background/FP; no ignore region,,train,0,0,1,1,0
10.17632/gfcmdbvw65.4,v4,dataset-20260508.zip,049591afd4fc3529aedbd31ef9119f5ec0601ebcb8cbbd4a25b7e883fde147ce,d2-v4-stage2b5-v1,12_freeze_d2_protocol.py@1 + 10_prepare_d2_freeze_candidate.py@1,a587d1d3cf826ec476fe91356f472b4a1a2b78eca51376c392fc16846b825caf,1db875a1eb10d95d654d0f2d27a52815794db0d8,13436313853456744620,3589472428,70/15/15,train,1390.jpg,dataset-20260508/train/1390.jpg,dataset-20260508/train.json,original,sg-0264,gc-0032,one plain original per evidence source group; no dataset resize/offline augmentation; pipeline online only,plain_base,none,true,,valid three-class raw regions; U01 drop raw region #3; standard background/FP; no ignore region,,train,0,1,0,1,0
10.17632/gfcmdbvw65.4,v4,dataset-20260508.zip,049591afd4fc3529aedbd31ef9119f5ec0601ebcb8cbbd4a25b7e883fde147ce,d2-v4-stage2b5-v1,12_freeze_d2_protocol.py@1 + 10_prepare_d2_freeze_candidate.py@1,a587d1d3cf826ec476fe91356f472b4a1a2b78eca51376c392fc16846b825caf,1db875a1eb10d95d654d0f2d27a52815794db0d8,13436313853456744620,3589472428,70/15/15,train,1450.jpg,dataset-20260508/train/1450.jpg,dataset-20260508/train.json,original,sg-0266,gc-0263,one plain original per evidence source group; no dataset resize/offline augmentation; pipeline online only,plain_base,none,true,,valid three-class raw regions; U01 drop raw region #3; standard background/FP; no ignore region,,train,0,1,0,1,0
10.17632/gfcmdbvw65.4,v4,dataset-20260508.zip,049591afd4fc3529aedbd31ef9119f5ec0601ebcb8cbbd4a25b7e883fde147ce,d2-v4-stage2b5-v1,12_freeze_d2_protocol.py@1 + 10_prepare_d2_freeze_candidate.py@1,a587d1d3cf826ec476fe91356f472b4a1a2b78eca51376c392fc16846b825caf,1db875a1eb10d95d654d0f2d27a52815794db0d8,13436313853456744620,3589472428,70/15/15,train,1460.jpg,dataset-20260508/train/1460.jpg,dataset-20260508/train.json,original,sg-0267,gc-0264,one plain original per evidence source group; no dataset resize/offline augmentation; pipeline online only,plain_base,none,true,,valid three-class raw regions; U01 drop raw region #3; standard background/FP; no ignore region,,train,0,1,0,1,0
10.17632/gfcmdbvw65.4,v4,dataset-20260508.zip,049591afd4fc3529aedbd31ef9119f5ec0601ebcb8cbbd4a25b7e883fde147ce,d2-v4-stage2b5-v1,12_freeze_d2_protocol.py@1 + 10_prepare_d2_freeze_candidate.py@1,a587d1d3cf826ec476fe91356f472b4a1a2b78eca51376c392fc16846b825caf,1db875a1eb10d95d654d0f2d27a52815794db0d8,13436313853456744620,3589472428,70/15/15,train,1480.jpg,dataset-20260508/train/1480.jpg,dataset-20260508/train.json,original,sg-0268,gc-0265,one plain original per evidence source group; no dataset resize/offline augmentation; pipeline online only,plain_base,none,true,,valid three-class raw regions; U01 drop raw region #3; standard background/FP; no ignore region,,train,0,3,0,3,0
10.17632/gfcmdbvw65.4,v4,dataset-20260508.zip,049591afd4fc3529aedbd31ef9119f5ec0601ebcb8cbbd4a25b7e883fde147ce,d2-v4-stage2b5-v1,12_freeze_d2_protocol.py@1 + 10_prepare_d2_freeze_candidate.py@1,a587d1d3cf826ec476fe91356f472b4a1a2b78eca51376c392fc16846b825caf,1db875a1eb10d95d654d0f2d27a52815794db0d8,13436313853456744620,3589472428,70/15/15,train,15.jpg,dataset-20260508/train/15.jpg,dataset-20260508/train.json,original,sg-0270,gc-0267,one plain original per evidence source group; no dataset resize/offline augmentation; pipeline online only,plain_base,none,true,,valid three-class raw regions; U01 drop raw region #3; standard background/FP; no ignore region,,train,0,2,2,4,1
10.17632/gfcmdbvw65.4,v4,dataset-20260508.zip,049591afd4fc3529aedbd31ef9119f5ec0601ebcb8cbbd4a25b7e883fde147ce,d2-v4-stage2b5-v1,12_freeze_d2_protocol.py@1 + 10_prepare_d2_freeze_candidate.py@1,a587d1d3cf826ec476fe91356f472b4a1a2b78eca51376c392fc16846b825caf,1db875a1eb10d95d654d0f2d27a52815794db0d8,13436313853456744620,3589472428,70/15/15,train,151.jpg,dataset-20260508/train/151.jpg,dataset-20260508/train.json,original,sg-0271,gc-0038,one plain original per evidence source group; no dataset resize/offline augmentation; pipeline online only,plain_base,none,true,,valid three-class raw regions; U01 drop raw region #3; standard background/FP; no ignore region,,train,0,1,0,1,0
10.17632/gfcmdbvw65.4,v4,dataset-20260508.zip,049591afd4fc3529aedbd31ef9119f5ec0601ebcb8cbbd4a25b7e883fde147ce,d2-v4-stage2b5-v1,12_freeze_d2_protocol.py@1 + 10_prepare_d2_freeze_candidate.py@1,a587d1d3cf826ec476fe91356f472b4a1a2b78eca51376c392fc16846b825caf,1db875a1eb10d95d654d0f2d27a52815794db0d8,13436313853456744620,3589472428,70/15/15,train,153.jpg,dataset-20260508/train/153.jpg,dataset-20260508/train.json,original,sg-0272,gc-0268,one plain original per evidence source group; no dataset resize/offline augmentation; pipeline online only,plain_base,none,true,,valid three-class raw regions; U01 drop raw region #3; standard background/FP; no ignore region,,train,0,1,0,1,0
10.17632/gfcmdbvw65.4,v4,dataset-20260508.zip,049591afd4fc3529aedbd31ef9119f5ec0601ebcb8cbbd4a25b7e883fde147ce,d2-v4-stage2b5-v1,12_freeze_d2_protocol.py@1 + 10_prepare_d2_freeze_candidate.py@1,a587d1d3cf826ec476fe91356f472b4a1a2b78eca51376c392fc16846b825caf,1db875a1eb10d95d654d0f2d27a52815794db0d8,13436313853456744620,3589472428,70/15/15,train,1540.jpg,dataset-20260508/train/1540.jpg,dataset-20260508/train.json,original,sg-0273,gc-0269,one plain original per evidence source group; no dataset resize/offline augmentation; pipeline online only,plain_base,none,true,,valid three-class raw regions; U01 drop raw region #3; standard background/FP; no ignore region,,train,0,2,0,2,0
10.17632/gfcmdbvw65.4,v4,dataset-20260508.zip,049591afd4fc3529aedbd31ef9119f5ec0601ebcb8cbbd4a25b7e883fde147ce,d2-v4-stage2b5-v1,12_freeze_d2_protocol.py@1 + 10_prepare_d2_freeze_candidate.py@1,a587d1d3cf826ec476fe91356f472b4a1a2b78eca51376c392fc16846b825caf,1db875a1eb10d95d654d0f2d27a52815794db0d8,13436313853456744620,3589472428,70/15/15,train,1550.jpg,dataset-20260508/train/1550.jpg,dataset-20260508/train.json,original,sg-0274,gc-0270,one plain original per evidence source group; no dataset resize/offline augmentation; pipeline online only,plain_base,none,true,,valid three-class raw regions; U01 drop raw region #3; standard background/FP; no ignore region,,train,0,2,0,2,0
10.17632/gfcmdbvw65.4,v4,dataset-20260508.zip,049591afd4fc3529aedbd31ef9119f5ec0601ebcb8cbbd4a25b7e883fde147ce,d2-v4-stage2b5-v1,12_freeze_d2_protocol.py@1 + 10_prepare_d2_freeze_candidate.py@1,a587d1d3cf826ec476fe91356f472b4a1a2b78eca51376c392fc16846b825caf,1db875a1eb10d95d654d0f2d27a52815794db0d8,13436313853456744620,3589472428,70/15/15,train,1570.jpg,dataset-20260508/train/1570.jpg,dataset-20260508/train.json,original,sg-0275,gc-0271,one plain original per evidence source group; no dataset resize/offline augmentation; pipeline online only,plain_base,none,true,,valid three-class raw regions; U01 drop raw region #3; standard background/FP; no ignore region,,train,1,2,0,3,1
10.17632/gfcmdbvw65.4,v4,dataset-20260508.zip,049591afd4fc3529aedbd31ef9119f5ec0601ebcb8cbbd4a25b7e883fde147ce,d2-v4-stage2b5-v1,12_freeze_d2_protocol.py@1 + 10_prepare_d2_freeze_candidate.py@1,a587d1d3cf826ec476fe91356f472b4a1a2b78eca51376c392fc16846b825caf,1db875a1eb10d95d654d0f2d27a52815794db0d8,13436313853456744620,3589472428,70/15/15,train,159.jpg,dataset-20260508/train/159.jpg,dataset-20260508/train.json,original,sg-0276,gc-0272,one plain original per evidence source group; no dataset resize/offline augmentation; pipeline online only,plain_base,none,true,,valid three-class raw regions; U01 drop raw region #3; standard background/FP; no ignore region,,val,0,2,0,2,0
10.17632/gfcmdbvw65.4,v4,dataset-20260508.zip,049591afd4fc3529aedbd31ef9119f5ec0601ebcb8cbbd4a25b7e883fde147ce,d2-v4-stage2b5-v1,12_freeze_d2_protocol.py@1 + 10_prepare_d2_freeze_candidate.py@1,a587d1d3cf826ec476fe91356f472b4a1a2b78eca51376c392fc16846b825caf,1db875a1eb10d95d654d0f2d27a52815794db0d8,13436313853456744620,3589472428,70/15/15,train,1610.jpg,dataset-20260508/train/1610.jpg,dataset-20260508/train.json,original,sg-0277,gc-0273,one plain original per evidence source group; no dataset resize/offline augmentation; pipeline online only,plain_base,none,true,,valid three-class raw regions; U01 drop raw region #3; standard background/FP; no ignore region,,train,0,2,0,2,0
10.17632/gfcmdbvw65.4,v4,dataset-20260508.zip,049591afd4fc3529aedbd31ef9119f5ec0601ebcb8cbbd4a25b7e883fde147ce,d2-v4-stage2b5-v1,12_freeze_d2_protocol.py@1 + 10_prepare_d2_freeze_candidate.py@1,a587d1d3cf826ec476fe91356f472b4a1a2b78eca51376c392fc16846b825caf,1db875a1eb10d95d654d0f2d27a52815794db0d8,13436313853456744620,3589472428,70/15/15,train,162.jpg,dataset-20260508/train/162.jpg,dataset-20260508/train.json,original,sg-0278,gc-0044,one plain original per evidence source group; no dataset resize/offline augmentation; pipeline online only,plain_base,none,true,,valid three-class raw regions; U01 drop raw region #3; standard background/FP; no ignore region,,train,0,5,0,5,0
10.17632/gfcmdbvw65.4,v4,dataset-20260508.zip,049591afd4fc3529aedbd31ef9119f5ec0601ebcb8cbbd4a25b7e883fde147ce,d2-v4-stage2b5-v1,12_freeze_d2_protocol.py@1 + 10_prepare_d2_freeze_candidate.py@1,a587d1d3cf826ec476fe91356f472b4a1a2b78eca51376c392fc16846b825caf,1db875a1eb10d95d654d0f2d27a52815794db0d8,13436313853456744620,3589472428,70/15/15,train,163.jpg,dataset-20260508/train/163.jpg,dataset-20260508/train.json,original,sg-0279,gc-0274,one plain original per evidence source group; no dataset resize/offline augmentation; pipeline online only,plain_base,none,true,,valid three-class raw regions; U01 drop raw region #3; standard background/FP; no ignore region,,train,0,5,0,5,0
10.17632/gfcmdbvw65.4,v4,dataset-20260508.zip,049591afd4fc3529aedbd31ef9119f5ec0601ebcb8cbbd4a25b7e883fde147ce,d2-v4-stage2b5-v1,12_freeze_d2_protocol.py@1 + 10_prepare_d2_freeze_candidate.py@1,a587d1d3cf826ec476fe91356f472b4a1a2b78eca51376c392fc16846b825caf,1db875a1eb10d95d654d0f2d27a52815794db0d8,13436313853456744620,3589472428,70/15/15,train,165.jpg,dataset-20260508/train/165.jpg,dataset-20260508/train.json,original,sg-0280,gc-0275,one plain original per evidence source group; no dataset resize/offline augmentation; pipeline online only,plain_base,none,true,,valid three-class raw regions; U01 drop raw region #3; standard background/FP; no ignore region,,test,0,0,1,1,0
10.17632/gfcmdbvw65.4,v4,dataset-20260508.zip,049591afd4fc3529aedbd31ef9119f5ec0601ebcb8cbbd4a25b7e883fde147ce,d2-v4-stage2b5-v1,12_freeze_d2_protocol.py@1 + 10_prepare_d2_freeze_candidate.py@1,a587d1d3cf826ec476fe91356f472b4a1a2b78eca51376c392fc16846b825caf,1db875a1eb10d95d654d0f2d27a52815794db0d8,13436313853456744620,3589472428,70/15/15,train,167.jpg,dataset-20260508/train/167.jpg,dataset-20260508/train.json,original,sg-0281,gc-0276,one plain original per evidence source group; no dataset resize/offline augmentation; pipeline online only,plain_base,none,true,,valid three-class raw regions; U01 drop raw region #3; standard background/FP; no ignore region,,train,0,0,1,1,0
10.17632/gfcmdbvw65.4,v4,dataset-20260508.zip,049591afd4fc3529aedbd31ef9119f5ec0601ebcb8cbbd4a25b7e883fde147ce,d2-v4-stage2b5-v1,12_freeze_d2_protocol.py@1 + 10_prepare_d2_freeze_candidate.py@1,a587d1d3cf826ec476fe91356f472b4a1a2b78eca51376c392fc16846b825caf,1db875a1eb10d95d654d0f2d27a52815794db0d8,13436313853456744620,3589472428,70/15/15,train,168.jpg,dataset-20260508/train/168.jpg,dataset-20260508/train.json,original,sg-0282,gc-0277,one plain original per evidence source group; no dataset resize/offline augmentation; pipeline online only,plain_base,none,true,,valid three-class raw regions; U01 drop raw region #3; standard background/FP; no ignore region,,test,0,1,1,2,1
10.17632/gfcmdbvw65.4,v4,dataset-20260508.zip,049591afd4fc3529aedbd31ef9119f5ec0601ebcb8cbbd4a25b7e883fde147ce,d2-v4-stage2b5-v1,12_freeze_d2_protocol.py@1 + 10_prepare_d2_freeze_candidate.py@1,a587d1d3cf826ec476fe91356f472b4a1a2b78eca51376c392fc16846b825caf,1db875a1eb10d95d654d0f2d27a52815794db0d8,13436313853456744620,3589472428,70/15/15,train,1690.jpg,dataset-20260508/train/1690.jpg,dataset-20260508/train.json,original,sg-0283,gc-0278,one plain original per evidence source group; no dataset resize/offline augmentation; pipeline online only,plain_base,none,true,,valid three-class raw regions; U01 drop raw region #3; standard background/FP; no ignore region,,test,1,0,2,3,1
10.17632/gfcmdbvw65.4,v4,dataset-20260508.zip,049591afd4fc3529aedbd31ef9119f5ec0601ebcb8cbbd4a25b7e883fde147ce,d2-v4-stage2b5-v1,12_freeze_d2_protocol.py@1 + 10_prepare_d2_freeze_candidate.py@1,a587d1d3cf826ec476fe91356f472b4a1a2b78eca51376c392fc16846b825caf,1db875a1eb10d95d654d0f2d27a52815794db0d8,13436313853456744620,3589472428,70/15/15,train,17.jpg,dataset-20260508/train/17.jpg,dataset-20260508/train.json,original,sg-0284,gc-0279,one plain original per evidence source group; no dataset resize/offline augmentation; pipeline online only,plain_base,none,true,,valid three-class raw regions; U01 drop raw region #3; standard background/FP; no ignore region,,train,0,2,2,4,1
10.17632/gfcmdbvw65.4,v4,dataset-20260508.zip,049591afd4fc3529aedbd31ef9119f5ec0601ebcb8cbbd4a25b7e883fde147ce,d2-v4-stage2b5-v1,12_freeze_d2_protocol.py@1 + 10_prepare_d2_freeze_candidate.py@1,a587d1d3cf826ec476fe91356f472b4a1a2b78eca51376c392fc16846b825caf,1db875a1eb10d95d654d0f2d27a52815794db0d8,13436313853456744620,3589472428,70/15/15,train,173.jpg,dataset-20260508/train/173.jpg,dataset-20260508/train.json,original,sg-0286,gc-0280,one plain original per evidence source group; no dataset resize/offline augmentation; pipeline online only,plain_base,none,true,,valid three-class raw regions; U01 drop raw region #3; standard background/FP; no ignore region,,train,1,3,0,4,1
10.17632/gfcmdbvw65.4,v4,dataset-20260508.zip,049591afd4fc3529aedbd31ef9119f5ec0601ebcb8cbbd4a25b7e883fde147ce,d2-v4-stage2b5-v1,12_freeze_d2_protocol.py@1 + 10_prepare_d2_freeze_candidate.py@1,a587d1d3cf826ec476fe91356f472b4a1a2b78eca51376c392fc16846b825caf,1db875a1eb10d95d654d0f2d27a52815794db0d8,13436313853456744620,3589472428,70/15/15,train,1740.jpg,dataset-20260508/train/1740.jpg,dataset-20260508/train.json,original,sg-0287,gc-0281,one plain original per evidence source group; no dataset resize/offline augmentation; pipeline online only,plain_base,none,true,,valid three-class raw regions; U01 drop raw region #3; standard background/FP; no ignore region,,val,0,1,0,1,0
10.17632/gfcmdbvw65.4,v4,dataset-20260508.zip,049591afd4fc3529aedbd31ef9119f5ec0601ebcb8cbbd4a25b7e883fde147ce,d2-v4-stage2b5-v1,12_freeze_d2_protocol.py@1 + 10_prepare_d2_freeze_candidate.py@1,a587d1d3cf826ec476fe91356f472b4a1a2b78eca51376c392fc16846b825caf,1db875a1eb10d95d654d0f2d27a52815794db0d8,13436313853456744620,3589472428,70/15/15,train,1770.jpg,dataset-20260508/train/1770.jpg,dataset-20260508/train.json,original,sg-0288,gc-0282,one plain original per evidence source group; no dataset resize/offline augmentation; pipeline online only,plain_base,none,true,,valid three-class raw regions; U01 drop raw region #3; standard background/FP; no ignore region,,train,0,1,0,1,0
10.17632/gfcmdbvw65.4,v4,dataset-20260508.zip,049591afd4fc3529aedbd31ef9119f5ec0601ebcb8cbbd4a25b7e883fde147ce,d2-v4-stage2b5-v1,12_freeze_d2_protocol.py@1 + 10_prepare_d2_freeze_candidate.py@1,a587d1d3cf826ec476fe91356f472b4a1a2b78eca51376c392fc16846b825caf,1db875a1eb10d95d654d0f2d27a52815794db0d8,13436313853456744620,3589472428,70/15/15,train,1780.jpg,dataset-20260508/train/1780.jpg,dataset-20260508/train.json,original,sg-0289,gc-0283,one plain original per evidence source group; no dataset resize/offline augmentation; pipeline online only,plain_base,none,true,,valid three-class raw regions; U01 drop raw region #3; standard background/FP; no ignore region,,train,0,1,0,1,0
10.17632/gfcmdbvw65.4,v4,dataset-20260508.zip,049591afd4fc3529aedbd31ef9119f5ec0601ebcb8cbbd4a25b7e883fde147ce,d2-v4-stage2b5-v1,12_freeze_d2_protocol.py@1 + 10_prepare_d2_freeze_candidate.py@1,a587d1d3cf826ec476fe91356f472b4a1a2b78eca51376c392fc16846b825caf,1db875a1eb10d95d654d0f2d27a52815794db0d8,13436313853456744620,3589472428,70/15/15,train,1790.jpg,dataset-20260508/train/1790.jpg,dataset-20260508/train.json,original,sg-0290,gc-0284,one plain original per evidence source group; no dataset resize/offline augmentation; pipeline online only,plain_base,none,true,,valid three-class raw regions; U01 drop raw region #3; standard background/FP; no ignore region,,train,0,1,0,1,0
10.17632/gfcmdbvw65.4,v4,dataset-20260508.zip,049591afd4fc3529aedbd31ef9119f5ec0601ebcb8cbbd4a25b7e883fde147ce,d2-v4-stage2b5-v1,12_freeze_d2_protocol.py@1 + 10_prepare_d2_freeze_candidate.py@1,a587d1d3cf826ec476fe91356f472b4a1a2b78eca51376c392fc16846b825caf,1db875a1eb10d95d654d0f2d27a52815794db0d8,13436313853456744620,3589472428,70/15/15,train,1800.jpg,dataset-20260508/train/1800.jpg,dataset-20260508/train.json,original,sg-0291,gc-0285,one plain original per evidence source group; no dataset resize/offline augmentation; pipeline online only,plain_base,none,true,,valid three-class raw regions; U01 drop raw region #3; standard background/FP; no ignore region,,train,1,0,2,3,1
10.17632/gfcmdbvw65.4,v4,dataset-20260508.zip,049591afd4fc3529aedbd31ef9119f5ec0601ebcb8cbbd4a25b7e883fde147ce,d2-v4-stage2b5-v1,12_freeze_d2_protocol.py@1 + 10_prepare_d2_freeze_candidate.py@1,a587d1d3cf826ec476fe91356f472b4a1a2b78eca51376c392fc16846b825caf,1db875a1eb10d95d654d0f2d27a52815794db0d8,13436313853456744620,3589472428,70/15/15,train,1810.jpg,dataset-20260508/train/1810.jpg,dataset-20260508/train.json,original,sg-0292,gc-0286,one plain original per evidence source group; no dataset resize/offline augmentation; pipeline online only,plain_base,none,true,,valid three-class raw regions; U01 drop raw region #3; standard background/FP; no ignore region,,train,1,0,1,2,1
10.17632/gfcmdbvw65.4,v4,dataset-20260508.zip,049591afd4fc3529aedbd31ef9119f5ec0601ebcb8cbbd4a25b7e883fde147ce,d2-v4-stage2b5-v1,12_freeze_d2_protocol.py@1 + 10_prepare_d2_freeze_candidate.py@1,a587d1d3cf826ec476fe91356f472b4a1a2b78eca51376c392fc16846b825caf,1db875a1eb10d95d654d0f2d27a52815794db0d8,13436313853456744620,3589472428,70/15/15,train,1830.jpg,dataset-20260508/train/1830.jpg,dataset-20260508/train.json,original,sg-0293,gc-0287,one plain original per evidence source group; no dataset resize/offline augmentation; pipeline online only,plain_base,none,true,,valid three-class raw regions; U01 drop raw region #3; standard background/FP; no ignore region,,train,0,1,0,1,0
10.17632/gfcmdbvw65.4,v4,dataset-20260508.zip,049591afd4fc3529aedbd31ef9119f5ec0601ebcb8cbbd4a25b7e883fde147ce,d2-v4-stage2b5-v1,12_freeze_d2_protocol.py@1 + 10_prepare_d2_freeze_candidate.py@1,a587d1d3cf826ec476fe91356f472b4a1a2b78eca51376c392fc16846b825caf,1db875a1eb10d95d654d0f2d27a52815794db0d8,13436313853456744620,3589472428,70/15/15,train,185.jpg,dataset-20260508/train/185.jpg,dataset-20260508/train.json,original,sg-0294,gc-0288,one plain original per evidence source group; no dataset resize/offline augmentation; pipeline online only,plain_base,none,true,,valid three-class raw regions; U01 drop raw region #3; standard background/FP; no ignore region,,train,0,1,0,1,0
10.17632/gfcmdbvw65.4,v4,dataset-20260508.zip,049591afd4fc3529aedbd31ef9119f5ec0601ebcb8cbbd4a25b7e883fde147ce,d2-v4-stage2b5-v1,12_freeze_d2_protocol.py@1 + 10_prepare_d2_freeze_candidate.py@1,a587d1d3cf826ec476fe91356f472b4a1a2b78eca51376c392fc16846b825caf,1db875a1eb10d95d654d0f2d27a52815794db0d8,13436313853456744620,3589472428,70/15/15,train,186.jpg,dataset-20260508/train/186.jpg,dataset-20260508/train.json,original,sg-0295,gc-0289,one plain original per evidence source group; no dataset resize/offline augmentation; pipeline online only,plain_base,none,true,,valid three-class raw regions; U01 drop raw region #3; standard background/FP; no ignore region,,train,0,1,0,1,0
10.17632/gfcmdbvw65.4,v4,dataset-20260508.zip,049591afd4fc3529aedbd31ef9119f5ec0601ebcb8cbbd4a25b7e883fde147ce,d2-v4-stage2b5-v1,12_freeze_d2_protocol.py@1 + 10_prepare_d2_freeze_candidate.py@1,a587d1d3cf826ec476fe91356f472b4a1a2b78eca51376c392fc16846b825caf,1db875a1eb10d95d654d0f2d27a52815794db0d8,13436313853456744620,3589472428,70/15/15,train,1880.jpg,dataset-20260508/train/1880.jpg,dataset-20260508/train.json,original,sg-0296,gc-0290,one plain original per evidence source group; no dataset resize/offline augmentation; pipeline online only,plain_base,none,true,,valid three-class raw regions; U01 drop raw region #3; standard background/FP; no ignore region,,train,2,2,0,4,1
10.17632/gfcmdbvw65.4,v4,dataset-20260508.zip,049591afd4fc3529aedbd31ef9119f5ec0601ebcb8cbbd4a25b7e883fde147ce,d2-v4-stage2b5-v1,12_freeze_d2_protocol.py@1 + 10_prepare_d2_freeze_candidate.py@1,a587d1d3cf826ec476fe91356f472b4a1a2b78eca51376c392fc16846b825caf,1db875a1eb10d95d654d0f2d27a52815794db0d8,13436313853456744620,3589472428,70/15/15,train,189.jpg,dataset-20260508/train/189.jpg,dataset-20260508/train.json,original,sg-0297,gc-0291,one plain original per evidence source group; no dataset resize/offline augmentation; pipeline online only,plain_base,none,true,,valid three-class raw regions; U01 drop raw region #3; standard background/FP; no ignore region,,train,1,0,0,1,0
10.17632/gfcmdbvw65.4,v4,dataset-20260508.zip,049591afd4fc3529aedbd31ef9119f5ec0601ebcb8cbbd4a25b7e883fde147ce,d2-v4-stage2b5-v1,12_freeze_d2_protocol.py@1 + 10_prepare_d2_freeze_candidate.py@1,a587d1d3cf826ec476fe91356f472b4a1a2b78eca51376c392fc16846b825caf,1db875a1eb10d95d654d0f2d27a52815794db0d8,13436313853456744620,3589472428,70/15/15,train,19.jpg,dataset-20260508/train/19.jpg,dataset-20260508/train.json,original,sg-0298,gc-0292,one plain original per evidence source group; no dataset resize/offline augmentation; pipeline online only,plain_base,none,true,,valid three-class raw regions; U01 drop raw region #3; standard background/FP; no ignore region,,train,0,0,5,5,0
10.17632/gfcmdbvw65.4,v4,dataset-20260508.zip,049591afd4fc3529aedbd31ef9119f5ec0601ebcb8cbbd4a25b7e883fde147ce,d2-v4-stage2b5-v1,12_freeze_d2_protocol.py@1 + 10_prepare_d2_freeze_candidate.py@1,a587d1d3cf826ec476fe91356f472b4a1a2b78eca51376c392fc16846b825caf,1db875a1eb10d95d654d0f2d27a52815794db0d8,13436313853456744620,3589472428,70/15/15,train,190.jpg,dataset-20260508/train/190.jpg,dataset-20260508/train.json,original,sg-0299,gc-0293,one plain original per evidence source group; no dataset resize/offline augmentation; pipeline online only,plain_base,none,true,,valid three-class raw regions; U01 drop raw region #3; standard background/FP; no ignore region,,train,0,1,0,1,0
10.17632/gfcmdbvw65.4,v4,dataset-20260508.zip,049591afd4fc3529aedbd31ef9119f5ec0601ebcb8cbbd4a25b7e883fde147ce,d2-v4-stage2b5-v1,12_freeze_d2_protocol.py@1 + 10_prepare_d2_freeze_candidate.py@1,a587d1d3cf826ec476fe91356f472b4a1a2b78eca51376c392fc16846b825caf,1db875a1eb10d95d654d0f2d27a52815794db0d8,13436313853456744620,3589472428,70/15/15,train,1910.jpg,dataset-20260508/train/1910.jpg,dataset-20260508/train.json,original,sg-0300,gc-0294,one plain original per evidence source group; no dataset resize/offline augmentation; pipeline online only,plain_base,none,true,,valid three-class raw regions; U01 drop raw region #3; standard background/FP; no ignore region,,test,0,1,0,1,0
10.17632/gfcmdbvw65.4,v4,dataset-20260508.zip,049591afd4fc3529aedbd31ef9119f5ec0601ebcb8cbbd4a25b7e883fde147ce,d2-v4-stage2b5-v1,12_freeze_d2_protocol.py@1 + 10_prepare_d2_freeze_candidate.py@1,a587d1d3cf826ec476fe91356f472b4a1a2b78eca51376c392fc16846b825caf,1db875a1eb10d95d654d0f2d27a52815794db0d8,13436313853456744620,3589472428,70/15/15,train,192.jpg,dataset-20260508/train/192.jpg,dataset-20260508/train.json,original,sg-0301,gc-0295,one plain original per evidence source group; no dataset resize/offline augmentation; pipeline online only,plain_base,none,true,,valid three-class raw regions; U01 drop raw region #3; standard background/FP; no ignore region,,test,0,1,0,1,0
10.17632/gfcmdbvw65.4,v4,dataset-20260508.zip,049591afd4fc3529aedbd31ef9119f5ec0601ebcb8cbbd4a25b7e883fde147ce,d2-v4-stage2b5-v1,12_freeze_d2_protocol.py@1 + 10_prepare_d2_freeze_candidate.py@1,a587d1d3cf826ec476fe91356f472b4a1a2b78eca51376c392fc16846b825caf,1db875a1eb10d95d654d0f2d27a52815794db0d8,13436313853456744620,3589472428,70/15/15,train,193.jpg,dataset-20260508/train/193.jpg,dataset-20260508/train.json,original,sg-0302,gc-0296,one plain original per evidence source group; no dataset resize/offline augmentation; pipeline online only,plain_base,none,true,,valid three-class raw regions; U01 drop raw region #3; standard background/FP; no ignore region,,train,2,2,0,4,1
10.17632/gfcmdbvw65.4,v4,dataset-20260508.zip,049591afd4fc3529aedbd31ef9119f5ec0601ebcb8cbbd4a25b7e883fde147ce,d2-v4-stage2b5-v1,12_freeze_d2_protocol.py@1 + 10_prepare_d2_freeze_candidate.py@1,a587d1d3cf826ec476fe91356f472b4a1a2b78eca51376c392fc16846b825caf,1db875a1eb10d95d654d0f2d27a52815794db0d8,13436313853456744620,3589472428,70/15/15,train,194.jpg,dataset-20260508/train/194.jpg,dataset-20260508/train.json,original,sg-0303,gc-0297,one plain original per evidence source group; no dataset resize/offline augmentation; pipeline online only,plain_base,none,true,,valid three-class raw regions; U01 drop raw region #3; standard background/FP; no ignore region,,train,0,1,0,1,0
10.17632/gfcmdbvw65.4,v4,dataset-20260508.zip,049591afd4fc3529aedbd31ef9119f5ec0601ebcb8cbbd4a25b7e883fde147ce,d2-v4-stage2b5-v1,12_freeze_d2_protocol.py@1 + 10_prepare_d2_freeze_candidate.py@1,a587d1d3cf826ec476fe91356f472b4a1a2b78eca51376c392fc16846b825caf,1db875a1eb10d95d654d0f2d27a52815794db0d8,13436313853456744620,3589472428,70/15/15,train,195.jpg,dataset-20260508/train/195.jpg,dataset-20260508/train.json,original,sg-0304,gc-0298,one plain original per evidence source group; no dataset resize/offline augmentation; pipeline online only,plain_base,none,true,,valid three-class raw regions; U01 drop raw region #3; standard background/FP; no ignore region,,val,4,2,0,6,1
10.17632/gfcmdbvw65.4,v4,dataset-20260508.zip,049591afd4fc3529aedbd31ef9119f5ec0601ebcb8cbbd4a25b7e883fde147ce,d2-v4-stage2b5-v1,12_freeze_d2_protocol.py@1 + 10_prepare_d2_freeze_candidate.py@1,a587d1d3cf826ec476fe91356f472b4a1a2b78eca51376c392fc16846b825caf,1db875a1eb10d95d654d0f2d27a52815794db0d8,13436313853456744620,3589472428,70/15/15,train,196.jpg,dataset-20260508/train/196.jpg,dataset-20260508/train.json,original,sg-0305,gc-0299,one plain original per evidence source group; no dataset resize/offline augmentation; pipeline online only,plain_base,none,true,,valid three-class raw regions; U01 drop raw region #3; standard background/FP; no ignore region,,val,0,2,0,2,0
10.17632/gfcmdbvw65.4,v4,dataset-20260508.zip,049591afd4fc3529aedbd31ef9119f5ec0601ebcb8cbbd4a25b7e883fde147ce,d2-v4-stage2b5-v1,12_freeze_d2_protocol.py@1 + 10_prepare_d2_freeze_candidate.py@1,a587d1d3cf826ec476fe91356f472b4a1a2b78eca51376c392fc16846b825caf,1db875a1eb10d95d654d0f2d27a52815794db0d8,13436313853456744620,3589472428,70/15/15,train,1970.jpg,dataset-20260508/train/1970.jpg,dataset-20260508/train.json,original,sg-0306,gc-0300,one plain original per evidence source group; no dataset resize/offline augmentation; pipeline online only,plain_base,none,true,,valid three-class raw regions; U01 drop raw region #3; standard background/FP; no ignore region,,train,0,3,0,3,0
10.17632/gfcmdbvw65.4,v4,dataset-20260508.zip,049591afd4fc3529aedbd31ef9119f5ec0601ebcb8cbbd4a25b7e883fde147ce,d2-v4-stage2b5-v1,12_freeze_d2_protocol.py@1 + 10_prepare_d2_freeze_candidate.py@1,a587d1d3cf826ec476fe91356f472b4a1a2b78eca51376c392fc16846b825caf,1db875a1eb10d95d654d0f2d27a52815794db0d8,13436313853456744620,3589472428,70/15/15,train,1980.jpg,dataset-20260508/train/1980.jpg,dataset-20260508/train.json,original,sg-0307,gc-0301,one plain original per evidence source group; no dataset resize/offline augmentation; pipeline online only,plain_base,none,true,,valid three-class raw regions; U01 drop raw region #3; standard background/FP; no ignore region,,train,3,1,0,4,1
10.17632/gfcmdbvw65.4,v4,dataset-20260508.zip,049591afd4fc3529aedbd31ef9119f5ec0601ebcb8cbbd4a25b7e883fde147ce,d2-v4-stage2b5-v1,12_freeze_d2_protocol.py@1 + 10_prepare_d2_freeze_candidate.py@1,a587d1d3cf826ec476fe91356f472b4a1a2b78eca51376c392fc16846b825caf,1db875a1eb10d95d654d0f2d27a52815794db0d8,13436313853456744620,3589472428,70/15/15,train,1990.jpg,dataset-20260508/train/1990.jpg,dataset-20260508/train.json,original,sg-0308,gc-0302,one plain original per evidence source group; no dataset resize/offline augmentation; pipeline online only,plain_base,none,true,,valid three-class raw regions; U01 drop raw region #3; standard background/FP; no ignore region,,val,0,1,0,1,0
10.17632/gfcmdbvw65.4,v4,dataset-20260508.zip,049591afd4fc3529aedbd31ef9119f5ec0601ebcb8cbbd4a25b7e883fde147ce,d2-v4-stage2b5-v1,12_freeze_d2_protocol.py@1 + 10_prepare_d2_freeze_candidate.py@1,a587d1d3cf826ec476fe91356f472b4a1a2b78eca51376c392fc16846b825caf,1db875a1eb10d95d654d0f2d27a52815794db0d8,13436313853456744620,3589472428,70/15/15,train,20.jpg,dataset-20260508/train/20.jpg,dataset-20260508/train.json,original,sg-0309,gc-0303,one plain original per evidence source group; no dataset resize/offline augmentation; pipeline online only,plain_base,none,true,,valid three-class raw regions; U01 drop raw region #3; standard background/FP; no ignore region,,train,0,0,8,8,0
10.17632/gfcmdbvw65.4,v4,dataset-20260508.zip,049591afd4fc3529aedbd31ef9119f5ec0601ebcb8cbbd4a25b7e883fde147ce,d2-v4-stage2b5-v1,12_freeze_d2_protocol.py@1 + 10_prepare_d2_freeze_candidate.py@1,a587d1d3cf826ec476fe91356f472b4a1a2b78eca51376c392fc16846b825caf,1db875a1eb10d95d654d0f2d27a52815794db0d8,13436313853456744620,3589472428,70/15/15,train,200.jpg,dataset-20260508/train/200.jpg,dataset-20260508/train.json,original,sg-0310,gc-0304,one plain original per evidence source group; no dataset resize/offline augmentation; pipeline online only,plain_base,none,true,,valid three-class raw regions; U01 drop raw region #3; standard background/FP; no ignore region,,val,2,2,0,4,1
10.17632/gfcmdbvw65.4,v4,dataset-20260508.zip,049591afd4fc3529aedbd31ef9119f5ec0601ebcb8cbbd4a25b7e883fde147ce,d2-v4-stage2b5-v1,12_freeze_d2_protocol.py@1 + 10_prepare_d2_freeze_candidate.py@1,a587d1d3cf826ec476fe91356f472b4a1a2b78eca51376c392fc16846b825caf,1db875a1eb10d95d654d0f2d27a52815794db0d8,13436313853456744620,3589472428,70/15/15,train,20000.jpg,dataset-20260508/train/20000.jpg,dataset-20260508/train.json,original,sg-0311,gc-0305,one plain original per evidence source group; no dataset resize/offline augmentation; pipeline online only,plain_base,none,true,,valid three-class raw regions; U01 drop raw region #3; standard background/FP; no ignore region,,test,0,0,2,2,0
10.17632/gfcmdbvw65.4,v4,dataset-20260508.zip,049591afd4fc3529aedbd31ef9119f5ec0601ebcb8cbbd4a25b7e883fde147ce,d2-v4-stage2b5-v1,12_freeze_d2_protocol.py@1 + 10_prepare_d2_freeze_candidate.py@1,a587d1d3cf826ec476fe91356f472b4a1a2b78eca51376c392fc16846b825caf,1db875a1eb10d95d654d0f2d27a52815794db0d8,13436313853456744620,3589472428,70/15/15,train,2010.jpg,dataset-20260508/train/2010.jpg,dataset-20260508/train.json,original,sg-0312,gc-0306,one plain original per evidence source group; no dataset resize/offline augmentation; pipeline online only,plain_base,none,true,,valid three-class raw regions; U01 drop raw region #3; standard background/FP; no ignore region,,train,1,0,0,1,0
10.17632/gfcmdbvw65.4,v4,dataset-20260508.zip,049591afd4fc3529aedbd31ef9119f5ec0601ebcb8cbbd4a25b7e883fde147ce,d2-v4-stage2b5-v1,12_freeze_d2_protocol.py@1 + 10_prepare_d2_freeze_candidate.py@1,a587d1d3cf826ec476fe91356f472b4a1a2b78eca51376c392fc16846b825caf,1db875a1eb10d95d654d0f2d27a52815794db0d8,13436313853456744620,3589472428,70/15/15,train,2030.jpg,dataset-20260508/train/2030.jpg,dataset-20260508/train.json,original,sg-0313,gc-0307,one plain original per evidence source group; no dataset resize/offline augmentation; pipeline online only,plain_base,none,true,,valid three-class raw regions; U01 drop raw region #3; standard background/FP; no ignore region,,train,3,0,0,3,0
10.17632/gfcmdbvw65.4,v4,dataset-20260508.zip,049591afd4fc3529aedbd31ef9119f5ec0601ebcb8cbbd4a25b7e883fde147ce,d2-v4-stage2b5-v1,12_freeze_d2_protocol.py@1 + 10_prepare_d2_freeze_candidate.py@1,a587d1d3cf826ec476fe91356f472b4a1a2b78eca51376c392fc16846b825caf,1db875a1eb10d95d654d0f2d27a52815794db0d8,13436313853456744620,3589472428,70/15/15,train,207.jpg,dataset-20260508/train/207.jpg,dataset-20260508/train.json,original,sg-0314,gc-0308,one plain original per evidence source group; no dataset resize/offline augmentation; pipeline online only,plain_base,none,true,,valid three-class raw regions; U01 drop raw region #3; standard background/FP; no ignore region,,train,0,1,0,1,0
10.17632/gfcmdbvw65.4,v4,dataset-20260508.zip,049591afd4fc3529aedbd31ef9119f5ec0601ebcb8cbbd4a25b7e883fde147ce,d2-v4-stage2b5-v1,12_freeze_d2_protocol.py@1 + 10_prepare_d2_freeze_candidate.py@1,a587d1d3cf826ec476fe91356f472b4a1a2b78eca51376c392fc16846b825caf,1db875a1eb10d95d654d0f2d27a52815794db0d8,13436313853456744620,3589472428,70/15/15,train,2080.jpg,dataset-20260508/train/2080.jpg,dataset-20260508/train.json,original,sg-0315,gc-0309,one plain original per evidence source group; no dataset resize/offline augmentation; pipeline online only,plain_base,none,true,,valid three-class raw regions; U01 drop raw region #3; standard background/FP; no ignore region,,train,0,1,0,1,0
10.17632/gfcmdbvw65.4,v4,dataset-20260508.zip,049591afd4fc3529aedbd31ef9119f5ec0601ebcb8cbbd4a25b7e883fde147ce,d2-v4-stage2b5-v1,12_freeze_d2_protocol.py@1 + 10_prepare_d2_freeze_candidate.py@1,a587d1d3cf826ec476fe91356f472b4a1a2b78eca51376c392fc16846b825caf,1db875a1eb10d95d654d0f2d27a52815794db0d8,13436313853456744620,3589472428,70/15/15,train,209.jpg,dataset-20260508/train/209.jpg,dataset-20260508/train.json,original,sg-0316,gc-0310,one plain original per evidence source group; no dataset resize/offline augmentation; pipeline online only,plain_base,none,true,,valid three-class raw regions; U01 drop raw region #3; standard background/FP; no ignore region,,test,1,3,0,4,1
10.17632/gfcmdbvw65.4,v4,dataset-20260508.zip,049591afd4fc3529aedbd31ef9119f5ec0601ebcb8cbbd4a25b7e883fde147ce,d2-v4-stage2b5-v1,12_freeze_d2_protocol.py@1 + 10_prepare_d2_freeze_candidate.py@1,a587d1d3cf826ec476fe91356f472b4a1a2b78eca51376c392fc16846b825caf,1db875a1eb10d95d654d0f2d27a52815794db0d8,13436313853456744620,3589472428,70/15/15,train,21.jpg,dataset-20260508/train/21.jpg,dataset-20260508/train.json,original,sg-0317,gc-0311,one plain original per evidence source group; no dataset resize/offline augmentation; pipeline online only,plain_base,none,true,,valid three-class raw regions; U01 drop raw region #3; standard background/FP; no ignore region,,train,0,0,8,8,0
10.17632/gfcmdbvw65.4,v4,dataset-20260508.zip,049591afd4fc3529aedbd31ef9119f5ec0601ebcb8cbbd4a25b7e883fde147ce,d2-v4-stage2b5-v1,12_freeze_d2_protocol.py@1 + 10_prepare_d2_freeze_candidate.py@1,a587d1d3cf826ec476fe91356f472b4a1a2b78eca51376c392fc16846b825caf,1db875a1eb10d95d654d0f2d27a52815794db0d8,13436313853456744620,3589472428,70/15/15,train,2110.jpg,dataset-20260508/train/2110.jpg,dataset-20260508/train.json,original,sg-0318,gc-0312,one plain original per evidence source group; no dataset resize/offline augmentation; pipeline online only,plain_base,none,true,,valid three-class raw regions; U01 drop raw region #3; standard background/FP; no ignore region,,val,0,1,1,2,1
10.17632/gfcmdbvw65.4,v4,dataset-20260508.zip,049591afd4fc3529aedbd31ef9119f5ec0601ebcb8cbbd4a25b7e883fde147ce,d2-v4-stage2b5-v1,12_freeze_d2_protocol.py@1 + 10_prepare_d2_freeze_candidate.py@1,a587d1d3cf826ec476fe91356f472b4a1a2b78eca51376c392fc16846b825caf,1db875a1eb10d95d654d0f2d27a52815794db0d8,13436313853456744620,3589472428,70/15/15,train,2120.jpg,dataset-20260508/train/2120.jpg,dataset-20260508/train.json,original,sg-0319,gc-0313,one plain original per evidence source group; no dataset resize/offline augmentation; pipeline online only,plain_base,none,true,,valid three-class raw regions; U01 drop raw region #3; standard background/FP; no ignore region,,train,0,0,1,1,0
10.17632/gfcmdbvw65.4,v4,dataset-20260508.zip,049591afd4fc3529aedbd31ef9119f5ec0601ebcb8cbbd4a25b7e883fde147ce,d2-v4-stage2b5-v1,12_freeze_d2_protocol.py@1 + 10_prepare_d2_freeze_candidate.py@1,a587d1d3cf826ec476fe91356f472b4a1a2b78eca51376c392fc16846b825caf,1db875a1eb10d95d654d0f2d27a52815794db0d8,13436313853456744620,3589472428,70/15/15,train,213.jpg,dataset-20260508/train/213.jpg,dataset-20260508/train.json,original,sg-0320,gc-0314,one plain original per evidence source group; no dataset resize/offline augmentation; pipeline online only,plain_base,none,true,,valid three-class raw regions; U01 drop raw region #3; standard background/FP; no ignore region,,train,0,0,1,1,0
10.17632/gfcmdbvw65.4,v4,dataset-20260508.zip,049591afd4fc3529aedbd31ef9119f5ec0601ebcb8cbbd4a25b7e883fde147ce,d2-v4-stage2b5-v1,12_freeze_d2_protocol.py@1 + 10_prepare_d2_freeze_candidate.py@1,a587d1d3cf826ec476fe91356f472b4a1a2b78eca51376c392fc16846b825caf,1db875a1eb10d95d654d0f2d27a52815794db0d8,13436313853456744620,3589472428,70/15/15,train,214.jpg,dataset-20260508/train/214.jpg,dataset-20260508/train.json,original,sg-0321,gc-0315,one plain original per evidence source group; no dataset resize/offline augmentation; pipeline online only,plain_base,none,true,,valid three-class raw regions; U01 drop raw region #3; standard background/FP; no ignore region,,test,1,1,0,2,1
10.17632/gfcmdbvw65.4,v4,dataset-20260508.zip,049591afd4fc3529aedbd31ef9119f5ec0601ebcb8cbbd4a25b7e883fde147ce,d2-v4-stage2b5-v1,12_freeze_d2_protocol.py@1 + 10_prepare_d2_freeze_candidate.py@1,a587d1d3cf826ec476fe91356f472b4a1a2b78eca51376c392fc16846b825caf,1db875a1eb10d95d654d0f2d27a52815794db0d8,13436313853456744620,3589472428,70/15/15,train,216.jpg,dataset-20260508/train/216.jpg,dataset-20260508/train.json,original,sg-0322,gc-0316,one plain original per evidence source group; no dataset resize/offline augmentation; pipeline online only,plain_base,none,true,,valid three-class raw regions; U01 drop raw region #3; standard background/FP; no ignore region,,train,1,1,0,2,1
10.17632/gfcmdbvw65.4,v4,dataset-20260508.zip,049591afd4fc3529aedbd31ef9119f5ec0601ebcb8cbbd4a25b7e883fde147ce,d2-v4-stage2b5-v1,12_freeze_d2_protocol.py@1 + 10_prepare_d2_freeze_candidate.py@1,a587d1d3cf826ec476fe91356f472b4a1a2b78eca51376c392fc16846b825caf,1db875a1eb10d95d654d0f2d27a52815794db0d8,13436313853456744620,3589472428,70/15/15,train,2170.jpg,dataset-20260508/train/2170.jpg,dataset-20260508/train.json,original,sg-0323,gc-0317,one plain original per evidence source group; no dataset resize/offline augmentation; pipeline online only,plain_base,none,true,,valid three-class raw regions; U01 drop raw region #3; standard background/FP; no ignore region,,test,0,1,0,1,0
10.17632/gfcmdbvw65.4,v4,dataset-20260508.zip,049591afd4fc3529aedbd31ef9119f5ec0601ebcb8cbbd4a25b7e883fde147ce,d2-v4-stage2b5-v1,12_freeze_d2_protocol.py@1 + 10_prepare_d2_freeze_candidate.py@1,a587d1d3cf826ec476fe91356f472b4a1a2b78eca51376c392fc16846b825caf,1db875a1eb10d95d654d0f2d27a52815794db0d8,13436313853456744620,3589472428,70/15/15,train,2180.jpg,dataset-20260508/train/2180.jpg,dataset-20260508/train.json,original,sg-0324,gc-0318,one plain original per evidence source group; no dataset resize/offline augmentation; pipeline online only,plain_base,none,true,,valid three-class raw regions; U01 drop raw region #3; standard background/FP; no ignore region,,train,1,1,0,2,1
10.17632/gfcmdbvw65.4,v4,dataset-20260508.zip,049591afd4fc3529aedbd31ef9119f5ec0601ebcb8cbbd4a25b7e883fde147ce,d2-v4-stage2b5-v1,12_freeze_d2_protocol.py@1 + 10_prepare_d2_freeze_candidate.py@1,a587d1d3cf826ec476fe91356f472b4a1a2b78eca51376c392fc16846b825caf,1db875a1eb10d95d654d0f2d27a52815794db0d8,13436313853456744620,3589472428,70/15/15,train,2190.jpg,dataset-20260508/train/2190.jpg,dataset-20260508/train.json,original,sg-0325,gc-0319,one plain original per evidence source group; no dataset resize/offline augmentation; pipeline online only,plain_base,none,true,,valid three-class raw regions; U01 drop raw region #3; standard background/FP; no ignore region,,test,0,2,0,2,0
10.17632/gfcmdbvw65.4,v4,dataset-20260508.zip,049591afd4fc3529aedbd31ef9119f5ec0601ebcb8cbbd4a25b7e883fde147ce,d2-v4-stage2b5-v1,12_freeze_d2_protocol.py@1 + 10_prepare_d2_freeze_candidate.py@1,a587d1d3cf826ec476fe91356f472b4a1a2b78eca51376c392fc16846b825caf,1db875a1eb10d95d654d0f2d27a52815794db0d8,13436313853456744620,3589472428,70/15/15,train,2200.jpg,dataset-20260508/train/2200.jpg,dataset-20260508/train.json,original,sg-0326,gc-0320,one plain original per evidence source group; no dataset resize/offline augmentation; pipeline online only,plain_base,none,true,,valid three-class raw regions; U01 drop raw region #3; standard background/FP; no ignore region,,train,0,2,0,2,0
10.17632/gfcmdbvw65.4,v4,dataset-20260508.zip,049591afd4fc3529aedbd31ef9119f5ec0601ebcb8cbbd4a25b7e883fde147ce,d2-v4-stage2b5-v1,12_freeze_d2_protocol.py@1 + 10_prepare_d2_freeze_candidate.py@1,a587d1d3cf826ec476fe91356f472b4a1a2b78eca51376c392fc16846b825caf,1db875a1eb10d95d654d0f2d27a52815794db0d8,13436313853456744620,3589472428,70/15/15,train,2220.jpg,dataset-20260508/train/2220.jpg,dataset-20260508/train.json,original,sg-0327,gc-0321,one plain original per evidence source group; no dataset resize/offline augmentation; pipeline online only,plain_base,none,true,,valid three-class raw regions; U01 drop raw region #3; standard background/FP; no ignore region,,train,0,5,0,5,0
10.17632/gfcmdbvw65.4,v4,dataset-20260508.zip,049591afd4fc3529aedbd31ef9119f5ec0601ebcb8cbbd4a25b7e883fde147ce,d2-v4-stage2b5-v1,12_freeze_d2_protocol.py@1 + 10_prepare_d2_freeze_candidate.py@1,a587d1d3cf826ec476fe91356f472b4a1a2b78eca51376c392fc16846b825caf,1db875a1eb10d95d654d0f2d27a52815794db0d8,13436313853456744620,3589472428,70/15/15,train,223.jpg,dataset-20260508/train/223.jpg,dataset-20260508/train.json,original,sg-0328,gc-0322,one plain original per evidence source group; no dataset resize/offline augmentation; pipeline online only,plain_base,none,true,,valid three-class raw regions; U01 drop raw region #3; standard background/FP; no ignore region,,val,0,1,0,1,0
10.17632/gfcmdbvw65.4,v4,dataset-20260508.zip,049591afd4fc3529aedbd31ef9119f5ec0601ebcb8cbbd4a25b7e883fde147ce,d2-v4-stage2b5-v1,12_freeze_d2_protocol.py@1 + 10_prepare_d2_freeze_candidate.py@1,a587d1d3cf826ec476fe91356f472b4a1a2b78eca51376c392fc16846b825caf,1db875a1eb10d95d654d0f2d27a52815794db0d8,13436313853456744620,3589472428,70/15/15,train,2240.jpg,dataset-20260508/train/2240.jpg,dataset-20260508/train.json,original,sg-0329,gc-0323,one plain original per evidence source group; no dataset resize/offline augmentation; pipeline online only,plain_base,none,true,,valid three-class raw regions; U01 drop raw region #3; standard background/FP; no ignore region,,train,0,1,0,1,0
10.17632/gfcmdbvw65.4,v4,dataset-20260508.zip,049591afd4fc3529aedbd31ef9119f5ec0601ebcb8cbbd4a25b7e883fde147ce,d2-v4-stage2b5-v1,12_freeze_d2_protocol.py@1 + 10_prepare_d2_freeze_candidate.py@1,a587d1d3cf826ec476fe91356f472b4a1a2b78eca51376c392fc16846b825caf,1db875a1eb10d95d654d0f2d27a52815794db0d8,13436313853456744620,3589472428,70/15/15,train,2250.jpg,dataset-20260508/train/2250.jpg,dataset-20260508/train.json,original,sg-0330,gc-0324,one plain original per evidence source group; no dataset resize/offline augmentation; pipeline online only,plain_base,none,true,,valid three-class raw regions; U01 drop raw region #3; standard background/FP; no ignore region,,train,0,3,0,3,0
10.17632/gfcmdbvw65.4,v4,dataset-20260508.zip,049591afd4fc3529aedbd31ef9119f5ec0601ebcb8cbbd4a25b7e883fde147ce,d2-v4-stage2b5-v1,12_freeze_d2_protocol.py@1 + 10_prepare_d2_freeze_candidate.py@1,a587d1d3cf826ec476fe91356f472b4a1a2b78eca51376c392fc16846b825caf,1db875a1eb10d95d654d0f2d27a52815794db0d8,13436313853456744620,3589472428,70/15/15,train,226.jpg,dataset-20260508/train/226.jpg,dataset-20260508/train.json,original,sg-0331,gc-0325,one plain original per evidence source group; no dataset resize/offline augmentation; pipeline online only,plain_base,none,true,,valid three-class raw regions; U01 drop raw region #3; standard background/FP; no ignore region,,train,0,1,0,1,0
10.17632/gfcmdbvw65.4,v4,dataset-20260508.zip,049591afd4fc3529aedbd31ef9119f5ec0601ebcb8cbbd4a25b7e883fde147ce,d2-v4-stage2b5-v1,12_freeze_d2_protocol.py@1 + 10_prepare_d2_freeze_candidate.py@1,a587d1d3cf826ec476fe91356f472b4a1a2b78eca51376c392fc16846b825caf,1db875a1eb10d95d654d0f2d27a52815794db0d8,13436313853456744620,3589472428,70/15/15,train,2280.jpg,dataset-20260508/train/2280.jpg,dataset-20260508/train.json,original,sg-0332,gc-0326,one plain original per evidence source group; no dataset resize/offline augmentation; pipeline online only,plain_base,none,true,,valid three-class raw regions; U01 drop raw region #3; standard background/FP; no ignore region,,val,0,1,0,1,0
10.17632/gfcmdbvw65.4,v4,dataset-20260508.zip,049591afd4fc3529aedbd31ef9119f5ec0601ebcb8cbbd4a25b7e883fde147ce,d2-v4-stage2b5-v1,12_freeze_d2_protocol.py@1 + 10_prepare_d2_freeze_candidate.py@1,a587d1d3cf826ec476fe91356f472b4a1a2b78eca51376c392fc16846b825caf,1db875a1eb10d95d654d0f2d27a52815794db0d8,13436313853456744620,3589472428,70/15/15,train,2300.jpg,dataset-20260508/train/2300.jpg,dataset-20260508/train.json,original,sg-0333,gc-0327,one plain original per evidence source group; no dataset resize/offline augmentation; pipeline online only,plain_base,none,true,,valid three-class raw regions; U01 drop raw region #3; standard background/FP; no ignore region,,train,1,3,0,4,1
10.17632/gfcmdbvw65.4,v4,dataset-20260508.zip,049591afd4fc3529aedbd31ef9119f5ec0601ebcb8cbbd4a25b7e883fde147ce,d2-v4-stage2b5-v1,12_freeze_d2_protocol.py@1 + 10_prepare_d2_freeze_candidate.py@1,a587d1d3cf826ec476fe91356f472b4a1a2b78eca51376c392fc16846b825caf,1db875a1eb10d95d654d0f2d27a52815794db0d8,13436313853456744620,3589472428,70/15/15,train,23000.jpg,dataset-20260508/train/23000.jpg,dataset-20260508/train.json,original,sg-0334,gc-0328,one plain original per evidence source group; no dataset resize/offline augmentation; pipeline online only,plain_base,none,true,,valid three-class raw regions; U01 drop raw region #3; standard background/FP; no ignore region,,test,0,0,3,3,0
10.17632/gfcmdbvw65.4,v4,dataset-20260508.zip,049591afd4fc3529aedbd31ef9119f5ec0601ebcb8cbbd4a25b7e883fde147ce,d2-v4-stage2b5-v1,12_freeze_d2_protocol.py@1 + 10_prepare_d2_freeze_candidate.py@1,a587d1d3cf826ec476fe91356f472b4a1a2b78eca51376c392fc16846b825caf,1db875a1eb10d95d654d0f2d27a52815794db0d8,13436313853456744620,3589472428,70/15/15,train,231.jpg,dataset-20260508/train/231.jpg,dataset-20260508/train.json,original,sg-0335,gc-0329,one plain original per evidence source group; no dataset resize/offline augmentation; pipeline online only,plain_base,none,true,,valid three-class raw regions; U01 drop raw region #3; standard background/FP; no ignore region,,val,1,1,0,2,1
10.17632/gfcmdbvw65.4,v4,dataset-20260508.zip,049591afd4fc3529aedbd31ef9119f5ec0601ebcb8cbbd4a25b7e883fde147ce,d2-v4-stage2b5-v1,12_freeze_d2_protocol.py@1 + 10_prepare_d2_freeze_candidate.py@1,a587d1d3cf826ec476fe91356f472b4a1a2b78eca51376c392fc16846b825caf,1db875a1eb10d95d654d0f2d27a52815794db0d8,13436313853456744620,3589472428,70/15/15,train,2330.jpg,dataset-20260508/train/2330.jpg,dataset-20260508/train.json,original,sg-0336,gc-0330,one plain original per evidence source group; no dataset resize/offline augmentation; pipeline online only,plain_base,none,true,,valid three-class raw regions; U01 drop raw region #3; standard background/FP; no ignore region,,test,0,3,0,3,0
10.17632/gfcmdbvw65.4,v4,dataset-20260508.zip,049591afd4fc3529aedbd31ef9119f5ec0601ebcb8cbbd4a25b7e883fde147ce,d2-v4-stage2b5-v1,12_freeze_d2_protocol.py@1 + 10_prepare_d2_freeze_candidate.py@1,a587d1d3cf826ec476fe91356f472b4a1a2b78eca51376c392fc16846b825caf,1db875a1eb10d95d654d0f2d27a52815794db0d8,13436313853456744620,3589472428,70/15/15,train,2350.jpg,dataset-20260508/train/2350.jpg,dataset-20260508/train.json,original,sg-0337,gc-0331,one plain original per evidence source group; no dataset resize/offline augmentation; pipeline online only,plain_base,none,true,,valid three-class raw regions; U01 drop raw region #3; standard background/FP; no ignore region,,train,1,2,0,3,1
10.17632/gfcmdbvw65.4,v4,dataset-20260508.zip,049591afd4fc3529aedbd31ef9119f5ec0601ebcb8cbbd4a25b7e883fde147ce,d2-v4-stage2b5-v1,12_freeze_d2_protocol.py@1 + 10_prepare_d2_freeze_candidate.py@1,a587d1d3cf826ec476fe91356f472b4a1a2b78eca51376c392fc16846b825caf,1db875a1eb10d95d654d0f2d27a52815794db0d8,13436313853456744620,3589472428,70/15/15,train,2370.jpg,dataset-20260508/train/2370.jpg,dataset-20260508/train.json,original,sg-0338,gc-0040,one plain original per evidence source group; no dataset resize/offline augmentation; pipeline online only,plain_base,none,true,,valid three-class raw regions; U01 drop raw region #3; standard background/FP; no ignore region,,train,0,1,0,1,0
10.17632/gfcmdbvw65.4,v4,dataset-20260508.zip,049591afd4fc3529aedbd31ef9119f5ec0601ebcb8cbbd4a25b7e883fde147ce,d2-v4-stage2b5-v1,12_freeze_d2_protocol.py@1 + 10_prepare_d2_freeze_candidate.py@1,a587d1d3cf826ec476fe91356f472b4a1a2b78eca51376c392fc16846b825caf,1db875a1eb10d95d654d0f2d27a52815794db0d8,13436313853456744620,3589472428,70/15/15,train,2380.jpg,dataset-20260508/train/2380.jpg,dataset-20260508/train.json,original,sg-0339,gc-0332,one plain original per evidence source group; no dataset resize/offline augmentation; pipeline online only,plain_base,none,true,,valid three-class raw regions; U01 drop raw region #3; standard background/FP; no ignore region,,test,1,1,0,2,1
10.17632/gfcmdbvw65.4,v4,dataset-20260508.zip,049591afd4fc3529aedbd31ef9119f5ec0601ebcb8cbbd4a25b7e883fde147ce,d2-v4-stage2b5-v1,12_freeze_d2_protocol.py@1 + 10_prepare_d2_freeze_candidate.py@1,a587d1d3cf826ec476fe91356f472b4a1a2b78eca51376c392fc16846b825caf,1db875a1eb10d95d654d0f2d27a52815794db0d8,13436313853456744620,3589472428,70/15/15,train,24000.jpg,dataset-20260508/train/24000.jpg,dataset-20260508/train.json,original,sg-0340,gc-0333,one plain original per evidence source group; no dataset resize/offline augmentation; pipeline online only,plain_base,none,true,,valid three-class raw regions; U01 drop raw region #3; standard background/FP; no ignore region,,train,0,0,5,5,0
10.17632/gfcmdbvw65.4,v4,dataset-20260508.zip,049591afd4fc3529aedbd31ef9119f5ec0601ebcb8cbbd4a25b7e883fde147ce,d2-v4-stage2b5-v1,12_freeze_d2_protocol.py@1 + 10_prepare_d2_freeze_candidate.py@1,a587d1d3cf826ec476fe91356f472b4a1a2b78eca51376c392fc16846b825caf,1db875a1eb10d95d654d0f2d27a52815794db0d8,13436313853456744620,3589472428,70/15/15,train,2430.jpg,dataset-20260508/train/2430.jpg,dataset-20260508/train.json,original,sg-0342,gc-0335,one plain original per evidence source group; no dataset resize/offline augmentation; pipeline online only,plain_base,none,true,,valid three-class raw regions; U01 drop raw region #3; standard background/FP; no ignore region,,train,0,2,0,2,0
10.17632/gfcmdbvw65.4,v4,dataset-20260508.zip,049591afd4fc3529aedbd31ef9119f5ec0601ebcb8cbbd4a25b7e883fde147ce,d2-v4-stage2b5-v1,12_freeze_d2_protocol.py@1 + 10_prepare_d2_freeze_candidate.py@1,a587d1d3cf826ec476fe91356f472b4a1a2b78eca51376c392fc16846b825caf,1db875a1eb10d95d654d0f2d27a52815794db0d8,13436313853456744620,3589472428,70/15/15,train,2440.jpg,dataset-20260508/train/2440.jpg,dataset-20260508/train.json,original,sg-0343,gc-0336,one plain original per evidence source group; no dataset resize/offline augmentation; pipeline online only,plain_base,none,true,,valid three-class raw regions; U01 drop raw region #3; standard background/FP; no ignore region,,train,0,1,0,1,0
10.17632/gfcmdbvw65.4,v4,dataset-20260508.zip,049591afd4fc3529aedbd31ef9119f5ec0601ebcb8cbbd4a25b7e883fde147ce,d2-v4-stage2b5-v1,12_freeze_d2_protocol.py@1 + 10_prepare_d2_freeze_candidate.py@1,a587d1d3cf826ec476fe91356f472b4a1a2b78eca51376c392fc16846b825caf,1db875a1eb10d95d654d0f2d27a52815794db0d8,13436313853456744620,3589472428,70/15/15,train,246.jpg,dataset-20260508/train/246.jpg,dataset-20260508/train.json,original,sg-0344,gc-0009,one plain original per evidence source group; no dataset resize/offline augmentation; pipeline online only,plain_base,none,true,,valid three-class raw regions; U01 drop raw region #3; standard background/FP; no ignore region,,train,1,1,0,2,1
10.17632/gfcmdbvw65.4,v4,dataset-20260508.zip,049591afd4fc3529aedbd31ef9119f5ec0601ebcb8cbbd4a25b7e883fde147ce,d2-v4-stage2b5-v1,12_freeze_d2_protocol.py@1 + 10_prepare_d2_freeze_candidate.py@1,a587d1d3cf826ec476fe91356f472b4a1a2b78eca51376c392fc16846b825caf,1db875a1eb10d95d654d0f2d27a52815794db0d8,13436313853456744620,3589472428,70/15/15,train,2480.jpg,dataset-20260508/train/2480.jpg,dataset-20260508/train.json,original,sg-0345,gc-0337,one plain original per evidence source group; no dataset resize/offline augmentation; pipeline online only,plain_base,none,true,,valid three-class raw regions; U01 drop raw region #3; standard background/FP; no ignore region,,train,1,1,0,2,1
10.17632/gfcmdbvw65.4,v4,dataset-20260508.zip,049591afd4fc3529aedbd31ef9119f5ec0601ebcb8cbbd4a25b7e883fde147ce,d2-v4-stage2b5-v1,12_freeze_d2_protocol.py@1 + 10_prepare_d2_freeze_candidate.py@1,a587d1d3cf826ec476fe91356f472b4a1a2b78eca51376c392fc16846b825caf,1db875a1eb10d95d654d0f2d27a52815794db0d8,13436313853456744620,3589472428,70/15/15,train,249.jpg,dataset-20260508/train/249.jpg,dataset-20260508/train.json,original,sg-0346,gc-0338,one plain original per evidence source group; no dataset resize/offline augmentation; pipeline online only,plain_base,none,true,,valid three-class raw regions; U01 drop raw region #3; standard background/FP; no ignore region,,train,0,1,0,1,0
10.17632/gfcmdbvw65.4,v4,dataset-20260508.zip,049591afd4fc3529aedbd31ef9119f5ec0601ebcb8cbbd4a25b7e883fde147ce,d2-v4-stage2b5-v1,12_freeze_d2_protocol.py@1 + 10_prepare_d2_freeze_candidate.py@1,a587d1d3cf826ec476fe91356f472b4a1a2b78eca51376c392fc16846b825caf,1db875a1eb10d95d654d0f2d27a52815794db0d8,13436313853456744620,3589472428,70/15/15,train,25.jpg,dataset-20260508/train/25.jpg,dataset-20260508/train.json,original,sg-0347,gc-0339,one plain original per evidence source group; no dataset resize/offline augmentation; pipeline online only,plain_base,none,true,,valid three-class raw regions; U01 drop raw region #3; standard background/FP; no ignore region,,train,0,0,3,3,0
10.17632/gfcmdbvw65.4,v4,dataset-20260508.zip,049591afd4fc3529aedbd31ef9119f5ec0601ebcb8cbbd4a25b7e883fde147ce,d2-v4-stage2b5-v1,12_freeze_d2_protocol.py@1 + 10_prepare_d2_freeze_candidate.py@1,a587d1d3cf826ec476fe91356f472b4a1a2b78eca51376c392fc16846b825caf,1db875a1eb10d95d654d0f2d27a52815794db0d8,13436313853456744620,3589472428,70/15/15,train,2520.jpg,dataset-20260508/train/2520.jpg,dataset-20260508/train.json,original,sg-0348,gc-0340,one plain original per evidence source group; no dataset resize/offline augmentation; pipeline online only,plain_base,none,true,,valid three-class raw regions; U01 drop raw region #3; standard background/FP; no ignore region,,train,0,1,0,1,0
10.17632/gfcmdbvw65.4,v4,dataset-20260508.zip,049591afd4fc3529aedbd31ef9119f5ec0601ebcb8cbbd4a25b7e883fde147ce,d2-v4-stage2b5-v1,12_freeze_d2_protocol.py@1 + 10_prepare_d2_freeze_candidate.py@1,a587d1d3cf826ec476fe91356f472b4a1a2b78eca51376c392fc16846b825caf,1db875a1eb10d95d654d0f2d27a52815794db0d8,13436313853456744620,3589472428,70/15/15,train,253.jpg,dataset-20260508/train/253.jpg,dataset-20260508/train.json,original,sg-0349,gc-0341,one plain original per evidence source group; no dataset resize/offline augmentation; pipeline online only,plain_base,none,true,,valid three-class raw regions; U01 drop raw region #3; standard background/FP; no ignore region,,val,0,1,0,1,0
10.17632/gfcmdbvw65.4,v4,dataset-20260508.zip,049591afd4fc3529aedbd31ef9119f5ec0601ebcb8cbbd4a25b7e883fde147ce,d2-v4-stage2b5-v1,12_freeze_d2_protocol.py@1 + 10_prepare_d2_freeze_candidate.py@1,a587d1d3cf826ec476fe91356f472b4a1a2b78eca51376c392fc16846b825caf,1db875a1eb10d95d654d0f2d27a52815794db0d8,13436313853456744620,3589472428,70/15/15,train,2540.jpg,dataset-20260508/train/2540.jpg,dataset-20260508/train.json,original,sg-0350,gc-0342,one plain original per evidence source group; no dataset resize/offline augmentation; pipeline online only,plain_base,none,true,,valid three-class raw regions; U01 drop raw region #3; standard background/FP; no ignore region,,val,0,1,0,1,0
10.17632/gfcmdbvw65.4,v4,dataset-20260508.zip,049591afd4fc3529aedbd31ef9119f5ec0601ebcb8cbbd4a25b7e883fde147ce,d2-v4-stage2b5-v1,12_freeze_d2_protocol.py@1 + 10_prepare_d2_freeze_candidate.py@1,a587d1d3cf826ec476fe91356f472b4a1a2b78eca51376c392fc16846b825caf,1db875a1eb10d95d654d0f2d27a52815794db0d8,13436313853456744620,3589472428,70/15/15,train,258.jpg,dataset-20260508/train/258.jpg,dataset-20260508/train.json,original,sg-0351,gc-0343,one plain original per evidence source group; no dataset resize/offline augmentation; pipeline online only,plain_base,none,true,,valid three-class raw regions; U01 drop raw region #3; standard background/FP; no ignore region,,val,0,0,1,1,0
10.17632/gfcmdbvw65.4,v4,dataset-20260508.zip,049591afd4fc3529aedbd31ef9119f5ec0601ebcb8cbbd4a25b7e883fde147ce,d2-v4-stage2b5-v1,12_freeze_d2_protocol.py@1 + 10_prepare_d2_freeze_candidate.py@1,a587d1d3cf826ec476fe91356f472b4a1a2b78eca51376c392fc16846b825caf,1db875a1eb10d95d654d0f2d27a52815794db0d8,13436313853456744620,3589472428,70/15/15,train,2600.jpg,dataset-20260508/train/2600.jpg,dataset-20260508/train.json,original,sg-0352,gc-0344,one plain original per evidence source group; no dataset resize/offline augmentation; pipeline online only,plain_base,none,true,,valid three-class raw regions; U01 drop raw region #3; standard background/FP; no ignore region,,train,0,0,1,1,0
10.17632/gfcmdbvw65.4,v4,dataset-20260508.zip,049591afd4fc3529aedbd31ef9119f5ec0601ebcb8cbbd4a25b7e883fde147ce,d2-v4-stage2b5-v1,12_freeze_d2_protocol.py@1 + 10_prepare_d2_freeze_candidate.py@1,a587d1d3cf826ec476fe91356f472b4a1a2b78eca51376c392fc16846b825caf,1db875a1eb10d95d654d0f2d27a52815794db0d8,13436313853456744620,3589472428,70/15/15,train,26000.jpg,dataset-20260508/train/26000.jpg,dataset-20260508/train.json,original,sg-0353,gc-0345,one plain original per evidence source group; no dataset resize/offline augmentation; pipeline online only,plain_base,none,true,,valid three-class raw regions; U01 drop raw region #3; standard background/FP; no ignore region,,test,0,0,3,3,0
10.17632/gfcmdbvw65.4,v4,dataset-20260508.zip,049591afd4fc3529aedbd31ef9119f5ec0601ebcb8cbbd4a25b7e883fde147ce,d2-v4-stage2b5-v1,12_freeze_d2_protocol.py@1 + 10_prepare_d2_freeze_candidate.py@1,a587d1d3cf826ec476fe91356f472b4a1a2b78eca51376c392fc16846b825caf,1db875a1eb10d95d654d0f2d27a52815794db0d8,13436313853456744620,3589472428,70/15/15,train,2610.jpg,dataset-20260508/train/2610.jpg,dataset-20260508/train.json,original,sg-0354,gc-0346,one plain original per evidence source group; no dataset resize/offline augmentation; pipeline online only,plain_base,none,true,,valid three-class raw regions; U01 drop raw region #3; standard background/FP; no ignore region,,train,0,1,0,1,0
10.17632/gfcmdbvw65.4,v4,dataset-20260508.zip,049591afd4fc3529aedbd31ef9119f5ec0601ebcb8cbbd4a25b7e883fde147ce,d2-v4-stage2b5-v1,12_freeze_d2_protocol.py@1 + 10_prepare_d2_freeze_candidate.py@1,a587d1d3cf826ec476fe91356f472b4a1a2b78eca51376c392fc16846b825caf,1db875a1eb10d95d654d0f2d27a52815794db0d8,13436313853456744620,3589472428,70/15/15,train,2630.jpg,dataset-20260508/train/2630.jpg,dataset-20260508/train.json,original,sg-0355,gc-0264,one plain original per evidence source group; no dataset resize/offline augmentation; pipeline online only,plain_base,none,true,,valid three-class raw regions; U01 drop raw region #3; standard background/FP; no ignore region,,train,0,1,0,1,0
10.17632/gfcmdbvw65.4,v4,dataset-20260508.zip,049591afd4fc3529aedbd31ef9119f5ec0601ebcb8cbbd4a25b7e883fde147ce,d2-v4-stage2b5-v1,12_freeze_d2_protocol.py@1 + 10_prepare_d2_freeze_candidate.py@1,a587d1d3cf826ec476fe91356f472b4a1a2b78eca51376c392fc16846b825caf,1db875a1eb10d95d654d0f2d27a52815794db0d8,13436313853456744620,3589472428,70/15/15,train,2650.jpg,dataset-20260508/train/2650.jpg,dataset-20260508/train.json,original,sg-0356,gc-0263,one plain original per evidence source group; no dataset resize/offline augmentation; pipeline online only,plain_base,none,true,,valid three-class raw regions; U01 drop raw region #3; standard background/FP; no ignore region,,train,0,1,0,1,0
10.17632/gfcmdbvw65.4,v4,dataset-20260508.zip,049591afd4fc3529aedbd31ef9119f5ec0601ebcb8cbbd4a25b7e883fde147ce,d2-v4-stage2b5-v1,12_freeze_d2_protocol.py@1 + 10_prepare_d2_freeze_candidate.py@1,a587d1d3cf826ec476fe91356f472b4a1a2b78eca51376c392fc16846b825caf,1db875a1eb10d95d654d0f2d27a52815794db0d8,13436313853456744620,3589472428,70/15/15,train,266.jpg,dataset-20260508/train/266.jpg,dataset-20260508/train.json,original,sg-0357,gc-0347,one plain original per evidence source group; no dataset resize/offline augmentation; pipeline online only,plain_base,none,true,,valid three-class raw regions; U01 drop raw region #3; standard background/FP; no ignore region,,train,0,1,0,1,0
10.17632/gfcmdbvw65.4,v4,dataset-20260508.zip,049591afd4fc3529aedbd31ef9119f5ec0601ebcb8cbbd4a25b7e883fde147ce,d2-v4-stage2b5-v1,12_freeze_d2_protocol.py@1 + 10_prepare_d2_freeze_candidate.py@1,a587d1d3cf826ec476fe91356f472b4a1a2b78eca51376c392fc16846b825caf,1db875a1eb10d95d654d0f2d27a52815794db0d8,13436313853456744620,3589472428,70/15/15,train,2710.jpg,dataset-20260508/train/2710.jpg,dataset-20260508/train.json,original,sg-0358,gc-0348,one plain original per evidence source group; no dataset resize/offline augmentation; pipeline online only,plain_base,none,true,,valid three-class raw regions; U01 drop raw region #3; standard background/FP; no ignore region,,test,0,1,0,1,0
10.17632/gfcmdbvw65.4,v4,dataset-20260508.zip,049591afd4fc3529aedbd31ef9119f5ec0601ebcb8cbbd4a25b7e883fde147ce,d2-v4-stage2b5-v1,12_freeze_d2_protocol.py@1 + 10_prepare_d2_freeze_candidate.py@1,a587d1d3cf826ec476fe91356f472b4a1a2b78eca51376c392fc16846b825caf,1db875a1eb10d95d654d0f2d27a52815794db0d8,13436313853456744620,3589472428,70/15/15,train,2740.jpg,dataset-20260508/train/2740.jpg,dataset-20260508/train.json,original,sg-0359,gc-0349,one plain original per evidence source group; no dataset resize/offline augmentation; pipeline online only,plain_base,none,true,,valid three-class raw regions; U01 drop raw region #3; standard background/FP; no ignore region,,val,0,1,0,1,0
10.17632/gfcmdbvw65.4,v4,dataset-20260508.zip,049591afd4fc3529aedbd31ef9119f5ec0601ebcb8cbbd4a25b7e883fde147ce,d2-v4-stage2b5-v1,12_freeze_d2_protocol.py@1 + 10_prepare_d2_freeze_candidate.py@1,a587d1d3cf826ec476fe91356f472b4a1a2b78eca51376c392fc16846b825caf,1db875a1eb10d95d654d0f2d27a52815794db0d8,13436313853456744620,3589472428,70/15/15,train,2760.jpg,dataset-20260508/train/2760.jpg,dataset-20260508/train.json,original,sg-0360,gc-0016,one plain original per evidence source group; no dataset resize/offline augmentation; pipeline online only,plain_base,none,true,,valid three-class raw regions; U01 drop raw region #3; standard background/FP; no ignore region,,train,0,3,0,3,0
10.17632/gfcmdbvw65.4,v4,dataset-20260508.zip,049591afd4fc3529aedbd31ef9119f5ec0601ebcb8cbbd4a25b7e883fde147ce,d2-v4-stage2b5-v1,12_freeze_d2_protocol.py@1 + 10_prepare_d2_freeze_candidate.py@1,a587d1d3cf826ec476fe91356f472b4a1a2b78eca51376c392fc16846b825caf,1db875a1eb10d95d654d0f2d27a52815794db0d8,13436313853456744620,3589472428,70/15/15,train,2780.jpg,dataset-20260508/train/2780.jpg,dataset-20260508/train.json,original,sg-0361,gc-0350,one plain original per evidence source group; no dataset resize/offline augmentation; pipeline online only,plain_base,none,true,,valid three-class raw regions; U01 drop raw region #3; standard background/FP; no ignore region,,train,0,1,1,2,1
10.17632/gfcmdbvw65.4,v4,dataset-20260508.zip,049591afd4fc3529aedbd31ef9119f5ec0601ebcb8cbbd4a25b7e883fde147ce,d2-v4-stage2b5-v1,12_freeze_d2_protocol.py@1 + 10_prepare_d2_freeze_candidate.py@1,a587d1d3cf826ec476fe91356f472b4a1a2b78eca51376c392fc16846b825caf,1db875a1eb10d95d654d0f2d27a52815794db0d8,13436313853456744620,3589472428,70/15/15,train,28.jpg,dataset-20260508/train/28.jpg,dataset-20260508/train.json,original,sg-0362,gc-0351,one plain original per evidence source group; no dataset resize/offline augmentation; pipeline online only,plain_base,none,true,,valid three-class raw regions; U01 drop raw region #3; standard background/FP; no ignore region,,train,0,0,4,4,0
10.17632/gfcmdbvw65.4,v4,dataset-20260508.zip,049591afd4fc3529aedbd31ef9119f5ec0601ebcb8cbbd4a25b7e883fde147ce,d2-v4-stage2b5-v1,12_freeze_d2_protocol.py@1 + 10_prepare_d2_freeze_candidate.py@1,a587d1d3cf826ec476fe91356f472b4a1a2b78eca51376c392fc16846b825caf,1db875a1eb10d95d654d0f2d27a52815794db0d8,13436313853456744620,3589472428,70/15/15,train,282.jpg,dataset-20260508/train/282.jpg,dataset-20260508/train.json,original,sg-0363,gc-0352,one plain original per evidence source group; no dataset resize/offline augmentation; pipeline online only,plain_base,none,true,,valid three-class raw regions; U01 drop raw region #3; standard background/FP; no ignore region,,train,1,1,0,2,1
10.17632/gfcmdbvw65.4,v4,dataset-20260508.zip,049591afd4fc3529aedbd31ef9119f5ec0601ebcb8cbbd4a25b7e883fde147ce,d2-v4-stage2b5-v1,12_freeze_d2_protocol.py@1 + 10_prepare_d2_freeze_candidate.py@1,a587d1d3cf826ec476fe91356f472b4a1a2b78eca51376c392fc16846b825caf,1db875a1eb10d95d654d0f2d27a52815794db0d8,13436313853456744620,3589472428,70/15/15,train,2830.jpg,dataset-20260508/train/2830.jpg,dataset-20260508/train.json,original,sg-0364,gc-0353,one plain original per evidence source group; no dataset resize/offline augmentation; pipeline online only,plain_base,none,true,,valid three-class raw regions; U01 drop raw region #3; standard background/FP; no ignore region,,train,0,1,0,1,0
10.17632/gfcmdbvw65.4,v4,dataset-20260508.zip,049591afd4fc3529aedbd31ef9119f5ec0601ebcb8cbbd4a25b7e883fde147ce,d2-v4-stage2b5-v1,12_freeze_d2_protocol.py@1 + 10_prepare_d2_freeze_candidate.py@1,a587d1d3cf826ec476fe91356f472b4a1a2b78eca51376c392fc16846b825caf,1db875a1eb10d95d654d0f2d27a52815794db0d8,13436313853456744620,3589472428,70/15/15,train,288.jpg,dataset-20260508/train/288.jpg,dataset-20260508/train.json,original,sg-0365,gc-0354,one plain original per evidence source group; no dataset resize/offline augmentation; pipeline online only,plain_base,none,true,,valid three-class raw regions; U01 drop raw region #3; standard background/FP; no ignore region,,train,0,1,0,1,0
10.17632/gfcmdbvw65.4,v4,dataset-20260508.zip,049591afd4fc3529aedbd31ef9119f5ec0601ebcb8cbbd4a25b7e883fde147ce,d2-v4-stage2b5-v1,12_freeze_d2_protocol.py@1 + 10_prepare_d2_freeze_candidate.py@1,a587d1d3cf826ec476fe91356f472b4a1a2b78eca51376c392fc16846b825caf,1db875a1eb10d95d654d0f2d27a52815794db0d8,13436313853456744620,3589472428,70/15/15,train,29000.jpg,dataset-20260508/train/29000.jpg,dataset-20260508/train.json,original,sg-0366,gc-0355,one plain original per evidence source group; no dataset resize/offline augmentation; pipeline online only,plain_base,none,true,,valid three-class raw regions; U01 drop raw region #3; standard background/FP; no ignore region,,train,0,0,5,5,0
10.17632/gfcmdbvw65.4,v4,dataset-20260508.zip,049591afd4fc3529aedbd31ef9119f5ec0601ebcb8cbbd4a25b7e883fde147ce,d2-v4-stage2b5-v1,12_freeze_d2_protocol.py@1 + 10_prepare_d2_freeze_candidate.py@1,a587d1d3cf826ec476fe91356f472b4a1a2b78eca51376c392fc16846b825caf,1db875a1eb10d95d654d0f2d27a52815794db0d8,13436313853456744620,3589472428,70/15/15,train,2901.jpg,dataset-20260508/train/2901.jpg,dataset-20260508/train.json,original,sg-0367,gc-0356,one plain original per evidence source group; no dataset resize/offline augmentation; pipeline online only,plain_base,none,true,,valid three-class raw regions; U01 drop raw region #3; standard background/FP; no ignore region,,test,3,0,0,3,0
10.17632/gfcmdbvw65.4,v4,dataset-20260508.zip,049591afd4fc3529aedbd31ef9119f5ec0601ebcb8cbbd4a25b7e883fde147ce,d2-v4-stage2b5-v1,12_freeze_d2_protocol.py@1 + 10_prepare_d2_freeze_candidate.py@1,a587d1d3cf826ec476fe91356f472b4a1a2b78eca51376c392fc16846b825caf,1db875a1eb10d95d654d0f2d27a52815794db0d8,13436313853456744620,3589472428,70/15/15,train,2910.jpg,dataset-20260508/train/2910.jpg,dataset-20260508/train.json,original,sg-0368,gc-0357,one plain original per evidence source group; no dataset resize/offline augmentation; pipeline online only,plain_base,none,true,,valid three-class raw regions; U01 drop raw region #3; standard background/FP; no ignore region,,train,0,1,0,1,0
10.17632/gfcmdbvw65.4,v4,dataset-20260508.zip,049591afd4fc3529aedbd31ef9119f5ec0601ebcb8cbbd4a25b7e883fde147ce,d2-v4-stage2b5-v1,12_freeze_d2_protocol.py@1 + 10_prepare_d2_freeze_candidate.py@1,a587d1d3cf826ec476fe91356f472b4a1a2b78eca51376c392fc16846b825caf,1db875a1eb10d95d654d0f2d27a52815794db0d8,13436313853456744620,3589472428,70/15/15,train,2950.jpg,dataset-20260508/train/2950.jpg,dataset-20260508/train.json,original,sg-0369,gc-0358,one plain original per evidence source group; no dataset resize/offline augmentation; pipeline online only,plain_base,none,true,,valid three-class raw regions; U01 drop raw region #3; standard background/FP; no ignore region,,train,0,1,0,1,0
10.17632/gfcmdbvw65.4,v4,dataset-20260508.zip,049591afd4fc3529aedbd31ef9119f5ec0601ebcb8cbbd4a25b7e883fde147ce,d2-v4-stage2b5-v1,12_freeze_d2_protocol.py@1 + 10_prepare_d2_freeze_candidate.py@1,a587d1d3cf826ec476fe91356f472b4a1a2b78eca51376c392fc16846b825caf,1db875a1eb10d95d654d0f2d27a52815794db0d8,13436313853456744620,3589472428,70/15/15,train,2970.jpg,dataset-20260508/train/2970.jpg,dataset-20260508/train.json,original,sg-0370,gc-0359,one plain original per evidence source group; no dataset resize/offline augmentation; pipeline online only,plain_base,none,true,,valid three-class raw regions; U01 drop raw region #3; standard background/FP; no ignore region,,train,0,2,0,2,0
10.17632/gfcmdbvw65.4,v4,dataset-20260508.zip,049591afd4fc3529aedbd31ef9119f5ec0601ebcb8cbbd4a25b7e883fde147ce,d2-v4-stage2b5-v1,12_freeze_d2_protocol.py@1 + 10_prepare_d2_freeze_candidate.py@1,a587d1d3cf826ec476fe91356f472b4a1a2b78eca51376c392fc16846b825caf,1db875a1eb10d95d654d0f2d27a52815794db0d8,13436313853456744620,3589472428,70/15/15,train,3.jpg,dataset-20260508/train/3.jpg,dataset-20260508/train.json,original,sg-0371,gc-0360,one plain original per evidence source group; no dataset resize/offline augmentation; pipeline online only,plain_base,none,true,,valid three-class raw regions; U01 drop raw region #3; standard background/FP; no ignore region,,train,0,0,2,2,0
10.17632/gfcmdbvw65.4,v4,dataset-20260508.zip,049591afd4fc3529aedbd31ef9119f5ec0601ebcb8cbbd4a25b7e883fde147ce,d2-v4-stage2b5-v1,12_freeze_d2_protocol.py@1 + 10_prepare_d2_freeze_candidate.py@1,a587d1d3cf826ec476fe91356f472b4a1a2b78eca51376c392fc16846b825caf,1db875a1eb10d95d654d0f2d27a52815794db0d8,13436313853456744620,3589472428,70/15/15,train,300.jpg,dataset-20260508/train/300.jpg,dataset-20260508/train.json,original,sg-0372,gc-0361,one plain original per evidence source group; no dataset resize/offline augmentation; pipeline online only,plain_base,none,true,,valid three-class raw regions; U01 drop raw region #3; standard background/FP; no ignore region,,val,0,1,0,1,0
10.17632/gfcmdbvw65.4,v4,dataset-20260508.zip,049591afd4fc3529aedbd31ef9119f5ec0601ebcb8cbbd4a25b7e883fde147ce,d2-v4-stage2b5-v1,12_freeze_d2_protocol.py@1 + 10_prepare_d2_freeze_candidate.py@1,a587d1d3cf826ec476fe91356f472b4a1a2b78eca51376c392fc16846b825caf,1db875a1eb10d95d654d0f2d27a52815794db0d8,13436313853456744620,3589472428,70/15/15,train,301.jpg,dataset-20260508/train/301.jpg,dataset-20260508/train.json,original,sg-0373,gc-0362,one plain original per evidence source group; no dataset resize/offline augmentation; pipeline online only,plain_base,none,true,,valid three-class raw regions; U01 drop raw region #3; standard background/FP; no ignore region,,train,0,2,0,2,0
10.17632/gfcmdbvw65.4,v4,dataset-20260508.zip,049591afd4fc3529aedbd31ef9119f5ec0601ebcb8cbbd4a25b7e883fde147ce,d2-v4-stage2b5-v1,12_freeze_d2_protocol.py@1 + 10_prepare_d2_freeze_candidate.py@1,a587d1d3cf826ec476fe91356f472b4a1a2b78eca51376c392fc16846b825caf,1db875a1eb10d95d654d0f2d27a52815794db0d8,13436313853456744620,3589472428,70/15/15,train,3040.jpg,dataset-20260508/train/3040.jpg,dataset-20260508/train.json,original,sg-0374,gc-0363,one plain original per evidence source group; no dataset resize/offline augmentation; pipeline online only,plain_base,none,true,,valid three-class raw regions; U01 drop raw region #3; standard background/FP; no ignore region,,test,1,2,0,3,1
10.17632/gfcmdbvw65.4,v4,dataset-20260508.zip,049591afd4fc3529aedbd31ef9119f5ec0601ebcb8cbbd4a25b7e883fde147ce,d2-v4-stage2b5-v1,12_freeze_d2_protocol.py@1 + 10_prepare_d2_freeze_candidate.py@1,a587d1d3cf826ec476fe91356f472b4a1a2b78eca51376c392fc16846b825caf,1db875a1eb10d95d654d0f2d27a52815794db0d8,13436313853456744620,3589472428,70/15/15,train,3050.jpg,dataset-20260508/train/3050.jpg,dataset-20260508/train.json,original,sg-0375,gc-0364,one plain original per evidence source group; no dataset resize/offline augmentation; pipeline online only,plain_base,none,true,,valid three-class raw regions; U01 drop raw region #3; standard background/FP; no ignore region,,val,0,2,0,2,0
10.17632/gfcmdbvw65.4,v4,dataset-20260508.zip,049591afd4fc3529aedbd31ef9119f5ec0601ebcb8cbbd4a25b7e883fde147ce,d2-v4-stage2b5-v1,12_freeze_d2_protocol.py@1 + 10_prepare_d2_freeze_candidate.py@1,a587d1d3cf826ec476fe91356f472b4a1a2b78eca51376c392fc16846b825caf,1db875a1eb10d95d654d0f2d27a52815794db0d8,13436313853456744620,3589472428,70/15/15,train,3060.jpg,dataset-20260508/train/3060.jpg,dataset-20260508/train.json,original,sg-0376,gc-0365,one plain original per evidence source group; no dataset resize/offline augmentation; pipeline online only,plain_base,none,true,,valid three-class raw regions; U01 drop raw region #3; standard background/FP; no ignore region,,train,0,2,0,2,0
10.17632/gfcmdbvw65.4,v4,dataset-20260508.zip,049591afd4fc3529aedbd31ef9119f5ec0601ebcb8cbbd4a25b7e883fde147ce,d2-v4-stage2b5-v1,12_freeze_d2_protocol.py@1 + 10_prepare_d2_freeze_candidate.py@1,a587d1d3cf826ec476fe91356f472b4a1a2b78eca51376c392fc16846b825caf,1db875a1eb10d95d654d0f2d27a52815794db0d8,13436313853456744620,3589472428,70/15/15,train,3080.jpg,dataset-20260508/train/3080.jpg,dataset-20260508/train.json,original,sg-0377,gc-0366,one plain original per evidence source group; no dataset resize/offline augmentation; pipeline online only,plain_base,none,true,,valid three-class raw regions; U01 drop raw region #3; standard background/FP; no ignore region,,train,0,0,2,2,0
10.17632/gfcmdbvw65.4,v4,dataset-20260508.zip,049591afd4fc3529aedbd31ef9119f5ec0601ebcb8cbbd4a25b7e883fde147ce,d2-v4-stage2b5-v1,12_freeze_d2_protocol.py@1 + 10_prepare_d2_freeze_candidate.py@1,a587d1d3cf826ec476fe91356f472b4a1a2b78eca51376c392fc16846b825caf,1db875a1eb10d95d654d0f2d27a52815794db0d8,13436313853456744620,3589472428,70/15/15,train,31.jpg,dataset-20260508/train/31.jpg,dataset-20260508/train.json,original,sg-0378,gc-0367,one plain original per evidence source group; no dataset resize/offline augmentation; pipeline online only,plain_base,none,true,,valid three-class raw regions; U01 drop raw region #3; standard background/FP; no ignore region,,val,0,0,5,5,0
10.17632/gfcmdbvw65.4,v4,dataset-20260508.zip,049591afd4fc3529aedbd31ef9119f5ec0601ebcb8cbbd4a25b7e883fde147ce,d2-v4-stage2b5-v1,12_freeze_d2_protocol.py@1 + 10_prepare_d2_freeze_candidate.py@1,a587d1d3cf826ec476fe91356f472b4a1a2b78eca51376c392fc16846b825caf,1db875a1eb10d95d654d0f2d27a52815794db0d8,13436313853456744620,3589472428,70/15/15,train,3120.jpg,dataset-20260508/train/3120.jpg,dataset-20260508/train.json,original,sg-0379,gc-0368,one plain original per evidence source group; no dataset resize/offline augmentation; pipeline online only,plain_base,none,true,,valid three-class raw regions; U01 drop raw region #3; standard background/FP; no ignore region,,train,1,3,1,5,1
10.17632/gfcmdbvw65.4,v4,dataset-20260508.zip,049591afd4fc3529aedbd31ef9119f5ec0601ebcb8cbbd4a25b7e883fde147ce,d2-v4-stage2b5-v1,12_freeze_d2_protocol.py@1 + 10_prepare_d2_freeze_candidate.py@1,a587d1d3cf826ec476fe91356f472b4a1a2b78eca51376c392fc16846b825caf,1db875a1eb10d95d654d0f2d27a52815794db0d8,13436313853456744620,3589472428,70/15/15,train,313.jpg,dataset-20260508/train/313.jpg,dataset-20260508/train.json,original,sg-0380,gc-0369,one plain original per evidence source group; no dataset resize/offline augmentation; pipeline online only,plain_base,none,true,,valid three-class raw regions; U01 drop raw region #3; standard background/FP; no ignore region,,test,0,0,1,1,0
10.17632/gfcmdbvw65.4,v4,dataset-20260508.zip,049591afd4fc3529aedbd31ef9119f5ec0601ebcb8cbbd4a25b7e883fde147ce,d2-v4-stage2b5-v1,12_freeze_d2_protocol.py@1 + 10_prepare_d2_freeze_candidate.py@1,a587d1d3cf826ec476fe91356f472b4a1a2b78eca51376c392fc16846b825caf,1db875a1eb10d95d654d0f2d27a52815794db0d8,13436313853456744620,3589472428,70/15/15,train,314.jpg,dataset-20260508/train/314.jpg,dataset-20260508/train.json,original,sg-0381,gc-0370,one plain original per evidence source group; no dataset resize/offline augmentation; pipeline online only,plain_base,none,true,,valid three-class raw regions; U01 drop raw region #3; standard background/FP; no ignore region,,train,0,0,1,1,0
10.17632/gfcmdbvw65.4,v4,dataset-20260508.zip,049591afd4fc3529aedbd31ef9119f5ec0601ebcb8cbbd4a25b7e883fde147ce,d2-v4-stage2b5-v1,12_freeze_d2_protocol.py@1 + 10_prepare_d2_freeze_candidate.py@1,a587d1d3cf826ec476fe91356f472b4a1a2b78eca51376c392fc16846b825caf,1db875a1eb10d95d654d0f2d27a52815794db0d8,13436313853456744620,3589472428,70/15/15,train,315.jpg,dataset-20260508/train/315.jpg,dataset-20260508/train.json,original,sg-0382,gc-0371,one plain original per evidence source group; no dataset resize/offline augmentation; pipeline online only,plain_base,none,true,,valid three-class raw regions; U01 drop raw region #3; standard background/FP; no ignore region,,train,0,0,1,1,0
10.17632/gfcmdbvw65.4,v4,dataset-20260508.zip,049591afd4fc3529aedbd31ef9119f5ec0601ebcb8cbbd4a25b7e883fde147ce,d2-v4-stage2b5-v1,12_freeze_d2_protocol.py@1 + 10_prepare_d2_freeze_candidate.py@1,a587d1d3cf826ec476fe91356f472b4a1a2b78eca51376c392fc16846b825caf,1db875a1eb10d95d654d0f2d27a52815794db0d8,13436313853456744620,3589472428,70/15/15,train,316.jpg,dataset-20260508/train/316.jpg,dataset-20260508/train.json,original,sg-0383,gc-0372,one plain original per evidence source group; no dataset resize/offline augmentation; pipeline online only,plain_base,none,true,,valid three-class raw regions; U01 drop raw region #3; standard background/FP; no ignore region,,train,0,0,1,1,0
10.17632/gfcmdbvw65.4,v4,dataset-20260508.zip,049591afd4fc3529aedbd31ef9119f5ec0601ebcb8cbbd4a25b7e883fde147ce,d2-v4-stage2b5-v1,12_freeze_d2_protocol.py@1 + 10_prepare_d2_freeze_candidate.py@1,a587d1d3cf826ec476fe91356f472b4a1a2b78eca51376c392fc16846b825caf,1db875a1eb10d95d654d0f2d27a52815794db0d8,13436313853456744620,3589472428,70/15/15,train,3190.jpg,dataset-20260508/train/3190.jpg,dataset-20260508/train.json,original,sg-0384,gc-0373,one plain original per evidence source group; no dataset resize/offline augmentation; pipeline online only,plain_base,none,true,,valid three-class raw regions; U01 drop raw region #3; standard background/FP; no ignore region,,train,0,0,1,1,0
10.17632/gfcmdbvw65.4,v4,dataset-20260508.zip,049591afd4fc3529aedbd31ef9119f5ec0601ebcb8cbbd4a25b7e883fde147ce,d2-v4-stage2b5-v1,12_freeze_d2_protocol.py@1 + 10_prepare_d2_freeze_candidate.py@1,a587d1d3cf826ec476fe91356f472b4a1a2b78eca51376c392fc16846b825caf,1db875a1eb10d95d654d0f2d27a52815794db0d8,13436313853456744620,3589472428,70/15/15,train,32.jpg,dataset-20260508/train/32.jpg,dataset-20260508/train.json,original,sg-0385,gc-0374,one plain original per evidence source group; no dataset resize/offline augmentation; pipeline online only,plain_base,none,true,,valid three-class raw regions; U01 drop raw region #3; standard background/FP; no ignore region,,train,0,0,5,5,0
10.17632/gfcmdbvw65.4,v4,dataset-20260508.zip,049591afd4fc3529aedbd31ef9119f5ec0601ebcb8cbbd4a25b7e883fde147ce,d2-v4-stage2b5-v1,12_freeze_d2_protocol.py@1 + 10_prepare_d2_freeze_candidate.py@1,a587d1d3cf826ec476fe91356f472b4a1a2b78eca51376c392fc16846b825caf,1db875a1eb10d95d654d0f2d27a52815794db0d8,13436313853456744620,3589472428,70/15/15,train,3200.jpg,dataset-20260508/train/3200.jpg,dataset-20260508/train.json,original,sg-0386,gc-0375,one plain original per evidence source group; no dataset resize/offline augmentation; pipeline online only,plain_base,none,true,,valid three-class raw regions; U01 drop raw region #3; standard background/FP; no ignore region,,train,0,1,1,2,1
10.17632/gfcmdbvw65.4,v4,dataset-20260508.zip,049591afd4fc3529aedbd31ef9119f5ec0601ebcb8cbbd4a25b7e883fde147ce,d2-v4-stage2b5-v1,12_freeze_d2_protocol.py@1 + 10_prepare_d2_freeze_candidate.py@1,a587d1d3cf826ec476fe91356f472b4a1a2b78eca51376c392fc16846b825caf,1db875a1eb10d95d654d0f2d27a52815794db0d8,13436313853456744620,3589472428,70/15/15,train,3230.jpg,dataset-20260508/train/3230.jpg,dataset-20260508/train.json,original,sg-0387,gc-0376,one plain original per evidence source group; no dataset resize/offline augmentation; pipeline online only,plain_base,none,true,,valid three-class raw regions; U01 drop raw region #3; standard background/FP; no ignore region,,train,0,0,2,2,0
10.17632/gfcmdbvw65.4,v4,dataset-20260508.zip,049591afd4fc3529aedbd31ef9119f5ec0601ebcb8cbbd4a25b7e883fde147ce,d2-v4-stage2b5-v1,12_freeze_d2_protocol.py@1 + 10_prepare_d2_freeze_candidate.py@1,a587d1d3cf826ec476fe91356f472b4a1a2b78eca51376c392fc16846b825caf,1db875a1eb10d95d654d0f2d27a52815794db0d8,13436313853456744620,3589472428,70/15/15,train,3260.jpg,dataset-20260508/train/3260.jpg,dataset-20260508/train.json,original,sg-0388,gc-0377,one plain original per evidence source group; no dataset resize/offline augmentation; pipeline online only,plain_base,none,true,,valid three-class raw regions; U01 drop raw region #3; standard background/FP; no ignore region,,test,0,5,1,6,1
10.17632/gfcmdbvw65.4,v4,dataset-20260508.zip,049591afd4fc3529aedbd31ef9119f5ec0601ebcb8cbbd4a25b7e883fde147ce,d2-v4-stage2b5-v1,12_freeze_d2_protocol.py@1 + 10_prepare_d2_freeze_candidate.py@1,a587d1d3cf826ec476fe91356f472b4a1a2b78eca51376c392fc16846b825caf,1db875a1eb10d95d654d0f2d27a52815794db0d8,13436313853456744620,3589472428,70/15/15,train,327.jpg,dataset-20260508/train/327.jpg,dataset-20260508/train.json,original,sg-0389,gc-0378,one plain original per evidence source group; no dataset resize/offline augmentation; pipeline online only,plain_base,none,true,,valid three-class raw regions; U01 drop raw region #3; standard background/FP; no ignore region,,test,0,0,2,2,0
10.17632/gfcmdbvw65.4,v4,dataset-20260508.zip,049591afd4fc3529aedbd31ef9119f5ec0601ebcb8cbbd4a25b7e883fde147ce,d2-v4-stage2b5-v1,12_freeze_d2_protocol.py@1 + 10_prepare_d2_freeze_candidate.py@1,a587d1d3cf826ec476fe91356f472b4a1a2b78eca51376c392fc16846b825caf,1db875a1eb10d95d654d0f2d27a52815794db0d8,13436313853456744620,3589472428,70/15/15,train,329.jpg,dataset-20260508/train/329.jpg,dataset-20260508/train.json,original,sg-0390,gc-0379,one plain original per evidence source group; no dataset resize/offline augmentation; pipeline online only,plain_base,none,true,,valid three-class raw regions; U01 drop raw region #3; standard background/FP; no ignore region,,train,0,0,1,1,0
10.17632/gfcmdbvw65.4,v4,dataset-20260508.zip,049591afd4fc3529aedbd31ef9119f5ec0601ebcb8cbbd4a25b7e883fde147ce,d2-v4-stage2b5-v1,12_freeze_d2_protocol.py@1 + 10_prepare_d2_freeze_candidate.py@1,a587d1d3cf826ec476fe91356f472b4a1a2b78eca51376c392fc16846b825caf,1db875a1eb10d95d654d0f2d27a52815794db0d8,13436313853456744620,3589472428,70/15/15,train,33.jpg,dataset-20260508/train/33.jpg,dataset-20260508/train.json,original,sg-0391,gc-0380,one plain original per evidence source group; no dataset resize/offline augmentation; pipeline online only,plain_base,none,true,,valid three-class raw regions; U01 drop raw region #3; standard background/FP; no ignore region,,train,0,0,4,4,0
10.17632/gfcmdbvw65.4,v4,dataset-20260508.zip,049591afd4fc3529aedbd31ef9119f5ec0601ebcb8cbbd4a25b7e883fde147ce,d2-v4-stage2b5-v1,12_freeze_d2_protocol.py@1 + 10_prepare_d2_freeze_candidate.py@1,a587d1d3cf826ec476fe91356f472b4a1a2b78eca51376c392fc16846b825caf,1db875a1eb10d95d654d0f2d27a52815794db0d8,13436313853456744620,3589472428,70/15/15,train,3300.jpg,dataset-20260508/train/3300.jpg,dataset-20260508/train.json,original,sg-0392,gc-0381,one plain original per evidence source group; no dataset resize/offline augmentation; pipeline online only,plain_base,none,true,,valid three-class raw regions; U01 drop raw region #3; standard background/FP; no ignore region,,val,0,0,1,1,0
10.17632/gfcmdbvw65.4,v4,dataset-20260508.zip,049591afd4fc3529aedbd31ef9119f5ec0601ebcb8cbbd4a25b7e883fde147ce,d2-v4-stage2b5-v1,12_freeze_d2_protocol.py@1 + 10_prepare_d2_freeze_candidate.py@1,a587d1d3cf826ec476fe91356f472b4a1a2b78eca51376c392fc16846b825caf,1db875a1eb10d95d654d0f2d27a52815794db0d8,13436313853456744620,3589472428,70/15/15,train,3330.jpg,dataset-20260508/train/3330.jpg,dataset-20260508/train.json,original,sg-0393,gc-0382,one plain original per evidence source group; no dataset resize/offline augmentation; pipeline online only,plain_base,none,true,,valid three-class raw regions; U01 drop raw region #3; standard background/FP; no ignore region,,train,0,0,1,1,0
10.17632/gfcmdbvw65.4,v4,dataset-20260508.zip,049591afd4fc3529aedbd31ef9119f5ec0601ebcb8cbbd4a25b7e883fde147ce,d2-v4-stage2b5-v1,12_freeze_d2_protocol.py@1 + 10_prepare_d2_freeze_candidate.py@1,a587d1d3cf826ec476fe91356f472b4a1a2b78eca51376c392fc16846b825caf,1db875a1eb10d95d654d0f2d27a52815794db0d8,13436313853456744620,3589472428,70/15/15,train,334.jpg,dataset-20260508/train/334.jpg,dataset-20260508/train.json,original,sg-0394,gc-0383,one plain original per evidence source group; no dataset resize/offline augmentation; pipeline online only,plain_base,none,true,,valid three-class raw regions; U01 drop raw region #3; standard background/FP; no ignore region,,train,0,0,1,1,0
10.17632/gfcmdbvw65.4,v4,dataset-20260508.zip,049591afd4fc3529aedbd31ef9119f5ec0601ebcb8cbbd4a25b7e883fde147ce,d2-v4-stage2b5-v1,12_freeze_d2_protocol.py@1 + 10_prepare_d2_freeze_candidate.py@1,a587d1d3cf826ec476fe91356f472b4a1a2b78eca51376c392fc16846b825caf,1db875a1eb10d95d654d0f2d27a52815794db0d8,13436313853456744620,3589472428,70/15/15,train,3370.jpg,dataset-20260508/train/3370.jpg,dataset-20260508/train.json,original,sg-0395,gc-0384,one plain original per evidence source group; no dataset resize/offline augmentation; pipeline online only,plain_base,none,true,,valid three-class raw regions; U01 drop raw region #3; standard background/FP; no ignore region,,train,0,0,1,1,0
10.17632/gfcmdbvw65.4,v4,dataset-20260508.zip,049591afd4fc3529aedbd31ef9119f5ec0601ebcb8cbbd4a25b7e883fde147ce,d2-v4-stage2b5-v1,12_freeze_d2_protocol.py@1 + 10_prepare_d2_freeze_candidate.py@1,a587d1d3cf826ec476fe91356f472b4a1a2b78eca51376c392fc16846b825caf,1db875a1eb10d95d654d0f2d27a52815794db0d8,13436313853456744620,3589472428,70/15/15,train,338.jpg,dataset-20260508/train/338.jpg,dataset-20260508/train.json,original,sg-0396,gc-0385,one plain original per evidence source group; no dataset resize/offline augmentation; pipeline online only,plain_base,none,true,,valid three-class raw regions; U01 drop raw region #3; standard background/FP; no ignore region,,train,0,0,1,1,0
10.17632/gfcmdbvw65.4,v4,dataset-20260508.zip,049591afd4fc3529aedbd31ef9119f5ec0601ebcb8cbbd4a25b7e883fde147ce,d2-v4-stage2b5-v1,12_freeze_d2_protocol.py@1 + 10_prepare_d2_freeze_candidate.py@1,a587d1d3cf826ec476fe91356f472b4a1a2b78eca51376c392fc16846b825caf,1db875a1eb10d95d654d0f2d27a52815794db0d8,13436313853456744620,3589472428,70/15/15,train,34.jpg,dataset-20260508/train/34.jpg,dataset-20260508/train.json,original,sg-0398,gc-0386,one plain original per evidence source group; no dataset resize/offline augmentation; pipeline online only,plain_base,none,true,,valid three-class raw regions; U01 drop raw region #3; standard background/FP; no ignore region,,train,0,0,6,6,0
10.17632/gfcmdbvw65.4,v4,dataset-20260508.zip,049591afd4fc3529aedbd31ef9119f5ec0601ebcb8cbbd4a25b7e883fde147ce,d2-v4-stage2b5-v1,12_freeze_d2_protocol.py@1 + 10_prepare_d2_freeze_candidate.py@1,a587d1d3cf826ec476fe91356f472b4a1a2b78eca51376c392fc16846b825caf,1db875a1eb10d95d654d0f2d27a52815794db0d8,13436313853456744620,3589472428,70/15/15,train,3410.jpg,dataset-20260508/train/3410.jpg,dataset-20260508/train.json,original,sg-0399,gc-0387,one plain original per evidence source group; no dataset resize/offline augmentation; pipeline online only,plain_base,none,true,,valid three-class raw regions; U01 drop raw region #3; standard background/FP; no ignore region,,train,0,0,1,1,0
10.17632/gfcmdbvw65.4,v4,dataset-20260508.zip,049591afd4fc3529aedbd31ef9119f5ec0601ebcb8cbbd4a25b7e883fde147ce,d2-v4-stage2b5-v1,12_freeze_d2_protocol.py@1 + 10_prepare_d2_freeze_candidate.py@1,a587d1d3cf826ec476fe91356f472b4a1a2b78eca51376c392fc16846b825caf,1db875a1eb10d95d654d0f2d27a52815794db0d8,13436313853456744620,3589472428,70/15/15,train,3440.jpg,dataset-20260508/train/3440.jpg,dataset-20260508/train.json,original,sg-0400,gc-0388,one plain original per evidence source group; no dataset resize/offline augmentation; pipeline online only,plain_base,none,true,,valid three-class raw regions; U01 drop raw region #3; standard background/FP; no ignore region,,train,0,1,2,3,1
10.17632/gfcmdbvw65.4,v4,dataset-20260508.zip,049591afd4fc3529aedbd31ef9119f5ec0601ebcb8cbbd4a25b7e883fde147ce,d2-v4-stage2b5-v1,12_freeze_d2_protocol.py@1 + 10_prepare_d2_freeze_candidate.py@1,a587d1d3cf826ec476fe91356f472b4a1a2b78eca51376c392fc16846b825caf,1db875a1eb10d95d654d0f2d27a52815794db0d8,13436313853456744620,3589472428,70/15/15,train,3470.jpg,dataset-20260508/train/3470.jpg,dataset-20260508/train.json,original,sg-0401,gc-0389,one plain original per evidence source group; no dataset resize/offline augmentation; pipeline online only,plain_base,none,true,,valid three-class raw regions; U01 drop raw region #3; standard background/FP; no ignore region,,train,1,0,1,2,1
10.17632/gfcmdbvw65.4,v4,dataset-20260508.zip,049591afd4fc3529aedbd31ef9119f5ec0601ebcb8cbbd4a25b7e883fde147ce,d2-v4-stage2b5-v1,12_freeze_d2_protocol.py@1 + 10_prepare_d2_freeze_candidate.py@1,a587d1d3cf826ec476fe91356f472b4a1a2b78eca51376c392fc16846b825caf,1db875a1eb10d95d654d0f2d27a52815794db0d8,13436313853456744620,3589472428,70/15/15,train,36.jpg,dataset-20260508/train/36.jpg,dataset-20260508/train.json,original,sg-0402,gc-0390,one plain original per evidence source group; no dataset resize/offline augmentation; pipeline online only,plain_base,none,true,,valid three-class raw regions; U01 drop raw region #3; standard background/FP; no ignore region,,train,0,0,3,3,0
10.17632/gfcmdbvw65.4,v4,dataset-20260508.zip,049591afd4fc3529aedbd31ef9119f5ec0601ebcb8cbbd4a25b7e883fde147ce,d2-v4-stage2b5-v1,12_freeze_d2_protocol.py@1 + 10_prepare_d2_freeze_candidate.py@1,a587d1d3cf826ec476fe91356f472b4a1a2b78eca51376c392fc16846b825caf,1db875a1eb10d95d654d0f2d27a52815794db0d8,13436313853456744620,3589472428,70/15/15,train,37.jpg,dataset-20260508/train/37.jpg,dataset-20260508/train.json,original,sg-0403,gc-0391,one plain original per evidence source group; no dataset resize/offline augmentation; pipeline online only,plain_base,none,true,,valid three-class raw regions; U01 drop raw region #3; standard background/FP; no ignore region,,train,0,0,4,4,0
10.17632/gfcmdbvw65.4,v4,dataset-20260508.zip,049591afd4fc3529aedbd31ef9119f5ec0601ebcb8cbbd4a25b7e883fde147ce,d2-v4-stage2b5-v1,12_freeze_d2_protocol.py@1 + 10_prepare_d2_freeze_candidate.py@1,a587d1d3cf826ec476fe91356f472b4a1a2b78eca51376c392fc16846b825caf,1db875a1eb10d95d654d0f2d27a52815794db0d8,13436313853456744620,3589472428,70/15/15,train,3740.jpg,dataset-20260508/train/3740.jpg,dataset-20260508/train.json,original,sg-0404,gc-0392,one plain original per evidence source group; no dataset resize/offline augmentation; pipeline online only,plain_base,none,true,,valid three-class raw regions; U01 drop raw region #3; standard background/FP; no ignore region,,train,1,0,0,1,0
10.17632/gfcmdbvw65.4,v4,dataset-20260508.zip,049591afd4fc3529aedbd31ef9119f5ec0601ebcb8cbbd4a25b7e883fde147ce,d2-v4-stage2b5-v1,12_freeze_d2_protocol.py@1 + 10_prepare_d2_freeze_candidate.py@1,a587d1d3cf826ec476fe91356f472b4a1a2b78eca51376c392fc16846b825caf,1db875a1eb10d95d654d0f2d27a52815794db0d8,13436313853456744620,3589472428,70/15/15,train,375.jpg,dataset-20260508/train/375.jpg,dataset-20260508/train.json,original,sg-0405,gc-0393,one plain original per evidence source group; no dataset resize/offline augmentation; pipeline online only,plain_base,none,true,,valid three-class raw regions; U01 drop raw region #3; standard background/FP; no ignore region,,test,1,0,0,1,0
10.17632/gfcmdbvw65.4,v4,dataset-20260508.zip,049591afd4fc3529aedbd31ef9119f5ec0601ebcb8cbbd4a25b7e883fde147ce,d2-v4-stage2b5-v1,12_freeze_d2_protocol.py@1 + 10_prepare_d2_freeze_candidate.py@1,a587d1d3cf826ec476fe91356f472b4a1a2b78eca51376c392fc16846b825caf,1db875a1eb10d95d654d0f2d27a52815794db0d8,13436313853456744620,3589472428,70/15/15,train,3760.jpg,dataset-20260508/train/3760.jpg,dataset-20260508/train.json,original,sg-0406,gc-0394,one plain original per evidence source group; no dataset resize/offline augmentation; pipeline online only,plain_base,none,true,,valid three-class raw regions; U01 drop raw region #3; standard background/FP; no ignore region,,val,1,0,0,1,0
10.17632/gfcmdbvw65.4,v4,dataset-20260508.zip,049591afd4fc3529aedbd31ef9119f5ec0601ebcb8cbbd4a25b7e883fde147ce,d2-v4-stage2b5-v1,12_freeze_d2_protocol.py@1 + 10_prepare_d2_freeze_candidate.py@1,a587d1d3cf826ec476fe91356f472b4a1a2b78eca51376c392fc16846b825caf,1db875a1eb10d95d654d0f2d27a52815794db0d8,13436313853456744620,3589472428,70/15/15,train,377.jpg,dataset-20260508/train/377.jpg,dataset-20260508/train.json,original,sg-0407,gc-0395,one plain original per evidence source group; no dataset resize/offline augmentation; pipeline online only,plain_base,none,true,,valid three-class raw regions; U01 drop raw region #3; standard background/FP; no ignore region,,train,1,0,0,1,0
10.17632/gfcmdbvw65.4,v4,dataset-20260508.zip,049591afd4fc3529aedbd31ef9119f5ec0601ebcb8cbbd4a25b7e883fde147ce,d2-v4-stage2b5-v1,12_freeze_d2_protocol.py@1 + 10_prepare_d2_freeze_candidate.py@1,a587d1d3cf826ec476fe91356f472b4a1a2b78eca51376c392fc16846b825caf,1db875a1eb10d95d654d0f2d27a52815794db0d8,13436313853456744620,3589472428,70/15/15,train,3780.jpg,dataset-20260508/train/3780.jpg,dataset-20260508/train.json,original,sg-0408,gc-0396,one plain original per evidence source group; no dataset resize/offline augmentation; pipeline online only,plain_base,none,true,,valid three-class raw regions; U01 drop raw region #3; standard background/FP; no ignore region,,train,4,0,0,4,0
10.17632/gfcmdbvw65.4,v4,dataset-20260508.zip,049591afd4fc3529aedbd31ef9119f5ec0601ebcb8cbbd4a25b7e883fde147ce,d2-v4-stage2b5-v1,12_freeze_d2_protocol.py@1 + 10_prepare_d2_freeze_candidate.py@1,a587d1d3cf826ec476fe91356f472b4a1a2b78eca51376c392fc16846b825caf,1db875a1eb10d95d654d0f2d27a52815794db0d8,13436313853456744620,3589472428,70/15/15,train,38.jpg,dataset-20260508/train/38.jpg,dataset-20260508/train.json,original,sg-0409,gc-0397,one plain original per evidence source group; no dataset resize/offline augmentation; pipeline online only,plain_base,none,true,,valid three-class raw regions; U01 drop raw region #3; standard background/FP; no ignore region,,val,0,0,4,4,0
10.17632/gfcmdbvw65.4,v4,dataset-20260508.zip,049591afd4fc3529aedbd31ef9119f5ec0601ebcb8cbbd4a25b7e883fde147ce,d2-v4-stage2b5-v1,12_freeze_d2_protocol.py@1 + 10_prepare_d2_freeze_candidate.py@1,a587d1d3cf826ec476fe91356f472b4a1a2b78eca51376c392fc16846b825caf,1db875a1eb10d95d654d0f2d27a52815794db0d8,13436313853456744620,3589472428,70/15/15,train,380.jpg,dataset-20260508/train/380.jpg,dataset-20260508/train.json,original,sg-0410,gc-0398,one plain original per evidence source group; no dataset resize/offline augmentation; pipeline online only,plain_base,none,true,,valid three-class raw regions; U01 drop raw region #3; standard background/FP; no ignore region,,train,1,0,0,1,0
10.17632/gfcmdbvw65.4,v4,dataset-20260508.zip,049591afd4fc3529aedbd31ef9119f5ec0601ebcb8cbbd4a25b7e883fde147ce,d2-v4-stage2b5-v1,12_freeze_d2_protocol.py@1 + 10_prepare_d2_freeze_candidate.py@1,a587d1d3cf826ec476fe91356f472b4a1a2b78eca51376c392fc16846b825caf,1db875a1eb10d95d654d0f2d27a52815794db0d8,13436313853456744620,3589472428,70/15/15,train,389.jpg,dataset-20260508/train/389.jpg,dataset-20260508/train.json,original,sg-0411,gc-0399,one plain original per evidence source group; no dataset resize/offline augmentation; pipeline online only,plain_base,none,true,,valid three-class raw regions; U01 drop raw region #3; standard background/FP; no ignore region,,train,1,0,0,1,0
10.17632/gfcmdbvw65.4,v4,dataset-20260508.zip,049591afd4fc3529aedbd31ef9119f5ec0601ebcb8cbbd4a25b7e883fde147ce,d2-v4-stage2b5-v1,12_freeze_d2_protocol.py@1 + 10_prepare_d2_freeze_candidate.py@1,a587d1d3cf826ec476fe91356f472b4a1a2b78eca51376c392fc16846b825caf,1db875a1eb10d95d654d0f2d27a52815794db0d8,13436313853456744620,3589472428,70/15/15,train,39000.jpg,dataset-20260508/train/39000.jpg,dataset-20260508/train.json,original,sg-0412,gc-0400,one plain original per evidence source group; no dataset resize/offline augmentation; pipeline online only,plain_base,none,true,,valid three-class raw regions; U01 drop raw region #3; standard background/FP; no ignore region,,train,0,0,5,5,0
10.17632/gfcmdbvw65.4,v4,dataset-20260508.zip,049591afd4fc3529aedbd31ef9119f5ec0601ebcb8cbbd4a25b7e883fde147ce,d2-v4-stage2b5-v1,12_freeze_d2_protocol.py@1 + 10_prepare_d2_freeze_candidate.py@1,a587d1d3cf826ec476fe91356f472b4a1a2b78eca51376c392fc16846b825caf,1db875a1eb10d95d654d0f2d27a52815794db0d8,13436313853456744620,3589472428,70/15/15,train,3910.jpg,dataset-20260508/train/3910.jpg,dataset-20260508/train.json,original,sg-0413,gc-0401,one plain original per evidence source group; no dataset resize/offline augmentation; pipeline online only,plain_base,none,true,,valid three-class raw regions; U01 drop raw region #3; standard background/FP; no ignore region,,train,0,1,0,1,0
10.17632/gfcmdbvw65.4,v4,dataset-20260508.zip,049591afd4fc3529aedbd31ef9119f5ec0601ebcb8cbbd4a25b7e883fde147ce,d2-v4-stage2b5-v1,12_freeze_d2_protocol.py@1 + 10_prepare_d2_freeze_candidate.py@1,a587d1d3cf826ec476fe91356f472b4a1a2b78eca51376c392fc16846b825caf,1db875a1eb10d95d654d0f2d27a52815794db0d8,13436313853456744620,3589472428,70/15/15,train,3920.jpg,dataset-20260508/train/3920.jpg,dataset-20260508/train.json,original,sg-0414,gc-0402,one plain original per evidence source group; no dataset resize/offline augmentation; pipeline online only,plain_base,none,true,,valid three-class raw regions; U01 drop raw region #3; standard background/FP; no ignore region,,test,1,3,0,4,1
10.17632/gfcmdbvw65.4,v4,dataset-20260508.zip,049591afd4fc3529aedbd31ef9119f5ec0601ebcb8cbbd4a25b7e883fde147ce,d2-v4-stage2b5-v1,12_freeze_d2_protocol.py@1 + 10_prepare_d2_freeze_candidate.py@1,a587d1d3cf826ec476fe91356f472b4a1a2b78eca51376c392fc16846b825caf,1db875a1eb10d95d654d0f2d27a52815794db0d8,13436313853456744620,3589472428,70/15/15,train,393.jpg,dataset-20260508/train/393.jpg,dataset-20260508/train.json,original,sg-0415,gc-0403,one plain original per evidence source group; no dataset resize/offline augmentation; pipeline online only,plain_base,none,true,,valid three-class raw regions; U01 drop raw region #3; standard background/FP; no ignore region,,train,2,0,0,2,0
10.17632/gfcmdbvw65.4,v4,dataset-20260508.zip,049591afd4fc3529aedbd31ef9119f5ec0601ebcb8cbbd4a25b7e883fde147ce,d2-v4-stage2b5-v1,12_freeze_d2_protocol.py@1 + 10_prepare_d2_freeze_candidate.py@1,a587d1d3cf826ec476fe91356f472b4a1a2b78eca51376c392fc16846b825caf,1db875a1eb10d95d654d0f2d27a52815794db0d8,13436313853456744620,3589472428,70/15/15,train,3940.jpg,dataset-20260508/train/3940.jpg,dataset-20260508/train.json,original,sg-0416,gc-0404,one plain original per evidence source group; no dataset resize/offline augmentation; pipeline online only,plain_base,none,true,,valid three-class raw regions; U01 drop raw region #3; standard background/FP; no ignore region,,train,1,0,0,1,0
10.17632/gfcmdbvw65.4,v4,dataset-20260508.zip,049591afd4fc3529aedbd31ef9119f5ec0601ebcb8cbbd4a25b7e883fde147ce,d2-v4-stage2b5-v1,12_freeze_d2_protocol.py@1 + 10_prepare_d2_freeze_candidate.py@1,a587d1d3cf826ec476fe91356f472b4a1a2b78eca51376c392fc16846b825caf,1db875a1eb10d95d654d0f2d27a52815794db0d8,13436313853456744620,3589472428,70/15/15,train,3950.jpg,dataset-20260508/train/3950.jpg,dataset-20260508/train.json,original,sg-0417,gc-0405,one plain original per evidence source group; no dataset resize/offline augmentation; pipeline online only,plain_base,none,true,,valid three-class raw regions; U01 drop raw region #3; standard background/FP; no ignore region,,train,1,0,0,1,0
10.17632/gfcmdbvw65.4,v4,dataset-20260508.zip,049591afd4fc3529aedbd31ef9119f5ec0601ebcb8cbbd4a25b7e883fde147ce,d2-v4-stage2b5-v1,12_freeze_d2_protocol.py@1 + 10_prepare_d2_freeze_candidate.py@1,a587d1d3cf826ec476fe91356f472b4a1a2b78eca51376c392fc16846b825caf,1db875a1eb10d95d654d0f2d27a52815794db0d8,13436313853456744620,3589472428,70/15/15,train,396.jpg,dataset-20260508/train/396.jpg,dataset-20260508/train.json,original,sg-0418,gc-0406,one plain original per evidence source group; no dataset resize/offline augmentation; pipeline online only,plain_base,none,true,,valid three-class raw regions; U01 drop raw region #3; standard background/FP; no ignore region,,test,3,0,0,3,0
10.17632/gfcmdbvw65.4,v4,dataset-20260508.zip,049591afd4fc3529aedbd31ef9119f5ec0601ebcb8cbbd4a25b7e883fde147ce,d2-v4-stage2b5-v1,12_freeze_d2_protocol.py@1 + 10_prepare_d2_freeze_candidate.py@1,a587d1d3cf826ec476fe91356f472b4a1a2b78eca51376c392fc16846b825caf,1db875a1eb10d95d654d0f2d27a52815794db0d8,13436313853456744620,3589472428,70/15/15,train,399.jpg,dataset-20260508/train/399.jpg,dataset-20260508/train.json,original,sg-0420,gc-0408,one plain original per evidence source group; no dataset resize/offline augmentation; pipeline online only,plain_base,none,true,,valid three-class raw regions; U01 drop raw region #3; standard background/FP; no ignore region,,train,1,1,0,2,1
10.17632/gfcmdbvw65.4,v4,dataset-20260508.zip,049591afd4fc3529aedbd31ef9119f5ec0601ebcb8cbbd4a25b7e883fde147ce,d2-v4-stage2b5-v1,12_freeze_d2_protocol.py@1 + 10_prepare_d2_freeze_candidate.py@1,a587d1d3cf826ec476fe91356f472b4a1a2b78eca51376c392fc16846b825caf,1db875a1eb10d95d654d0f2d27a52815794db0d8,13436313853456744620,3589472428,70/15/15,train,40000.jpg,dataset-20260508/train/40000.jpg,dataset-20260508/train.json,original,sg-0421,gc-0409,one plain original per evidence source group; no dataset resize/offline augmentation; pipeline online only,plain_base,none,true,,valid three-class raw regions; U01 drop raw region #3; standard background/FP; no ignore region,,train,0,0,2,2,0
10.17632/gfcmdbvw65.4,v4,dataset-20260508.zip,049591afd4fc3529aedbd31ef9119f5ec0601ebcb8cbbd4a25b7e883fde147ce,d2-v4-stage2b5-v1,12_freeze_d2_protocol.py@1 + 10_prepare_d2_freeze_candidate.py@1,a587d1d3cf826ec476fe91356f472b4a1a2b78eca51376c392fc16846b825caf,1db875a1eb10d95d654d0f2d27a52815794db0d8,13436313853456744620,3589472428,70/15/15,train,40001.jpg,dataset-20260508/train/40001.jpg,dataset-20260508/train.json,original,sg-0422,gc-0410,one plain original per evidence source group; no dataset resize/offline augmentation; pipeline online only,plain_base,none,true,,valid three-class raw regions; U01 drop raw region #3; standard background/FP; no ignore region,,test,0,0,3,3,0
10.17632/gfcmdbvw65.4,v4,dataset-20260508.zip,049591afd4fc3529aedbd31ef9119f5ec0601ebcb8cbbd4a25b7e883fde147ce,d2-v4-stage2b5-v1,12_freeze_d2_protocol.py@1 + 10_prepare_d2_freeze_candidate.py@1,a587d1d3cf826ec476fe91356f472b4a1a2b78eca51376c392fc16846b825caf,1db875a1eb10d95d654d0f2d27a52815794db0d8,13436313853456744620,3589472428,70/15/15,train,401.jpg,dataset-20260508/train/401.jpg,dataset-20260508/train.json,original,sg-0423,gc-0411,one plain original per evidence source group; no dataset resize/offline augmentation; pipeline online only,plain_base,none,true,,valid three-class raw regions; U01 drop raw region #3; standard background/FP; no ignore region,,train,0,0,3,3,0
10.17632/gfcmdbvw65.4,v4,dataset-20260508.zip,049591afd4fc3529aedbd31ef9119f5ec0601ebcb8cbbd4a25b7e883fde147ce,d2-v4-stage2b5-v1,12_freeze_d2_protocol.py@1 + 10_prepare_d2_freeze_candidate.py@1,a587d1d3cf826ec476fe91356f472b4a1a2b78eca51376c392fc16846b825caf,1db875a1eb10d95d654d0f2d27a52815794db0d8,13436313853456744620,3589472428,70/15/15,train,4020.jpg,dataset-20260508/train/4020.jpg,dataset-20260508/train.json,original,sg-0424,gc-0412,one plain original per evidence source group; no dataset resize/offline augmentation; pipeline online only,plain_base,none,true,,valid three-class raw regions; U01 drop raw region #3; standard background/FP; no ignore region,,train,0,0,2,2,0
10.17632/gfcmdbvw65.4,v4,dataset-20260508.zip,049591afd4fc3529aedbd31ef9119f5ec0601ebcb8cbbd4a25b7e883fde147ce,d2-v4-stage2b5-v1,12_freeze_d2_protocol.py@1 + 10_prepare_d2_freeze_candidate.py@1,a587d1d3cf826ec476fe91356f472b4a1a2b78eca51376c392fc16846b825caf,1db875a1eb10d95d654d0f2d27a52815794db0d8,13436313853456744620,3589472428,70/15/15,train,403.jpg,dataset-20260508/train/403.jpg,dataset-20260508/train.json,original,sg-0425,gc-0413,one plain original per evidence source group; no dataset resize/offline augmentation; pipeline online only,plain_base,none,true,,valid three-class raw regions; U01 drop raw region #3; standard background/FP; no ignore region,,val,0,0,3,3,0
10.17632/gfcmdbvw65.4,v4,dataset-20260508.zip,049591afd4fc3529aedbd31ef9119f5ec0601ebcb8cbbd4a25b7e883fde147ce,d2-v4-stage2b5-v1,12_freeze_d2_protocol.py@1 + 10_prepare_d2_freeze_candidate.py@1,a587d1d3cf826ec476fe91356f472b4a1a2b78eca51376c392fc16846b825caf,1db875a1eb10d95d654d0f2d27a52815794db0d8,13436313853456744620,3589472428,70/15/15,train,404.jpg,dataset-20260508/train/404.jpg,dataset-20260508/train.json,original,sg-0426,gc-0414,one plain original per evidence source group; no dataset resize/offline augmentation; pipeline online only,plain_base,none,true,,valid three-class raw regions; U01 drop raw region #3; standard background/FP; no ignore region,,train,0,0,4,4,0
10.17632/gfcmdbvw65.4,v4,dataset-20260508.zip,049591afd4fc3529aedbd31ef9119f5ec0601ebcb8cbbd4a25b7e883fde147ce,d2-v4-stage2b5-v1,12_freeze_d2_protocol.py@1 + 10_prepare_d2_freeze_candidate.py@1,a587d1d3cf826ec476fe91356f472b4a1a2b78eca51376c392fc16846b825caf,1db875a1eb10d95d654d0f2d27a52815794db0d8,13436313853456744620,3589472428,70/15/15,train,405.jpg,dataset-20260508/train/405.jpg,dataset-20260508/train.json,original,sg-0427,gc-0415,one plain original per evidence source group; no dataset resize/offline augmentation; pipeline online only,plain_base,none,true,,valid three-class raw regions; U01 drop raw region #3; standard background/FP; no ignore region,,train,0,0,3,3,0
10.17632/gfcmdbvw65.4,v4,dataset-20260508.zip,049591afd4fc3529aedbd31ef9119f5ec0601ebcb8cbbd4a25b7e883fde147ce,d2-v4-stage2b5-v1,12_freeze_d2_protocol.py@1 + 10_prepare_d2_freeze_candidate.py@1,a587d1d3cf826ec476fe91356f472b4a1a2b78eca51376c392fc16846b825caf,1db875a1eb10d95d654d0f2d27a52815794db0d8,13436313853456744620,3589472428,70/15/15,train,4060.jpg,dataset-20260508/train/4060.jpg,dataset-20260508/train.json,original,sg-0428,gc-0416,one plain original per evidence source group; no dataset resize/offline augmentation; pipeline online only,plain_base,none,true,,valid three-class raw regions; U01 drop raw region #3; standard background/FP; no ignore region,,train,2,0,2,4,1
10.17632/gfcmdbvw65.4,v4,dataset-20260508.zip,049591afd4fc3529aedbd31ef9119f5ec0601ebcb8cbbd4a25b7e883fde147ce,d2-v4-stage2b5-v1,12_freeze_d2_protocol.py@1 + 10_prepare_d2_freeze_candidate.py@1,a587d1d3cf826ec476fe91356f472b4a1a2b78eca51376c392fc16846b825caf,1db875a1eb10d95d654d0f2d27a52815794db0d8,13436313853456744620,3589472428,70/15/15,train,4070.jpg,dataset-20260508/train/4070.jpg,dataset-20260508/train.json,original,sg-0429,gc-0417,one plain original per evidence source group; no dataset resize/offline augmentation; pipeline online only,plain_base,none,true,,valid three-class raw regions; U01 drop raw region #3; standard background/FP; no ignore region,,train,0,0,3,3,0
10.17632/gfcmdbvw65.4,v4,dataset-20260508.zip,049591afd4fc3529aedbd31ef9119f5ec0601ebcb8cbbd4a25b7e883fde147ce,d2-v4-stage2b5-v1,12_freeze_d2_protocol.py@1 + 10_prepare_d2_freeze_candidate.py@1,a587d1d3cf826ec476fe91356f472b4a1a2b78eca51376c392fc16846b825caf,1db875a1eb10d95d654d0f2d27a52815794db0d8,13436313853456744620,3589472428,70/15/15,train,408.jpg,dataset-20260508/train/408.jpg,dataset-20260508/train.json,original,sg-0430,gc-0418,one plain original per evidence source group; no dataset resize/offline augmentation; pipeline online only,plain_base,none,true,,valid three-class raw regions; U01 drop raw region #3; standard background/FP; no ignore region,,train,0,0,2,2,0
10.17632/gfcmdbvw65.4,v4,dataset-20260508.zip,049591afd4fc3529aedbd31ef9119f5ec0601ebcb8cbbd4a25b7e883fde147ce,d2-v4-stage2b5-v1,12_freeze_d2_protocol.py@1 + 10_prepare_d2_freeze_candidate.py@1,a587d1d3cf826ec476fe91356f472b4a1a2b78eca51376c392fc16846b825caf,1db875a1eb10d95d654d0f2d27a52815794db0d8,13436313853456744620,3589472428,70/15/15,train,409.jpg,dataset-20260508/train/409.jpg,dataset-20260508/train.json,original,sg-0431,gc-0419,one plain original per evidence source group; no dataset resize/offline augmentation; pipeline online only,plain_base,none,true,,valid three-class raw regions; U01 drop raw region #3; standard background/FP; no ignore region,,train,0,0,1,1,0
10.17632/gfcmdbvw65.4,v4,dataset-20260508.zip,049591afd4fc3529aedbd31ef9119f5ec0601ebcb8cbbd4a25b7e883fde147ce,d2-v4-stage2b5-v1,12_freeze_d2_protocol.py@1 + 10_prepare_d2_freeze_candidate.py@1,a587d1d3cf826ec476fe91356f472b4a1a2b78eca51376c392fc16846b825caf,1db875a1eb10d95d654d0f2d27a52815794db0d8,13436313853456744620,3589472428,70/15/15,train,4100.jpg,dataset-20260508/train/4100.jpg,dataset-20260508/train.json,original,sg-0432,gc-0420,one plain original per evidence source group; no dataset resize/offline augmentation; pipeline online only,plain_base,none,true,,valid three-class raw regions; U01 drop raw region #3; standard background/FP; no ignore region,,train,0,0,1,1,0
10.17632/gfcmdbvw65.4,v4,dataset-20260508.zip,049591afd4fc3529aedbd31ef9119f5ec0601ebcb8cbbd4a25b7e883fde147ce,d2-v4-stage2b5-v1,12_freeze_d2_protocol.py@1 + 10_prepare_d2_freeze_candidate.py@1,a587d1d3cf826ec476fe91356f472b4a1a2b78eca51376c392fc16846b825caf,1db875a1eb10d95d654d0f2d27a52815794db0d8,13436313853456744620,3589472428,70/15/15,train,41000.jpg,dataset-20260508/train/41000.jpg,dataset-20260508/train.json,original,sg-0433,gc-0421,one plain original per evidence source group; no dataset resize/offline augmentation; pipeline online only,plain_base,none,true,,valid three-class raw regions; U01 drop raw region #3; standard background/FP; no ignore region,,train,0,0,3,3,0
10.17632/gfcmdbvw65.4,v4,dataset-20260508.zip,049591afd4fc3529aedbd31ef9119f5ec0601ebcb8cbbd4a25b7e883fde147ce,d2-v4-stage2b5-v1,12_freeze_d2_protocol.py@1 + 10_prepare_d2_freeze_candidate.py@1,a587d1d3cf826ec476fe91356f472b4a1a2b78eca51376c392fc16846b825caf,1db875a1eb10d95d654d0f2d27a52815794db0d8,13436313853456744620,3589472428,70/15/15,train,4120.jpg,dataset-20260508/train/4120.jpg,dataset-20260508/train.json,original,sg-0434,gc-0422,one plain original per evidence source group; no dataset resize/offline augmentation; pipeline online only,plain_base,none,true,,valid three-class raw regions; U01 drop raw region #3; standard background/FP; no ignore region,,train,0,0,3,3,0
10.17632/gfcmdbvw65.4,v4,dataset-20260508.zip,049591afd4fc3529aedbd31ef9119f5ec0601ebcb8cbbd4a25b7e883fde147ce,d2-v4-stage2b5-v1,12_freeze_d2_protocol.py@1 + 10_prepare_d2_freeze_candidate.py@1,a587d1d3cf826ec476fe91356f472b4a1a2b78eca51376c392fc16846b825caf,1db875a1eb10d95d654d0f2d27a52815794db0d8,13436313853456744620,3589472428,70/15/15,train,4151.jpg,dataset-20260508/train/4151.jpg,dataset-20260508/train.json,original,sg-0435,gc-0423,one plain original per evidence source group; no dataset resize/offline augmentation; pipeline online only,plain_base,none,true,,valid three-class raw regions; U01 drop raw region #3; standard background/FP; no ignore region,,train,3,0,0,3,0
10.17632/gfcmdbvw65.4,v4,dataset-20260508.zip,049591afd4fc3529aedbd31ef9119f5ec0601ebcb8cbbd4a25b7e883fde147ce,d2-v4-stage2b5-v1,12_freeze_d2_protocol.py@1 + 10_prepare_d2_freeze_candidate.py@1,a587d1d3cf826ec476fe91356f472b4a1a2b78eca51376c392fc16846b825caf,1db875a1eb10d95d654d0f2d27a52815794db0d8,13436313853456744620,3589472428,70/15/15,train,417.jpg,dataset-20260508/train/417.jpg,dataset-20260508/train.json,original,sg-0436,gc-0424,one plain original per evidence source group; no dataset resize/offline augmentation; pipeline online only,plain_base,none,true,,valid three-class raw regions; U01 drop raw region #3; standard background/FP; no ignore region,,test,3,0,0,3,0
10.17632/gfcmdbvw65.4,v4,dataset-20260508.zip,049591afd4fc3529aedbd31ef9119f5ec0601ebcb8cbbd4a25b7e883fde147ce,d2-v4-stage2b5-v1,12_freeze_d2_protocol.py@1 + 10_prepare_d2_freeze_candidate.py@1,a587d1d3cf826ec476fe91356f472b4a1a2b78eca51376c392fc16846b825caf,1db875a1eb10d95d654d0f2d27a52815794db0d8,13436313853456744620,3589472428,70/15/15,train,4180.jpg,dataset-20260508/train/4180.jpg,dataset-20260508/train.json,original,sg-0437,gc-0425,one plain original per evidence source group; no dataset resize/offline augmentation; pipeline online only,plain_base,none,true,,valid three-class raw regions; U01 drop raw region #3; standard background/FP; no ignore region,,train,4,0,0,4,0
10.17632/gfcmdbvw65.4,v4,dataset-20260508.zip,049591afd4fc3529aedbd31ef9119f5ec0601ebcb8cbbd4a25b7e883fde147ce,d2-v4-stage2b5-v1,12_freeze_d2_protocol.py@1 + 10_prepare_d2_freeze_candidate.py@1,a587d1d3cf826ec476fe91356f472b4a1a2b78eca51376c392fc16846b825caf,1db875a1eb10d95d654d0f2d27a52815794db0d8,13436313853456744620,3589472428,70/15/15,train,419.jpg,dataset-20260508/train/419.jpg,dataset-20260508/train.json,original,sg-0438,gc-0426,one plain original per evidence source group; no dataset resize/offline augmentation; pipeline online only,plain_base,none,true,,valid three-class raw regions; U01 drop raw region #3; standard background/FP; no ignore region,,train,4,0,0,4,0
10.17632/gfcmdbvw65.4,v4,dataset-20260508.zip,049591afd4fc3529aedbd31ef9119f5ec0601ebcb8cbbd4a25b7e883fde147ce,d2-v4-stage2b5-v1,12_freeze_d2_protocol.py@1 + 10_prepare_d2_freeze_candidate.py@1,a587d1d3cf826ec476fe91356f472b4a1a2b78eca51376c392fc16846b825caf,1db875a1eb10d95d654d0f2d27a52815794db0d8,13436313853456744620,3589472428,70/15/15,train,42000.jpg,dataset-20260508/train/42000.jpg,dataset-20260508/train.json,original,sg-0439,gc-0427,one plain original per evidence source group; no dataset resize/offline augmentation; pipeline online only,plain_base,none,true,,valid three-class raw regions; U01 drop raw region #3; standard background/FP; no ignore region,,train,0,0,3,3,0
10.17632/gfcmdbvw65.4,v4,dataset-20260508.zip,049591afd4fc3529aedbd31ef9119f5ec0601ebcb8cbbd4a25b7e883fde147ce,d2-v4-stage2b5-v1,12_freeze_d2_protocol.py@1 + 10_prepare_d2_freeze_candidate.py@1,a587d1d3cf826ec476fe91356f472b4a1a2b78eca51376c392fc16846b825caf,1db875a1eb10d95d654d0f2d27a52815794db0d8,13436313853456744620,3589472428,70/15/15,train,4201.jpg,dataset-20260508/train/4201.jpg,dataset-20260508/train.json,original,sg-0440,gc-0428,one plain original per evidence source group; no dataset resize/offline augmentation; pipeline online only,plain_base,none,true,,valid three-class raw regions; U01 drop raw region #3; standard background/FP; no ignore region,,val,5,0,0,5,0
10.17632/gfcmdbvw65.4,v4,dataset-20260508.zip,049591afd4fc3529aedbd31ef9119f5ec0601ebcb8cbbd4a25b7e883fde147ce,d2-v4-stage2b5-v1,12_freeze_d2_protocol.py@1 + 10_prepare_d2_freeze_candidate.py@1,a587d1d3cf826ec476fe91356f472b4a1a2b78eca51376c392fc16846b825caf,1db875a1eb10d95d654d0f2d27a52815794db0d8,13436313853456744620,3589472428,70/15/15,train,4210.jpg,dataset-20260508/train/4210.jpg,dataset-20260508/train.json,original,sg-0441,gc-0429,one plain original per evidence source group; no dataset resize/offline augmentation; pipeline online only,plain_base,none,true,,valid three-class raw regions; U01 drop raw region #3; standard background/FP; no ignore region,,val,2,0,0,2,0
10.17632/gfcmdbvw65.4,v4,dataset-20260508.zip,049591afd4fc3529aedbd31ef9119f5ec0601ebcb8cbbd4a25b7e883fde147ce,d2-v4-stage2b5-v1,12_freeze_d2_protocol.py@1 + 10_prepare_d2_freeze_candidate.py@1,a587d1d3cf826ec476fe91356f472b4a1a2b78eca51376c392fc16846b825caf,1db875a1eb10d95d654d0f2d27a52815794db0d8,13436313853456744620,3589472428,70/15/15,train,4220.jpg,dataset-20260508/train/4220.jpg,dataset-20260508/train.json,original,sg-0442,gc-0430,one plain original per evidence source group; no dataset resize/offline augmentation; pipeline online only,plain_base,none,true,,valid three-class raw regions; U01 drop raw region #3; standard background/FP; no ignore region,,val,5,0,0,5,0
10.17632/gfcmdbvw65.4,v4,dataset-20260508.zip,049591afd4fc3529aedbd31ef9119f5ec0601ebcb8cbbd4a25b7e883fde147ce,d2-v4-stage2b5-v1,12_freeze_d2_protocol.py@1 + 10_prepare_d2_freeze_candidate.py@1,a587d1d3cf826ec476fe91356f472b4a1a2b78eca51376c392fc16846b825caf,1db875a1eb10d95d654d0f2d27a52815794db0d8,13436313853456744620,3589472428,70/15/15,train,424-1.jpg,dataset-20260508/train/424-1.jpg,dataset-20260508/train.json,original,sg-0443,gc-0431,one plain original per evidence source group; no dataset resize/offline augmentation; pipeline online only,plain_base,none,true,,valid three-class raw regions; U01 drop raw region #3; standard background/FP; no ignore region,,train,4,0,0,4,0
10.17632/gfcmdbvw65.4,v4,dataset-20260508.zip,049591afd4fc3529aedbd31ef9119f5ec0601ebcb8cbbd4a25b7e883fde147ce,d2-v4-stage2b5-v1,12_freeze_d2_protocol.py@1 + 10_prepare_d2_freeze_candidate.py@1,a587d1d3cf826ec476fe91356f472b4a1a2b78eca51376c392fc16846b825caf,1db875a1eb10d95d654d0f2d27a52815794db0d8,13436313853456744620,3589472428,70/15/15,train,4250.jpg,dataset-20260508/train/4250.jpg,dataset-20260508/train.json,original,sg-0444,gc-0432,one plain original per evidence source group; no dataset resize/offline augmentation; pipeline online only,plain_base,none,true,,valid three-class raw regions; U01 drop raw region #3; standard background/FP; no ignore region,,val,0,8,0,8,0
10.17632/gfcmdbvw65.4,v4,dataset-20260508.zip,049591afd4fc3529aedbd31ef9119f5ec0601ebcb8cbbd4a25b7e883fde147ce,d2-v4-stage2b5-v1,12_freeze_d2_protocol.py@1 + 10_prepare_d2_freeze_candidate.py@1,a587d1d3cf826ec476fe91356f472b4a1a2b78eca51376c392fc16846b825caf,1db875a1eb10d95d654d0f2d27a52815794db0d8,13436313853456744620,3589472428,70/15/15,train,426-1.jpg,dataset-20260508/train/426-1.jpg,dataset-20260508/train.json,original,sg-0445,gc-0433,one plain original per evidence source group; no dataset resize/offline augmentation; pipeline online only,plain_base,none,true,,valid three-class raw regions; U01 drop raw region #3; standard background/FP; no ignore region,,train,3,0,0,3,0
10.17632/gfcmdbvw65.4,v4,dataset-20260508.zip,049591afd4fc3529aedbd31ef9119f5ec0601ebcb8cbbd4a25b7e883fde147ce,d2-v4-stage2b5-v1,12_freeze_d2_protocol.py@1 + 10_prepare_d2_freeze_candidate.py@1,a587d1d3cf826ec476fe91356f472b4a1a2b78eca51376c392fc16846b825caf,1db875a1eb10d95d654d0f2d27a52815794db0d8,13436313853456744620,3589472428,70/15/15,train,44.jpg,dataset-20260508/train/44.jpg,dataset-20260508/train.json,original,sg-0446,gc-0434,one plain original per evidence source group; no dataset resize/offline augmentation; pipeline online only,plain_base,none,true,,valid three-class raw regions; U01 drop raw region #3; standard background/FP; no ignore region,,val,0,2,1,3,1
10.17632/gfcmdbvw65.4,v4,dataset-20260508.zip,049591afd4fc3529aedbd31ef9119f5ec0601ebcb8cbbd4a25b7e883fde147ce,d2-v4-stage2b5-v1,12_freeze_d2_protocol.py@1 + 10_prepare_d2_freeze_candidate.py@1,a587d1d3cf826ec476fe91356f472b4a1a2b78eca51376c392fc16846b825caf,1db875a1eb10d95d654d0f2d27a52815794db0d8,13436313853456744620,3589472428,70/15/15,train,46.jpg,dataset-20260508/train/46.jpg,dataset-20260508/train.json,original,sg-0447,gc-0435,one plain original per evidence source group; no dataset resize/offline augmentation; pipeline online only,plain_base,none,true,,valid three-class raw regions; U01 drop raw region #3; standard background/FP; no ignore region,,train,0,2,3,5,1
10.17632/gfcmdbvw65.4,v4,dataset-20260508.zip,049591afd4fc3529aedbd31ef9119f5ec0601ebcb8cbbd4a25b7e883fde147ce,d2-v4-stage2b5-v1,12_freeze_d2_protocol.py@1 + 10_prepare_d2_freeze_candidate.py@1,a587d1d3cf826ec476fe91356f472b4a1a2b78eca51376c392fc16846b825caf,1db875a1eb10d95d654d0f2d27a52815794db0d8,13436313853456744620,3589472428,70/15/15,train,47.jpg,dataset-20260508/train/47.jpg,dataset-20260508/train.json,original,sg-0448,gc-0436,one plain original per evidence source group; no dataset resize/offline augmentation; pipeline online only,plain_base,none,true,,valid three-class raw regions; U01 drop raw region #3; standard background/FP; no ignore region,,train,0,2,5,7,1
10.17632/gfcmdbvw65.4,v4,dataset-20260508.zip,049591afd4fc3529aedbd31ef9119f5ec0601ebcb8cbbd4a25b7e883fde147ce,d2-v4-stage2b5-v1,12_freeze_d2_protocol.py@1 + 10_prepare_d2_freeze_candidate.py@1,a587d1d3cf826ec476fe91356f472b4a1a2b78eca51376c392fc16846b825caf,1db875a1eb10d95d654d0f2d27a52815794db0d8,13436313853456744620,3589472428,70/15/15,train,48.jpg,dataset-20260508/train/48.jpg,dataset-20260508/train.json,original,sg-0449,gc-0437,one plain original per evidence source group; no dataset resize/offline augmentation; pipeline online only,plain_base,none,true,,valid three-class raw regions; U01 drop raw region #3; standard background/FP; no ignore region,,test,0,1,1,2,1
10.17632/gfcmdbvw65.4,v4,dataset-20260508.zip,049591afd4fc3529aedbd31ef9119f5ec0601ebcb8cbbd4a25b7e883fde147ce,d2-v4-stage2b5-v1,12_freeze_d2_protocol.py@1 + 10_prepare_d2_freeze_candidate.py@1,a587d1d3cf826ec476fe91356f472b4a1a2b78eca51376c392fc16846b825caf,1db875a1eb10d95d654d0f2d27a52815794db0d8,13436313853456744620,3589472428,70/15/15,train,49000.jpg,dataset-20260508/train/49000.jpg,dataset-20260508/train.json,original,sg-0450,gc-0438,one plain original per evidence source group; no dataset resize/offline augmentation; pipeline online only,plain_base,none,true,,valid three-class raw regions; U01 drop raw region #3; standard background/FP; no ignore region,,val,0,1,5,6,1
10.17632/gfcmdbvw65.4,v4,dataset-20260508.zip,049591afd4fc3529aedbd31ef9119f5ec0601ebcb8cbbd4a25b7e883fde147ce,d2-v4-stage2b5-v1,12_freeze_d2_protocol.py@1 + 10_prepare_d2_freeze_candidate.py@1,a587d1d3cf826ec476fe91356f472b4a1a2b78eca51376c392fc16846b825caf,1db875a1eb10d95d654d0f2d27a52815794db0d8,13436313853456744620,3589472428,70/15/15,train,50.jpg,dataset-20260508/train/50.jpg,dataset-20260508/train.json,original,sg-0451,gc-0439,one plain original per evidence source group; no dataset resize/offline augmentation; pipeline online only,plain_base,none,true,,valid three-class raw regions; U01 drop raw region #3; standard background/FP; no ignore region,,train,0,1,5,6,1
10.17632/gfcmdbvw65.4,v4,dataset-20260508.zip,049591afd4fc3529aedbd31ef9119f5ec0601ebcb8cbbd4a25b7e883fde147ce,d2-v4-stage2b5-v1,12_freeze_d2_protocol.py@1 + 10_prepare_d2_freeze_candidate.py@1,a587d1d3cf826ec476fe91356f472b4a1a2b78eca51376c392fc16846b825caf,1db875a1eb10d95d654d0f2d27a52815794db0d8,13436313853456744620,3589472428,70/15/15,train,51.jpg,dataset-20260508/train/51.jpg,dataset-20260508/train.json,original,sg-0452,gc-0440,one plain original per evidence source group; no dataset resize/offline augmentation; pipeline online only,plain_base,none,true,,valid three-class raw regions; U01 drop raw region #3; standard background/FP; no ignore region,,train,0,0,3,3,0
10.17632/gfcmdbvw65.4,v4,dataset-20260508.zip,049591afd4fc3529aedbd31ef9119f5ec0601ebcb8cbbd4a25b7e883fde147ce,d2-v4-stage2b5-v1,12_freeze_d2_protocol.py@1 + 10_prepare_d2_freeze_candidate.py@1,a587d1d3cf826ec476fe91356f472b4a1a2b78eca51376c392fc16846b825caf,1db875a1eb10d95d654d0f2d27a52815794db0d8,13436313853456744620,3589472428,70/15/15,train,52.jpg,dataset-20260508/train/52.jpg,dataset-20260508/train.json,original,sg-0453,gc-0441,one plain original per evidence source group; no dataset resize/offline augmentation; pipeline online only,plain_base,none,true,,valid three-class raw regions; U01 drop raw region #3; standard background/FP; no ignore region,,test,0,0,4,4,0
10.17632/gfcmdbvw65.4,v4,dataset-20260508.zip,049591afd4fc3529aedbd31ef9119f5ec0601ebcb8cbbd4a25b7e883fde147ce,d2-v4-stage2b5-v1,12_freeze_d2_protocol.py@1 + 10_prepare_d2_freeze_candidate.py@1,a587d1d3cf826ec476fe91356f472b4a1a2b78eca51376c392fc16846b825caf,1db875a1eb10d95d654d0f2d27a52815794db0d8,13436313853456744620,3589472428,70/15/15,train,53.jpg,dataset-20260508/train/53.jpg,dataset-20260508/train.json,original,sg-0454,gc-0442,one plain original per evidence source group; no dataset resize/offline augmentation; pipeline online only,plain_base,none,true,,valid three-class raw regions; U01 drop raw region #3; standard background/FP; no ignore region,,train,0,0,6,6,0
10.17632/gfcmdbvw65.4,v4,dataset-20260508.zip,049591afd4fc3529aedbd31ef9119f5ec0601ebcb8cbbd4a25b7e883fde147ce,d2-v4-stage2b5-v1,12_freeze_d2_protocol.py@1 + 10_prepare_d2_freeze_candidate.py@1,a587d1d3cf826ec476fe91356f472b4a1a2b78eca51376c392fc16846b825caf,1db875a1eb10d95d654d0f2d27a52815794db0d8,13436313853456744620,3589472428,70/15/15,train,54.jpg,dataset-20260508/train/54.jpg,dataset-20260508/train.json,original,sg-0455,gc-0443,one plain original per evidence source group; no dataset resize/offline augmentation; pipeline online only,plain_base,none,true,,valid three-class raw regions; U01 drop raw region #3; standard background/FP; no ignore region,,val,0,0,6,6,0
10.17632/gfcmdbvw65.4,v4,dataset-20260508.zip,049591afd4fc3529aedbd31ef9119f5ec0601ebcb8cbbd4a25b7e883fde147ce,d2-v4-stage2b5-v1,12_freeze_d2_protocol.py@1 + 10_prepare_d2_freeze_candidate.py@1,a587d1d3cf826ec476fe91356f472b4a1a2b78eca51376c392fc16846b825caf,1db875a1eb10d95d654d0f2d27a52815794db0d8,13436313853456744620,3589472428,70/15/15,train,55000.jpg,dataset-20260508/train/55000.jpg,dataset-20260508/train.json,original,sg-0456,gc-0444,one plain original per evidence source group; no dataset resize/offline augmentation; pipeline online only,plain_base,none,true,,valid three-class raw regions; U01 drop raw region #3; standard background/FP; no ignore region,,test,0,2,4,6,1
10.17632/gfcmdbvw65.4,v4,dataset-20260508.zip,049591afd4fc3529aedbd31ef9119f5ec0601ebcb8cbbd4a25b7e883fde147ce,d2-v4-stage2b5-v1,12_freeze_d2_protocol.py@1 + 10_prepare_d2_freeze_candidate.py@1,a587d1d3cf826ec476fe91356f472b4a1a2b78eca51376c392fc16846b825caf,1db875a1eb10d95d654d0f2d27a52815794db0d8,13436313853456744620,3589472428,70/15/15,train,56.jpg,dataset-20260508/train/56.jpg,dataset-20260508/train.json,original,sg-0457,gc-0445,one plain original per evidence source group; no dataset resize/offline augmentation; pipeline online only,plain_base,none,true,,valid three-class raw regions; U01 drop raw region #3; standard background/FP; no ignore region,,train,0,0,3,3,0
10.17632/gfcmdbvw65.4,v4,dataset-20260508.zip,049591afd4fc3529aedbd31ef9119f5ec0601ebcb8cbbd4a25b7e883fde147ce,d2-v4-stage2b5-v1,12_freeze_d2_protocol.py@1 + 10_prepare_d2_freeze_candidate.py@1,a587d1d3cf826ec476fe91356f472b4a1a2b78eca51376c392fc16846b825caf,1db875a1eb10d95d654d0f2d27a52815794db0d8,13436313853456744620,3589472428,70/15/15,train,57.jpg,dataset-20260508/train/57.jpg,dataset-20260508/train.json,original,sg-0458,gc-0446,one plain original per evidence source group; no dataset resize/offline augmentation; pipeline online only,plain_base,none,true,,valid three-class raw regions; U01 drop raw region #3; standard background/FP; no ignore region,,train,0,0,2,2,0
10.17632/gfcmdbvw65.4,v4,dataset-20260508.zip,049591afd4fc3529aedbd31ef9119f5ec0601ebcb8cbbd4a25b7e883fde147ce,d2-v4-stage2b5-v1,12_freeze_d2_protocol.py@1 + 10_prepare_d2_freeze_candidate.py@1,a587d1d3cf826ec476fe91356f472b4a1a2b78eca51376c392fc16846b825caf,1db875a1eb10d95d654d0f2d27a52815794db0d8,13436313853456744620,3589472428,70/15/15,train,58.jpg,dataset-20260508/train/58.jpg,dataset-20260508/train.json,original,sg-0459,gc-0447,one plain original per evidence source group; no dataset resize/offline augmentation; pipeline online only,plain_base,none,true,,valid three-class raw regions; U01 drop raw region #3; standard background/FP; no ignore region,,train,0,1,2,3,1
10.17632/gfcmdbvw65.4,v4,dataset-20260508.zip,049591afd4fc3529aedbd31ef9119f5ec0601ebcb8cbbd4a25b7e883fde147ce,d2-v4-stage2b5-v1,12_freeze_d2_protocol.py@1 + 10_prepare_d2_freeze_candidate.py@1,a587d1d3cf826ec476fe91356f472b4a1a2b78eca51376c392fc16846b825caf,1db875a1eb10d95d654d0f2d27a52815794db0d8,13436313853456744620,3589472428,70/15/15,train,6.jpg,dataset-20260508/train/6.jpg,dataset-20260508/train.json,original,sg-0460,gc-0448,one plain original per evidence source group; no dataset resize/offline augmentation; pipeline online only,plain_base,none,true,,valid three-class raw regions; U01 drop raw region #3; standard background/FP; no ignore region,,train,0,0,2,2,0
10.17632/gfcmdbvw65.4,v4,dataset-20260508.zip,049591afd4fc3529aedbd31ef9119f5ec0601ebcb8cbbd4a25b7e883fde147ce,d2-v4-stage2b5-v1,12_freeze_d2_protocol.py@1 + 10_prepare_d2_freeze_candidate.py@1,a587d1d3cf826ec476fe91356f472b4a1a2b78eca51376c392fc16846b825caf,1db875a1eb10d95d654d0f2d27a52815794db0d8,13436313853456744620,3589472428,70/15/15,train,60000.jpg,dataset-20260508/train/60000.jpg,dataset-20260508/train.json,original,sg-0461,gc-0449,one plain original per evidence source group; no dataset resize/offline augmentation; pipeline online only,plain_base,none,true,,valid three-class raw regions; U01 drop raw region #3; standard background/FP; no ignore region,,train,0,0,3,3,0
10.17632/gfcmdbvw65.4,v4,dataset-20260508.zip,049591afd4fc3529aedbd31ef9119f5ec0601ebcb8cbbd4a25b7e883fde147ce,d2-v4-stage2b5-v1,12_freeze_d2_protocol.py@1 + 10_prepare_d2_freeze_candidate.py@1,a587d1d3cf826ec476fe91356f472b4a1a2b78eca51376c392fc16846b825caf,1db875a1eb10d95d654d0f2d27a52815794db0d8,13436313853456744620,3589472428,70/15/15,train,61.jpg,dataset-20260508/train/61.jpg,dataset-20260508/train.json,original,sg-0462,gc-0450,one plain original per evidence source group; no dataset resize/offline augmentation; pipeline online only,plain_base,none,true,,valid three-class raw regions; U01 drop raw region #3; standard background/FP; no ignore region,,train,0,0,2,2,0
10.17632/gfcmdbvw65.4,v4,dataset-20260508.zip,049591afd4fc3529aedbd31ef9119f5ec0601ebcb8cbbd4a25b7e883fde147ce,d2-v4-stage2b5-v1,12_freeze_d2_protocol.py@1 + 10_prepare_d2_freeze_candidate.py@1,a587d1d3cf826ec476fe91356f472b4a1a2b78eca51376c392fc16846b825caf,1db875a1eb10d95d654d0f2d27a52815794db0d8,13436313853456744620,3589472428,70/15/15,train,62.jpg,dataset-20260508/train/62.jpg,dataset-20260508/train.json,original,sg-0463,gc-0451,one plain original per evidence source group; no dataset resize/offline augmentation; pipeline online only,plain_base,none,true,,valid three-class raw regions; U01 drop raw region #3; standard background/FP; no ignore region,,test,0,0,3,3,0
10.17632/gfcmdbvw65.4,v4,dataset-20260508.zip,049591afd4fc3529aedbd31ef9119f5ec0601ebcb8cbbd4a25b7e883fde147ce,d2-v4-stage2b5-v1,12_freeze_d2_protocol.py@1 + 10_prepare_d2_freeze_candidate.py@1,a587d1d3cf826ec476fe91356f472b4a1a2b78eca51376c392fc16846b825caf,1db875a1eb10d95d654d0f2d27a52815794db0d8,13436313853456744620,3589472428,70/15/15,train,63000.jpg,dataset-20260508/train/63000.jpg,dataset-20260508/train.json,original,sg-0464,gc-0452,one plain original per evidence source group; no dataset resize/offline augmentation; pipeline online only,plain_base,none,true,,valid three-class raw regions; U01 drop raw region #3; standard background/FP; no ignore region,,train,0,0,5,5,0
10.17632/gfcmdbvw65.4,v4,dataset-20260508.zip,049591afd4fc3529aedbd31ef9119f5ec0601ebcb8cbbd4a25b7e883fde147ce,d2-v4-stage2b5-v1,12_freeze_d2_protocol.py@1 + 10_prepare_d2_freeze_candidate.py@1,a587d1d3cf826ec476fe91356f472b4a1a2b78eca51376c392fc16846b825caf,1db875a1eb10d95d654d0f2d27a52815794db0d8,13436313853456744620,3589472428,70/15/15,train,64.jpg,dataset-20260508/train/64.jpg,dataset-20260508/train.json,original,sg-0465,gc-0453,one plain original per evidence source group; no dataset resize/offline augmentation; pipeline online only,plain_base,none,true,,valid three-class raw regions; U01 drop raw region #3; standard background/FP; no ignore region,,val,0,0,5,5,0
10.17632/gfcmdbvw65.4,v4,dataset-20260508.zip,049591afd4fc3529aedbd31ef9119f5ec0601ebcb8cbbd4a25b7e883fde147ce,d2-v4-stage2b5-v1,12_freeze_d2_protocol.py@1 + 10_prepare_d2_freeze_candidate.py@1,a587d1d3cf826ec476fe91356f472b4a1a2b78eca51376c392fc16846b825caf,1db875a1eb10d95d654d0f2d27a52815794db0d8,13436313853456744620,3589472428,70/15/15,train,66000.jpg,dataset-20260508/train/66000.jpg,dataset-20260508/train.json,original,sg-0466,gc-0454,one plain original per evidence source group; no dataset resize/offline augmentation; pipeline online only,plain_base,none,true,,valid three-class raw regions; U01 drop raw region #3; standard background/FP; no ignore region,,test,0,0,4,4,0
10.17632/gfcmdbvw65.4,v4,dataset-20260508.zip,049591afd4fc3529aedbd31ef9119f5ec0601ebcb8cbbd4a25b7e883fde147ce,d2-v4-stage2b5-v1,12_freeze_d2_protocol.py@1 + 10_prepare_d2_freeze_candidate.py@1,a587d1d3cf826ec476fe91356f472b4a1a2b78eca51376c392fc16846b825caf,1db875a1eb10d95d654d0f2d27a52815794db0d8,13436313853456744620,3589472428,70/15/15,train,68.jpg,dataset-20260508/train/68.jpg,dataset-20260508/train.json,original,sg-0467,gc-0455,one plain original per evidence source group; no dataset resize/offline augmentation; pipeline online only,plain_base,none,true,,valid three-class raw regions; U01 drop raw region #3; standard background/FP; no ignore region,,train,0,0,2,2,0
10.17632/gfcmdbvw65.4,v4,dataset-20260508.zip,049591afd4fc3529aedbd31ef9119f5ec0601ebcb8cbbd4a25b7e883fde147ce,d2-v4-stage2b5-v1,12_freeze_d2_protocol.py@1 + 10_prepare_d2_freeze_candidate.py@1,a587d1d3cf826ec476fe91356f472b4a1a2b78eca51376c392fc16846b825caf,1db875a1eb10d95d654d0f2d27a52815794db0d8,13436313853456744620,3589472428,70/15/15,train,700000.jpg,dataset-20260508/train/700000.jpg,dataset-20260508/train.json,original,sg-0469,gc-0456,one plain original per evidence source group; no dataset resize/offline augmentation; pipeline online only,plain_base,none,true,,valid three-class raw regions; U01 drop raw region #3; standard background/FP; no ignore region,,train,0,0,3,3,0
10.17632/gfcmdbvw65.4,v4,dataset-20260508.zip,049591afd4fc3529aedbd31ef9119f5ec0601ebcb8cbbd4a25b7e883fde147ce,d2-v4-stage2b5-v1,12_freeze_d2_protocol.py@1 + 10_prepare_d2_freeze_candidate.py@1,a587d1d3cf826ec476fe91356f472b4a1a2b78eca51376c392fc16846b825caf,1db875a1eb10d95d654d0f2d27a52815794db0d8,13436313853456744620,3589472428,70/15/15,train,73.jpg,dataset-20260508/train/73.jpg,dataset-20260508/train.json,original,sg-0470,gc-0457,one plain original per evidence source group; no dataset resize/offline augmentation; pipeline online only,plain_base,none,true,,valid three-class raw regions; U01 drop raw region #3; standard background/FP; no ignore region,,train,0,0,2,2,0
10.17632/gfcmdbvw65.4,v4,dataset-20260508.zip,049591afd4fc3529aedbd31ef9119f5ec0601ebcb8cbbd4a25b7e883fde147ce,d2-v4-stage2b5-v1,12_freeze_d2_protocol.py@1 + 10_prepare_d2_freeze_candidate.py@1,a587d1d3cf826ec476fe91356f472b4a1a2b78eca51376c392fc16846b825caf,1db875a1eb10d95d654d0f2d27a52815794db0d8,13436313853456744620,3589472428,70/15/15,train,74.jpg,dataset-20260508/train/74.jpg,dataset-20260508/train.json,original,sg-0471,gc-0458,one plain original per evidence source group; no dataset resize/offline augmentation; pipeline online only,plain_base,none,true,,valid three-class raw regions; U01 drop raw region #3; standard background/FP; no ignore region,,train,0,0,3,3,0
10.17632/gfcmdbvw65.4,v4,dataset-20260508.zip,049591afd4fc3529aedbd31ef9119f5ec0601ebcb8cbbd4a25b7e883fde147ce,d2-v4-stage2b5-v1,12_freeze_d2_protocol.py@1 + 10_prepare_d2_freeze_candidate.py@1,a587d1d3cf826ec476fe91356f472b4a1a2b78eca51376c392fc16846b825caf,1db875a1eb10d95d654d0f2d27a52815794db0d8,13436313853456744620,3589472428,70/15/15,train,7500.jpg,dataset-20260508/train/7500.jpg,dataset-20260508/train.json,original,sg-0472,gc-0459,one plain original per evidence source group; no dataset resize/offline augmentation; pipeline online only,plain_base,none,true,,valid three-class raw regions; U01 drop raw region #3; standard background/FP; no ignore region,,train,0,0,3,3,0
10.17632/gfcmdbvw65.4,v4,dataset-20260508.zip,049591afd4fc3529aedbd31ef9119f5ec0601ebcb8cbbd4a25b7e883fde147ce,d2-v4-stage2b5-v1,12_freeze_d2_protocol.py@1 + 10_prepare_d2_freeze_candidate.py@1,a587d1d3cf826ec476fe91356f472b4a1a2b78eca51376c392fc16846b825caf,1db875a1eb10d95d654d0f2d27a52815794db0d8,13436313853456744620,3589472428,70/15/15,train,7600.jpg,dataset-20260508/train/7600.jpg,dataset-20260508/train.json,original,sg-0473,gc-0460,one plain original per evidence source group; no dataset resize/offline augmentation; pipeline online only,plain_base,none,true,,valid three-class raw regions; U01 drop raw region #3; standard background/FP; no ignore region,,train,0,0,4,4,0
10.17632/gfcmdbvw65.4,v4,dataset-20260508.zip,049591afd4fc3529aedbd31ef9119f5ec0601ebcb8cbbd4a25b7e883fde147ce,d2-v4-stage2b5-v1,12_freeze_d2_protocol.py@1 + 10_prepare_d2_freeze_candidate.py@1,a587d1d3cf826ec476fe91356f472b4a1a2b78eca51376c392fc16846b825caf,1db875a1eb10d95d654d0f2d27a52815794db0d8,13436313853456744620,3589472428,70/15/15,train,77.jpg,dataset-20260508/train/77.jpg,dataset-20260508/train.json,original,sg-0474,gc-0461,one plain original per evidence source group; no dataset resize/offline augmentation; pipeline online only,plain_base,none,true,,valid three-class raw regions; U01 drop raw region #3; standard background/FP; no ignore region,,val,0,0,5,5,0
10.17632/gfcmdbvw65.4,v4,dataset-20260508.zip,049591afd4fc3529aedbd31ef9119f5ec0601ebcb8cbbd4a25b7e883fde147ce,d2-v4-stage2b5-v1,12_freeze_d2_protocol.py@1 + 10_prepare_d2_freeze_candidate.py@1,a587d1d3cf826ec476fe91356f472b4a1a2b78eca51376c392fc16846b825caf,1db875a1eb10d95d654d0f2d27a52815794db0d8,13436313853456744620,3589472428,70/15/15,train,8000.jpg,dataset-20260508/train/8000.jpg,dataset-20260508/train.json,original,sg-0475,gc-0462,one plain original per evidence source group; no dataset resize/offline augmentation; pipeline online only,plain_base,none,true,,valid three-class raw regions; U01 drop raw region #3; standard background/FP; no ignore region,,train,0,1,2,3,1
10.17632/gfcmdbvw65.4,v4,dataset-20260508.zip,049591afd4fc3529aedbd31ef9119f5ec0601ebcb8cbbd4a25b7e883fde147ce,d2-v4-stage2b5-v1,12_freeze_d2_protocol.py@1 + 10_prepare_d2_freeze_candidate.py@1,a587d1d3cf826ec476fe91356f472b4a1a2b78eca51376c392fc16846b825caf,1db875a1eb10d95d654d0f2d27a52815794db0d8,13436313853456744620,3589472428,70/15/15,train,8400.jpg,dataset-20260508/train/8400.jpg,dataset-20260508/train.json,original,sg-0476,gc-0463,one plain original per evidence source group; no dataset resize/offline augmentation; pipeline online only,plain_base,none,true,,valid three-class raw regions; U01 drop raw region #3; standard background/FP; no ignore region,,train,0,0,3,3,0
10.17632/gfcmdbvw65.4,v4,dataset-20260508.zip,049591afd4fc3529aedbd31ef9119f5ec0601ebcb8cbbd4a25b7e883fde147ce,d2-v4-stage2b5-v1,12_freeze_d2_protocol.py@1 + 10_prepare_d2_freeze_candidate.py@1,a587d1d3cf826ec476fe91356f472b4a1a2b78eca51376c392fc16846b825caf,1db875a1eb10d95d654d0f2d27a52815794db0d8,13436313853456744620,3589472428,70/15/15,train,8500.jpg,dataset-20260508/train/8500.jpg,dataset-20260508/train.json,original,sg-0477,gc-0464,one plain original per evidence source group; no dataset resize/offline augmentation; pipeline online only,plain_base,none,true,,valid three-class raw regions; U01 drop raw region #3; standard background/FP; no ignore region,,train,0,0,2,2,0
10.17632/gfcmdbvw65.4,v4,dataset-20260508.zip,049591afd4fc3529aedbd31ef9119f5ec0601ebcb8cbbd4a25b7e883fde147ce,d2-v4-stage2b5-v1,12_freeze_d2_protocol.py@1 + 10_prepare_d2_freeze_candidate.py@1,a587d1d3cf826ec476fe91356f472b4a1a2b78eca51376c392fc16846b825caf,1db875a1eb10d95d654d0f2d27a52815794db0d8,13436313853456744620,3589472428,70/15/15,train,8700.jpg,dataset-20260508/train/8700.jpg,dataset-20260508/train.json,original,sg-0478,gc-0465,one plain original per evidence source group; no dataset resize/offline augmentation; pipeline online only,plain_base,none,true,,valid three-class raw regions; U01 drop raw region #3; standard background/FP; no ignore region,,train,0,1,3,4,1
10.17632/gfcmdbvw65.4,v4,dataset-20260508.zip,049591afd4fc3529aedbd31ef9119f5ec0601ebcb8cbbd4a25b7e883fde147ce,d2-v4-stage2b5-v1,12_freeze_d2_protocol.py@1 + 10_prepare_d2_freeze_candidate.py@1,a587d1d3cf826ec476fe91356f472b4a1a2b78eca51376c392fc16846b825caf,1db875a1eb10d95d654d0f2d27a52815794db0d8,13436313853456744620,3589472428,70/15/15,train,89.jpg,dataset-20260508/train/89.jpg,dataset-20260508/train.json,original,sg-0479,gc-0466,one plain original per evidence source group; no dataset resize/offline augmentation; pipeline online only,plain_base,none,true,,valid three-class raw regions; U01 drop raw region #3; standard background/FP; no ignore region,,train,0,0,3,3,0
10.17632/gfcmdbvw65.4,v4,dataset-20260508.zip,049591afd4fc3529aedbd31ef9119f5ec0601ebcb8cbbd4a25b7e883fde147ce,d2-v4-stage2b5-v1,12_freeze_d2_protocol.py@1 + 10_prepare_d2_freeze_candidate.py@1,a587d1d3cf826ec476fe91356f472b4a1a2b78eca51376c392fc16846b825caf,1db875a1eb10d95d654d0f2d27a52815794db0d8,13436313853456744620,3589472428,70/15/15,train,9.jpg,dataset-20260508/train/9.jpg,dataset-20260508/train.json,original,sg-0480,gc-0467,one plain original per evidence source group; no dataset resize/offline augmentation; pipeline online only,plain_base,none,true,,valid three-class raw regions; U01 drop raw region #3; standard background/FP; no ignore region,,train,0,0,2,2,0
10.17632/gfcmdbvw65.4,v4,dataset-20260508.zip,049591afd4fc3529aedbd31ef9119f5ec0601ebcb8cbbd4a25b7e883fde147ce,d2-v4-stage2b5-v1,12_freeze_d2_protocol.py@1 + 10_prepare_d2_freeze_candidate.py@1,a587d1d3cf826ec476fe91356f472b4a1a2b78eca51376c392fc16846b825caf,1db875a1eb10d95d654d0f2d27a52815794db0d8,13436313853456744620,3589472428,70/15/15,train,9000.jpg,dataset-20260508/train/9000.jpg,dataset-20260508/train.json,original,sg-0481,gc-0468,one plain original per evidence source group; no dataset resize/offline augmentation; pipeline online only,plain_base,none,true,,valid three-class raw regions; U01 drop raw region #3; standard background/FP; no ignore region,,train,0,0,2,2,0
10.17632/gfcmdbvw65.4,v4,dataset-20260508.zip,049591afd4fc3529aedbd31ef9119f5ec0601ebcb8cbbd4a25b7e883fde147ce,d2-v4-stage2b5-v1,12_freeze_d2_protocol.py@1 + 10_prepare_d2_freeze_candidate.py@1,a587d1d3cf826ec476fe91356f472b4a1a2b78eca51376c392fc16846b825caf,1db875a1eb10d95d654d0f2d27a52815794db0d8,13436313853456744620,3589472428,70/15/15,train,IMG_12320.jpg,dataset-20260508/train/IMG_12320.jpg,dataset-20260508/train.json,original,sg-0483,gc-0469,one plain original per evidence source group; no dataset resize/offline augmentation; pipeline online only,plain_base,none,true,,valid three-class raw regions; U01 drop raw region #3; standard background/FP; no ignore region,,train,0,0,1,1,0
10.17632/gfcmdbvw65.4,v4,dataset-20260508.zip,049591afd4fc3529aedbd31ef9119f5ec0601ebcb8cbbd4a25b7e883fde147ce,d2-v4-stage2b5-v1,12_freeze_d2_protocol.py@1 + 10_prepare_d2_freeze_candidate.py@1,a587d1d3cf826ec476fe91356f472b4a1a2b78eca51376c392fc16846b825caf,1db875a1eb10d95d654d0f2d27a52815794db0d8,13436313853456744620,3589472428,70/15/15,train,IMG_12350.jpg,dataset-20260508/train/IMG_12350.jpg,dataset-20260508/train.json,original,sg-0484,gc-0470,one plain original per evidence source group; no dataset resize/offline augmentation; pipeline online only,plain_base,none,true,,valid three-class raw regions; U01 drop raw region #3; standard background/FP; no ignore region,,train,0,0,1,1,0
10.17632/gfcmdbvw65.4,v4,dataset-20260508.zip,049591afd4fc3529aedbd31ef9119f5ec0601ebcb8cbbd4a25b7e883fde147ce,d2-v4-stage2b5-v1,12_freeze_d2_protocol.py@1 + 10_prepare_d2_freeze_candidate.py@1,a587d1d3cf826ec476fe91356f472b4a1a2b78eca51376c392fc16846b825caf,1db875a1eb10d95d654d0f2d27a52815794db0d8,13436313853456744620,3589472428,70/15/15,train,IMG_1237.jpg,dataset-20260508/train/IMG_1237.jpg,dataset-20260508/train.json,original,sg-0485,gc-0471,one plain original per evidence source group; no dataset resize/offline augmentation; pipeline online only,plain_base,none,true,,valid three-class raw regions; U01 drop raw region #3; standard background/FP; no ignore region,,test,0,0,1,1,0
10.17632/gfcmdbvw65.4,v4,dataset-20260508.zip,049591afd4fc3529aedbd31ef9119f5ec0601ebcb8cbbd4a25b7e883fde147ce,d2-v4-stage2b5-v1,12_freeze_d2_protocol.py@1 + 10_prepare_d2_freeze_candidate.py@1,a587d1d3cf826ec476fe91356f472b4a1a2b78eca51376c392fc16846b825caf,1db875a1eb10d95d654d0f2d27a52815794db0d8,13436313853456744620,3589472428,70/15/15,train,IMG_12380.jpg,dataset-20260508/train/IMG_12380.jpg,dataset-20260508/train.json,original,sg-0486,gc-0472,one plain original per evidence source group; no dataset resize/offline augmentation; pipeline online only,plain_base,none,true,,valid three-class raw regions; U01 drop raw region #3; standard background/FP; no ignore region,,train,0,0,1,1,0
10.17632/gfcmdbvw65.4,v4,dataset-20260508.zip,049591afd4fc3529aedbd31ef9119f5ec0601ebcb8cbbd4a25b7e883fde147ce,d2-v4-stage2b5-v1,12_freeze_d2_protocol.py@1 + 10_prepare_d2_freeze_candidate.py@1,a587d1d3cf826ec476fe91356f472b4a1a2b78eca51376c392fc16846b825caf,1db875a1eb10d95d654d0f2d27a52815794db0d8,13436313853456744620,3589472428,70/15/15,train,IMG_12390.jpg,dataset-20260508/train/IMG_12390.jpg,dataset-20260508/train.json,original,sg-0487,gc-0473,one plain original per evidence source group; no dataset resize/offline augmentation; pipeline online only,plain_base,none,true,,valid three-class raw regions; U01 drop raw region #3; standard background/FP; no ignore region,,val,0,0,1,1,0
10.17632/gfcmdbvw65.4,v4,dataset-20260508.zip,049591afd4fc3529aedbd31ef9119f5ec0601ebcb8cbbd4a25b7e883fde147ce,d2-v4-stage2b5-v1,12_freeze_d2_protocol.py@1 + 10_prepare_d2_freeze_candidate.py@1,a587d1d3cf826ec476fe91356f472b4a1a2b78eca51376c392fc16846b825caf,1db875a1eb10d95d654d0f2d27a52815794db0d8,13436313853456744620,3589472428,70/15/15,train,IMG_12410.jpg,dataset-20260508/train/IMG_12410.jpg,dataset-20260508/train.json,original,sg-0489,gc-0475,one plain original per evidence source group; no dataset resize/offline augmentation; pipeline online only,plain_base,none,true,,valid three-class raw regions; U01 drop raw region #3; standard background/FP; no ignore region,,train,0,0,3,3,0
10.17632/gfcmdbvw65.4,v4,dataset-20260508.zip,049591afd4fc3529aedbd31ef9119f5ec0601ebcb8cbbd4a25b7e883fde147ce,d2-v4-stage2b5-v1,12_freeze_d2_protocol.py@1 + 10_prepare_d2_freeze_candidate.py@1,a587d1d3cf826ec476fe91356f472b4a1a2b78eca51376c392fc16846b825caf,1db875a1eb10d95d654d0f2d27a52815794db0d8,13436313853456744620,3589472428,70/15/15,train,IMG_12430.jpg,dataset-20260508/train/IMG_12430.jpg,dataset-20260508/train.json,original,sg-0490,gc-0476,one plain original per evidence source group; no dataset resize/offline augmentation; pipeline online only,plain_base,none,true,,valid three-class raw regions; U01 drop raw region #3; standard background/FP; no ignore region,,train,0,0,3,3,0
10.17632/gfcmdbvw65.4,v4,dataset-20260508.zip,049591afd4fc3529aedbd31ef9119f5ec0601ebcb8cbbd4a25b7e883fde147ce,d2-v4-stage2b5-v1,12_freeze_d2_protocol.py@1 + 10_prepare_d2_freeze_candidate.py@1,a587d1d3cf826ec476fe91356f472b4a1a2b78eca51376c392fc16846b825caf,1db875a1eb10d95d654d0f2d27a52815794db0d8,13436313853456744620,3589472428,70/15/15,train,IMG_12440.jpg,dataset-20260508/train/IMG_12440.jpg,dataset-20260508/train.json,original,sg-0491,gc-0477,one plain original per evidence source group; no dataset resize/offline augmentation; pipeline online only,plain_base,none,true,,valid three-class raw regions; U01 drop raw region #3; standard background/FP; no ignore region,,test,0,0,3,3,0
10.17632/gfcmdbvw65.4,v4,dataset-20260508.zip,049591afd4fc3529aedbd31ef9119f5ec0601ebcb8cbbd4a25b7e883fde147ce,d2-v4-stage2b5-v1,12_freeze_d2_protocol.py@1 + 10_prepare_d2_freeze_candidate.py@1,a587d1d3cf826ec476fe91356f472b4a1a2b78eca51376c392fc16846b825caf,1db875a1eb10d95d654d0f2d27a52815794db0d8,13436313853456744620,3589472428,70/15/15,train,IMG_12450.jpg,dataset-20260508/train/IMG_12450.jpg,dataset-20260508/train.json,original,sg-0492,gc-0478,one plain original per evidence source group; no dataset resize/offline augmentation; pipeline online only,plain_base,none,true,,valid three-class raw regions; U01 drop raw region #3; standard background/FP; no ignore region,,train,0,0,1,1,0
10.17632/gfcmdbvw65.4,v4,dataset-20260508.zip,049591afd4fc3529aedbd31ef9119f5ec0601ebcb8cbbd4a25b7e883fde147ce,d2-v4-stage2b5-v1,12_freeze_d2_protocol.py@1 + 10_prepare_d2_freeze_candidate.py@1,a587d1d3cf826ec476fe91356f472b4a1a2b78eca51376c392fc16846b825caf,1db875a1eb10d95d654d0f2d27a52815794db0d8,13436313853456744620,3589472428,70/15/15,train,IMG_12470.jpg,dataset-20260508/train/IMG_12470.jpg,dataset-20260508/train.json,original,sg-0494,gc-0480,one plain original per evidence source group; no dataset resize/offline augmentation; pipeline online only,plain_base,none,true,,valid three-class raw regions; U01 drop raw region #3; standard background/FP; no ignore region,,test,0,0,1,1,0
10.17632/gfcmdbvw65.4,v4,dataset-20260508.zip,049591afd4fc3529aedbd31ef9119f5ec0601ebcb8cbbd4a25b7e883fde147ce,d2-v4-stage2b5-v1,12_freeze_d2_protocol.py@1 + 10_prepare_d2_freeze_candidate.py@1,a587d1d3cf826ec476fe91356f472b4a1a2b78eca51376c392fc16846b825caf,1db875a1eb10d95d654d0f2d27a52815794db0d8,13436313853456744620,3589472428,70/15/15,train,IMG_1250.jpg,dataset-20260508/train/IMG_1250.jpg,dataset-20260508/train.json,original,sg-0496,gc-0481,one plain original per evidence source group; no dataset resize/offline augmentation; pipeline online only,plain_base,none,true,,valid three-class raw regions; U01 drop raw region #3; standard background/FP; no ignore region,,val,0,0,1,1,0
10.17632/gfcmdbvw65.4,v4,dataset-20260508.zip,049591afd4fc3529aedbd31ef9119f5ec0601ebcb8cbbd4a25b7e883fde147ce,d2-v4-stage2b5-v1,12_freeze_d2_protocol.py@1 + 10_prepare_d2_freeze_candidate.py@1,a587d1d3cf826ec476fe91356f472b4a1a2b78eca51376c392fc16846b825caf,1db875a1eb10d95d654d0f2d27a52815794db0d8,13436313853456744620,3589472428,70/15/15,train,IMG_1251.jpg,dataset-20260508/train/IMG_1251.jpg,dataset-20260508/train.json,original,sg-0497,gc-0482,one plain original per evidence source group; no dataset resize/offline augmentation; pipeline online only,plain_base,none,true,,valid three-class raw regions; U01 drop raw region #3; standard background/FP; no ignore region,,train,0,0,1,1,0
10.17632/gfcmdbvw65.4,v4,dataset-20260508.zip,049591afd4fc3529aedbd31ef9119f5ec0601ebcb8cbbd4a25b7e883fde147ce,d2-v4-stage2b5-v1,12_freeze_d2_protocol.py@1 + 10_prepare_d2_freeze_candidate.py@1,a587d1d3cf826ec476fe91356f472b4a1a2b78eca51376c392fc16846b825caf,1db875a1eb10d95d654d0f2d27a52815794db0d8,13436313853456744620,3589472428,70/15/15,train,IMG_1252.jpg,dataset-20260508/train/IMG_1252.jpg,dataset-20260508/train.json,original,sg-0498,gc-0483,one plain original per evidence source group; no dataset resize/offline augmentation; pipeline online only,plain_base,none,true,,valid three-class raw regions; U01 drop raw region #3; standard background/FP; no ignore region,,test,0,0,1,1,0
10.17632/gfcmdbvw65.4,v4,dataset-20260508.zip,049591afd4fc3529aedbd31ef9119f5ec0601ebcb8cbbd4a25b7e883fde147ce,d2-v4-stage2b5-v1,12_freeze_d2_protocol.py@1 + 10_prepare_d2_freeze_candidate.py@1,a587d1d3cf826ec476fe91356f472b4a1a2b78eca51376c392fc16846b825caf,1db875a1eb10d95d654d0f2d27a52815794db0d8,13436313853456744620,3589472428,70/15/15,train,IMG_12530.jpg,dataset-20260508/train/IMG_12530.jpg,dataset-20260508/train.json,original,sg-0499,gc-0484,one plain original per evidence source group; no dataset resize/offline augmentation; pipeline online only,plain_base,none,true,,valid three-class raw regions; U01 drop raw region #3; standard background/FP; no ignore region,,test,0,0,1,1,0
10.17632/gfcmdbvw65.4,v4,dataset-20260508.zip,049591afd4fc3529aedbd31ef9119f5ec0601ebcb8cbbd4a25b7e883fde147ce,d2-v4-stage2b5-v1,12_freeze_d2_protocol.py@1 + 10_prepare_d2_freeze_candidate.py@1,a587d1d3cf826ec476fe91356f472b4a1a2b78eca51376c392fc16846b825caf,1db875a1eb10d95d654d0f2d27a52815794db0d8,13436313853456744620,3589472428,70/15/15,train,IMG_12540.jpg,dataset-20260508/train/IMG_12540.jpg,dataset-20260508/train.json,original,sg-0500,gc-0485,one plain original per evidence source group; no dataset resize/offline augmentation; pipeline online only,plain_base,none,true,,valid three-class raw regions; U01 drop raw region #3; standard background/FP; no ignore region,,test,0,0,1,1,0
10.17632/gfcmdbvw65.4,v4,dataset-20260508.zip,049591afd4fc3529aedbd31ef9119f5ec0601ebcb8cbbd4a25b7e883fde147ce,d2-v4-stage2b5-v1,12_freeze_d2_protocol.py@1 + 10_prepare_d2_freeze_candidate.py@1,a587d1d3cf826ec476fe91356f472b4a1a2b78eca51376c392fc16846b825caf,1db875a1eb10d95d654d0f2d27a52815794db0d8,13436313853456744620,3589472428,70/15/15,train,IMG_1255.jpg,dataset-20260508/train/IMG_1255.jpg,dataset-20260508/train.json,original,sg-0501,gc-0486,one plain original per evidence source group; no dataset resize/offline augmentation; pipeline online only,plain_base,none,true,,valid three-class raw regions; U01 drop raw region #3; standard background/FP; no ignore region,,train,0,1,1,2,1
10.17632/gfcmdbvw65.4,v4,dataset-20260508.zip,049591afd4fc3529aedbd31ef9119f5ec0601ebcb8cbbd4a25b7e883fde147ce,d2-v4-stage2b5-v1,12_freeze_d2_protocol.py@1 + 10_prepare_d2_freeze_candidate.py@1,a587d1d3cf826ec476fe91356f472b4a1a2b78eca51376c392fc16846b825caf,1db875a1eb10d95d654d0f2d27a52815794db0d8,13436313853456744620,3589472428,70/15/15,train,IMG_1256.jpg,dataset-20260508/train/IMG_1256.jpg,dataset-20260508/train.json,original,sg-0502,gc-0487,one plain original per evidence source group; no dataset resize/offline augmentation; pipeline online only,plain_base,none,true,,valid three-class raw regions; U01 drop raw region #3; standard background/FP; no ignore region,,train,0,1,1,2,1
10.17632/gfcmdbvw65.4,v4,dataset-20260508.zip,049591afd4fc3529aedbd31ef9119f5ec0601ebcb8cbbd4a25b7e883fde147ce,d2-v4-stage2b5-v1,12_freeze_d2_protocol.py@1 + 10_prepare_d2_freeze_candidate.py@1,a587d1d3cf826ec476fe91356f472b4a1a2b78eca51376c392fc16846b825caf,1db875a1eb10d95d654d0f2d27a52815794db0d8,13436313853456744620,3589472428,70/15/15,train,IMG_12580.jpg,dataset-20260508/train/IMG_12580.jpg,dataset-20260508/train.json,original,sg-0503,gc-0488,one plain original per evidence source group; no dataset resize/offline augmentation; pipeline online only,plain_base,none,true,,valid three-class raw regions; U01 drop raw region #3; standard background/FP; no ignore region,,train,0,0,1,1,0
10.17632/gfcmdbvw65.4,v4,dataset-20260508.zip,049591afd4fc3529aedbd31ef9119f5ec0601ebcb8cbbd4a25b7e883fde147ce,d2-v4-stage2b5-v1,12_freeze_d2_protocol.py@1 + 10_prepare_d2_freeze_candidate.py@1,a587d1d3cf826ec476fe91356f472b4a1a2b78eca51376c392fc16846b825caf,1db875a1eb10d95d654d0f2d27a52815794db0d8,13436313853456744620,3589472428,70/15/15,train,IMG_1261.jpg,dataset-20260508/train/IMG_1261.jpg,dataset-20260508/train.json,original,sg-0504,gc-0489,one plain original per evidence source group; no dataset resize/offline augmentation; pipeline online only,plain_base,none,true,,valid three-class raw regions; U01 drop raw region #3; standard background/FP; no ignore region,,train,0,0,1,1,0
10.17632/gfcmdbvw65.4,v4,dataset-20260508.zip,049591afd4fc3529aedbd31ef9119f5ec0601ebcb8cbbd4a25b7e883fde147ce,d2-v4-stage2b5-v1,12_freeze_d2_protocol.py@1 + 10_prepare_d2_freeze_candidate.py@1,a587d1d3cf826ec476fe91356f472b4a1a2b78eca51376c392fc16846b825caf,1db875a1eb10d95d654d0f2d27a52815794db0d8,13436313853456744620,3589472428,70/15/15,train,IMG_1262.jpg,dataset-20260508/train/IMG_1262.jpg,dataset-20260508/train.json,original,sg-0505,gc-0490,one plain original per evidence source group; no dataset resize/offline augmentation; pipeline online only,plain_base,none,true,,valid three-class raw regions; U01 drop raw region #3; standard background/FP; no ignore region,,test,0,0,1,1,0
10.17632/gfcmdbvw65.4,v4,dataset-20260508.zip,049591afd4fc3529aedbd31ef9119f5ec0601ebcb8cbbd4a25b7e883fde147ce,d2-v4-stage2b5-v1,12_freeze_d2_protocol.py@1 + 10_prepare_d2_freeze_candidate.py@1,a587d1d3cf826ec476fe91356f472b4a1a2b78eca51376c392fc16846b825caf,1db875a1eb10d95d654d0f2d27a52815794db0d8,13436313853456744620,3589472428,70/15/15,train,IMG_1263.jpg,dataset-20260508/train/IMG_1263.jpg,dataset-20260508/train.json,original,sg-0506,gc-0491,one plain original per evidence source group; no dataset resize/offline augmentation; pipeline online only,plain_base,none,true,,valid three-class raw regions; U01 drop raw region #3; standard background/FP; no ignore region,,val,0,0,1,1,0
10.17632/gfcmdbvw65.4,v4,dataset-20260508.zip,049591afd4fc3529aedbd31ef9119f5ec0601ebcb8cbbd4a25b7e883fde147ce,d2-v4-stage2b5-v1,12_freeze_d2_protocol.py@1 + 10_prepare_d2_freeze_candidate.py@1,a587d1d3cf826ec476fe91356f472b4a1a2b78eca51376c392fc16846b825caf,1db875a1eb10d95d654d0f2d27a52815794db0d8,13436313853456744620,3589472428,70/15/15,train,IMG_12640.jpg,dataset-20260508/train/IMG_12640.jpg,dataset-20260508/train.json,original,sg-0507,gc-0492,one plain original per evidence source group; no dataset resize/offline augmentation; pipeline online only,plain_base,none,true,,valid three-class raw regions; U01 drop raw region #3; standard background/FP; no ignore region,,train,0,0,1,1,0
10.17632/gfcmdbvw65.4,v4,dataset-20260508.zip,049591afd4fc3529aedbd31ef9119f5ec0601ebcb8cbbd4a25b7e883fde147ce,d2-v4-stage2b5-v1,12_freeze_d2_protocol.py@1 + 10_prepare_d2_freeze_candidate.py@1,a587d1d3cf826ec476fe91356f472b4a1a2b78eca51376c392fc16846b825caf,1db875a1eb10d95d654d0f2d27a52815794db0d8,13436313853456744620,3589472428,70/15/15,train,IMG_12700.jpg,dataset-20260508/train/IMG_12700.jpg,dataset-20260508/train.json,original,sg-0508,gc-0493,one plain original per evidence source group; no dataset resize/offline augmentation; pipeline online only,plain_base,none,true,,valid three-class raw regions; U01 drop raw region #3; standard background/FP; no ignore region,,train,0,0,2,2,0
10.17632/gfcmdbvw65.4,v4,dataset-20260508.zip,049591afd4fc3529aedbd31ef9119f5ec0601ebcb8cbbd4a25b7e883fde147ce,d2-v4-stage2b5-v1,12_freeze_d2_protocol.py@1 + 10_prepare_d2_freeze_candidate.py@1,a587d1d3cf826ec476fe91356f472b4a1a2b78eca51376c392fc16846b825caf,1db875a1eb10d95d654d0f2d27a52815794db0d8,13436313853456744620,3589472428,70/15/15,train,IMG_12710.jpg,dataset-20260508/train/IMG_12710.jpg,dataset-20260508/train.json,original,sg-0509,gc-0494,one plain original per evidence source group; no dataset resize/offline augmentation; pipeline online only,plain_base,none,true,,valid three-class raw regions; U01 drop raw region #3; standard background/FP; no ignore region,,train,0,0,1,1,0
10.17632/gfcmdbvw65.4,v4,dataset-20260508.zip,049591afd4fc3529aedbd31ef9119f5ec0601ebcb8cbbd4a25b7e883fde147ce,d2-v4-stage2b5-v1,12_freeze_d2_protocol.py@1 + 10_prepare_d2_freeze_candidate.py@1,a587d1d3cf826ec476fe91356f472b4a1a2b78eca51376c392fc16846b825caf,1db875a1eb10d95d654d0f2d27a52815794db0d8,13436313853456744620,3589472428,70/15/15,train,IMG_12740.jpg,dataset-20260508/train/IMG_12740.jpg,dataset-20260508/train.json,original,sg-0510,gc-0495,one plain original per evidence source group; no dataset resize/offline augmentation; pipeline online only,plain_base,none,true,,valid three-class raw regions; U01 drop raw region #3; standard background/FP; no ignore region,,train,1,0,0,1,0
10.17632/gfcmdbvw65.4,v4,dataset-20260508.zip,049591afd4fc3529aedbd31ef9119f5ec0601ebcb8cbbd4a25b7e883fde147ce,d2-v4-stage2b5-v1,12_freeze_d2_protocol.py@1 + 10_prepare_d2_freeze_candidate.py@1,a587d1d3cf826ec476fe91356f472b4a1a2b78eca51376c392fc16846b825caf,1db875a1eb10d95d654d0f2d27a52815794db0d8,13436313853456744620,3589472428,70/15/15,train,IMG_12750.jpg,dataset-20260508/train/IMG_12750.jpg,dataset-20260508/train.json,original,sg-0511,gc-0496,one plain original per evidence source group; no dataset resize/offline augmentation; pipeline online only,plain_base,none,true,,valid three-class raw regions; U01 drop raw region #3; standard background/FP; no ignore region,,train,1,0,0,1,0
10.17632/gfcmdbvw65.4,v4,dataset-20260508.zip,049591afd4fc3529aedbd31ef9119f5ec0601ebcb8cbbd4a25b7e883fde147ce,d2-v4-stage2b5-v1,12_freeze_d2_protocol.py@1 + 10_prepare_d2_freeze_candidate.py@1,a587d1d3cf826ec476fe91356f472b4a1a2b78eca51376c392fc16846b825caf,1db875a1eb10d95d654d0f2d27a52815794db0d8,13436313853456744620,3589472428,70/15/15,train,IMG_1276.jpg,dataset-20260508/train/IMG_1276.jpg,dataset-20260508/train.json,original,sg-0512,gc-0497,one plain original per evidence source group; no dataset resize/offline augmentation; pipeline online only,plain_base,none,true,,valid three-class raw regions; U01 drop raw region #3; standard background/FP; no ignore region,,test,1,0,0,1,0
10.17632/gfcmdbvw65.4,v4,dataset-20260508.zip,049591afd4fc3529aedbd31ef9119f5ec0601ebcb8cbbd4a25b7e883fde147ce,d2-v4-stage2b5-v1,12_freeze_d2_protocol.py@1 + 10_prepare_d2_freeze_candidate.py@1,a587d1d3cf826ec476fe91356f472b4a1a2b78eca51376c392fc16846b825caf,1db875a1eb10d95d654d0f2d27a52815794db0d8,13436313853456744620,3589472428,70/15/15,train,IMG_12780.jpg,dataset-20260508/train/IMG_12780.jpg,dataset-20260508/train.json,original,sg-0513,gc-0498,one plain original per evidence source group; no dataset resize/offline augmentation; pipeline online only,plain_base,none,true,,valid three-class raw regions; U01 drop raw region #3; standard background/FP; no ignore region,,train,0,1,1,2,1
10.17632/gfcmdbvw65.4,v4,dataset-20260508.zip,049591afd4fc3529aedbd31ef9119f5ec0601ebcb8cbbd4a25b7e883fde147ce,d2-v4-stage2b5-v1,12_freeze_d2_protocol.py@1 + 10_prepare_d2_freeze_candidate.py@1,a587d1d3cf826ec476fe91356f472b4a1a2b78eca51376c392fc16846b825caf,1db875a1eb10d95d654d0f2d27a52815794db0d8,13436313853456744620,3589472428,70/15/15,train,IMG_12800.jpg,dataset-20260508/train/IMG_12800.jpg,dataset-20260508/train.json,original,sg-0514,gc-0499,one plain original per evidence source group; no dataset resize/offline augmentation; pipeline online only,plain_base,none,true,,valid three-class raw regions; U01 drop raw region #3; standard background/FP; no ignore region,,test,0,0,1,1,0
10.17632/gfcmdbvw65.4,v4,dataset-20260508.zip,049591afd4fc3529aedbd31ef9119f5ec0601ebcb8cbbd4a25b7e883fde147ce,d2-v4-stage2b5-v1,12_freeze_d2_protocol.py@1 + 10_prepare_d2_freeze_candidate.py@1,a587d1d3cf826ec476fe91356f472b4a1a2b78eca51376c392fc16846b825caf,1db875a1eb10d95d654d0f2d27a52815794db0d8,13436313853456744620,3589472428,70/15/15,train,IMG_1282.jpg,dataset-20260508/train/IMG_1282.jpg,dataset-20260508/train.json,original,sg-0516,gc-0501,one plain original per evidence source group; no dataset resize/offline augmentation; pipeline online only,plain_base,none,true,,valid three-class raw regions; U01 drop raw region #3; standard background/FP; no ignore region,,train,0,0,2,2,0
10.17632/gfcmdbvw65.4,v4,dataset-20260508.zip,049591afd4fc3529aedbd31ef9119f5ec0601ebcb8cbbd4a25b7e883fde147ce,d2-v4-stage2b5-v1,12_freeze_d2_protocol.py@1 + 10_prepare_d2_freeze_candidate.py@1,a587d1d3cf826ec476fe91356f472b4a1a2b78eca51376c392fc16846b825caf,1db875a1eb10d95d654d0f2d27a52815794db0d8,13436313853456744620,3589472428,70/15/15,train,IMG_1284.jpg,dataset-20260508/train/IMG_1284.jpg,dataset-20260508/train.json,original,sg-0517,gc-0502,one plain original per evidence source group; no dataset resize/offline augmentation; pipeline online only,plain_base,none,true,,valid three-class raw regions; U01 drop raw region #3; standard background/FP; no ignore region,,train,0,0,1,1,0
10.17632/gfcmdbvw65.4,v4,dataset-20260508.zip,049591afd4fc3529aedbd31ef9119f5ec0601ebcb8cbbd4a25b7e883fde147ce,d2-v4-stage2b5-v1,12_freeze_d2_protocol.py@1 + 10_prepare_d2_freeze_candidate.py@1,a587d1d3cf826ec476fe91356f472b4a1a2b78eca51376c392fc16846b825caf,1db875a1eb10d95d654d0f2d27a52815794db0d8,13436313853456744620,3589472428,70/15/15,train,IMG_1286.jpg,dataset-20260508/train/IMG_1286.jpg,dataset-20260508/train.json,original,sg-0518,gc-0503,one plain original per evidence source group; no dataset resize/offline augmentation; pipeline online only,plain_base,none,true,,valid three-class raw regions; U01 drop raw region #3; standard background/FP; no ignore region,,train,0,0,1,1,0
10.17632/gfcmdbvw65.4,v4,dataset-20260508.zip,049591afd4fc3529aedbd31ef9119f5ec0601ebcb8cbbd4a25b7e883fde147ce,d2-v4-stage2b5-v1,12_freeze_d2_protocol.py@1 + 10_prepare_d2_freeze_candidate.py@1,a587d1d3cf826ec476fe91356f472b4a1a2b78eca51376c392fc16846b825caf,1db875a1eb10d95d654d0f2d27a52815794db0d8,13436313853456744620,3589472428,70/15/15,train,IMG_1287.jpg,dataset-20260508/train/IMG_1287.jpg,dataset-20260508/train.json,original,sg-0519,gc-0504,one plain original per evidence source group; no dataset resize/offline augmentation; pipeline online only,plain_base,none,true,,valid three-class raw regions; U01 drop raw region #3; standard background/FP; no ignore region,,test,0,0,1,1,0
10.17632/gfcmdbvw65.4,v4,dataset-20260508.zip,049591afd4fc3529aedbd31ef9119f5ec0601ebcb8cbbd4a25b7e883fde147ce,d2-v4-stage2b5-v1,12_freeze_d2_protocol.py@1 + 10_prepare_d2_freeze_candidate.py@1,a587d1d3cf826ec476fe91356f472b4a1a2b78eca51376c392fc16846b825caf,1db875a1eb10d95d654d0f2d27a52815794db0d8,13436313853456744620,3589472428,70/15/15,train,IMG_12890.jpg,dataset-20260508/train/IMG_12890.jpg,dataset-20260508/train.json,original,sg-0520,gc-0505,one plain original per evidence source group; no dataset resize/offline augmentation; pipeline online only,plain_base,none,true,,valid three-class raw regions; U01 drop raw region #3; standard background/FP; no ignore region,,val,2,1,0,3,1
10.17632/gfcmdbvw65.4,v4,dataset-20260508.zip,049591afd4fc3529aedbd31ef9119f5ec0601ebcb8cbbd4a25b7e883fde147ce,d2-v4-stage2b5-v1,12_freeze_d2_protocol.py@1 + 10_prepare_d2_freeze_candidate.py@1,a587d1d3cf826ec476fe91356f472b4a1a2b78eca51376c392fc16846b825caf,1db875a1eb10d95d654d0f2d27a52815794db0d8,13436313853456744620,3589472428,70/15/15,train,IMG_12900.jpg,dataset-20260508/train/IMG_12900.jpg,dataset-20260508/train.json,original,sg-0521,gc-0506,one plain original per evidence source group; no dataset resize/offline augmentation; pipeline online only,plain_base,none,true,,valid three-class raw regions; U01 drop raw region #3; standard background/FP; no ignore region,,train,2,1,0,3,1
10.17632/gfcmdbvw65.4,v4,dataset-20260508.zip,049591afd4fc3529aedbd31ef9119f5ec0601ebcb8cbbd4a25b7e883fde147ce,d2-v4-stage2b5-v1,12_freeze_d2_protocol.py@1 + 10_prepare_d2_freeze_candidate.py@1,a587d1d3cf826ec476fe91356f472b4a1a2b78eca51376c392fc16846b825caf,1db875a1eb10d95d654d0f2d27a52815794db0d8,13436313853456744620,3589472428,70/15/15,train,IMG_12910.jpg,dataset-20260508/train/IMG_12910.jpg,dataset-20260508/train.json,original,sg-0522,gc-0507,one plain original per evidence source group; no dataset resize/offline augmentation; pipeline online only,plain_base,none,true,,valid three-class raw regions; U01 drop raw region #3; standard background/FP; no ignore region,,train,1,1,0,2,1
10.17632/gfcmdbvw65.4,v4,dataset-20260508.zip,049591afd4fc3529aedbd31ef9119f5ec0601ebcb8cbbd4a25b7e883fde147ce,d2-v4-stage2b5-v1,12_freeze_d2_protocol.py@1 + 10_prepare_d2_freeze_candidate.py@1,a587d1d3cf826ec476fe91356f472b4a1a2b78eca51376c392fc16846b825caf,1db875a1eb10d95d654d0f2d27a52815794db0d8,13436313853456744620,3589472428,70/15/15,train,IMG_12920.jpg,dataset-20260508/train/IMG_12920.jpg,dataset-20260508/train.json,original,sg-0523,gc-0508,one plain original per evidence source group; no dataset resize/offline augmentation; pipeline online only,plain_base,none,true,,valid three-class raw regions; U01 drop raw region #3; standard background/FP; no ignore region,,val,1,1,0,2,1
10.17632/gfcmdbvw65.4,v4,dataset-20260508.zip,049591afd4fc3529aedbd31ef9119f5ec0601ebcb8cbbd4a25b7e883fde147ce,d2-v4-stage2b5-v1,12_freeze_d2_protocol.py@1 + 10_prepare_d2_freeze_candidate.py@1,a587d1d3cf826ec476fe91356f472b4a1a2b78eca51376c392fc16846b825caf,1db875a1eb10d95d654d0f2d27a52815794db0d8,13436313853456744620,3589472428,70/15/15,train,IMG_12940.jpg,dataset-20260508/train/IMG_12940.jpg,dataset-20260508/train.json,original,sg-0524,gc-0509,one plain original per evidence source group; no dataset resize/offline augmentation; pipeline online only,plain_base,none,true,,valid three-class raw regions; U01 drop raw region #3; standard background/FP; no ignore region,,val,2,2,0,4,1
10.17632/gfcmdbvw65.4,v4,dataset-20260508.zip,049591afd4fc3529aedbd31ef9119f5ec0601ebcb8cbbd4a25b7e883fde147ce,d2-v4-stage2b5-v1,12_freeze_d2_protocol.py@1 + 10_prepare_d2_freeze_candidate.py@1,a587d1d3cf826ec476fe91356f472b4a1a2b78eca51376c392fc16846b825caf,1db875a1eb10d95d654d0f2d27a52815794db0d8,13436313853456744620,3589472428,70/15/15,train,IMG_12950.jpg,dataset-20260508/train/IMG_12950.jpg,dataset-20260508/train.json,original,sg-0525,gc-0510,one plain original per evidence source group; no dataset resize/offline augmentation; pipeline online only,plain_base,none,true,,valid three-class raw regions; U01 drop raw region #3; standard background/FP; no ignore region,,val,0,1,0,1,0
10.17632/gfcmdbvw65.4,v4,dataset-20260508.zip,049591afd4fc3529aedbd31ef9119f5ec0601ebcb8cbbd4a25b7e883fde147ce,d2-v4-stage2b5-v1,12_freeze_d2_protocol.py@1 + 10_prepare_d2_freeze_candidate.py@1,a587d1d3cf826ec476fe91356f472b4a1a2b78eca51376c392fc16846b825caf,1db875a1eb10d95d654d0f2d27a52815794db0d8,13436313853456744620,3589472428,70/15/15,train,IMG_12960.jpg,dataset-20260508/train/IMG_12960.jpg,dataset-20260508/train.json,original,sg-0526,gc-0511,one plain original per evidence source group; no dataset resize/offline augmentation; pipeline online only,plain_base,none,true,,valid three-class raw regions; U01 drop raw region #3; standard background/FP; no ignore region,,train,0,1,0,1,0
10.17632/gfcmdbvw65.4,v4,dataset-20260508.zip,049591afd4fc3529aedbd31ef9119f5ec0601ebcb8cbbd4a25b7e883fde147ce,d2-v4-stage2b5-v1,12_freeze_d2_protocol.py@1 + 10_prepare_d2_freeze_candidate.py@1,a587d1d3cf826ec476fe91356f472b4a1a2b78eca51376c392fc16846b825caf,1db875a1eb10d95d654d0f2d27a52815794db0d8,13436313853456744620,3589472428,70/15/15,train,IMG_12970.jpg,dataset-20260508/train/IMG_12970.jpg,dataset-20260508/train.json,original,sg-0527,gc-0512,one plain original per evidence source group; no dataset resize/offline augmentation; pipeline online only,plain_base,none,true,,valid three-class raw regions; U01 drop raw region #3; standard background/FP; no ignore region,,train,0,1,0,1,0
10.17632/gfcmdbvw65.4,v4,dataset-20260508.zip,049591afd4fc3529aedbd31ef9119f5ec0601ebcb8cbbd4a25b7e883fde147ce,d2-v4-stage2b5-v1,12_freeze_d2_protocol.py@1 + 10_prepare_d2_freeze_candidate.py@1,a587d1d3cf826ec476fe91356f472b4a1a2b78eca51376c392fc16846b825caf,1db875a1eb10d95d654d0f2d27a52815794db0d8,13436313853456744620,3589472428,70/15/15,train,IMG_12980.jpg,dataset-20260508/train/IMG_12980.jpg,dataset-20260508/train.json,original,sg-0528,gc-0513,one plain original per evidence source group; no dataset resize/offline augmentation; pipeline online only,plain_base,none,true,,valid three-class raw regions; U01 drop raw region #3; standard background/FP; no ignore region,,train,0,1,0,1,0
10.17632/gfcmdbvw65.4,v4,dataset-20260508.zip,049591afd4fc3529aedbd31ef9119f5ec0601ebcb8cbbd4a25b7e883fde147ce,d2-v4-stage2b5-v1,12_freeze_d2_protocol.py@1 + 10_prepare_d2_freeze_candidate.py@1,a587d1d3cf826ec476fe91356f472b4a1a2b78eca51376c392fc16846b825caf,1db875a1eb10d95d654d0f2d27a52815794db0d8,13436313853456744620,3589472428,70/15/15,train,IMG_12990.jpg,dataset-20260508/train/IMG_12990.jpg,dataset-20260508/train.json,original,sg-0529,gc-0514,one plain original per evidence source group; no dataset resize/offline augmentation; pipeline online only,plain_base,none,true,,valid three-class raw regions; U01 drop raw region #3; standard background/FP; no ignore region,,val,1,1,0,2,1
10.17632/gfcmdbvw65.4,v4,dataset-20260508.zip,049591afd4fc3529aedbd31ef9119f5ec0601ebcb8cbbd4a25b7e883fde147ce,d2-v4-stage2b5-v1,12_freeze_d2_protocol.py@1 + 10_prepare_d2_freeze_candidate.py@1,a587d1d3cf826ec476fe91356f472b4a1a2b78eca51376c392fc16846b825caf,1db875a1eb10d95d654d0f2d27a52815794db0d8,13436313853456744620,3589472428,70/15/15,train,IMG_13000.jpg,dataset-20260508/train/IMG_13000.jpg,dataset-20260508/train.json,original,sg-0530,gc-0515,one plain original per evidence source group; no dataset resize/offline augmentation; pipeline online only,plain_base,none,true,,valid three-class raw regions; U01 drop raw region #3; standard background/FP; no ignore region,,train,1,1,0,2,1
10.17632/gfcmdbvw65.4,v4,dataset-20260508.zip,049591afd4fc3529aedbd31ef9119f5ec0601ebcb8cbbd4a25b7e883fde147ce,d2-v4-stage2b5-v1,12_freeze_d2_protocol.py@1 + 10_prepare_d2_freeze_candidate.py@1,a587d1d3cf826ec476fe91356f472b4a1a2b78eca51376c392fc16846b825caf,1db875a1eb10d95d654d0f2d27a52815794db0d8,13436313853456744620,3589472428,70/15/15,train,IMG_13010.jpg,dataset-20260508/train/IMG_13010.jpg,dataset-20260508/train.json,original,sg-0531,gc-0516,one plain original per evidence source group; no dataset resize/offline augmentation; pipeline online only,plain_base,none,true,,valid three-class raw regions; U01 drop raw region #3; standard background/FP; no ignore region,,train,1,0,0,1,0
10.17632/gfcmdbvw65.4,v4,dataset-20260508.zip,049591afd4fc3529aedbd31ef9119f5ec0601ebcb8cbbd4a25b7e883fde147ce,d2-v4-stage2b5-v1,12_freeze_d2_protocol.py@1 + 10_prepare_d2_freeze_candidate.py@1,a587d1d3cf826ec476fe91356f472b4a1a2b78eca51376c392fc16846b825caf,1db875a1eb10d95d654d0f2d27a52815794db0d8,13436313853456744620,3589472428,70/15/15,train,IMG_13020.jpg,dataset-20260508/train/IMG_13020.jpg,dataset-20260508/train.json,original,sg-0532,gc-0517,one plain original per evidence source group; no dataset resize/offline augmentation; pipeline online only,plain_base,none,true,,valid three-class raw regions; U01 drop raw region #3; standard background/FP; no ignore region,,train,1,0,0,1,0
10.17632/gfcmdbvw65.4,v4,dataset-20260508.zip,049591afd4fc3529aedbd31ef9119f5ec0601ebcb8cbbd4a25b7e883fde147ce,d2-v4-stage2b5-v1,12_freeze_d2_protocol.py@1 + 10_prepare_d2_freeze_candidate.py@1,a587d1d3cf826ec476fe91356f472b4a1a2b78eca51376c392fc16846b825caf,1db875a1eb10d95d654d0f2d27a52815794db0d8,13436313853456744620,3589472428,70/15/15,train,IMG_13030.jpg,dataset-20260508/train/IMG_13030.jpg,dataset-20260508/train.json,original,sg-0533,gc-0518,one plain original per evidence source group; no dataset resize/offline augmentation; pipeline online only,plain_base,none,true,,valid three-class raw regions; U01 drop raw region #3; standard background/FP; no ignore region,,train,0,1,0,1,0
10.17632/gfcmdbvw65.4,v4,dataset-20260508.zip,049591afd4fc3529aedbd31ef9119f5ec0601ebcb8cbbd4a25b7e883fde147ce,d2-v4-stage2b5-v1,12_freeze_d2_protocol.py@1 + 10_prepare_d2_freeze_candidate.py@1,a587d1d3cf826ec476fe91356f472b4a1a2b78eca51376c392fc16846b825caf,1db875a1eb10d95d654d0f2d27a52815794db0d8,13436313853456744620,3589472428,70/15/15,train,IMG_1305.jpg,dataset-20260508/train/IMG_1305.jpg,dataset-20260508/train.json,original,sg-0534,gc-0519,one plain original per evidence source group; no dataset resize/offline augmentation; pipeline online only,plain_base,none,true,,valid three-class raw regions; U01 drop raw region #3; standard background/FP; no ignore region,,test,0,1,0,1,0
10.17632/gfcmdbvw65.4,v4,dataset-20260508.zip,049591afd4fc3529aedbd31ef9119f5ec0601ebcb8cbbd4a25b7e883fde147ce,d2-v4-stage2b5-v1,12_freeze_d2_protocol.py@1 + 10_prepare_d2_freeze_candidate.py@1,a587d1d3cf826ec476fe91356f472b4a1a2b78eca51376c392fc16846b825caf,1db875a1eb10d95d654d0f2d27a52815794db0d8,13436313853456744620,3589472428,70/15/15,train,IMG_13070.jpg,dataset-20260508/train/IMG_13070.jpg,dataset-20260508/train.json,original,sg-0535,gc-0520,one plain original per evidence source group; no dataset resize/offline augmentation; pipeline online only,plain_base,none,true,,valid three-class raw regions; U01 drop raw region #3; standard background/FP; no ignore region,,train,0,0,1,1,0
10.17632/gfcmdbvw65.4,v4,dataset-20260508.zip,049591afd4fc3529aedbd31ef9119f5ec0601ebcb8cbbd4a25b7e883fde147ce,d2-v4-stage2b5-v1,12_freeze_d2_protocol.py@1 + 10_prepare_d2_freeze_candidate.py@1,a587d1d3cf826ec476fe91356f472b4a1a2b78eca51376c392fc16846b825caf,1db875a1eb10d95d654d0f2d27a52815794db0d8,13436313853456744620,3589472428,70/15/15,train,IMG_13080.jpg,dataset-20260508/train/IMG_13080.jpg,dataset-20260508/train.json,original,sg-0536,gc-0521,one plain original per evidence source group; no dataset resize/offline augmentation; pipeline online only,plain_base,none,true,,valid three-class raw regions; U01 drop raw region #3; standard background/FP; no ignore region,,train,0,1,0,1,0
10.17632/gfcmdbvw65.4,v4,dataset-20260508.zip,049591afd4fc3529aedbd31ef9119f5ec0601ebcb8cbbd4a25b7e883fde147ce,d2-v4-stage2b5-v1,12_freeze_d2_protocol.py@1 + 10_prepare_d2_freeze_candidate.py@1,a587d1d3cf826ec476fe91356f472b4a1a2b78eca51376c392fc16846b825caf,1db875a1eb10d95d654d0f2d27a52815794db0d8,13436313853456744620,3589472428,70/15/15,train,IMG_13100.jpg,dataset-20260508/train/IMG_13100.jpg,dataset-20260508/train.json,original,sg-0537,gc-0522,one plain original per evidence source group; no dataset resize/offline augmentation; pipeline online only,plain_base,none,true,,valid three-class raw regions; U01 drop raw region #3; standard background/FP; no ignore region,,val,0,0,1,1,0
10.17632/gfcmdbvw65.4,v4,dataset-20260508.zip,049591afd4fc3529aedbd31ef9119f5ec0601ebcb8cbbd4a25b7e883fde147ce,d2-v4-stage2b5-v1,12_freeze_d2_protocol.py@1 + 10_prepare_d2_freeze_candidate.py@1,a587d1d3cf826ec476fe91356f472b4a1a2b78eca51376c392fc16846b825caf,1db875a1eb10d95d654d0f2d27a52815794db0d8,13436313853456744620,3589472428,70/15/15,train,IMG_13120.jpg,dataset-20260508/train/IMG_13120.jpg,dataset-20260508/train.json,original,sg-0538,gc-0523,one plain original per evidence source group; no dataset resize/offline augmentation; pipeline online only,plain_base,none,true,,valid three-class raw regions; U01 drop raw region #3; standard background/FP; no ignore region,,train,0,0,1,1,0
10.17632/gfcmdbvw65.4,v4,dataset-20260508.zip,049591afd4fc3529aedbd31ef9119f5ec0601ebcb8cbbd4a25b7e883fde147ce,d2-v4-stage2b5-v1,12_freeze_d2_protocol.py@1 + 10_prepare_d2_freeze_candidate.py@1,a587d1d3cf826ec476fe91356f472b4a1a2b78eca51376c392fc16846b825caf,1db875a1eb10d95d654d0f2d27a52815794db0d8,13436313853456744620,3589472428,70/15/15,train,IMG_13140.jpg,dataset-20260508/train/IMG_13140.jpg,dataset-20260508/train.json,original,sg-0539,gc-0524,one plain original per evidence source group; no dataset resize/offline augmentation; pipeline online only,plain_base,none,true,,valid three-class raw regions; U01 drop raw region #3; standard background/FP; no ignore region,,test,0,0,1,1,0
10.17632/gfcmdbvw65.4,v4,dataset-20260508.zip,049591afd4fc3529aedbd31ef9119f5ec0601ebcb8cbbd4a25b7e883fde147ce,d2-v4-stage2b5-v1,12_freeze_d2_protocol.py@1 + 10_prepare_d2_freeze_candidate.py@1,a587d1d3cf826ec476fe91356f472b4a1a2b78eca51376c392fc16846b825caf,1db875a1eb10d95d654d0f2d27a52815794db0d8,13436313853456744620,3589472428,70/15/15,train,IMG_13160.jpg,dataset-20260508/train/IMG_13160.jpg,dataset-20260508/train.json,original,sg-0540,gc-0525,one plain original per evidence source group; no dataset resize/offline augmentation; pipeline online only,plain_base,none,true,,valid three-class raw regions; U01 drop raw region #3; standard background/FP; no ignore region,,test,0,0,1,1,0
10.17632/gfcmdbvw65.4,v4,dataset-20260508.zip,049591afd4fc3529aedbd31ef9119f5ec0601ebcb8cbbd4a25b7e883fde147ce,d2-v4-stage2b5-v1,12_freeze_d2_protocol.py@1 + 10_prepare_d2_freeze_candidate.py@1,a587d1d3cf826ec476fe91356f472b4a1a2b78eca51376c392fc16846b825caf,1db875a1eb10d95d654d0f2d27a52815794db0d8,13436313853456744620,3589472428,70/15/15,train,IMG_13170.jpg,dataset-20260508/train/IMG_13170.jpg,dataset-20260508/train.json,original,sg-0541,gc-0526,one plain original per evidence source group; no dataset resize/offline augmentation; pipeline online only,plain_base,none,true,,valid three-class raw regions; U01 drop raw region #3; standard background/FP; no ignore region,,train,0,0,1,1,0
10.17632/gfcmdbvw65.4,v4,dataset-20260508.zip,049591afd4fc3529aedbd31ef9119f5ec0601ebcb8cbbd4a25b7e883fde147ce,d2-v4-stage2b5-v1,12_freeze_d2_protocol.py@1 + 10_prepare_d2_freeze_candidate.py@1,a587d1d3cf826ec476fe91356f472b4a1a2b78eca51376c392fc16846b825caf,1db875a1eb10d95d654d0f2d27a52815794db0d8,13436313853456744620,3589472428,70/15/15,train,IMG_13200.jpg,dataset-20260508/train/IMG_13200.jpg,dataset-20260508/train.json,original,sg-0542,gc-0527,one plain original per evidence source group; no dataset resize/offline augmentation; pipeline online only,plain_base,none,true,,valid three-class raw regions; U01 drop raw region #3; standard background/FP; no ignore region,,val,0,0,1,1,0
10.17632/gfcmdbvw65.4,v4,dataset-20260508.zip,049591afd4fc3529aedbd31ef9119f5ec0601ebcb8cbbd4a25b7e883fde147ce,d2-v4-stage2b5-v1,12_freeze_d2_protocol.py@1 + 10_prepare_d2_freeze_candidate.py@1,a587d1d3cf826ec476fe91356f472b4a1a2b78eca51376c392fc16846b825caf,1db875a1eb10d95d654d0f2d27a52815794db0d8,13436313853456744620,3589472428,70/15/15,train,IMG_13210.jpg,dataset-20260508/train/IMG_13210.jpg,dataset-20260508/train.json,original,sg-0543,gc-0528,one plain original per evidence source group; no dataset resize/offline augmentation; pipeline online only,plain_base,none,true,,valid three-class raw regions; U01 drop raw region #3; standard background/FP; no ignore region,,test,0,0,1,1,0
10.17632/gfcmdbvw65.4,v4,dataset-20260508.zip,049591afd4fc3529aedbd31ef9119f5ec0601ebcb8cbbd4a25b7e883fde147ce,d2-v4-stage2b5-v1,12_freeze_d2_protocol.py@1 + 10_prepare_d2_freeze_candidate.py@1,a587d1d3cf826ec476fe91356f472b4a1a2b78eca51376c392fc16846b825caf,1db875a1eb10d95d654d0f2d27a52815794db0d8,13436313853456744620,3589472428,70/15/15,train,IMG_13230.jpg,dataset-20260508/train/IMG_13230.jpg,dataset-20260508/train.json,original,sg-0544,gc-0529,one plain original per evidence source group; no dataset resize/offline augmentation; pipeline online only,plain_base,none,true,,valid three-class raw regions; U01 drop raw region #3; standard background/FP; no ignore region,,test,0,0,1,1,0
10.17632/gfcmdbvw65.4,v4,dataset-20260508.zip,049591afd4fc3529aedbd31ef9119f5ec0601ebcb8cbbd4a25b7e883fde147ce,d2-v4-stage2b5-v1,12_freeze_d2_protocol.py@1 + 10_prepare_d2_freeze_candidate.py@1,a587d1d3cf826ec476fe91356f472b4a1a2b78eca51376c392fc16846b825caf,1db875a1eb10d95d654d0f2d27a52815794db0d8,13436313853456744620,3589472428,70/15/15,train,IMG_13240.jpg,dataset-20260508/train/IMG_13240.jpg,dataset-20260508/train.json,original,sg-0545,gc-0530,one plain original per evidence source group; no dataset resize/offline augmentation; pipeline online only,plain_base,none,true,,valid three-class raw regions; U01 drop raw region #3; standard background/FP; no ignore region,,train,0,0,1,1,0
10.17632/gfcmdbvw65.4,v4,dataset-20260508.zip,049591afd4fc3529aedbd31ef9119f5ec0601ebcb8cbbd4a25b7e883fde147ce,d2-v4-stage2b5-v1,12_freeze_d2_protocol.py@1 + 10_prepare_d2_freeze_candidate.py@1,a587d1d3cf826ec476fe91356f472b4a1a2b78eca51376c392fc16846b825caf,1db875a1eb10d95d654d0f2d27a52815794db0d8,13436313853456744620,3589472428,70/15/15,train,IMG_13250.jpg,dataset-20260508/train/IMG_13250.jpg,dataset-20260508/train.json,original,sg-0546,gc-0531,one plain original per evidence source group; no dataset resize/offline augmentation; pipeline online only,plain_base,none,true,,valid three-class raw regions; U01 drop raw region #3; standard background/FP; no ignore region,,train,0,0,1,1,0
10.17632/gfcmdbvw65.4,v4,dataset-20260508.zip,049591afd4fc3529aedbd31ef9119f5ec0601ebcb8cbbd4a25b7e883fde147ce,d2-v4-stage2b5-v1,12_freeze_d2_protocol.py@1 + 10_prepare_d2_freeze_candidate.py@1,a587d1d3cf826ec476fe91356f472b4a1a2b78eca51376c392fc16846b825caf,1db875a1eb10d95d654d0f2d27a52815794db0d8,13436313853456744620,3589472428,70/15/15,train,IMG_13300.jpg,dataset-20260508/train/IMG_13300.jpg,dataset-20260508/train.json,original,sg-0547,gc-0532,one plain original per evidence source group; no dataset resize/offline augmentation; pipeline online only,plain_base,none,true,,valid three-class raw regions; U01 drop raw region #3; standard background/FP; no ignore region,,train,0,0,1,1,0
10.17632/gfcmdbvw65.4,v4,dataset-20260508.zip,049591afd4fc3529aedbd31ef9119f5ec0601ebcb8cbbd4a25b7e883fde147ce,d2-v4-stage2b5-v1,12_freeze_d2_protocol.py@1 + 10_prepare_d2_freeze_candidate.py@1,a587d1d3cf826ec476fe91356f472b4a1a2b78eca51376c392fc16846b825caf,1db875a1eb10d95d654d0f2d27a52815794db0d8,13436313853456744620,3589472428,70/15/15,train,IMG_13350.jpg,dataset-20260508/train/IMG_13350.jpg,dataset-20260508/train.json,original,sg-0548,gc-0533,one plain original per evidence source group; no dataset resize/offline augmentation; pipeline online only,plain_base,none,true,,valid three-class raw regions; U01 drop raw region #3; standard background/FP; no ignore region,,test,0,0,1,1,0
10.17632/gfcmdbvw65.4,v4,dataset-20260508.zip,049591afd4fc3529aedbd31ef9119f5ec0601ebcb8cbbd4a25b7e883fde147ce,d2-v4-stage2b5-v1,12_freeze_d2_protocol.py@1 + 10_prepare_d2_freeze_candidate.py@1,a587d1d3cf826ec476fe91356f472b4a1a2b78eca51376c392fc16846b825caf,1db875a1eb10d95d654d0f2d27a52815794db0d8,13436313853456744620,3589472428,70/15/15,train,IMG_13370.jpg,dataset-20260508/train/IMG_13370.jpg,dataset-20260508/train.json,original,sg-0549,gc-0534,one plain original per evidence source group; no dataset resize/offline augmentation; pipeline online only,plain_base,none,true,,valid three-class raw regions; U01 drop raw region #3; standard background/FP; no ignore region,,train,0,0,1,1,0
10.17632/gfcmdbvw65.4,v4,dataset-20260508.zip,049591afd4fc3529aedbd31ef9119f5ec0601ebcb8cbbd4a25b7e883fde147ce,d2-v4-stage2b5-v1,12_freeze_d2_protocol.py@1 + 10_prepare_d2_freeze_candidate.py@1,a587d1d3cf826ec476fe91356f472b4a1a2b78eca51376c392fc16846b825caf,1db875a1eb10d95d654d0f2d27a52815794db0d8,13436313853456744620,3589472428,70/15/15,train,IMG_13390.jpg,dataset-20260508/train/IMG_13390.jpg,dataset-20260508/train.json,original,sg-0550,gc-0535,one plain original per evidence source group; no dataset resize/offline augmentation; pipeline online only,plain_base,none,true,,valid three-class raw regions; U01 drop raw region #3; standard background/FP; no ignore region,,test,0,0,1,1,0
10.17632/gfcmdbvw65.4,v4,dataset-20260508.zip,049591afd4fc3529aedbd31ef9119f5ec0601ebcb8cbbd4a25b7e883fde147ce,d2-v4-stage2b5-v1,12_freeze_d2_protocol.py@1 + 10_prepare_d2_freeze_candidate.py@1,a587d1d3cf826ec476fe91356f472b4a1a2b78eca51376c392fc16846b825caf,1db875a1eb10d95d654d0f2d27a52815794db0d8,13436313853456744620,3589472428,70/15/15,train,IMG_13450.jpg,dataset-20260508/train/IMG_13450.jpg,dataset-20260508/train.json,original,sg-0551,gc-0536,one plain original per evidence source group; no dataset resize/offline augmentation; pipeline online only,plain_base,none,true,,valid three-class raw regions; U01 drop raw region #3; standard background/FP; no ignore region,,test,0,0,1,1,0
10.17632/gfcmdbvw65.4,v4,dataset-20260508.zip,049591afd4fc3529aedbd31ef9119f5ec0601ebcb8cbbd4a25b7e883fde147ce,d2-v4-stage2b5-v1,12_freeze_d2_protocol.py@1 + 10_prepare_d2_freeze_candidate.py@1,a587d1d3cf826ec476fe91356f472b4a1a2b78eca51376c392fc16846b825caf,1db875a1eb10d95d654d0f2d27a52815794db0d8,13436313853456744620,3589472428,70/15/15,train,IMG_13470.jpg,dataset-20260508/train/IMG_13470.jpg,dataset-20260508/train.json,original,sg-0552,gc-0537,one plain original per evidence source group; no dataset resize/offline augmentation; pipeline online only,plain_base,none,true,,valid three-class raw regions; U01 drop raw region #3; standard background/FP; no ignore region,,train,0,1,0,1,0
10.17632/gfcmdbvw65.4,v4,dataset-20260508.zip,049591afd4fc3529aedbd31ef9119f5ec0601ebcb8cbbd4a25b7e883fde147ce,d2-v4-stage2b5-v1,12_freeze_d2_protocol.py@1 + 10_prepare_d2_freeze_candidate.py@1,a587d1d3cf826ec476fe91356f472b4a1a2b78eca51376c392fc16846b825caf,1db875a1eb10d95d654d0f2d27a52815794db0d8,13436313853456744620,3589472428,70/15/15,train,IMG_13480.jpg,dataset-20260508/train/IMG_13480.jpg,dataset-20260508/train.json,original,sg-0553,gc-0538,one plain original per evidence source group; no dataset resize/offline augmentation; pipeline online only,plain_base,none,true,,valid three-class raw regions; U01 drop raw region #3; standard background/FP; no ignore region,,train,1,0,0,1,0
10.17632/gfcmdbvw65.4,v4,dataset-20260508.zip,049591afd4fc3529aedbd31ef9119f5ec0601ebcb8cbbd4a25b7e883fde147ce,d2-v4-stage2b5-v1,12_freeze_d2_protocol.py@1 + 10_prepare_d2_freeze_candidate.py@1,a587d1d3cf826ec476fe91356f472b4a1a2b78eca51376c392fc16846b825caf,1db875a1eb10d95d654d0f2d27a52815794db0d8,13436313853456744620,3589472428,70/15/15,train,IMG_13490.jpg,dataset-20260508/train/IMG_13490.jpg,dataset-20260508/train.json,original,sg-0554,gc-0539,one plain original per evidence source group; no dataset resize/offline augmentation; pipeline online only,plain_base,none,true,,valid three-class raw regions; U01 drop raw region #3; standard background/FP; no ignore region,,val,1,0,0,1,0
10.17632/gfcmdbvw65.4,v4,dataset-20260508.zip,049591afd4fc3529aedbd31ef9119f5ec0601ebcb8cbbd4a25b7e883fde147ce,d2-v4-stage2b5-v1,12_freeze_d2_protocol.py@1 + 10_prepare_d2_freeze_candidate.py@1,a587d1d3cf826ec476fe91356f472b4a1a2b78eca51376c392fc16846b825caf,1db875a1eb10d95d654d0f2d27a52815794db0d8,13436313853456744620,3589472428,70/15/15,train,IMG_1350.jpg,dataset-20260508/train/IMG_1350.jpg,dataset-20260508/train.json,original,sg-0555,gc-0540,one plain original per evidence source group; no dataset resize/offline augmentation; pipeline online only,plain_base,none,true,,valid three-class raw regions; U01 drop raw region #3; standard background/FP; no ignore region,,test,1,0,0,1,0
10.17632/gfcmdbvw65.4,v4,dataset-20260508.zip,049591afd4fc3529aedbd31ef9119f5ec0601ebcb8cbbd4a25b7e883fde147ce,d2-v4-stage2b5-v1,12_freeze_d2_protocol.py@1 + 10_prepare_d2_freeze_candidate.py@1,a587d1d3cf826ec476fe91356f472b4a1a2b78eca51376c392fc16846b825caf,1db875a1eb10d95d654d0f2d27a52815794db0d8,13436313853456744620,3589472428,70/15/15,train,IMG_1351.jpg,dataset-20260508/train/IMG_1351.jpg,dataset-20260508/train.json,original,sg-0556,gc-0541,one plain original per evidence source group; no dataset resize/offline augmentation; pipeline online only,plain_base,none,true,,valid three-class raw regions; U01 drop raw region #3; standard background/FP; no ignore region,,train,1,0,0,1,0
10.17632/gfcmdbvw65.4,v4,dataset-20260508.zip,049591afd4fc3529aedbd31ef9119f5ec0601ebcb8cbbd4a25b7e883fde147ce,d2-v4-stage2b5-v1,12_freeze_d2_protocol.py@1 + 10_prepare_d2_freeze_candidate.py@1,a587d1d3cf826ec476fe91356f472b4a1a2b78eca51376c392fc16846b825caf,1db875a1eb10d95d654d0f2d27a52815794db0d8,13436313853456744620,3589472428,70/15/15,train,IMG_1352.jpg,dataset-20260508/train/IMG_1352.jpg,dataset-20260508/train.json,original,sg-0557,gc-0542,one plain original per evidence source group; no dataset resize/offline augmentation; pipeline online only,plain_base,none,true,,valid three-class raw regions; U01 drop raw region #3; standard background/FP; no ignore region,,train,0,1,0,1,0
10.17632/gfcmdbvw65.4,v4,dataset-20260508.zip,049591afd4fc3529aedbd31ef9119f5ec0601ebcb8cbbd4a25b7e883fde147ce,d2-v4-stage2b5-v1,12_freeze_d2_protocol.py@1 + 10_prepare_d2_freeze_candidate.py@1,a587d1d3cf826ec476fe91356f472b4a1a2b78eca51376c392fc16846b825caf,1db875a1eb10d95d654d0f2d27a52815794db0d8,13436313853456744620,3589472428,70/15/15,train,IMG_1354.jpg,dataset-20260508/train/IMG_1354.jpg,dataset-20260508/train.json,original,sg-0558,gc-0543,one plain original per evidence source group; no dataset resize/offline augmentation; pipeline online only,plain_base,none,true,,valid three-class raw regions; U01 drop raw region #3; standard background/FP; no ignore region,,train,0,1,0,1,0
10.17632/gfcmdbvw65.4,v4,dataset-20260508.zip,049591afd4fc3529aedbd31ef9119f5ec0601ebcb8cbbd4a25b7e883fde147ce,d2-v4-stage2b5-v1,12_freeze_d2_protocol.py@1 + 10_prepare_d2_freeze_candidate.py@1,a587d1d3cf826ec476fe91356f472b4a1a2b78eca51376c392fc16846b825caf,1db875a1eb10d95d654d0f2d27a52815794db0d8,13436313853456744620,3589472428,70/15/15,train,IMG_13550.jpg,dataset-20260508/train/IMG_13550.jpg,dataset-20260508/train.json,original,sg-0559,gc-0544,one plain original per evidence source group; no dataset resize/offline augmentation; pipeline online only,plain_base,none,true,,valid three-class raw regions; U01 drop raw region #3; standard background/FP; no ignore region,,train,1,1,0,2,1
10.17632/gfcmdbvw65.4,v4,dataset-20260508.zip,049591afd4fc3529aedbd31ef9119f5ec0601ebcb8cbbd4a25b7e883fde147ce,d2-v4-stage2b5-v1,12_freeze_d2_protocol.py@1 + 10_prepare_d2_freeze_candidate.py@1,a587d1d3cf826ec476fe91356f472b4a1a2b78eca51376c392fc16846b825caf,1db875a1eb10d95d654d0f2d27a52815794db0d8,13436313853456744620,3589472428,70/15/15,train,IMG_13560.jpg,dataset-20260508/train/IMG_13560.jpg,dataset-20260508/train.json,original,sg-0560,gc-0545,one plain original per evidence source group; no dataset resize/offline augmentation; pipeline online only,plain_base,none,true,,valid three-class raw regions; U01 drop raw region #3; standard background/FP; no ignore region,,train,1,1,0,2,1
10.17632/gfcmdbvw65.4,v4,dataset-20260508.zip,049591afd4fc3529aedbd31ef9119f5ec0601ebcb8cbbd4a25b7e883fde147ce,d2-v4-stage2b5-v1,12_freeze_d2_protocol.py@1 + 10_prepare_d2_freeze_candidate.py@1,a587d1d3cf826ec476fe91356f472b4a1a2b78eca51376c392fc16846b825caf,1db875a1eb10d95d654d0f2d27a52815794db0d8,13436313853456744620,3589472428,70/15/15,train,IMG_13570.jpg,dataset-20260508/train/IMG_13570.jpg,dataset-20260508/train.json,original,sg-0561,gc-0546,one plain original per evidence source group; no dataset resize/offline augmentation; pipeline online only,plain_base,none,true,,valid three-class raw regions; U01 drop raw region #3; standard background/FP; no ignore region,,train,1,1,0,2,1
10.17632/gfcmdbvw65.4,v4,dataset-20260508.zip,049591afd4fc3529aedbd31ef9119f5ec0601ebcb8cbbd4a25b7e883fde147ce,d2-v4-stage2b5-v1,12_freeze_d2_protocol.py@1 + 10_prepare_d2_freeze_candidate.py@1,a587d1d3cf826ec476fe91356f472b4a1a2b78eca51376c392fc16846b825caf,1db875a1eb10d95d654d0f2d27a52815794db0d8,13436313853456744620,3589472428,70/15/15,train,IMG_13580.jpg,dataset-20260508/train/IMG_13580.jpg,dataset-20260508/train.json,original,sg-0562,gc-0547,one plain original per evidence source group; no dataset resize/offline augmentation; pipeline online only,plain_base,none,true,,valid three-class raw regions; U01 drop raw region #3; standard background/FP; no ignore region,,test,0,1,1,2,1
10.17632/gfcmdbvw65.4,v4,dataset-20260508.zip,049591afd4fc3529aedbd31ef9119f5ec0601ebcb8cbbd4a25b7e883fde147ce,d2-v4-stage2b5-v1,12_freeze_d2_protocol.py@1 + 10_prepare_d2_freeze_candidate.py@1,a587d1d3cf826ec476fe91356f472b4a1a2b78eca51376c392fc16846b825caf,1db875a1eb10d95d654d0f2d27a52815794db0d8,13436313853456744620,3589472428,70/15/15,train,IMG_13600.jpg,dataset-20260508/train/IMG_13600.jpg,dataset-20260508/train.json,original,sg-0563,gc-0548,one plain original per evidence source group; no dataset resize/offline augmentation; pipeline online only,plain_base,none,true,,valid three-class raw regions; U01 drop raw region #3; standard background/FP; no ignore region,,train,0,1,0,1,0
10.17632/gfcmdbvw65.4,v4,dataset-20260508.zip,049591afd4fc3529aedbd31ef9119f5ec0601ebcb8cbbd4a25b7e883fde147ce,d2-v4-stage2b5-v1,12_freeze_d2_protocol.py@1 + 10_prepare_d2_freeze_candidate.py@1,a587d1d3cf826ec476fe91356f472b4a1a2b78eca51376c392fc16846b825caf,1db875a1eb10d95d654d0f2d27a52815794db0d8,13436313853456744620,3589472428,70/15/15,train,IMG_13620.jpg,dataset-20260508/train/IMG_13620.jpg,dataset-20260508/train.json,original,sg-0564,gc-0549,one plain original per evidence source group; no dataset resize/offline augmentation; pipeline online only,plain_base,none,true,,valid three-class raw regions; U01 drop raw region #3; standard background/FP; no ignore region,,train,0,2,0,2,0
10.17632/gfcmdbvw65.4,v4,dataset-20260508.zip,049591afd4fc3529aedbd31ef9119f5ec0601ebcb8cbbd4a25b7e883fde147ce,d2-v4-stage2b5-v1,12_freeze_d2_protocol.py@1 + 10_prepare_d2_freeze_candidate.py@1,a587d1d3cf826ec476fe91356f472b4a1a2b78eca51376c392fc16846b825caf,1db875a1eb10d95d654d0f2d27a52815794db0d8,13436313853456744620,3589472428,70/15/15,train,IMG_13630.jpg,dataset-20260508/train/IMG_13630.jpg,dataset-20260508/train.json,original,sg-0565,gc-0550,one plain original per evidence source group; no dataset resize/offline augmentation; pipeline online only,plain_base,none,true,,valid three-class raw regions; U01 drop raw region #3; standard background/FP; no ignore region,,train,0,1,0,1,0
10.17632/gfcmdbvw65.4,v4,dataset-20260508.zip,049591afd4fc3529aedbd31ef9119f5ec0601ebcb8cbbd4a25b7e883fde147ce,d2-v4-stage2b5-v1,12_freeze_d2_protocol.py@1 + 10_prepare_d2_freeze_candidate.py@1,a587d1d3cf826ec476fe91356f472b4a1a2b78eca51376c392fc16846b825caf,1db875a1eb10d95d654d0f2d27a52815794db0d8,13436313853456744620,3589472428,70/15/15,train,IMG_13640.jpg,dataset-20260508/train/IMG_13640.jpg,dataset-20260508/train.json,original,sg-0566,gc-0551,one plain original per evidence source group; no dataset resize/offline augmentation; pipeline online only,plain_base,none,true,,valid three-class raw regions; U01 drop raw region #3; standard background/FP; no ignore region,,train,0,1,0,1,0
10.17632/gfcmdbvw65.4,v4,dataset-20260508.zip,049591afd4fc3529aedbd31ef9119f5ec0601ebcb8cbbd4a25b7e883fde147ce,d2-v4-stage2b5-v1,12_freeze_d2_protocol.py@1 + 10_prepare_d2_freeze_candidate.py@1,a587d1d3cf826ec476fe91356f472b4a1a2b78eca51376c392fc16846b825caf,1db875a1eb10d95d654d0f2d27a52815794db0d8,13436313853456744620,3589472428,70/15/15,train,IMG_13660.jpg,dataset-20260508/train/IMG_13660.jpg,dataset-20260508/train.json,original,sg-0567,gc-0552,one plain original per evidence source group; no dataset resize/offline augmentation; pipeline online only,plain_base,none,true,,valid three-class raw regions; U01 drop raw region #3; standard background/FP; no ignore region,,train,0,0,1,1,0
10.17632/gfcmdbvw65.4,v4,dataset-20260508.zip,049591afd4fc3529aedbd31ef9119f5ec0601ebcb8cbbd4a25b7e883fde147ce,d2-v4-stage2b5-v1,12_freeze_d2_protocol.py@1 + 10_prepare_d2_freeze_candidate.py@1,a587d1d3cf826ec476fe91356f472b4a1a2b78eca51376c392fc16846b825caf,1db875a1eb10d95d654d0f2d27a52815794db0d8,13436313853456744620,3589472428,70/15/15,train,IMG_13670.jpg,dataset-20260508/train/IMG_13670.jpg,dataset-20260508/train.json,original,sg-0568,gc-0553,one plain original per evidence source group; no dataset resize/offline augmentation; pipeline online only,plain_base,none,true,,valid three-class raw regions; U01 drop raw region #3; standard background/FP; no ignore region,,val,0,0,1,1,0
10.17632/gfcmdbvw65.4,v4,dataset-20260508.zip,049591afd4fc3529aedbd31ef9119f5ec0601ebcb8cbbd4a25b7e883fde147ce,d2-v4-stage2b5-v1,12_freeze_d2_protocol.py@1 + 10_prepare_d2_freeze_candidate.py@1,a587d1d3cf826ec476fe91356f472b4a1a2b78eca51376c392fc16846b825caf,1db875a1eb10d95d654d0f2d27a52815794db0d8,13436313853456744620,3589472428,70/15/15,train,IMG_1369.jpg,dataset-20260508/train/IMG_1369.jpg,dataset-20260508/train.json,original,sg-0569,gc-0554,one plain original per evidence source group; no dataset resize/offline augmentation; pipeline online only,plain_base,none,true,,valid three-class raw regions; U01 drop raw region #3; standard background/FP; no ignore region,,val,0,0,1,1,0
10.17632/gfcmdbvw65.4,v4,dataset-20260508.zip,049591afd4fc3529aedbd31ef9119f5ec0601ebcb8cbbd4a25b7e883fde147ce,d2-v4-stage2b5-v1,12_freeze_d2_protocol.py@1 + 10_prepare_d2_freeze_candidate.py@1,a587d1d3cf826ec476fe91356f472b4a1a2b78eca51376c392fc16846b825caf,1db875a1eb10d95d654d0f2d27a52815794db0d8,13436313853456744620,3589472428,70/15/15,train,IMG_1371.jpg,dataset-20260508/train/IMG_1371.jpg,dataset-20260508/train.json,original,sg-0571,gc-0556,one plain original per evidence source group; no dataset resize/offline augmentation; pipeline online only,plain_base,none,true,,valid three-class raw regions; U01 drop raw region #3; standard background/FP; no ignore region,,test,0,0,1,1,0
10.17632/gfcmdbvw65.4,v4,dataset-20260508.zip,049591afd4fc3529aedbd31ef9119f5ec0601ebcb8cbbd4a25b7e883fde147ce,d2-v4-stage2b5-v1,12_freeze_d2_protocol.py@1 + 10_prepare_d2_freeze_candidate.py@1,a587d1d3cf826ec476fe91356f472b4a1a2b78eca51376c392fc16846b825caf,1db875a1eb10d95d654d0f2d27a52815794db0d8,13436313853456744620,3589472428,70/15/15,train,IMG_13720.jpg,dataset-20260508/train/IMG_13720.jpg,dataset-20260508/train.json,original,sg-0572,gc-0557,one plain original per evidence source group; no dataset resize/offline augmentation; pipeline online only,plain_base,none,true,,valid three-class raw regions; U01 drop raw region #3; standard background/FP; no ignore region,,train,0,0,1,1,0
10.17632/gfcmdbvw65.4,v4,dataset-20260508.zip,049591afd4fc3529aedbd31ef9119f5ec0601ebcb8cbbd4a25b7e883fde147ce,d2-v4-stage2b5-v1,12_freeze_d2_protocol.py@1 + 10_prepare_d2_freeze_candidate.py@1,a587d1d3cf826ec476fe91356f472b4a1a2b78eca51376c392fc16846b825caf,1db875a1eb10d95d654d0f2d27a52815794db0d8,13436313853456744620,3589472428,70/15/15,train,IMG_13730.jpg,dataset-20260508/train/IMG_13730.jpg,dataset-20260508/train.json,original,sg-0573,gc-0558,one plain original per evidence source group; no dataset resize/offline augmentation; pipeline online only,plain_base,none,true,,valid three-class raw regions; U01 drop raw region #3; standard background/FP; no ignore region,,train,0,0,2,2,0
10.17632/gfcmdbvw65.4,v4,dataset-20260508.zip,049591afd4fc3529aedbd31ef9119f5ec0601ebcb8cbbd4a25b7e883fde147ce,d2-v4-stage2b5-v1,12_freeze_d2_protocol.py@1 + 10_prepare_d2_freeze_candidate.py@1,a587d1d3cf826ec476fe91356f472b4a1a2b78eca51376c392fc16846b825caf,1db875a1eb10d95d654d0f2d27a52815794db0d8,13436313853456744620,3589472428,70/15/15,train,IMG_13740.jpg,dataset-20260508/train/IMG_13740.jpg,dataset-20260508/train.json,original,sg-0574,gc-0559,one plain original per evidence source group; no dataset resize/offline augmentation; pipeline online only,plain_base,none,true,,valid three-class raw regions; U01 drop raw region #3; standard background/FP; no ignore region,,val,0,0,3,3,0
10.17632/gfcmdbvw65.4,v4,dataset-20260508.zip,049591afd4fc3529aedbd31ef9119f5ec0601ebcb8cbbd4a25b7e883fde147ce,d2-v4-stage2b5-v1,12_freeze_d2_protocol.py@1 + 10_prepare_d2_freeze_candidate.py@1,a587d1d3cf826ec476fe91356f472b4a1a2b78eca51376c392fc16846b825caf,1db875a1eb10d95d654d0f2d27a52815794db0d8,13436313853456744620,3589472428,70/15/15,train,IMG_13760.jpg,dataset-20260508/train/IMG_13760.jpg,dataset-20260508/train.json,original,sg-0575,gc-0560,one plain original per evidence source group; no dataset resize/offline augmentation; pipeline online only,plain_base,none,true,,valid three-class raw regions; U01 drop raw region #3; standard background/FP; no ignore region,,train,0,0,3,3,0
10.17632/gfcmdbvw65.4,v4,dataset-20260508.zip,049591afd4fc3529aedbd31ef9119f5ec0601ebcb8cbbd4a25b7e883fde147ce,d2-v4-stage2b5-v1,12_freeze_d2_protocol.py@1 + 10_prepare_d2_freeze_candidate.py@1,a587d1d3cf826ec476fe91356f472b4a1a2b78eca51376c392fc16846b825caf,1db875a1eb10d95d654d0f2d27a52815794db0d8,13436313853456744620,3589472428,70/15/15,train,IMG_13790.jpg,dataset-20260508/train/IMG_13790.jpg,dataset-20260508/train.json,original,sg-0576,gc-0561,one plain original per evidence source group; no dataset resize/offline augmentation; pipeline online only,plain_base,none,true,,valid three-class raw regions; U01 drop raw region #3; standard background/FP; no ignore region,,test,0,0,2,2,0
10.17632/gfcmdbvw65.4,v4,dataset-20260508.zip,049591afd4fc3529aedbd31ef9119f5ec0601ebcb8cbbd4a25b7e883fde147ce,d2-v4-stage2b5-v1,12_freeze_d2_protocol.py@1 + 10_prepare_d2_freeze_candidate.py@1,a587d1d3cf826ec476fe91356f472b4a1a2b78eca51376c392fc16846b825caf,1db875a1eb10d95d654d0f2d27a52815794db0d8,13436313853456744620,3589472428,70/15/15,train,IMG_1382.jpg,dataset-20260508/train/IMG_1382.jpg,dataset-20260508/train.json,original,sg-0578,gc-0563,one plain original per evidence source group; no dataset resize/offline augmentation; pipeline online only,plain_base,none,true,,valid three-class raw regions; U01 drop raw region #3; standard background/FP; no ignore region,,train,0,0,2,2,0
10.17632/gfcmdbvw65.4,v4,dataset-20260508.zip,049591afd4fc3529aedbd31ef9119f5ec0601ebcb8cbbd4a25b7e883fde147ce,d2-v4-stage2b5-v1,12_freeze_d2_protocol.py@1 + 10_prepare_d2_freeze_candidate.py@1,a587d1d3cf826ec476fe91356f472b4a1a2b78eca51376c392fc16846b825caf,1db875a1eb10d95d654d0f2d27a52815794db0d8,13436313853456744620,3589472428,70/15/15,train,IMG_13840.jpg,dataset-20260508/train/IMG_13840.jpg,dataset-20260508/train.json,original,sg-0579,gc-0564,one plain original per evidence source group; no dataset resize/offline augmentation; pipeline online only,plain_base,none,true,,valid three-class raw regions; U01 drop raw region #3; standard background/FP; no ignore region,,train,0,1,1,2,1
10.17632/gfcmdbvw65.4,v4,dataset-20260508.zip,049591afd4fc3529aedbd31ef9119f5ec0601ebcb8cbbd4a25b7e883fde147ce,d2-v4-stage2b5-v1,12_freeze_d2_protocol.py@1 + 10_prepare_d2_freeze_candidate.py@1,a587d1d3cf826ec476fe91356f472b4a1a2b78eca51376c392fc16846b825caf,1db875a1eb10d95d654d0f2d27a52815794db0d8,13436313853456744620,3589472428,70/15/15,train,IMG_13860.jpg,dataset-20260508/train/IMG_13860.jpg,dataset-20260508/train.json,original,sg-0580,gc-0565,one plain original per evidence source group; no dataset resize/offline augmentation; pipeline online only,plain_base,none,true,,valid three-class raw regions; U01 drop raw region #3; standard background/FP; no ignore region,,test,0,0,2,2,0
10.17632/gfcmdbvw65.4,v4,dataset-20260508.zip,049591afd4fc3529aedbd31ef9119f5ec0601ebcb8cbbd4a25b7e883fde147ce,d2-v4-stage2b5-v1,12_freeze_d2_protocol.py@1 + 10_prepare_d2_freeze_candidate.py@1,a587d1d3cf826ec476fe91356f472b4a1a2b78eca51376c392fc16846b825caf,1db875a1eb10d95d654d0f2d27a52815794db0d8,13436313853456744620,3589472428,70/15/15,train,IMG_13910.jpg,dataset-20260508/train/IMG_13910.jpg,dataset-20260508/train.json,original,sg-0581,gc-0566,one plain original per evidence source group; no dataset resize/offline augmentation; pipeline online only,plain_base,none,true,,valid three-class raw regions; U01 drop raw region #3; standard background/FP; no ignore region,,train,0,0,1,1,0
10.17632/gfcmdbvw65.4,v4,dataset-20260508.zip,049591afd4fc3529aedbd31ef9119f5ec0601ebcb8cbbd4a25b7e883fde147ce,d2-v4-stage2b5-v1,12_freeze_d2_protocol.py@1 + 10_prepare_d2_freeze_candidate.py@1,a587d1d3cf826ec476fe91356f472b4a1a2b78eca51376c392fc16846b825caf,1db875a1eb10d95d654d0f2d27a52815794db0d8,13436313853456744620,3589472428,70/15/15,train,IMG_1397.jpg,dataset-20260508/train/IMG_1397.jpg,dataset-20260508/train.json,original,sg-0584,gc-0569,one plain original per evidence source group; no dataset resize/offline augmentation; pipeline online only,plain_base,none,true,,valid three-class raw regions; U01 drop raw region #3; standard background/FP; no ignore region,,train,0,0,1,1,0
10.17632/gfcmdbvw65.4,v4,dataset-20260508.zip,049591afd4fc3529aedbd31ef9119f5ec0601ebcb8cbbd4a25b7e883fde147ce,d2-v4-stage2b5-v1,12_freeze_d2_protocol.py@1 + 10_prepare_d2_freeze_candidate.py@1,a587d1d3cf826ec476fe91356f472b4a1a2b78eca51376c392fc16846b825caf,1db875a1eb10d95d654d0f2d27a52815794db0d8,13436313853456744620,3589472428,70/15/15,train,IMG_1399.jpg,dataset-20260508/train/IMG_1399.jpg,dataset-20260508/train.json,original,sg-0585,gc-0570,one plain original per evidence source group; no dataset resize/offline augmentation; pipeline online only,plain_base,none,true,,valid three-class raw regions; U01 drop raw region #3; standard background/FP; no ignore region,,train,0,0,1,1,0
10.17632/gfcmdbvw65.4,v4,dataset-20260508.zip,049591afd4fc3529aedbd31ef9119f5ec0601ebcb8cbbd4a25b7e883fde147ce,d2-v4-stage2b5-v1,12_freeze_d2_protocol.py@1 + 10_prepare_d2_freeze_candidate.py@1,a587d1d3cf826ec476fe91356f472b4a1a2b78eca51376c392fc16846b825caf,1db875a1eb10d95d654d0f2d27a52815794db0d8,13436313853456744620,3589472428,70/15/15,train,IMG_14000.jpg,dataset-20260508/train/IMG_14000.jpg,dataset-20260508/train.json,original,sg-0586,gc-0571,one plain original per evidence source group; no dataset resize/offline augmentation; pipeline online only,plain_base,none,true,,valid three-class raw regions; U01 drop raw region #3; standard background/FP; no ignore region,,train,0,0,1,1,0
10.17632/gfcmdbvw65.4,v4,dataset-20260508.zip,049591afd4fc3529aedbd31ef9119f5ec0601ebcb8cbbd4a25b7e883fde147ce,d2-v4-stage2b5-v1,12_freeze_d2_protocol.py@1 + 10_prepare_d2_freeze_candidate.py@1,a587d1d3cf826ec476fe91356f472b4a1a2b78eca51376c392fc16846b825caf,1db875a1eb10d95d654d0f2d27a52815794db0d8,13436313853456744620,3589472428,70/15/15,train,IMG_14020.jpg,dataset-20260508/train/IMG_14020.jpg,dataset-20260508/train.json,original,sg-0587,gc-0572,one plain original per evidence source group; no dataset resize/offline augmentation; pipeline online only,plain_base,none,true,,valid three-class raw regions; U01 drop raw region #3; standard background/FP; no ignore region,,train,0,0,1,1,0
10.17632/gfcmdbvw65.4,v4,dataset-20260508.zip,049591afd4fc3529aedbd31ef9119f5ec0601ebcb8cbbd4a25b7e883fde147ce,d2-v4-stage2b5-v1,12_freeze_d2_protocol.py@1 + 10_prepare_d2_freeze_candidate.py@1,a587d1d3cf826ec476fe91356f472b4a1a2b78eca51376c392fc16846b825caf,1db875a1eb10d95d654d0f2d27a52815794db0d8,13436313853456744620,3589472428,70/15/15,train,IMG_1406.jpg,dataset-20260508/train/IMG_1406.jpg,dataset-20260508/train.json,original,sg-0589,gc-0574,one plain original per evidence source group; no dataset resize/offline augmentation; pipeline online only,plain_base,none,true,,valid three-class raw regions; U01 drop raw region #3; standard background/FP; no ignore region,,test,0,1,0,1,0
10.17632/gfcmdbvw65.4,v4,dataset-20260508.zip,049591afd4fc3529aedbd31ef9119f5ec0601ebcb8cbbd4a25b7e883fde147ce,d2-v4-stage2b5-v1,12_freeze_d2_protocol.py@1 + 10_prepare_d2_freeze_candidate.py@1,a587d1d3cf826ec476fe91356f472b4a1a2b78eca51376c392fc16846b825caf,1db875a1eb10d95d654d0f2d27a52815794db0d8,13436313853456744620,3589472428,70/15/15,train,IMG_1407.jpg,dataset-20260508/train/IMG_1407.jpg,dataset-20260508/train.json,original,sg-0590,gc-0575,one plain original per evidence source group; no dataset resize/offline augmentation; pipeline online only,plain_base,none,true,,valid three-class raw regions; U01 drop raw region #3; standard background/FP; no ignore region,,val,0,1,0,1,0
10.17632/gfcmdbvw65.4,v4,dataset-20260508.zip,049591afd4fc3529aedbd31ef9119f5ec0601ebcb8cbbd4a25b7e883fde147ce,d2-v4-stage2b5-v1,12_freeze_d2_protocol.py@1 + 10_prepare_d2_freeze_candidate.py@1,a587d1d3cf826ec476fe91356f472b4a1a2b78eca51376c392fc16846b825caf,1db875a1eb10d95d654d0f2d27a52815794db0d8,13436313853456744620,3589472428,70/15/15,train,IMG_14100.jpg,dataset-20260508/train/IMG_14100.jpg,dataset-20260508/train.json,original,sg-0591,gc-0576,one plain original per evidence source group; no dataset resize/offline augmentation; pipeline online only,plain_base,none,true,,valid three-class raw regions; U01 drop raw region #3; standard background/FP; no ignore region,,train,2,0,0,2,0
10.17632/gfcmdbvw65.4,v4,dataset-20260508.zip,049591afd4fc3529aedbd31ef9119f5ec0601ebcb8cbbd4a25b7e883fde147ce,d2-v4-stage2b5-v1,12_freeze_d2_protocol.py@1 + 10_prepare_d2_freeze_candidate.py@1,a587d1d3cf826ec476fe91356f472b4a1a2b78eca51376c392fc16846b825caf,1db875a1eb10d95d654d0f2d27a52815794db0d8,13436313853456744620,3589472428,70/15/15,train,IMG_14110.jpg,dataset-20260508/train/IMG_14110.jpg,dataset-20260508/train.json,original,sg-0592,gc-0577,one plain original per evidence source group; no dataset resize/offline augmentation; pipeline online only,plain_base,none,true,,valid three-class raw regions; U01 drop raw region #3; standard background/FP; no ignore region,,train,2,0,0,2,0
10.17632/gfcmdbvw65.4,v4,dataset-20260508.zip,049591afd4fc3529aedbd31ef9119f5ec0601ebcb8cbbd4a25b7e883fde147ce,d2-v4-stage2b5-v1,12_freeze_d2_protocol.py@1 + 10_prepare_d2_freeze_candidate.py@1,a587d1d3cf826ec476fe91356f472b4a1a2b78eca51376c392fc16846b825caf,1db875a1eb10d95d654d0f2d27a52815794db0d8,13436313853456744620,3589472428,70/15/15,train,IMG_14130.jpg,dataset-20260508/train/IMG_14130.jpg,dataset-20260508/train.json,original,sg-0593,gc-0114,one plain original per evidence source group; no dataset resize/offline augmentation; pipeline online only,plain_base,none,true,,valid three-class raw regions; U01 drop raw region #3; standard background/FP; no ignore region,,train,0,1,0,1,0
10.17632/gfcmdbvw65.4,v4,dataset-20260508.zip,049591afd4fc3529aedbd31ef9119f5ec0601ebcb8cbbd4a25b7e883fde147ce,d2-v4-stage2b5-v1,12_freeze_d2_protocol.py@1 + 10_prepare_d2_freeze_candidate.py@1,a587d1d3cf826ec476fe91356f472b4a1a2b78eca51376c392fc16846b825caf,1db875a1eb10d95d654d0f2d27a52815794db0d8,13436313853456744620,3589472428,70/15/15,train,IMG_1414.jpg,dataset-20260508/train/IMG_1414.jpg,dataset-20260508/train.json,original,sg-0594,gc-0578,one plain original per evidence source group; no dataset resize/offline augmentation; pipeline online only,plain_base,none,true,,valid three-class raw regions; U01 drop raw region #3; standard background/FP; no ignore region,,test,1,0,0,1,0
10.17632/gfcmdbvw65.4,v4,dataset-20260508.zip,049591afd4fc3529aedbd31ef9119f5ec0601ebcb8cbbd4a25b7e883fde147ce,d2-v4-stage2b5-v1,12_freeze_d2_protocol.py@1 + 10_prepare_d2_freeze_candidate.py@1,a587d1d3cf826ec476fe91356f472b4a1a2b78eca51376c392fc16846b825caf,1db875a1eb10d95d654d0f2d27a52815794db0d8,13436313853456744620,3589472428,70/15/15,train,IMG_14150.jpg,dataset-20260508/train/IMG_14150.jpg,dataset-20260508/train.json,original,sg-0595,gc-0579,one plain original per evidence source group; no dataset resize/offline augmentation; pipeline online only,plain_base,none,true,,valid three-class raw regions; U01 drop raw region #3; standard background/FP; no ignore region,,train,1,0,0,1,0
10.17632/gfcmdbvw65.4,v4,dataset-20260508.zip,049591afd4fc3529aedbd31ef9119f5ec0601ebcb8cbbd4a25b7e883fde147ce,d2-v4-stage2b5-v1,12_freeze_d2_protocol.py@1 + 10_prepare_d2_freeze_candidate.py@1,a587d1d3cf826ec476fe91356f472b4a1a2b78eca51376c392fc16846b825caf,1db875a1eb10d95d654d0f2d27a52815794db0d8,13436313853456744620,3589472428,70/15/15,train,IMG_1418.jpg,dataset-20260508/train/IMG_1418.jpg,dataset-20260508/train.json,original,sg-0596,gc-0580,one plain original per evidence source group; no dataset resize/offline augmentation; pipeline online only,plain_base,none,true,,valid three-class raw regions; U01 drop raw region #3; standard background/FP; no ignore region,,train,0,1,0,1,0
10.17632/gfcmdbvw65.4,v4,dataset-20260508.zip,049591afd4fc3529aedbd31ef9119f5ec0601ebcb8cbbd4a25b7e883fde147ce,d2-v4-stage2b5-v1,12_freeze_d2_protocol.py@1 + 10_prepare_d2_freeze_candidate.py@1,a587d1d3cf826ec476fe91356f472b4a1a2b78eca51376c392fc16846b825caf,1db875a1eb10d95d654d0f2d27a52815794db0d8,13436313853456744620,3589472428,70/15/15,train,IMG_1420.jpg,dataset-20260508/train/IMG_1420.jpg,dataset-20260508/train.json,original,sg-0597,gc-0581,one plain original per evidence source group; no dataset resize/offline augmentation; pipeline online only,plain_base,none,true,,valid three-class raw regions; U01 drop raw region #3; standard background/FP; no ignore region,,test,1,0,0,1,0
10.17632/gfcmdbvw65.4,v4,dataset-20260508.zip,049591afd4fc3529aedbd31ef9119f5ec0601ebcb8cbbd4a25b7e883fde147ce,d2-v4-stage2b5-v1,12_freeze_d2_protocol.py@1 + 10_prepare_d2_freeze_candidate.py@1,a587d1d3cf826ec476fe91356f472b4a1a2b78eca51376c392fc16846b825caf,1db875a1eb10d95d654d0f2d27a52815794db0d8,13436313853456744620,3589472428,70/15/15,train,IMG_1421.jpg,dataset-20260508/train/IMG_1421.jpg,dataset-20260508/train.json,original,sg-0598,gc-0582,one plain original per evidence source group; no dataset resize/offline augmentation; pipeline online only,plain_base,none,true,,valid three-class raw regions; U01 drop raw region #3; standard background/FP; no ignore region,,train,1,0,0,1,0
10.17632/gfcmdbvw65.4,v4,dataset-20260508.zip,049591afd4fc3529aedbd31ef9119f5ec0601ebcb8cbbd4a25b7e883fde147ce,d2-v4-stage2b5-v1,12_freeze_d2_protocol.py@1 + 10_prepare_d2_freeze_candidate.py@1,a587d1d3cf826ec476fe91356f472b4a1a2b78eca51376c392fc16846b825caf,1db875a1eb10d95d654d0f2d27a52815794db0d8,13436313853456744620,3589472428,70/15/15,train,IMG_1422.jpg,dataset-20260508/train/IMG_1422.jpg,dataset-20260508/train.json,original,sg-0599,gc-0583,one plain original per evidence source group; no dataset resize/offline augmentation; pipeline online only,plain_base,none,true,,valid three-class raw regions; U01 drop raw region #3; standard background/FP; no ignore region,,val,2,0,0,2,0
10.17632/gfcmdbvw65.4,v4,dataset-20260508.zip,049591afd4fc3529aedbd31ef9119f5ec0601ebcb8cbbd4a25b7e883fde147ce,d2-v4-stage2b5-v1,12_freeze_d2_protocol.py@1 + 10_prepare_d2_freeze_candidate.py@1,a587d1d3cf826ec476fe91356f472b4a1a2b78eca51376c392fc16846b825caf,1db875a1eb10d95d654d0f2d27a52815794db0d8,13436313853456744620,3589472428,70/15/15,train,IMG_1423.jpg,dataset-20260508/train/IMG_1423.jpg,dataset-20260508/train.json,original,sg-0600,gc-0584,one plain original per evidence source group; no dataset resize/offline augmentation; pipeline online only,plain_base,none,true,,valid three-class raw regions; U01 drop raw region #3; standard background/FP; no ignore region,,train,1,0,0,1,0
10.17632/gfcmdbvw65.4,v4,dataset-20260508.zip,049591afd4fc3529aedbd31ef9119f5ec0601ebcb8cbbd4a25b7e883fde147ce,d2-v4-stage2b5-v1,12_freeze_d2_protocol.py@1 + 10_prepare_d2_freeze_candidate.py@1,a587d1d3cf826ec476fe91356f472b4a1a2b78eca51376c392fc16846b825caf,1db875a1eb10d95d654d0f2d27a52815794db0d8,13436313853456744620,3589472428,70/15/15,train,IMG_14240.jpg,dataset-20260508/train/IMG_14240.jpg,dataset-20260508/train.json,original,sg-0601,gc-0585,one plain original per evidence source group; no dataset resize/offline augmentation; pipeline online only,plain_base,none,true,,valid three-class raw regions; U01 drop raw region #3; standard background/FP; no ignore region,,train,1,0,0,1,0
10.17632/gfcmdbvw65.4,v4,dataset-20260508.zip,049591afd4fc3529aedbd31ef9119f5ec0601ebcb8cbbd4a25b7e883fde147ce,d2-v4-stage2b5-v1,12_freeze_d2_protocol.py@1 + 10_prepare_d2_freeze_candidate.py@1,a587d1d3cf826ec476fe91356f472b4a1a2b78eca51376c392fc16846b825caf,1db875a1eb10d95d654d0f2d27a52815794db0d8,13436313853456744620,3589472428,70/15/15,train,IMG_14250.jpg,dataset-20260508/train/IMG_14250.jpg,dataset-20260508/train.json,original,sg-0602,gc-0586,one plain original per evidence source group; no dataset resize/offline augmentation; pipeline online only,plain_base,none,true,,valid three-class raw regions; U01 drop raw region #3; standard background/FP; no ignore region,,train,0,1,0,1,0
10.17632/gfcmdbvw65.4,v4,dataset-20260508.zip,049591afd4fc3529aedbd31ef9119f5ec0601ebcb8cbbd4a25b7e883fde147ce,d2-v4-stage2b5-v1,12_freeze_d2_protocol.py@1 + 10_prepare_d2_freeze_candidate.py@1,a587d1d3cf826ec476fe91356f472b4a1a2b78eca51376c392fc16846b825caf,1db875a1eb10d95d654d0f2d27a52815794db0d8,13436313853456744620,3589472428,70/15/15,train,IMG_14260.jpg,dataset-20260508/train/IMG_14260.jpg,dataset-20260508/train.json,original,sg-0603,gc-0587,one plain original per evidence source group; no dataset resize/offline augmentation; pipeline online only,plain_base,none,true,,valid three-class raw regions; U01 drop raw region #3; standard background/FP; no ignore region,,test,0,1,0,1,0
10.17632/gfcmdbvw65.4,v4,dataset-20260508.zip,049591afd4fc3529aedbd31ef9119f5ec0601ebcb8cbbd4a25b7e883fde147ce,d2-v4-stage2b5-v1,12_freeze_d2_protocol.py@1 + 10_prepare_d2_freeze_candidate.py@1,a587d1d3cf826ec476fe91356f472b4a1a2b78eca51376c392fc16846b825caf,1db875a1eb10d95d654d0f2d27a52815794db0d8,13436313853456744620,3589472428,70/15/15,train,IMG_14270.jpg,dataset-20260508/train/IMG_14270.jpg,dataset-20260508/train.json,original,sg-0604,gc-0588,one plain original per evidence source group; no dataset resize/offline augmentation; pipeline online only,plain_base,none,true,,valid three-class raw regions; U01 drop raw region #3; standard background/FP; no ignore region,,train,1,0,0,1,0
10.17632/gfcmdbvw65.4,v4,dataset-20260508.zip,049591afd4fc3529aedbd31ef9119f5ec0601ebcb8cbbd4a25b7e883fde147ce,d2-v4-stage2b5-v1,12_freeze_d2_protocol.py@1 + 10_prepare_d2_freeze_candidate.py@1,a587d1d3cf826ec476fe91356f472b4a1a2b78eca51376c392fc16846b825caf,1db875a1eb10d95d654d0f2d27a52815794db0d8,13436313853456744620,3589472428,70/15/15,train,IMG_14280.jpg,dataset-20260508/train/IMG_14280.jpg,dataset-20260508/train.json,original,sg-0605,gc-0589,one plain original per evidence source group; no dataset resize/offline augmentation; pipeline online only,plain_base,none,true,,valid three-class raw regions; U01 drop raw region #3; standard background/FP; no ignore region,,train,1,0,0,1,0
10.17632/gfcmdbvw65.4,v4,dataset-20260508.zip,049591afd4fc3529aedbd31ef9119f5ec0601ebcb8cbbd4a25b7e883fde147ce,d2-v4-stage2b5-v1,12_freeze_d2_protocol.py@1 + 10_prepare_d2_freeze_candidate.py@1,a587d1d3cf826ec476fe91356f472b4a1a2b78eca51376c392fc16846b825caf,1db875a1eb10d95d654d0f2d27a52815794db0d8,13436313853456744620,3589472428,70/15/15,train,IMG_1429.jpg,dataset-20260508/train/IMG_1429.jpg,dataset-20260508/train.json,original,sg-0606,gc-0590,one plain original per evidence source group; no dataset resize/offline augmentation; pipeline online only,plain_base,none,true,,valid three-class raw regions; U01 drop raw region #3; standard background/FP; no ignore region,,val,1,0,0,1,0
10.17632/gfcmdbvw65.4,v4,dataset-20260508.zip,049591afd4fc3529aedbd31ef9119f5ec0601ebcb8cbbd4a25b7e883fde147ce,d2-v4-stage2b5-v1,12_freeze_d2_protocol.py@1 + 10_prepare_d2_freeze_candidate.py@1,a587d1d3cf826ec476fe91356f472b4a1a2b78eca51376c392fc16846b825caf,1db875a1eb10d95d654d0f2d27a52815794db0d8,13436313853456744620,3589472428,70/15/15,train,IMG_14310.jpg,dataset-20260508/train/IMG_14310.jpg,dataset-20260508/train.json,original,sg-0607,gc-0591,one plain original per evidence source group; no dataset resize/offline augmentation; pipeline online only,plain_base,none,true,,valid three-class raw regions; U01 drop raw region #3; standard background/FP; no ignore region,,val,1,0,0,1,0
10.17632/gfcmdbvw65.4,v4,dataset-20260508.zip,049591afd4fc3529aedbd31ef9119f5ec0601ebcb8cbbd4a25b7e883fde147ce,d2-v4-stage2b5-v1,12_freeze_d2_protocol.py@1 + 10_prepare_d2_freeze_candidate.py@1,a587d1d3cf826ec476fe91356f472b4a1a2b78eca51376c392fc16846b825caf,1db875a1eb10d95d654d0f2d27a52815794db0d8,13436313853456744620,3589472428,70/15/15,train,IMG_1432.jpg,dataset-20260508/train/IMG_1432.jpg,dataset-20260508/train.json,original,sg-0608,gc-0592,one plain original per evidence source group; no dataset resize/offline augmentation; pipeline online only,plain_base,none,true,,valid three-class raw regions; U01 drop raw region #3; standard background/FP; no ignore region,,train,1,0,0,1,0
10.17632/gfcmdbvw65.4,v4,dataset-20260508.zip,049591afd4fc3529aedbd31ef9119f5ec0601ebcb8cbbd4a25b7e883fde147ce,d2-v4-stage2b5-v1,12_freeze_d2_protocol.py@1 + 10_prepare_d2_freeze_candidate.py@1,a587d1d3cf826ec476fe91356f472b4a1a2b78eca51376c392fc16846b825caf,1db875a1eb10d95d654d0f2d27a52815794db0d8,13436313853456744620,3589472428,70/15/15,train,IMG_14330.jpg,dataset-20260508/train/IMG_14330.jpg,dataset-20260508/train.json,original,sg-0609,gc-0593,one plain original per evidence source group; no dataset resize/offline augmentation; pipeline online only,plain_base,none,true,,valid three-class raw regions; U01 drop raw region #3; standard background/FP; no ignore region,,train,1,0,0,1,0
10.17632/gfcmdbvw65.4,v4,dataset-20260508.zip,049591afd4fc3529aedbd31ef9119f5ec0601ebcb8cbbd4a25b7e883fde147ce,d2-v4-stage2b5-v1,12_freeze_d2_protocol.py@1 + 10_prepare_d2_freeze_candidate.py@1,a587d1d3cf826ec476fe91356f472b4a1a2b78eca51376c392fc16846b825caf,1db875a1eb10d95d654d0f2d27a52815794db0d8,13436313853456744620,3589472428,70/15/15,train,IMG_1434.jpg,dataset-20260508/train/IMG_1434.jpg,dataset-20260508/train.json,original,sg-0610,gc-0594,one plain original per evidence source group; no dataset resize/offline augmentation; pipeline online only,plain_base,none,true,,valid three-class raw regions; U01 drop raw region #3; standard background/FP; no ignore region,,train,1,0,0,1,0
10.17632/gfcmdbvw65.4,v4,dataset-20260508.zip,049591afd4fc3529aedbd31ef9119f5ec0601ebcb8cbbd4a25b7e883fde147ce,d2-v4-stage2b5-v1,12_freeze_d2_protocol.py@1 + 10_prepare_d2_freeze_candidate.py@1,a587d1d3cf826ec476fe91356f472b4a1a2b78eca51376c392fc16846b825caf,1db875a1eb10d95d654d0f2d27a52815794db0d8,13436313853456744620,3589472428,70/15/15,train,IMG_14350.jpg,dataset-20260508/train/IMG_14350.jpg,dataset-20260508/train.json,original,sg-0611,gc-0595,one plain original per evidence source group; no dataset resize/offline augmentation; pipeline online only,plain_base,none,true,,valid three-class raw regions; U01 drop raw region #3; standard background/FP; no ignore region,,train,0,0,1,1,0
10.17632/gfcmdbvw65.4,v4,dataset-20260508.zip,049591afd4fc3529aedbd31ef9119f5ec0601ebcb8cbbd4a25b7e883fde147ce,d2-v4-stage2b5-v1,12_freeze_d2_protocol.py@1 + 10_prepare_d2_freeze_candidate.py@1,a587d1d3cf826ec476fe91356f472b4a1a2b78eca51376c392fc16846b825caf,1db875a1eb10d95d654d0f2d27a52815794db0d8,13436313853456744620,3589472428,70/15/15,train,IMG_14360.jpg,dataset-20260508/train/IMG_14360.jpg,dataset-20260508/train.json,original,sg-0612,gc-0596,one plain original per evidence source group; no dataset resize/offline augmentation; pipeline online only,plain_base,none,true,,valid three-class raw regions; U01 drop raw region #3; standard background/FP; no ignore region,,train,0,1,0,1,0
10.17632/gfcmdbvw65.4,v4,dataset-20260508.zip,049591afd4fc3529aedbd31ef9119f5ec0601ebcb8cbbd4a25b7e883fde147ce,d2-v4-stage2b5-v1,12_freeze_d2_protocol.py@1 + 10_prepare_d2_freeze_candidate.py@1,a587d1d3cf826ec476fe91356f472b4a1a2b78eca51376c392fc16846b825caf,1db875a1eb10d95d654d0f2d27a52815794db0d8,13436313853456744620,3589472428,70/15/15,train,IMG_1437.jpg,dataset-20260508/train/IMG_1437.jpg,dataset-20260508/train.json,original,sg-0613,gc-0597,one plain original per evidence source group; no dataset resize/offline augmentation; pipeline online only,plain_base,none,true,,valid three-class raw regions; U01 drop raw region #3; standard background/FP; no ignore region,,train,1,0,0,1,0
10.17632/gfcmdbvw65.4,v4,dataset-20260508.zip,049591afd4fc3529aedbd31ef9119f5ec0601ebcb8cbbd4a25b7e883fde147ce,d2-v4-stage2b5-v1,12_freeze_d2_protocol.py@1 + 10_prepare_d2_freeze_candidate.py@1,a587d1d3cf826ec476fe91356f472b4a1a2b78eca51376c392fc16846b825caf,1db875a1eb10d95d654d0f2d27a52815794db0d8,13436313853456744620,3589472428,70/15/15,train,IMG_14380.jpg,dataset-20260508/train/IMG_14380.jpg,dataset-20260508/train.json,original,sg-0614,gc-0598,one plain original per evidence source group; no dataset resize/offline augmentation; pipeline online only,plain_base,none,true,,valid three-class raw regions; U01 drop raw region #3; standard background/FP; no ignore region,,val,1,0,0,1,0
10.17632/gfcmdbvw65.4,v4,dataset-20260508.zip,049591afd4fc3529aedbd31ef9119f5ec0601ebcb8cbbd4a25b7e883fde147ce,d2-v4-stage2b5-v1,12_freeze_d2_protocol.py@1 + 10_prepare_d2_freeze_candidate.py@1,a587d1d3cf826ec476fe91356f472b4a1a2b78eca51376c392fc16846b825caf,1db875a1eb10d95d654d0f2d27a52815794db0d8,13436313853456744620,3589472428,70/15/15,train,IMG_14390.jpg,dataset-20260508/train/IMG_14390.jpg,dataset-20260508/train.json,original,sg-0615,gc-0599,one plain original per evidence source group; no dataset resize/offline augmentation; pipeline online only,plain_base,none,true,,valid three-class raw regions; U01 drop raw region #3; standard background/FP; no ignore region,,train,1,0,0,1,0
10.17632/gfcmdbvw65.4,v4,dataset-20260508.zip,049591afd4fc3529aedbd31ef9119f5ec0601ebcb8cbbd4a25b7e883fde147ce,d2-v4-stage2b5-v1,12_freeze_d2_protocol.py@1 + 10_prepare_d2_freeze_candidate.py@1,a587d1d3cf826ec476fe91356f472b4a1a2b78eca51376c392fc16846b825caf,1db875a1eb10d95d654d0f2d27a52815794db0d8,13436313853456744620,3589472428,70/15/15,train,IMG_1440.jpg,dataset-20260508/train/IMG_1440.jpg,dataset-20260508/train.json,original,sg-0616,gc-0600,one plain original per evidence source group; no dataset resize/offline augmentation; pipeline online only,plain_base,none,true,,valid three-class raw regions; U01 drop raw region #3; standard background/FP; no ignore region,,train,1,0,0,1,0
10.17632/gfcmdbvw65.4,v4,dataset-20260508.zip,049591afd4fc3529aedbd31ef9119f5ec0601ebcb8cbbd4a25b7e883fde147ce,d2-v4-stage2b5-v1,12_freeze_d2_protocol.py@1 + 10_prepare_d2_freeze_candidate.py@1,a587d1d3cf826ec476fe91356f472b4a1a2b78eca51376c392fc16846b825caf,1db875a1eb10d95d654d0f2d27a52815794db0d8,13436313853456744620,3589472428,70/15/15,train,IMG_14410.jpg,dataset-20260508/train/IMG_14410.jpg,dataset-20260508/train.json,original,sg-0617,gc-0601,one plain original per evidence source group; no dataset resize/offline augmentation; pipeline online only,plain_base,none,true,,valid three-class raw regions; U01 drop raw region #3; standard background/FP; no ignore region,,train,0,1,0,1,0
10.17632/gfcmdbvw65.4,v4,dataset-20260508.zip,049591afd4fc3529aedbd31ef9119f5ec0601ebcb8cbbd4a25b7e883fde147ce,d2-v4-stage2b5-v1,12_freeze_d2_protocol.py@1 + 10_prepare_d2_freeze_candidate.py@1,a587d1d3cf826ec476fe91356f472b4a1a2b78eca51376c392fc16846b825caf,1db875a1eb10d95d654d0f2d27a52815794db0d8,13436313853456744620,3589472428,70/15/15,train,IMG_14440.jpg,dataset-20260508/train/IMG_14440.jpg,dataset-20260508/train.json,original,sg-0618,gc-0602,one plain original per evidence source group; no dataset resize/offline augmentation; pipeline online only,plain_base,none,true,,valid three-class raw regions; U01 drop raw region #3; standard background/FP; no ignore region,,val,1,0,0,1,0
10.17632/gfcmdbvw65.4,v4,dataset-20260508.zip,049591afd4fc3529aedbd31ef9119f5ec0601ebcb8cbbd4a25b7e883fde147ce,d2-v4-stage2b5-v1,12_freeze_d2_protocol.py@1 + 10_prepare_d2_freeze_candidate.py@1,a587d1d3cf826ec476fe91356f472b4a1a2b78eca51376c392fc16846b825caf,1db875a1eb10d95d654d0f2d27a52815794db0d8,13436313853456744620,3589472428,70/15/15,train,IMG_1447.jpg,dataset-20260508/train/IMG_1447.jpg,dataset-20260508/train.json,original,sg-0619,gc-0603,one plain original per evidence source group; no dataset resize/offline augmentation; pipeline online only,plain_base,none,true,,valid three-class raw regions; U01 drop raw region #3; standard background/FP; no ignore region,,val,1,0,0,1,0
10.17632/gfcmdbvw65.4,v4,dataset-20260508.zip,049591afd4fc3529aedbd31ef9119f5ec0601ebcb8cbbd4a25b7e883fde147ce,d2-v4-stage2b5-v1,12_freeze_d2_protocol.py@1 + 10_prepare_d2_freeze_candidate.py@1,a587d1d3cf826ec476fe91356f472b4a1a2b78eca51376c392fc16846b825caf,1db875a1eb10d95d654d0f2d27a52815794db0d8,13436313853456744620,3589472428,70/15/15,train,IMG_1449.jpg,dataset-20260508/train/IMG_1449.jpg,dataset-20260508/train.json,original,sg-0620,gc-0604,one plain original per evidence source group; no dataset resize/offline augmentation; pipeline online only,plain_base,none,true,,valid three-class raw regions; U01 drop raw region #3; standard background/FP; no ignore region,,train,1,0,0,1,0
10.17632/gfcmdbvw65.4,v4,dataset-20260508.zip,049591afd4fc3529aedbd31ef9119f5ec0601ebcb8cbbd4a25b7e883fde147ce,d2-v4-stage2b5-v1,12_freeze_d2_protocol.py@1 + 10_prepare_d2_freeze_candidate.py@1,a587d1d3cf826ec476fe91356f472b4a1a2b78eca51376c392fc16846b825caf,1db875a1eb10d95d654d0f2d27a52815794db0d8,13436313853456744620,3589472428,70/15/15,train,IMG_1451.jpg,dataset-20260508/train/IMG_1451.jpg,dataset-20260508/train.json,original,sg-0621,gc-0605,one plain original per evidence source group; no dataset resize/offline augmentation; pipeline online only,plain_base,none,true,,valid three-class raw regions; U01 drop raw region #3; standard background/FP; no ignore region,,train,1,0,0,1,0
10.17632/gfcmdbvw65.4,v4,dataset-20260508.zip,049591afd4fc3529aedbd31ef9119f5ec0601ebcb8cbbd4a25b7e883fde147ce,d2-v4-stage2b5-v1,12_freeze_d2_protocol.py@1 + 10_prepare_d2_freeze_candidate.py@1,a587d1d3cf826ec476fe91356f472b4a1a2b78eca51376c392fc16846b825caf,1db875a1eb10d95d654d0f2d27a52815794db0d8,13436313853456744620,3589472428,70/15/15,train,IMG_14530.jpg,dataset-20260508/train/IMG_14530.jpg,dataset-20260508/train.json,original,sg-0622,gc-0606,one plain original per evidence source group; no dataset resize/offline augmentation; pipeline online only,plain_base,none,true,,valid three-class raw regions; U01 drop raw region #3; standard background/FP; no ignore region,,train,1,0,0,1,0
10.17632/gfcmdbvw65.4,v4,dataset-20260508.zip,049591afd4fc3529aedbd31ef9119f5ec0601ebcb8cbbd4a25b7e883fde147ce,d2-v4-stage2b5-v1,12_freeze_d2_protocol.py@1 + 10_prepare_d2_freeze_candidate.py@1,a587d1d3cf826ec476fe91356f472b4a1a2b78eca51376c392fc16846b825caf,1db875a1eb10d95d654d0f2d27a52815794db0d8,13436313853456744620,3589472428,70/15/15,train,IMG_1454.jpg,dataset-20260508/train/IMG_1454.jpg,dataset-20260508/train.json,original,sg-0623,gc-0607,one plain original per evidence source group; no dataset resize/offline augmentation; pipeline online only,plain_base,none,true,,valid three-class raw regions; U01 drop raw region #3; standard background/FP; no ignore region,,test,1,0,0,1,0
10.17632/gfcmdbvw65.4,v4,dataset-20260508.zip,049591afd4fc3529aedbd31ef9119f5ec0601ebcb8cbbd4a25b7e883fde147ce,d2-v4-stage2b5-v1,12_freeze_d2_protocol.py@1 + 10_prepare_d2_freeze_candidate.py@1,a587d1d3cf826ec476fe91356f472b4a1a2b78eca51376c392fc16846b825caf,1db875a1eb10d95d654d0f2d27a52815794db0d8,13436313853456744620,3589472428,70/15/15,train,IMG_1455.jpg,dataset-20260508/train/IMG_1455.jpg,dataset-20260508/train.json,original,sg-0624,gc-0608,one plain original per evidence source group; no dataset resize/offline augmentation; pipeline online only,plain_base,none,true,,valid three-class raw regions; U01 drop raw region #3; standard background/FP; no ignore region,,train,2,0,0,2,0
10.17632/gfcmdbvw65.4,v4,dataset-20260508.zip,049591afd4fc3529aedbd31ef9119f5ec0601ebcb8cbbd4a25b7e883fde147ce,d2-v4-stage2b5-v1,12_freeze_d2_protocol.py@1 + 10_prepare_d2_freeze_candidate.py@1,a587d1d3cf826ec476fe91356f472b4a1a2b78eca51376c392fc16846b825caf,1db875a1eb10d95d654d0f2d27a52815794db0d8,13436313853456744620,3589472428,70/15/15,train,IMG_14550.jpg,dataset-20260508/train/IMG_14550.jpg,dataset-20260508/train.json,original,sg-0625,gc-0609,one plain original per evidence source group; no dataset resize/offline augmentation; pipeline online only,plain_base,none,true,,valid three-class raw regions; U01 drop raw region #3; standard background/FP; no ignore region,,train,2,0,0,2,0
10.17632/gfcmdbvw65.4,v4,dataset-20260508.zip,049591afd4fc3529aedbd31ef9119f5ec0601ebcb8cbbd4a25b7e883fde147ce,d2-v4-stage2b5-v1,12_freeze_d2_protocol.py@1 + 10_prepare_d2_freeze_candidate.py@1,a587d1d3cf826ec476fe91356f472b4a1a2b78eca51376c392fc16846b825caf,1db875a1eb10d95d654d0f2d27a52815794db0d8,13436313853456744620,3589472428,70/15/15,train,IMG_1457.jpg,dataset-20260508/train/IMG_1457.jpg,dataset-20260508/train.json,original,sg-0626,gc-0610,one plain original per evidence source group; no dataset resize/offline augmentation; pipeline online only,plain_base,none,true,,valid three-class raw regions; U01 drop raw region #3; standard background/FP; no ignore region,,train,1,0,0,1,0
10.17632/gfcmdbvw65.4,v4,dataset-20260508.zip,049591afd4fc3529aedbd31ef9119f5ec0601ebcb8cbbd4a25b7e883fde147ce,d2-v4-stage2b5-v1,12_freeze_d2_protocol.py@1 + 10_prepare_d2_freeze_candidate.py@1,a587d1d3cf826ec476fe91356f472b4a1a2b78eca51376c392fc16846b825caf,1db875a1eb10d95d654d0f2d27a52815794db0d8,13436313853456744620,3589472428,70/15/15,train,IMG_1458.jpg,dataset-20260508/train/IMG_1458.jpg,dataset-20260508/train.json,original,sg-0627,gc-0611,one plain original per evidence source group; no dataset resize/offline augmentation; pipeline online only,plain_base,none,true,,valid three-class raw regions; U01 drop raw region #3; standard background/FP; no ignore region,,train,0,1,0,1,0
10.17632/gfcmdbvw65.4,v4,dataset-20260508.zip,049591afd4fc3529aedbd31ef9119f5ec0601ebcb8cbbd4a25b7e883fde147ce,d2-v4-stage2b5-v1,12_freeze_d2_protocol.py@1 + 10_prepare_d2_freeze_candidate.py@1,a587d1d3cf826ec476fe91356f472b4a1a2b78eca51376c392fc16846b825caf,1db875a1eb10d95d654d0f2d27a52815794db0d8,13436313853456744620,3589472428,70/15/15,train,IMG_1462.jpg,dataset-20260508/train/IMG_1462.jpg,dataset-20260508/train.json,original,sg-0628,gc-0612,one plain original per evidence source group; no dataset resize/offline augmentation; pipeline online only,plain_base,none,true,,valid three-class raw regions; U01 drop raw region #3; standard background/FP; no ignore region,,train,1,0,0,1,0
10.17632/gfcmdbvw65.4,v4,dataset-20260508.zip,049591afd4fc3529aedbd31ef9119f5ec0601ebcb8cbbd4a25b7e883fde147ce,d2-v4-stage2b5-v1,12_freeze_d2_protocol.py@1 + 10_prepare_d2_freeze_candidate.py@1,a587d1d3cf826ec476fe91356f472b4a1a2b78eca51376c392fc16846b825caf,1db875a1eb10d95d654d0f2d27a52815794db0d8,13436313853456744620,3589472428,70/15/15,train,IMG_1463.jpg,dataset-20260508/train/IMG_1463.jpg,dataset-20260508/train.json,original,sg-0629,gc-0613,one plain original per evidence source group; no dataset resize/offline augmentation; pipeline online only,plain_base,none,true,,valid three-class raw regions; U01 drop raw region #3; standard background/FP; no ignore region,,val,1,0,0,1,0
10.17632/gfcmdbvw65.4,v4,dataset-20260508.zip,049591afd4fc3529aedbd31ef9119f5ec0601ebcb8cbbd4a25b7e883fde147ce,d2-v4-stage2b5-v1,12_freeze_d2_protocol.py@1 + 10_prepare_d2_freeze_candidate.py@1,a587d1d3cf826ec476fe91356f472b4a1a2b78eca51376c392fc16846b825caf,1db875a1eb10d95d654d0f2d27a52815794db0d8,13436313853456744620,3589472428,70/15/15,train,IMG_14650.jpg,dataset-20260508/train/IMG_14650.jpg,dataset-20260508/train.json,original,sg-0630,gc-0614,one plain original per evidence source group; no dataset resize/offline augmentation; pipeline online only,plain_base,none,true,,valid three-class raw regions; U01 drop raw region #3; standard background/FP; no ignore region,,train,1,0,0,1,0
10.17632/gfcmdbvw65.4,v4,dataset-20260508.zip,049591afd4fc3529aedbd31ef9119f5ec0601ebcb8cbbd4a25b7e883fde147ce,d2-v4-stage2b5-v1,12_freeze_d2_protocol.py@1 + 10_prepare_d2_freeze_candidate.py@1,a587d1d3cf826ec476fe91356f472b4a1a2b78eca51376c392fc16846b825caf,1db875a1eb10d95d654d0f2d27a52815794db0d8,13436313853456744620,3589472428,70/15/15,train,IMG_1468.jpg,dataset-20260508/train/IMG_1468.jpg,dataset-20260508/train.json,original,sg-0631,gc-0615,one plain original per evidence source group; no dataset resize/offline augmentation; pipeline online only,plain_base,none,true,,valid three-class raw regions; U01 drop raw region #3; standard background/FP; no ignore region,,test,1,0,0,1,0
10.17632/gfcmdbvw65.4,v4,dataset-20260508.zip,049591afd4fc3529aedbd31ef9119f5ec0601ebcb8cbbd4a25b7e883fde147ce,d2-v4-stage2b5-v1,12_freeze_d2_protocol.py@1 + 10_prepare_d2_freeze_candidate.py@1,a587d1d3cf826ec476fe91356f472b4a1a2b78eca51376c392fc16846b825caf,1db875a1eb10d95d654d0f2d27a52815794db0d8,13436313853456744620,3589472428,70/15/15,train,IMG_14710.jpg,dataset-20260508/train/IMG_14710.jpg,dataset-20260508/train.json,original,sg-0632,gc-0616,one plain original per evidence source group; no dataset resize/offline augmentation; pipeline online only,plain_base,none,true,,valid three-class raw regions; U01 drop raw region #3; standard background/FP; no ignore region,,train,1,0,0,1,0
10.17632/gfcmdbvw65.4,v4,dataset-20260508.zip,049591afd4fc3529aedbd31ef9119f5ec0601ebcb8cbbd4a25b7e883fde147ce,d2-v4-stage2b5-v1,12_freeze_d2_protocol.py@1 + 10_prepare_d2_freeze_candidate.py@1,a587d1d3cf826ec476fe91356f472b4a1a2b78eca51376c392fc16846b825caf,1db875a1eb10d95d654d0f2d27a52815794db0d8,13436313853456744620,3589472428,70/15/15,train,IMG_1472.jpg,dataset-20260508/train/IMG_1472.jpg,dataset-20260508/train.json,original,sg-0633,gc-0617,one plain original per evidence source group; no dataset resize/offline augmentation; pipeline online only,plain_base,none,true,,valid three-class raw regions; U01 drop raw region #3; standard background/FP; no ignore region,,train,1,0,0,1,0
10.17632/gfcmdbvw65.4,v4,dataset-20260508.zip,049591afd4fc3529aedbd31ef9119f5ec0601ebcb8cbbd4a25b7e883fde147ce,d2-v4-stage2b5-v1,12_freeze_d2_protocol.py@1 + 10_prepare_d2_freeze_candidate.py@1,a587d1d3cf826ec476fe91356f472b4a1a2b78eca51376c392fc16846b825caf,1db875a1eb10d95d654d0f2d27a52815794db0d8,13436313853456744620,3589472428,70/15/15,train,IMG_14730.jpg,dataset-20260508/train/IMG_14730.jpg,dataset-20260508/train.json,original,sg-0634,gc-0618,one plain original per evidence source group; no dataset resize/offline augmentation; pipeline online only,plain_base,none,true,,valid three-class raw regions; U01 drop raw region #3; standard background/FP; no ignore region,,test,1,0,0,1,0
10.17632/gfcmdbvw65.4,v4,dataset-20260508.zip,049591afd4fc3529aedbd31ef9119f5ec0601ebcb8cbbd4a25b7e883fde147ce,d2-v4-stage2b5-v1,12_freeze_d2_protocol.py@1 + 10_prepare_d2_freeze_candidate.py@1,a587d1d3cf826ec476fe91356f472b4a1a2b78eca51376c392fc16846b825caf,1db875a1eb10d95d654d0f2d27a52815794db0d8,13436313853456744620,3589472428,70/15/15,train,IMG_1474.jpg,dataset-20260508/train/IMG_1474.jpg,dataset-20260508/train.json,original,sg-0635,gc-0619,one plain original per evidence source group; no dataset resize/offline augmentation; pipeline online only,plain_base,none,true,,valid three-class raw regions; U01 drop raw region #3; standard background/FP; no ignore region,,train,2,0,0,2,0
10.17632/gfcmdbvw65.4,v4,dataset-20260508.zip,049591afd4fc3529aedbd31ef9119f5ec0601ebcb8cbbd4a25b7e883fde147ce,d2-v4-stage2b5-v1,12_freeze_d2_protocol.py@1 + 10_prepare_d2_freeze_candidate.py@1,a587d1d3cf826ec476fe91356f472b4a1a2b78eca51376c392fc16846b825caf,1db875a1eb10d95d654d0f2d27a52815794db0d8,13436313853456744620,3589472428,70/15/15,train,IMG_1476.jpg,dataset-20260508/train/IMG_1476.jpg,dataset-20260508/train.json,original,sg-0636,gc-0620,one plain original per evidence source group; no dataset resize/offline augmentation; pipeline online only,plain_base,none,true,,valid three-class raw regions; U01 drop raw region #3; standard background/FP; no ignore region,,train,1,0,0,1,0
10.17632/gfcmdbvw65.4,v4,dataset-20260508.zip,049591afd4fc3529aedbd31ef9119f5ec0601ebcb8cbbd4a25b7e883fde147ce,d2-v4-stage2b5-v1,12_freeze_d2_protocol.py@1 + 10_prepare_d2_freeze_candidate.py@1,a587d1d3cf826ec476fe91356f472b4a1a2b78eca51376c392fc16846b825caf,1db875a1eb10d95d654d0f2d27a52815794db0d8,13436313853456744620,3589472428,70/15/15,train,IMG_1477.jpg,dataset-20260508/train/IMG_1477.jpg,dataset-20260508/train.json,original,sg-0637,gc-0621,one plain original per evidence source group; no dataset resize/offline augmentation; pipeline online only,plain_base,none,true,,valid three-class raw regions; U01 drop raw region #3; standard background/FP; no ignore region,,val,1,0,0,1,0
10.17632/gfcmdbvw65.4,v4,dataset-20260508.zip,049591afd4fc3529aedbd31ef9119f5ec0601ebcb8cbbd4a25b7e883fde147ce,d2-v4-stage2b5-v1,12_freeze_d2_protocol.py@1 + 10_prepare_d2_freeze_candidate.py@1,a587d1d3cf826ec476fe91356f472b4a1a2b78eca51376c392fc16846b825caf,1db875a1eb10d95d654d0f2d27a52815794db0d8,13436313853456744620,3589472428,70/15/15,train,IMG_15621.jpg,dataset-20260508/train/IMG_15621.jpg,dataset-20260508/train.json,original,sg-0638,gc-0622,one plain original per evidence source group; no dataset resize/offline augmentation; pipeline online only,plain_base,none,true,,valid three-class raw regions; U01 drop raw region #3; standard background/FP; no ignore region,,test,0,0,1,1,0
10.17632/gfcmdbvw65.4,v4,dataset-20260508.zip,049591afd4fc3529aedbd31ef9119f5ec0601ebcb8cbbd4a25b7e883fde147ce,d2-v4-stage2b5-v1,12_freeze_d2_protocol.py@1 + 10_prepare_d2_freeze_candidate.py@1,a587d1d3cf826ec476fe91356f472b4a1a2b78eca51376c392fc16846b825caf,1db875a1eb10d95d654d0f2d27a52815794db0d8,13436313853456744620,3589472428,70/15/15,train,IMG_5384.jpg,dataset-20260508/train/IMG_5384.jpg,dataset-20260508/train.json,original,sg-0639,gc-0623,one plain original per evidence source group; no dataset resize/offline augmentation; pipeline online only,plain_base,none,true,,valid three-class raw regions; U01 drop raw region #3; standard background/FP; no ignore region,,train,1,0,0,1,0
10.17632/gfcmdbvw65.4,v4,dataset-20260508.zip,049591afd4fc3529aedbd31ef9119f5ec0601ebcb8cbbd4a25b7e883fde147ce,d2-v4-stage2b5-v1,12_freeze_d2_protocol.py@1 + 10_prepare_d2_freeze_candidate.py@1,a587d1d3cf826ec476fe91356f472b4a1a2b78eca51376c392fc16846b825caf,1db875a1eb10d95d654d0f2d27a52815794db0d8,13436313853456744620,3589472428,70/15/15,train,IMG_5386.jpg,dataset-20260508/train/IMG_5386.jpg,dataset-20260508/train.json,original,sg-0640,gc-0624,one plain original per evidence source group; no dataset resize/offline augmentation; pipeline online only,plain_base,none,true,,valid three-class raw regions; U01 drop raw region #3; standard background/FP; no ignore region,,train,0,0,1,1,0
10.17632/gfcmdbvw65.4,v4,dataset-20260508.zip,049591afd4fc3529aedbd31ef9119f5ec0601ebcb8cbbd4a25b7e883fde147ce,d2-v4-stage2b5-v1,12_freeze_d2_protocol.py@1 + 10_prepare_d2_freeze_candidate.py@1,a587d1d3cf826ec476fe91356f472b4a1a2b78eca51376c392fc16846b825caf,1db875a1eb10d95d654d0f2d27a52815794db0d8,13436313853456744620,3589472428,70/15/15,train,IMG_5390.jpg,dataset-20260508/train/IMG_5390.jpg,dataset-20260508/train.json,original,sg-0641,gc-0625,one plain original per evidence source group; no dataset resize/offline augmentation; pipeline online only,plain_base,none,true,,valid three-class raw regions; U01 drop raw region #3; standard background/FP; no ignore region,,train,0,0,2,2,0
10.17632/gfcmdbvw65.4,v4,dataset-20260508.zip,049591afd4fc3529aedbd31ef9119f5ec0601ebcb8cbbd4a25b7e883fde147ce,d2-v4-stage2b5-v1,12_freeze_d2_protocol.py@1 + 10_prepare_d2_freeze_candidate.py@1,a587d1d3cf826ec476fe91356f472b4a1a2b78eca51376c392fc16846b825caf,1db875a1eb10d95d654d0f2d27a52815794db0d8,13436313853456744620,3589472428,70/15/15,train,IMG_53910.jpg,dataset-20260508/train/IMG_53910.jpg,dataset-20260508/train.json,original,sg-0642,gc-0626,one plain original per evidence source group; no dataset resize/offline augmentation; pipeline online only,plain_base,none,true,,valid three-class raw regions; U01 drop raw region #3; standard background/FP; no ignore region,,train,0,0,2,2,0
10.17632/gfcmdbvw65.4,v4,dataset-20260508.zip,049591afd4fc3529aedbd31ef9119f5ec0601ebcb8cbbd4a25b7e883fde147ce,d2-v4-stage2b5-v1,12_freeze_d2_protocol.py@1 + 10_prepare_d2_freeze_candidate.py@1,a587d1d3cf826ec476fe91356f472b4a1a2b78eca51376c392fc16846b825caf,1db875a1eb10d95d654d0f2d27a52815794db0d8,13436313853456744620,3589472428,70/15/15,train,IMG_5392.jpg,dataset-20260508/train/IMG_5392.jpg,dataset-20260508/train.json,original,sg-0643,gc-0627,one plain original per evidence source group; no dataset resize/offline augmentation; pipeline online only,plain_base,none,true,,valid three-class raw regions; U01 drop raw region #3; standard background/FP; no ignore region,,test,0,0,2,2,0
10.17632/gfcmdbvw65.4,v4,dataset-20260508.zip,049591afd4fc3529aedbd31ef9119f5ec0601ebcb8cbbd4a25b7e883fde147ce,d2-v4-stage2b5-v1,12_freeze_d2_protocol.py@1 + 10_prepare_d2_freeze_candidate.py@1,a587d1d3cf826ec476fe91356f472b4a1a2b78eca51376c392fc16846b825caf,1db875a1eb10d95d654d0f2d27a52815794db0d8,13436313853456744620,3589472428,70/15/15,train,IMG_53940.jpg,dataset-20260508/train/IMG_53940.jpg,dataset-20260508/train.json,original,sg-0644,gc-0628,one plain original per evidence source group; no dataset resize/offline augmentation; pipeline online only,plain_base,none,true,,valid three-class raw regions; U01 drop raw region #3; standard background/FP; no ignore region,,train,0,0,2,2,0
10.17632/gfcmdbvw65.4,v4,dataset-20260508.zip,049591afd4fc3529aedbd31ef9119f5ec0601ebcb8cbbd4a25b7e883fde147ce,d2-v4-stage2b5-v1,12_freeze_d2_protocol.py@1 + 10_prepare_d2_freeze_candidate.py@1,a587d1d3cf826ec476fe91356f472b4a1a2b78eca51376c392fc16846b825caf,1db875a1eb10d95d654d0f2d27a52815794db0d8,13436313853456744620,3589472428,70/15/15,train,IMG_53960.jpg,dataset-20260508/train/IMG_53960.jpg,dataset-20260508/train.json,original,sg-0645,gc-0629,one plain original per evidence source group; no dataset resize/offline augmentation; pipeline online only,plain_base,none,true,,valid three-class raw regions; U01 drop raw region #3; standard background/FP; no ignore region,,train,0,0,1,1,0
10.17632/gfcmdbvw65.4,v4,dataset-20260508.zip,049591afd4fc3529aedbd31ef9119f5ec0601ebcb8cbbd4a25b7e883fde147ce,d2-v4-stage2b5-v1,12_freeze_d2_protocol.py@1 + 10_prepare_d2_freeze_candidate.py@1,a587d1d3cf826ec476fe91356f472b4a1a2b78eca51376c392fc16846b825caf,1db875a1eb10d95d654d0f2d27a52815794db0d8,13436313853456744620,3589472428,70/15/15,train,IMG_53980.jpg,dataset-20260508/train/IMG_53980.jpg,dataset-20260508/train.json,original,sg-0646,gc-0630,one plain original per evidence source group; no dataset resize/offline augmentation; pipeline online only,plain_base,none,true,,valid three-class raw regions; U01 drop raw region #3; standard background/FP; no ignore region,,train,0,0,1,1,0
10.17632/gfcmdbvw65.4,v4,dataset-20260508.zip,049591afd4fc3529aedbd31ef9119f5ec0601ebcb8cbbd4a25b7e883fde147ce,d2-v4-stage2b5-v1,12_freeze_d2_protocol.py@1 + 10_prepare_d2_freeze_candidate.py@1,a587d1d3cf826ec476fe91356f472b4a1a2b78eca51376c392fc16846b825caf,1db875a1eb10d95d654d0f2d27a52815794db0d8,13436313853456744620,3589472428,70/15/15,train,IMG_53990.jpg,dataset-20260508/train/IMG_53990.jpg,dataset-20260508/train.json,original,sg-0647,gc-0631,one plain original per evidence source group; no dataset resize/offline augmentation; pipeline online only,plain_base,none,true,,valid three-class raw regions; U01 drop raw region #3; standard background/FP; no ignore region,,test,0,0,2,2,0
10.17632/gfcmdbvw65.4,v4,dataset-20260508.zip,049591afd4fc3529aedbd31ef9119f5ec0601ebcb8cbbd4a25b7e883fde147ce,d2-v4-stage2b5-v1,12_freeze_d2_protocol.py@1 + 10_prepare_d2_freeze_candidate.py@1,a587d1d3cf826ec476fe91356f472b4a1a2b78eca51376c392fc16846b825caf,1db875a1eb10d95d654d0f2d27a52815794db0d8,13436313853456744620,3589472428,70/15/15,train,IMG_54000.jpg,dataset-20260508/train/IMG_54000.jpg,dataset-20260508/train.json,original,sg-0648,gc-0632,one plain original per evidence source group; no dataset resize/offline augmentation; pipeline online only,plain_base,none,true,,valid three-class raw regions; U01 drop raw region #3; standard background/FP; no ignore region,,train,0,0,1,1,0
10.17632/gfcmdbvw65.4,v4,dataset-20260508.zip,049591afd4fc3529aedbd31ef9119f5ec0601ebcb8cbbd4a25b7e883fde147ce,d2-v4-stage2b5-v1,12_freeze_d2_protocol.py@1 + 10_prepare_d2_freeze_candidate.py@1,a587d1d3cf826ec476fe91356f472b4a1a2b78eca51376c392fc16846b825caf,1db875a1eb10d95d654d0f2d27a52815794db0d8,13436313853456744620,3589472428,70/15/15,train,IMG_5401.jpg,dataset-20260508/train/IMG_5401.jpg,dataset-20260508/train.json,original,sg-0649,gc-0633,one plain original per evidence source group; no dataset resize/offline augmentation; pipeline online only,plain_base,none,true,,valid three-class raw regions; U01 drop raw region #3; standard background/FP; no ignore region,,val,0,0,1,1,0
10.17632/gfcmdbvw65.4,v4,dataset-20260508.zip,049591afd4fc3529aedbd31ef9119f5ec0601ebcb8cbbd4a25b7e883fde147ce,d2-v4-stage2b5-v1,12_freeze_d2_protocol.py@1 + 10_prepare_d2_freeze_candidate.py@1,a587d1d3cf826ec476fe91356f472b4a1a2b78eca51376c392fc16846b825caf,1db875a1eb10d95d654d0f2d27a52815794db0d8,13436313853456744620,3589472428,70/15/15,train,IMG_5402.jpg,dataset-20260508/train/IMG_5402.jpg,dataset-20260508/train.json,original,sg-0650,gc-0634,one plain original per evidence source group; no dataset resize/offline augmentation; pipeline online only,plain_base,none,true,,valid three-class raw regions; U01 drop raw region #3; standard background/FP; no ignore region,,val,0,0,1,1,0
10.17632/gfcmdbvw65.4,v4,dataset-20260508.zip,049591afd4fc3529aedbd31ef9119f5ec0601ebcb8cbbd4a25b7e883fde147ce,d2-v4-stage2b5-v1,12_freeze_d2_protocol.py@1 + 10_prepare_d2_freeze_candidate.py@1,a587d1d3cf826ec476fe91356f472b4a1a2b78eca51376c392fc16846b825caf,1db875a1eb10d95d654d0f2d27a52815794db0d8,13436313853456744620,3589472428,70/15/15,train,IMG_54030.jpg,dataset-20260508/train/IMG_54030.jpg,dataset-20260508/train.json,original,sg-0651,gc-0635,one plain original per evidence source group; no dataset resize/offline augmentation; pipeline online only,plain_base,none,true,,valid three-class raw regions; U01 drop raw region #3; standard background/FP; no ignore region,,train,0,0,1,1,0
10.17632/gfcmdbvw65.4,v4,dataset-20260508.zip,049591afd4fc3529aedbd31ef9119f5ec0601ebcb8cbbd4a25b7e883fde147ce,d2-v4-stage2b5-v1,12_freeze_d2_protocol.py@1 + 10_prepare_d2_freeze_candidate.py@1,a587d1d3cf826ec476fe91356f472b4a1a2b78eca51376c392fc16846b825caf,1db875a1eb10d95d654d0f2d27a52815794db0d8,13436313853456744620,3589472428,70/15/15,train,IMG_5404.jpg,dataset-20260508/train/IMG_5404.jpg,dataset-20260508/train.json,original,sg-0652,gc-0636,one plain original per evidence source group; no dataset resize/offline augmentation; pipeline online only,plain_base,none,true,,valid three-class raw regions; U01 drop raw region #3; standard background/FP; no ignore region,,test,0,0,1,1,0
10.17632/gfcmdbvw65.4,v4,dataset-20260508.zip,049591afd4fc3529aedbd31ef9119f5ec0601ebcb8cbbd4a25b7e883fde147ce,d2-v4-stage2b5-v1,12_freeze_d2_protocol.py@1 + 10_prepare_d2_freeze_candidate.py@1,a587d1d3cf826ec476fe91356f472b4a1a2b78eca51376c392fc16846b825caf,1db875a1eb10d95d654d0f2d27a52815794db0d8,13436313853456744620,3589472428,70/15/15,train,IMG_5406.jpg,dataset-20260508/train/IMG_5406.jpg,dataset-20260508/train.json,original,sg-0653,gc-0637,one plain original per evidence source group; no dataset resize/offline augmentation; pipeline online only,plain_base,none,true,,valid three-class raw regions; U01 drop raw region #3; standard background/FP; no ignore region,,train,0,0,1,1,0
10.17632/gfcmdbvw65.4,v4,dataset-20260508.zip,049591afd4fc3529aedbd31ef9119f5ec0601ebcb8cbbd4a25b7e883fde147ce,d2-v4-stage2b5-v1,12_freeze_d2_protocol.py@1 + 10_prepare_d2_freeze_candidate.py@1,a587d1d3cf826ec476fe91356f472b4a1a2b78eca51376c392fc16846b825caf,1db875a1eb10d95d654d0f2d27a52815794db0d8,13436313853456744620,3589472428,70/15/15,train,IMG_5407.jpg,dataset-20260508/train/IMG_5407.jpg,dataset-20260508/train.json,original,sg-0654,gc-0638,one plain original per evidence source group; no dataset resize/offline augmentation; pipeline online only,plain_base,none,true,,valid three-class raw regions; U01 drop raw region #3; standard background/FP; no ignore region,,train,1,0,0,1,0
10.17632/gfcmdbvw65.4,v4,dataset-20260508.zip,049591afd4fc3529aedbd31ef9119f5ec0601ebcb8cbbd4a25b7e883fde147ce,d2-v4-stage2b5-v1,12_freeze_d2_protocol.py@1 + 10_prepare_d2_freeze_candidate.py@1,a587d1d3cf826ec476fe91356f472b4a1a2b78eca51376c392fc16846b825caf,1db875a1eb10d95d654d0f2d27a52815794db0d8,13436313853456744620,3589472428,70/15/15,train,IMG_5408.jpg,dataset-20260508/train/IMG_5408.jpg,dataset-20260508/train.json,original,sg-0655,gc-0639,one plain original per evidence source group; no dataset resize/offline augmentation; pipeline online only,plain_base,none,true,,valid three-class raw regions; U01 drop raw region #3; standard background/FP; no ignore region,,train,1,0,0,1,0
10.17632/gfcmdbvw65.4,v4,dataset-20260508.zip,049591afd4fc3529aedbd31ef9119f5ec0601ebcb8cbbd4a25b7e883fde147ce,d2-v4-stage2b5-v1,12_freeze_d2_protocol.py@1 + 10_prepare_d2_freeze_candidate.py@1,a587d1d3cf826ec476fe91356f472b4a1a2b78eca51376c392fc16846b825caf,1db875a1eb10d95d654d0f2d27a52815794db0d8,13436313853456744620,3589472428,70/15/15,train,IMG_54100.jpg,dataset-20260508/train/IMG_54100.jpg,dataset-20260508/train.json,original,sg-0656,gc-0640,one plain original per evidence source group; no dataset resize/offline augmentation; pipeline online only,plain_base,none,true,,valid three-class raw regions; U01 drop raw region #3; standard background/FP; no ignore region,,test,0,1,0,1,0
10.17632/gfcmdbvw65.4,v4,dataset-20260508.zip,049591afd4fc3529aedbd31ef9119f5ec0601ebcb8cbbd4a25b7e883fde147ce,d2-v4-stage2b5-v1,12_freeze_d2_protocol.py@1 + 10_prepare_d2_freeze_candidate.py@1,a587d1d3cf826ec476fe91356f472b4a1a2b78eca51376c392fc16846b825caf,1db875a1eb10d95d654d0f2d27a52815794db0d8,13436313853456744620,3589472428,70/15/15,train,IMG_54110.jpg,dataset-20260508/train/IMG_54110.jpg,dataset-20260508/train.json,original,sg-0657,gc-0641,one plain original per evidence source group; no dataset resize/offline augmentation; pipeline online only,plain_base,none,true,,valid three-class raw regions; U01 drop raw region #3; standard background/FP; no ignore region,,train,1,0,0,1,0
10.17632/gfcmdbvw65.4,v4,dataset-20260508.zip,049591afd4fc3529aedbd31ef9119f5ec0601ebcb8cbbd4a25b7e883fde147ce,d2-v4-stage2b5-v1,12_freeze_d2_protocol.py@1 + 10_prepare_d2_freeze_candidate.py@1,a587d1d3cf826ec476fe91356f472b4a1a2b78eca51376c392fc16846b825caf,1db875a1eb10d95d654d0f2d27a52815794db0d8,13436313853456744620,3589472428,70/15/15,train,IMG_54120.jpg,dataset-20260508/train/IMG_54120.jpg,dataset-20260508/train.json,original,sg-0658,gc-0642,one plain original per evidence source group; no dataset resize/offline augmentation; pipeline online only,plain_base,none,true,,valid three-class raw regions; U01 drop raw region #3; standard background/FP; no ignore region,,test,1,0,0,1,0
10.17632/gfcmdbvw65.4,v4,dataset-20260508.zip,049591afd4fc3529aedbd31ef9119f5ec0601ebcb8cbbd4a25b7e883fde147ce,d2-v4-stage2b5-v1,12_freeze_d2_protocol.py@1 + 10_prepare_d2_freeze_candidate.py@1,a587d1d3cf826ec476fe91356f472b4a1a2b78eca51376c392fc16846b825caf,1db875a1eb10d95d654d0f2d27a52815794db0d8,13436313853456744620,3589472428,70/15/15,train,IMG_54150.jpg,dataset-20260508/train/IMG_54150.jpg,dataset-20260508/train.json,original,sg-0659,gc-0643,one plain original per evidence source group; no dataset resize/offline augmentation; pipeline online only,plain_base,none,true,,valid three-class raw regions; U01 drop raw region #3; standard background/FP; no ignore region,,train,3,0,0,3,0
10.17632/gfcmdbvw65.4,v4,dataset-20260508.zip,049591afd4fc3529aedbd31ef9119f5ec0601ebcb8cbbd4a25b7e883fde147ce,d2-v4-stage2b5-v1,12_freeze_d2_protocol.py@1 + 10_prepare_d2_freeze_candidate.py@1,a587d1d3cf826ec476fe91356f472b4a1a2b78eca51376c392fc16846b825caf,1db875a1eb10d95d654d0f2d27a52815794db0d8,13436313853456744620,3589472428,70/15/15,train,IMG_5417.jpg,dataset-20260508/train/IMG_5417.jpg,dataset-20260508/train.json,original,sg-0660,gc-0644,one plain original per evidence source group; no dataset resize/offline augmentation; pipeline online only,plain_base,none,true,,valid three-class raw regions; U01 drop raw region #3; standard background/FP; no ignore region,,train,1,0,0,1,0
10.17632/gfcmdbvw65.4,v4,dataset-20260508.zip,049591afd4fc3529aedbd31ef9119f5ec0601ebcb8cbbd4a25b7e883fde147ce,d2-v4-stage2b5-v1,12_freeze_d2_protocol.py@1 + 10_prepare_d2_freeze_candidate.py@1,a587d1d3cf826ec476fe91356f472b4a1a2b78eca51376c392fc16846b825caf,1db875a1eb10d95d654d0f2d27a52815794db0d8,13436313853456744620,3589472428,70/15/15,train,IMG_54200.jpg,dataset-20260508/train/IMG_54200.jpg,dataset-20260508/train.json,original,sg-0661,gc-0645,one plain original per evidence source group; no dataset resize/offline augmentation; pipeline online only,plain_base,none,true,,valid three-class raw regions; U01 drop raw region #3; standard background/FP; no ignore region,,train,0,1,0,1,0
10.17632/gfcmdbvw65.4,v4,dataset-20260508.zip,049591afd4fc3529aedbd31ef9119f5ec0601ebcb8cbbd4a25b7e883fde147ce,d2-v4-stage2b5-v1,12_freeze_d2_protocol.py@1 + 10_prepare_d2_freeze_candidate.py@1,a587d1d3cf826ec476fe91356f472b4a1a2b78eca51376c392fc16846b825caf,1db875a1eb10d95d654d0f2d27a52815794db0d8,13436313853456744620,3589472428,70/15/15,train,IMG_54210.jpg,dataset-20260508/train/IMG_54210.jpg,dataset-20260508/train.json,original,sg-0662,gc-0646,one plain original per evidence source group; no dataset resize/offline augmentation; pipeline online only,plain_base,none,true,,valid three-class raw regions; U01 drop raw region #3; standard background/FP; no ignore region,,val,0,0,1,1,0
10.17632/gfcmdbvw65.4,v4,dataset-20260508.zip,049591afd4fc3529aedbd31ef9119f5ec0601ebcb8cbbd4a25b7e883fde147ce,d2-v4-stage2b5-v1,12_freeze_d2_protocol.py@1 + 10_prepare_d2_freeze_candidate.py@1,a587d1d3cf826ec476fe91356f472b4a1a2b78eca51376c392fc16846b825caf,1db875a1eb10d95d654d0f2d27a52815794db0d8,13436313853456744620,3589472428,70/15/15,train,IMG_54220.jpg,dataset-20260508/train/IMG_54220.jpg,dataset-20260508/train.json,original,sg-0663,gc-0647,one plain original per evidence source group; no dataset resize/offline augmentation; pipeline online only,plain_base,none,true,,valid three-class raw regions; U01 drop raw region #3; standard background/FP; no ignore region,,train,0,0,1,1,0
10.17632/gfcmdbvw65.4,v4,dataset-20260508.zip,049591afd4fc3529aedbd31ef9119f5ec0601ebcb8cbbd4a25b7e883fde147ce,d2-v4-stage2b5-v1,12_freeze_d2_protocol.py@1 + 10_prepare_d2_freeze_candidate.py@1,a587d1d3cf826ec476fe91356f472b4a1a2b78eca51376c392fc16846b825caf,1db875a1eb10d95d654d0f2d27a52815794db0d8,13436313853456744620,3589472428,70/15/15,train,IMG_54230.jpg,dataset-20260508/train/IMG_54230.jpg,dataset-20260508/train.json,original,sg-0664,gc-0648,one plain original per evidence source group; no dataset resize/offline augmentation; pipeline online only,plain_base,none,true,,valid three-class raw regions; U01 drop raw region #3; standard background/FP; no ignore region,,train,0,0,1,1,0
10.17632/gfcmdbvw65.4,v4,dataset-20260508.zip,049591afd4fc3529aedbd31ef9119f5ec0601ebcb8cbbd4a25b7e883fde147ce,d2-v4-stage2b5-v1,12_freeze_d2_protocol.py@1 + 10_prepare_d2_freeze_candidate.py@1,a587d1d3cf826ec476fe91356f472b4a1a2b78eca51376c392fc16846b825caf,1db875a1eb10d95d654d0f2d27a52815794db0d8,13436313853456744620,3589472428,70/15/15,train,IMG_54240.jpg,dataset-20260508/train/IMG_54240.jpg,dataset-20260508/train.json,original,sg-0665,gc-0649,one plain original per evidence source group; no dataset resize/offline augmentation; pipeline online only,plain_base,none,true,,valid three-class raw regions; U01 drop raw region #3; standard background/FP; no ignore region,,train,0,0,1,1,0
10.17632/gfcmdbvw65.4,v4,dataset-20260508.zip,049591afd4fc3529aedbd31ef9119f5ec0601ebcb8cbbd4a25b7e883fde147ce,d2-v4-stage2b5-v1,12_freeze_d2_protocol.py@1 + 10_prepare_d2_freeze_candidate.py@1,a587d1d3cf826ec476fe91356f472b4a1a2b78eca51376c392fc16846b825caf,1db875a1eb10d95d654d0f2d27a52815794db0d8,13436313853456744620,3589472428,70/15/15,train,IMG_5425.jpg,dataset-20260508/train/IMG_5425.jpg,dataset-20260508/train.json,original,sg-0666,gc-0650,one plain original per evidence source group; no dataset resize/offline augmentation; pipeline online only,plain_base,none,true,,valid three-class raw regions; U01 drop raw region #3; standard background/FP; no ignore region,,test,0,0,1,1,0
10.17632/gfcmdbvw65.4,v4,dataset-20260508.zip,049591afd4fc3529aedbd31ef9119f5ec0601ebcb8cbbd4a25b7e883fde147ce,d2-v4-stage2b5-v1,12_freeze_d2_protocol.py@1 + 10_prepare_d2_freeze_candidate.py@1,a587d1d3cf826ec476fe91356f472b4a1a2b78eca51376c392fc16846b825caf,1db875a1eb10d95d654d0f2d27a52815794db0d8,13436313853456744620,3589472428,70/15/15,train,IMG_54260.jpg,dataset-20260508/train/IMG_54260.jpg,dataset-20260508/train.json,original,sg-0667,gc-0651,one plain original per evidence source group; no dataset resize/offline augmentation; pipeline online only,plain_base,none,true,,valid three-class raw regions; U01 drop raw region #3; standard background/FP; no ignore region,,train,0,0,1,1,0
10.17632/gfcmdbvw65.4,v4,dataset-20260508.zip,049591afd4fc3529aedbd31ef9119f5ec0601ebcb8cbbd4a25b7e883fde147ce,d2-v4-stage2b5-v1,12_freeze_d2_protocol.py@1 + 10_prepare_d2_freeze_candidate.py@1,a587d1d3cf826ec476fe91356f472b4a1a2b78eca51376c392fc16846b825caf,1db875a1eb10d95d654d0f2d27a52815794db0d8,13436313853456744620,3589472428,70/15/15,train,IMG_54270.jpg,dataset-20260508/train/IMG_54270.jpg,dataset-20260508/train.json,original,sg-0668,gc-0652,one plain original per evidence source group; no dataset resize/offline augmentation; pipeline online only,plain_base,none,true,,valid three-class raw regions; U01 drop raw region #3; standard background/FP; no ignore region,,train,0,0,2,2,0
10.17632/gfcmdbvw65.4,v4,dataset-20260508.zip,049591afd4fc3529aedbd31ef9119f5ec0601ebcb8cbbd4a25b7e883fde147ce,d2-v4-stage2b5-v1,12_freeze_d2_protocol.py@1 + 10_prepare_d2_freeze_candidate.py@1,a587d1d3cf826ec476fe91356f472b4a1a2b78eca51376c392fc16846b825caf,1db875a1eb10d95d654d0f2d27a52815794db0d8,13436313853456744620,3589472428,70/15/15,train,IMG_5431.jpg,dataset-20260508/train/IMG_5431.jpg,dataset-20260508/train.json,original,sg-0669,gc-0653,one plain original per evidence source group; no dataset resize/offline augmentation; pipeline online only,plain_base,none,true,,valid three-class raw regions; U01 drop raw region #3; standard background/FP; no ignore region,,test,0,0,1,1,0
10.17632/gfcmdbvw65.4,v4,dataset-20260508.zip,049591afd4fc3529aedbd31ef9119f5ec0601ebcb8cbbd4a25b7e883fde147ce,d2-v4-stage2b5-v1,12_freeze_d2_protocol.py@1 + 10_prepare_d2_freeze_candidate.py@1,a587d1d3cf826ec476fe91356f472b4a1a2b78eca51376c392fc16846b825caf,1db875a1eb10d95d654d0f2d27a52815794db0d8,13436313853456744620,3589472428,70/15/15,train,IMG_54320.jpg,dataset-20260508/train/IMG_54320.jpg,dataset-20260508/train.json,original,sg-0670,gc-0654,one plain original per evidence source group; no dataset resize/offline augmentation; pipeline online only,plain_base,none,true,,valid three-class raw regions; U01 drop raw region #3; standard background/FP; no ignore region,,train,0,0,1,1,0
10.17632/gfcmdbvw65.4,v4,dataset-20260508.zip,049591afd4fc3529aedbd31ef9119f5ec0601ebcb8cbbd4a25b7e883fde147ce,d2-v4-stage2b5-v1,12_freeze_d2_protocol.py@1 + 10_prepare_d2_freeze_candidate.py@1,a587d1d3cf826ec476fe91356f472b4a1a2b78eca51376c392fc16846b825caf,1db875a1eb10d95d654d0f2d27a52815794db0d8,13436313853456744620,3589472428,70/15/15,train,IMG_54330.jpg,dataset-20260508/train/IMG_54330.jpg,dataset-20260508/train.json,original,sg-0671,gc-0655,one plain original per evidence source group; no dataset resize/offline augmentation; pipeline online only,plain_base,none,true,,valid three-class raw regions; U01 drop raw region #3; standard background/FP; no ignore region,,train,0,0,1,1,0
10.17632/gfcmdbvw65.4,v4,dataset-20260508.zip,049591afd4fc3529aedbd31ef9119f5ec0601ebcb8cbbd4a25b7e883fde147ce,d2-v4-stage2b5-v1,12_freeze_d2_protocol.py@1 + 10_prepare_d2_freeze_candidate.py@1,a587d1d3cf826ec476fe91356f472b4a1a2b78eca51376c392fc16846b825caf,1db875a1eb10d95d654d0f2d27a52815794db0d8,13436313853456744620,3589472428,70/15/15,train,IMG_54340.jpg,dataset-20260508/train/IMG_54340.jpg,dataset-20260508/train.json,original,sg-0672,gc-0656,one plain original per evidence source group; no dataset resize/offline augmentation; pipeline online only,plain_base,none,true,,valid three-class raw regions; U01 drop raw region #3; standard background/FP; no ignore region,,val,0,0,1,1,0
10.17632/gfcmdbvw65.4,v4,dataset-20260508.zip,049591afd4fc3529aedbd31ef9119f5ec0601ebcb8cbbd4a25b7e883fde147ce,d2-v4-stage2b5-v1,12_freeze_d2_protocol.py@1 + 10_prepare_d2_freeze_candidate.py@1,a587d1d3cf826ec476fe91356f472b4a1a2b78eca51376c392fc16846b825caf,1db875a1eb10d95d654d0f2d27a52815794db0d8,13436313853456744620,3589472428,70/15/15,train,IMG_54360.jpg,dataset-20260508/train/IMG_54360.jpg,dataset-20260508/train.json,original,sg-0673,gc-0657,one plain original per evidence source group; no dataset resize/offline augmentation; pipeline online only,plain_base,none,true,,valid three-class raw regions; U01 drop raw region #3; standard background/FP; no ignore region,,test,0,1,0,1,0
10.17632/gfcmdbvw65.4,v4,dataset-20260508.zip,049591afd4fc3529aedbd31ef9119f5ec0601ebcb8cbbd4a25b7e883fde147ce,d2-v4-stage2b5-v1,12_freeze_d2_protocol.py@1 + 10_prepare_d2_freeze_candidate.py@1,a587d1d3cf826ec476fe91356f472b4a1a2b78eca51376c392fc16846b825caf,1db875a1eb10d95d654d0f2d27a52815794db0d8,13436313853456744620,3589472428,70/15/15,train,IMG_54380.jpg,dataset-20260508/train/IMG_54380.jpg,dataset-20260508/train.json,original,sg-0674,gc-0658,one plain original per evidence source group; no dataset resize/offline augmentation; pipeline online only,plain_base,none,true,,valid three-class raw regions; U01 drop raw region #3; standard background/FP; no ignore region,,train,0,0,2,2,0
10.17632/gfcmdbvw65.4,v4,dataset-20260508.zip,049591afd4fc3529aedbd31ef9119f5ec0601ebcb8cbbd4a25b7e883fde147ce,d2-v4-stage2b5-v1,12_freeze_d2_protocol.py@1 + 10_prepare_d2_freeze_candidate.py@1,a587d1d3cf826ec476fe91356f472b4a1a2b78eca51376c392fc16846b825caf,1db875a1eb10d95d654d0f2d27a52815794db0d8,13436313853456744620,3589472428,70/15/15,train,IMG_5439.jpg,dataset-20260508/train/IMG_5439.jpg,dataset-20260508/train.json,original,sg-0675,gc-0659,one plain original per evidence source group; no dataset resize/offline augmentation; pipeline online only,plain_base,none,true,,valid three-class raw regions; U01 drop raw region #3; standard background/FP; no ignore region,,val,0,0,1,1,0
10.17632/gfcmdbvw65.4,v4,dataset-20260508.zip,049591afd4fc3529aedbd31ef9119f5ec0601ebcb8cbbd4a25b7e883fde147ce,d2-v4-stage2b5-v1,12_freeze_d2_protocol.py@1 + 10_prepare_d2_freeze_candidate.py@1,a587d1d3cf826ec476fe91356f472b4a1a2b78eca51376c392fc16846b825caf,1db875a1eb10d95d654d0f2d27a52815794db0d8,13436313853456744620,3589472428,70/15/15,train,IMG_54400.jpg,dataset-20260508/train/IMG_54400.jpg,dataset-20260508/train.json,original,sg-0676,gc-0660,one plain original per evidence source group; no dataset resize/offline augmentation; pipeline online only,plain_base,none,true,,valid three-class raw regions; U01 drop raw region #3; standard background/FP; no ignore region,,train,0,1,2,3,1
10.17632/gfcmdbvw65.4,v4,dataset-20260508.zip,049591afd4fc3529aedbd31ef9119f5ec0601ebcb8cbbd4a25b7e883fde147ce,d2-v4-stage2b5-v1,12_freeze_d2_protocol.py@1 + 10_prepare_d2_freeze_candidate.py@1,a587d1d3cf826ec476fe91356f472b4a1a2b78eca51376c392fc16846b825caf,1db875a1eb10d95d654d0f2d27a52815794db0d8,13436313853456744620,3589472428,70/15/15,train,IMG_5443.jpg,dataset-20260508/train/IMG_5443.jpg,dataset-20260508/train.json,original,sg-0677,gc-0661,one plain original per evidence source group; no dataset resize/offline augmentation; pipeline online only,plain_base,none,true,,valid three-class raw regions; U01 drop raw region #3; standard background/FP; no ignore region,,val,0,0,2,2,0
10.17632/gfcmdbvw65.4,v4,dataset-20260508.zip,049591afd4fc3529aedbd31ef9119f5ec0601ebcb8cbbd4a25b7e883fde147ce,d2-v4-stage2b5-v1,12_freeze_d2_protocol.py@1 + 10_prepare_d2_freeze_candidate.py@1,a587d1d3cf826ec476fe91356f472b4a1a2b78eca51376c392fc16846b825caf,1db875a1eb10d95d654d0f2d27a52815794db0d8,13436313853456744620,3589472428,70/15/15,train,IMG_54460.jpg,dataset-20260508/train/IMG_54460.jpg,dataset-20260508/train.json,original,sg-0678,gc-0662,one plain original per evidence source group; no dataset resize/offline augmentation; pipeline online only,plain_base,none,true,,valid three-class raw regions; U01 drop raw region #3; standard background/FP; no ignore region,,test,0,0,2,2,0
10.17632/gfcmdbvw65.4,v4,dataset-20260508.zip,049591afd4fc3529aedbd31ef9119f5ec0601ebcb8cbbd4a25b7e883fde147ce,d2-v4-stage2b5-v1,12_freeze_d2_protocol.py@1 + 10_prepare_d2_freeze_candidate.py@1,a587d1d3cf826ec476fe91356f472b4a1a2b78eca51376c392fc16846b825caf,1db875a1eb10d95d654d0f2d27a52815794db0d8,13436313853456744620,3589472428,70/15/15,train,IMG_54480.jpg,dataset-20260508/train/IMG_54480.jpg,dataset-20260508/train.json,original,sg-0679,gc-0663,one plain original per evidence source group; no dataset resize/offline augmentation; pipeline online only,plain_base,none,true,,valid three-class raw regions; U01 drop raw region #3; standard background/FP; no ignore region,,test,0,0,1,1,0
10.17632/gfcmdbvw65.4,v4,dataset-20260508.zip,049591afd4fc3529aedbd31ef9119f5ec0601ebcb8cbbd4a25b7e883fde147ce,d2-v4-stage2b5-v1,12_freeze_d2_protocol.py@1 + 10_prepare_d2_freeze_candidate.py@1,a587d1d3cf826ec476fe91356f472b4a1a2b78eca51376c392fc16846b825caf,1db875a1eb10d95d654d0f2d27a52815794db0d8,13436313853456744620,3589472428,70/15/15,train,IMG_5449.jpg,dataset-20260508/train/IMG_5449.jpg,dataset-20260508/train.json,original,sg-0680,gc-0664,one plain original per evidence source group; no dataset resize/offline augmentation; pipeline online only,plain_base,none,true,,valid three-class raw regions; U01 drop raw region #3; standard background/FP; no ignore region,,train,2,0,0,2,0
10.17632/gfcmdbvw65.4,v4,dataset-20260508.zip,049591afd4fc3529aedbd31ef9119f5ec0601ebcb8cbbd4a25b7e883fde147ce,d2-v4-stage2b5-v1,12_freeze_d2_protocol.py@1 + 10_prepare_d2_freeze_candidate.py@1,a587d1d3cf826ec476fe91356f472b4a1a2b78eca51376c392fc16846b825caf,1db875a1eb10d95d654d0f2d27a52815794db0d8,13436313853456744620,3589472428,70/15/15,train,IMG_5451.jpg,dataset-20260508/train/IMG_5451.jpg,dataset-20260508/train.json,original,sg-0681,gc-0665,one plain original per evidence source group; no dataset resize/offline augmentation; pipeline online only,plain_base,none,true,,valid three-class raw regions; U01 drop raw region #3; standard background/FP; no ignore region,,train,2,0,0,2,0
10.17632/gfcmdbvw65.4,v4,dataset-20260508.zip,049591afd4fc3529aedbd31ef9119f5ec0601ebcb8cbbd4a25b7e883fde147ce,d2-v4-stage2b5-v1,12_freeze_d2_protocol.py@1 + 10_prepare_d2_freeze_candidate.py@1,a587d1d3cf826ec476fe91356f472b4a1a2b78eca51376c392fc16846b825caf,1db875a1eb10d95d654d0f2d27a52815794db0d8,13436313853456744620,3589472428,70/15/15,train,IMG_5452.jpg,dataset-20260508/train/IMG_5452.jpg,dataset-20260508/train.json,original,sg-0682,gc-0666,one plain original per evidence source group; no dataset resize/offline augmentation; pipeline online only,plain_base,none,true,,valid three-class raw regions; U01 drop raw region #3; standard background/FP; no ignore region,,test,3,0,0,3,0
10.17632/gfcmdbvw65.4,v4,dataset-20260508.zip,049591afd4fc3529aedbd31ef9119f5ec0601ebcb8cbbd4a25b7e883fde147ce,d2-v4-stage2b5-v1,12_freeze_d2_protocol.py@1 + 10_prepare_d2_freeze_candidate.py@1,a587d1d3cf826ec476fe91356f472b4a1a2b78eca51376c392fc16846b825caf,1db875a1eb10d95d654d0f2d27a52815794db0d8,13436313853456744620,3589472428,70/15/15,train,IMG_54530.jpg,dataset-20260508/train/IMG_54530.jpg,dataset-20260508/train.json,original,sg-0683,gc-0667,one plain original per evidence source group; no dataset resize/offline augmentation; pipeline online only,plain_base,none,true,,valid three-class raw regions; U01 drop raw region #3; standard background/FP; no ignore region,,train,0,0,1,1,0
10.17632/gfcmdbvw65.4,v4,dataset-20260508.zip,049591afd4fc3529aedbd31ef9119f5ec0601ebcb8cbbd4a25b7e883fde147ce,d2-v4-stage2b5-v1,12_freeze_d2_protocol.py@1 + 10_prepare_d2_freeze_candidate.py@1,a587d1d3cf826ec476fe91356f472b4a1a2b78eca51376c392fc16846b825caf,1db875a1eb10d95d654d0f2d27a52815794db0d8,13436313853456744620,3589472428,70/15/15,train,IMG_54570.jpg,dataset-20260508/train/IMG_54570.jpg,dataset-20260508/train.json,original,sg-0684,gc-0668,one plain original per evidence source group; no dataset resize/offline augmentation; pipeline online only,plain_base,none,true,,valid three-class raw regions; U01 drop raw region #3; standard background/FP; no ignore region,,train,0,0,2,2,0
10.17632/gfcmdbvw65.4,v4,dataset-20260508.zip,049591afd4fc3529aedbd31ef9119f5ec0601ebcb8cbbd4a25b7e883fde147ce,d2-v4-stage2b5-v1,12_freeze_d2_protocol.py@1 + 10_prepare_d2_freeze_candidate.py@1,a587d1d3cf826ec476fe91356f472b4a1a2b78eca51376c392fc16846b825caf,1db875a1eb10d95d654d0f2d27a52815794db0d8,13436313853456744620,3589472428,70/15/15,train,IMG_54580.jpg,dataset-20260508/train/IMG_54580.jpg,dataset-20260508/train.json,original,sg-0685,gc-0669,one plain original per evidence source group; no dataset resize/offline augmentation; pipeline online only,plain_base,none,true,,valid three-class raw regions; U01 drop raw region #3; standard background/FP; no ignore region,,train,0,1,1,2,1
10.17632/gfcmdbvw65.4,v4,dataset-20260508.zip,049591afd4fc3529aedbd31ef9119f5ec0601ebcb8cbbd4a25b7e883fde147ce,d2-v4-stage2b5-v1,12_freeze_d2_protocol.py@1 + 10_prepare_d2_freeze_candidate.py@1,a587d1d3cf826ec476fe91356f472b4a1a2b78eca51376c392fc16846b825caf,1db875a1eb10d95d654d0f2d27a52815794db0d8,13436313853456744620,3589472428,70/15/15,train,IMG_54590.jpg,dataset-20260508/train/IMG_54590.jpg,dataset-20260508/train.json,original,sg-0686,gc-0670,one plain original per evidence source group; no dataset resize/offline augmentation; pipeline online only,plain_base,none,true,,valid three-class raw regions; U01 drop raw region #3; standard background/FP; no ignore region,,train,0,2,0,2,0
10.17632/gfcmdbvw65.4,v4,dataset-20260508.zip,049591afd4fc3529aedbd31ef9119f5ec0601ebcb8cbbd4a25b7e883fde147ce,d2-v4-stage2b5-v1,12_freeze_d2_protocol.py@1 + 10_prepare_d2_freeze_candidate.py@1,a587d1d3cf826ec476fe91356f472b4a1a2b78eca51376c392fc16846b825caf,1db875a1eb10d95d654d0f2d27a52815794db0d8,13436313853456744620,3589472428,70/15/15,train,IMG_54600.jpg,dataset-20260508/train/IMG_54600.jpg,dataset-20260508/train.json,original,sg-0687,gc-0671,one plain original per evidence source group; no dataset resize/offline augmentation; pipeline online only,plain_base,none,true,,valid three-class raw regions; U01 drop raw region #3; standard background/FP; no ignore region,,train,0,0,1,1,0
10.17632/gfcmdbvw65.4,v4,dataset-20260508.zip,049591afd4fc3529aedbd31ef9119f5ec0601ebcb8cbbd4a25b7e883fde147ce,d2-v4-stage2b5-v1,12_freeze_d2_protocol.py@1 + 10_prepare_d2_freeze_candidate.py@1,a587d1d3cf826ec476fe91356f472b4a1a2b78eca51376c392fc16846b825caf,1db875a1eb10d95d654d0f2d27a52815794db0d8,13436313853456744620,3589472428,70/15/15,train,IMG_54610.jpg,dataset-20260508/train/IMG_54610.jpg,dataset-20260508/train.json,original,sg-0688,gc-0672,one plain original per evidence source group; no dataset resize/offline augmentation; pipeline online only,plain_base,none,true,,valid three-class raw regions; U01 drop raw region #3; standard background/FP; no ignore region,,train,3,1,0,4,1
10.17632/gfcmdbvw65.4,v4,dataset-20260508.zip,049591afd4fc3529aedbd31ef9119f5ec0601ebcb8cbbd4a25b7e883fde147ce,d2-v4-stage2b5-v1,12_freeze_d2_protocol.py@1 + 10_prepare_d2_freeze_candidate.py@1,a587d1d3cf826ec476fe91356f472b4a1a2b78eca51376c392fc16846b825caf,1db875a1eb10d95d654d0f2d27a52815794db0d8,13436313853456744620,3589472428,70/15/15,train,IMG_54620.jpg,dataset-20260508/train/IMG_54620.jpg,dataset-20260508/train.json,original,sg-0689,gc-0673,one plain original per evidence source group; no dataset resize/offline augmentation; pipeline online only,plain_base,none,true,,valid three-class raw regions; U01 drop raw region #3; standard background/FP; no ignore region,,train,0,1,0,1,0
10.17632/gfcmdbvw65.4,v4,dataset-20260508.zip,049591afd4fc3529aedbd31ef9119f5ec0601ebcb8cbbd4a25b7e883fde147ce,d2-v4-stage2b5-v1,12_freeze_d2_protocol.py@1 + 10_prepare_d2_freeze_candidate.py@1,a587d1d3cf826ec476fe91356f472b4a1a2b78eca51376c392fc16846b825caf,1db875a1eb10d95d654d0f2d27a52815794db0d8,13436313853456744620,3589472428,70/15/15,train,IMG_54630.jpg,dataset-20260508/train/IMG_54630.jpg,dataset-20260508/train.json,original,sg-0690,gc-0674,one plain original per evidence source group; no dataset resize/offline augmentation; pipeline online only,plain_base,none,true,,valid three-class raw regions; U01 drop raw region #3; standard background/FP; no ignore region,,val,1,0,0,1,0
10.17632/gfcmdbvw65.4,v4,dataset-20260508.zip,049591afd4fc3529aedbd31ef9119f5ec0601ebcb8cbbd4a25b7e883fde147ce,d2-v4-stage2b5-v1,12_freeze_d2_protocol.py@1 + 10_prepare_d2_freeze_candidate.py@1,a587d1d3cf826ec476fe91356f472b4a1a2b78eca51376c392fc16846b825caf,1db875a1eb10d95d654d0f2d27a52815794db0d8,13436313853456744620,3589472428,70/15/15,train,IMG_5464.jpg,dataset-20260508/train/IMG_5464.jpg,dataset-20260508/train.json,original,sg-0691,gc-0675,one plain original per evidence source group; no dataset resize/offline augmentation; pipeline online only,plain_base,none,true,,valid three-class raw regions; U01 drop raw region #3; standard background/FP; no ignore region,,val,1,0,0,1,0
10.17632/gfcmdbvw65.4,v4,dataset-20260508.zip,049591afd4fc3529aedbd31ef9119f5ec0601ebcb8cbbd4a25b7e883fde147ce,d2-v4-stage2b5-v1,12_freeze_d2_protocol.py@1 + 10_prepare_d2_freeze_candidate.py@1,a587d1d3cf826ec476fe91356f472b4a1a2b78eca51376c392fc16846b825caf,1db875a1eb10d95d654d0f2d27a52815794db0d8,13436313853456744620,3589472428,70/15/15,train,IMG_54650.jpg,dataset-20260508/train/IMG_54650.jpg,dataset-20260508/train.json,original,sg-0692,gc-0676,one plain original per evidence source group; no dataset resize/offline augmentation; pipeline online only,plain_base,none,true,,valid three-class raw regions; U01 drop raw region #3; standard background/FP; no ignore region,,train,1,0,0,1,0
10.17632/gfcmdbvw65.4,v4,dataset-20260508.zip,049591afd4fc3529aedbd31ef9119f5ec0601ebcb8cbbd4a25b7e883fde147ce,d2-v4-stage2b5-v1,12_freeze_d2_protocol.py@1 + 10_prepare_d2_freeze_candidate.py@1,a587d1d3cf826ec476fe91356f472b4a1a2b78eca51376c392fc16846b825caf,1db875a1eb10d95d654d0f2d27a52815794db0d8,13436313853456744620,3589472428,70/15/15,train,IMG_5471.jpg,dataset-20260508/train/IMG_5471.jpg,dataset-20260508/train.json,original,sg-0693,gc-0677,one plain original per evidence source group; no dataset resize/offline augmentation; pipeline online only,plain_base,none,true,,valid three-class raw regions; U01 drop raw region #3; standard background/FP; no ignore region,,val,0,0,1,1,0
10.17632/gfcmdbvw65.4,v4,dataset-20260508.zip,049591afd4fc3529aedbd31ef9119f5ec0601ebcb8cbbd4a25b7e883fde147ce,d2-v4-stage2b5-v1,12_freeze_d2_protocol.py@1 + 10_prepare_d2_freeze_candidate.py@1,a587d1d3cf826ec476fe91356f472b4a1a2b78eca51376c392fc16846b825caf,1db875a1eb10d95d654d0f2d27a52815794db0d8,13436313853456744620,3589472428,70/15/15,train,IMG_5473.jpg,dataset-20260508/train/IMG_5473.jpg,dataset-20260508/train.json,original,sg-0694,gc-0678,one plain original per evidence source group; no dataset resize/offline augmentation; pipeline online only,plain_base,none,true,,valid three-class raw regions; U01 drop raw region #3; standard background/FP; no ignore region,,train,1,0,0,1,0
10.17632/gfcmdbvw65.4,v4,dataset-20260508.zip,049591afd4fc3529aedbd31ef9119f5ec0601ebcb8cbbd4a25b7e883fde147ce,d2-v4-stage2b5-v1,12_freeze_d2_protocol.py@1 + 10_prepare_d2_freeze_candidate.py@1,a587d1d3cf826ec476fe91356f472b4a1a2b78eca51376c392fc16846b825caf,1db875a1eb10d95d654d0f2d27a52815794db0d8,13436313853456744620,3589472428,70/15/15,train,IMG_54740.jpg,dataset-20260508/train/IMG_54740.jpg,dataset-20260508/train.json,original,sg-0695,gc-0679,one plain original per evidence source group; no dataset resize/offline augmentation; pipeline online only,plain_base,none,true,,valid three-class raw regions; U01 drop raw region #3; standard background/FP; no ignore region,,test,1,0,0,1,0
10.17632/gfcmdbvw65.4,v4,dataset-20260508.zip,049591afd4fc3529aedbd31ef9119f5ec0601ebcb8cbbd4a25b7e883fde147ce,d2-v4-stage2b5-v1,12_freeze_d2_protocol.py@1 + 10_prepare_d2_freeze_candidate.py@1,a587d1d3cf826ec476fe91356f472b4a1a2b78eca51376c392fc16846b825caf,1db875a1eb10d95d654d0f2d27a52815794db0d8,13436313853456744620,3589472428,70/15/15,train,IMG_5475.jpg,dataset-20260508/train/IMG_5475.jpg,dataset-20260508/train.json,original,sg-0696,gc-0680,one plain original per evidence source group; no dataset resize/offline augmentation; pipeline online only,plain_base,none,true,,valid three-class raw regions; U01 drop raw region #3; standard background/FP; no ignore region,,train,2,0,0,2,0
10.17632/gfcmdbvw65.4,v4,dataset-20260508.zip,049591afd4fc3529aedbd31ef9119f5ec0601ebcb8cbbd4a25b7e883fde147ce,d2-v4-stage2b5-v1,12_freeze_d2_protocol.py@1 + 10_prepare_d2_freeze_candidate.py@1,a587d1d3cf826ec476fe91356f472b4a1a2b78eca51376c392fc16846b825caf,1db875a1eb10d95d654d0f2d27a52815794db0d8,13436313853456744620,3589472428,70/15/15,train,IMG_54760.jpg,dataset-20260508/train/IMG_54760.jpg,dataset-20260508/train.json,original,sg-0697,gc-0681,one plain original per evidence source group; no dataset resize/offline augmentation; pipeline online only,plain_base,none,true,,valid three-class raw regions; U01 drop raw region #3; standard background/FP; no ignore region,,train,3,0,0,3,0
10.17632/gfcmdbvw65.4,v4,dataset-20260508.zip,049591afd4fc3529aedbd31ef9119f5ec0601ebcb8cbbd4a25b7e883fde147ce,d2-v4-stage2b5-v1,12_freeze_d2_protocol.py@1 + 10_prepare_d2_freeze_candidate.py@1,a587d1d3cf826ec476fe91356f472b4a1a2b78eca51376c392fc16846b825caf,1db875a1eb10d95d654d0f2d27a52815794db0d8,13436313853456744620,3589472428,70/15/15,train,IMG_54770.jpg,dataset-20260508/train/IMG_54770.jpg,dataset-20260508/train.json,original,sg-0698,gc-0682,one plain original per evidence source group; no dataset resize/offline augmentation; pipeline online only,plain_base,none,true,,valid three-class raw regions; U01 drop raw region #3; standard background/FP; no ignore region,,val,1,0,0,1,0
10.17632/gfcmdbvw65.4,v4,dataset-20260508.zip,049591afd4fc3529aedbd31ef9119f5ec0601ebcb8cbbd4a25b7e883fde147ce,d2-v4-stage2b5-v1,12_freeze_d2_protocol.py@1 + 10_prepare_d2_freeze_candidate.py@1,a587d1d3cf826ec476fe91356f472b4a1a2b78eca51376c392fc16846b825caf,1db875a1eb10d95d654d0f2d27a52815794db0d8,13436313853456744620,3589472428,70/15/15,train,IMG_54780.jpg,dataset-20260508/train/IMG_54780.jpg,dataset-20260508/train.json,original,sg-0699,gc-0683,one plain original per evidence source group; no dataset resize/offline augmentation; pipeline online only,plain_base,none,true,,valid three-class raw regions; U01 drop raw region #3; standard background/FP; no ignore region,,train,2,0,0,2,0
10.17632/gfcmdbvw65.4,v4,dataset-20260508.zip,049591afd4fc3529aedbd31ef9119f5ec0601ebcb8cbbd4a25b7e883fde147ce,d2-v4-stage2b5-v1,12_freeze_d2_protocol.py@1 + 10_prepare_d2_freeze_candidate.py@1,a587d1d3cf826ec476fe91356f472b4a1a2b78eca51376c392fc16846b825caf,1db875a1eb10d95d654d0f2d27a52815794db0d8,13436313853456744620,3589472428,70/15/15,train,IMG_54790.jpg,dataset-20260508/train/IMG_54790.jpg,dataset-20260508/train.json,original,sg-0700,gc-0684,one plain original per evidence source group; no dataset resize/offline augmentation; pipeline online only,plain_base,none,true,,valid three-class raw regions; U01 drop raw region #3; standard background/FP; no ignore region,,train,5,0,0,5,0
10.17632/gfcmdbvw65.4,v4,dataset-20260508.zip,049591afd4fc3529aedbd31ef9119f5ec0601ebcb8cbbd4a25b7e883fde147ce,d2-v4-stage2b5-v1,12_freeze_d2_protocol.py@1 + 10_prepare_d2_freeze_candidate.py@1,a587d1d3cf826ec476fe91356f472b4a1a2b78eca51376c392fc16846b825caf,1db875a1eb10d95d654d0f2d27a52815794db0d8,13436313853456744620,3589472428,70/15/15,train,IMG_54810.jpg,dataset-20260508/train/IMG_54810.jpg,dataset-20260508/train.json,original,sg-0701,gc-0685,one plain original per evidence source group; no dataset resize/offline augmentation; pipeline online only,plain_base,none,true,,valid three-class raw regions; U01 drop raw region #3; standard background/FP; no ignore region,,train,2,0,0,2,0
10.17632/gfcmdbvw65.4,v4,dataset-20260508.zip,049591afd4fc3529aedbd31ef9119f5ec0601ebcb8cbbd4a25b7e883fde147ce,d2-v4-stage2b5-v1,12_freeze_d2_protocol.py@1 + 10_prepare_d2_freeze_candidate.py@1,a587d1d3cf826ec476fe91356f472b4a1a2b78eca51376c392fc16846b825caf,1db875a1eb10d95d654d0f2d27a52815794db0d8,13436313853456744620,3589472428,70/15/15,train,IMG_5482.jpg,dataset-20260508/train/IMG_5482.jpg,dataset-20260508/train.json,original,sg-0702,gc-0686,one plain original per evidence source group; no dataset resize/offline augmentation; pipeline online only,plain_base,none,true,,valid three-class raw regions; U01 drop raw region #3; standard background/FP; no ignore region,,train,1,0,0,1,0
10.17632/gfcmdbvw65.4,v4,dataset-20260508.zip,049591afd4fc3529aedbd31ef9119f5ec0601ebcb8cbbd4a25b7e883fde147ce,d2-v4-stage2b5-v1,12_freeze_d2_protocol.py@1 + 10_prepare_d2_freeze_candidate.py@1,a587d1d3cf826ec476fe91356f472b4a1a2b78eca51376c392fc16846b825caf,1db875a1eb10d95d654d0f2d27a52815794db0d8,13436313853456744620,3589472428,70/15/15,train,IMG_5483.jpg,dataset-20260508/train/IMG_5483.jpg,dataset-20260508/train.json,original,sg-0703,gc-0687,one plain original per evidence source group; no dataset resize/offline augmentation; pipeline online only,plain_base,none,true,,valid three-class raw regions; U01 drop raw region #3; standard background/FP; no ignore region,,train,1,0,0,1,0
10.17632/gfcmdbvw65.4,v4,dataset-20260508.zip,049591afd4fc3529aedbd31ef9119f5ec0601ebcb8cbbd4a25b7e883fde147ce,d2-v4-stage2b5-v1,12_freeze_d2_protocol.py@1 + 10_prepare_d2_freeze_candidate.py@1,a587d1d3cf826ec476fe91356f472b4a1a2b78eca51376c392fc16846b825caf,1db875a1eb10d95d654d0f2d27a52815794db0d8,13436313853456744620,3589472428,70/15/15,train,IMG_54840.jpg,dataset-20260508/train/IMG_54840.jpg,dataset-20260508/train.json,original,sg-0704,gc-0688,one plain original per evidence source group; no dataset resize/offline augmentation; pipeline online only,plain_base,none,true,,valid three-class raw regions; U01 drop raw region #3; standard background/FP; no ignore region,,train,1,0,0,1,0
10.17632/gfcmdbvw65.4,v4,dataset-20260508.zip,049591afd4fc3529aedbd31ef9119f5ec0601ebcb8cbbd4a25b7e883fde147ce,d2-v4-stage2b5-v1,12_freeze_d2_protocol.py@1 + 10_prepare_d2_freeze_candidate.py@1,a587d1d3cf826ec476fe91356f472b4a1a2b78eca51376c392fc16846b825caf,1db875a1eb10d95d654d0f2d27a52815794db0d8,13436313853456744620,3589472428,70/15/15,train,IMG_5485.jpg,dataset-20260508/train/IMG_5485.jpg,dataset-20260508/train.json,original,sg-0705,gc-0689,one plain original per evidence source group; no dataset resize/offline augmentation; pipeline online only,plain_base,none,true,,valid three-class raw regions; U01 drop raw region #3; standard background/FP; no ignore region,,train,3,0,0,3,0
10.17632/gfcmdbvw65.4,v4,dataset-20260508.zip,049591afd4fc3529aedbd31ef9119f5ec0601ebcb8cbbd4a25b7e883fde147ce,d2-v4-stage2b5-v1,12_freeze_d2_protocol.py@1 + 10_prepare_d2_freeze_candidate.py@1,a587d1d3cf826ec476fe91356f472b4a1a2b78eca51376c392fc16846b825caf,1db875a1eb10d95d654d0f2d27a52815794db0d8,13436313853456744620,3589472428,70/15/15,train,IMG_54860.jpg,dataset-20260508/train/IMG_54860.jpg,dataset-20260508/train.json,original,sg-0706,gc-0690,one plain original per evidence source group; no dataset resize/offline augmentation; pipeline online only,plain_base,none,true,,valid three-class raw regions; U01 drop raw region #3; standard background/FP; no ignore region,,train,2,0,0,2,0
10.17632/gfcmdbvw65.4,v4,dataset-20260508.zip,049591afd4fc3529aedbd31ef9119f5ec0601ebcb8cbbd4a25b7e883fde147ce,d2-v4-stage2b5-v1,12_freeze_d2_protocol.py@1 + 10_prepare_d2_freeze_candidate.py@1,a587d1d3cf826ec476fe91356f472b4a1a2b78eca51376c392fc16846b825caf,1db875a1eb10d95d654d0f2d27a52815794db0d8,13436313853456744620,3589472428,70/15/15,train,IMG_54870.jpg,dataset-20260508/train/IMG_54870.jpg,dataset-20260508/train.json,original,sg-0707,gc-0691,one plain original per evidence source group; no dataset resize/offline augmentation; pipeline online only,plain_base,none,true,,valid three-class raw regions; U01 drop raw region #3; standard background/FP; no ignore region,,test,0,1,0,1,0
10.17632/gfcmdbvw65.4,v4,dataset-20260508.zip,049591afd4fc3529aedbd31ef9119f5ec0601ebcb8cbbd4a25b7e883fde147ce,d2-v4-stage2b5-v1,12_freeze_d2_protocol.py@1 + 10_prepare_d2_freeze_candidate.py@1,a587d1d3cf826ec476fe91356f472b4a1a2b78eca51376c392fc16846b825caf,1db875a1eb10d95d654d0f2d27a52815794db0d8,13436313853456744620,3589472428,70/15/15,train,IMG_54880.jpg,dataset-20260508/train/IMG_54880.jpg,dataset-20260508/train.json,original,sg-0708,gc-0692,one plain original per evidence source group; no dataset resize/offline augmentation; pipeline online only,plain_base,none,true,,valid three-class raw regions; U01 drop raw region #3; standard background/FP; no ignore region,,train,1,1,0,2,1
10.17632/gfcmdbvw65.4,v4,dataset-20260508.zip,049591afd4fc3529aedbd31ef9119f5ec0601ebcb8cbbd4a25b7e883fde147ce,d2-v4-stage2b5-v1,12_freeze_d2_protocol.py@1 + 10_prepare_d2_freeze_candidate.py@1,a587d1d3cf826ec476fe91356f472b4a1a2b78eca51376c392fc16846b825caf,1db875a1eb10d95d654d0f2d27a52815794db0d8,13436313853456744620,3589472428,70/15/15,train,IMG_54890.jpg,dataset-20260508/train/IMG_54890.jpg,dataset-20260508/train.json,original,sg-0709,gc-0693,one plain original per evidence source group; no dataset resize/offline augmentation; pipeline online only,plain_base,none,true,,valid three-class raw regions; U01 drop raw region #3; standard background/FP; no ignore region,,train,1,1,0,2,1
10.17632/gfcmdbvw65.4,v4,dataset-20260508.zip,049591afd4fc3529aedbd31ef9119f5ec0601ebcb8cbbd4a25b7e883fde147ce,d2-v4-stage2b5-v1,12_freeze_d2_protocol.py@1 + 10_prepare_d2_freeze_candidate.py@1,a587d1d3cf826ec476fe91356f472b4a1a2b78eca51376c392fc16846b825caf,1db875a1eb10d95d654d0f2d27a52815794db0d8,13436313853456744620,3589472428,70/15/15,train,IMG_54900.jpg,dataset-20260508/train/IMG_54900.jpg,dataset-20260508/train.json,original,sg-0710,gc-0694,one plain original per evidence source group; no dataset resize/offline augmentation; pipeline online only,plain_base,none,true,,valid three-class raw regions; U01 drop raw region #3; standard background/FP; no ignore region,,val,0,1,0,1,0
10.17632/gfcmdbvw65.4,v4,dataset-20260508.zip,049591afd4fc3529aedbd31ef9119f5ec0601ebcb8cbbd4a25b7e883fde147ce,d2-v4-stage2b5-v1,12_freeze_d2_protocol.py@1 + 10_prepare_d2_freeze_candidate.py@1,a587d1d3cf826ec476fe91356f472b4a1a2b78eca51376c392fc16846b825caf,1db875a1eb10d95d654d0f2d27a52815794db0d8,13436313853456744620,3589472428,70/15/15,train,IMG_54930.jpg,dataset-20260508/train/IMG_54930.jpg,dataset-20260508/train.json,original,sg-0711,gc-0695,one plain original per evidence source group; no dataset resize/offline augmentation; pipeline online only,plain_base,none,true,,valid three-class raw regions; U01 drop raw region #3; standard background/FP; no ignore region,,test,2,0,0,2,0
10.17632/gfcmdbvw65.4,v4,dataset-20260508.zip,049591afd4fc3529aedbd31ef9119f5ec0601ebcb8cbbd4a25b7e883fde147ce,d2-v4-stage2b5-v1,12_freeze_d2_protocol.py@1 + 10_prepare_d2_freeze_candidate.py@1,a587d1d3cf826ec476fe91356f472b4a1a2b78eca51376c392fc16846b825caf,1db875a1eb10d95d654d0f2d27a52815794db0d8,13436313853456744620,3589472428,70/15/15,train,IMG_54950.jpg,dataset-20260508/train/IMG_54950.jpg,dataset-20260508/train.json,original,sg-0712,gc-0696,one plain original per evidence source group; no dataset resize/offline augmentation; pipeline online only,plain_base,none,true,,valid three-class raw regions; U01 drop raw region #3; standard background/FP; no ignore region,,train,2,0,0,2,0
10.17632/gfcmdbvw65.4,v4,dataset-20260508.zip,049591afd4fc3529aedbd31ef9119f5ec0601ebcb8cbbd4a25b7e883fde147ce,d2-v4-stage2b5-v1,12_freeze_d2_protocol.py@1 + 10_prepare_d2_freeze_candidate.py@1,a587d1d3cf826ec476fe91356f472b4a1a2b78eca51376c392fc16846b825caf,1db875a1eb10d95d654d0f2d27a52815794db0d8,13436313853456744620,3589472428,70/15/15,train,IMG_54980.jpg,dataset-20260508/train/IMG_54980.jpg,dataset-20260508/train.json,original,sg-0713,gc-0697,one plain original per evidence source group; no dataset resize/offline augmentation; pipeline online only,plain_base,none,true,,valid three-class raw regions; U01 drop raw region #3; standard background/FP; no ignore region,,train,3,0,0,3,0
10.17632/gfcmdbvw65.4,v4,dataset-20260508.zip,049591afd4fc3529aedbd31ef9119f5ec0601ebcb8cbbd4a25b7e883fde147ce,d2-v4-stage2b5-v1,12_freeze_d2_protocol.py@1 + 10_prepare_d2_freeze_candidate.py@1,a587d1d3cf826ec476fe91356f472b4a1a2b78eca51376c392fc16846b825caf,1db875a1eb10d95d654d0f2d27a52815794db0d8,13436313853456744620,3589472428,70/15/15,train,IMG_54990.jpg,dataset-20260508/train/IMG_54990.jpg,dataset-20260508/train.json,original,sg-0714,gc-0698,one plain original per evidence source group; no dataset resize/offline augmentation; pipeline online only,plain_base,none,true,,valid three-class raw regions; U01 drop raw region #3; standard background/FP; no ignore region,,val,3,0,0,3,0
10.17632/gfcmdbvw65.4,v4,dataset-20260508.zip,049591afd4fc3529aedbd31ef9119f5ec0601ebcb8cbbd4a25b7e883fde147ce,d2-v4-stage2b5-v1,12_freeze_d2_protocol.py@1 + 10_prepare_d2_freeze_candidate.py@1,a587d1d3cf826ec476fe91356f472b4a1a2b78eca51376c392fc16846b825caf,1db875a1eb10d95d654d0f2d27a52815794db0d8,13436313853456744620,3589472428,70/15/15,train,IMG_55000.jpg,dataset-20260508/train/IMG_55000.jpg,dataset-20260508/train.json,original,sg-0715,gc-0699,one plain original per evidence source group; no dataset resize/offline augmentation; pipeline online only,plain_base,none,true,,valid three-class raw regions; U01 drop raw region #3; standard background/FP; no ignore region,,train,3,0,0,3,0
10.17632/gfcmdbvw65.4,v4,dataset-20260508.zip,049591afd4fc3529aedbd31ef9119f5ec0601ebcb8cbbd4a25b7e883fde147ce,d2-v4-stage2b5-v1,12_freeze_d2_protocol.py@1 + 10_prepare_d2_freeze_candidate.py@1,a587d1d3cf826ec476fe91356f472b4a1a2b78eca51376c392fc16846b825caf,1db875a1eb10d95d654d0f2d27a52815794db0d8,13436313853456744620,3589472428,70/15/15,train,IMG_55010.jpg,dataset-20260508/train/IMG_55010.jpg,dataset-20260508/train.json,original,sg-0716,gc-0700,one plain original per evidence source group; no dataset resize/offline augmentation; pipeline online only,plain_base,none,true,,valid three-class raw regions; U01 drop raw region #3; standard background/FP; no ignore region,,train,0,1,0,1,0
10.17632/gfcmdbvw65.4,v4,dataset-20260508.zip,049591afd4fc3529aedbd31ef9119f5ec0601ebcb8cbbd4a25b7e883fde147ce,d2-v4-stage2b5-v1,12_freeze_d2_protocol.py@1 + 10_prepare_d2_freeze_candidate.py@1,a587d1d3cf826ec476fe91356f472b4a1a2b78eca51376c392fc16846b825caf,1db875a1eb10d95d654d0f2d27a52815794db0d8,13436313853456744620,3589472428,70/15/15,train,IMG_55020.jpg,dataset-20260508/train/IMG_55020.jpg,dataset-20260508/train.json,original,sg-0717,gc-0701,one plain original per evidence source group; no dataset resize/offline augmentation; pipeline online only,plain_base,none,true,,valid three-class raw regions; U01 drop raw region #3; standard background/FP; no ignore region,,train,1,0,0,1,0
10.17632/gfcmdbvw65.4,v4,dataset-20260508.zip,049591afd4fc3529aedbd31ef9119f5ec0601ebcb8cbbd4a25b7e883fde147ce,d2-v4-stage2b5-v1,12_freeze_d2_protocol.py@1 + 10_prepare_d2_freeze_candidate.py@1,a587d1d3cf826ec476fe91356f472b4a1a2b78eca51376c392fc16846b825caf,1db875a1eb10d95d654d0f2d27a52815794db0d8,13436313853456744620,3589472428,70/15/15,train,IMG_55030.jpg,dataset-20260508/train/IMG_55030.jpg,dataset-20260508/train.json,original,sg-0718,gc-0702,one plain original per evidence source group; no dataset resize/offline augmentation; pipeline online only,plain_base,none,true,,valid three-class raw regions; U01 drop raw region #3; standard background/FP; no ignore region,,test,1,0,0,1,0
10.17632/gfcmdbvw65.4,v4,dataset-20260508.zip,049591afd4fc3529aedbd31ef9119f5ec0601ebcb8cbbd4a25b7e883fde147ce,d2-v4-stage2b5-v1,12_freeze_d2_protocol.py@1 + 10_prepare_d2_freeze_candidate.py@1,a587d1d3cf826ec476fe91356f472b4a1a2b78eca51376c392fc16846b825caf,1db875a1eb10d95d654d0f2d27a52815794db0d8,13436313853456744620,3589472428,70/15/15,train,IMG_5504.jpg,dataset-20260508/train/IMG_5504.jpg,dataset-20260508/train.json,original,sg-0719,gc-0703,one plain original per evidence source group; no dataset resize/offline augmentation; pipeline online only,plain_base,none,true,,valid three-class raw regions; U01 drop raw region #3; standard background/FP; no ignore region,,train,1,0,0,1,0
10.17632/gfcmdbvw65.4,v4,dataset-20260508.zip,049591afd4fc3529aedbd31ef9119f5ec0601ebcb8cbbd4a25b7e883fde147ce,d2-v4-stage2b5-v1,12_freeze_d2_protocol.py@1 + 10_prepare_d2_freeze_candidate.py@1,a587d1d3cf826ec476fe91356f472b4a1a2b78eca51376c392fc16846b825caf,1db875a1eb10d95d654d0f2d27a52815794db0d8,13436313853456744620,3589472428,70/15/15,train,IMG_55050.jpg,dataset-20260508/train/IMG_55050.jpg,dataset-20260508/train.json,original,sg-0720,gc-0704,one plain original per evidence source group; no dataset resize/offline augmentation; pipeline online only,plain_base,none,true,,valid three-class raw regions; U01 drop raw region #3; standard background/FP; no ignore region,,train,2,0,0,2,0
10.17632/gfcmdbvw65.4,v4,dataset-20260508.zip,049591afd4fc3529aedbd31ef9119f5ec0601ebcb8cbbd4a25b7e883fde147ce,d2-v4-stage2b5-v1,12_freeze_d2_protocol.py@1 + 10_prepare_d2_freeze_candidate.py@1,a587d1d3cf826ec476fe91356f472b4a1a2b78eca51376c392fc16846b825caf,1db875a1eb10d95d654d0f2d27a52815794db0d8,13436313853456744620,3589472428,70/15/15,train,IMG_55070.jpg,dataset-20260508/train/IMG_55070.jpg,dataset-20260508/train.json,original,sg-0721,gc-0705,one plain original per evidence source group; no dataset resize/offline augmentation; pipeline online only,plain_base,none,true,,valid three-class raw regions; U01 drop raw region #3; standard background/FP; no ignore region,,val,1,0,0,1,0
10.17632/gfcmdbvw65.4,v4,dataset-20260508.zip,049591afd4fc3529aedbd31ef9119f5ec0601ebcb8cbbd4a25b7e883fde147ce,d2-v4-stage2b5-v1,12_freeze_d2_protocol.py@1 + 10_prepare_d2_freeze_candidate.py@1,a587d1d3cf826ec476fe91356f472b4a1a2b78eca51376c392fc16846b825caf,1db875a1eb10d95d654d0f2d27a52815794db0d8,13436313853456744620,3589472428,70/15/15,train,IMG_55080.jpg,dataset-20260508/train/IMG_55080.jpg,dataset-20260508/train.json,original,sg-0722,gc-0706,one plain original per evidence source group; no dataset resize/offline augmentation; pipeline online only,plain_base,none,true,,valid three-class raw regions; U01 drop raw region #3; standard background/FP; no ignore region,,train,1,0,0,1,0
10.17632/gfcmdbvw65.4,v4,dataset-20260508.zip,049591afd4fc3529aedbd31ef9119f5ec0601ebcb8cbbd4a25b7e883fde147ce,d2-v4-stage2b5-v1,12_freeze_d2_protocol.py@1 + 10_prepare_d2_freeze_candidate.py@1,a587d1d3cf826ec476fe91356f472b4a1a2b78eca51376c392fc16846b825caf,1db875a1eb10d95d654d0f2d27a52815794db0d8,13436313853456744620,3589472428,70/15/15,train,IMG_55090.jpg,dataset-20260508/train/IMG_55090.jpg,dataset-20260508/train.json,original,sg-0723,gc-0707,one plain original per evidence source group; no dataset resize/offline augmentation; pipeline online only,plain_base,none,true,,valid three-class raw regions; U01 drop raw region #3; standard background/FP; no ignore region,,val,1,0,0,1,0
10.17632/gfcmdbvw65.4,v4,dataset-20260508.zip,049591afd4fc3529aedbd31ef9119f5ec0601ebcb8cbbd4a25b7e883fde147ce,d2-v4-stage2b5-v1,12_freeze_d2_protocol.py@1 + 10_prepare_d2_freeze_candidate.py@1,a587d1d3cf826ec476fe91356f472b4a1a2b78eca51376c392fc16846b825caf,1db875a1eb10d95d654d0f2d27a52815794db0d8,13436313853456744620,3589472428,70/15/15,train,IMG_55100.jpg,dataset-20260508/train/IMG_55100.jpg,dataset-20260508/train.json,original,sg-0724,gc-0708,one plain original per evidence source group; no dataset resize/offline augmentation; pipeline online only,plain_base,none,true,,valid three-class raw regions; U01 drop raw region #3; standard background/FP; no ignore region,,train,1,0,0,1,0
10.17632/gfcmdbvw65.4,v4,dataset-20260508.zip,049591afd4fc3529aedbd31ef9119f5ec0601ebcb8cbbd4a25b7e883fde147ce,d2-v4-stage2b5-v1,12_freeze_d2_protocol.py@1 + 10_prepare_d2_freeze_candidate.py@1,a587d1d3cf826ec476fe91356f472b4a1a2b78eca51376c392fc16846b825caf,1db875a1eb10d95d654d0f2d27a52815794db0d8,13436313853456744620,3589472428,70/15/15,train,IMG_55110.jpg,dataset-20260508/train/IMG_55110.jpg,dataset-20260508/train.json,original,sg-0725,gc-0709,one plain original per evidence source group; no dataset resize/offline augmentation; pipeline online only,plain_base,none,true,,valid three-class raw regions; U01 drop raw region #3; standard background/FP; no ignore region,,train,2,0,0,2,0
10.17632/gfcmdbvw65.4,v4,dataset-20260508.zip,049591afd4fc3529aedbd31ef9119f5ec0601ebcb8cbbd4a25b7e883fde147ce,d2-v4-stage2b5-v1,12_freeze_d2_protocol.py@1 + 10_prepare_d2_freeze_candidate.py@1,a587d1d3cf826ec476fe91356f472b4a1a2b78eca51376c392fc16846b825caf,1db875a1eb10d95d654d0f2d27a52815794db0d8,13436313853456744620,3589472428,70/15/15,train,IMG_55130.jpg,dataset-20260508/train/IMG_55130.jpg,dataset-20260508/train.json,original,sg-0726,gc-0710,one plain original per evidence source group; no dataset resize/offline augmentation; pipeline online only,plain_base,none,true,,valid three-class raw regions; U01 drop raw region #3; standard background/FP; no ignore region,,train,2,0,0,2,0
10.17632/gfcmdbvw65.4,v4,dataset-20260508.zip,049591afd4fc3529aedbd31ef9119f5ec0601ebcb8cbbd4a25b7e883fde147ce,d2-v4-stage2b5-v1,12_freeze_d2_protocol.py@1 + 10_prepare_d2_freeze_candidate.py@1,a587d1d3cf826ec476fe91356f472b4a1a2b78eca51376c392fc16846b825caf,1db875a1eb10d95d654d0f2d27a52815794db0d8,13436313853456744620,3589472428,70/15/15,train,IMG_55150.jpg,dataset-20260508/train/IMG_55150.jpg,dataset-20260508/train.json,original,sg-0727,gc-0711,one plain original per evidence source group; no dataset resize/offline augmentation; pipeline online only,plain_base,none,true,,valid three-class raw regions; U01 drop raw region #3; standard background/FP; no ignore region,,train,1,0,0,1,0
10.17632/gfcmdbvw65.4,v4,dataset-20260508.zip,049591afd4fc3529aedbd31ef9119f5ec0601ebcb8cbbd4a25b7e883fde147ce,d2-v4-stage2b5-v1,12_freeze_d2_protocol.py@1 + 10_prepare_d2_freeze_candidate.py@1,a587d1d3cf826ec476fe91356f472b4a1a2b78eca51376c392fc16846b825caf,1db875a1eb10d95d654d0f2d27a52815794db0d8,13436313853456744620,3589472428,70/15/15,train,IMG_5516.jpg,dataset-20260508/train/IMG_5516.jpg,dataset-20260508/train.json,original,sg-0728,gc-0712,one plain original per evidence source group; no dataset resize/offline augmentation; pipeline online only,plain_base,none,true,,valid three-class raw regions; U01 drop raw region #3; standard background/FP; no ignore region,,train,1,0,0,1,0
10.17632/gfcmdbvw65.4,v4,dataset-20260508.zip,049591afd4fc3529aedbd31ef9119f5ec0601ebcb8cbbd4a25b7e883fde147ce,d2-v4-stage2b5-v1,12_freeze_d2_protocol.py@1 + 10_prepare_d2_freeze_candidate.py@1,a587d1d3cf826ec476fe91356f472b4a1a2b78eca51376c392fc16846b825caf,1db875a1eb10d95d654d0f2d27a52815794db0d8,13436313853456744620,3589472428,70/15/15,train,IMG_55170.jpg,dataset-20260508/train/IMG_55170.jpg,dataset-20260508/train.json,original,sg-0729,gc-0713,one plain original per evidence source group; no dataset resize/offline augmentation; pipeline online only,plain_base,none,true,,valid three-class raw regions; U01 drop raw region #3; standard background/FP; no ignore region,,train,2,0,0,2,0
10.17632/gfcmdbvw65.4,v4,dataset-20260508.zip,049591afd4fc3529aedbd31ef9119f5ec0601ebcb8cbbd4a25b7e883fde147ce,d2-v4-stage2b5-v1,12_freeze_d2_protocol.py@1 + 10_prepare_d2_freeze_candidate.py@1,a587d1d3cf826ec476fe91356f472b4a1a2b78eca51376c392fc16846b825caf,1db875a1eb10d95d654d0f2d27a52815794db0d8,13436313853456744620,3589472428,70/15/15,train,IMG_55180.jpg,dataset-20260508/train/IMG_55180.jpg,dataset-20260508/train.json,original,sg-0730,gc-0714,one plain original per evidence source group; no dataset resize/offline augmentation; pipeline online only,plain_base,none,true,,valid three-class raw regions; U01 drop raw region #3; standard background/FP; no ignore region,,test,1,0,0,1,0
10.17632/gfcmdbvw65.4,v4,dataset-20260508.zip,049591afd4fc3529aedbd31ef9119f5ec0601ebcb8cbbd4a25b7e883fde147ce,d2-v4-stage2b5-v1,12_freeze_d2_protocol.py@1 + 10_prepare_d2_freeze_candidate.py@1,a587d1d3cf826ec476fe91356f472b4a1a2b78eca51376c392fc16846b825caf,1db875a1eb10d95d654d0f2d27a52815794db0d8,13436313853456744620,3589472428,70/15/15,train,IMG_55190.jpg,dataset-20260508/train/IMG_55190.jpg,dataset-20260508/train.json,original,sg-0731,gc-0715,one plain original per evidence source group; no dataset resize/offline augmentation; pipeline online only,plain_base,none,true,,valid three-class raw regions; U01 drop raw region #3; standard background/FP; no ignore region,,train,2,0,0,2,0
10.17632/gfcmdbvw65.4,v4,dataset-20260508.zip,049591afd4fc3529aedbd31ef9119f5ec0601ebcb8cbbd4a25b7e883fde147ce,d2-v4-stage2b5-v1,12_freeze_d2_protocol.py@1 + 10_prepare_d2_freeze_candidate.py@1,a587d1d3cf826ec476fe91356f472b4a1a2b78eca51376c392fc16846b825caf,1db875a1eb10d95d654d0f2d27a52815794db0d8,13436313853456744620,3589472428,70/15/15,train,IMG_55200.jpg,dataset-20260508/train/IMG_55200.jpg,dataset-20260508/train.json,original,sg-0732,gc-0716,one plain original per evidence source group; no dataset resize/offline augmentation; pipeline online only,plain_base,none,true,,valid three-class raw regions; U01 drop raw region #3; standard background/FP; no ignore region,,test,1,1,0,2,1
10.17632/gfcmdbvw65.4,v4,dataset-20260508.zip,049591afd4fc3529aedbd31ef9119f5ec0601ebcb8cbbd4a25b7e883fde147ce,d2-v4-stage2b5-v1,12_freeze_d2_protocol.py@1 + 10_prepare_d2_freeze_candidate.py@1,a587d1d3cf826ec476fe91356f472b4a1a2b78eca51376c392fc16846b825caf,1db875a1eb10d95d654d0f2d27a52815794db0d8,13436313853456744620,3589472428,70/15/15,train,IMG_55220.jpg,dataset-20260508/train/IMG_55220.jpg,dataset-20260508/train.json,original,sg-0733,gc-0717,one plain original per evidence source group; no dataset resize/offline augmentation; pipeline online only,plain_base,none,true,,valid three-class raw regions; U01 drop raw region #3; standard background/FP; no ignore region,,train,0,1,0,1,0
10.17632/gfcmdbvw65.4,v4,dataset-20260508.zip,049591afd4fc3529aedbd31ef9119f5ec0601ebcb8cbbd4a25b7e883fde147ce,d2-v4-stage2b5-v1,12_freeze_d2_protocol.py@1 + 10_prepare_d2_freeze_candidate.py@1,a587d1d3cf826ec476fe91356f472b4a1a2b78eca51376c392fc16846b825caf,1db875a1eb10d95d654d0f2d27a52815794db0d8,13436313853456744620,3589472428,70/15/15,train,IMG_55240.jpg,dataset-20260508/train/IMG_55240.jpg,dataset-20260508/train.json,original,sg-0734,gc-0718,one plain original per evidence source group; no dataset resize/offline augmentation; pipeline online only,plain_base,none,true,,valid three-class raw regions; U01 drop raw region #3; standard background/FP; no ignore region,,train,0,1,0,1,0
10.17632/gfcmdbvw65.4,v4,dataset-20260508.zip,049591afd4fc3529aedbd31ef9119f5ec0601ebcb8cbbd4a25b7e883fde147ce,d2-v4-stage2b5-v1,12_freeze_d2_protocol.py@1 + 10_prepare_d2_freeze_candidate.py@1,a587d1d3cf826ec476fe91356f472b4a1a2b78eca51376c392fc16846b825caf,1db875a1eb10d95d654d0f2d27a52815794db0d8,13436313853456744620,3589472428,70/15/15,train,IMG_55250.jpg,dataset-20260508/train/IMG_55250.jpg,dataset-20260508/train.json,original,sg-0735,gc-0719,one plain original per evidence source group; no dataset resize/offline augmentation; pipeline online only,plain_base,none,true,,valid three-class raw regions; U01 drop raw region #3; standard background/FP; no ignore region,,train,0,1,0,1,0
10.17632/gfcmdbvw65.4,v4,dataset-20260508.zip,049591afd4fc3529aedbd31ef9119f5ec0601ebcb8cbbd4a25b7e883fde147ce,d2-v4-stage2b5-v1,12_freeze_d2_protocol.py@1 + 10_prepare_d2_freeze_candidate.py@1,a587d1d3cf826ec476fe91356f472b4a1a2b78eca51376c392fc16846b825caf,1db875a1eb10d95d654d0f2d27a52815794db0d8,13436313853456744620,3589472428,70/15/15,train,IMG_55280.jpg,dataset-20260508/train/IMG_55280.jpg,dataset-20260508/train.json,original,sg-0736,gc-0720,one plain original per evidence source group; no dataset resize/offline augmentation; pipeline online only,plain_base,none,true,,valid three-class raw regions; U01 drop raw region #3; standard background/FP; no ignore region,,train,1,0,0,1,0
10.17632/gfcmdbvw65.4,v4,dataset-20260508.zip,049591afd4fc3529aedbd31ef9119f5ec0601ebcb8cbbd4a25b7e883fde147ce,d2-v4-stage2b5-v1,12_freeze_d2_protocol.py@1 + 10_prepare_d2_freeze_candidate.py@1,a587d1d3cf826ec476fe91356f472b4a1a2b78eca51376c392fc16846b825caf,1db875a1eb10d95d654d0f2d27a52815794db0d8,13436313853456744620,3589472428,70/15/15,train,IMG_55290.jpg,dataset-20260508/train/IMG_55290.jpg,dataset-20260508/train.json,original,sg-0737,gc-0721,one plain original per evidence source group; no dataset resize/offline augmentation; pipeline online only,plain_base,none,true,,valid three-class raw regions; U01 drop raw region #3; standard background/FP; no ignore region,,train,0,1,0,1,0
10.17632/gfcmdbvw65.4,v4,dataset-20260508.zip,049591afd4fc3529aedbd31ef9119f5ec0601ebcb8cbbd4a25b7e883fde147ce,d2-v4-stage2b5-v1,12_freeze_d2_protocol.py@1 + 10_prepare_d2_freeze_candidate.py@1,a587d1d3cf826ec476fe91356f472b4a1a2b78eca51376c392fc16846b825caf,1db875a1eb10d95d654d0f2d27a52815794db0d8,13436313853456744620,3589472428,70/15/15,train,IMG_55300.jpg,dataset-20260508/train/IMG_55300.jpg,dataset-20260508/train.json,original,sg-0738,gc-0722,one plain original per evidence source group; no dataset resize/offline augmentation; pipeline online only,plain_base,none,true,,valid three-class raw regions; U01 drop raw region #3; standard background/FP; no ignore region,,train,2,0,0,2,0
10.17632/gfcmdbvw65.4,v4,dataset-20260508.zip,049591afd4fc3529aedbd31ef9119f5ec0601ebcb8cbbd4a25b7e883fde147ce,d2-v4-stage2b5-v1,12_freeze_d2_protocol.py@1 + 10_prepare_d2_freeze_candidate.py@1,a587d1d3cf826ec476fe91356f472b4a1a2b78eca51376c392fc16846b825caf,1db875a1eb10d95d654d0f2d27a52815794db0d8,13436313853456744620,3589472428,70/15/15,train,IMG_55310.jpg,dataset-20260508/train/IMG_55310.jpg,dataset-20260508/train.json,original,sg-0739,gc-0723,one plain original per evidence source group; no dataset resize/offline augmentation; pipeline online only,plain_base,none,true,,valid three-class raw regions; U01 drop raw region #3; standard background/FP; no ignore region,,val,2,0,0,2,0
10.17632/gfcmdbvw65.4,v4,dataset-20260508.zip,049591afd4fc3529aedbd31ef9119f5ec0601ebcb8cbbd4a25b7e883fde147ce,d2-v4-stage2b5-v1,12_freeze_d2_protocol.py@1 + 10_prepare_d2_freeze_candidate.py@1,a587d1d3cf826ec476fe91356f472b4a1a2b78eca51376c392fc16846b825caf,1db875a1eb10d95d654d0f2d27a52815794db0d8,13436313853456744620,3589472428,70/15/15,train,IMG_55350.jpg,dataset-20260508/train/IMG_55350.jpg,dataset-20260508/train.json,original,sg-0740,gc-0724,one plain original per evidence source group; no dataset resize/offline augmentation; pipeline online only,plain_base,none,true,,valid three-class raw regions; U01 drop raw region #3; standard background/FP; no ignore region,,train,3,0,0,3,0
10.17632/gfcmdbvw65.4,v4,dataset-20260508.zip,049591afd4fc3529aedbd31ef9119f5ec0601ebcb8cbbd4a25b7e883fde147ce,d2-v4-stage2b5-v1,12_freeze_d2_protocol.py@1 + 10_prepare_d2_freeze_candidate.py@1,a587d1d3cf826ec476fe91356f472b4a1a2b78eca51376c392fc16846b825caf,1db875a1eb10d95d654d0f2d27a52815794db0d8,13436313853456744620,3589472428,70/15/15,train,IMG_55360.jpg,dataset-20260508/train/IMG_55360.jpg,dataset-20260508/train.json,original,sg-0741,gc-0725,one plain original per evidence source group; no dataset resize/offline augmentation; pipeline online only,plain_base,none,true,,valid three-class raw regions; U01 drop raw region #3; standard background/FP; no ignore region,,test,4,0,0,4,0
10.17632/gfcmdbvw65.4,v4,dataset-20260508.zip,049591afd4fc3529aedbd31ef9119f5ec0601ebcb8cbbd4a25b7e883fde147ce,d2-v4-stage2b5-v1,12_freeze_d2_protocol.py@1 + 10_prepare_d2_freeze_candidate.py@1,a587d1d3cf826ec476fe91356f472b4a1a2b78eca51376c392fc16846b825caf,1db875a1eb10d95d654d0f2d27a52815794db0d8,13436313853456744620,3589472428,70/15/15,train,IMG_55370.jpg,dataset-20260508/train/IMG_55370.jpg,dataset-20260508/train.json,original,sg-0742,gc-0726,one plain original per evidence source group; no dataset resize/offline augmentation; pipeline online only,plain_base,none,true,,valid three-class raw regions; U01 drop raw region #3; standard background/FP; no ignore region,,val,3,0,0,3,0
10.17632/gfcmdbvw65.4,v4,dataset-20260508.zip,049591afd4fc3529aedbd31ef9119f5ec0601ebcb8cbbd4a25b7e883fde147ce,d2-v4-stage2b5-v1,12_freeze_d2_protocol.py@1 + 10_prepare_d2_freeze_candidate.py@1,a587d1d3cf826ec476fe91356f472b4a1a2b78eca51376c392fc16846b825caf,1db875a1eb10d95d654d0f2d27a52815794db0d8,13436313853456744620,3589472428,70/15/15,train,IMG_55380.jpg,dataset-20260508/train/IMG_55380.jpg,dataset-20260508/train.json,original,sg-0743,gc-0727,one plain original per evidence source group; no dataset resize/offline augmentation; pipeline online only,plain_base,none,true,,valid three-class raw regions; U01 drop raw region #3; standard background/FP; no ignore region,,train,4,0,0,4,0
10.17632/gfcmdbvw65.4,v4,dataset-20260508.zip,049591afd4fc3529aedbd31ef9119f5ec0601ebcb8cbbd4a25b7e883fde147ce,d2-v4-stage2b5-v1,12_freeze_d2_protocol.py@1 + 10_prepare_d2_freeze_candidate.py@1,a587d1d3cf826ec476fe91356f472b4a1a2b78eca51376c392fc16846b825caf,1db875a1eb10d95d654d0f2d27a52815794db0d8,13436313853456744620,3589472428,70/15/15,train,IMG_55390.jpg,dataset-20260508/train/IMG_55390.jpg,dataset-20260508/train.json,original,sg-0744,gc-0728,one plain original per evidence source group; no dataset resize/offline augmentation; pipeline online only,plain_base,none,true,,valid three-class raw regions; U01 drop raw region #3; standard background/FP; no ignore region,,train,4,0,0,4,0
10.17632/gfcmdbvw65.4,v4,dataset-20260508.zip,049591afd4fc3529aedbd31ef9119f5ec0601ebcb8cbbd4a25b7e883fde147ce,d2-v4-stage2b5-v1,12_freeze_d2_protocol.py@1 + 10_prepare_d2_freeze_candidate.py@1,a587d1d3cf826ec476fe91356f472b4a1a2b78eca51376c392fc16846b825caf,1db875a1eb10d95d654d0f2d27a52815794db0d8,13436313853456744620,3589472428,70/15/15,train,IMG_55400.jpg,dataset-20260508/train/IMG_55400.jpg,dataset-20260508/train.json,original,sg-0745,gc-0729,one plain original per evidence source group; no dataset resize/offline augmentation; pipeline online only,plain_base,none,true,,valid three-class raw regions; U01 drop raw region #3; standard background/FP; no ignore region,,test,2,0,0,2,0
10.17632/gfcmdbvw65.4,v4,dataset-20260508.zip,049591afd4fc3529aedbd31ef9119f5ec0601ebcb8cbbd4a25b7e883fde147ce,d2-v4-stage2b5-v1,12_freeze_d2_protocol.py@1 + 10_prepare_d2_freeze_candidate.py@1,a587d1d3cf826ec476fe91356f472b4a1a2b78eca51376c392fc16846b825caf,1db875a1eb10d95d654d0f2d27a52815794db0d8,13436313853456744620,3589472428,70/15/15,train,IMG_5541.jpg,dataset-20260508/train/IMG_5541.jpg,dataset-20260508/train.json,original,sg-0746,gc-0730,one plain original per evidence source group; no dataset resize/offline augmentation; pipeline online only,plain_base,none,true,,valid three-class raw regions; U01 drop raw region #3; standard background/FP; no ignore region,,val,3,0,0,3,0
10.17632/gfcmdbvw65.4,v4,dataset-20260508.zip,049591afd4fc3529aedbd31ef9119f5ec0601ebcb8cbbd4a25b7e883fde147ce,d2-v4-stage2b5-v1,12_freeze_d2_protocol.py@1 + 10_prepare_d2_freeze_candidate.py@1,a587d1d3cf826ec476fe91356f472b4a1a2b78eca51376c392fc16846b825caf,1db875a1eb10d95d654d0f2d27a52815794db0d8,13436313853456744620,3589472428,70/15/15,train,IMG_5542.jpg,dataset-20260508/train/IMG_5542.jpg,dataset-20260508/train.json,original,sg-0747,gc-0731,one plain original per evidence source group; no dataset resize/offline augmentation; pipeline online only,plain_base,none,true,,valid three-class raw regions; U01 drop raw region #3; standard background/FP; no ignore region,,train,3,0,0,3,0
10.17632/gfcmdbvw65.4,v4,dataset-20260508.zip,049591afd4fc3529aedbd31ef9119f5ec0601ebcb8cbbd4a25b7e883fde147ce,d2-v4-stage2b5-v1,12_freeze_d2_protocol.py@1 + 10_prepare_d2_freeze_candidate.py@1,a587d1d3cf826ec476fe91356f472b4a1a2b78eca51376c392fc16846b825caf,1db875a1eb10d95d654d0f2d27a52815794db0d8,13436313853456744620,3589472428,70/15/15,train,IMG_5543.jpg,dataset-20260508/train/IMG_5543.jpg,dataset-20260508/train.json,original,sg-0748,gc-0732,one plain original per evidence source group; no dataset resize/offline augmentation; pipeline online only,plain_base,none,true,,valid three-class raw regions; U01 drop raw region #3; standard background/FP; no ignore region,,val,5,0,0,5,0
10.17632/gfcmdbvw65.4,v4,dataset-20260508.zip,049591afd4fc3529aedbd31ef9119f5ec0601ebcb8cbbd4a25b7e883fde147ce,d2-v4-stage2b5-v1,12_freeze_d2_protocol.py@1 + 10_prepare_d2_freeze_candidate.py@1,a587d1d3cf826ec476fe91356f472b4a1a2b78eca51376c392fc16846b825caf,1db875a1eb10d95d654d0f2d27a52815794db0d8,13436313853456744620,3589472428,70/15/15,train,IMG_5544.jpg,dataset-20260508/train/IMG_5544.jpg,dataset-20260508/train.json,original,sg-0749,gc-0733,one plain original per evidence source group; no dataset resize/offline augmentation; pipeline online only,plain_base,none,true,,valid three-class raw regions; U01 drop raw region #3; standard background/FP; no ignore region,,train,5,0,0,5,0
10.17632/gfcmdbvw65.4,v4,dataset-20260508.zip,049591afd4fc3529aedbd31ef9119f5ec0601ebcb8cbbd4a25b7e883fde147ce,d2-v4-stage2b5-v1,12_freeze_d2_protocol.py@1 + 10_prepare_d2_freeze_candidate.py@1,a587d1d3cf826ec476fe91356f472b4a1a2b78eca51376c392fc16846b825caf,1db875a1eb10d95d654d0f2d27a52815794db0d8,13436313853456744620,3589472428,70/15/15,train,IMG_55450.jpg,dataset-20260508/train/IMG_55450.jpg,dataset-20260508/train.json,original,sg-0750,gc-0734,one plain original per evidence source group; no dataset resize/offline augmentation; pipeline online only,plain_base,none,true,,valid three-class raw regions; U01 drop raw region #3; standard background/FP; no ignore region,,val,4,0,0,4,0
10.17632/gfcmdbvw65.4,v4,dataset-20260508.zip,049591afd4fc3529aedbd31ef9119f5ec0601ebcb8cbbd4a25b7e883fde147ce,d2-v4-stage2b5-v1,12_freeze_d2_protocol.py@1 + 10_prepare_d2_freeze_candidate.py@1,a587d1d3cf826ec476fe91356f472b4a1a2b78eca51376c392fc16846b825caf,1db875a1eb10d95d654d0f2d27a52815794db0d8,13436313853456744620,3589472428,70/15/15,train,IMG_55470.jpg,dataset-20260508/train/IMG_55470.jpg,dataset-20260508/train.json,original,sg-0751,gc-0735,one plain original per evidence source group; no dataset resize/offline augmentation; pipeline online only,plain_base,none,true,,valid three-class raw regions; U01 drop raw region #3; standard background/FP; no ignore region,,test,4,0,0,4,0
10.17632/gfcmdbvw65.4,v4,dataset-20260508.zip,049591afd4fc3529aedbd31ef9119f5ec0601ebcb8cbbd4a25b7e883fde147ce,d2-v4-stage2b5-v1,12_freeze_d2_protocol.py@1 + 10_prepare_d2_freeze_candidate.py@1,a587d1d3cf826ec476fe91356f472b4a1a2b78eca51376c392fc16846b825caf,1db875a1eb10d95d654d0f2d27a52815794db0d8,13436313853456744620,3589472428,70/15/15,train,IMG_55480.jpg,dataset-20260508/train/IMG_55480.jpg,dataset-20260508/train.json,original,sg-0752,gc-0736,one plain original per evidence source group; no dataset resize/offline augmentation; pipeline online only,plain_base,none,true,,valid three-class raw regions; U01 drop raw region #3; standard background/FP; no ignore region,,test,3,0,0,3,0
10.17632/gfcmdbvw65.4,v4,dataset-20260508.zip,049591afd4fc3529aedbd31ef9119f5ec0601ebcb8cbbd4a25b7e883fde147ce,d2-v4-stage2b5-v1,12_freeze_d2_protocol.py@1 + 10_prepare_d2_freeze_candidate.py@1,a587d1d3cf826ec476fe91356f472b4a1a2b78eca51376c392fc16846b825caf,1db875a1eb10d95d654d0f2d27a52815794db0d8,13436313853456744620,3589472428,70/15/15,train,IMG_55490.jpg,dataset-20260508/train/IMG_55490.jpg,dataset-20260508/train.json,original,sg-0753,gc-0737,one plain original per evidence source group; no dataset resize/offline augmentation; pipeline online only,plain_base,none,true,,valid three-class raw regions; U01 drop raw region #3; standard background/FP; no ignore region,,train,5,0,0,5,0
10.17632/gfcmdbvw65.4,v4,dataset-20260508.zip,049591afd4fc3529aedbd31ef9119f5ec0601ebcb8cbbd4a25b7e883fde147ce,d2-v4-stage2b5-v1,12_freeze_d2_protocol.py@1 + 10_prepare_d2_freeze_candidate.py@1,a587d1d3cf826ec476fe91356f472b4a1a2b78eca51376c392fc16846b825caf,1db875a1eb10d95d654d0f2d27a52815794db0d8,13436313853456744620,3589472428,70/15/15,train,IMG_55510.jpg,dataset-20260508/train/IMG_55510.jpg,dataset-20260508/train.json,original,sg-0754,gc-0738,one plain original per evidence source group; no dataset resize/offline augmentation; pipeline online only,plain_base,none,true,,valid three-class raw regions; U01 drop raw region #3; standard background/FP; no ignore region,,train,2,0,0,2,0
10.17632/gfcmdbvw65.4,v4,dataset-20260508.zip,049591afd4fc3529aedbd31ef9119f5ec0601ebcb8cbbd4a25b7e883fde147ce,d2-v4-stage2b5-v1,12_freeze_d2_protocol.py@1 + 10_prepare_d2_freeze_candidate.py@1,a587d1d3cf826ec476fe91356f472b4a1a2b78eca51376c392fc16846b825caf,1db875a1eb10d95d654d0f2d27a52815794db0d8,13436313853456744620,3589472428,70/15/15,train,IMG_55520.jpg,dataset-20260508/train/IMG_55520.jpg,dataset-20260508/train.json,original,sg-0755,gc-0739,one plain original per evidence source group; no dataset resize/offline augmentation; pipeline online only,plain_base,none,true,,valid three-class raw regions; U01 drop raw region #3; standard background/FP; no ignore region,,train,2,0,0,2,0
10.17632/gfcmdbvw65.4,v4,dataset-20260508.zip,049591afd4fc3529aedbd31ef9119f5ec0601ebcb8cbbd4a25b7e883fde147ce,d2-v4-stage2b5-v1,12_freeze_d2_protocol.py@1 + 10_prepare_d2_freeze_candidate.py@1,a587d1d3cf826ec476fe91356f472b4a1a2b78eca51376c392fc16846b825caf,1db875a1eb10d95d654d0f2d27a52815794db0d8,13436313853456744620,3589472428,70/15/15,train,IMG_55530.jpg,dataset-20260508/train/IMG_55530.jpg,dataset-20260508/train.json,original,sg-0756,gc-0740,one plain original per evidence source group; no dataset resize/offline augmentation; pipeline online only,plain_base,none,true,,valid three-class raw regions; U01 drop raw region #3; standard background/FP; no ignore region,,train,3,0,0,3,0
10.17632/gfcmdbvw65.4,v4,dataset-20260508.zip,049591afd4fc3529aedbd31ef9119f5ec0601ebcb8cbbd4a25b7e883fde147ce,d2-v4-stage2b5-v1,12_freeze_d2_protocol.py@1 + 10_prepare_d2_freeze_candidate.py@1,a587d1d3cf826ec476fe91356f472b4a1a2b78eca51376c392fc16846b825caf,1db875a1eb10d95d654d0f2d27a52815794db0d8,13436313853456744620,3589472428,70/15/15,train,IMG_55560.jpg,dataset-20260508/train/IMG_55560.jpg,dataset-20260508/train.json,original,sg-0757,gc-0741,one plain original per evidence source group; no dataset resize/offline augmentation; pipeline online only,plain_base,none,true,,valid three-class raw regions; U01 drop raw region #3; standard background/FP; no ignore region,,train,2,0,0,2,0
10.17632/gfcmdbvw65.4,v4,dataset-20260508.zip,049591afd4fc3529aedbd31ef9119f5ec0601ebcb8cbbd4a25b7e883fde147ce,d2-v4-stage2b5-v1,12_freeze_d2_protocol.py@1 + 10_prepare_d2_freeze_candidate.py@1,a587d1d3cf826ec476fe91356f472b4a1a2b78eca51376c392fc16846b825caf,1db875a1eb10d95d654d0f2d27a52815794db0d8,13436313853456744620,3589472428,70/15/15,train,IMG_55570.jpg,dataset-20260508/train/IMG_55570.jpg,dataset-20260508/train.json,original,sg-0758,gc-0742,one plain original per evidence source group; no dataset resize/offline augmentation; pipeline online only,plain_base,none,true,,valid three-class raw regions; U01 drop raw region #3; standard background/FP; no ignore region,,train,2,0,0,2,0
10.17632/gfcmdbvw65.4,v4,dataset-20260508.zip,049591afd4fc3529aedbd31ef9119f5ec0601ebcb8cbbd4a25b7e883fde147ce,d2-v4-stage2b5-v1,12_freeze_d2_protocol.py@1 + 10_prepare_d2_freeze_candidate.py@1,a587d1d3cf826ec476fe91356f472b4a1a2b78eca51376c392fc16846b825caf,1db875a1eb10d95d654d0f2d27a52815794db0d8,13436313853456744620,3589472428,70/15/15,train,IMG_55580.jpg,dataset-20260508/train/IMG_55580.jpg,dataset-20260508/train.json,original,sg-0759,gc-0743,one plain original per evidence source group; no dataset resize/offline augmentation; pipeline online only,plain_base,none,true,,valid three-class raw regions; U01 drop raw region #3; standard background/FP; no ignore region,,train,2,0,0,2,0
10.17632/gfcmdbvw65.4,v4,dataset-20260508.zip,049591afd4fc3529aedbd31ef9119f5ec0601ebcb8cbbd4a25b7e883fde147ce,d2-v4-stage2b5-v1,12_freeze_d2_protocol.py@1 + 10_prepare_d2_freeze_candidate.py@1,a587d1d3cf826ec476fe91356f472b4a1a2b78eca51376c392fc16846b825caf,1db875a1eb10d95d654d0f2d27a52815794db0d8,13436313853456744620,3589472428,70/15/15,train,IMG_55590.jpg,dataset-20260508/train/IMG_55590.jpg,dataset-20260508/train.json,original,sg-0760,gc-0744,one plain original per evidence source group; no dataset resize/offline augmentation; pipeline online only,plain_base,none,true,,valid three-class raw regions; U01 drop raw region #3; standard background/FP; no ignore region,,train,2,0,0,2,0
10.17632/gfcmdbvw65.4,v4,dataset-20260508.zip,049591afd4fc3529aedbd31ef9119f5ec0601ebcb8cbbd4a25b7e883fde147ce,d2-v4-stage2b5-v1,12_freeze_d2_protocol.py@1 + 10_prepare_d2_freeze_candidate.py@1,a587d1d3cf826ec476fe91356f472b4a1a2b78eca51376c392fc16846b825caf,1db875a1eb10d95d654d0f2d27a52815794db0d8,13436313853456744620,3589472428,70/15/15,train,IMG_55610.jpg,dataset-20260508/train/IMG_55610.jpg,dataset-20260508/train.json,original,sg-0761,gc-0745,one plain original per evidence source group; no dataset resize/offline augmentation; pipeline online only,plain_base,none,true,,valid three-class raw regions; U01 drop raw region #3; standard background/FP; no ignore region,,train,3,0,0,3,0
10.17632/gfcmdbvw65.4,v4,dataset-20260508.zip,049591afd4fc3529aedbd31ef9119f5ec0601ebcb8cbbd4a25b7e883fde147ce,d2-v4-stage2b5-v1,12_freeze_d2_protocol.py@1 + 10_prepare_d2_freeze_candidate.py@1,a587d1d3cf826ec476fe91356f472b4a1a2b78eca51376c392fc16846b825caf,1db875a1eb10d95d654d0f2d27a52815794db0d8,13436313853456744620,3589472428,70/15/15,train,IMG_55620.jpg,dataset-20260508/train/IMG_55620.jpg,dataset-20260508/train.json,original,sg-0762,gc-0746,one plain original per evidence source group; no dataset resize/offline augmentation; pipeline online only,plain_base,none,true,,valid three-class raw regions; U01 drop raw region #3; standard background/FP; no ignore region,,val,2,0,0,2,0
10.17632/gfcmdbvw65.4,v4,dataset-20260508.zip,049591afd4fc3529aedbd31ef9119f5ec0601ebcb8cbbd4a25b7e883fde147ce,d2-v4-stage2b5-v1,12_freeze_d2_protocol.py@1 + 10_prepare_d2_freeze_candidate.py@1,a587d1d3cf826ec476fe91356f472b4a1a2b78eca51376c392fc16846b825caf,1db875a1eb10d95d654d0f2d27a52815794db0d8,13436313853456744620,3589472428,70/15/15,train,IMG_5564.jpg,dataset-20260508/train/IMG_5564.jpg,dataset-20260508/train.json,original,sg-0763,gc-0747,one plain original per evidence source group; no dataset resize/offline augmentation; pipeline online only,plain_base,none,true,,valid three-class raw regions; U01 drop raw region #3; standard background/FP; no ignore region,,val,2,0,0,2,0
10.17632/gfcmdbvw65.4,v4,dataset-20260508.zip,049591afd4fc3529aedbd31ef9119f5ec0601ebcb8cbbd4a25b7e883fde147ce,d2-v4-stage2b5-v1,12_freeze_d2_protocol.py@1 + 10_prepare_d2_freeze_candidate.py@1,a587d1d3cf826ec476fe91356f472b4a1a2b78eca51376c392fc16846b825caf,1db875a1eb10d95d654d0f2d27a52815794db0d8,13436313853456744620,3589472428,70/15/15,train,IMG_55650.jpg,dataset-20260508/train/IMG_55650.jpg,dataset-20260508/train.json,original,sg-0764,gc-0748,one plain original per evidence source group; no dataset resize/offline augmentation; pipeline online only,plain_base,none,true,,valid three-class raw regions; U01 drop raw region #3; standard background/FP; no ignore region,,train,2,0,0,2,0
10.17632/gfcmdbvw65.4,v4,dataset-20260508.zip,049591afd4fc3529aedbd31ef9119f5ec0601ebcb8cbbd4a25b7e883fde147ce,d2-v4-stage2b5-v1,12_freeze_d2_protocol.py@1 + 10_prepare_d2_freeze_candidate.py@1,a587d1d3cf826ec476fe91356f472b4a1a2b78eca51376c392fc16846b825caf,1db875a1eb10d95d654d0f2d27a52815794db0d8,13436313853456744620,3589472428,70/15/15,train,IMG_55660.jpg,dataset-20260508/train/IMG_55660.jpg,dataset-20260508/train.json,original,sg-0765,gc-0749,one plain original per evidence source group; no dataset resize/offline augmentation; pipeline online only,plain_base,none,true,,valid three-class raw regions; U01 drop raw region #3; standard background/FP; no ignore region,,train,6,0,0,6,0
10.17632/gfcmdbvw65.4,v4,dataset-20260508.zip,049591afd4fc3529aedbd31ef9119f5ec0601ebcb8cbbd4a25b7e883fde147ce,d2-v4-stage2b5-v1,12_freeze_d2_protocol.py@1 + 10_prepare_d2_freeze_candidate.py@1,a587d1d3cf826ec476fe91356f472b4a1a2b78eca51376c392fc16846b825caf,1db875a1eb10d95d654d0f2d27a52815794db0d8,13436313853456744620,3589472428,70/15/15,train,IMG_55670.jpg,dataset-20260508/train/IMG_55670.jpg,dataset-20260508/train.json,original,sg-0766,gc-0750,one plain original per evidence source group; no dataset resize/offline augmentation; pipeline online only,plain_base,none,true,,valid three-class raw regions; U01 drop raw region #3; standard background/FP; no ignore region,,train,2,0,0,2,0
10.17632/gfcmdbvw65.4,v4,dataset-20260508.zip,049591afd4fc3529aedbd31ef9119f5ec0601ebcb8cbbd4a25b7e883fde147ce,d2-v4-stage2b5-v1,12_freeze_d2_protocol.py@1 + 10_prepare_d2_freeze_candidate.py@1,a587d1d3cf826ec476fe91356f472b4a1a2b78eca51376c392fc16846b825caf,1db875a1eb10d95d654d0f2d27a52815794db0d8,13436313853456744620,3589472428,70/15/15,train,IMG_55680.jpg,dataset-20260508/train/IMG_55680.jpg,dataset-20260508/train.json,original,sg-0767,gc-0751,one plain original per evidence source group; no dataset resize/offline augmentation; pipeline online only,plain_base,none,true,,valid three-class raw regions; U01 drop raw region #3; standard background/FP; no ignore region,,train,4,0,0,4,0
10.17632/gfcmdbvw65.4,v4,dataset-20260508.zip,049591afd4fc3529aedbd31ef9119f5ec0601ebcb8cbbd4a25b7e883fde147ce,d2-v4-stage2b5-v1,12_freeze_d2_protocol.py@1 + 10_prepare_d2_freeze_candidate.py@1,a587d1d3cf826ec476fe91356f472b4a1a2b78eca51376c392fc16846b825caf,1db875a1eb10d95d654d0f2d27a52815794db0d8,13436313853456744620,3589472428,70/15/15,train,IMG_55690.jpg,dataset-20260508/train/IMG_55690.jpg,dataset-20260508/train.json,original,sg-0768,gc-0752,one plain original per evidence source group; no dataset resize/offline augmentation; pipeline online only,plain_base,none,true,,valid three-class raw regions; U01 drop raw region #3; standard background/FP; no ignore region,,train,2,0,0,2,0
10.17632/gfcmdbvw65.4,v4,dataset-20260508.zip,049591afd4fc3529aedbd31ef9119f5ec0601ebcb8cbbd4a25b7e883fde147ce,d2-v4-stage2b5-v1,12_freeze_d2_protocol.py@1 + 10_prepare_d2_freeze_candidate.py@1,a587d1d3cf826ec476fe91356f472b4a1a2b78eca51376c392fc16846b825caf,1db875a1eb10d95d654d0f2d27a52815794db0d8,13436313853456744620,3589472428,70/15/15,train,IMG_55700.jpg,dataset-20260508/train/IMG_55700.jpg,dataset-20260508/train.json,original,sg-0769,gc-0753,one plain original per evidence source group; no dataset resize/offline augmentation; pipeline online only,plain_base,none,true,,valid three-class raw regions; U01 drop raw region #3; standard background/FP; no ignore region,,train,3,0,0,3,0
10.17632/gfcmdbvw65.4,v4,dataset-20260508.zip,049591afd4fc3529aedbd31ef9119f5ec0601ebcb8cbbd4a25b7e883fde147ce,d2-v4-stage2b5-v1,12_freeze_d2_protocol.py@1 + 10_prepare_d2_freeze_candidate.py@1,a587d1d3cf826ec476fe91356f472b4a1a2b78eca51376c392fc16846b825caf,1db875a1eb10d95d654d0f2d27a52815794db0d8,13436313853456744620,3589472428,70/15/15,train,IMG_55710.jpg,dataset-20260508/train/IMG_55710.jpg,dataset-20260508/train.json,original,sg-0770,gc-0754,one plain original per evidence source group; no dataset resize/offline augmentation; pipeline online only,plain_base,none,true,,valid three-class raw regions; U01 drop raw region #3; standard background/FP; no ignore region,,train,3,0,0,3,0
10.17632/gfcmdbvw65.4,v4,dataset-20260508.zip,049591afd4fc3529aedbd31ef9119f5ec0601ebcb8cbbd4a25b7e883fde147ce,d2-v4-stage2b5-v1,12_freeze_d2_protocol.py@1 + 10_prepare_d2_freeze_candidate.py@1,a587d1d3cf826ec476fe91356f472b4a1a2b78eca51376c392fc16846b825caf,1db875a1eb10d95d654d0f2d27a52815794db0d8,13436313853456744620,3589472428,70/15/15,train,IMG_55720.jpg,dataset-20260508/train/IMG_55720.jpg,dataset-20260508/train.json,original,sg-0771,gc-0755,one plain original per evidence source group; no dataset resize/offline augmentation; pipeline online only,plain_base,none,true,,valid three-class raw regions; U01 drop raw region #3; standard background/FP; no ignore region,,train,3,0,0,3,0
10.17632/gfcmdbvw65.4,v4,dataset-20260508.zip,049591afd4fc3529aedbd31ef9119f5ec0601ebcb8cbbd4a25b7e883fde147ce,d2-v4-stage2b5-v1,12_freeze_d2_protocol.py@1 + 10_prepare_d2_freeze_candidate.py@1,a587d1d3cf826ec476fe91356f472b4a1a2b78eca51376c392fc16846b825caf,1db875a1eb10d95d654d0f2d27a52815794db0d8,13436313853456744620,3589472428,70/15/15,train,IMG_55740.jpg,dataset-20260508/train/IMG_55740.jpg,dataset-20260508/train.json,original,sg-0772,gc-0756,one plain original per evidence source group; no dataset resize/offline augmentation; pipeline online only,plain_base,none,true,,valid three-class raw regions; U01 drop raw region #3; standard background/FP; no ignore region,,train,3,0,0,3,0
10.17632/gfcmdbvw65.4,v4,dataset-20260508.zip,049591afd4fc3529aedbd31ef9119f5ec0601ebcb8cbbd4a25b7e883fde147ce,d2-v4-stage2b5-v1,12_freeze_d2_protocol.py@1 + 10_prepare_d2_freeze_candidate.py@1,a587d1d3cf826ec476fe91356f472b4a1a2b78eca51376c392fc16846b825caf,1db875a1eb10d95d654d0f2d27a52815794db0d8,13436313853456744620,3589472428,70/15/15,train,IMG_55750.jpg,dataset-20260508/train/IMG_55750.jpg,dataset-20260508/train.json,original,sg-0773,gc-0757,one plain original per evidence source group; no dataset resize/offline augmentation; pipeline online only,plain_base,none,true,,valid three-class raw regions; U01 drop raw region #3; standard background/FP; no ignore region,,train,2,0,0,2,0
10.17632/gfcmdbvw65.4,v4,dataset-20260508.zip,049591afd4fc3529aedbd31ef9119f5ec0601ebcb8cbbd4a25b7e883fde147ce,d2-v4-stage2b5-v1,12_freeze_d2_protocol.py@1 + 10_prepare_d2_freeze_candidate.py@1,a587d1d3cf826ec476fe91356f472b4a1a2b78eca51376c392fc16846b825caf,1db875a1eb10d95d654d0f2d27a52815794db0d8,13436313853456744620,3589472428,70/15/15,train,IMG_55760.jpg,dataset-20260508/train/IMG_55760.jpg,dataset-20260508/train.json,original,sg-0774,gc-0758,one plain original per evidence source group; no dataset resize/offline augmentation; pipeline online only,plain_base,none,true,,valid three-class raw regions; U01 drop raw region #3; standard background/FP; no ignore region,,train,0,1,0,1,0
10.17632/gfcmdbvw65.4,v4,dataset-20260508.zip,049591afd4fc3529aedbd31ef9119f5ec0601ebcb8cbbd4a25b7e883fde147ce,d2-v4-stage2b5-v1,12_freeze_d2_protocol.py@1 + 10_prepare_d2_freeze_candidate.py@1,a587d1d3cf826ec476fe91356f472b4a1a2b78eca51376c392fc16846b825caf,1db875a1eb10d95d654d0f2d27a52815794db0d8,13436313853456744620,3589472428,70/15/15,train,IMG_55770.jpg,dataset-20260508/train/IMG_55770.jpg,dataset-20260508/train.json,original,sg-0775,gc-0759,one plain original per evidence source group; no dataset resize/offline augmentation; pipeline online only,plain_base,none,true,,valid three-class raw regions; U01 drop raw region #3; standard background/FP; no ignore region,,train,1,0,0,1,0
10.17632/gfcmdbvw65.4,v4,dataset-20260508.zip,049591afd4fc3529aedbd31ef9119f5ec0601ebcb8cbbd4a25b7e883fde147ce,d2-v4-stage2b5-v1,12_freeze_d2_protocol.py@1 + 10_prepare_d2_freeze_candidate.py@1,a587d1d3cf826ec476fe91356f472b4a1a2b78eca51376c392fc16846b825caf,1db875a1eb10d95d654d0f2d27a52815794db0d8,13436313853456744620,3589472428,70/15/15,train,IMG_55780.jpg,dataset-20260508/train/IMG_55780.jpg,dataset-20260508/train.json,original,sg-0776,gc-0760,one plain original per evidence source group; no dataset resize/offline augmentation; pipeline online only,plain_base,none,true,,valid three-class raw regions; U01 drop raw region #3; standard background/FP; no ignore region,,train,1,0,0,1,0
10.17632/gfcmdbvw65.4,v4,dataset-20260508.zip,049591afd4fc3529aedbd31ef9119f5ec0601ebcb8cbbd4a25b7e883fde147ce,d2-v4-stage2b5-v1,12_freeze_d2_protocol.py@1 + 10_prepare_d2_freeze_candidate.py@1,a587d1d3cf826ec476fe91356f472b4a1a2b78eca51376c392fc16846b825caf,1db875a1eb10d95d654d0f2d27a52815794db0d8,13436313853456744620,3589472428,70/15/15,train,IMG_55790.jpg,dataset-20260508/train/IMG_55790.jpg,dataset-20260508/train.json,original,sg-0777,gc-0761,one plain original per evidence source group; no dataset resize/offline augmentation; pipeline online only,plain_base,none,true,,valid three-class raw regions; U01 drop raw region #3; standard background/FP; no ignore region,,val,1,0,0,1,0
10.17632/gfcmdbvw65.4,v4,dataset-20260508.zip,049591afd4fc3529aedbd31ef9119f5ec0601ebcb8cbbd4a25b7e883fde147ce,d2-v4-stage2b5-v1,12_freeze_d2_protocol.py@1 + 10_prepare_d2_freeze_candidate.py@1,a587d1d3cf826ec476fe91356f472b4a1a2b78eca51376c392fc16846b825caf,1db875a1eb10d95d654d0f2d27a52815794db0d8,13436313853456744620,3589472428,70/15/15,train,IMG_55810.jpg,dataset-20260508/train/IMG_55810.jpg,dataset-20260508/train.json,original,sg-0778,gc-0762,one plain original per evidence source group; no dataset resize/offline augmentation; pipeline online only,plain_base,none,true,,valid three-class raw regions; U01 drop raw region #3; standard background/FP; no ignore region,,train,2,0,0,2,0
10.17632/gfcmdbvw65.4,v4,dataset-20260508.zip,049591afd4fc3529aedbd31ef9119f5ec0601ebcb8cbbd4a25b7e883fde147ce,d2-v4-stage2b5-v1,12_freeze_d2_protocol.py@1 + 10_prepare_d2_freeze_candidate.py@1,a587d1d3cf826ec476fe91356f472b4a1a2b78eca51376c392fc16846b825caf,1db875a1eb10d95d654d0f2d27a52815794db0d8,13436313853456744620,3589472428,70/15/15,train,IMG_55820.jpg,dataset-20260508/train/IMG_55820.jpg,dataset-20260508/train.json,original,sg-0779,gc-0763,one plain original per evidence source group; no dataset resize/offline augmentation; pipeline online only,plain_base,none,true,,valid three-class raw regions; U01 drop raw region #3; standard background/FP; no ignore region,,test,3,0,0,3,0
10.17632/gfcmdbvw65.4,v4,dataset-20260508.zip,049591afd4fc3529aedbd31ef9119f5ec0601ebcb8cbbd4a25b7e883fde147ce,d2-v4-stage2b5-v1,12_freeze_d2_protocol.py@1 + 10_prepare_d2_freeze_candidate.py@1,a587d1d3cf826ec476fe91356f472b4a1a2b78eca51376c392fc16846b825caf,1db875a1eb10d95d654d0f2d27a52815794db0d8,13436313853456744620,3589472428,70/15/15,train,IMG_55830.jpg,dataset-20260508/train/IMG_55830.jpg,dataset-20260508/train.json,original,sg-0780,gc-0764,one plain original per evidence source group; no dataset resize/offline augmentation; pipeline online only,plain_base,none,true,,valid three-class raw regions; U01 drop raw region #3; standard background/FP; no ignore region,,train,0,0,3,3,0
10.17632/gfcmdbvw65.4,v4,dataset-20260508.zip,049591afd4fc3529aedbd31ef9119f5ec0601ebcb8cbbd4a25b7e883fde147ce,d2-v4-stage2b5-v1,12_freeze_d2_protocol.py@1 + 10_prepare_d2_freeze_candidate.py@1,a587d1d3cf826ec476fe91356f472b4a1a2b78eca51376c392fc16846b825caf,1db875a1eb10d95d654d0f2d27a52815794db0d8,13436313853456744620,3589472428,70/15/15,train,IMG_55840.jpg,dataset-20260508/train/IMG_55840.jpg,dataset-20260508/train.json,original,sg-0781,gc-0765,one plain original per evidence source group; no dataset resize/offline augmentation; pipeline online only,plain_base,none,true,,valid three-class raw regions; U01 drop raw region #3; standard background/FP; no ignore region,,train,0,0,3,3,0
10.17632/gfcmdbvw65.4,v4,dataset-20260508.zip,049591afd4fc3529aedbd31ef9119f5ec0601ebcb8cbbd4a25b7e883fde147ce,d2-v4-stage2b5-v1,12_freeze_d2_protocol.py@1 + 10_prepare_d2_freeze_candidate.py@1,a587d1d3cf826ec476fe91356f472b4a1a2b78eca51376c392fc16846b825caf,1db875a1eb10d95d654d0f2d27a52815794db0d8,13436313853456744620,3589472428,70/15/15,train,IMG_55850.jpg,dataset-20260508/train/IMG_55850.jpg,dataset-20260508/train.json,original,sg-0782,gc-0766,one plain original per evidence source group; no dataset resize/offline augmentation; pipeline online only,plain_base,none,true,,valid three-class raw regions; U01 drop raw region #3; standard background/FP; no ignore region,,train,0,0,3,3,0
10.17632/gfcmdbvw65.4,v4,dataset-20260508.zip,049591afd4fc3529aedbd31ef9119f5ec0601ebcb8cbbd4a25b7e883fde147ce,d2-v4-stage2b5-v1,12_freeze_d2_protocol.py@1 + 10_prepare_d2_freeze_candidate.py@1,a587d1d3cf826ec476fe91356f472b4a1a2b78eca51376c392fc16846b825caf,1db875a1eb10d95d654d0f2d27a52815794db0d8,13436313853456744620,3589472428,70/15/15,train,IMG_5586.jpg,dataset-20260508/train/IMG_5586.jpg,dataset-20260508/train.json,original,sg-0783,gc-0767,one plain original per evidence source group; no dataset resize/offline augmentation; pipeline online only,plain_base,none,true,,valid three-class raw regions; U01 drop raw region #3; standard background/FP; no ignore region,,test,0,1,1,2,1
10.17632/gfcmdbvw65.4,v4,dataset-20260508.zip,049591afd4fc3529aedbd31ef9119f5ec0601ebcb8cbbd4a25b7e883fde147ce,d2-v4-stage2b5-v1,12_freeze_d2_protocol.py@1 + 10_prepare_d2_freeze_candidate.py@1,a587d1d3cf826ec476fe91356f472b4a1a2b78eca51376c392fc16846b825caf,1db875a1eb10d95d654d0f2d27a52815794db0d8,13436313853456744620,3589472428,70/15/15,train,IMG_55900.jpg,dataset-20260508/train/IMG_55900.jpg,dataset-20260508/train.json,original,sg-0784,gc-0768,one plain original per evidence source group; no dataset resize/offline augmentation; pipeline online only,plain_base,none,true,,valid three-class raw regions; U01 drop raw region #3; standard background/FP; no ignore region,,train,0,3,0,3,0
10.17632/gfcmdbvw65.4,v4,dataset-20260508.zip,049591afd4fc3529aedbd31ef9119f5ec0601ebcb8cbbd4a25b7e883fde147ce,d2-v4-stage2b5-v1,12_freeze_d2_protocol.py@1 + 10_prepare_d2_freeze_candidate.py@1,a587d1d3cf826ec476fe91356f472b4a1a2b78eca51376c392fc16846b825caf,1db875a1eb10d95d654d0f2d27a52815794db0d8,13436313853456744620,3589472428,70/15/15,train,IMG_55920.jpg,dataset-20260508/train/IMG_55920.jpg,dataset-20260508/train.json,original,sg-0785,gc-0769,one plain original per evidence source group; no dataset resize/offline augmentation; pipeline online only,plain_base,none,true,,valid three-class raw regions; U01 drop raw region #3; standard background/FP; no ignore region,,train,0,3,0,3,0
10.17632/gfcmdbvw65.4,v4,dataset-20260508.zip,049591afd4fc3529aedbd31ef9119f5ec0601ebcb8cbbd4a25b7e883fde147ce,d2-v4-stage2b5-v1,12_freeze_d2_protocol.py@1 + 10_prepare_d2_freeze_candidate.py@1,a587d1d3cf826ec476fe91356f472b4a1a2b78eca51376c392fc16846b825caf,1db875a1eb10d95d654d0f2d27a52815794db0d8,13436313853456744620,3589472428,70/15/15,train,IMG_55930.jpg,dataset-20260508/train/IMG_55930.jpg,dataset-20260508/train.json,original,sg-0786,gc-0770,one plain original per evidence source group; no dataset resize/offline augmentation; pipeline online only,plain_base,none,true,,valid three-class raw regions; U01 drop raw region #3; standard background/FP; no ignore region,,train,0,0,2,2,0
10.17632/gfcmdbvw65.4,v4,dataset-20260508.zip,049591afd4fc3529aedbd31ef9119f5ec0601ebcb8cbbd4a25b7e883fde147ce,d2-v4-stage2b5-v1,12_freeze_d2_protocol.py@1 + 10_prepare_d2_freeze_candidate.py@1,a587d1d3cf826ec476fe91356f472b4a1a2b78eca51376c392fc16846b825caf,1db875a1eb10d95d654d0f2d27a52815794db0d8,13436313853456744620,3589472428,70/15/15,train,IMG_55940.jpg,dataset-20260508/train/IMG_55940.jpg,dataset-20260508/train.json,original,sg-0787,gc-0771,one plain original per evidence source group; no dataset resize/offline augmentation; pipeline online only,plain_base,none,true,,valid three-class raw regions; U01 drop raw region #3; standard background/FP; no ignore region,,test,0,0,3,3,0
10.17632/gfcmdbvw65.4,v4,dataset-20260508.zip,049591afd4fc3529aedbd31ef9119f5ec0601ebcb8cbbd4a25b7e883fde147ce,d2-v4-stage2b5-v1,12_freeze_d2_protocol.py@1 + 10_prepare_d2_freeze_candidate.py@1,a587d1d3cf826ec476fe91356f472b4a1a2b78eca51376c392fc16846b825caf,1db875a1eb10d95d654d0f2d27a52815794db0d8,13436313853456744620,3589472428,70/15/15,train,IMG_55950.jpg,dataset-20260508/train/IMG_55950.jpg,dataset-20260508/train.json,original,sg-0788,gc-0772,one plain original per evidence source group; no dataset resize/offline augmentation; pipeline online only,plain_base,none,true,,valid three-class raw regions; U01 drop raw region #3; standard background/FP; no ignore region,,train,0,0,4,4,0
10.17632/gfcmdbvw65.4,v4,dataset-20260508.zip,049591afd4fc3529aedbd31ef9119f5ec0601ebcb8cbbd4a25b7e883fde147ce,d2-v4-stage2b5-v1,12_freeze_d2_protocol.py@1 + 10_prepare_d2_freeze_candidate.py@1,a587d1d3cf826ec476fe91356f472b4a1a2b78eca51376c392fc16846b825caf,1db875a1eb10d95d654d0f2d27a52815794db0d8,13436313853456744620,3589472428,70/15/15,train,IMG_55960.jpg,dataset-20260508/train/IMG_55960.jpg,dataset-20260508/train.json,original,sg-0789,gc-0773,one plain original per evidence source group; no dataset resize/offline augmentation; pipeline online only,plain_base,none,true,,valid three-class raw regions; U01 drop raw region #3; standard background/FP; no ignore region,,train,0,0,4,4,0
10.17632/gfcmdbvw65.4,v4,dataset-20260508.zip,049591afd4fc3529aedbd31ef9119f5ec0601ebcb8cbbd4a25b7e883fde147ce,d2-v4-stage2b5-v1,12_freeze_d2_protocol.py@1 + 10_prepare_d2_freeze_candidate.py@1,a587d1d3cf826ec476fe91356f472b4a1a2b78eca51376c392fc16846b825caf,1db875a1eb10d95d654d0f2d27a52815794db0d8,13436313853456744620,3589472428,70/15/15,train,IMG_55970.jpg,dataset-20260508/train/IMG_55970.jpg,dataset-20260508/train.json,original,sg-0790,gc-0774,one plain original per evidence source group; no dataset resize/offline augmentation; pipeline online only,plain_base,none,true,,valid three-class raw regions; U01 drop raw region #3; standard background/FP; no ignore region,,train,0,0,4,4,0
10.17632/gfcmdbvw65.4,v4,dataset-20260508.zip,049591afd4fc3529aedbd31ef9119f5ec0601ebcb8cbbd4a25b7e883fde147ce,d2-v4-stage2b5-v1,12_freeze_d2_protocol.py@1 + 10_prepare_d2_freeze_candidate.py@1,a587d1d3cf826ec476fe91356f472b4a1a2b78eca51376c392fc16846b825caf,1db875a1eb10d95d654d0f2d27a52815794db0d8,13436313853456744620,3589472428,70/15/15,train,IMG_55990.jpg,dataset-20260508/train/IMG_55990.jpg,dataset-20260508/train.json,original,sg-0791,gc-0775,one plain original per evidence source group; no dataset resize/offline augmentation; pipeline online only,plain_base,none,true,,valid three-class raw regions; U01 drop raw region #3; standard background/FP; no ignore region,,val,0,0,3,3,0
10.17632/gfcmdbvw65.4,v4,dataset-20260508.zip,049591afd4fc3529aedbd31ef9119f5ec0601ebcb8cbbd4a25b7e883fde147ce,d2-v4-stage2b5-v1,12_freeze_d2_protocol.py@1 + 10_prepare_d2_freeze_candidate.py@1,a587d1d3cf826ec476fe91356f472b4a1a2b78eca51376c392fc16846b825caf,1db875a1eb10d95d654d0f2d27a52815794db0d8,13436313853456744620,3589472428,70/15/15,train,IMG_56000.jpg,dataset-20260508/train/IMG_56000.jpg,dataset-20260508/train.json,original,sg-0792,gc-0776,one plain original per evidence source group; no dataset resize/offline augmentation; pipeline online only,plain_base,none,true,,valid three-class raw regions; U01 drop raw region #3; standard background/FP; no ignore region,,train,0,1,3,4,1
10.17632/gfcmdbvw65.4,v4,dataset-20260508.zip,049591afd4fc3529aedbd31ef9119f5ec0601ebcb8cbbd4a25b7e883fde147ce,d2-v4-stage2b5-v1,12_freeze_d2_protocol.py@1 + 10_prepare_d2_freeze_candidate.py@1,a587d1d3cf826ec476fe91356f472b4a1a2b78eca51376c392fc16846b825caf,1db875a1eb10d95d654d0f2d27a52815794db0d8,13436313853456744620,3589472428,70/15/15,train,IMG_56010.jpg,dataset-20260508/train/IMG_56010.jpg,dataset-20260508/train.json,original,sg-0793,gc-0777,one plain original per evidence source group; no dataset resize/offline augmentation; pipeline online only,plain_base,none,true,,valid three-class raw regions; U01 drop raw region #3; standard background/FP; no ignore region,,train,0,1,2,3,1
10.17632/gfcmdbvw65.4,v4,dataset-20260508.zip,049591afd4fc3529aedbd31ef9119f5ec0601ebcb8cbbd4a25b7e883fde147ce,d2-v4-stage2b5-v1,12_freeze_d2_protocol.py@1 + 10_prepare_d2_freeze_candidate.py@1,a587d1d3cf826ec476fe91356f472b4a1a2b78eca51376c392fc16846b825caf,1db875a1eb10d95d654d0f2d27a52815794db0d8,13436313853456744620,3589472428,70/15/15,train,IMG_56020.jpg,dataset-20260508/train/IMG_56020.jpg,dataset-20260508/train.json,original,sg-0794,gc-0778,one plain original per evidence source group; no dataset resize/offline augmentation; pipeline online only,plain_base,none,true,,valid three-class raw regions; U01 drop raw region #3; standard background/FP; no ignore region,,train,0,1,3,4,1
10.17632/gfcmdbvw65.4,v4,dataset-20260508.zip,049591afd4fc3529aedbd31ef9119f5ec0601ebcb8cbbd4a25b7e883fde147ce,d2-v4-stage2b5-v1,12_freeze_d2_protocol.py@1 + 10_prepare_d2_freeze_candidate.py@1,a587d1d3cf826ec476fe91356f472b4a1a2b78eca51376c392fc16846b825caf,1db875a1eb10d95d654d0f2d27a52815794db0d8,13436313853456744620,3589472428,70/15/15,train,IMG_5603.jpg,dataset-20260508/train/IMG_5603.jpg,dataset-20260508/train.json,original,sg-0795,gc-0779,one plain original per evidence source group; no dataset resize/offline augmentation; pipeline online only,plain_base,none,true,,valid three-class raw regions; U01 drop raw region #3; standard background/FP; no ignore region,,train,0,0,2,2,0
10.17632/gfcmdbvw65.4,v4,dataset-20260508.zip,049591afd4fc3529aedbd31ef9119f5ec0601ebcb8cbbd4a25b7e883fde147ce,d2-v4-stage2b5-v1,12_freeze_d2_protocol.py@1 + 10_prepare_d2_freeze_candidate.py@1,a587d1d3cf826ec476fe91356f472b4a1a2b78eca51376c392fc16846b825caf,1db875a1eb10d95d654d0f2d27a52815794db0d8,13436313853456744620,3589472428,70/15/15,train,IMG_56040.jpg,dataset-20260508/train/IMG_56040.jpg,dataset-20260508/train.json,original,sg-0796,gc-0780,one plain original per evidence source group; no dataset resize/offline augmentation; pipeline online only,plain_base,none,true,,valid three-class raw regions; U01 drop raw region #3; standard background/FP; no ignore region,,train,0,0,2,2,0
10.17632/gfcmdbvw65.4,v4,dataset-20260508.zip,049591afd4fc3529aedbd31ef9119f5ec0601ebcb8cbbd4a25b7e883fde147ce,d2-v4-stage2b5-v1,12_freeze_d2_protocol.py@1 + 10_prepare_d2_freeze_candidate.py@1,a587d1d3cf826ec476fe91356f472b4a1a2b78eca51376c392fc16846b825caf,1db875a1eb10d95d654d0f2d27a52815794db0d8,13436313853456744620,3589472428,70/15/15,train,IMG_5607.jpg,dataset-20260508/train/IMG_5607.jpg,dataset-20260508/train.json,original,sg-0797,gc-0781,one plain original per evidence source group; no dataset resize/offline augmentation; pipeline online only,plain_base,none,true,,valid three-class raw regions; U01 drop raw region #3; standard background/FP; no ignore region,,train,0,0,2,2,0
10.17632/gfcmdbvw65.4,v4,dataset-20260508.zip,049591afd4fc3529aedbd31ef9119f5ec0601ebcb8cbbd4a25b7e883fde147ce,d2-v4-stage2b5-v1,12_freeze_d2_protocol.py@1 + 10_prepare_d2_freeze_candidate.py@1,a587d1d3cf826ec476fe91356f472b4a1a2b78eca51376c392fc16846b825caf,1db875a1eb10d95d654d0f2d27a52815794db0d8,13436313853456744620,3589472428,70/15/15,train,IMG_56080.jpg,dataset-20260508/train/IMG_56080.jpg,dataset-20260508/train.json,original,sg-0798,gc-0782,one plain original per evidence source group; no dataset resize/offline augmentation; pipeline online only,plain_base,none,true,,valid three-class raw regions; U01 drop raw region #3; standard background/FP; no ignore region,,val,0,0,2,2,0
10.17632/gfcmdbvw65.4,v4,dataset-20260508.zip,049591afd4fc3529aedbd31ef9119f5ec0601ebcb8cbbd4a25b7e883fde147ce,d2-v4-stage2b5-v1,12_freeze_d2_protocol.py@1 + 10_prepare_d2_freeze_candidate.py@1,a587d1d3cf826ec476fe91356f472b4a1a2b78eca51376c392fc16846b825caf,1db875a1eb10d95d654d0f2d27a52815794db0d8,13436313853456744620,3589472428,70/15/15,train,IMG_56090.jpg,dataset-20260508/train/IMG_56090.jpg,dataset-20260508/train.json,original,sg-0799,gc-0783,one plain original per evidence source group; no dataset resize/offline augmentation; pipeline online only,plain_base,none,true,,valid three-class raw regions; U01 drop raw region #3; standard background/FP; no ignore region,,train,0,0,2,2,0
10.17632/gfcmdbvw65.4,v4,dataset-20260508.zip,049591afd4fc3529aedbd31ef9119f5ec0601ebcb8cbbd4a25b7e883fde147ce,d2-v4-stage2b5-v1,12_freeze_d2_protocol.py@1 + 10_prepare_d2_freeze_candidate.py@1,a587d1d3cf826ec476fe91356f472b4a1a2b78eca51376c392fc16846b825caf,1db875a1eb10d95d654d0f2d27a52815794db0d8,13436313853456744620,3589472428,70/15/15,train,IMG_56120.jpg,dataset-20260508/train/IMG_56120.jpg,dataset-20260508/train.json,original,sg-0800,gc-0784,one plain original per evidence source group; no dataset resize/offline augmentation; pipeline online only,plain_base,none,true,,valid three-class raw regions; U01 drop raw region #3; standard background/FP; no ignore region,,train,0,0,2,2,0
10.17632/gfcmdbvw65.4,v4,dataset-20260508.zip,049591afd4fc3529aedbd31ef9119f5ec0601ebcb8cbbd4a25b7e883fde147ce,d2-v4-stage2b5-v1,12_freeze_d2_protocol.py@1 + 10_prepare_d2_freeze_candidate.py@1,a587d1d3cf826ec476fe91356f472b4a1a2b78eca51376c392fc16846b825caf,1db875a1eb10d95d654d0f2d27a52815794db0d8,13436313853456744620,3589472428,70/15/15,train,IMG_5615.jpg,dataset-20260508/train/IMG_5615.jpg,dataset-20260508/train.json,original,sg-0801,gc-0785,one plain original per evidence source group; no dataset resize/offline augmentation; pipeline online only,plain_base,none,true,,valid three-class raw regions; U01 drop raw region #3; standard background/FP; no ignore region,,train,0,0,2,2,0
10.17632/gfcmdbvw65.4,v4,dataset-20260508.zip,049591afd4fc3529aedbd31ef9119f5ec0601ebcb8cbbd4a25b7e883fde147ce,d2-v4-stage2b5-v1,12_freeze_d2_protocol.py@1 + 10_prepare_d2_freeze_candidate.py@1,a587d1d3cf826ec476fe91356f472b4a1a2b78eca51376c392fc16846b825caf,1db875a1eb10d95d654d0f2d27a52815794db0d8,13436313853456744620,3589472428,70/15/15,train,IMG_56160.jpg,dataset-20260508/train/IMG_56160.jpg,dataset-20260508/train.json,original,sg-0802,gc-0786,one plain original per evidence source group; no dataset resize/offline augmentation; pipeline online only,plain_base,none,true,,valid three-class raw regions; U01 drop raw region #3; standard background/FP; no ignore region,,train,0,0,2,2,0
10.17632/gfcmdbvw65.4,v4,dataset-20260508.zip,049591afd4fc3529aedbd31ef9119f5ec0601ebcb8cbbd4a25b7e883fde147ce,d2-v4-stage2b5-v1,12_freeze_d2_protocol.py@1 + 10_prepare_d2_freeze_candidate.py@1,a587d1d3cf826ec476fe91356f472b4a1a2b78eca51376c392fc16846b825caf,1db875a1eb10d95d654d0f2d27a52815794db0d8,13436313853456744620,3589472428,70/15/15,train,IMG_56170.jpg,dataset-20260508/train/IMG_56170.jpg,dataset-20260508/train.json,original,sg-0803,gc-0787,one plain original per evidence source group; no dataset resize/offline augmentation; pipeline online only,plain_base,none,true,,valid three-class raw regions; U01 drop raw region #3; standard background/FP; no ignore region,,train,0,0,3,3,0
10.17632/gfcmdbvw65.4,v4,dataset-20260508.zip,049591afd4fc3529aedbd31ef9119f5ec0601ebcb8cbbd4a25b7e883fde147ce,d2-v4-stage2b5-v1,12_freeze_d2_protocol.py@1 + 10_prepare_d2_freeze_candidate.py@1,a587d1d3cf826ec476fe91356f472b4a1a2b78eca51376c392fc16846b825caf,1db875a1eb10d95d654d0f2d27a52815794db0d8,13436313853456744620,3589472428,70/15/15,train,IMG_56180.jpg,dataset-20260508/train/IMG_56180.jpg,dataset-20260508/train.json,original,sg-0804,gc-0788,one plain original per evidence source group; no dataset resize/offline augmentation; pipeline online only,plain_base,none,true,,valid three-class raw regions; U01 drop raw region #3; standard background/FP; no ignore region,,train,0,0,3,3,0
10.17632/gfcmdbvw65.4,v4,dataset-20260508.zip,049591afd4fc3529aedbd31ef9119f5ec0601ebcb8cbbd4a25b7e883fde147ce,d2-v4-stage2b5-v1,12_freeze_d2_protocol.py@1 + 10_prepare_d2_freeze_candidate.py@1,a587d1d3cf826ec476fe91356f472b4a1a2b78eca51376c392fc16846b825caf,1db875a1eb10d95d654d0f2d27a52815794db0d8,13436313853456744620,3589472428,70/15/15,train,IMG_56190.jpg,dataset-20260508/train/IMG_56190.jpg,dataset-20260508/train.json,original,sg-0805,gc-0789,one plain original per evidence source group; no dataset resize/offline augmentation; pipeline online only,plain_base,none,true,,valid three-class raw regions; U01 drop raw region #3; standard background/FP; no ignore region,,train,0,2,1,3,1
10.17632/gfcmdbvw65.4,v4,dataset-20260508.zip,049591afd4fc3529aedbd31ef9119f5ec0601ebcb8cbbd4a25b7e883fde147ce,d2-v4-stage2b5-v1,12_freeze_d2_protocol.py@1 + 10_prepare_d2_freeze_candidate.py@1,a587d1d3cf826ec476fe91356f472b4a1a2b78eca51376c392fc16846b825caf,1db875a1eb10d95d654d0f2d27a52815794db0d8,13436313853456744620,3589472428,70/15/15,train,IMG_56210.jpg,dataset-20260508/train/IMG_56210.jpg,dataset-20260508/train.json,original,sg-0806,gc-0790,one plain original per evidence source group; no dataset resize/offline augmentation; pipeline online only,plain_base,none,true,,valid three-class raw regions; U01 drop raw region #3; standard background/FP; no ignore region,,train,0,0,4,4,0
10.17632/gfcmdbvw65.4,v4,dataset-20260508.zip,049591afd4fc3529aedbd31ef9119f5ec0601ebcb8cbbd4a25b7e883fde147ce,d2-v4-stage2b5-v1,12_freeze_d2_protocol.py@1 + 10_prepare_d2_freeze_candidate.py@1,a587d1d3cf826ec476fe91356f472b4a1a2b78eca51376c392fc16846b825caf,1db875a1eb10d95d654d0f2d27a52815794db0d8,13436313853456744620,3589472428,70/15/15,train,IMG_56230.jpg,dataset-20260508/train/IMG_56230.jpg,dataset-20260508/train.json,original,sg-0807,gc-0791,one plain original per evidence source group; no dataset resize/offline augmentation; pipeline online only,plain_base,none,true,,valid three-class raw regions; U01 drop raw region #3; standard background/FP; no ignore region,,train,0,0,2,2,0
10.17632/gfcmdbvw65.4,v4,dataset-20260508.zip,049591afd4fc3529aedbd31ef9119f5ec0601ebcb8cbbd4a25b7e883fde147ce,d2-v4-stage2b5-v1,12_freeze_d2_protocol.py@1 + 10_prepare_d2_freeze_candidate.py@1,a587d1d3cf826ec476fe91356f472b4a1a2b78eca51376c392fc16846b825caf,1db875a1eb10d95d654d0f2d27a52815794db0d8,13436313853456744620,3589472428,70/15/15,train,IMG_56240.jpg,dataset-20260508/train/IMG_56240.jpg,dataset-20260508/train.json,original,sg-0808,gc-0792,one plain original per evidence source group; no dataset resize/offline augmentation; pipeline online only,plain_base,none,true,,valid three-class raw regions; U01 drop raw region #3; standard background/FP; no ignore region,,train,0,0,2,2,0
10.17632/gfcmdbvw65.4,v4,dataset-20260508.zip,049591afd4fc3529aedbd31ef9119f5ec0601ebcb8cbbd4a25b7e883fde147ce,d2-v4-stage2b5-v1,12_freeze_d2_protocol.py@1 + 10_prepare_d2_freeze_candidate.py@1,a587d1d3cf826ec476fe91356f472b4a1a2b78eca51376c392fc16846b825caf,1db875a1eb10d95d654d0f2d27a52815794db0d8,13436313853456744620,3589472428,70/15/15,train,IMG_5625.jpg,dataset-20260508/train/IMG_5625.jpg,dataset-20260508/train.json,original,sg-0809,gc-0793,one plain original per evidence source group; no dataset resize/offline augmentation; pipeline online only,plain_base,none,true,,valid three-class raw regions; U01 drop raw region #3; standard background/FP; no ignore region,,val,0,0,2,2,0
10.17632/gfcmdbvw65.4,v4,dataset-20260508.zip,049591afd4fc3529aedbd31ef9119f5ec0601ebcb8cbbd4a25b7e883fde147ce,d2-v4-stage2b5-v1,12_freeze_d2_protocol.py@1 + 10_prepare_d2_freeze_candidate.py@1,a587d1d3cf826ec476fe91356f472b4a1a2b78eca51376c392fc16846b825caf,1db875a1eb10d95d654d0f2d27a52815794db0d8,13436313853456744620,3589472428,70/15/15,train,IMG_56260.jpg,dataset-20260508/train/IMG_56260.jpg,dataset-20260508/train.json,original,sg-0810,gc-0794,one plain original per evidence source group; no dataset resize/offline augmentation; pipeline online only,plain_base,none,true,,valid three-class raw regions; U01 drop raw region #3; standard background/FP; no ignore region,,train,0,0,2,2,0
10.17632/gfcmdbvw65.4,v4,dataset-20260508.zip,049591afd4fc3529aedbd31ef9119f5ec0601ebcb8cbbd4a25b7e883fde147ce,d2-v4-stage2b5-v1,12_freeze_d2_protocol.py@1 + 10_prepare_d2_freeze_candidate.py@1,a587d1d3cf826ec476fe91356f472b4a1a2b78eca51376c392fc16846b825caf,1db875a1eb10d95d654d0f2d27a52815794db0d8,13436313853456744620,3589472428,70/15/15,train,IMG_5627.jpg,dataset-20260508/train/IMG_5627.jpg,dataset-20260508/train.json,original,sg-0811,gc-0795,one plain original per evidence source group; no dataset resize/offline augmentation; pipeline online only,plain_base,none,true,,valid three-class raw regions; U01 drop raw region #3; standard background/FP; no ignore region,,train,0,0,2,2,0
10.17632/gfcmdbvw65.4,v4,dataset-20260508.zip,049591afd4fc3529aedbd31ef9119f5ec0601ebcb8cbbd4a25b7e883fde147ce,d2-v4-stage2b5-v1,12_freeze_d2_protocol.py@1 + 10_prepare_d2_freeze_candidate.py@1,a587d1d3cf826ec476fe91356f472b4a1a2b78eca51376c392fc16846b825caf,1db875a1eb10d95d654d0f2d27a52815794db0d8,13436313853456744620,3589472428,70/15/15,train,IMG_56280.jpg,dataset-20260508/train/IMG_56280.jpg,dataset-20260508/train.json,original,sg-0812,gc-0796,one plain original per evidence source group; no dataset resize/offline augmentation; pipeline online only,plain_base,none,true,,valid three-class raw regions; U01 drop raw region #3; standard background/FP; no ignore region,,train,8,0,0,8,0
10.17632/gfcmdbvw65.4,v4,dataset-20260508.zip,049591afd4fc3529aedbd31ef9119f5ec0601ebcb8cbbd4a25b7e883fde147ce,d2-v4-stage2b5-v1,12_freeze_d2_protocol.py@1 + 10_prepare_d2_freeze_candidate.py@1,a587d1d3cf826ec476fe91356f472b4a1a2b78eca51376c392fc16846b825caf,1db875a1eb10d95d654d0f2d27a52815794db0d8,13436313853456744620,3589472428,70/15/15,train,IMG_56290.jpg,dataset-20260508/train/IMG_56290.jpg,dataset-20260508/train.json,original,sg-0813,gc-0797,one plain original per evidence source group; no dataset resize/offline augmentation; pipeline online only,plain_base,none,true,,valid three-class raw regions; U01 drop raw region #3; standard background/FP; no ignore region,,val,6,0,0,6,0
10.17632/gfcmdbvw65.4,v4,dataset-20260508.zip,049591afd4fc3529aedbd31ef9119f5ec0601ebcb8cbbd4a25b7e883fde147ce,d2-v4-stage2b5-v1,12_freeze_d2_protocol.py@1 + 10_prepare_d2_freeze_candidate.py@1,a587d1d3cf826ec476fe91356f472b4a1a2b78eca51376c392fc16846b825caf,1db875a1eb10d95d654d0f2d27a52815794db0d8,13436313853456744620,3589472428,70/15/15,train,IMG_56320.jpg,dataset-20260508/train/IMG_56320.jpg,dataset-20260508/train.json,original,sg-0814,gc-0798,one plain original per evidence source group; no dataset resize/offline augmentation; pipeline online only,plain_base,none,true,,valid three-class raw regions; U01 drop raw region #3; standard background/FP; no ignore region,,train,3,0,0,3,0
10.17632/gfcmdbvw65.4,v4,dataset-20260508.zip,049591afd4fc3529aedbd31ef9119f5ec0601ebcb8cbbd4a25b7e883fde147ce,d2-v4-stage2b5-v1,12_freeze_d2_protocol.py@1 + 10_prepare_d2_freeze_candidate.py@1,a587d1d3cf826ec476fe91356f472b4a1a2b78eca51376c392fc16846b825caf,1db875a1eb10d95d654d0f2d27a52815794db0d8,13436313853456744620,3589472428,70/15/15,train,IMG_5633.jpg,dataset-20260508/train/IMG_5633.jpg,dataset-20260508/train.json,original,sg-0815,gc-0799,one plain original per evidence source group; no dataset resize/offline augmentation; pipeline online only,plain_base,none,true,,valid three-class raw regions; U01 drop raw region #3; standard background/FP; no ignore region,,train,0,0,3,3,0
10.17632/gfcmdbvw65.4,v4,dataset-20260508.zip,049591afd4fc3529aedbd31ef9119f5ec0601ebcb8cbbd4a25b7e883fde147ce,d2-v4-stage2b5-v1,12_freeze_d2_protocol.py@1 + 10_prepare_d2_freeze_candidate.py@1,a587d1d3cf826ec476fe91356f472b4a1a2b78eca51376c392fc16846b825caf,1db875a1eb10d95d654d0f2d27a52815794db0d8,13436313853456744620,3589472428,70/15/15,train,IMG_56340.jpg,dataset-20260508/train/IMG_56340.jpg,dataset-20260508/train.json,original,sg-0816,gc-0800,one plain original per evidence source group; no dataset resize/offline augmentation; pipeline online only,plain_base,none,true,,valid three-class raw regions; U01 drop raw region #3; standard background/FP; no ignore region,,train,0,0,2,2,0
10.17632/gfcmdbvw65.4,v4,dataset-20260508.zip,049591afd4fc3529aedbd31ef9119f5ec0601ebcb8cbbd4a25b7e883fde147ce,d2-v4-stage2b5-v1,12_freeze_d2_protocol.py@1 + 10_prepare_d2_freeze_candidate.py@1,a587d1d3cf826ec476fe91356f472b4a1a2b78eca51376c392fc16846b825caf,1db875a1eb10d95d654d0f2d27a52815794db0d8,13436313853456744620,3589472428,70/15/15,train,IMG_56350.jpg,dataset-20260508/train/IMG_56350.jpg,dataset-20260508/train.json,original,sg-0817,gc-0801,one plain original per evidence source group; no dataset resize/offline augmentation; pipeline online only,plain_base,none,true,,valid three-class raw regions; U01 drop raw region #3; standard background/FP; no ignore region,,train,0,0,3,3,0
10.17632/gfcmdbvw65.4,v4,dataset-20260508.zip,049591afd4fc3529aedbd31ef9119f5ec0601ebcb8cbbd4a25b7e883fde147ce,d2-v4-stage2b5-v1,12_freeze_d2_protocol.py@1 + 10_prepare_d2_freeze_candidate.py@1,a587d1d3cf826ec476fe91356f472b4a1a2b78eca51376c392fc16846b825caf,1db875a1eb10d95d654d0f2d27a52815794db0d8,13436313853456744620,3589472428,70/15/15,train,IMG_56360.jpg,dataset-20260508/train/IMG_56360.jpg,dataset-20260508/train.json,original,sg-0818,gc-0802,one plain original per evidence source group; no dataset resize/offline augmentation; pipeline online only,plain_base,none,true,,valid three-class raw regions; U01 drop raw region #3; standard background/FP; no ignore region,,train,0,0,2,2,0
10.17632/gfcmdbvw65.4,v4,dataset-20260508.zip,049591afd4fc3529aedbd31ef9119f5ec0601ebcb8cbbd4a25b7e883fde147ce,d2-v4-stage2b5-v1,12_freeze_d2_protocol.py@1 + 10_prepare_d2_freeze_candidate.py@1,a587d1d3cf826ec476fe91356f472b4a1a2b78eca51376c392fc16846b825caf,1db875a1eb10d95d654d0f2d27a52815794db0d8,13436313853456744620,3589472428,70/15/15,train,IMG_56370.jpg,dataset-20260508/train/IMG_56370.jpg,dataset-20260508/train.json,original,sg-0819,gc-0803,one plain original per evidence source group; no dataset resize/offline augmentation; pipeline online only,plain_base,none,true,,valid three-class raw regions; U01 drop raw region #3; standard background/FP; no ignore region,,train,0,0,3,3,0
10.17632/gfcmdbvw65.4,v4,dataset-20260508.zip,049591afd4fc3529aedbd31ef9119f5ec0601ebcb8cbbd4a25b7e883fde147ce,d2-v4-stage2b5-v1,12_freeze_d2_protocol.py@1 + 10_prepare_d2_freeze_candidate.py@1,a587d1d3cf826ec476fe91356f472b4a1a2b78eca51376c392fc16846b825caf,1db875a1eb10d95d654d0f2d27a52815794db0d8,13436313853456744620,3589472428,70/15/15,train,IMG_56380.jpg,dataset-20260508/train/IMG_56380.jpg,dataset-20260508/train.json,original,sg-0820,gc-0804,one plain original per evidence source group; no dataset resize/offline augmentation; pipeline online only,plain_base,none,true,,valid three-class raw regions; U01 drop raw region #3; standard background/FP; no ignore region,,train,0,0,2,2,0
10.17632/gfcmdbvw65.4,v4,dataset-20260508.zip,049591afd4fc3529aedbd31ef9119f5ec0601ebcb8cbbd4a25b7e883fde147ce,d2-v4-stage2b5-v1,12_freeze_d2_protocol.py@1 + 10_prepare_d2_freeze_candidate.py@1,a587d1d3cf826ec476fe91356f472b4a1a2b78eca51376c392fc16846b825caf,1db875a1eb10d95d654d0f2d27a52815794db0d8,13436313853456744620,3589472428,70/15/15,train,IMG_56390.jpg,dataset-20260508/train/IMG_56390.jpg,dataset-20260508/train.json,original,sg-0821,gc-0805,one plain original per evidence source group; no dataset resize/offline augmentation; pipeline online only,plain_base,none,true,,valid three-class raw regions; U01 drop raw region #3; standard background/FP; no ignore region,,val,0,1,4,5,1
10.17632/gfcmdbvw65.4,v4,dataset-20260508.zip,049591afd4fc3529aedbd31ef9119f5ec0601ebcb8cbbd4a25b7e883fde147ce,d2-v4-stage2b5-v1,12_freeze_d2_protocol.py@1 + 10_prepare_d2_freeze_candidate.py@1,a587d1d3cf826ec476fe91356f472b4a1a2b78eca51376c392fc16846b825caf,1db875a1eb10d95d654d0f2d27a52815794db0d8,13436313853456744620,3589472428,70/15/15,train,IMG_56410.jpg,dataset-20260508/train/IMG_56410.jpg,dataset-20260508/train.json,original,sg-0822,gc-0806,one plain original per evidence source group; no dataset resize/offline augmentation; pipeline online only,plain_base,none,true,,valid three-class raw regions; U01 drop raw region #3; standard background/FP; no ignore region,,val,0,2,1,3,1
10.17632/gfcmdbvw65.4,v4,dataset-20260508.zip,049591afd4fc3529aedbd31ef9119f5ec0601ebcb8cbbd4a25b7e883fde147ce,d2-v4-stage2b5-v1,12_freeze_d2_protocol.py@1 + 10_prepare_d2_freeze_candidate.py@1,a587d1d3cf826ec476fe91356f472b4a1a2b78eca51376c392fc16846b825caf,1db875a1eb10d95d654d0f2d27a52815794db0d8,13436313853456744620,3589472428,70/15/15,train,IMG_5642.jpg,dataset-20260508/train/IMG_5642.jpg,dataset-20260508/train.json,original,sg-0823,gc-0807,one plain original per evidence source group; no dataset resize/offline augmentation; pipeline online only,plain_base,none,true,,valid three-class raw regions; U01 drop raw region #3; standard background/FP; no ignore region,,train,0,0,4,4,0
10.17632/gfcmdbvw65.4,v4,dataset-20260508.zip,049591afd4fc3529aedbd31ef9119f5ec0601ebcb8cbbd4a25b7e883fde147ce,d2-v4-stage2b5-v1,12_freeze_d2_protocol.py@1 + 10_prepare_d2_freeze_candidate.py@1,a587d1d3cf826ec476fe91356f472b4a1a2b78eca51376c392fc16846b825caf,1db875a1eb10d95d654d0f2d27a52815794db0d8,13436313853456744620,3589472428,70/15/15,train,IMG_56430.jpg,dataset-20260508/train/IMG_56430.jpg,dataset-20260508/train.json,original,sg-0824,gc-0808,one plain original per evidence source group; no dataset resize/offline augmentation; pipeline online only,plain_base,none,true,,valid three-class raw regions; U01 drop raw region #3; standard background/FP; no ignore region,,train,0,0,5,5,0
10.17632/gfcmdbvw65.4,v4,dataset-20260508.zip,049591afd4fc3529aedbd31ef9119f5ec0601ebcb8cbbd4a25b7e883fde147ce,d2-v4-stage2b5-v1,12_freeze_d2_protocol.py@1 + 10_prepare_d2_freeze_candidate.py@1,a587d1d3cf826ec476fe91356f472b4a1a2b78eca51376c392fc16846b825caf,1db875a1eb10d95d654d0f2d27a52815794db0d8,13436313853456744620,3589472428,70/15/15,train,IMG_6760.jpg,dataset-20260508/train/IMG_6760.jpg,dataset-20260508/train.json,original,sg-0825,gc-0809,one plain original per evidence source group; no dataset resize/offline augmentation; pipeline online only,plain_base,none,true,,valid three-class raw regions; U01 drop raw region #3; standard background/FP; no ignore region,,test,1,0,0,1,0
10.17632/gfcmdbvw65.4,v4,dataset-20260508.zip,049591afd4fc3529aedbd31ef9119f5ec0601ebcb8cbbd4a25b7e883fde147ce,d2-v4-stage2b5-v1,12_freeze_d2_protocol.py@1 + 10_prepare_d2_freeze_candidate.py@1,a587d1d3cf826ec476fe91356f472b4a1a2b78eca51376c392fc16846b825caf,1db875a1eb10d95d654d0f2d27a52815794db0d8,13436313853456744620,3589472428,70/15/15,train,IMG_6761.jpg,dataset-20260508/train/IMG_6761.jpg,dataset-20260508/train.json,original,sg-0826,gc-0810,one plain original per evidence source group; no dataset resize/offline augmentation; pipeline online only,plain_base,none,true,,valid three-class raw regions; U01 drop raw region #3; standard background/FP; no ignore region,,train,1,0,0,1,0
10.17632/gfcmdbvw65.4,v4,dataset-20260508.zip,049591afd4fc3529aedbd31ef9119f5ec0601ebcb8cbbd4a25b7e883fde147ce,d2-v4-stage2b5-v1,12_freeze_d2_protocol.py@1 + 10_prepare_d2_freeze_candidate.py@1,a587d1d3cf826ec476fe91356f472b4a1a2b78eca51376c392fc16846b825caf,1db875a1eb10d95d654d0f2d27a52815794db0d8,13436313853456744620,3589472428,70/15/15,train,IMG_6762.jpg,dataset-20260508/train/IMG_6762.jpg,dataset-20260508/train.json,original,sg-0827,gc-0811,one plain original per evidence source group; no dataset resize/offline augmentation; pipeline online only,plain_base,none,true,,valid three-class raw regions; U01 drop raw region #3; standard background/FP; no ignore region,,train,2,0,0,2,0
10.17632/gfcmdbvw65.4,v4,dataset-20260508.zip,049591afd4fc3529aedbd31ef9119f5ec0601ebcb8cbbd4a25b7e883fde147ce,d2-v4-stage2b5-v1,12_freeze_d2_protocol.py@1 + 10_prepare_d2_freeze_candidate.py@1,a587d1d3cf826ec476fe91356f472b4a1a2b78eca51376c392fc16846b825caf,1db875a1eb10d95d654d0f2d27a52815794db0d8,13436313853456744620,3589472428,70/15/15,train,IMG_6763.jpg,dataset-20260508/train/IMG_6763.jpg,dataset-20260508/train.json,original,sg-0828,gc-0812,one plain original per evidence source group; no dataset resize/offline augmentation; pipeline online only,plain_base,none,true,,valid three-class raw regions; U01 drop raw region #3; standard background/FP; no ignore region,,train,2,0,0,2,0
10.17632/gfcmdbvw65.4,v4,dataset-20260508.zip,049591afd4fc3529aedbd31ef9119f5ec0601ebcb8cbbd4a25b7e883fde147ce,d2-v4-stage2b5-v1,12_freeze_d2_protocol.py@1 + 10_prepare_d2_freeze_candidate.py@1,a587d1d3cf826ec476fe91356f472b4a1a2b78eca51376c392fc16846b825caf,1db875a1eb10d95d654d0f2d27a52815794db0d8,13436313853456744620,3589472428,70/15/15,train,IMG_6764.jpg,dataset-20260508/train/IMG_6764.jpg,dataset-20260508/train.json,original,sg-0829,gc-0813,one plain original per evidence source group; no dataset resize/offline augmentation; pipeline online only,plain_base,none,true,,valid three-class raw regions; U01 drop raw region #3; standard background/FP; no ignore region,,train,1,0,0,1,0
10.17632/gfcmdbvw65.4,v4,dataset-20260508.zip,049591afd4fc3529aedbd31ef9119f5ec0601ebcb8cbbd4a25b7e883fde147ce,d2-v4-stage2b5-v1,12_freeze_d2_protocol.py@1 + 10_prepare_d2_freeze_candidate.py@1,a587d1d3cf826ec476fe91356f472b4a1a2b78eca51376c392fc16846b825caf,1db875a1eb10d95d654d0f2d27a52815794db0d8,13436313853456744620,3589472428,70/15/15,train,IMG_6765.jpg,dataset-20260508/train/IMG_6765.jpg,dataset-20260508/train.json,original,sg-0830,gc-0814,one plain original per evidence source group; no dataset resize/offline augmentation; pipeline online only,plain_base,none,true,,valid three-class raw regions; U01 drop raw region #3; standard background/FP; no ignore region,,train,1,0,0,1,0
10.17632/gfcmdbvw65.4,v4,dataset-20260508.zip,049591afd4fc3529aedbd31ef9119f5ec0601ebcb8cbbd4a25b7e883fde147ce,d2-v4-stage2b5-v1,12_freeze_d2_protocol.py@1 + 10_prepare_d2_freeze_candidate.py@1,a587d1d3cf826ec476fe91356f472b4a1a2b78eca51376c392fc16846b825caf,1db875a1eb10d95d654d0f2d27a52815794db0d8,13436313853456744620,3589472428,70/15/15,train,IMG_6770.jpg,dataset-20260508/train/IMG_6770.jpg,dataset-20260508/train.json,original,sg-0831,gc-0815,one plain original per evidence source group; no dataset resize/offline augmentation; pipeline online only,plain_base,none,true,,valid three-class raw regions; U01 drop raw region #3; standard background/FP; no ignore region,,train,4,0,0,4,0
10.17632/gfcmdbvw65.4,v4,dataset-20260508.zip,049591afd4fc3529aedbd31ef9119f5ec0601ebcb8cbbd4a25b7e883fde147ce,d2-v4-stage2b5-v1,12_freeze_d2_protocol.py@1 + 10_prepare_d2_freeze_candidate.py@1,a587d1d3cf826ec476fe91356f472b4a1a2b78eca51376c392fc16846b825caf,1db875a1eb10d95d654d0f2d27a52815794db0d8,13436313853456744620,3589472428,70/15/15,train,IMG_6773.jpg,dataset-20260508/train/IMG_6773.jpg,dataset-20260508/train.json,original,sg-0832,gc-0816,one plain original per evidence source group; no dataset resize/offline augmentation; pipeline online only,plain_base,none,true,,valid three-class raw regions; U01 drop raw region #3; standard background/FP; no ignore region,,train,0,1,0,1,0
10.17632/gfcmdbvw65.4,v4,dataset-20260508.zip,049591afd4fc3529aedbd31ef9119f5ec0601ebcb8cbbd4a25b7e883fde147ce,d2-v4-stage2b5-v1,12_freeze_d2_protocol.py@1 + 10_prepare_d2_freeze_candidate.py@1,a587d1d3cf826ec476fe91356f472b4a1a2b78eca51376c392fc16846b825caf,1db875a1eb10d95d654d0f2d27a52815794db0d8,13436313853456744620,3589472428,70/15/15,train,IMG_6775.jpg,dataset-20260508/train/IMG_6775.jpg,dataset-20260508/train.json,original,sg-0833,gc-0817,one plain original per evidence source group; no dataset resize/offline augmentation; pipeline online only,plain_base,none,true,,valid three-class raw regions; U01 drop raw region #3; standard background/FP; no ignore region,,train,1,0,0,1,0
10.17632/gfcmdbvw65.4,v4,dataset-20260508.zip,049591afd4fc3529aedbd31ef9119f5ec0601ebcb8cbbd4a25b7e883fde147ce,d2-v4-stage2b5-v1,12_freeze_d2_protocol.py@1 + 10_prepare_d2_freeze_candidate.py@1,a587d1d3cf826ec476fe91356f472b4a1a2b78eca51376c392fc16846b825caf,1db875a1eb10d95d654d0f2d27a52815794db0d8,13436313853456744620,3589472428,70/15/15,train,IMG_6776.jpg,dataset-20260508/train/IMG_6776.jpg,dataset-20260508/train.json,original,sg-0834,gc-0818,one plain original per evidence source group; no dataset resize/offline augmentation; pipeline online only,plain_base,none,true,,valid three-class raw regions; U01 drop raw region #3; standard background/FP; no ignore region,,train,1,0,0,1,0
10.17632/gfcmdbvw65.4,v4,dataset-20260508.zip,049591afd4fc3529aedbd31ef9119f5ec0601ebcb8cbbd4a25b7e883fde147ce,d2-v4-stage2b5-v1,12_freeze_d2_protocol.py@1 + 10_prepare_d2_freeze_candidate.py@1,a587d1d3cf826ec476fe91356f472b4a1a2b78eca51376c392fc16846b825caf,1db875a1eb10d95d654d0f2d27a52815794db0d8,13436313853456744620,3589472428,70/15/15,train,IMG_6777.jpg,dataset-20260508/train/IMG_6777.jpg,dataset-20260508/train.json,original,sg-0835,gc-0819,one plain original per evidence source group; no dataset resize/offline augmentation; pipeline online only,plain_base,none,true,,valid three-class raw regions; U01 drop raw region #3; standard background/FP; no ignore region,,train,4,0,0,4,0
10.17632/gfcmdbvw65.4,v4,dataset-20260508.zip,049591afd4fc3529aedbd31ef9119f5ec0601ebcb8cbbd4a25b7e883fde147ce,d2-v4-stage2b5-v1,12_freeze_d2_protocol.py@1 + 10_prepare_d2_freeze_candidate.py@1,a587d1d3cf826ec476fe91356f472b4a1a2b78eca51376c392fc16846b825caf,1db875a1eb10d95d654d0f2d27a52815794db0d8,13436313853456744620,3589472428,70/15/15,train,IMG_6783.jpg,dataset-20260508/train/IMG_6783.jpg,dataset-20260508/train.json,original,sg-0836,gc-0820,one plain original per evidence source group; no dataset resize/offline augmentation; pipeline online only,plain_base,none,true,,valid three-class raw regions; U01 drop raw region #3; standard background/FP; no ignore region,,test,1,0,0,1,0
10.17632/gfcmdbvw65.4,v4,dataset-20260508.zip,049591afd4fc3529aedbd31ef9119f5ec0601ebcb8cbbd4a25b7e883fde147ce,d2-v4-stage2b5-v1,12_freeze_d2_protocol.py@1 + 10_prepare_d2_freeze_candidate.py@1,a587d1d3cf826ec476fe91356f472b4a1a2b78eca51376c392fc16846b825caf,1db875a1eb10d95d654d0f2d27a52815794db0d8,13436313853456744620,3589472428,70/15/15,train,IMG_6785.jpg,dataset-20260508/train/IMG_6785.jpg,dataset-20260508/train.json,original,sg-0837,gc-0821,one plain original per evidence source group; no dataset resize/offline augmentation; pipeline online only,plain_base,none,true,,valid three-class raw regions; U01 drop raw region #3; standard background/FP; no ignore region,,val,1,0,0,1,0
10.17632/gfcmdbvw65.4,v4,dataset-20260508.zip,049591afd4fc3529aedbd31ef9119f5ec0601ebcb8cbbd4a25b7e883fde147ce,d2-v4-stage2b5-v1,12_freeze_d2_protocol.py@1 + 10_prepare_d2_freeze_candidate.py@1,a587d1d3cf826ec476fe91356f472b4a1a2b78eca51376c392fc16846b825caf,1db875a1eb10d95d654d0f2d27a52815794db0d8,13436313853456744620,3589472428,70/15/15,train,IMG_6786.jpg,dataset-20260508/train/IMG_6786.jpg,dataset-20260508/train.json,original,sg-0838,gc-0822,one plain original per evidence source group; no dataset resize/offline augmentation; pipeline online only,plain_base,none,true,,valid three-class raw regions; U01 drop raw region #3; standard background/FP; no ignore region,,train,1,0,0,1,0
10.17632/gfcmdbvw65.4,v4,dataset-20260508.zip,049591afd4fc3529aedbd31ef9119f5ec0601ebcb8cbbd4a25b7e883fde147ce,d2-v4-stage2b5-v1,12_freeze_d2_protocol.py@1 + 10_prepare_d2_freeze_candidate.py@1,a587d1d3cf826ec476fe91356f472b4a1a2b78eca51376c392fc16846b825caf,1db875a1eb10d95d654d0f2d27a52815794db0d8,13436313853456744620,3589472428,70/15/15,train,IMG_6788.jpg,dataset-20260508/train/IMG_6788.jpg,dataset-20260508/train.json,original,sg-0839,gc-0823,one plain original per evidence source group; no dataset resize/offline augmentation; pipeline online only,plain_base,none,true,,valid three-class raw regions; U01 drop raw region #3; standard background/FP; no ignore region,,train,3,0,0,3,0
10.17632/gfcmdbvw65.4,v4,dataset-20260508.zip,049591afd4fc3529aedbd31ef9119f5ec0601ebcb8cbbd4a25b7e883fde147ce,d2-v4-stage2b5-v1,12_freeze_d2_protocol.py@1 + 10_prepare_d2_freeze_candidate.py@1,a587d1d3cf826ec476fe91356f472b4a1a2b78eca51376c392fc16846b825caf,1db875a1eb10d95d654d0f2d27a52815794db0d8,13436313853456744620,3589472428,70/15/15,train,IMG_6789.jpg,dataset-20260508/train/IMG_6789.jpg,dataset-20260508/train.json,original,sg-0840,gc-0824,one plain original per evidence source group; no dataset resize/offline augmentation; pipeline online only,plain_base,none,true,,valid three-class raw regions; U01 drop raw region #3; standard background/FP; no ignore region,,train,2,0,0,2,0
10.17632/gfcmdbvw65.4,v4,dataset-20260508.zip,049591afd4fc3529aedbd31ef9119f5ec0601ebcb8cbbd4a25b7e883fde147ce,d2-v4-stage2b5-v1,12_freeze_d2_protocol.py@1 + 10_prepare_d2_freeze_candidate.py@1,a587d1d3cf826ec476fe91356f472b4a1a2b78eca51376c392fc16846b825caf,1db875a1eb10d95d654d0f2d27a52815794db0d8,13436313853456744620,3589472428,70/15/15,train,IMG_6790.jpg,dataset-20260508/train/IMG_6790.jpg,dataset-20260508/train.json,original,sg-0841,gc-0825,one plain original per evidence source group; no dataset resize/offline augmentation; pipeline online only,plain_base,none,true,,valid three-class raw regions; U01 drop raw region #3; standard background/FP; no ignore region,,train,1,0,0,1,0
10.17632/gfcmdbvw65.4,v4,dataset-20260508.zip,049591afd4fc3529aedbd31ef9119f5ec0601ebcb8cbbd4a25b7e883fde147ce,d2-v4-stage2b5-v1,12_freeze_d2_protocol.py@1 + 10_prepare_d2_freeze_candidate.py@1,a587d1d3cf826ec476fe91356f472b4a1a2b78eca51376c392fc16846b825caf,1db875a1eb10d95d654d0f2d27a52815794db0d8,13436313853456744620,3589472428,70/15/15,train,IMG_6791.jpg,dataset-20260508/train/IMG_6791.jpg,dataset-20260508/train.json,original,sg-0842,gc-0826,one plain original per evidence source group; no dataset resize/offline augmentation; pipeline online only,plain_base,none,true,,valid three-class raw regions; U01 drop raw region #3; standard background/FP; no ignore region,,train,1,0,0,1,0
10.17632/gfcmdbvw65.4,v4,dataset-20260508.zip,049591afd4fc3529aedbd31ef9119f5ec0601ebcb8cbbd4a25b7e883fde147ce,d2-v4-stage2b5-v1,12_freeze_d2_protocol.py@1 + 10_prepare_d2_freeze_candidate.py@1,a587d1d3cf826ec476fe91356f472b4a1a2b78eca51376c392fc16846b825caf,1db875a1eb10d95d654d0f2d27a52815794db0d8,13436313853456744620,3589472428,70/15/15,train,IMG_6792.jpg,dataset-20260508/train/IMG_6792.jpg,dataset-20260508/train.json,original,sg-0843,gc-0827,one plain original per evidence source group; no dataset resize/offline augmentation; pipeline online only,plain_base,none,true,,valid three-class raw regions; U01 drop raw region #3; standard background/FP; no ignore region,,train,1,0,0,1,0
10.17632/gfcmdbvw65.4,v4,dataset-20260508.zip,049591afd4fc3529aedbd31ef9119f5ec0601ebcb8cbbd4a25b7e883fde147ce,d2-v4-stage2b5-v1,12_freeze_d2_protocol.py@1 + 10_prepare_d2_freeze_candidate.py@1,a587d1d3cf826ec476fe91356f472b4a1a2b78eca51376c392fc16846b825caf,1db875a1eb10d95d654d0f2d27a52815794db0d8,13436313853456744620,3589472428,70/15/15,train,IMG_6793.jpg,dataset-20260508/train/IMG_6793.jpg,dataset-20260508/train.json,original,sg-0844,gc-0828,one plain original per evidence source group; no dataset resize/offline augmentation; pipeline online only,plain_base,none,true,,valid three-class raw regions; U01 drop raw region #3; standard background/FP; no ignore region,,train,1,0,0,1,0
10.17632/gfcmdbvw65.4,v4,dataset-20260508.zip,049591afd4fc3529aedbd31ef9119f5ec0601ebcb8cbbd4a25b7e883fde147ce,d2-v4-stage2b5-v1,12_freeze_d2_protocol.py@1 + 10_prepare_d2_freeze_candidate.py@1,a587d1d3cf826ec476fe91356f472b4a1a2b78eca51376c392fc16846b825caf,1db875a1eb10d95d654d0f2d27a52815794db0d8,13436313853456744620,3589472428,70/15/15,train,IMG_6794.jpg,dataset-20260508/train/IMG_6794.jpg,dataset-20260508/train.json,original,sg-0845,gc-0829,one plain original per evidence source group; no dataset resize/offline augmentation; pipeline online only,plain_base,none,true,,valid three-class raw regions; U01 drop raw region #3; standard background/FP; no ignore region,,val,2,0,0,2,0
10.17632/gfcmdbvw65.4,v4,dataset-20260508.zip,049591afd4fc3529aedbd31ef9119f5ec0601ebcb8cbbd4a25b7e883fde147ce,d2-v4-stage2b5-v1,12_freeze_d2_protocol.py@1 + 10_prepare_d2_freeze_candidate.py@1,a587d1d3cf826ec476fe91356f472b4a1a2b78eca51376c392fc16846b825caf,1db875a1eb10d95d654d0f2d27a52815794db0d8,13436313853456744620,3589472428,70/15/15,train,IMG_6795.jpg,dataset-20260508/train/IMG_6795.jpg,dataset-20260508/train.json,original,sg-0846,gc-0830,one plain original per evidence source group; no dataset resize/offline augmentation; pipeline online only,plain_base,none,true,,valid three-class raw regions; U01 drop raw region #3; standard background/FP; no ignore region,,val,2,0,0,2,0
10.17632/gfcmdbvw65.4,v4,dataset-20260508.zip,049591afd4fc3529aedbd31ef9119f5ec0601ebcb8cbbd4a25b7e883fde147ce,d2-v4-stage2b5-v1,12_freeze_d2_protocol.py@1 + 10_prepare_d2_freeze_candidate.py@1,a587d1d3cf826ec476fe91356f472b4a1a2b78eca51376c392fc16846b825caf,1db875a1eb10d95d654d0f2d27a52815794db0d8,13436313853456744620,3589472428,70/15/15,train,IMG_6796.jpg,dataset-20260508/train/IMG_6796.jpg,dataset-20260508/train.json,original,sg-0847,gc-0831,one plain original per evidence source group; no dataset resize/offline augmentation; pipeline online only,plain_base,none,true,,valid three-class raw regions; U01 drop raw region #3; standard background/FP; no ignore region,,train,1,0,0,1,0
10.17632/gfcmdbvw65.4,v4,dataset-20260508.zip,049591afd4fc3529aedbd31ef9119f5ec0601ebcb8cbbd4a25b7e883fde147ce,d2-v4-stage2b5-v1,12_freeze_d2_protocol.py@1 + 10_prepare_d2_freeze_candidate.py@1,a587d1d3cf826ec476fe91356f472b4a1a2b78eca51376c392fc16846b825caf,1db875a1eb10d95d654d0f2d27a52815794db0d8,13436313853456744620,3589472428,70/15/15,train,IMG_6797.jpg,dataset-20260508/train/IMG_6797.jpg,dataset-20260508/train.json,original,sg-0848,gc-0832,one plain original per evidence source group; no dataset resize/offline augmentation; pipeline online only,plain_base,none,true,,valid three-class raw regions; U01 drop raw region #3; standard background/FP; no ignore region,,train,2,0,0,2,0
10.17632/gfcmdbvw65.4,v4,dataset-20260508.zip,049591afd4fc3529aedbd31ef9119f5ec0601ebcb8cbbd4a25b7e883fde147ce,d2-v4-stage2b5-v1,12_freeze_d2_protocol.py@1 + 10_prepare_d2_freeze_candidate.py@1,a587d1d3cf826ec476fe91356f472b4a1a2b78eca51376c392fc16846b825caf,1db875a1eb10d95d654d0f2d27a52815794db0d8,13436313853456744620,3589472428,70/15/15,train,IMG_6798.jpg,dataset-20260508/train/IMG_6798.jpg,dataset-20260508/train.json,original,sg-0849,gc-0833,one plain original per evidence source group; no dataset resize/offline augmentation; pipeline online only,plain_base,none,true,,valid three-class raw regions; U01 drop raw region #3; standard background/FP; no ignore region,,val,1,0,0,1,0
10.17632/gfcmdbvw65.4,v4,dataset-20260508.zip,049591afd4fc3529aedbd31ef9119f5ec0601ebcb8cbbd4a25b7e883fde147ce,d2-v4-stage2b5-v1,12_freeze_d2_protocol.py@1 + 10_prepare_d2_freeze_candidate.py@1,a587d1d3cf826ec476fe91356f472b4a1a2b78eca51376c392fc16846b825caf,1db875a1eb10d95d654d0f2d27a52815794db0d8,13436313853456744620,3589472428,70/15/15,train,IMG_6802.jpg,dataset-20260508/train/IMG_6802.jpg,dataset-20260508/train.json,original,sg-0850,gc-0834,one plain original per evidence source group; no dataset resize/offline augmentation; pipeline online only,plain_base,none,true,,valid three-class raw regions; U01 drop raw region #3; standard background/FP; no ignore region,,train,1,0,0,1,0
10.17632/gfcmdbvw65.4,v4,dataset-20260508.zip,049591afd4fc3529aedbd31ef9119f5ec0601ebcb8cbbd4a25b7e883fde147ce,d2-v4-stage2b5-v1,12_freeze_d2_protocol.py@1 + 10_prepare_d2_freeze_candidate.py@1,a587d1d3cf826ec476fe91356f472b4a1a2b78eca51376c392fc16846b825caf,1db875a1eb10d95d654d0f2d27a52815794db0d8,13436313853456744620,3589472428,70/15/15,train,IMG_6805.jpg,dataset-20260508/train/IMG_6805.jpg,dataset-20260508/train.json,original,sg-0851,gc-0835,one plain original per evidence source group; no dataset resize/offline augmentation; pipeline online only,plain_base,none,true,,valid three-class raw regions; U01 drop raw region #3; standard background/FP; no ignore region,,train,3,0,0,3,0
10.17632/gfcmdbvw65.4,v4,dataset-20260508.zip,049591afd4fc3529aedbd31ef9119f5ec0601ebcb8cbbd4a25b7e883fde147ce,d2-v4-stage2b5-v1,12_freeze_d2_protocol.py@1 + 10_prepare_d2_freeze_candidate.py@1,a587d1d3cf826ec476fe91356f472b4a1a2b78eca51376c392fc16846b825caf,1db875a1eb10d95d654d0f2d27a52815794db0d8,13436313853456744620,3589472428,70/15/15,train,IMG_6808.jpg,dataset-20260508/train/IMG_6808.jpg,dataset-20260508/train.json,original,sg-0852,gc-0836,one plain original per evidence source group; no dataset resize/offline augmentation; pipeline online only,plain_base,none,true,,valid three-class raw regions; U01 drop raw region #3; standard background/FP; no ignore region,,val,1,0,0,1,0
10.17632/gfcmdbvw65.4,v4,dataset-20260508.zip,049591afd4fc3529aedbd31ef9119f5ec0601ebcb8cbbd4a25b7e883fde147ce,d2-v4-stage2b5-v1,12_freeze_d2_protocol.py@1 + 10_prepare_d2_freeze_candidate.py@1,a587d1d3cf826ec476fe91356f472b4a1a2b78eca51376c392fc16846b825caf,1db875a1eb10d95d654d0f2d27a52815794db0d8,13436313853456744620,3589472428,70/15/15,train,IMG_6810.jpg,dataset-20260508/train/IMG_6810.jpg,dataset-20260508/train.json,original,sg-0853,gc-0837,one plain original per evidence source group; no dataset resize/offline augmentation; pipeline online only,plain_base,none,true,,valid three-class raw regions; U01 drop raw region #3; standard background/FP; no ignore region,,train,2,0,0,2,0
10.17632/gfcmdbvw65.4,v4,dataset-20260508.zip,049591afd4fc3529aedbd31ef9119f5ec0601ebcb8cbbd4a25b7e883fde147ce,d2-v4-stage2b5-v1,12_freeze_d2_protocol.py@1 + 10_prepare_d2_freeze_candidate.py@1,a587d1d3cf826ec476fe91356f472b4a1a2b78eca51376c392fc16846b825caf,1db875a1eb10d95d654d0f2d27a52815794db0d8,13436313853456744620,3589472428,70/15/15,train,IMG_6811.jpg,dataset-20260508/train/IMG_6811.jpg,dataset-20260508/train.json,original,sg-0854,gc-0838,one plain original per evidence source group; no dataset resize/offline augmentation; pipeline online only,plain_base,none,true,,valid three-class raw regions; U01 drop raw region #3; standard background/FP; no ignore region,,train,4,0,0,4,0
10.17632/gfcmdbvw65.4,v4,dataset-20260508.zip,049591afd4fc3529aedbd31ef9119f5ec0601ebcb8cbbd4a25b7e883fde147ce,d2-v4-stage2b5-v1,12_freeze_d2_protocol.py@1 + 10_prepare_d2_freeze_candidate.py@1,a587d1d3cf826ec476fe91356f472b4a1a2b78eca51376c392fc16846b825caf,1db875a1eb10d95d654d0f2d27a52815794db0d8,13436313853456744620,3589472428,70/15/15,train,IMG_6813.jpg,dataset-20260508/train/IMG_6813.jpg,dataset-20260508/train.json,original,sg-0855,gc-0839,one plain original per evidence source group; no dataset resize/offline augmentation; pipeline online only,plain_base,none,true,,valid three-class raw regions; U01 drop raw region #3; standard background/FP; no ignore region,,train,1,0,0,1,0
10.17632/gfcmdbvw65.4,v4,dataset-20260508.zip,049591afd4fc3529aedbd31ef9119f5ec0601ebcb8cbbd4a25b7e883fde147ce,d2-v4-stage2b5-v1,12_freeze_d2_protocol.py@1 + 10_prepare_d2_freeze_candidate.py@1,a587d1d3cf826ec476fe91356f472b4a1a2b78eca51376c392fc16846b825caf,1db875a1eb10d95d654d0f2d27a52815794db0d8,13436313853456744620,3589472428,70/15/15,train,IMG_6814.jpg,dataset-20260508/train/IMG_6814.jpg,dataset-20260508/train.json,original,sg-0856,gc-0840,one plain original per evidence source group; no dataset resize/offline augmentation; pipeline online only,plain_base,none,true,,valid three-class raw regions; U01 drop raw region #3; standard background/FP; no ignore region,,train,1,0,0,1,0
10.17632/gfcmdbvw65.4,v4,dataset-20260508.zip,049591afd4fc3529aedbd31ef9119f5ec0601ebcb8cbbd4a25b7e883fde147ce,d2-v4-stage2b5-v1,12_freeze_d2_protocol.py@1 + 10_prepare_d2_freeze_candidate.py@1,a587d1d3cf826ec476fe91356f472b4a1a2b78eca51376c392fc16846b825caf,1db875a1eb10d95d654d0f2d27a52815794db0d8,13436313853456744620,3589472428,70/15/15,train,IMG_6817.jpg,dataset-20260508/train/IMG_6817.jpg,dataset-20260508/train.json,original,sg-0857,gc-0841,one plain original per evidence source group; no dataset resize/offline augmentation; pipeline online only,plain_base,none,true,,valid three-class raw regions; U01 drop raw region #3; standard background/FP; no ignore region,,train,2,1,0,3,1
10.17632/gfcmdbvw65.4,v4,dataset-20260508.zip,049591afd4fc3529aedbd31ef9119f5ec0601ebcb8cbbd4a25b7e883fde147ce,d2-v4-stage2b5-v1,12_freeze_d2_protocol.py@1 + 10_prepare_d2_freeze_candidate.py@1,a587d1d3cf826ec476fe91356f472b4a1a2b78eca51376c392fc16846b825caf,1db875a1eb10d95d654d0f2d27a52815794db0d8,13436313853456744620,3589472428,70/15/15,train,IMG_6818.jpg,dataset-20260508/train/IMG_6818.jpg,dataset-20260508/train.json,original,sg-0858,gc-0842,one plain original per evidence source group; no dataset resize/offline augmentation; pipeline online only,plain_base,none,true,,valid three-class raw regions; U01 drop raw region #3; standard background/FP; no ignore region,,train,1,0,0,1,0
10.17632/gfcmdbvw65.4,v4,dataset-20260508.zip,049591afd4fc3529aedbd31ef9119f5ec0601ebcb8cbbd4a25b7e883fde147ce,d2-v4-stage2b5-v1,12_freeze_d2_protocol.py@1 + 10_prepare_d2_freeze_candidate.py@1,a587d1d3cf826ec476fe91356f472b4a1a2b78eca51376c392fc16846b825caf,1db875a1eb10d95d654d0f2d27a52815794db0d8,13436313853456744620,3589472428,70/15/15,train,IMG_6820.jpg,dataset-20260508/train/IMG_6820.jpg,dataset-20260508/train.json,original,sg-0859,gc-0843,one plain original per evidence source group; no dataset resize/offline augmentation; pipeline online only,plain_base,none,true,,valid three-class raw regions; U01 drop raw region #3; standard background/FP; no ignore region,,train,1,1,0,2,1
10.17632/gfcmdbvw65.4,v4,dataset-20260508.zip,049591afd4fc3529aedbd31ef9119f5ec0601ebcb8cbbd4a25b7e883fde147ce,d2-v4-stage2b5-v1,12_freeze_d2_protocol.py@1 + 10_prepare_d2_freeze_candidate.py@1,a587d1d3cf826ec476fe91356f472b4a1a2b78eca51376c392fc16846b825caf,1db875a1eb10d95d654d0f2d27a52815794db0d8,13436313853456744620,3589472428,70/15/15,train,IMG_6822.jpg,dataset-20260508/train/IMG_6822.jpg,dataset-20260508/train.json,original,sg-0860,gc-0844,one plain original per evidence source group; no dataset resize/offline augmentation; pipeline online only,plain_base,none,true,,valid three-class raw regions; U01 drop raw region #3; standard background/FP; no ignore region,,val,0,1,0,1,0
10.17632/gfcmdbvw65.4,v4,dataset-20260508.zip,049591afd4fc3529aedbd31ef9119f5ec0601ebcb8cbbd4a25b7e883fde147ce,d2-v4-stage2b5-v1,12_freeze_d2_protocol.py@1 + 10_prepare_d2_freeze_candidate.py@1,a587d1d3cf826ec476fe91356f472b4a1a2b78eca51376c392fc16846b825caf,1db875a1eb10d95d654d0f2d27a52815794db0d8,13436313853456744620,3589472428,70/15/15,train,IMG_6823.jpg,dataset-20260508/train/IMG_6823.jpg,dataset-20260508/train.json,original,sg-0861,gc-0845,one plain original per evidence source group; no dataset resize/offline augmentation; pipeline online only,plain_base,none,true,,valid three-class raw regions; U01 drop raw region #3; standard background/FP; no ignore region,,train,1,0,0,1,0
10.17632/gfcmdbvw65.4,v4,dataset-20260508.zip,049591afd4fc3529aedbd31ef9119f5ec0601ebcb8cbbd4a25b7e883fde147ce,d2-v4-stage2b5-v1,12_freeze_d2_protocol.py@1 + 10_prepare_d2_freeze_candidate.py@1,a587d1d3cf826ec476fe91356f472b4a1a2b78eca51376c392fc16846b825caf,1db875a1eb10d95d654d0f2d27a52815794db0d8,13436313853456744620,3589472428,70/15/15,train,IMG_6824.jpg,dataset-20260508/train/IMG_6824.jpg,dataset-20260508/train.json,original,sg-0862,gc-0846,one plain original per evidence source group; no dataset resize/offline augmentation; pipeline online only,plain_base,none,true,,valid three-class raw regions; U01 drop raw region #3; standard background/FP; no ignore region,,train,1,0,0,1,0
10.17632/gfcmdbvw65.4,v4,dataset-20260508.zip,049591afd4fc3529aedbd31ef9119f5ec0601ebcb8cbbd4a25b7e883fde147ce,d2-v4-stage2b5-v1,12_freeze_d2_protocol.py@1 + 10_prepare_d2_freeze_candidate.py@1,a587d1d3cf826ec476fe91356f472b4a1a2b78eca51376c392fc16846b825caf,1db875a1eb10d95d654d0f2d27a52815794db0d8,13436313853456744620,3589472428,70/15/15,train,IMG_6825.jpg,dataset-20260508/train/IMG_6825.jpg,dataset-20260508/train.json,original,sg-0863,gc-0847,one plain original per evidence source group; no dataset resize/offline augmentation; pipeline online only,plain_base,none,true,,valid three-class raw regions; U01 drop raw region #3; standard background/FP; no ignore region,,train,1,0,0,1,0
10.17632/gfcmdbvw65.4,v4,dataset-20260508.zip,049591afd4fc3529aedbd31ef9119f5ec0601ebcb8cbbd4a25b7e883fde147ce,d2-v4-stage2b5-v1,12_freeze_d2_protocol.py@1 + 10_prepare_d2_freeze_candidate.py@1,a587d1d3cf826ec476fe91356f472b4a1a2b78eca51376c392fc16846b825caf,1db875a1eb10d95d654d0f2d27a52815794db0d8,13436313853456744620,3589472428,70/15/15,train,IMG_6828.jpg,dataset-20260508/train/IMG_6828.jpg,dataset-20260508/train.json,original,sg-0864,gc-0848,one plain original per evidence source group; no dataset resize/offline augmentation; pipeline online only,plain_base,none,true,,valid three-class raw regions; U01 drop raw region #3; standard background/FP; no ignore region,,train,3,0,0,3,0
10.17632/gfcmdbvw65.4,v4,dataset-20260508.zip,049591afd4fc3529aedbd31ef9119f5ec0601ebcb8cbbd4a25b7e883fde147ce,d2-v4-stage2b5-v1,12_freeze_d2_protocol.py@1 + 10_prepare_d2_freeze_candidate.py@1,a587d1d3cf826ec476fe91356f472b4a1a2b78eca51376c392fc16846b825caf,1db875a1eb10d95d654d0f2d27a52815794db0d8,13436313853456744620,3589472428,70/15/15,train,IMG_6830.jpg,dataset-20260508/train/IMG_6830.jpg,dataset-20260508/train.json,original,sg-0865,gc-0849,one plain original per evidence source group; no dataset resize/offline augmentation; pipeline online only,plain_base,none,true,,valid three-class raw regions; U01 drop raw region #3; standard background/FP; no ignore region,,val,3,0,0,3,0
10.17632/gfcmdbvw65.4,v4,dataset-20260508.zip,049591afd4fc3529aedbd31ef9119f5ec0601ebcb8cbbd4a25b7e883fde147ce,d2-v4-stage2b5-v1,12_freeze_d2_protocol.py@1 + 10_prepare_d2_freeze_candidate.py@1,a587d1d3cf826ec476fe91356f472b4a1a2b78eca51376c392fc16846b825caf,1db875a1eb10d95d654d0f2d27a52815794db0d8,13436313853456744620,3589472428,70/15/15,train,IMG_6831.jpg,dataset-20260508/train/IMG_6831.jpg,dataset-20260508/train.json,original,sg-0866,gc-0850,one plain original per evidence source group; no dataset resize/offline augmentation; pipeline online only,plain_base,none,true,,valid three-class raw regions; U01 drop raw region #3; standard background/FP; no ignore region,,train,4,0,0,4,0
10.17632/gfcmdbvw65.4,v4,dataset-20260508.zip,049591afd4fc3529aedbd31ef9119f5ec0601ebcb8cbbd4a25b7e883fde147ce,d2-v4-stage2b5-v1,12_freeze_d2_protocol.py@1 + 10_prepare_d2_freeze_candidate.py@1,a587d1d3cf826ec476fe91356f472b4a1a2b78eca51376c392fc16846b825caf,1db875a1eb10d95d654d0f2d27a52815794db0d8,13436313853456744620,3589472428,70/15/15,train,IMG_6832.jpg,dataset-20260508/train/IMG_6832.jpg,dataset-20260508/train.json,original,sg-0867,gc-0851,one plain original per evidence source group; no dataset resize/offline augmentation; pipeline online only,plain_base,none,true,,valid three-class raw regions; U01 drop raw region #3; standard background/FP; no ignore region,,test,2,0,0,2,0
10.17632/gfcmdbvw65.4,v4,dataset-20260508.zip,049591afd4fc3529aedbd31ef9119f5ec0601ebcb8cbbd4a25b7e883fde147ce,d2-v4-stage2b5-v1,12_freeze_d2_protocol.py@1 + 10_prepare_d2_freeze_candidate.py@1,a587d1d3cf826ec476fe91356f472b4a1a2b78eca51376c392fc16846b825caf,1db875a1eb10d95d654d0f2d27a52815794db0d8,13436313853456744620,3589472428,70/15/15,train,IMG_6834.jpg,dataset-20260508/train/IMG_6834.jpg,dataset-20260508/train.json,original,sg-0868,gc-0852,one plain original per evidence source group; no dataset resize/offline augmentation; pipeline online only,plain_base,none,true,,valid three-class raw regions; U01 drop raw region #3; standard background/FP; no ignore region,,val,1,0,0,1,0
10.17632/gfcmdbvw65.4,v4,dataset-20260508.zip,049591afd4fc3529aedbd31ef9119f5ec0601ebcb8cbbd4a25b7e883fde147ce,d2-v4-stage2b5-v1,12_freeze_d2_protocol.py@1 + 10_prepare_d2_freeze_candidate.py@1,a587d1d3cf826ec476fe91356f472b4a1a2b78eca51376c392fc16846b825caf,1db875a1eb10d95d654d0f2d27a52815794db0d8,13436313853456744620,3589472428,70/15/15,train,IMG_6835.jpg,dataset-20260508/train/IMG_6835.jpg,dataset-20260508/train.json,original,sg-0869,gc-0853,one plain original per evidence source group; no dataset resize/offline augmentation; pipeline online only,plain_base,none,true,,valid three-class raw regions; U01 drop raw region #3; standard background/FP; no ignore region,,train,1,0,0,1,0
10.17632/gfcmdbvw65.4,v4,dataset-20260508.zip,049591afd4fc3529aedbd31ef9119f5ec0601ebcb8cbbd4a25b7e883fde147ce,d2-v4-stage2b5-v1,12_freeze_d2_protocol.py@1 + 10_prepare_d2_freeze_candidate.py@1,a587d1d3cf826ec476fe91356f472b4a1a2b78eca51376c392fc16846b825caf,1db875a1eb10d95d654d0f2d27a52815794db0d8,13436313853456744620,3589472428,70/15/15,train,IMG_6836.jpg,dataset-20260508/train/IMG_6836.jpg,dataset-20260508/train.json,original,sg-0870,gc-0854,one plain original per evidence source group; no dataset resize/offline augmentation; pipeline online only,plain_base,none,true,,valid three-class raw regions; U01 drop raw region #3; standard background/FP; no ignore region,,train,2,0,0,2,0
10.17632/gfcmdbvw65.4,v4,dataset-20260508.zip,049591afd4fc3529aedbd31ef9119f5ec0601ebcb8cbbd4a25b7e883fde147ce,d2-v4-stage2b5-v1,12_freeze_d2_protocol.py@1 + 10_prepare_d2_freeze_candidate.py@1,a587d1d3cf826ec476fe91356f472b4a1a2b78eca51376c392fc16846b825caf,1db875a1eb10d95d654d0f2d27a52815794db0d8,13436313853456744620,3589472428,70/15/15,train,IMG_6837.jpg,dataset-20260508/train/IMG_6837.jpg,dataset-20260508/train.json,original,sg-0871,gc-0855,one plain original per evidence source group; no dataset resize/offline augmentation; pipeline online only,plain_base,none,true,,valid three-class raw regions; U01 drop raw region #3; standard background/FP; no ignore region,,train,2,0,0,2,0
10.17632/gfcmdbvw65.4,v4,dataset-20260508.zip,049591afd4fc3529aedbd31ef9119f5ec0601ebcb8cbbd4a25b7e883fde147ce,d2-v4-stage2b5-v1,12_freeze_d2_protocol.py@1 + 10_prepare_d2_freeze_candidate.py@1,a587d1d3cf826ec476fe91356f472b4a1a2b78eca51376c392fc16846b825caf,1db875a1eb10d95d654d0f2d27a52815794db0d8,13436313853456744620,3589472428,70/15/15,train,IMG_6838.jpg,dataset-20260508/train/IMG_6838.jpg,dataset-20260508/train.json,original,sg-0872,gc-0856,one plain original per evidence source group; no dataset resize/offline augmentation; pipeline online only,plain_base,none,true,,valid three-class raw regions; U01 drop raw region #3; standard background/FP; no ignore region,,train,2,0,0,2,0
10.17632/gfcmdbvw65.4,v4,dataset-20260508.zip,049591afd4fc3529aedbd31ef9119f5ec0601ebcb8cbbd4a25b7e883fde147ce,d2-v4-stage2b5-v1,12_freeze_d2_protocol.py@1 + 10_prepare_d2_freeze_candidate.py@1,a587d1d3cf826ec476fe91356f472b4a1a2b78eca51376c392fc16846b825caf,1db875a1eb10d95d654d0f2d27a52815794db0d8,13436313853456744620,3589472428,70/15/15,train,IMG_6840.jpg,dataset-20260508/train/IMG_6840.jpg,dataset-20260508/train.json,original,sg-0873,gc-0857,one plain original per evidence source group; no dataset resize/offline augmentation; pipeline online only,plain_base,none,true,,valid three-class raw regions; U01 drop raw region #3; standard background/FP; no ignore region,,train,2,0,0,2,0
10.17632/gfcmdbvw65.4,v4,dataset-20260508.zip,049591afd4fc3529aedbd31ef9119f5ec0601ebcb8cbbd4a25b7e883fde147ce,d2-v4-stage2b5-v1,12_freeze_d2_protocol.py@1 + 10_prepare_d2_freeze_candidate.py@1,a587d1d3cf826ec476fe91356f472b4a1a2b78eca51376c392fc16846b825caf,1db875a1eb10d95d654d0f2d27a52815794db0d8,13436313853456744620,3589472428,70/15/15,train,IMG_6842.jpg,dataset-20260508/train/IMG_6842.jpg,dataset-20260508/train.json,original,sg-0874,gc-0858,one plain original per evidence source group; no dataset resize/offline augmentation; pipeline online only,plain_base,none,true,,valid three-class raw regions; U01 drop raw region #3; standard background/FP; no ignore region,,train,1,0,0,1,0
10.17632/gfcmdbvw65.4,v4,dataset-20260508.zip,049591afd4fc3529aedbd31ef9119f5ec0601ebcb8cbbd4a25b7e883fde147ce,d2-v4-stage2b5-v1,12_freeze_d2_protocol.py@1 + 10_prepare_d2_freeze_candidate.py@1,a587d1d3cf826ec476fe91356f472b4a1a2b78eca51376c392fc16846b825caf,1db875a1eb10d95d654d0f2d27a52815794db0d8,13436313853456744620,3589472428,70/15/15,train,IMG_6843.jpg,dataset-20260508/train/IMG_6843.jpg,dataset-20260508/train.json,original,sg-0875,gc-0859,one plain original per evidence source group; no dataset resize/offline augmentation; pipeline online only,plain_base,none,true,,valid three-class raw regions; U01 drop raw region #3; standard background/FP; no ignore region,,test,0,2,0,2,0
10.17632/gfcmdbvw65.4,v4,dataset-20260508.zip,049591afd4fc3529aedbd31ef9119f5ec0601ebcb8cbbd4a25b7e883fde147ce,d2-v4-stage2b5-v1,12_freeze_d2_protocol.py@1 + 10_prepare_d2_freeze_candidate.py@1,a587d1d3cf826ec476fe91356f472b4a1a2b78eca51376c392fc16846b825caf,1db875a1eb10d95d654d0f2d27a52815794db0d8,13436313853456744620,3589472428,70/15/15,train,IMG_6845.jpg,dataset-20260508/train/IMG_6845.jpg,dataset-20260508/train.json,original,sg-0876,gc-0860,one plain original per evidence source group; no dataset resize/offline augmentation; pipeline online only,plain_base,none,true,,valid three-class raw regions; U01 drop raw region #3; standard background/FP; no ignore region,,train,0,1,0,1,0
10.17632/gfcmdbvw65.4,v4,dataset-20260508.zip,049591afd4fc3529aedbd31ef9119f5ec0601ebcb8cbbd4a25b7e883fde147ce,d2-v4-stage2b5-v1,12_freeze_d2_protocol.py@1 + 10_prepare_d2_freeze_candidate.py@1,a587d1d3cf826ec476fe91356f472b4a1a2b78eca51376c392fc16846b825caf,1db875a1eb10d95d654d0f2d27a52815794db0d8,13436313853456744620,3589472428,70/15/15,train,IMG_6846.jpg,dataset-20260508/train/IMG_6846.jpg,dataset-20260508/train.json,original,sg-0877,gc-0861,one plain original per evidence source group; no dataset resize/offline augmentation; pipeline online only,plain_base,none,true,,valid three-class raw regions; U01 drop raw region #3; standard background/FP; no ignore region,,test,1,0,0,1,0
10.17632/gfcmdbvw65.4,v4,dataset-20260508.zip,049591afd4fc3529aedbd31ef9119f5ec0601ebcb8cbbd4a25b7e883fde147ce,d2-v4-stage2b5-v1,12_freeze_d2_protocol.py@1 + 10_prepare_d2_freeze_candidate.py@1,a587d1d3cf826ec476fe91356f472b4a1a2b78eca51376c392fc16846b825caf,1db875a1eb10d95d654d0f2d27a52815794db0d8,13436313853456744620,3589472428,70/15/15,train,IMG_6847.jpg,dataset-20260508/train/IMG_6847.jpg,dataset-20260508/train.json,original,sg-0878,gc-0862,one plain original per evidence source group; no dataset resize/offline augmentation; pipeline online only,plain_base,none,true,,valid three-class raw regions; U01 drop raw region #3; standard background/FP; no ignore region,,train,2,0,0,2,0
10.17632/gfcmdbvw65.4,v4,dataset-20260508.zip,049591afd4fc3529aedbd31ef9119f5ec0601ebcb8cbbd4a25b7e883fde147ce,d2-v4-stage2b5-v1,12_freeze_d2_protocol.py@1 + 10_prepare_d2_freeze_candidate.py@1,a587d1d3cf826ec476fe91356f472b4a1a2b78eca51376c392fc16846b825caf,1db875a1eb10d95d654d0f2d27a52815794db0d8,13436313853456744620,3589472428,70/15/15,train,IMG_6848.jpg,dataset-20260508/train/IMG_6848.jpg,dataset-20260508/train.json,original,sg-0879,gc-0863,one plain original per evidence source group; no dataset resize/offline augmentation; pipeline online only,plain_base,none,true,,valid three-class raw regions; U01 drop raw region #3; standard background/FP; no ignore region,,train,2,0,0,2,0
10.17632/gfcmdbvw65.4,v4,dataset-20260508.zip,049591afd4fc3529aedbd31ef9119f5ec0601ebcb8cbbd4a25b7e883fde147ce,d2-v4-stage2b5-v1,12_freeze_d2_protocol.py@1 + 10_prepare_d2_freeze_candidate.py@1,a587d1d3cf826ec476fe91356f472b4a1a2b78eca51376c392fc16846b825caf,1db875a1eb10d95d654d0f2d27a52815794db0d8,13436313853456744620,3589472428,70/15/15,train,IMG_6849.jpg,dataset-20260508/train/IMG_6849.jpg,dataset-20260508/train.json,original,sg-0880,gc-0864,one plain original per evidence source group; no dataset resize/offline augmentation; pipeline online only,plain_base,none,true,,valid three-class raw regions; U01 drop raw region #3; standard background/FP; no ignore region,,test,1,0,0,1,0
10.17632/gfcmdbvw65.4,v4,dataset-20260508.zip,049591afd4fc3529aedbd31ef9119f5ec0601ebcb8cbbd4a25b7e883fde147ce,d2-v4-stage2b5-v1,12_freeze_d2_protocol.py@1 + 10_prepare_d2_freeze_candidate.py@1,a587d1d3cf826ec476fe91356f472b4a1a2b78eca51376c392fc16846b825caf,1db875a1eb10d95d654d0f2d27a52815794db0d8,13436313853456744620,3589472428,70/15/15,train,IMG_6850.jpg,dataset-20260508/train/IMG_6850.jpg,dataset-20260508/train.json,original,sg-0881,gc-0865,one plain original per evidence source group; no dataset resize/offline augmentation; pipeline online only,plain_base,none,true,,valid three-class raw regions; U01 drop raw region #3; standard background/FP; no ignore region,,test,3,0,0,3,0
10.17632/gfcmdbvw65.4,v4,dataset-20260508.zip,049591afd4fc3529aedbd31ef9119f5ec0601ebcb8cbbd4a25b7e883fde147ce,d2-v4-stage2b5-v1,12_freeze_d2_protocol.py@1 + 10_prepare_d2_freeze_candidate.py@1,a587d1d3cf826ec476fe91356f472b4a1a2b78eca51376c392fc16846b825caf,1db875a1eb10d95d654d0f2d27a52815794db0d8,13436313853456744620,3589472428,70/15/15,train,IMG_6851.jpg,dataset-20260508/train/IMG_6851.jpg,dataset-20260508/train.json,original,sg-0882,gc-0866,one plain original per evidence source group; no dataset resize/offline augmentation; pipeline online only,plain_base,none,true,,valid three-class raw regions; U01 drop raw region #3; standard background/FP; no ignore region,,val,2,0,0,2,0
10.17632/gfcmdbvw65.4,v4,dataset-20260508.zip,049591afd4fc3529aedbd31ef9119f5ec0601ebcb8cbbd4a25b7e883fde147ce,d2-v4-stage2b5-v1,12_freeze_d2_protocol.py@1 + 10_prepare_d2_freeze_candidate.py@1,a587d1d3cf826ec476fe91356f472b4a1a2b78eca51376c392fc16846b825caf,1db875a1eb10d95d654d0f2d27a52815794db0d8,13436313853456744620,3589472428,70/15/15,train,IMG_6854.jpg,dataset-20260508/train/IMG_6854.jpg,dataset-20260508/train.json,original,sg-0883,gc-0867,one plain original per evidence source group; no dataset resize/offline augmentation; pipeline online only,plain_base,none,true,,valid three-class raw regions; U01 drop raw region #3; standard background/FP; no ignore region,,train,2,0,0,2,0
10.17632/gfcmdbvw65.4,v4,dataset-20260508.zip,049591afd4fc3529aedbd31ef9119f5ec0601ebcb8cbbd4a25b7e883fde147ce,d2-v4-stage2b5-v1,12_freeze_d2_protocol.py@1 + 10_prepare_d2_freeze_candidate.py@1,a587d1d3cf826ec476fe91356f472b4a1a2b78eca51376c392fc16846b825caf,1db875a1eb10d95d654d0f2d27a52815794db0d8,13436313853456744620,3589472428,70/15/15,train,IMG_6856.jpg,dataset-20260508/train/IMG_6856.jpg,dataset-20260508/train.json,original,sg-0884,gc-0868,one plain original per evidence source group; no dataset resize/offline augmentation; pipeline online only,plain_base,none,true,,valid three-class raw regions; U01 drop raw region #3; standard background/FP; no ignore region,,train,1,0,0,1,0
10.17632/gfcmdbvw65.4,v4,dataset-20260508.zip,049591afd4fc3529aedbd31ef9119f5ec0601ebcb8cbbd4a25b7e883fde147ce,d2-v4-stage2b5-v1,12_freeze_d2_protocol.py@1 + 10_prepare_d2_freeze_candidate.py@1,a587d1d3cf826ec476fe91356f472b4a1a2b78eca51376c392fc16846b825caf,1db875a1eb10d95d654d0f2d27a52815794db0d8,13436313853456744620,3589472428,70/15/15,train,IMG_6858.jpg,dataset-20260508/train/IMG_6858.jpg,dataset-20260508/train.json,original,sg-0885,gc-0869,one plain original per evidence source group; no dataset resize/offline augmentation; pipeline online only,plain_base,none,true,,valid three-class raw regions; U01 drop raw region #3; standard background/FP; no ignore region,,train,1,0,0,1,0
10.17632/gfcmdbvw65.4,v4,dataset-20260508.zip,049591afd4fc3529aedbd31ef9119f5ec0601ebcb8cbbd4a25b7e883fde147ce,d2-v4-stage2b5-v1,12_freeze_d2_protocol.py@1 + 10_prepare_d2_freeze_candidate.py@1,a587d1d3cf826ec476fe91356f472b4a1a2b78eca51376c392fc16846b825caf,1db875a1eb10d95d654d0f2d27a52815794db0d8,13436313853456744620,3589472428,70/15/15,train,IMG_6860.jpg,dataset-20260508/train/IMG_6860.jpg,dataset-20260508/train.json,original,sg-0886,gc-0870,one plain original per evidence source group; no dataset resize/offline augmentation; pipeline online only,plain_base,none,true,,valid three-class raw regions; U01 drop raw region #3; standard background/FP; no ignore region,,train,1,0,0,1,0
10.17632/gfcmdbvw65.4,v4,dataset-20260508.zip,049591afd4fc3529aedbd31ef9119f5ec0601ebcb8cbbd4a25b7e883fde147ce,d2-v4-stage2b5-v1,12_freeze_d2_protocol.py@1 + 10_prepare_d2_freeze_candidate.py@1,a587d1d3cf826ec476fe91356f472b4a1a2b78eca51376c392fc16846b825caf,1db875a1eb10d95d654d0f2d27a52815794db0d8,13436313853456744620,3589472428,70/15/15,train,IMG_6862.jpg,dataset-20260508/train/IMG_6862.jpg,dataset-20260508/train.json,original,sg-0887,gc-0871,one plain original per evidence source group; no dataset resize/offline augmentation; pipeline online only,plain_base,none,true,,valid three-class raw regions; U01 drop raw region #3; standard background/FP; no ignore region,,train,1,0,0,1,0
10.17632/gfcmdbvw65.4,v4,dataset-20260508.zip,049591afd4fc3529aedbd31ef9119f5ec0601ebcb8cbbd4a25b7e883fde147ce,d2-v4-stage2b5-v1,12_freeze_d2_protocol.py@1 + 10_prepare_d2_freeze_candidate.py@1,a587d1d3cf826ec476fe91356f472b4a1a2b78eca51376c392fc16846b825caf,1db875a1eb10d95d654d0f2d27a52815794db0d8,13436313853456744620,3589472428,70/15/15,train,IMG_6863.jpg,dataset-20260508/train/IMG_6863.jpg,dataset-20260508/train.json,original,sg-0888,gc-0872,one plain original per evidence source group; no dataset resize/offline augmentation; pipeline online only,plain_base,none,true,,valid three-class raw regions; U01 drop raw region #3; standard background/FP; no ignore region,,train,2,0,0,2,0
10.17632/gfcmdbvw65.4,v4,dataset-20260508.zip,049591afd4fc3529aedbd31ef9119f5ec0601ebcb8cbbd4a25b7e883fde147ce,d2-v4-stage2b5-v1,12_freeze_d2_protocol.py@1 + 10_prepare_d2_freeze_candidate.py@1,a587d1d3cf826ec476fe91356f472b4a1a2b78eca51376c392fc16846b825caf,1db875a1eb10d95d654d0f2d27a52815794db0d8,13436313853456744620,3589472428,70/15/15,train,IMG_6864.jpg,dataset-20260508/train/IMG_6864.jpg,dataset-20260508/train.json,original,sg-0889,gc-0873,one plain original per evidence source group; no dataset resize/offline augmentation; pipeline online only,plain_base,none,true,,valid three-class raw regions; U01 drop raw region #3; standard background/FP; no ignore region,,train,1,0,0,1,0
10.17632/gfcmdbvw65.4,v4,dataset-20260508.zip,049591afd4fc3529aedbd31ef9119f5ec0601ebcb8cbbd4a25b7e883fde147ce,d2-v4-stage2b5-v1,12_freeze_d2_protocol.py@1 + 10_prepare_d2_freeze_candidate.py@1,a587d1d3cf826ec476fe91356f472b4a1a2b78eca51376c392fc16846b825caf,1db875a1eb10d95d654d0f2d27a52815794db0d8,13436313853456744620,3589472428,70/15/15,train,IMG_6865.jpg,dataset-20260508/train/IMG_6865.jpg,dataset-20260508/train.json,original,sg-0890,gc-0874,one plain original per evidence source group; no dataset resize/offline augmentation; pipeline online only,plain_base,none,true,,valid three-class raw regions; U01 drop raw region #3; standard background/FP; no ignore region,,test,2,0,0,2,0
10.17632/gfcmdbvw65.4,v4,dataset-20260508.zip,049591afd4fc3529aedbd31ef9119f5ec0601ebcb8cbbd4a25b7e883fde147ce,d2-v4-stage2b5-v1,12_freeze_d2_protocol.py@1 + 10_prepare_d2_freeze_candidate.py@1,a587d1d3cf826ec476fe91356f472b4a1a2b78eca51376c392fc16846b825caf,1db875a1eb10d95d654d0f2d27a52815794db0d8,13436313853456744620,3589472428,70/15/15,train,IMG_6866.jpg,dataset-20260508/train/IMG_6866.jpg,dataset-20260508/train.json,original,sg-0891,gc-0875,one plain original per evidence source group; no dataset resize/offline augmentation; pipeline online only,plain_base,none,true,,valid three-class raw regions; U01 drop raw region #3; standard background/FP; no ignore region,,train,3,0,0,3,0
10.17632/gfcmdbvw65.4,v4,dataset-20260508.zip,049591afd4fc3529aedbd31ef9119f5ec0601ebcb8cbbd4a25b7e883fde147ce,d2-v4-stage2b5-v1,12_freeze_d2_protocol.py@1 + 10_prepare_d2_freeze_candidate.py@1,a587d1d3cf826ec476fe91356f472b4a1a2b78eca51376c392fc16846b825caf,1db875a1eb10d95d654d0f2d27a52815794db0d8,13436313853456744620,3589472428,70/15/15,train,IMG_6867.jpg,dataset-20260508/train/IMG_6867.jpg,dataset-20260508/train.json,original,sg-0892,gc-0876,one plain original per evidence source group; no dataset resize/offline augmentation; pipeline online only,plain_base,none,true,,valid three-class raw regions; U01 drop raw region #3; standard background/FP; no ignore region,,train,2,0,0,2,0
10.17632/gfcmdbvw65.4,v4,dataset-20260508.zip,049591afd4fc3529aedbd31ef9119f5ec0601ebcb8cbbd4a25b7e883fde147ce,d2-v4-stage2b5-v1,12_freeze_d2_protocol.py@1 + 10_prepare_d2_freeze_candidate.py@1,a587d1d3cf826ec476fe91356f472b4a1a2b78eca51376c392fc16846b825caf,1db875a1eb10d95d654d0f2d27a52815794db0d8,13436313853456744620,3589472428,70/15/15,train,IMG_6870.jpg,dataset-20260508/train/IMG_6870.jpg,dataset-20260508/train.json,original,sg-0893,gc-0877,one plain original per evidence source group; no dataset resize/offline augmentation; pipeline online only,plain_base,none,true,,valid three-class raw regions; U01 drop raw region #3; standard background/FP; no ignore region,,test,3,0,0,3,0
10.17632/gfcmdbvw65.4,v4,dataset-20260508.zip,049591afd4fc3529aedbd31ef9119f5ec0601ebcb8cbbd4a25b7e883fde147ce,d2-v4-stage2b5-v1,12_freeze_d2_protocol.py@1 + 10_prepare_d2_freeze_candidate.py@1,a587d1d3cf826ec476fe91356f472b4a1a2b78eca51376c392fc16846b825caf,1db875a1eb10d95d654d0f2d27a52815794db0d8,13436313853456744620,3589472428,70/15/15,train,IMG_6871.jpg,dataset-20260508/train/IMG_6871.jpg,dataset-20260508/train.json,original,sg-0894,gc-0878,one plain original per evidence source group; no dataset resize/offline augmentation; pipeline online only,plain_base,none,true,,valid three-class raw regions; U01 drop raw region #3; standard background/FP; no ignore region,,val,1,0,0,1,0
10.17632/gfcmdbvw65.4,v4,dataset-20260508.zip,049591afd4fc3529aedbd31ef9119f5ec0601ebcb8cbbd4a25b7e883fde147ce,d2-v4-stage2b5-v1,12_freeze_d2_protocol.py@1 + 10_prepare_d2_freeze_candidate.py@1,a587d1d3cf826ec476fe91356f472b4a1a2b78eca51376c392fc16846b825caf,1db875a1eb10d95d654d0f2d27a52815794db0d8,13436313853456744620,3589472428,70/15/15,train,IMG_6872.jpg,dataset-20260508/train/IMG_6872.jpg,dataset-20260508/train.json,original,sg-0895,gc-0879,one plain original per evidence source group; no dataset resize/offline augmentation; pipeline online only,plain_base,none,true,,valid three-class raw regions; U01 drop raw region #3; standard background/FP; no ignore region,,train,1,0,0,1,0
10.17632/gfcmdbvw65.4,v4,dataset-20260508.zip,049591afd4fc3529aedbd31ef9119f5ec0601ebcb8cbbd4a25b7e883fde147ce,d2-v4-stage2b5-v1,12_freeze_d2_protocol.py@1 + 10_prepare_d2_freeze_candidate.py@1,a587d1d3cf826ec476fe91356f472b4a1a2b78eca51376c392fc16846b825caf,1db875a1eb10d95d654d0f2d27a52815794db0d8,13436313853456744620,3589472428,70/15/15,train,IMG_6874.jpg,dataset-20260508/train/IMG_6874.jpg,dataset-20260508/train.json,original,sg-0896,gc-0880,one plain original per evidence source group; no dataset resize/offline augmentation; pipeline online only,plain_base,none,true,,valid three-class raw regions; U01 drop raw region #3; standard background/FP; no ignore region,,test,2,0,0,2,0
10.17632/gfcmdbvw65.4,v4,dataset-20260508.zip,049591afd4fc3529aedbd31ef9119f5ec0601ebcb8cbbd4a25b7e883fde147ce,d2-v4-stage2b5-v1,12_freeze_d2_protocol.py@1 + 10_prepare_d2_freeze_candidate.py@1,a587d1d3cf826ec476fe91356f472b4a1a2b78eca51376c392fc16846b825caf,1db875a1eb10d95d654d0f2d27a52815794db0d8,13436313853456744620,3589472428,70/15/15,train,IMG_6875.jpg,dataset-20260508/train/IMG_6875.jpg,dataset-20260508/train.json,original,sg-0897,gc-0881,one plain original per evidence source group; no dataset resize/offline augmentation; pipeline online only,plain_base,none,true,,valid three-class raw regions; U01 drop raw region #3; standard background/FP; no ignore region,,train,1,0,0,1,0
10.17632/gfcmdbvw65.4,v4,dataset-20260508.zip,049591afd4fc3529aedbd31ef9119f5ec0601ebcb8cbbd4a25b7e883fde147ce,d2-v4-stage2b5-v1,12_freeze_d2_protocol.py@1 + 10_prepare_d2_freeze_candidate.py@1,a587d1d3cf826ec476fe91356f472b4a1a2b78eca51376c392fc16846b825caf,1db875a1eb10d95d654d0f2d27a52815794db0d8,13436313853456744620,3589472428,70/15/15,train,IMG_6876.jpg,dataset-20260508/train/IMG_6876.jpg,dataset-20260508/train.json,original,sg-0898,gc-0882,one plain original per evidence source group; no dataset resize/offline augmentation; pipeline online only,plain_base,none,true,,valid three-class raw regions; U01 drop raw region #3; standard background/FP; no ignore region,,test,1,0,0,1,0
10.17632/gfcmdbvw65.4,v4,dataset-20260508.zip,049591afd4fc3529aedbd31ef9119f5ec0601ebcb8cbbd4a25b7e883fde147ce,d2-v4-stage2b5-v1,12_freeze_d2_protocol.py@1 + 10_prepare_d2_freeze_candidate.py@1,a587d1d3cf826ec476fe91356f472b4a1a2b78eca51376c392fc16846b825caf,1db875a1eb10d95d654d0f2d27a52815794db0d8,13436313853456744620,3589472428,70/15/15,train,IMG_6877.jpg,dataset-20260508/train/IMG_6877.jpg,dataset-20260508/train.json,original,sg-0899,gc-0883,one plain original per evidence source group; no dataset resize/offline augmentation; pipeline online only,plain_base,none,true,,valid three-class raw regions; U01 drop raw region #3; standard background/FP; no ignore region,,train,1,0,0,1,0
10.17632/gfcmdbvw65.4,v4,dataset-20260508.zip,049591afd4fc3529aedbd31ef9119f5ec0601ebcb8cbbd4a25b7e883fde147ce,d2-v4-stage2b5-v1,12_freeze_d2_protocol.py@1 + 10_prepare_d2_freeze_candidate.py@1,a587d1d3cf826ec476fe91356f472b4a1a2b78eca51376c392fc16846b825caf,1db875a1eb10d95d654d0f2d27a52815794db0d8,13436313853456744620,3589472428,70/15/15,train,IMG_6878.jpg,dataset-20260508/train/IMG_6878.jpg,dataset-20260508/train.json,original,sg-0900,gc-0884,one plain original per evidence source group; no dataset resize/offline augmentation; pipeline online only,plain_base,none,true,,valid three-class raw regions; U01 drop raw region #3; standard background/FP; no ignore region,,train,1,0,0,1,0
10.17632/gfcmdbvw65.4,v4,dataset-20260508.zip,049591afd4fc3529aedbd31ef9119f5ec0601ebcb8cbbd4a25b7e883fde147ce,d2-v4-stage2b5-v1,12_freeze_d2_protocol.py@1 + 10_prepare_d2_freeze_candidate.py@1,a587d1d3cf826ec476fe91356f472b4a1a2b78eca51376c392fc16846b825caf,1db875a1eb10d95d654d0f2d27a52815794db0d8,13436313853456744620,3589472428,70/15/15,train,IMG_6880.jpg,dataset-20260508/train/IMG_6880.jpg,dataset-20260508/train.json,original,sg-0901,gc-0885,one plain original per evidence source group; no dataset resize/offline augmentation; pipeline online only,plain_base,none,true,,valid three-class raw regions; U01 drop raw region #3; standard background/FP; no ignore region,,test,1,0,0,1,0
10.17632/gfcmdbvw65.4,v4,dataset-20260508.zip,049591afd4fc3529aedbd31ef9119f5ec0601ebcb8cbbd4a25b7e883fde147ce,d2-v4-stage2b5-v1,12_freeze_d2_protocol.py@1 + 10_prepare_d2_freeze_candidate.py@1,a587d1d3cf826ec476fe91356f472b4a1a2b78eca51376c392fc16846b825caf,1db875a1eb10d95d654d0f2d27a52815794db0d8,13436313853456744620,3589472428,70/15/15,train,IMG_6881.jpg,dataset-20260508/train/IMG_6881.jpg,dataset-20260508/train.json,original,sg-0902,gc-0886,one plain original per evidence source group; no dataset resize/offline augmentation; pipeline online only,plain_base,none,true,,valid three-class raw regions; U01 drop raw region #3; standard background/FP; no ignore region,,train,1,0,0,1,0
10.17632/gfcmdbvw65.4,v4,dataset-20260508.zip,049591afd4fc3529aedbd31ef9119f5ec0601ebcb8cbbd4a25b7e883fde147ce,d2-v4-stage2b5-v1,12_freeze_d2_protocol.py@1 + 10_prepare_d2_freeze_candidate.py@1,a587d1d3cf826ec476fe91356f472b4a1a2b78eca51376c392fc16846b825caf,1db875a1eb10d95d654d0f2d27a52815794db0d8,13436313853456744620,3589472428,70/15/15,train,IMG_6884.jpg,dataset-20260508/train/IMG_6884.jpg,dataset-20260508/train.json,original,sg-0903,gc-0887,one plain original per evidence source group; no dataset resize/offline augmentation; pipeline online only,plain_base,none,true,,valid three-class raw regions; U01 drop raw region #3; standard background/FP; no ignore region,,train,2,0,0,2,0
10.17632/gfcmdbvw65.4,v4,dataset-20260508.zip,049591afd4fc3529aedbd31ef9119f5ec0601ebcb8cbbd4a25b7e883fde147ce,d2-v4-stage2b5-v1,12_freeze_d2_protocol.py@1 + 10_prepare_d2_freeze_candidate.py@1,a587d1d3cf826ec476fe91356f472b4a1a2b78eca51376c392fc16846b825caf,1db875a1eb10d95d654d0f2d27a52815794db0d8,13436313853456744620,3589472428,70/15/15,train,IMG_6886.jpg,dataset-20260508/train/IMG_6886.jpg,dataset-20260508/train.json,original,sg-0904,gc-0888,one plain original per evidence source group; no dataset resize/offline augmentation; pipeline online only,plain_base,none,true,,valid three-class raw regions; U01 drop raw region #3; standard background/FP; no ignore region,,train,3,0,0,3,0
10.17632/gfcmdbvw65.4,v4,dataset-20260508.zip,049591afd4fc3529aedbd31ef9119f5ec0601ebcb8cbbd4a25b7e883fde147ce,d2-v4-stage2b5-v1,12_freeze_d2_protocol.py@1 + 10_prepare_d2_freeze_candidate.py@1,a587d1d3cf826ec476fe91356f472b4a1a2b78eca51376c392fc16846b825caf,1db875a1eb10d95d654d0f2d27a52815794db0d8,13436313853456744620,3589472428,70/15/15,train,IMG_6887.jpg,dataset-20260508/train/IMG_6887.jpg,dataset-20260508/train.json,original,sg-0905,gc-0889,one plain original per evidence source group; no dataset resize/offline augmentation; pipeline online only,plain_base,none,true,,valid three-class raw regions; U01 drop raw region #3; standard background/FP; no ignore region,,train,2,0,0,2,0
10.17632/gfcmdbvw65.4,v4,dataset-20260508.zip,049591afd4fc3529aedbd31ef9119f5ec0601ebcb8cbbd4a25b7e883fde147ce,d2-v4-stage2b5-v1,12_freeze_d2_protocol.py@1 + 10_prepare_d2_freeze_candidate.py@1,a587d1d3cf826ec476fe91356f472b4a1a2b78eca51376c392fc16846b825caf,1db875a1eb10d95d654d0f2d27a52815794db0d8,13436313853456744620,3589472428,70/15/15,train,IMG_6888.jpg,dataset-20260508/train/IMG_6888.jpg,dataset-20260508/train.json,original,sg-0906,gc-0890,one plain original per evidence source group; no dataset resize/offline augmentation; pipeline online only,plain_base,none,true,,valid three-class raw regions; U01 drop raw region #3; standard background/FP; no ignore region,,val,1,0,0,1,0
10.17632/gfcmdbvw65.4,v4,dataset-20260508.zip,049591afd4fc3529aedbd31ef9119f5ec0601ebcb8cbbd4a25b7e883fde147ce,d2-v4-stage2b5-v1,12_freeze_d2_protocol.py@1 + 10_prepare_d2_freeze_candidate.py@1,a587d1d3cf826ec476fe91356f472b4a1a2b78eca51376c392fc16846b825caf,1db875a1eb10d95d654d0f2d27a52815794db0d8,13436313853456744620,3589472428,70/15/15,train,IMG_6889.jpg,dataset-20260508/train/IMG_6889.jpg,dataset-20260508/train.json,original,sg-0907,gc-0891,one plain original per evidence source group; no dataset resize/offline augmentation; pipeline online only,plain_base,none,true,,valid three-class raw regions; U01 drop raw region #3; standard background/FP; no ignore region,,train,1,0,0,1,0
10.17632/gfcmdbvw65.4,v4,dataset-20260508.zip,049591afd4fc3529aedbd31ef9119f5ec0601ebcb8cbbd4a25b7e883fde147ce,d2-v4-stage2b5-v1,12_freeze_d2_protocol.py@1 + 10_prepare_d2_freeze_candidate.py@1,a587d1d3cf826ec476fe91356f472b4a1a2b78eca51376c392fc16846b825caf,1db875a1eb10d95d654d0f2d27a52815794db0d8,13436313853456744620,3589472428,70/15/15,train,IMG_6890.jpg,dataset-20260508/train/IMG_6890.jpg,dataset-20260508/train.json,original,sg-0908,gc-0892,one plain original per evidence source group; no dataset resize/offline augmentation; pipeline online only,plain_base,none,true,,valid three-class raw regions; U01 drop raw region #3; standard background/FP; no ignore region,,train,1,0,0,1,0
10.17632/gfcmdbvw65.4,v4,dataset-20260508.zip,049591afd4fc3529aedbd31ef9119f5ec0601ebcb8cbbd4a25b7e883fde147ce,d2-v4-stage2b5-v1,12_freeze_d2_protocol.py@1 + 10_prepare_d2_freeze_candidate.py@1,a587d1d3cf826ec476fe91356f472b4a1a2b78eca51376c392fc16846b825caf,1db875a1eb10d95d654d0f2d27a52815794db0d8,13436313853456744620,3589472428,70/15/15,train,IMG_6891.jpg,dataset-20260508/train/IMG_6891.jpg,dataset-20260508/train.json,original,sg-0909,gc-0893,one plain original per evidence source group; no dataset resize/offline augmentation; pipeline online only,plain_base,none,true,,valid three-class raw regions; U01 drop raw region #3; standard background/FP; no ignore region,,train,1,0,0,1,0
10.17632/gfcmdbvw65.4,v4,dataset-20260508.zip,049591afd4fc3529aedbd31ef9119f5ec0601ebcb8cbbd4a25b7e883fde147ce,d2-v4-stage2b5-v1,12_freeze_d2_protocol.py@1 + 10_prepare_d2_freeze_candidate.py@1,a587d1d3cf826ec476fe91356f472b4a1a2b78eca51376c392fc16846b825caf,1db875a1eb10d95d654d0f2d27a52815794db0d8,13436313853456744620,3589472428,70/15/15,train,IMG_6892.jpg,dataset-20260508/train/IMG_6892.jpg,dataset-20260508/train.json,original,sg-0910,gc-0894,one plain original per evidence source group; no dataset resize/offline augmentation; pipeline online only,plain_base,none,true,,valid three-class raw regions; U01 drop raw region #3; standard background/FP; no ignore region,,train,1,0,0,1,0
10.17632/gfcmdbvw65.4,v4,dataset-20260508.zip,049591afd4fc3529aedbd31ef9119f5ec0601ebcb8cbbd4a25b7e883fde147ce,d2-v4-stage2b5-v1,12_freeze_d2_protocol.py@1 + 10_prepare_d2_freeze_candidate.py@1,a587d1d3cf826ec476fe91356f472b4a1a2b78eca51376c392fc16846b825caf,1db875a1eb10d95d654d0f2d27a52815794db0d8,13436313853456744620,3589472428,70/15/15,train,IMG_6893.jpg,dataset-20260508/train/IMG_6893.jpg,dataset-20260508/train.json,original,sg-0911,gc-0895,one plain original per evidence source group; no dataset resize/offline augmentation; pipeline online only,plain_base,none,true,,valid three-class raw regions; U01 drop raw region #3; standard background/FP; no ignore region,,val,1,0,0,1,0
10.17632/gfcmdbvw65.4,v4,dataset-20260508.zip,049591afd4fc3529aedbd31ef9119f5ec0601ebcb8cbbd4a25b7e883fde147ce,d2-v4-stage2b5-v1,12_freeze_d2_protocol.py@1 + 10_prepare_d2_freeze_candidate.py@1,a587d1d3cf826ec476fe91356f472b4a1a2b78eca51376c392fc16846b825caf,1db875a1eb10d95d654d0f2d27a52815794db0d8,13436313853456744620,3589472428,70/15/15,train,IMG_6894.jpg,dataset-20260508/train/IMG_6894.jpg,dataset-20260508/train.json,original,sg-0912,gc-0896,one plain original per evidence source group; no dataset resize/offline augmentation; pipeline online only,plain_base,none,true,,valid three-class raw regions; U01 drop raw region #3; standard background/FP; no ignore region,,val,2,0,0,2,0
10.17632/gfcmdbvw65.4,v4,dataset-20260508.zip,049591afd4fc3529aedbd31ef9119f5ec0601ebcb8cbbd4a25b7e883fde147ce,d2-v4-stage2b5-v1,12_freeze_d2_protocol.py@1 + 10_prepare_d2_freeze_candidate.py@1,a587d1d3cf826ec476fe91356f472b4a1a2b78eca51376c392fc16846b825caf,1db875a1eb10d95d654d0f2d27a52815794db0d8,13436313853456744620,3589472428,70/15/15,train,IMG_6896.jpg,dataset-20260508/train/IMG_6896.jpg,dataset-20260508/train.json,original,sg-0913,gc-0897,one plain original per evidence source group; no dataset resize/offline augmentation; pipeline online only,plain_base,none,true,,valid three-class raw regions; U01 drop raw region #3; standard background/FP; no ignore region,,train,1,0,0,1,0
10.17632/gfcmdbvw65.4,v4,dataset-20260508.zip,049591afd4fc3529aedbd31ef9119f5ec0601ebcb8cbbd4a25b7e883fde147ce,d2-v4-stage2b5-v1,12_freeze_d2_protocol.py@1 + 10_prepare_d2_freeze_candidate.py@1,a587d1d3cf826ec476fe91356f472b4a1a2b78eca51376c392fc16846b825caf,1db875a1eb10d95d654d0f2d27a52815794db0d8,13436313853456744620,3589472428,70/15/15,train,IMG_6898.jpg,dataset-20260508/train/IMG_6898.jpg,dataset-20260508/train.json,original,sg-0914,gc-0898,one plain original per evidence source group; no dataset resize/offline augmentation; pipeline online only,plain_base,none,true,,valid three-class raw regions; U01 drop raw region #3; standard background/FP; no ignore region,,train,2,0,0,2,0
10.17632/gfcmdbvw65.4,v4,dataset-20260508.zip,049591afd4fc3529aedbd31ef9119f5ec0601ebcb8cbbd4a25b7e883fde147ce,d2-v4-stage2b5-v1,12_freeze_d2_protocol.py@1 + 10_prepare_d2_freeze_candidate.py@1,a587d1d3cf826ec476fe91356f472b4a1a2b78eca51376c392fc16846b825caf,1db875a1eb10d95d654d0f2d27a52815794db0d8,13436313853456744620,3589472428,70/15/15,train,IMG_6899.jpg,dataset-20260508/train/IMG_6899.jpg,dataset-20260508/train.json,original,sg-0915,gc-0899,one plain original per evidence source group; no dataset resize/offline augmentation; pipeline online only,plain_base,none,true,,valid three-class raw regions; U01 drop raw region #3; standard background/FP; no ignore region,,train,1,0,0,1,0
10.17632/gfcmdbvw65.4,v4,dataset-20260508.zip,049591afd4fc3529aedbd31ef9119f5ec0601ebcb8cbbd4a25b7e883fde147ce,d2-v4-stage2b5-v1,12_freeze_d2_protocol.py@1 + 10_prepare_d2_freeze_candidate.py@1,a587d1d3cf826ec476fe91356f472b4a1a2b78eca51376c392fc16846b825caf,1db875a1eb10d95d654d0f2d27a52815794db0d8,13436313853456744620,3589472428,70/15/15,train,IMG_6900.jpg,dataset-20260508/train/IMG_6900.jpg,dataset-20260508/train.json,original,sg-0916,gc-0900,one plain original per evidence source group; no dataset resize/offline augmentation; pipeline online only,plain_base,none,true,,valid three-class raw regions; U01 drop raw region #3; standard background/FP; no ignore region,,val,1,0,0,1,0
10.17632/gfcmdbvw65.4,v4,dataset-20260508.zip,049591afd4fc3529aedbd31ef9119f5ec0601ebcb8cbbd4a25b7e883fde147ce,d2-v4-stage2b5-v1,12_freeze_d2_protocol.py@1 + 10_prepare_d2_freeze_candidate.py@1,a587d1d3cf826ec476fe91356f472b4a1a2b78eca51376c392fc16846b825caf,1db875a1eb10d95d654d0f2d27a52815794db0d8,13436313853456744620,3589472428,70/15/15,train,IMG_6901.jpg,dataset-20260508/train/IMG_6901.jpg,dataset-20260508/train.json,original,sg-0917,gc-0901,one plain original per evidence source group; no dataset resize/offline augmentation; pipeline online only,plain_base,none,true,,valid three-class raw regions; U01 drop raw region #3; standard background/FP; no ignore region,,train,1,0,0,1,0
10.17632/gfcmdbvw65.4,v4,dataset-20260508.zip,049591afd4fc3529aedbd31ef9119f5ec0601ebcb8cbbd4a25b7e883fde147ce,d2-v4-stage2b5-v1,12_freeze_d2_protocol.py@1 + 10_prepare_d2_freeze_candidate.py@1,a587d1d3cf826ec476fe91356f472b4a1a2b78eca51376c392fc16846b825caf,1db875a1eb10d95d654d0f2d27a52815794db0d8,13436313853456744620,3589472428,70/15/15,train,IMG_6902.jpg,dataset-20260508/train/IMG_6902.jpg,dataset-20260508/train.json,original,sg-0918,gc-0902,one plain original per evidence source group; no dataset resize/offline augmentation; pipeline online only,plain_base,none,true,,valid three-class raw regions; U01 drop raw region #3; standard background/FP; no ignore region,,train,1,0,0,1,0
10.17632/gfcmdbvw65.4,v4,dataset-20260508.zip,049591afd4fc3529aedbd31ef9119f5ec0601ebcb8cbbd4a25b7e883fde147ce,d2-v4-stage2b5-v1,12_freeze_d2_protocol.py@1 + 10_prepare_d2_freeze_candidate.py@1,a587d1d3cf826ec476fe91356f472b4a1a2b78eca51376c392fc16846b825caf,1db875a1eb10d95d654d0f2d27a52815794db0d8,13436313853456744620,3589472428,70/15/15,train,IMG_6903.jpg,dataset-20260508/train/IMG_6903.jpg,dataset-20260508/train.json,original,sg-0919,gc-0903,one plain original per evidence source group; no dataset resize/offline augmentation; pipeline online only,plain_base,none,true,,valid three-class raw regions; U01 drop raw region #3; standard background/FP; no ignore region,,train,2,0,0,2,0
10.17632/gfcmdbvw65.4,v4,dataset-20260508.zip,049591afd4fc3529aedbd31ef9119f5ec0601ebcb8cbbd4a25b7e883fde147ce,d2-v4-stage2b5-v1,12_freeze_d2_protocol.py@1 + 10_prepare_d2_freeze_candidate.py@1,a587d1d3cf826ec476fe91356f472b4a1a2b78eca51376c392fc16846b825caf,1db875a1eb10d95d654d0f2d27a52815794db0d8,13436313853456744620,3589472428,70/15/15,train,IMG_6904.jpg,dataset-20260508/train/IMG_6904.jpg,dataset-20260508/train.json,original,sg-0920,gc-0904,one plain original per evidence source group; no dataset resize/offline augmentation; pipeline online only,plain_base,none,true,,valid three-class raw regions; U01 drop raw region #3; standard background/FP; no ignore region,,test,2,0,0,2,0
10.17632/gfcmdbvw65.4,v4,dataset-20260508.zip,049591afd4fc3529aedbd31ef9119f5ec0601ebcb8cbbd4a25b7e883fde147ce,d2-v4-stage2b5-v1,12_freeze_d2_protocol.py@1 + 10_prepare_d2_freeze_candidate.py@1,a587d1d3cf826ec476fe91356f472b4a1a2b78eca51376c392fc16846b825caf,1db875a1eb10d95d654d0f2d27a52815794db0d8,13436313853456744620,3589472428,70/15/15,train,IMG_6905.jpg,dataset-20260508/train/IMG_6905.jpg,dataset-20260508/train.json,original,sg-0921,gc-0905,one plain original per evidence source group; no dataset resize/offline augmentation; pipeline online only,plain_base,none,true,,valid three-class raw regions; U01 drop raw region #3; standard background/FP; no ignore region,,val,2,0,0,2,0
10.17632/gfcmdbvw65.4,v4,dataset-20260508.zip,049591afd4fc3529aedbd31ef9119f5ec0601ebcb8cbbd4a25b7e883fde147ce,d2-v4-stage2b5-v1,12_freeze_d2_protocol.py@1 + 10_prepare_d2_freeze_candidate.py@1,a587d1d3cf826ec476fe91356f472b4a1a2b78eca51376c392fc16846b825caf,1db875a1eb10d95d654d0f2d27a52815794db0d8,13436313853456744620,3589472428,70/15/15,train,IMG_6906.jpg,dataset-20260508/train/IMG_6906.jpg,dataset-20260508/train.json,original,sg-0922,gc-0906,one plain original per evidence source group; no dataset resize/offline augmentation; pipeline online only,plain_base,none,true,,valid three-class raw regions; U01 drop raw region #3; standard background/FP; no ignore region,,train,2,0,0,2,0
10.17632/gfcmdbvw65.4,v4,dataset-20260508.zip,049591afd4fc3529aedbd31ef9119f5ec0601ebcb8cbbd4a25b7e883fde147ce,d2-v4-stage2b5-v1,12_freeze_d2_protocol.py@1 + 10_prepare_d2_freeze_candidate.py@1,a587d1d3cf826ec476fe91356f472b4a1a2b78eca51376c392fc16846b825caf,1db875a1eb10d95d654d0f2d27a52815794db0d8,13436313853456744620,3589472428,70/15/15,train,IMG_6907.jpg,dataset-20260508/train/IMG_6907.jpg,dataset-20260508/train.json,original,sg-0923,gc-0907,one plain original per evidence source group; no dataset resize/offline augmentation; pipeline online only,plain_base,none,true,,valid three-class raw regions; U01 drop raw region #3; standard background/FP; no ignore region,,train,1,0,0,1,0
10.17632/gfcmdbvw65.4,v4,dataset-20260508.zip,049591afd4fc3529aedbd31ef9119f5ec0601ebcb8cbbd4a25b7e883fde147ce,d2-v4-stage2b5-v1,12_freeze_d2_protocol.py@1 + 10_prepare_d2_freeze_candidate.py@1,a587d1d3cf826ec476fe91356f472b4a1a2b78eca51376c392fc16846b825caf,1db875a1eb10d95d654d0f2d27a52815794db0d8,13436313853456744620,3589472428,70/15/15,train,IMG_6908.jpg,dataset-20260508/train/IMG_6908.jpg,dataset-20260508/train.json,original,sg-0924,gc-0908,one plain original per evidence source group; no dataset resize/offline augmentation; pipeline online only,plain_base,none,true,,valid three-class raw regions; U01 drop raw region #3; standard background/FP; no ignore region,,val,1,0,0,1,0
10.17632/gfcmdbvw65.4,v4,dataset-20260508.zip,049591afd4fc3529aedbd31ef9119f5ec0601ebcb8cbbd4a25b7e883fde147ce,d2-v4-stage2b5-v1,12_freeze_d2_protocol.py@1 + 10_prepare_d2_freeze_candidate.py@1,a587d1d3cf826ec476fe91356f472b4a1a2b78eca51376c392fc16846b825caf,1db875a1eb10d95d654d0f2d27a52815794db0d8,13436313853456744620,3589472428,70/15/15,train,IMG_6909.jpg,dataset-20260508/train/IMG_6909.jpg,dataset-20260508/train.json,original,sg-0925,gc-0909,one plain original per evidence source group; no dataset resize/offline augmentation; pipeline online only,plain_base,none,true,,valid three-class raw regions; U01 drop raw region #3; standard background/FP; no ignore region,,train,2,0,0,2,0
10.17632/gfcmdbvw65.4,v4,dataset-20260508.zip,049591afd4fc3529aedbd31ef9119f5ec0601ebcb8cbbd4a25b7e883fde147ce,d2-v4-stage2b5-v1,12_freeze_d2_protocol.py@1 + 10_prepare_d2_freeze_candidate.py@1,a587d1d3cf826ec476fe91356f472b4a1a2b78eca51376c392fc16846b825caf,1db875a1eb10d95d654d0f2d27a52815794db0d8,13436313853456744620,3589472428,70/15/15,train,IMG_6910.jpg,dataset-20260508/train/IMG_6910.jpg,dataset-20260508/train.json,original,sg-0926,gc-0910,one plain original per evidence source group; no dataset resize/offline augmentation; pipeline online only,plain_base,none,true,,valid three-class raw regions; U01 drop raw region #3; standard background/FP; no ignore region,,train,1,0,0,1,0
10.17632/gfcmdbvw65.4,v4,dataset-20260508.zip,049591afd4fc3529aedbd31ef9119f5ec0601ebcb8cbbd4a25b7e883fde147ce,d2-v4-stage2b5-v1,12_freeze_d2_protocol.py@1 + 10_prepare_d2_freeze_candidate.py@1,a587d1d3cf826ec476fe91356f472b4a1a2b78eca51376c392fc16846b825caf,1db875a1eb10d95d654d0f2d27a52815794db0d8,13436313853456744620,3589472428,70/15/15,train,IMG_6911.jpg,dataset-20260508/train/IMG_6911.jpg,dataset-20260508/train.json,original,sg-0927,gc-0911,one plain original per evidence source group; no dataset resize/offline augmentation; pipeline online only,plain_base,none,true,,valid three-class raw regions; U01 drop raw region #3; standard background/FP; no ignore region,,train,2,0,0,2,0
10.17632/gfcmdbvw65.4,v4,dataset-20260508.zip,049591afd4fc3529aedbd31ef9119f5ec0601ebcb8cbbd4a25b7e883fde147ce,d2-v4-stage2b5-v1,12_freeze_d2_protocol.py@1 + 10_prepare_d2_freeze_candidate.py@1,a587d1d3cf826ec476fe91356f472b4a1a2b78eca51376c392fc16846b825caf,1db875a1eb10d95d654d0f2d27a52815794db0d8,13436313853456744620,3589472428,70/15/15,train,IMG_6912.jpg,dataset-20260508/train/IMG_6912.jpg,dataset-20260508/train.json,original,sg-0928,gc-0912,one plain original per evidence source group; no dataset resize/offline augmentation; pipeline online only,plain_base,none,true,,valid three-class raw regions; U01 drop raw region #3; standard background/FP; no ignore region,,train,2,0,0,2,0
10.17632/gfcmdbvw65.4,v4,dataset-20260508.zip,049591afd4fc3529aedbd31ef9119f5ec0601ebcb8cbbd4a25b7e883fde147ce,d2-v4-stage2b5-v1,12_freeze_d2_protocol.py@1 + 10_prepare_d2_freeze_candidate.py@1,a587d1d3cf826ec476fe91356f472b4a1a2b78eca51376c392fc16846b825caf,1db875a1eb10d95d654d0f2d27a52815794db0d8,13436313853456744620,3589472428,70/15/15,train,IMG_6913.jpg,dataset-20260508/train/IMG_6913.jpg,dataset-20260508/train.json,original,sg-0929,gc-0913,one plain original per evidence source group; no dataset resize/offline augmentation; pipeline online only,plain_base,none,true,,valid three-class raw regions; U01 drop raw region #3; standard background/FP; no ignore region,,train,2,0,0,2,0
10.17632/gfcmdbvw65.4,v4,dataset-20260508.zip,049591afd4fc3529aedbd31ef9119f5ec0601ebcb8cbbd4a25b7e883fde147ce,d2-v4-stage2b5-v1,12_freeze_d2_protocol.py@1 + 10_prepare_d2_freeze_candidate.py@1,a587d1d3cf826ec476fe91356f472b4a1a2b78eca51376c392fc16846b825caf,1db875a1eb10d95d654d0f2d27a52815794db0d8,13436313853456744620,3589472428,70/15/15,train,IMG_6914.jpg,dataset-20260508/train/IMG_6914.jpg,dataset-20260508/train.json,original,sg-0930,gc-0914,one plain original per evidence source group; no dataset resize/offline augmentation; pipeline online only,plain_base,none,true,,valid three-class raw regions; U01 drop raw region #3; standard background/FP; no ignore region,,train,1,0,0,1,0
10.17632/gfcmdbvw65.4,v4,dataset-20260508.zip,049591afd4fc3529aedbd31ef9119f5ec0601ebcb8cbbd4a25b7e883fde147ce,d2-v4-stage2b5-v1,12_freeze_d2_protocol.py@1 + 10_prepare_d2_freeze_candidate.py@1,a587d1d3cf826ec476fe91356f472b4a1a2b78eca51376c392fc16846b825caf,1db875a1eb10d95d654d0f2d27a52815794db0d8,13436313853456744620,3589472428,70/15/15,train,IMG_6915.jpg,dataset-20260508/train/IMG_6915.jpg,dataset-20260508/train.json,original,sg-0931,gc-0915,one plain original per evidence source group; no dataset resize/offline augmentation; pipeline online only,plain_base,none,true,,valid three-class raw regions; U01 drop raw region #3; standard background/FP; no ignore region,,val,2,0,0,2,0
10.17632/gfcmdbvw65.4,v4,dataset-20260508.zip,049591afd4fc3529aedbd31ef9119f5ec0601ebcb8cbbd4a25b7e883fde147ce,d2-v4-stage2b5-v1,12_freeze_d2_protocol.py@1 + 10_prepare_d2_freeze_candidate.py@1,a587d1d3cf826ec476fe91356f472b4a1a2b78eca51376c392fc16846b825caf,1db875a1eb10d95d654d0f2d27a52815794db0d8,13436313853456744620,3589472428,70/15/15,train,IMG_6916.jpg,dataset-20260508/train/IMG_6916.jpg,dataset-20260508/train.json,original,sg-0932,gc-0916,one plain original per evidence source group; no dataset resize/offline augmentation; pipeline online only,plain_base,none,true,,valid three-class raw regions; U01 drop raw region #3; standard background/FP; no ignore region,,train,1,0,0,1,0
10.17632/gfcmdbvw65.4,v4,dataset-20260508.zip,049591afd4fc3529aedbd31ef9119f5ec0601ebcb8cbbd4a25b7e883fde147ce,d2-v4-stage2b5-v1,12_freeze_d2_protocol.py@1 + 10_prepare_d2_freeze_candidate.py@1,a587d1d3cf826ec476fe91356f472b4a1a2b78eca51376c392fc16846b825caf,1db875a1eb10d95d654d0f2d27a52815794db0d8,13436313853456744620,3589472428,70/15/15,train,IMG_6917.jpg,dataset-20260508/train/IMG_6917.jpg,dataset-20260508/train.json,original,sg-0933,gc-0917,one plain original per evidence source group; no dataset resize/offline augmentation; pipeline online only,plain_base,none,true,,valid three-class raw regions; U01 drop raw region #3; standard background/FP; no ignore region,,train,1,0,0,1,0
10.17632/gfcmdbvw65.4,v4,dataset-20260508.zip,049591afd4fc3529aedbd31ef9119f5ec0601ebcb8cbbd4a25b7e883fde147ce,d2-v4-stage2b5-v1,12_freeze_d2_protocol.py@1 + 10_prepare_d2_freeze_candidate.py@1,a587d1d3cf826ec476fe91356f472b4a1a2b78eca51376c392fc16846b825caf,1db875a1eb10d95d654d0f2d27a52815794db0d8,13436313853456744620,3589472428,70/15/15,train,IMG_6918.jpg,dataset-20260508/train/IMG_6918.jpg,dataset-20260508/train.json,original,sg-0934,gc-0918,one plain original per evidence source group; no dataset resize/offline augmentation; pipeline online only,plain_base,none,true,,valid three-class raw regions; U01 drop raw region #3; standard background/FP; no ignore region,,train,1,0,0,1,0
10.17632/gfcmdbvw65.4,v4,dataset-20260508.zip,049591afd4fc3529aedbd31ef9119f5ec0601ebcb8cbbd4a25b7e883fde147ce,d2-v4-stage2b5-v1,12_freeze_d2_protocol.py@1 + 10_prepare_d2_freeze_candidate.py@1,a587d1d3cf826ec476fe91356f472b4a1a2b78eca51376c392fc16846b825caf,1db875a1eb10d95d654d0f2d27a52815794db0d8,13436313853456744620,3589472428,70/15/15,train,IMG_6921.jpg,dataset-20260508/train/IMG_6921.jpg,dataset-20260508/train.json,original,sg-0935,gc-0919,one plain original per evidence source group; no dataset resize/offline augmentation; pipeline online only,plain_base,none,true,,valid three-class raw regions; U01 drop raw region #3; standard background/FP; no ignore region,,test,1,0,0,1,0
10.17632/gfcmdbvw65.4,v4,dataset-20260508.zip,049591afd4fc3529aedbd31ef9119f5ec0601ebcb8cbbd4a25b7e883fde147ce,d2-v4-stage2b5-v1,12_freeze_d2_protocol.py@1 + 10_prepare_d2_freeze_candidate.py@1,a587d1d3cf826ec476fe91356f472b4a1a2b78eca51376c392fc16846b825caf,1db875a1eb10d95d654d0f2d27a52815794db0d8,13436313853456744620,3589472428,70/15/15,train,IMG_6922.jpg,dataset-20260508/train/IMG_6922.jpg,dataset-20260508/train.json,original,sg-0936,gc-0920,one plain original per evidence source group; no dataset resize/offline augmentation; pipeline online only,plain_base,none,true,,valid three-class raw regions; U01 drop raw region #3; standard background/FP; no ignore region,,train,1,0,0,1,0
10.17632/gfcmdbvw65.4,v4,dataset-20260508.zip,049591afd4fc3529aedbd31ef9119f5ec0601ebcb8cbbd4a25b7e883fde147ce,d2-v4-stage2b5-v1,12_freeze_d2_protocol.py@1 + 10_prepare_d2_freeze_candidate.py@1,a587d1d3cf826ec476fe91356f472b4a1a2b78eca51376c392fc16846b825caf,1db875a1eb10d95d654d0f2d27a52815794db0d8,13436313853456744620,3589472428,70/15/15,train,IMG_6923.jpg,dataset-20260508/train/IMG_6923.jpg,dataset-20260508/train.json,original,sg-0937,gc-0921,one plain original per evidence source group; no dataset resize/offline augmentation; pipeline online only,plain_base,none,true,,valid three-class raw regions; U01 drop raw region #3; standard background/FP; no ignore region,,train,1,0,0,1,0
10.17632/gfcmdbvw65.4,v4,dataset-20260508.zip,049591afd4fc3529aedbd31ef9119f5ec0601ebcb8cbbd4a25b7e883fde147ce,d2-v4-stage2b5-v1,12_freeze_d2_protocol.py@1 + 10_prepare_d2_freeze_candidate.py@1,a587d1d3cf826ec476fe91356f472b4a1a2b78eca51376c392fc16846b825caf,1db875a1eb10d95d654d0f2d27a52815794db0d8,13436313853456744620,3589472428,70/15/15,train,IMG_6924.jpg,dataset-20260508/train/IMG_6924.jpg,dataset-20260508/train.json,original,sg-0938,gc-0922,one plain original per evidence source group; no dataset resize/offline augmentation; pipeline online only,plain_base,none,true,,valid three-class raw regions; U01 drop raw region #3; standard background/FP; no ignore region,,train,2,0,0,2,0
10.17632/gfcmdbvw65.4,v4,dataset-20260508.zip,049591afd4fc3529aedbd31ef9119f5ec0601ebcb8cbbd4a25b7e883fde147ce,d2-v4-stage2b5-v1,12_freeze_d2_protocol.py@1 + 10_prepare_d2_freeze_candidate.py@1,a587d1d3cf826ec476fe91356f472b4a1a2b78eca51376c392fc16846b825caf,1db875a1eb10d95d654d0f2d27a52815794db0d8,13436313853456744620,3589472428,70/15/15,train,IMG_6925.jpg,dataset-20260508/train/IMG_6925.jpg,dataset-20260508/train.json,original,sg-0939,gc-0923,one plain original per evidence source group; no dataset resize/offline augmentation; pipeline online only,plain_base,none,true,,valid three-class raw regions; U01 drop raw region #3; standard background/FP; no ignore region,,val,1,0,0,1,0
10.17632/gfcmdbvw65.4,v4,dataset-20260508.zip,049591afd4fc3529aedbd31ef9119f5ec0601ebcb8cbbd4a25b7e883fde147ce,d2-v4-stage2b5-v1,12_freeze_d2_protocol.py@1 + 10_prepare_d2_freeze_candidate.py@1,a587d1d3cf826ec476fe91356f472b4a1a2b78eca51376c392fc16846b825caf,1db875a1eb10d95d654d0f2d27a52815794db0d8,13436313853456744620,3589472428,70/15/15,train,IMG_6926.jpg,dataset-20260508/train/IMG_6926.jpg,dataset-20260508/train.json,original,sg-0940,gc-0924,one plain original per evidence source group; no dataset resize/offline augmentation; pipeline online only,plain_base,none,true,,valid three-class raw regions; U01 drop raw region #3; standard background/FP; no ignore region,,train,1,0,0,1,0
10.17632/gfcmdbvw65.4,v4,dataset-20260508.zip,049591afd4fc3529aedbd31ef9119f5ec0601ebcb8cbbd4a25b7e883fde147ce,d2-v4-stage2b5-v1,12_freeze_d2_protocol.py@1 + 10_prepare_d2_freeze_candidate.py@1,a587d1d3cf826ec476fe91356f472b4a1a2b78eca51376c392fc16846b825caf,1db875a1eb10d95d654d0f2d27a52815794db0d8,13436313853456744620,3589472428,70/15/15,train,IMG_6927.jpg,dataset-20260508/train/IMG_6927.jpg,dataset-20260508/train.json,original,sg-0941,gc-0925,one plain original per evidence source group; no dataset resize/offline augmentation; pipeline online only,plain_base,none,true,,valid three-class raw regions; U01 drop raw region #3; standard background/FP; no ignore region,,train,0,2,0,2,0
10.17632/gfcmdbvw65.4,v4,dataset-20260508.zip,049591afd4fc3529aedbd31ef9119f5ec0601ebcb8cbbd4a25b7e883fde147ce,d2-v4-stage2b5-v1,12_freeze_d2_protocol.py@1 + 10_prepare_d2_freeze_candidate.py@1,a587d1d3cf826ec476fe91356f472b4a1a2b78eca51376c392fc16846b825caf,1db875a1eb10d95d654d0f2d27a52815794db0d8,13436313853456744620,3589472428,70/15/15,train,IMG_6928.jpg,dataset-20260508/train/IMG_6928.jpg,dataset-20260508/train.json,original,sg-0942,gc-0926,one plain original per evidence source group; no dataset resize/offline augmentation; pipeline online only,plain_base,none,true,,valid three-class raw regions; U01 drop raw region #3; standard background/FP; no ignore region,,train,1,1,0,2,1
10.17632/gfcmdbvw65.4,v4,dataset-20260508.zip,049591afd4fc3529aedbd31ef9119f5ec0601ebcb8cbbd4a25b7e883fde147ce,d2-v4-stage2b5-v1,12_freeze_d2_protocol.py@1 + 10_prepare_d2_freeze_candidate.py@1,a587d1d3cf826ec476fe91356f472b4a1a2b78eca51376c392fc16846b825caf,1db875a1eb10d95d654d0f2d27a52815794db0d8,13436313853456744620,3589472428,70/15/15,train,IMG_6929.jpg,dataset-20260508/train/IMG_6929.jpg,dataset-20260508/train.json,original,sg-0943,gc-0927,one plain original per evidence source group; no dataset resize/offline augmentation; pipeline online only,plain_base,none,true,,valid three-class raw regions; U01 drop raw region #3; standard background/FP; no ignore region,,train,1,1,0,2,1
10.17632/gfcmdbvw65.4,v4,dataset-20260508.zip,049591afd4fc3529aedbd31ef9119f5ec0601ebcb8cbbd4a25b7e883fde147ce,d2-v4-stage2b5-v1,12_freeze_d2_protocol.py@1 + 10_prepare_d2_freeze_candidate.py@1,a587d1d3cf826ec476fe91356f472b4a1a2b78eca51376c392fc16846b825caf,1db875a1eb10d95d654d0f2d27a52815794db0d8,13436313853456744620,3589472428,70/15/15,train,IMG_6930.jpg,dataset-20260508/train/IMG_6930.jpg,dataset-20260508/train.json,original,sg-0944,gc-0928,one plain original per evidence source group; no dataset resize/offline augmentation; pipeline online only,plain_base,none,true,,valid three-class raw regions; U01 drop raw region #3; standard background/FP; no ignore region,,train,1,0,0,1,0
10.17632/gfcmdbvw65.4,v4,dataset-20260508.zip,049591afd4fc3529aedbd31ef9119f5ec0601ebcb8cbbd4a25b7e883fde147ce,d2-v4-stage2b5-v1,12_freeze_d2_protocol.py@1 + 10_prepare_d2_freeze_candidate.py@1,a587d1d3cf826ec476fe91356f472b4a1a2b78eca51376c392fc16846b825caf,1db875a1eb10d95d654d0f2d27a52815794db0d8,13436313853456744620,3589472428,70/15/15,train,IMG_6931.jpg,dataset-20260508/train/IMG_6931.jpg,dataset-20260508/train.json,original,sg-0945,gc-0929,one plain original per evidence source group; no dataset resize/offline augmentation; pipeline online only,plain_base,none,true,,valid three-class raw regions; U01 drop raw region #3; standard background/FP; no ignore region,,train,3,0,0,3,0
10.17632/gfcmdbvw65.4,v4,dataset-20260508.zip,049591afd4fc3529aedbd31ef9119f5ec0601ebcb8cbbd4a25b7e883fde147ce,d2-v4-stage2b5-v1,12_freeze_d2_protocol.py@1 + 10_prepare_d2_freeze_candidate.py@1,a587d1d3cf826ec476fe91356f472b4a1a2b78eca51376c392fc16846b825caf,1db875a1eb10d95d654d0f2d27a52815794db0d8,13436313853456744620,3589472428,70/15/15,train,IMG_6932.jpg,dataset-20260508/train/IMG_6932.jpg,dataset-20260508/train.json,original,sg-0946,gc-0930,one plain original per evidence source group; no dataset resize/offline augmentation; pipeline online only,plain_base,none,true,,valid three-class raw regions; U01 drop raw region #3; standard background/FP; no ignore region,,test,3,0,0,3,0
10.17632/gfcmdbvw65.4,v4,dataset-20260508.zip,049591afd4fc3529aedbd31ef9119f5ec0601ebcb8cbbd4a25b7e883fde147ce,d2-v4-stage2b5-v1,12_freeze_d2_protocol.py@1 + 10_prepare_d2_freeze_candidate.py@1,a587d1d3cf826ec476fe91356f472b4a1a2b78eca51376c392fc16846b825caf,1db875a1eb10d95d654d0f2d27a52815794db0d8,13436313853456744620,3589472428,70/15/15,train,IMG_6933.jpg,dataset-20260508/train/IMG_6933.jpg,dataset-20260508/train.json,original,sg-0947,gc-0931,one plain original per evidence source group; no dataset resize/offline augmentation; pipeline online only,plain_base,none,true,,valid three-class raw regions; U01 drop raw region #3; standard background/FP; no ignore region,,train,1,0,0,1,0
10.17632/gfcmdbvw65.4,v4,dataset-20260508.zip,049591afd4fc3529aedbd31ef9119f5ec0601ebcb8cbbd4a25b7e883fde147ce,d2-v4-stage2b5-v1,12_freeze_d2_protocol.py@1 + 10_prepare_d2_freeze_candidate.py@1,a587d1d3cf826ec476fe91356f472b4a1a2b78eca51376c392fc16846b825caf,1db875a1eb10d95d654d0f2d27a52815794db0d8,13436313853456744620,3589472428,70/15/15,train,IMG_6934.jpg,dataset-20260508/train/IMG_6934.jpg,dataset-20260508/train.json,original,sg-0948,gc-0932,one plain original per evidence source group; no dataset resize/offline augmentation; pipeline online only,plain_base,none,true,,valid three-class raw regions; U01 drop raw region #3; standard background/FP; no ignore region,,test,0,1,0,1,0
10.17632/gfcmdbvw65.4,v4,dataset-20260508.zip,049591afd4fc3529aedbd31ef9119f5ec0601ebcb8cbbd4a25b7e883fde147ce,d2-v4-stage2b5-v1,12_freeze_d2_protocol.py@1 + 10_prepare_d2_freeze_candidate.py@1,a587d1d3cf826ec476fe91356f472b4a1a2b78eca51376c392fc16846b825caf,1db875a1eb10d95d654d0f2d27a52815794db0d8,13436313853456744620,3589472428,70/15/15,train,IMG_6935.jpg,dataset-20260508/train/IMG_6935.jpg,dataset-20260508/train.json,original,sg-0949,gc-0933,one plain original per evidence source group; no dataset resize/offline augmentation; pipeline online only,plain_base,none,true,,valid three-class raw regions; U01 drop raw region #3; standard background/FP; no ignore region,,train,2,0,0,2,0
10.17632/gfcmdbvw65.4,v4,dataset-20260508.zip,049591afd4fc3529aedbd31ef9119f5ec0601ebcb8cbbd4a25b7e883fde147ce,d2-v4-stage2b5-v1,12_freeze_d2_protocol.py@1 + 10_prepare_d2_freeze_candidate.py@1,a587d1d3cf826ec476fe91356f472b4a1a2b78eca51376c392fc16846b825caf,1db875a1eb10d95d654d0f2d27a52815794db0d8,13436313853456744620,3589472428,70/15/15,train,IMG_6936.jpg,dataset-20260508/train/IMG_6936.jpg,dataset-20260508/train.json,original,sg-0950,gc-0934,one plain original per evidence source group; no dataset resize/offline augmentation; pipeline online only,plain_base,none,true,,valid three-class raw regions; U01 drop raw region #3; standard background/FP; no ignore region,,test,1,0,0,1,0
10.17632/gfcmdbvw65.4,v4,dataset-20260508.zip,049591afd4fc3529aedbd31ef9119f5ec0601ebcb8cbbd4a25b7e883fde147ce,d2-v4-stage2b5-v1,12_freeze_d2_protocol.py@1 + 10_prepare_d2_freeze_candidate.py@1,a587d1d3cf826ec476fe91356f472b4a1a2b78eca51376c392fc16846b825caf,1db875a1eb10d95d654d0f2d27a52815794db0d8,13436313853456744620,3589472428,70/15/15,train,IMG_6937.jpg,dataset-20260508/train/IMG_6937.jpg,dataset-20260508/train.json,original,sg-0951,gc-0935,one plain original per evidence source group; no dataset resize/offline augmentation; pipeline online only,plain_base,none,true,,valid three-class raw regions; U01 drop raw region #3; standard background/FP; no ignore region,,test,2,0,0,2,0
10.17632/gfcmdbvw65.4,v4,dataset-20260508.zip,049591afd4fc3529aedbd31ef9119f5ec0601ebcb8cbbd4a25b7e883fde147ce,d2-v4-stage2b5-v1,12_freeze_d2_protocol.py@1 + 10_prepare_d2_freeze_candidate.py@1,a587d1d3cf826ec476fe91356f472b4a1a2b78eca51376c392fc16846b825caf,1db875a1eb10d95d654d0f2d27a52815794db0d8,13436313853456744620,3589472428,70/15/15,train,IMG_6939.jpg,dataset-20260508/train/IMG_6939.jpg,dataset-20260508/train.json,original,sg-0952,gc-0936,one plain original per evidence source group; no dataset resize/offline augmentation; pipeline online only,plain_base,none,true,,valid three-class raw regions; U01 drop raw region #3; standard background/FP; no ignore region,,test,3,0,0,3,0
10.17632/gfcmdbvw65.4,v4,dataset-20260508.zip,049591afd4fc3529aedbd31ef9119f5ec0601ebcb8cbbd4a25b7e883fde147ce,d2-v4-stage2b5-v1,12_freeze_d2_protocol.py@1 + 10_prepare_d2_freeze_candidate.py@1,a587d1d3cf826ec476fe91356f472b4a1a2b78eca51376c392fc16846b825caf,1db875a1eb10d95d654d0f2d27a52815794db0d8,13436313853456744620,3589472428,70/15/15,train,IMG_6940.jpg,dataset-20260508/train/IMG_6940.jpg,dataset-20260508/train.json,original,sg-0953,gc-0937,one plain original per evidence source group; no dataset resize/offline augmentation; pipeline online only,plain_base,none,true,,valid three-class raw regions; U01 drop raw region #3; standard background/FP; no ignore region,,train,2,0,0,2,0
10.17632/gfcmdbvw65.4,v4,dataset-20260508.zip,049591afd4fc3529aedbd31ef9119f5ec0601ebcb8cbbd4a25b7e883fde147ce,d2-v4-stage2b5-v1,12_freeze_d2_protocol.py@1 + 10_prepare_d2_freeze_candidate.py@1,a587d1d3cf826ec476fe91356f472b4a1a2b78eca51376c392fc16846b825caf,1db875a1eb10d95d654d0f2d27a52815794db0d8,13436313853456744620,3589472428,70/15/15,train,IMG_6942.jpg,dataset-20260508/train/IMG_6942.jpg,dataset-20260508/train.json,original,sg-0954,gc-0938,one plain original per evidence source group; no dataset resize/offline augmentation; pipeline online only,plain_base,none,true,,valid three-class raw regions; U01 drop raw region #3; standard background/FP; no ignore region,,train,0,1,0,1,0
10.17632/gfcmdbvw65.4,v4,dataset-20260508.zip,049591afd4fc3529aedbd31ef9119f5ec0601ebcb8cbbd4a25b7e883fde147ce,d2-v4-stage2b5-v1,12_freeze_d2_protocol.py@1 + 10_prepare_d2_freeze_candidate.py@1,a587d1d3cf826ec476fe91356f472b4a1a2b78eca51376c392fc16846b825caf,1db875a1eb10d95d654d0f2d27a52815794db0d8,13436313853456744620,3589472428,70/15/15,train,IMG_6943.jpg,dataset-20260508/train/IMG_6943.jpg,dataset-20260508/train.json,original,sg-0955,gc-0939,one plain original per evidence source group; no dataset resize/offline augmentation; pipeline online only,plain_base,none,true,,valid three-class raw regions; U01 drop raw region #3; standard background/FP; no ignore region,,test,0,1,0,1,0
10.17632/gfcmdbvw65.4,v4,dataset-20260508.zip,049591afd4fc3529aedbd31ef9119f5ec0601ebcb8cbbd4a25b7e883fde147ce,d2-v4-stage2b5-v1,12_freeze_d2_protocol.py@1 + 10_prepare_d2_freeze_candidate.py@1,a587d1d3cf826ec476fe91356f472b4a1a2b78eca51376c392fc16846b825caf,1db875a1eb10d95d654d0f2d27a52815794db0d8,13436313853456744620,3589472428,70/15/15,train,IMG_6946.jpg,dataset-20260508/train/IMG_6946.jpg,dataset-20260508/train.json,original,sg-0956,gc-0940,one plain original per evidence source group; no dataset resize/offline augmentation; pipeline online only,plain_base,none,true,,valid three-class raw regions; U01 drop raw region #3; standard background/FP; no ignore region,,val,1,0,0,1,0
10.17632/gfcmdbvw65.4,v4,dataset-20260508.zip,049591afd4fc3529aedbd31ef9119f5ec0601ebcb8cbbd4a25b7e883fde147ce,d2-v4-stage2b5-v1,12_freeze_d2_protocol.py@1 + 10_prepare_d2_freeze_candidate.py@1,a587d1d3cf826ec476fe91356f472b4a1a2b78eca51376c392fc16846b825caf,1db875a1eb10d95d654d0f2d27a52815794db0d8,13436313853456744620,3589472428,70/15/15,train,IMG_6948.jpg,dataset-20260508/train/IMG_6948.jpg,dataset-20260508/train.json,original,sg-0957,gc-0941,one plain original per evidence source group; no dataset resize/offline augmentation; pipeline online only,plain_base,none,true,,valid three-class raw regions; U01 drop raw region #3; standard background/FP; no ignore region,,train,1,0,0,1,0
10.17632/gfcmdbvw65.4,v4,dataset-20260508.zip,049591afd4fc3529aedbd31ef9119f5ec0601ebcb8cbbd4a25b7e883fde147ce,d2-v4-stage2b5-v1,12_freeze_d2_protocol.py@1 + 10_prepare_d2_freeze_candidate.py@1,a587d1d3cf826ec476fe91356f472b4a1a2b78eca51376c392fc16846b825caf,1db875a1eb10d95d654d0f2d27a52815794db0d8,13436313853456744620,3589472428,70/15/15,train,IMG_6950.jpg,dataset-20260508/train/IMG_6950.jpg,dataset-20260508/train.json,original,sg-0958,gc-0942,one plain original per evidence source group; no dataset resize/offline augmentation; pipeline online only,plain_base,none,true,,valid three-class raw regions; U01 drop raw region #3; standard background/FP; no ignore region,,train,1,0,0,1,0
10.17632/gfcmdbvw65.4,v4,dataset-20260508.zip,049591afd4fc3529aedbd31ef9119f5ec0601ebcb8cbbd4a25b7e883fde147ce,d2-v4-stage2b5-v1,12_freeze_d2_protocol.py@1 + 10_prepare_d2_freeze_candidate.py@1,a587d1d3cf826ec476fe91356f472b4a1a2b78eca51376c392fc16846b825caf,1db875a1eb10d95d654d0f2d27a52815794db0d8,13436313853456744620,3589472428,70/15/15,train,IMG_6951.jpg,dataset-20260508/train/IMG_6951.jpg,dataset-20260508/train.json,original,sg-0959,gc-0943,one plain original per evidence source group; no dataset resize/offline augmentation; pipeline online only,plain_base,none,true,,valid three-class raw regions; U01 drop raw region #3; standard background/FP; no ignore region,,train,0,1,0,1,0
10.17632/gfcmdbvw65.4,v4,dataset-20260508.zip,049591afd4fc3529aedbd31ef9119f5ec0601ebcb8cbbd4a25b7e883fde147ce,d2-v4-stage2b5-v1,12_freeze_d2_protocol.py@1 + 10_prepare_d2_freeze_candidate.py@1,a587d1d3cf826ec476fe91356f472b4a1a2b78eca51376c392fc16846b825caf,1db875a1eb10d95d654d0f2d27a52815794db0d8,13436313853456744620,3589472428,70/15/15,train,IMG_6953.jpg,dataset-20260508/train/IMG_6953.jpg,dataset-20260508/train.json,original,sg-0960,gc-0944,one plain original per evidence source group; no dataset resize/offline augmentation; pipeline online only,plain_base,none,true,,valid three-class raw regions; U01 drop raw region #3; standard background/FP; no ignore region,,train,1,0,0,1,0
10.17632/gfcmdbvw65.4,v4,dataset-20260508.zip,049591afd4fc3529aedbd31ef9119f5ec0601ebcb8cbbd4a25b7e883fde147ce,d2-v4-stage2b5-v1,12_freeze_d2_protocol.py@1 + 10_prepare_d2_freeze_candidate.py@1,a587d1d3cf826ec476fe91356f472b4a1a2b78eca51376c392fc16846b825caf,1db875a1eb10d95d654d0f2d27a52815794db0d8,13436313853456744620,3589472428,70/15/15,train,IMG_6954.jpg,dataset-20260508/train/IMG_6954.jpg,dataset-20260508/train.json,original,sg-0961,gc-0945,one plain original per evidence source group; no dataset resize/offline augmentation; pipeline online only,plain_base,none,true,,valid three-class raw regions; U01 drop raw region #3; standard background/FP; no ignore region,,test,1,1,0,2,1
10.17632/gfcmdbvw65.4,v4,dataset-20260508.zip,049591afd4fc3529aedbd31ef9119f5ec0601ebcb8cbbd4a25b7e883fde147ce,d2-v4-stage2b5-v1,12_freeze_d2_protocol.py@1 + 10_prepare_d2_freeze_candidate.py@1,a587d1d3cf826ec476fe91356f472b4a1a2b78eca51376c392fc16846b825caf,1db875a1eb10d95d654d0f2d27a52815794db0d8,13436313853456744620,3589472428,70/15/15,train,IMG_6955.jpg,dataset-20260508/train/IMG_6955.jpg,dataset-20260508/train.json,original,sg-0962,gc-0946,one plain original per evidence source group; no dataset resize/offline augmentation; pipeline online only,plain_base,none,true,,valid three-class raw regions; U01 drop raw region #3; standard background/FP; no ignore region,,val,0,2,0,2,0
10.17632/gfcmdbvw65.4,v4,dataset-20260508.zip,049591afd4fc3529aedbd31ef9119f5ec0601ebcb8cbbd4a25b7e883fde147ce,d2-v4-stage2b5-v1,12_freeze_d2_protocol.py@1 + 10_prepare_d2_freeze_candidate.py@1,a587d1d3cf826ec476fe91356f472b4a1a2b78eca51376c392fc16846b825caf,1db875a1eb10d95d654d0f2d27a52815794db0d8,13436313853456744620,3589472428,70/15/15,train,IMG_6956.jpg,dataset-20260508/train/IMG_6956.jpg,dataset-20260508/train.json,original,sg-0963,gc-0947,one plain original per evidence source group; no dataset resize/offline augmentation; pipeline online only,plain_base,none,true,,valid three-class raw regions; U01 drop raw region #3; standard background/FP; no ignore region,,train,0,1,0,1,0
10.17632/gfcmdbvw65.4,v4,dataset-20260508.zip,049591afd4fc3529aedbd31ef9119f5ec0601ebcb8cbbd4a25b7e883fde147ce,d2-v4-stage2b5-v1,12_freeze_d2_protocol.py@1 + 10_prepare_d2_freeze_candidate.py@1,a587d1d3cf826ec476fe91356f472b4a1a2b78eca51376c392fc16846b825caf,1db875a1eb10d95d654d0f2d27a52815794db0d8,13436313853456744620,3589472428,70/15/15,train,IMG_6958.jpg,dataset-20260508/train/IMG_6958.jpg,dataset-20260508/train.json,original,sg-0964,gc-0948,one plain original per evidence source group; no dataset resize/offline augmentation; pipeline online only,plain_base,none,true,,valid three-class raw regions; U01 drop raw region #3; standard background/FP; no ignore region,,train,1,1,0,2,1
10.17632/gfcmdbvw65.4,v4,dataset-20260508.zip,049591afd4fc3529aedbd31ef9119f5ec0601ebcb8cbbd4a25b7e883fde147ce,d2-v4-stage2b5-v1,12_freeze_d2_protocol.py@1 + 10_prepare_d2_freeze_candidate.py@1,a587d1d3cf826ec476fe91356f472b4a1a2b78eca51376c392fc16846b825caf,1db875a1eb10d95d654d0f2d27a52815794db0d8,13436313853456744620,3589472428,70/15/15,train,IMG_6959.jpg,dataset-20260508/train/IMG_6959.jpg,dataset-20260508/train.json,original,sg-0965,gc-0949,one plain original per evidence source group; no dataset resize/offline augmentation; pipeline online only,plain_base,none,true,,valid three-class raw regions; U01 drop raw region #3; standard background/FP; no ignore region,,test,2,0,0,2,0
10.17632/gfcmdbvw65.4,v4,dataset-20260508.zip,049591afd4fc3529aedbd31ef9119f5ec0601ebcb8cbbd4a25b7e883fde147ce,d2-v4-stage2b5-v1,12_freeze_d2_protocol.py@1 + 10_prepare_d2_freeze_candidate.py@1,a587d1d3cf826ec476fe91356f472b4a1a2b78eca51376c392fc16846b825caf,1db875a1eb10d95d654d0f2d27a52815794db0d8,13436313853456744620,3589472428,70/15/15,train,IMG_6961.jpg,dataset-20260508/train/IMG_6961.jpg,dataset-20260508/train.json,original,sg-0966,gc-0950,one plain original per evidence source group; no dataset resize/offline augmentation; pipeline online only,plain_base,none,true,,valid three-class raw regions; U01 drop raw region #3; standard background/FP; no ignore region,,train,2,0,0,2,0
10.17632/gfcmdbvw65.4,v4,dataset-20260508.zip,049591afd4fc3529aedbd31ef9119f5ec0601ebcb8cbbd4a25b7e883fde147ce,d2-v4-stage2b5-v1,12_freeze_d2_protocol.py@1 + 10_prepare_d2_freeze_candidate.py@1,a587d1d3cf826ec476fe91356f472b4a1a2b78eca51376c392fc16846b825caf,1db875a1eb10d95d654d0f2d27a52815794db0d8,13436313853456744620,3589472428,70/15/15,train,IMG_6962.jpg,dataset-20260508/train/IMG_6962.jpg,dataset-20260508/train.json,original,sg-0967,gc-0951,one plain original per evidence source group; no dataset resize/offline augmentation; pipeline online only,plain_base,none,true,,valid three-class raw regions; U01 drop raw region #3; standard background/FP; no ignore region,,train,3,0,0,3,0
10.17632/gfcmdbvw65.4,v4,dataset-20260508.zip,049591afd4fc3529aedbd31ef9119f5ec0601ebcb8cbbd4a25b7e883fde147ce,d2-v4-stage2b5-v1,12_freeze_d2_protocol.py@1 + 10_prepare_d2_freeze_candidate.py@1,a587d1d3cf826ec476fe91356f472b4a1a2b78eca51376c392fc16846b825caf,1db875a1eb10d95d654d0f2d27a52815794db0d8,13436313853456744620,3589472428,70/15/15,train,IMG_6963.jpg,dataset-20260508/train/IMG_6963.jpg,dataset-20260508/train.json,original,sg-0968,gc-0952,one plain original per evidence source group; no dataset resize/offline augmentation; pipeline online only,plain_base,none,true,,valid three-class raw regions; U01 drop raw region #3; standard background/FP; no ignore region,,train,1,0,0,1,0
10.17632/gfcmdbvw65.4,v4,dataset-20260508.zip,049591afd4fc3529aedbd31ef9119f5ec0601ebcb8cbbd4a25b7e883fde147ce,d2-v4-stage2b5-v1,12_freeze_d2_protocol.py@1 + 10_prepare_d2_freeze_candidate.py@1,a587d1d3cf826ec476fe91356f472b4a1a2b78eca51376c392fc16846b825caf,1db875a1eb10d95d654d0f2d27a52815794db0d8,13436313853456744620,3589472428,70/15/15,train,IMG_6964.jpg,dataset-20260508/train/IMG_6964.jpg,dataset-20260508/train.json,original,sg-0969,gc-0953,one plain original per evidence source group; no dataset resize/offline augmentation; pipeline online only,plain_base,none,true,,valid three-class raw regions; U01 drop raw region #3; standard background/FP; no ignore region,,train,1,0,0,1,0
10.17632/gfcmdbvw65.4,v4,dataset-20260508.zip,049591afd4fc3529aedbd31ef9119f5ec0601ebcb8cbbd4a25b7e883fde147ce,d2-v4-stage2b5-v1,12_freeze_d2_protocol.py@1 + 10_prepare_d2_freeze_candidate.py@1,a587d1d3cf826ec476fe91356f472b4a1a2b78eca51376c392fc16846b825caf,1db875a1eb10d95d654d0f2d27a52815794db0d8,13436313853456744620,3589472428,70/15/15,train,IMG_6965.jpg,dataset-20260508/train/IMG_6965.jpg,dataset-20260508/train.json,original,sg-0970,gc-0954,one plain original per evidence source group; no dataset resize/offline augmentation; pipeline online only,plain_base,none,true,,valid three-class raw regions; U01 drop raw region #3; standard background/FP; no ignore region,,train,2,0,0,2,0
10.17632/gfcmdbvw65.4,v4,dataset-20260508.zip,049591afd4fc3529aedbd31ef9119f5ec0601ebcb8cbbd4a25b7e883fde147ce,d2-v4-stage2b5-v1,12_freeze_d2_protocol.py@1 + 10_prepare_d2_freeze_candidate.py@1,a587d1d3cf826ec476fe91356f472b4a1a2b78eca51376c392fc16846b825caf,1db875a1eb10d95d654d0f2d27a52815794db0d8,13436313853456744620,3589472428,70/15/15,train,IMG_6968.jpg,dataset-20260508/train/IMG_6968.jpg,dataset-20260508/train.json,original,sg-0971,gc-0955,one plain original per evidence source group; no dataset resize/offline augmentation; pipeline online only,plain_base,none,true,,valid three-class raw regions; U01 drop raw region #3; standard background/FP; no ignore region,,train,2,0,0,2,0
10.17632/gfcmdbvw65.4,v4,dataset-20260508.zip,049591afd4fc3529aedbd31ef9119f5ec0601ebcb8cbbd4a25b7e883fde147ce,d2-v4-stage2b5-v1,12_freeze_d2_protocol.py@1 + 10_prepare_d2_freeze_candidate.py@1,a587d1d3cf826ec476fe91356f472b4a1a2b78eca51376c392fc16846b825caf,1db875a1eb10d95d654d0f2d27a52815794db0d8,13436313853456744620,3589472428,70/15/15,train,IMG_6969.jpg,dataset-20260508/train/IMG_6969.jpg,dataset-20260508/train.json,original,sg-0972,gc-0956,one plain original per evidence source group; no dataset resize/offline augmentation; pipeline online only,plain_base,none,true,,valid three-class raw regions; U01 drop raw region #3; standard background/FP; no ignore region,,train,0,2,0,2,0
10.17632/gfcmdbvw65.4,v4,dataset-20260508.zip,049591afd4fc3529aedbd31ef9119f5ec0601ebcb8cbbd4a25b7e883fde147ce,d2-v4-stage2b5-v1,12_freeze_d2_protocol.py@1 + 10_prepare_d2_freeze_candidate.py@1,a587d1d3cf826ec476fe91356f472b4a1a2b78eca51376c392fc16846b825caf,1db875a1eb10d95d654d0f2d27a52815794db0d8,13436313853456744620,3589472428,70/15/15,train,IMG_6970.jpg,dataset-20260508/train/IMG_6970.jpg,dataset-20260508/train.json,original,sg-0973,gc-0957,one plain original per evidence source group; no dataset resize/offline augmentation; pipeline online only,plain_base,none,true,,valid three-class raw regions; U01 drop raw region #3; standard background/FP; no ignore region,,train,1,0,0,1,0
10.17632/gfcmdbvw65.4,v4,dataset-20260508.zip,049591afd4fc3529aedbd31ef9119f5ec0601ebcb8cbbd4a25b7e883fde147ce,d2-v4-stage2b5-v1,12_freeze_d2_protocol.py@1 + 10_prepare_d2_freeze_candidate.py@1,a587d1d3cf826ec476fe91356f472b4a1a2b78eca51376c392fc16846b825caf,1db875a1eb10d95d654d0f2d27a52815794db0d8,13436313853456744620,3589472428,70/15/15,train,IMG_6971.jpg,dataset-20260508/train/IMG_6971.jpg,dataset-20260508/train.json,original,sg-0974,gc-0958,one plain original per evidence source group; no dataset resize/offline augmentation; pipeline online only,plain_base,none,true,,valid three-class raw regions; U01 drop raw region #3; standard background/FP; no ignore region,,test,2,0,0,2,0
10.17632/gfcmdbvw65.4,v4,dataset-20260508.zip,049591afd4fc3529aedbd31ef9119f5ec0601ebcb8cbbd4a25b7e883fde147ce,d2-v4-stage2b5-v1,12_freeze_d2_protocol.py@1 + 10_prepare_d2_freeze_candidate.py@1,a587d1d3cf826ec476fe91356f472b4a1a2b78eca51376c392fc16846b825caf,1db875a1eb10d95d654d0f2d27a52815794db0d8,13436313853456744620,3589472428,70/15/15,train,IMG_6972.jpg,dataset-20260508/train/IMG_6972.jpg,dataset-20260508/train.json,original,sg-0975,gc-0959,one plain original per evidence source group; no dataset resize/offline augmentation; pipeline online only,plain_base,none,true,,valid three-class raw regions; U01 drop raw region #3; standard background/FP; no ignore region,,val,2,0,0,2,0
10.17632/gfcmdbvw65.4,v4,dataset-20260508.zip,049591afd4fc3529aedbd31ef9119f5ec0601ebcb8cbbd4a25b7e883fde147ce,d2-v4-stage2b5-v1,12_freeze_d2_protocol.py@1 + 10_prepare_d2_freeze_candidate.py@1,a587d1d3cf826ec476fe91356f472b4a1a2b78eca51376c392fc16846b825caf,1db875a1eb10d95d654d0f2d27a52815794db0d8,13436313853456744620,3589472428,70/15/15,train,IMG_6973.jpg,dataset-20260508/train/IMG_6973.jpg,dataset-20260508/train.json,original,sg-0976,gc-0960,one plain original per evidence source group; no dataset resize/offline augmentation; pipeline online only,plain_base,none,true,,valid three-class raw regions; U01 drop raw region #3; standard background/FP; no ignore region,,train,2,0,0,2,0
10.17632/gfcmdbvw65.4,v4,dataset-20260508.zip,049591afd4fc3529aedbd31ef9119f5ec0601ebcb8cbbd4a25b7e883fde147ce,d2-v4-stage2b5-v1,12_freeze_d2_protocol.py@1 + 10_prepare_d2_freeze_candidate.py@1,a587d1d3cf826ec476fe91356f472b4a1a2b78eca51376c392fc16846b825caf,1db875a1eb10d95d654d0f2d27a52815794db0d8,13436313853456744620,3589472428,70/15/15,train,IMG_6974.jpg,dataset-20260508/train/IMG_6974.jpg,dataset-20260508/train.json,original,sg-0977,gc-0961,one plain original per evidence source group; no dataset resize/offline augmentation; pipeline online only,plain_base,none,true,,valid three-class raw regions; U01 drop raw region #3; standard background/FP; no ignore region,,val,1,0,0,1,0
10.17632/gfcmdbvw65.4,v4,dataset-20260508.zip,049591afd4fc3529aedbd31ef9119f5ec0601ebcb8cbbd4a25b7e883fde147ce,d2-v4-stage2b5-v1,12_freeze_d2_protocol.py@1 + 10_prepare_d2_freeze_candidate.py@1,a587d1d3cf826ec476fe91356f472b4a1a2b78eca51376c392fc16846b825caf,1db875a1eb10d95d654d0f2d27a52815794db0d8,13436313853456744620,3589472428,70/15/15,train,IMG_6983.jpg,dataset-20260508/train/IMG_6983.jpg,dataset-20260508/train.json,original,sg-0978,gc-0962,one plain original per evidence source group; no dataset resize/offline augmentation; pipeline online only,plain_base,none,true,,valid three-class raw regions; U01 drop raw region #3; standard background/FP; no ignore region,,train,2,0,0,2,0
10.17632/gfcmdbvw65.4,v4,dataset-20260508.zip,049591afd4fc3529aedbd31ef9119f5ec0601ebcb8cbbd4a25b7e883fde147ce,d2-v4-stage2b5-v1,12_freeze_d2_protocol.py@1 + 10_prepare_d2_freeze_candidate.py@1,a587d1d3cf826ec476fe91356f472b4a1a2b78eca51376c392fc16846b825caf,1db875a1eb10d95d654d0f2d27a52815794db0d8,13436313853456744620,3589472428,70/15/15,train,IMG_6984.jpg,dataset-20260508/train/IMG_6984.jpg,dataset-20260508/train.json,original,sg-0979,gc-0963,one plain original per evidence source group; no dataset resize/offline augmentation; pipeline online only,plain_base,none,true,,valid three-class raw regions; U01 drop raw region #3; standard background/FP; no ignore region,,train,2,0,0,2,0
10.17632/gfcmdbvw65.4,v4,dataset-20260508.zip,049591afd4fc3529aedbd31ef9119f5ec0601ebcb8cbbd4a25b7e883fde147ce,d2-v4-stage2b5-v1,12_freeze_d2_protocol.py@1 + 10_prepare_d2_freeze_candidate.py@1,a587d1d3cf826ec476fe91356f472b4a1a2b78eca51376c392fc16846b825caf,1db875a1eb10d95d654d0f2d27a52815794db0d8,13436313853456744620,3589472428,70/15/15,train,IMG_6985.jpg,dataset-20260508/train/IMG_6985.jpg,dataset-20260508/train.json,original,sg-0980,gc-0964,one plain original per evidence source group; no dataset resize/offline augmentation; pipeline online only,plain_base,none,true,,valid three-class raw regions; U01 drop raw region #3; standard background/FP; no ignore region,,train,2,0,0,2,0
10.17632/gfcmdbvw65.4,v4,dataset-20260508.zip,049591afd4fc3529aedbd31ef9119f5ec0601ebcb8cbbd4a25b7e883fde147ce,d2-v4-stage2b5-v1,12_freeze_d2_protocol.py@1 + 10_prepare_d2_freeze_candidate.py@1,a587d1d3cf826ec476fe91356f472b4a1a2b78eca51376c392fc16846b825caf,1db875a1eb10d95d654d0f2d27a52815794db0d8,13436313853456744620,3589472428,70/15/15,train,IMG_6987.jpg,dataset-20260508/train/IMG_6987.jpg,dataset-20260508/train.json,original,sg-0981,gc-0965,one plain original per evidence source group; no dataset resize/offline augmentation; pipeline online only,plain_base,none,true,,valid three-class raw regions; U01 drop raw region #3; standard background/FP; no ignore region,,train,2,0,0,2,0
10.17632/gfcmdbvw65.4,v4,dataset-20260508.zip,049591afd4fc3529aedbd31ef9119f5ec0601ebcb8cbbd4a25b7e883fde147ce,d2-v4-stage2b5-v1,12_freeze_d2_protocol.py@1 + 10_prepare_d2_freeze_candidate.py@1,a587d1d3cf826ec476fe91356f472b4a1a2b78eca51376c392fc16846b825caf,1db875a1eb10d95d654d0f2d27a52815794db0d8,13436313853456744620,3589472428,70/15/15,train,IMG_6988.jpg,dataset-20260508/train/IMG_6988.jpg,dataset-20260508/train.json,original,sg-0982,gc-0966,one plain original per evidence source group; no dataset resize/offline augmentation; pipeline online only,plain_base,none,true,,valid three-class raw regions; U01 drop raw region #3; standard background/FP; no ignore region,,train,2,0,0,2,0
10.17632/gfcmdbvw65.4,v4,dataset-20260508.zip,049591afd4fc3529aedbd31ef9119f5ec0601ebcb8cbbd4a25b7e883fde147ce,d2-v4-stage2b5-v1,12_freeze_d2_protocol.py@1 + 10_prepare_d2_freeze_candidate.py@1,a587d1d3cf826ec476fe91356f472b4a1a2b78eca51376c392fc16846b825caf,1db875a1eb10d95d654d0f2d27a52815794db0d8,13436313853456744620,3589472428,70/15/15,train,IMG_6990.jpg,dataset-20260508/train/IMG_6990.jpg,dataset-20260508/train.json,original,sg-0983,gc-0967,one plain original per evidence source group; no dataset resize/offline augmentation; pipeline online only,plain_base,none,true,,valid three-class raw regions; U01 drop raw region #3; standard background/FP; no ignore region,,test,1,0,0,1,0
10.17632/gfcmdbvw65.4,v4,dataset-20260508.zip,049591afd4fc3529aedbd31ef9119f5ec0601ebcb8cbbd4a25b7e883fde147ce,d2-v4-stage2b5-v1,12_freeze_d2_protocol.py@1 + 10_prepare_d2_freeze_candidate.py@1,a587d1d3cf826ec476fe91356f472b4a1a2b78eca51376c392fc16846b825caf,1db875a1eb10d95d654d0f2d27a52815794db0d8,13436313853456744620,3589472428,70/15/15,train,IMG_6992.jpg,dataset-20260508/train/IMG_6992.jpg,dataset-20260508/train.json,original,sg-0984,gc-0968,one plain original per evidence source group; no dataset resize/offline augmentation; pipeline online only,plain_base,none,true,,valid three-class raw regions; U01 drop raw region #3; standard background/FP; no ignore region,,train,1,1,0,2,1
10.17632/gfcmdbvw65.4,v4,dataset-20260508.zip,049591afd4fc3529aedbd31ef9119f5ec0601ebcb8cbbd4a25b7e883fde147ce,d2-v4-stage2b5-v1,12_freeze_d2_protocol.py@1 + 10_prepare_d2_freeze_candidate.py@1,a587d1d3cf826ec476fe91356f472b4a1a2b78eca51376c392fc16846b825caf,1db875a1eb10d95d654d0f2d27a52815794db0d8,13436313853456744620,3589472428,70/15/15,train,IMG_6994.jpg,dataset-20260508/train/IMG_6994.jpg,dataset-20260508/train.json,original,sg-0985,gc-0969,one plain original per evidence source group; no dataset resize/offline augmentation; pipeline online only,plain_base,none,true,,valid three-class raw regions; U01 drop raw region #3; standard background/FP; no ignore region,,train,1,1,0,2,1
10.17632/gfcmdbvw65.4,v4,dataset-20260508.zip,049591afd4fc3529aedbd31ef9119f5ec0601ebcb8cbbd4a25b7e883fde147ce,d2-v4-stage2b5-v1,12_freeze_d2_protocol.py@1 + 10_prepare_d2_freeze_candidate.py@1,a587d1d3cf826ec476fe91356f472b4a1a2b78eca51376c392fc16846b825caf,1db875a1eb10d95d654d0f2d27a52815794db0d8,13436313853456744620,3589472428,70/15/15,train,IMG_6995.jpg,dataset-20260508/train/IMG_6995.jpg,dataset-20260508/train.json,original,sg-0986,gc-0970,one plain original per evidence source group; no dataset resize/offline augmentation; pipeline online only,plain_base,none,true,,valid three-class raw regions; U01 drop raw region #3; standard background/FP; no ignore region,,train,2,0,0,2,0
10.17632/gfcmdbvw65.4,v4,dataset-20260508.zip,049591afd4fc3529aedbd31ef9119f5ec0601ebcb8cbbd4a25b7e883fde147ce,d2-v4-stage2b5-v1,12_freeze_d2_protocol.py@1 + 10_prepare_d2_freeze_candidate.py@1,a587d1d3cf826ec476fe91356f472b4a1a2b78eca51376c392fc16846b825caf,1db875a1eb10d95d654d0f2d27a52815794db0d8,13436313853456744620,3589472428,70/15/15,train,IMG_6997.jpg,dataset-20260508/train/IMG_6997.jpg,dataset-20260508/train.json,original,sg-0987,gc-0971,one plain original per evidence source group; no dataset resize/offline augmentation; pipeline online only,plain_base,none,true,,valid three-class raw regions; U01 drop raw region #3; standard background/FP; no ignore region,,train,2,0,0,2,0
10.17632/gfcmdbvw65.4,v4,dataset-20260508.zip,049591afd4fc3529aedbd31ef9119f5ec0601ebcb8cbbd4a25b7e883fde147ce,d2-v4-stage2b5-v1,12_freeze_d2_protocol.py@1 + 10_prepare_d2_freeze_candidate.py@1,a587d1d3cf826ec476fe91356f472b4a1a2b78eca51376c392fc16846b825caf,1db875a1eb10d95d654d0f2d27a52815794db0d8,13436313853456744620,3589472428,70/15/15,train,IMG_6999.jpg,dataset-20260508/train/IMG_6999.jpg,dataset-20260508/train.json,original,sg-0988,gc-0972,one plain original per evidence source group; no dataset resize/offline augmentation; pipeline online only,plain_base,none,true,,valid three-class raw regions; U01 drop raw region #3; standard background/FP; no ignore region,,train,2,0,0,2,0
10.17632/gfcmdbvw65.4,v4,dataset-20260508.zip,049591afd4fc3529aedbd31ef9119f5ec0601ebcb8cbbd4a25b7e883fde147ce,d2-v4-stage2b5-v1,12_freeze_d2_protocol.py@1 + 10_prepare_d2_freeze_candidate.py@1,a587d1d3cf826ec476fe91356f472b4a1a2b78eca51376c392fc16846b825caf,1db875a1eb10d95d654d0f2d27a52815794db0d8,13436313853456744620,3589472428,70/15/15,train,IMG_7001.jpg,dataset-20260508/train/IMG_7001.jpg,dataset-20260508/train.json,original,sg-0989,gc-0973,one plain original per evidence source group; no dataset resize/offline augmentation; pipeline online only,plain_base,none,true,,valid three-class raw regions; U01 drop raw region #3; standard background/FP; no ignore region,,train,1,0,0,1,0
10.17632/gfcmdbvw65.4,v4,dataset-20260508.zip,049591afd4fc3529aedbd31ef9119f5ec0601ebcb8cbbd4a25b7e883fde147ce,d2-v4-stage2b5-v1,12_freeze_d2_protocol.py@1 + 10_prepare_d2_freeze_candidate.py@1,a587d1d3cf826ec476fe91356f472b4a1a2b78eca51376c392fc16846b825caf,1db875a1eb10d95d654d0f2d27a52815794db0d8,13436313853456744620,3589472428,70/15/15,train,IMG_7003.jpg,dataset-20260508/train/IMG_7003.jpg,dataset-20260508/train.json,original,sg-0990,gc-0974,one plain original per evidence source group; no dataset resize/offline augmentation; pipeline online only,plain_base,none,true,,valid three-class raw regions; U01 drop raw region #3; standard background/FP; no ignore region,,test,1,0,0,1,0
10.17632/gfcmdbvw65.4,v4,dataset-20260508.zip,049591afd4fc3529aedbd31ef9119f5ec0601ebcb8cbbd4a25b7e883fde147ce,d2-v4-stage2b5-v1,12_freeze_d2_protocol.py@1 + 10_prepare_d2_freeze_candidate.py@1,a587d1d3cf826ec476fe91356f472b4a1a2b78eca51376c392fc16846b825caf,1db875a1eb10d95d654d0f2d27a52815794db0d8,13436313853456744620,3589472428,70/15/15,train,IMG_7004.jpg,dataset-20260508/train/IMG_7004.jpg,dataset-20260508/train.json,original,sg-0991,gc-0975,one plain original per evidence source group; no dataset resize/offline augmentation; pipeline online only,plain_base,none,true,,valid three-class raw regions; U01 drop raw region #3; standard background/FP; no ignore region,,train,1,0,0,1,0
10.17632/gfcmdbvw65.4,v4,dataset-20260508.zip,049591afd4fc3529aedbd31ef9119f5ec0601ebcb8cbbd4a25b7e883fde147ce,d2-v4-stage2b5-v1,12_freeze_d2_protocol.py@1 + 10_prepare_d2_freeze_candidate.py@1,a587d1d3cf826ec476fe91356f472b4a1a2b78eca51376c392fc16846b825caf,1db875a1eb10d95d654d0f2d27a52815794db0d8,13436313853456744620,3589472428,70/15/15,train,IMG_7007.jpg,dataset-20260508/train/IMG_7007.jpg,dataset-20260508/train.json,original,sg-0992,gc-0976,one plain original per evidence source group; no dataset resize/offline augmentation; pipeline online only,plain_base,none,true,,valid three-class raw regions; U01 drop raw region #3; standard background/FP; no ignore region,,train,2,0,0,2,0
10.17632/gfcmdbvw65.4,v4,dataset-20260508.zip,049591afd4fc3529aedbd31ef9119f5ec0601ebcb8cbbd4a25b7e883fde147ce,d2-v4-stage2b5-v1,12_freeze_d2_protocol.py@1 + 10_prepare_d2_freeze_candidate.py@1,a587d1d3cf826ec476fe91356f472b4a1a2b78eca51376c392fc16846b825caf,1db875a1eb10d95d654d0f2d27a52815794db0d8,13436313853456744620,3589472428,70/15/15,train,IMG_7009.jpg,dataset-20260508/train/IMG_7009.jpg,dataset-20260508/train.json,original,sg-0993,gc-0977,one plain original per evidence source group; no dataset resize/offline augmentation; pipeline online only,plain_base,none,true,,valid three-class raw regions; U01 drop raw region #3; standard background/FP; no ignore region,,train,2,0,0,2,0
10.17632/gfcmdbvw65.4,v4,dataset-20260508.zip,049591afd4fc3529aedbd31ef9119f5ec0601ebcb8cbbd4a25b7e883fde147ce,d2-v4-stage2b5-v1,12_freeze_d2_protocol.py@1 + 10_prepare_d2_freeze_candidate.py@1,a587d1d3cf826ec476fe91356f472b4a1a2b78eca51376c392fc16846b825caf,1db875a1eb10d95d654d0f2d27a52815794db0d8,13436313853456744620,3589472428,70/15/15,train,IMG_7010.jpg,dataset-20260508/train/IMG_7010.jpg,dataset-20260508/train.json,original,sg-0994,gc-0978,one plain original per evidence source group; no dataset resize/offline augmentation; pipeline online only,plain_base,none,true,,valid three-class raw regions; U01 drop raw region #3; standard background/FP; no ignore region,,train,2,0,0,2,0
10.17632/gfcmdbvw65.4,v4,dataset-20260508.zip,049591afd4fc3529aedbd31ef9119f5ec0601ebcb8cbbd4a25b7e883fde147ce,d2-v4-stage2b5-v1,12_freeze_d2_protocol.py@1 + 10_prepare_d2_freeze_candidate.py@1,a587d1d3cf826ec476fe91356f472b4a1a2b78eca51376c392fc16846b825caf,1db875a1eb10d95d654d0f2d27a52815794db0d8,13436313853456744620,3589472428,70/15/15,train,IMG_7012.jpg,dataset-20260508/train/IMG_7012.jpg,dataset-20260508/train.json,original,sg-0995,gc-0979,one plain original per evidence source group; no dataset resize/offline augmentation; pipeline online only,plain_base,none,true,,valid three-class raw regions; U01 drop raw region #3; standard background/FP; no ignore region,,test,2,0,0,2,0
10.17632/gfcmdbvw65.4,v4,dataset-20260508.zip,049591afd4fc3529aedbd31ef9119f5ec0601ebcb8cbbd4a25b7e883fde147ce,d2-v4-stage2b5-v1,12_freeze_d2_protocol.py@1 + 10_prepare_d2_freeze_candidate.py@1,a587d1d3cf826ec476fe91356f472b4a1a2b78eca51376c392fc16846b825caf,1db875a1eb10d95d654d0f2d27a52815794db0d8,13436313853456744620,3589472428,70/15/15,train,IMG_7015.jpg,dataset-20260508/train/IMG_7015.jpg,dataset-20260508/train.json,original,sg-0996,gc-0980,one plain original per evidence source group; no dataset resize/offline augmentation; pipeline online only,plain_base,none,true,,valid three-class raw regions; U01 drop raw region #3; standard background/FP; no ignore region,,train,0,1,0,1,0
10.17632/gfcmdbvw65.4,v4,dataset-20260508.zip,049591afd4fc3529aedbd31ef9119f5ec0601ebcb8cbbd4a25b7e883fde147ce,d2-v4-stage2b5-v1,12_freeze_d2_protocol.py@1 + 10_prepare_d2_freeze_candidate.py@1,a587d1d3cf826ec476fe91356f472b4a1a2b78eca51376c392fc16846b825caf,1db875a1eb10d95d654d0f2d27a52815794db0d8,13436313853456744620,3589472428,70/15/15,train,IMG_7017.jpg,dataset-20260508/train/IMG_7017.jpg,dataset-20260508/train.json,original,sg-0997,gc-0981,one plain original per evidence source group; no dataset resize/offline augmentation; pipeline online only,plain_base,none,true,,valid three-class raw regions; U01 drop raw region #3; standard background/FP; no ignore region,,train,1,0,0,1,0
10.17632/gfcmdbvw65.4,v4,dataset-20260508.zip,049591afd4fc3529aedbd31ef9119f5ec0601ebcb8cbbd4a25b7e883fde147ce,d2-v4-stage2b5-v1,12_freeze_d2_protocol.py@1 + 10_prepare_d2_freeze_candidate.py@1,a587d1d3cf826ec476fe91356f472b4a1a2b78eca51376c392fc16846b825caf,1db875a1eb10d95d654d0f2d27a52815794db0d8,13436313853456744620,3589472428,70/15/15,train,IMG_7018.jpg,dataset-20260508/train/IMG_7018.jpg,dataset-20260508/train.json,original,sg-0998,gc-0982,one plain original per evidence source group; no dataset resize/offline augmentation; pipeline online only,plain_base,none,true,,valid three-class raw regions; U01 drop raw region #3; standard background/FP; no ignore region,,train,1,0,0,1,0
10.17632/gfcmdbvw65.4,v4,dataset-20260508.zip,049591afd4fc3529aedbd31ef9119f5ec0601ebcb8cbbd4a25b7e883fde147ce,d2-v4-stage2b5-v1,12_freeze_d2_protocol.py@1 + 10_prepare_d2_freeze_candidate.py@1,a587d1d3cf826ec476fe91356f472b4a1a2b78eca51376c392fc16846b825caf,1db875a1eb10d95d654d0f2d27a52815794db0d8,13436313853456744620,3589472428,70/15/15,train,IMG_7019.jpg,dataset-20260508/train/IMG_7019.jpg,dataset-20260508/train.json,original,sg-0999,gc-0983,one plain original per evidence source group; no dataset resize/offline augmentation; pipeline online only,plain_base,none,true,,valid three-class raw regions; U01 drop raw region #3; standard background/FP; no ignore region,,train,1,0,0,1,0
10.17632/gfcmdbvw65.4,v4,dataset-20260508.zip,049591afd4fc3529aedbd31ef9119f5ec0601ebcb8cbbd4a25b7e883fde147ce,d2-v4-stage2b5-v1,12_freeze_d2_protocol.py@1 + 10_prepare_d2_freeze_candidate.py@1,a587d1d3cf826ec476fe91356f472b4a1a2b78eca51376c392fc16846b825caf,1db875a1eb10d95d654d0f2d27a52815794db0d8,13436313853456744620,3589472428,70/15/15,train,IMG_7021.jpg,dataset-20260508/train/IMG_7021.jpg,dataset-20260508/train.json,original,sg-1000,gc-0984,one plain original per evidence source group; no dataset resize/offline augmentation; pipeline online only,plain_base,none,true,,valid three-class raw regions; U01 drop raw region #3; standard background/FP; no ignore region,,test,1,0,0,1,0
10.17632/gfcmdbvw65.4,v4,dataset-20260508.zip,049591afd4fc3529aedbd31ef9119f5ec0601ebcb8cbbd4a25b7e883fde147ce,d2-v4-stage2b5-v1,12_freeze_d2_protocol.py@1 + 10_prepare_d2_freeze_candidate.py@1,a587d1d3cf826ec476fe91356f472b4a1a2b78eca51376c392fc16846b825caf,1db875a1eb10d95d654d0f2d27a52815794db0d8,13436313853456744620,3589472428,70/15/15,train,IMG_7022.jpg,dataset-20260508/train/IMG_7022.jpg,dataset-20260508/train.json,original,sg-1001,gc-0985,one plain original per evidence source group; no dataset resize/offline augmentation; pipeline online only,plain_base,none,true,,valid three-class raw regions; U01 drop raw region #3; standard background/FP; no ignore region,,train,1,0,0,1,0
10.17632/gfcmdbvw65.4,v4,dataset-20260508.zip,049591afd4fc3529aedbd31ef9119f5ec0601ebcb8cbbd4a25b7e883fde147ce,d2-v4-stage2b5-v1,12_freeze_d2_protocol.py@1 + 10_prepare_d2_freeze_candidate.py@1,a587d1d3cf826ec476fe91356f472b4a1a2b78eca51376c392fc16846b825caf,1db875a1eb10d95d654d0f2d27a52815794db0d8,13436313853456744620,3589472428,70/15/15,train,IMG_7023.jpg,dataset-20260508/train/IMG_7023.jpg,dataset-20260508/train.json,original,sg-1002,gc-0986,one plain original per evidence source group; no dataset resize/offline augmentation; pipeline online only,plain_base,none,true,,valid three-class raw regions; U01 drop raw region #3; standard background/FP; no ignore region,,val,1,0,0,1,0
10.17632/gfcmdbvw65.4,v4,dataset-20260508.zip,049591afd4fc3529aedbd31ef9119f5ec0601ebcb8cbbd4a25b7e883fde147ce,d2-v4-stage2b5-v1,12_freeze_d2_protocol.py@1 + 10_prepare_d2_freeze_candidate.py@1,a587d1d3cf826ec476fe91356f472b4a1a2b78eca51376c392fc16846b825caf,1db875a1eb10d95d654d0f2d27a52815794db0d8,13436313853456744620,3589472428,70/15/15,train,IMG_7024.jpg,dataset-20260508/train/IMG_7024.jpg,dataset-20260508/train.json,original,sg-1003,gc-0987,one plain original per evidence source group; no dataset resize/offline augmentation; pipeline online only,plain_base,none,true,,valid three-class raw regions; U01 drop raw region #3; standard background/FP; no ignore region,,train,1,0,0,1,0
10.17632/gfcmdbvw65.4,v4,dataset-20260508.zip,049591afd4fc3529aedbd31ef9119f5ec0601ebcb8cbbd4a25b7e883fde147ce,d2-v4-stage2b5-v1,12_freeze_d2_protocol.py@1 + 10_prepare_d2_freeze_candidate.py@1,a587d1d3cf826ec476fe91356f472b4a1a2b78eca51376c392fc16846b825caf,1db875a1eb10d95d654d0f2d27a52815794db0d8,13436313853456744620,3589472428,70/15/15,train,IMG_7025.jpg,dataset-20260508/train/IMG_7025.jpg,dataset-20260508/train.json,original,sg-1004,gc-0988,one plain original per evidence source group; no dataset resize/offline augmentation; pipeline online only,plain_base,none,true,,valid three-class raw regions; U01 drop raw region #3; standard background/FP; no ignore region,,train,2,0,0,2,0
10.17632/gfcmdbvw65.4,v4,dataset-20260508.zip,049591afd4fc3529aedbd31ef9119f5ec0601ebcb8cbbd4a25b7e883fde147ce,d2-v4-stage2b5-v1,12_freeze_d2_protocol.py@1 + 10_prepare_d2_freeze_candidate.py@1,a587d1d3cf826ec476fe91356f472b4a1a2b78eca51376c392fc16846b825caf,1db875a1eb10d95d654d0f2d27a52815794db0d8,13436313853456744620,3589472428,70/15/15,train,IMG_7027.jpg,dataset-20260508/train/IMG_7027.jpg,dataset-20260508/train.json,original,sg-1005,gc-0989,one plain original per evidence source group; no dataset resize/offline augmentation; pipeline online only,plain_base,none,true,,valid three-class raw regions; U01 drop raw region #3; standard background/FP; no ignore region,,train,2,0,0,2,0
10.17632/gfcmdbvw65.4,v4,dataset-20260508.zip,049591afd4fc3529aedbd31ef9119f5ec0601ebcb8cbbd4a25b7e883fde147ce,d2-v4-stage2b5-v1,12_freeze_d2_protocol.py@1 + 10_prepare_d2_freeze_candidate.py@1,a587d1d3cf826ec476fe91356f472b4a1a2b78eca51376c392fc16846b825caf,1db875a1eb10d95d654d0f2d27a52815794db0d8,13436313853456744620,3589472428,70/15/15,train,IMG_7028.jpg,dataset-20260508/train/IMG_7028.jpg,dataset-20260508/train.json,original,sg-1006,gc-0990,one plain original per evidence source group; no dataset resize/offline augmentation; pipeline online only,plain_base,none,true,,valid three-class raw regions; U01 drop raw region #3; standard background/FP; no ignore region,,train,2,0,0,2,0
10.17632/gfcmdbvw65.4,v4,dataset-20260508.zip,049591afd4fc3529aedbd31ef9119f5ec0601ebcb8cbbd4a25b7e883fde147ce,d2-v4-stage2b5-v1,12_freeze_d2_protocol.py@1 + 10_prepare_d2_freeze_candidate.py@1,a587d1d3cf826ec476fe91356f472b4a1a2b78eca51376c392fc16846b825caf,1db875a1eb10d95d654d0f2d27a52815794db0d8,13436313853456744620,3589472428,70/15/15,train,IMG_7030.jpg,dataset-20260508/train/IMG_7030.jpg,dataset-20260508/train.json,original,sg-1007,gc-0991,one plain original per evidence source group; no dataset resize/offline augmentation; pipeline online only,plain_base,none,true,,valid three-class raw regions; U01 drop raw region #3; standard background/FP; no ignore region,,train,2,0,0,2,0
10.17632/gfcmdbvw65.4,v4,dataset-20260508.zip,049591afd4fc3529aedbd31ef9119f5ec0601ebcb8cbbd4a25b7e883fde147ce,d2-v4-stage2b5-v1,12_freeze_d2_protocol.py@1 + 10_prepare_d2_freeze_candidate.py@1,a587d1d3cf826ec476fe91356f472b4a1a2b78eca51376c392fc16846b825caf,1db875a1eb10d95d654d0f2d27a52815794db0d8,13436313853456744620,3589472428,70/15/15,train,IMG_7031.jpg,dataset-20260508/train/IMG_7031.jpg,dataset-20260508/train.json,original,sg-1008,gc-0992,one plain original per evidence source group; no dataset resize/offline augmentation; pipeline online only,plain_base,none,true,,valid three-class raw regions; U01 drop raw region #3; standard background/FP; no ignore region,,train,3,0,0,3,0
10.17632/gfcmdbvw65.4,v4,dataset-20260508.zip,049591afd4fc3529aedbd31ef9119f5ec0601ebcb8cbbd4a25b7e883fde147ce,d2-v4-stage2b5-v1,12_freeze_d2_protocol.py@1 + 10_prepare_d2_freeze_candidate.py@1,a587d1d3cf826ec476fe91356f472b4a1a2b78eca51376c392fc16846b825caf,1db875a1eb10d95d654d0f2d27a52815794db0d8,13436313853456744620,3589472428,70/15/15,train,IMG_7033.jpg,dataset-20260508/train/IMG_7033.jpg,dataset-20260508/train.json,original,sg-1009,gc-0993,one plain original per evidence source group; no dataset resize/offline augmentation; pipeline online only,plain_base,none,true,,valid three-class raw regions; U01 drop raw region #3; standard background/FP; no ignore region,,train,2,0,0,2,0
10.17632/gfcmdbvw65.4,v4,dataset-20260508.zip,049591afd4fc3529aedbd31ef9119f5ec0601ebcb8cbbd4a25b7e883fde147ce,d2-v4-stage2b5-v1,12_freeze_d2_protocol.py@1 + 10_prepare_d2_freeze_candidate.py@1,a587d1d3cf826ec476fe91356f472b4a1a2b78eca51376c392fc16846b825caf,1db875a1eb10d95d654d0f2d27a52815794db0d8,13436313853456744620,3589472428,70/15/15,train,IMG_7034.jpg,dataset-20260508/train/IMG_7034.jpg,dataset-20260508/train.json,original,sg-1010,gc-0994,one plain original per evidence source group; no dataset resize/offline augmentation; pipeline online only,plain_base,none,true,,valid three-class raw regions; U01 drop raw region #3; standard background/FP; no ignore region,,val,2,0,0,2,0
10.17632/gfcmdbvw65.4,v4,dataset-20260508.zip,049591afd4fc3529aedbd31ef9119f5ec0601ebcb8cbbd4a25b7e883fde147ce,d2-v4-stage2b5-v1,12_freeze_d2_protocol.py@1 + 10_prepare_d2_freeze_candidate.py@1,a587d1d3cf826ec476fe91356f472b4a1a2b78eca51376c392fc16846b825caf,1db875a1eb10d95d654d0f2d27a52815794db0d8,13436313853456744620,3589472428,70/15/15,train,IMG_7036.jpg,dataset-20260508/train/IMG_7036.jpg,dataset-20260508/train.json,original,sg-1011,gc-0995,one plain original per evidence source group; no dataset resize/offline augmentation; pipeline online only,plain_base,none,true,,valid three-class raw regions; U01 drop raw region #3; standard background/FP; no ignore region,,test,4,0,0,4,0
10.17632/gfcmdbvw65.4,v4,dataset-20260508.zip,049591afd4fc3529aedbd31ef9119f5ec0601ebcb8cbbd4a25b7e883fde147ce,d2-v4-stage2b5-v1,12_freeze_d2_protocol.py@1 + 10_prepare_d2_freeze_candidate.py@1,a587d1d3cf826ec476fe91356f472b4a1a2b78eca51376c392fc16846b825caf,1db875a1eb10d95d654d0f2d27a52815794db0d8,13436313853456744620,3589472428,70/15/15,train,IMG_7037.jpg,dataset-20260508/train/IMG_7037.jpg,dataset-20260508/train.json,original,sg-1012,gc-0996,one plain original per evidence source group; no dataset resize/offline augmentation; pipeline online only,plain_base,none,true,,valid three-class raw regions; U01 drop raw region #3; standard background/FP; no ignore region,,train,4,0,0,4,0
10.17632/gfcmdbvw65.4,v4,dataset-20260508.zip,049591afd4fc3529aedbd31ef9119f5ec0601ebcb8cbbd4a25b7e883fde147ce,d2-v4-stage2b5-v1,12_freeze_d2_protocol.py@1 + 10_prepare_d2_freeze_candidate.py@1,a587d1d3cf826ec476fe91356f472b4a1a2b78eca51376c392fc16846b825caf,1db875a1eb10d95d654d0f2d27a52815794db0d8,13436313853456744620,3589472428,70/15/15,train,IMG_7038.jpg,dataset-20260508/train/IMG_7038.jpg,dataset-20260508/train.json,original,sg-1013,gc-0997,one plain original per evidence source group; no dataset resize/offline augmentation; pipeline online only,plain_base,none,true,,valid three-class raw regions; U01 drop raw region #3; standard background/FP; no ignore region,,train,4,0,0,4,0
10.17632/gfcmdbvw65.4,v4,dataset-20260508.zip,049591afd4fc3529aedbd31ef9119f5ec0601ebcb8cbbd4a25b7e883fde147ce,d2-v4-stage2b5-v1,12_freeze_d2_protocol.py@1 + 10_prepare_d2_freeze_candidate.py@1,a587d1d3cf826ec476fe91356f472b4a1a2b78eca51376c392fc16846b825caf,1db875a1eb10d95d654d0f2d27a52815794db0d8,13436313853456744620,3589472428,70/15/15,train,IMG_7039.jpg,dataset-20260508/train/IMG_7039.jpg,dataset-20260508/train.json,original,sg-1014,gc-0998,one plain original per evidence source group; no dataset resize/offline augmentation; pipeline online only,plain_base,none,true,,valid three-class raw regions; U01 drop raw region #3; standard background/FP; no ignore region,,train,2,0,0,2,0
10.17632/gfcmdbvw65.4,v4,dataset-20260508.zip,049591afd4fc3529aedbd31ef9119f5ec0601ebcb8cbbd4a25b7e883fde147ce,d2-v4-stage2b5-v1,12_freeze_d2_protocol.py@1 + 10_prepare_d2_freeze_candidate.py@1,a587d1d3cf826ec476fe91356f472b4a1a2b78eca51376c392fc16846b825caf,1db875a1eb10d95d654d0f2d27a52815794db0d8,13436313853456744620,3589472428,70/15/15,train,IMG_7040.jpg,dataset-20260508/train/IMG_7040.jpg,dataset-20260508/train.json,original,sg-1015,gc-0999,one plain original per evidence source group; no dataset resize/offline augmentation; pipeline online only,plain_base,none,true,,valid three-class raw regions; U01 drop raw region #3; standard background/FP; no ignore region,,val,2,0,0,2,0
10.17632/gfcmdbvw65.4,v4,dataset-20260508.zip,049591afd4fc3529aedbd31ef9119f5ec0601ebcb8cbbd4a25b7e883fde147ce,d2-v4-stage2b5-v1,12_freeze_d2_protocol.py@1 + 10_prepare_d2_freeze_candidate.py@1,a587d1d3cf826ec476fe91356f472b4a1a2b78eca51376c392fc16846b825caf,1db875a1eb10d95d654d0f2d27a52815794db0d8,13436313853456744620,3589472428,70/15/15,train,IMG_7042.jpg,dataset-20260508/train/IMG_7042.jpg,dataset-20260508/train.json,original,sg-1016,gc-1000,one plain original per evidence source group; no dataset resize/offline augmentation; pipeline online only,plain_base,none,true,,valid three-class raw regions; U01 drop raw region #3; standard background/FP; no ignore region,,train,2,0,0,2,0
10.17632/gfcmdbvw65.4,v4,dataset-20260508.zip,049591afd4fc3529aedbd31ef9119f5ec0601ebcb8cbbd4a25b7e883fde147ce,d2-v4-stage2b5-v1,12_freeze_d2_protocol.py@1 + 10_prepare_d2_freeze_candidate.py@1,a587d1d3cf826ec476fe91356f472b4a1a2b78eca51376c392fc16846b825caf,1db875a1eb10d95d654d0f2d27a52815794db0d8,13436313853456744620,3589472428,70/15/15,train,IMG_7043.jpg,dataset-20260508/train/IMG_7043.jpg,dataset-20260508/train.json,original,sg-1017,gc-1001,one plain original per evidence source group; no dataset resize/offline augmentation; pipeline online only,plain_base,none,true,,valid three-class raw regions; U01 drop raw region #3; standard background/FP; no ignore region,,train,1,0,0,1,0
10.17632/gfcmdbvw65.4,v4,dataset-20260508.zip,049591afd4fc3529aedbd31ef9119f5ec0601ebcb8cbbd4a25b7e883fde147ce,d2-v4-stage2b5-v1,12_freeze_d2_protocol.py@1 + 10_prepare_d2_freeze_candidate.py@1,a587d1d3cf826ec476fe91356f472b4a1a2b78eca51376c392fc16846b825caf,1db875a1eb10d95d654d0f2d27a52815794db0d8,13436313853456744620,3589472428,70/15/15,train,IMG_7046.jpg,dataset-20260508/train/IMG_7046.jpg,dataset-20260508/train.json,original,sg-1018,gc-1002,one plain original per evidence source group; no dataset resize/offline augmentation; pipeline online only,plain_base,none,true,,valid three-class raw regions; U01 drop raw region #3; standard background/FP; no ignore region,,train,2,0,0,2,0
10.17632/gfcmdbvw65.4,v4,dataset-20260508.zip,049591afd4fc3529aedbd31ef9119f5ec0601ebcb8cbbd4a25b7e883fde147ce,d2-v4-stage2b5-v1,12_freeze_d2_protocol.py@1 + 10_prepare_d2_freeze_candidate.py@1,a587d1d3cf826ec476fe91356f472b4a1a2b78eca51376c392fc16846b825caf,1db875a1eb10d95d654d0f2d27a52815794db0d8,13436313853456744620,3589472428,70/15/15,train,IMG_7047.jpg,dataset-20260508/train/IMG_7047.jpg,dataset-20260508/train.json,original,sg-1019,gc-1003,one plain original per evidence source group; no dataset resize/offline augmentation; pipeline online only,plain_base,none,true,,valid three-class raw regions; U01 drop raw region #3; standard background/FP; no ignore region,,train,1,0,0,1,0
10.17632/gfcmdbvw65.4,v4,dataset-20260508.zip,049591afd4fc3529aedbd31ef9119f5ec0601ebcb8cbbd4a25b7e883fde147ce,d2-v4-stage2b5-v1,12_freeze_d2_protocol.py@1 + 10_prepare_d2_freeze_candidate.py@1,a587d1d3cf826ec476fe91356f472b4a1a2b78eca51376c392fc16846b825caf,1db875a1eb10d95d654d0f2d27a52815794db0d8,13436313853456744620,3589472428,70/15/15,train,IMG_7048.jpg,dataset-20260508/train/IMG_7048.jpg,dataset-20260508/train.json,original,sg-1020,gc-1004,one plain original per evidence source group; no dataset resize/offline augmentation; pipeline online only,plain_base,none,true,,valid three-class raw regions; U01 drop raw region #3; standard background/FP; no ignore region,,train,1,0,0,1,0
10.17632/gfcmdbvw65.4,v4,dataset-20260508.zip,049591afd4fc3529aedbd31ef9119f5ec0601ebcb8cbbd4a25b7e883fde147ce,d2-v4-stage2b5-v1,12_freeze_d2_protocol.py@1 + 10_prepare_d2_freeze_candidate.py@1,a587d1d3cf826ec476fe91356f472b4a1a2b78eca51376c392fc16846b825caf,1db875a1eb10d95d654d0f2d27a52815794db0d8,13436313853456744620,3589472428,70/15/15,train,IMG_7050.jpg,dataset-20260508/train/IMG_7050.jpg,dataset-20260508/train.json,original,sg-1021,gc-1005,one plain original per evidence source group; no dataset resize/offline augmentation; pipeline online only,plain_base,none,true,,valid three-class raw regions; U01 drop raw region #3; standard background/FP; no ignore region,,train,3,0,0,3,0
10.17632/gfcmdbvw65.4,v4,dataset-20260508.zip,049591afd4fc3529aedbd31ef9119f5ec0601ebcb8cbbd4a25b7e883fde147ce,d2-v4-stage2b5-v1,12_freeze_d2_protocol.py@1 + 10_prepare_d2_freeze_candidate.py@1,a587d1d3cf826ec476fe91356f472b4a1a2b78eca51376c392fc16846b825caf,1db875a1eb10d95d654d0f2d27a52815794db0d8,13436313853456744620,3589472428,70/15/15,train,IMG_7052.jpg,dataset-20260508/train/IMG_7052.jpg,dataset-20260508/train.json,original,sg-1022,gc-1006,one plain original per evidence source group; no dataset resize/offline augmentation; pipeline online only,plain_base,none,true,,valid three-class raw regions; U01 drop raw region #3; standard background/FP; no ignore region,,train,0,2,0,2,0
10.17632/gfcmdbvw65.4,v4,dataset-20260508.zip,049591afd4fc3529aedbd31ef9119f5ec0601ebcb8cbbd4a25b7e883fde147ce,d2-v4-stage2b5-v1,12_freeze_d2_protocol.py@1 + 10_prepare_d2_freeze_candidate.py@1,a587d1d3cf826ec476fe91356f472b4a1a2b78eca51376c392fc16846b825caf,1db875a1eb10d95d654d0f2d27a52815794db0d8,13436313853456744620,3589472428,70/15/15,train,IMG_7054.jpg,dataset-20260508/train/IMG_7054.jpg,dataset-20260508/train.json,original,sg-1023,gc-1007,one plain original per evidence source group; no dataset resize/offline augmentation; pipeline online only,plain_base,none,true,,valid three-class raw regions; U01 drop raw region #3; standard background/FP; no ignore region,,val,2,0,0,2,0
10.17632/gfcmdbvw65.4,v4,dataset-20260508.zip,049591afd4fc3529aedbd31ef9119f5ec0601ebcb8cbbd4a25b7e883fde147ce,d2-v4-stage2b5-v1,12_freeze_d2_protocol.py@1 + 10_prepare_d2_freeze_candidate.py@1,a587d1d3cf826ec476fe91356f472b4a1a2b78eca51376c392fc16846b825caf,1db875a1eb10d95d654d0f2d27a52815794db0d8,13436313853456744620,3589472428,70/15/15,train,IMG_7055.jpg,dataset-20260508/train/IMG_7055.jpg,dataset-20260508/train.json,original,sg-1024,gc-1008,one plain original per evidence source group; no dataset resize/offline augmentation; pipeline online only,plain_base,none,true,,valid three-class raw regions; U01 drop raw region #3; standard background/FP; no ignore region,,train,4,0,0,4,0
10.17632/gfcmdbvw65.4,v4,dataset-20260508.zip,049591afd4fc3529aedbd31ef9119f5ec0601ebcb8cbbd4a25b7e883fde147ce,d2-v4-stage2b5-v1,12_freeze_d2_protocol.py@1 + 10_prepare_d2_freeze_candidate.py@1,a587d1d3cf826ec476fe91356f472b4a1a2b78eca51376c392fc16846b825caf,1db875a1eb10d95d654d0f2d27a52815794db0d8,13436313853456744620,3589472428,70/15/15,train,IMG_7056.jpg,dataset-20260508/train/IMG_7056.jpg,dataset-20260508/train.json,original,sg-1025,gc-1009,one plain original per evidence source group; no dataset resize/offline augmentation; pipeline online only,plain_base,none,true,,valid three-class raw regions; U01 drop raw region #3; standard background/FP; no ignore region,,train,4,0,0,4,0
10.17632/gfcmdbvw65.4,v4,dataset-20260508.zip,049591afd4fc3529aedbd31ef9119f5ec0601ebcb8cbbd4a25b7e883fde147ce,d2-v4-stage2b5-v1,12_freeze_d2_protocol.py@1 + 10_prepare_d2_freeze_candidate.py@1,a587d1d3cf826ec476fe91356f472b4a1a2b78eca51376c392fc16846b825caf,1db875a1eb10d95d654d0f2d27a52815794db0d8,13436313853456744620,3589472428,70/15/15,train,IMG_7058.jpg,dataset-20260508/train/IMG_7058.jpg,dataset-20260508/train.json,original,sg-1026,gc-1010,one plain original per evidence source group; no dataset resize/offline augmentation; pipeline online only,plain_base,none,true,,valid three-class raw regions; U01 drop raw region #3; standard background/FP; no ignore region,,val,1,0,0,1,0
10.17632/gfcmdbvw65.4,v4,dataset-20260508.zip,049591afd4fc3529aedbd31ef9119f5ec0601ebcb8cbbd4a25b7e883fde147ce,d2-v4-stage2b5-v1,12_freeze_d2_protocol.py@1 + 10_prepare_d2_freeze_candidate.py@1,a587d1d3cf826ec476fe91356f472b4a1a2b78eca51376c392fc16846b825caf,1db875a1eb10d95d654d0f2d27a52815794db0d8,13436313853456744620,3589472428,70/15/15,train,IMG_7060.jpg,dataset-20260508/train/IMG_7060.jpg,dataset-20260508/train.json,original,sg-1027,gc-1011,one plain original per evidence source group; no dataset resize/offline augmentation; pipeline online only,plain_base,none,true,,valid three-class raw regions; U01 drop raw region #3; standard background/FP; no ignore region,,train,1,0,0,1,0
10.17632/gfcmdbvw65.4,v4,dataset-20260508.zip,049591afd4fc3529aedbd31ef9119f5ec0601ebcb8cbbd4a25b7e883fde147ce,d2-v4-stage2b5-v1,12_freeze_d2_protocol.py@1 + 10_prepare_d2_freeze_candidate.py@1,a587d1d3cf826ec476fe91356f472b4a1a2b78eca51376c392fc16846b825caf,1db875a1eb10d95d654d0f2d27a52815794db0d8,13436313853456744620,3589472428,70/15/15,train,IMG_7061.jpg,dataset-20260508/train/IMG_7061.jpg,dataset-20260508/train.json,original,sg-1028,gc-1012,one plain original per evidence source group; no dataset resize/offline augmentation; pipeline online only,plain_base,none,true,,valid three-class raw regions; U01 drop raw region #3; standard background/FP; no ignore region,,train,1,0,0,1,0
10.17632/gfcmdbvw65.4,v4,dataset-20260508.zip,049591afd4fc3529aedbd31ef9119f5ec0601ebcb8cbbd4a25b7e883fde147ce,d2-v4-stage2b5-v1,12_freeze_d2_protocol.py@1 + 10_prepare_d2_freeze_candidate.py@1,a587d1d3cf826ec476fe91356f472b4a1a2b78eca51376c392fc16846b825caf,1db875a1eb10d95d654d0f2d27a52815794db0d8,13436313853456744620,3589472428,70/15/15,train,IMG_7063.jpg,dataset-20260508/train/IMG_7063.jpg,dataset-20260508/train.json,original,sg-1029,gc-1013,one plain original per evidence source group; no dataset resize/offline augmentation; pipeline online only,plain_base,none,true,,valid three-class raw regions; U01 drop raw region #3; standard background/FP; no ignore region,,test,2,0,0,2,0
10.17632/gfcmdbvw65.4,v4,dataset-20260508.zip,049591afd4fc3529aedbd31ef9119f5ec0601ebcb8cbbd4a25b7e883fde147ce,d2-v4-stage2b5-v1,12_freeze_d2_protocol.py@1 + 10_prepare_d2_freeze_candidate.py@1,a587d1d3cf826ec476fe91356f472b4a1a2b78eca51376c392fc16846b825caf,1db875a1eb10d95d654d0f2d27a52815794db0d8,13436313853456744620,3589472428,70/15/15,train,IMG_7065.jpg,dataset-20260508/train/IMG_7065.jpg,dataset-20260508/train.json,original,sg-1030,gc-1014,one plain original per evidence source group; no dataset resize/offline augmentation; pipeline online only,plain_base,none,true,,valid three-class raw regions; U01 drop raw region #3; standard background/FP; no ignore region,,train,2,0,0,2,0
10.17632/gfcmdbvw65.4,v4,dataset-20260508.zip,049591afd4fc3529aedbd31ef9119f5ec0601ebcb8cbbd4a25b7e883fde147ce,d2-v4-stage2b5-v1,12_freeze_d2_protocol.py@1 + 10_prepare_d2_freeze_candidate.py@1,a587d1d3cf826ec476fe91356f472b4a1a2b78eca51376c392fc16846b825caf,1db875a1eb10d95d654d0f2d27a52815794db0d8,13436313853456744620,3589472428,70/15/15,train,IMG_7066.jpg,dataset-20260508/train/IMG_7066.jpg,dataset-20260508/train.json,original,sg-1031,gc-1015,one plain original per evidence source group; no dataset resize/offline augmentation; pipeline online only,plain_base,none,true,,valid three-class raw regions; U01 drop raw region #3; standard background/FP; no ignore region,,train,2,0,0,2,0
10.17632/gfcmdbvw65.4,v4,dataset-20260508.zip,049591afd4fc3529aedbd31ef9119f5ec0601ebcb8cbbd4a25b7e883fde147ce,d2-v4-stage2b5-v1,12_freeze_d2_protocol.py@1 + 10_prepare_d2_freeze_candidate.py@1,a587d1d3cf826ec476fe91356f472b4a1a2b78eca51376c392fc16846b825caf,1db875a1eb10d95d654d0f2d27a52815794db0d8,13436313853456744620,3589472428,70/15/15,train,IMG_7067.jpg,dataset-20260508/train/IMG_7067.jpg,dataset-20260508/train.json,original,sg-1032,gc-1016,one plain original per evidence source group; no dataset resize/offline augmentation; pipeline online only,plain_base,none,true,,valid three-class raw regions; U01 drop raw region #3; standard background/FP; no ignore region,,test,2,0,0,2,0
10.17632/gfcmdbvw65.4,v4,dataset-20260508.zip,049591afd4fc3529aedbd31ef9119f5ec0601ebcb8cbbd4a25b7e883fde147ce,d2-v4-stage2b5-v1,12_freeze_d2_protocol.py@1 + 10_prepare_d2_freeze_candidate.py@1,a587d1d3cf826ec476fe91356f472b4a1a2b78eca51376c392fc16846b825caf,1db875a1eb10d95d654d0f2d27a52815794db0d8,13436313853456744620,3589472428,70/15/15,train,IMG_7069.jpg,dataset-20260508/train/IMG_7069.jpg,dataset-20260508/train.json,original,sg-1033,gc-1017,one plain original per evidence source group; no dataset resize/offline augmentation; pipeline online only,plain_base,none,true,,valid three-class raw regions; U01 drop raw region #3; standard background/FP; no ignore region,,train,1,0,0,1,0
10.17632/gfcmdbvw65.4,v4,dataset-20260508.zip,049591afd4fc3529aedbd31ef9119f5ec0601ebcb8cbbd4a25b7e883fde147ce,d2-v4-stage2b5-v1,12_freeze_d2_protocol.py@1 + 10_prepare_d2_freeze_candidate.py@1,a587d1d3cf826ec476fe91356f472b4a1a2b78eca51376c392fc16846b825caf,1db875a1eb10d95d654d0f2d27a52815794db0d8,13436313853456744620,3589472428,70/15/15,train,IMG_7070.jpg,dataset-20260508/train/IMG_7070.jpg,dataset-20260508/train.json,original,sg-1034,gc-1018,one plain original per evidence source group; no dataset resize/offline augmentation; pipeline online only,plain_base,none,true,,valid three-class raw regions; U01 drop raw region #3; standard background/FP; no ignore region,,train,1,0,0,1,0
10.17632/gfcmdbvw65.4,v4,dataset-20260508.zip,049591afd4fc3529aedbd31ef9119f5ec0601ebcb8cbbd4a25b7e883fde147ce,d2-v4-stage2b5-v1,12_freeze_d2_protocol.py@1 + 10_prepare_d2_freeze_candidate.py@1,a587d1d3cf826ec476fe91356f472b4a1a2b78eca51376c392fc16846b825caf,1db875a1eb10d95d654d0f2d27a52815794db0d8,13436313853456744620,3589472428,70/15/15,train,IMG_7073.jpg,dataset-20260508/train/IMG_7073.jpg,dataset-20260508/train.json,original,sg-1035,gc-1019,one plain original per evidence source group; no dataset resize/offline augmentation; pipeline online only,plain_base,none,true,,valid three-class raw regions; U01 drop raw region #3; standard background/FP; no ignore region,,train,1,0,0,1,0
10.17632/gfcmdbvw65.4,v4,dataset-20260508.zip,049591afd4fc3529aedbd31ef9119f5ec0601ebcb8cbbd4a25b7e883fde147ce,d2-v4-stage2b5-v1,12_freeze_d2_protocol.py@1 + 10_prepare_d2_freeze_candidate.py@1,a587d1d3cf826ec476fe91356f472b4a1a2b78eca51376c392fc16846b825caf,1db875a1eb10d95d654d0f2d27a52815794db0d8,13436313853456744620,3589472428,70/15/15,train,IMG_7075.jpg,dataset-20260508/train/IMG_7075.jpg,dataset-20260508/train.json,original,sg-1036,gc-1020,one plain original per evidence source group; no dataset resize/offline augmentation; pipeline online only,plain_base,none,true,,valid three-class raw regions; U01 drop raw region #3; standard background/FP; no ignore region,,train,1,0,0,1,0
10.17632/gfcmdbvw65.4,v4,dataset-20260508.zip,049591afd4fc3529aedbd31ef9119f5ec0601ebcb8cbbd4a25b7e883fde147ce,d2-v4-stage2b5-v1,12_freeze_d2_protocol.py@1 + 10_prepare_d2_freeze_candidate.py@1,a587d1d3cf826ec476fe91356f472b4a1a2b78eca51376c392fc16846b825caf,1db875a1eb10d95d654d0f2d27a52815794db0d8,13436313853456744620,3589472428,70/15/15,train,IMG_7359.jpg,dataset-20260508/train/IMG_7359.jpg,dataset-20260508/train.json,original,sg-1037,gc-1021,one plain original per evidence source group; no dataset resize/offline augmentation; pipeline online only,plain_base,none,true,,valid three-class raw regions; U01 drop raw region #3; standard background/FP; no ignore region,,train,1,0,0,1,0
10.17632/gfcmdbvw65.4,v4,dataset-20260508.zip,049591afd4fc3529aedbd31ef9119f5ec0601ebcb8cbbd4a25b7e883fde147ce,d2-v4-stage2b5-v1,12_freeze_d2_protocol.py@1 + 10_prepare_d2_freeze_candidate.py@1,a587d1d3cf826ec476fe91356f472b4a1a2b78eca51376c392fc16846b825caf,1db875a1eb10d95d654d0f2d27a52815794db0d8,13436313853456744620,3589472428,70/15/15,train,IMG_7360.jpg,dataset-20260508/train/IMG_7360.jpg,dataset-20260508/train.json,original,sg-1038,gc-1022,one plain original per evidence source group; no dataset resize/offline augmentation; pipeline online only,plain_base,none,true,,valid three-class raw regions; U01 drop raw region #3; standard background/FP; no ignore region,,train,1,0,0,1,0
10.17632/gfcmdbvw65.4,v4,dataset-20260508.zip,049591afd4fc3529aedbd31ef9119f5ec0601ebcb8cbbd4a25b7e883fde147ce,d2-v4-stage2b5-v1,12_freeze_d2_protocol.py@1 + 10_prepare_d2_freeze_candidate.py@1,a587d1d3cf826ec476fe91356f472b4a1a2b78eca51376c392fc16846b825caf,1db875a1eb10d95d654d0f2d27a52815794db0d8,13436313853456744620,3589472428,70/15/15,train,IMG_7361.jpg,dataset-20260508/train/IMG_7361.jpg,dataset-20260508/train.json,original,sg-1039,gc-1023,one plain original per evidence source group; no dataset resize/offline augmentation; pipeline online only,plain_base,none,true,,valid three-class raw regions; U01 drop raw region #3; standard background/FP; no ignore region,,train,1,0,0,1,0
10.17632/gfcmdbvw65.4,v4,dataset-20260508.zip,049591afd4fc3529aedbd31ef9119f5ec0601ebcb8cbbd4a25b7e883fde147ce,d2-v4-stage2b5-v1,12_freeze_d2_protocol.py@1 + 10_prepare_d2_freeze_candidate.py@1,a587d1d3cf826ec476fe91356f472b4a1a2b78eca51376c392fc16846b825caf,1db875a1eb10d95d654d0f2d27a52815794db0d8,13436313853456744620,3589472428,70/15/15,train,IMG_7362.jpg,dataset-20260508/train/IMG_7362.jpg,dataset-20260508/train.json,original,sg-1040,gc-1024,one plain original per evidence source group; no dataset resize/offline augmentation; pipeline online only,plain_base,none,true,,valid three-class raw regions; U01 drop raw region #3; standard background/FP; no ignore region,,val,1,0,0,1,0
10.17632/gfcmdbvw65.4,v4,dataset-20260508.zip,049591afd4fc3529aedbd31ef9119f5ec0601ebcb8cbbd4a25b7e883fde147ce,d2-v4-stage2b5-v1,12_freeze_d2_protocol.py@1 + 10_prepare_d2_freeze_candidate.py@1,a587d1d3cf826ec476fe91356f472b4a1a2b78eca51376c392fc16846b825caf,1db875a1eb10d95d654d0f2d27a52815794db0d8,13436313853456744620,3589472428,70/15/15,val,107.jpg,dataset-20260508/val/107.jpg,dataset-20260508/val.json,original,sg-1041,gc-1025,one plain original per evidence source group; no dataset resize/offline augmentation; pipeline online only,plain_base,none,true,,valid three-class raw regions; U01 drop raw region #3; standard background/FP; no ignore region,,val,0,0,1,1,0
10.17632/gfcmdbvw65.4,v4,dataset-20260508.zip,049591afd4fc3529aedbd31ef9119f5ec0601ebcb8cbbd4a25b7e883fde147ce,d2-v4-stage2b5-v1,12_freeze_d2_protocol.py@1 + 10_prepare_d2_freeze_candidate.py@1,a587d1d3cf826ec476fe91356f472b4a1a2b78eca51376c392fc16846b825caf,1db875a1eb10d95d654d0f2d27a52815794db0d8,13436313853456744620,3589472428,70/15/15,val,1090.jpg,dataset-20260508/val/1090.jpg,dataset-20260508/val.json,original,sg-1042,gc-1026,one plain original per evidence source group; no dataset resize/offline augmentation; pipeline online only,plain_base,none,true,,valid three-class raw regions; U01 drop raw region #3; standard background/FP; no ignore region,,train,0,0,2,2,0
10.17632/gfcmdbvw65.4,v4,dataset-20260508.zip,049591afd4fc3529aedbd31ef9119f5ec0601ebcb8cbbd4a25b7e883fde147ce,d2-v4-stage2b5-v1,12_freeze_d2_protocol.py@1 + 10_prepare_d2_freeze_candidate.py@1,a587d1d3cf826ec476fe91356f472b4a1a2b78eca51376c392fc16846b825caf,1db875a1eb10d95d654d0f2d27a52815794db0d8,13436313853456744620,3589472428,70/15/15,val,111.jpg,dataset-20260508/val/111.jpg,dataset-20260508/val.json,original,sg-0246,gc-0245,one plain original per evidence source group; no dataset resize/offline augmentation; pipeline online only,plain_base,none,true,,valid three-class raw regions; U01 drop raw region #3; standard background/FP; no ignore region,,test,0,0,1,1,0
10.17632/gfcmdbvw65.4,v4,dataset-20260508.zip,049591afd4fc3529aedbd31ef9119f5ec0601ebcb8cbbd4a25b7e883fde147ce,d2-v4-stage2b5-v1,12_freeze_d2_protocol.py@1 + 10_prepare_d2_freeze_candidate.py@1,a587d1d3cf826ec476fe91356f472b4a1a2b78eca51376c392fc16846b825caf,1db875a1eb10d95d654d0f2d27a52815794db0d8,13436313853456744620,3589472428,70/15/15,val,1130.jpg,dataset-20260508/val/1130.jpg,dataset-20260508/val.json,original,sg-1043,gc-1027,one plain original per evidence source group; no dataset resize/offline augmentation; pipeline online only,plain_base,none,true,,valid three-class raw regions; U01 drop raw region #3; standard background/FP; no ignore region,,train,0,1,2,3,1
10.17632/gfcmdbvw65.4,v4,dataset-20260508.zip,049591afd4fc3529aedbd31ef9119f5ec0601ebcb8cbbd4a25b7e883fde147ce,d2-v4-stage2b5-v1,12_freeze_d2_protocol.py@1 + 10_prepare_d2_freeze_candidate.py@1,a587d1d3cf826ec476fe91356f472b4a1a2b78eca51376c392fc16846b825caf,1db875a1eb10d95d654d0f2d27a52815794db0d8,13436313853456744620,3589472428,70/15/15,val,114.jpg,dataset-20260508/val/114.jpg,dataset-20260508/val.json,original,sg-1044,gc-1028,one plain original per evidence source group; no dataset resize/offline augmentation; pipeline online only,plain_base,none,true,,valid three-class raw regions; U01 drop raw region #3; standard background/FP; no ignore region,,train,0,0,3,3,0
10.17632/gfcmdbvw65.4,v4,dataset-20260508.zip,049591afd4fc3529aedbd31ef9119f5ec0601ebcb8cbbd4a25b7e883fde147ce,d2-v4-stage2b5-v1,12_freeze_d2_protocol.py@1 + 10_prepare_d2_freeze_candidate.py@1,a587d1d3cf826ec476fe91356f472b4a1a2b78eca51376c392fc16846b825caf,1db875a1eb10d95d654d0f2d27a52815794db0d8,13436313853456744620,3589472428,70/15/15,val,1180.jpg,dataset-20260508/val/1180.jpg,dataset-20260508/val.json,original,sg-0249,gc-0248,one plain original per evidence source group; no dataset resize/offline augmentation; pipeline online only,plain_base,none,true,,valid three-class raw regions; U01 drop raw region #3; standard background/FP; no ignore region,,test,0,0,1,1,0
10.17632/gfcmdbvw65.4,v4,dataset-20260508.zip,049591afd4fc3529aedbd31ef9119f5ec0601ebcb8cbbd4a25b7e883fde147ce,d2-v4-stage2b5-v1,12_freeze_d2_protocol.py@1 + 10_prepare_d2_freeze_candidate.py@1,a587d1d3cf826ec476fe91356f472b4a1a2b78eca51376c392fc16846b825caf,1db875a1eb10d95d654d0f2d27a52815794db0d8,13436313853456744620,3589472428,70/15/15,val,1210.jpg,dataset-20260508/val/1210.jpg,dataset-20260508/val.json,original,sg-1045,gc-1029,one plain original per evidence source group; no dataset resize/offline augmentation; pipeline online only,plain_base,none,true,,valid three-class raw regions; U01 drop raw region #3; standard background/FP; no ignore region,,train,0,0,1,1,0
10.17632/gfcmdbvw65.4,v4,dataset-20260508.zip,049591afd4fc3529aedbd31ef9119f5ec0601ebcb8cbbd4a25b7e883fde147ce,d2-v4-stage2b5-v1,12_freeze_d2_protocol.py@1 + 10_prepare_d2_freeze_candidate.py@1,a587d1d3cf826ec476fe91356f472b4a1a2b78eca51376c392fc16846b825caf,1db875a1eb10d95d654d0f2d27a52815794db0d8,13436313853456744620,3589472428,70/15/15,val,1220.jpg,dataset-20260508/val/1220.jpg,dataset-20260508/val.json,original,sg-1046,gc-1030,one plain original per evidence source group; no dataset resize/offline augmentation; pipeline online only,plain_base,none,true,,valid three-class raw regions; U01 drop raw region #3; standard background/FP; no ignore region,,train,0,0,1,1,0
10.17632/gfcmdbvw65.4,v4,dataset-20260508.zip,049591afd4fc3529aedbd31ef9119f5ec0601ebcb8cbbd4a25b7e883fde147ce,d2-v4-stage2b5-v1,12_freeze_d2_protocol.py@1 + 10_prepare_d2_freeze_candidate.py@1,a587d1d3cf826ec476fe91356f472b4a1a2b78eca51376c392fc16846b825caf,1db875a1eb10d95d654d0f2d27a52815794db0d8,13436313853456744620,3589472428,70/15/15,val,170.jpg,dataset-20260508/val/170.jpg,dataset-20260508/val.json,original,sg-1047,gc-1031,one plain original per evidence source group; no dataset resize/offline augmentation; pipeline online only,plain_base,none,true,,valid three-class raw regions; U01 drop raw region #3; standard background/FP; no ignore region,,train,0,0,1,1,0
10.17632/gfcmdbvw65.4,v4,dataset-20260508.zip,049591afd4fc3529aedbd31ef9119f5ec0601ebcb8cbbd4a25b7e883fde147ce,d2-v4-stage2b5-v1,12_freeze_d2_protocol.py@1 + 10_prepare_d2_freeze_candidate.py@1,a587d1d3cf826ec476fe91356f472b4a1a2b78eca51376c392fc16846b825caf,1db875a1eb10d95d654d0f2d27a52815794db0d8,13436313853456744620,3589472428,70/15/15,val,1870.jpg,dataset-20260508/val/1870.jpg,dataset-20260508/val.json,original,sg-1048,gc-1032,one plain original per evidence source group; no dataset resize/offline augmentation; pipeline online only,plain_base,none,true,,valid three-class raw regions; U01 drop raw region #3; standard background/FP; no ignore region,,train,1,0,0,1,0
10.17632/gfcmdbvw65.4,v4,dataset-20260508.zip,049591afd4fc3529aedbd31ef9119f5ec0601ebcb8cbbd4a25b7e883fde147ce,d2-v4-stage2b5-v1,12_freeze_d2_protocol.py@1 + 10_prepare_d2_freeze_candidate.py@1,a587d1d3cf826ec476fe91356f472b4a1a2b78eca51376c392fc16846b825caf,1db875a1eb10d95d654d0f2d27a52815794db0d8,13436313853456744620,3589472428,70/15/15,val,22000.jpg,dataset-20260508/val/22000.jpg,dataset-20260508/val.json,original,sg-1049,gc-1033,one plain original per evidence source group; no dataset resize/offline augmentation; pipeline online only,plain_base,none,true,,valid three-class raw regions; U01 drop raw region #3; standard background/FP; no ignore region,,val,0,0,5,5,0
10.17632/gfcmdbvw65.4,v4,dataset-20260508.zip,049591afd4fc3529aedbd31ef9119f5ec0601ebcb8cbbd4a25b7e883fde147ce,d2-v4-stage2b5-v1,12_freeze_d2_protocol.py@1 + 10_prepare_d2_freeze_candidate.py@1,a587d1d3cf826ec476fe91356f472b4a1a2b78eca51376c392fc16846b825caf,1db875a1eb10d95d654d0f2d27a52815794db0d8,13436313853456744620,3589472428,70/15/15,val,3210.jpg,dataset-20260508/val/3210.jpg,dataset-20260508/val.json,original,sg-1050,gc-1034,one plain original per evidence source group; no dataset resize/offline augmentation; pipeline online only,plain_base,none,true,,valid three-class raw regions; U01 drop raw region #3; standard background/FP; no ignore region,,train,0,0,1,1,0
10.17632/gfcmdbvw65.4,v4,dataset-20260508.zip,049591afd4fc3529aedbd31ef9119f5ec0601ebcb8cbbd4a25b7e883fde147ce,d2-v4-stage2b5-v1,12_freeze_d2_protocol.py@1 + 10_prepare_d2_freeze_candidate.py@1,a587d1d3cf826ec476fe91356f472b4a1a2b78eca51376c392fc16846b825caf,1db875a1eb10d95d654d0f2d27a52815794db0d8,13436313853456744620,3589472428,70/15/15,val,3310.jpg,dataset-20260508/val/3310.jpg,dataset-20260508/val.json,original,sg-1051,gc-1035,one plain original per evidence source group; no dataset resize/offline augmentation; pipeline online only,plain_base,none,true,,valid three-class raw regions; U01 drop raw region #3; standard background/FP; no ignore region,,train,0,0,1,1,0
10.17632/gfcmdbvw65.4,v4,dataset-20260508.zip,049591afd4fc3529aedbd31ef9119f5ec0601ebcb8cbbd4a25b7e883fde147ce,d2-v4-stage2b5-v1,12_freeze_d2_protocol.py@1 + 10_prepare_d2_freeze_candidate.py@1,a587d1d3cf826ec476fe91356f472b4a1a2b78eca51376c392fc16846b825caf,1db875a1eb10d95d654d0f2d27a52815794db0d8,13436313853456744620,3589472428,70/15/15,val,3320.jpg,dataset-20260508/val/3320.jpg,dataset-20260508/val.json,original,sg-1052,gc-1036,one plain original per evidence source group; no dataset resize/offline augmentation; pipeline online only,plain_base,none,true,,valid three-class raw regions; U01 drop raw region #3; standard background/FP; no ignore region,,test,0,0,2,2,0
10.17632/gfcmdbvw65.4,v4,dataset-20260508.zip,049591afd4fc3529aedbd31ef9119f5ec0601ebcb8cbbd4a25b7e883fde147ce,d2-v4-stage2b5-v1,12_freeze_d2_protocol.py@1 + 10_prepare_d2_freeze_candidate.py@1,a587d1d3cf826ec476fe91356f472b4a1a2b78eca51376c392fc16846b825caf,1db875a1eb10d95d654d0f2d27a52815794db0d8,13436313853456744620,3589472428,70/15/15,val,336.jpg,dataset-20260508/val/336.jpg,dataset-20260508/val.json,original,sg-1053,gc-1037,one plain original per evidence source group; no dataset resize/offline augmentation; pipeline online only,plain_base,none,true,,valid three-class raw regions; U01 drop raw region #3; standard background/FP; no ignore region,,test,0,0,1,1,0
10.17632/gfcmdbvw65.4,v4,dataset-20260508.zip,049591afd4fc3529aedbd31ef9119f5ec0601ebcb8cbbd4a25b7e883fde147ce,d2-v4-stage2b5-v1,12_freeze_d2_protocol.py@1 + 10_prepare_d2_freeze_candidate.py@1,a587d1d3cf826ec476fe91356f472b4a1a2b78eca51376c392fc16846b825caf,1db875a1eb10d95d654d0f2d27a52815794db0d8,13436313853456744620,3589472428,70/15/15,val,340.jpg,dataset-20260508/val/340.jpg,dataset-20260508/val.json,original,sg-1054,gc-1038,one plain original per evidence source group; no dataset resize/offline augmentation; pipeline online only,plain_base,none,true,,valid three-class raw regions; U01 drop raw region #3; standard background/FP; no ignore region,,train,0,0,1,1,0
10.17632/gfcmdbvw65.4,v4,dataset-20260508.zip,049591afd4fc3529aedbd31ef9119f5ec0601ebcb8cbbd4a25b7e883fde147ce,d2-v4-stage2b5-v1,12_freeze_d2_protocol.py@1 + 10_prepare_d2_freeze_candidate.py@1,a587d1d3cf826ec476fe91356f472b4a1a2b78eca51376c392fc16846b825caf,1db875a1eb10d95d654d0f2d27a52815794db0d8,13436313853456744620,3589472428,70/15/15,val,3450.jpg,dataset-20260508/val/3450.jpg,dataset-20260508/val.json,original,sg-1055,gc-1039,one plain original per evidence source group; no dataset resize/offline augmentation; pipeline online only,plain_base,none,true,,valid three-class raw regions; U01 drop raw region #3; standard background/FP; no ignore region,,train,0,2,1,3,1
10.17632/gfcmdbvw65.4,v4,dataset-20260508.zip,049591afd4fc3529aedbd31ef9119f5ec0601ebcb8cbbd4a25b7e883fde147ce,d2-v4-stage2b5-v1,12_freeze_d2_protocol.py@1 + 10_prepare_d2_freeze_candidate.py@1,a587d1d3cf826ec476fe91356f472b4a1a2b78eca51376c392fc16846b825caf,1db875a1eb10d95d654d0f2d27a52815794db0d8,13436313853456744620,3589472428,70/15/15,val,3460.jpg,dataset-20260508/val/3460.jpg,dataset-20260508/val.json,original,sg-1056,gc-1040,one plain original per evidence source group; no dataset resize/offline augmentation; pipeline online only,plain_base,none,true,,valid three-class raw regions; U01 drop raw region #3; standard background/FP; no ignore region,,val,0,0,4,4,0
10.17632/gfcmdbvw65.4,v4,dataset-20260508.zip,049591afd4fc3529aedbd31ef9119f5ec0601ebcb8cbbd4a25b7e883fde147ce,d2-v4-stage2b5-v1,12_freeze_d2_protocol.py@1 + 10_prepare_d2_freeze_candidate.py@1,a587d1d3cf826ec476fe91356f472b4a1a2b78eca51376c392fc16846b825caf,1db875a1eb10d95d654d0f2d27a52815794db0d8,13436313853456744620,3589472428,70/15/15,val,3720.jpg,dataset-20260508/val/3720.jpg,dataset-20260508/val.json,original,sg-1057,gc-1041,one plain original per evidence source group; no dataset resize/offline augmentation; pipeline online only,plain_base,none,true,,valid three-class raw regions; U01 drop raw region #3; standard background/FP; no ignore region,,test,3,0,0,3,0
10.17632/gfcmdbvw65.4,v4,dataset-20260508.zip,049591afd4fc3529aedbd31ef9119f5ec0601ebcb8cbbd4a25b7e883fde147ce,d2-v4-stage2b5-v1,12_freeze_d2_protocol.py@1 + 10_prepare_d2_freeze_candidate.py@1,a587d1d3cf826ec476fe91356f472b4a1a2b78eca51376c392fc16846b825caf,1db875a1eb10d95d654d0f2d27a52815794db0d8,13436313853456744620,3589472428,70/15/15,val,379.jpg,dataset-20260508/val/379.jpg,dataset-20260508/val.json,original,sg-1058,gc-1042,one plain original per evidence source group; no dataset resize/offline augmentation; pipeline online only,plain_base,none,true,,valid three-class raw regions; U01 drop raw region #3; standard background/FP; no ignore region,,train,1,0,0,1,0
10.17632/gfcmdbvw65.4,v4,dataset-20260508.zip,049591afd4fc3529aedbd31ef9119f5ec0601ebcb8cbbd4a25b7e883fde147ce,d2-v4-stage2b5-v1,12_freeze_d2_protocol.py@1 + 10_prepare_d2_freeze_candidate.py@1,a587d1d3cf826ec476fe91356f472b4a1a2b78eca51376c392fc16846b825caf,1db875a1eb10d95d654d0f2d27a52815794db0d8,13436313853456744620,3589472428,70/15/15,val,3810.jpg,dataset-20260508/val/3810.jpg,dataset-20260508/val.json,original,sg-1059,gc-1043,one plain original per evidence source group; no dataset resize/offline augmentation; pipeline online only,plain_base,none,true,,valid three-class raw regions; U01 drop raw region #3; standard background/FP; no ignore region,,train,2,0,0,2,0
10.17632/gfcmdbvw65.4,v4,dataset-20260508.zip,049591afd4fc3529aedbd31ef9119f5ec0601ebcb8cbbd4a25b7e883fde147ce,d2-v4-stage2b5-v1,12_freeze_d2_protocol.py@1 + 10_prepare_d2_freeze_candidate.py@1,a587d1d3cf826ec476fe91356f472b4a1a2b78eca51376c392fc16846b825caf,1db875a1eb10d95d654d0f2d27a52815794db0d8,13436313853456744620,3589472428,70/15/15,val,384.jpg,dataset-20260508/val/384.jpg,dataset-20260508/val.json,original,sg-1060,gc-1044,one plain original per evidence source group; no dataset resize/offline augmentation; pipeline online only,plain_base,none,true,,valid three-class raw regions; U01 drop raw region #3; standard background/FP; no ignore region,,val,1,0,0,1,0
10.17632/gfcmdbvw65.4,v4,dataset-20260508.zip,049591afd4fc3529aedbd31ef9119f5ec0601ebcb8cbbd4a25b7e883fde147ce,d2-v4-stage2b5-v1,12_freeze_d2_protocol.py@1 + 10_prepare_d2_freeze_candidate.py@1,a587d1d3cf826ec476fe91356f472b4a1a2b78eca51376c392fc16846b825caf,1db875a1eb10d95d654d0f2d27a52815794db0d8,13436313853456744620,3589472428,70/15/15,val,385.jpg,dataset-20260508/val/385.jpg,dataset-20260508/val.json,original,sg-1061,gc-1045,one plain original per evidence source group; no dataset resize/offline augmentation; pipeline online only,plain_base,none,true,,valid three-class raw regions; U01 drop raw region #3; standard background/FP; no ignore region,,train,1,0,0,1,0
10.17632/gfcmdbvw65.4,v4,dataset-20260508.zip,049591afd4fc3529aedbd31ef9119f5ec0601ebcb8cbbd4a25b7e883fde147ce,d2-v4-stage2b5-v1,12_freeze_d2_protocol.py@1 + 10_prepare_d2_freeze_candidate.py@1,a587d1d3cf826ec476fe91356f472b4a1a2b78eca51376c392fc16846b825caf,1db875a1eb10d95d654d0f2d27a52815794db0d8,13436313853456744620,3589472428,70/15/15,val,3860.jpg,dataset-20260508/val/3860.jpg,dataset-20260508/val.json,original,sg-1062,gc-1046,one plain original per evidence source group; no dataset resize/offline augmentation; pipeline online only,plain_base,none,true,,valid three-class raw regions; U01 drop raw region #3; standard background/FP; no ignore region,,train,2,0,0,2,0
10.17632/gfcmdbvw65.4,v4,dataset-20260508.zip,049591afd4fc3529aedbd31ef9119f5ec0601ebcb8cbbd4a25b7e883fde147ce,d2-v4-stage2b5-v1,12_freeze_d2_protocol.py@1 + 10_prepare_d2_freeze_candidate.py@1,a587d1d3cf826ec476fe91356f472b4a1a2b78eca51376c392fc16846b825caf,1db875a1eb10d95d654d0f2d27a52815794db0d8,13436313853456744620,3589472428,70/15/15,val,3870.jpg,dataset-20260508/val/3870.jpg,dataset-20260508/val.json,original,sg-1063,gc-1047,one plain original per evidence source group; no dataset resize/offline augmentation; pipeline online only,plain_base,none,true,,valid three-class raw regions; U01 drop raw region #3; standard background/FP; no ignore region,,test,1,0,0,1,0
10.17632/gfcmdbvw65.4,v4,dataset-20260508.zip,049591afd4fc3529aedbd31ef9119f5ec0601ebcb8cbbd4a25b7e883fde147ce,d2-v4-stage2b5-v1,12_freeze_d2_protocol.py@1 + 10_prepare_d2_freeze_candidate.py@1,a587d1d3cf826ec476fe91356f472b4a1a2b78eca51376c392fc16846b825caf,1db875a1eb10d95d654d0f2d27a52815794db0d8,13436313853456744620,3589472428,70/15/15,val,3880.jpg,dataset-20260508/val/3880.jpg,dataset-20260508/val.json,original,sg-1064,gc-1048,one plain original per evidence source group; no dataset resize/offline augmentation; pipeline online only,plain_base,none,true,,valid three-class raw regions; U01 drop raw region #3; standard background/FP; no ignore region,,train,1,0,0,1,0
10.17632/gfcmdbvw65.4,v4,dataset-20260508.zip,049591afd4fc3529aedbd31ef9119f5ec0601ebcb8cbbd4a25b7e883fde147ce,d2-v4-stage2b5-v1,12_freeze_d2_protocol.py@1 + 10_prepare_d2_freeze_candidate.py@1,a587d1d3cf826ec476fe91356f472b4a1a2b78eca51376c392fc16846b825caf,1db875a1eb10d95d654d0f2d27a52815794db0d8,13436313853456744620,3589472428,70/15/15,val,397.jpg,dataset-20260508/val/397.jpg,dataset-20260508/val.json,original,sg-1065,gc-1049,one plain original per evidence source group; no dataset resize/offline augmentation; pipeline online only,plain_base,none,true,,valid three-class raw regions; U01 drop raw region #3; standard background/FP; no ignore region,,test,2,0,0,2,0
10.17632/gfcmdbvw65.4,v4,dataset-20260508.zip,049591afd4fc3529aedbd31ef9119f5ec0601ebcb8cbbd4a25b7e883fde147ce,d2-v4-stage2b5-v1,12_freeze_d2_protocol.py@1 + 10_prepare_d2_freeze_candidate.py@1,a587d1d3cf826ec476fe91356f472b4a1a2b78eca51376c392fc16846b825caf,1db875a1eb10d95d654d0f2d27a52815794db0d8,13436313853456744620,3589472428,70/15/15,val,411.jpg,dataset-20260508/val/411.jpg,dataset-20260508/val.json,original,sg-1066,gc-1050,one plain original per evidence source group; no dataset resize/offline augmentation; pipeline online only,plain_base,none,true,,valid three-class raw regions; U01 drop raw region #3; standard background/FP; no ignore region,,val,0,0,2,2,0
10.17632/gfcmdbvw65.4,v4,dataset-20260508.zip,049591afd4fc3529aedbd31ef9119f5ec0601ebcb8cbbd4a25b7e883fde147ce,d2-v4-stage2b5-v1,12_freeze_d2_protocol.py@1 + 10_prepare_d2_freeze_candidate.py@1,a587d1d3cf826ec476fe91356f472b4a1a2b78eca51376c392fc16846b825caf,1db875a1eb10d95d654d0f2d27a52815794db0d8,13436313853456744620,3589472428,70/15/15,val,4141.jpg,dataset-20260508/val/4141.jpg,dataset-20260508/val.json,original,sg-1067,gc-1051,one plain original per evidence source group; no dataset resize/offline augmentation; pipeline online only,plain_base,none,true,,valid three-class raw regions; U01 drop raw region #3; standard background/FP; no ignore region,,train,2,0,0,2,0
10.17632/gfcmdbvw65.4,v4,dataset-20260508.zip,049591afd4fc3529aedbd31ef9119f5ec0601ebcb8cbbd4a25b7e883fde147ce,d2-v4-stage2b5-v1,12_freeze_d2_protocol.py@1 + 10_prepare_d2_freeze_candidate.py@1,a587d1d3cf826ec476fe91356f472b4a1a2b78eca51376c392fc16846b825caf,1db875a1eb10d95d654d0f2d27a52815794db0d8,13436313853456744620,3589472428,70/15/15,val,416.jpg,dataset-20260508/val/416.jpg,dataset-20260508/val.json,original,sg-1068,gc-1052,one plain original per evidence source group; no dataset resize/offline augmentation; pipeline online only,plain_base,none,true,,valid three-class raw regions; U01 drop raw region #3; standard background/FP; no ignore region,,test,2,0,0,2,0
10.17632/gfcmdbvw65.4,v4,dataset-20260508.zip,049591afd4fc3529aedbd31ef9119f5ec0601ebcb8cbbd4a25b7e883fde147ce,d2-v4-stage2b5-v1,12_freeze_d2_protocol.py@1 + 10_prepare_d2_freeze_candidate.py@1,a587d1d3cf826ec476fe91356f472b4a1a2b78eca51376c392fc16846b825caf,1db875a1eb10d95d654d0f2d27a52815794db0d8,13436313853456744620,3589472428,70/15/15,val,78.jpg,dataset-20260508/val/78.jpg,dataset-20260508/val.json,original,sg-1069,gc-1053,one plain original per evidence source group; no dataset resize/offline augmentation; pipeline online only,plain_base,none,true,,valid three-class raw regions; U01 drop raw region #3; standard background/FP; no ignore region,,train,0,0,2,2,0
10.17632/gfcmdbvw65.4,v4,dataset-20260508.zip,049591afd4fc3529aedbd31ef9119f5ec0601ebcb8cbbd4a25b7e883fde147ce,d2-v4-stage2b5-v1,12_freeze_d2_protocol.py@1 + 10_prepare_d2_freeze_candidate.py@1,a587d1d3cf826ec476fe91356f472b4a1a2b78eca51376c392fc16846b825caf,1db875a1eb10d95d654d0f2d27a52815794db0d8,13436313853456744620,3589472428,70/15/15,val,79.jpg,dataset-20260508/val/79.jpg,dataset-20260508/val.json,original,sg-1070,gc-1054,one plain original per evidence source group; no dataset resize/offline augmentation; pipeline online only,plain_base,none,true,,valid three-class raw regions; U01 drop raw region #3; standard background/FP; no ignore region,,train,0,0,2,2,0
10.17632/gfcmdbvw65.4,v4,dataset-20260508.zip,049591afd4fc3529aedbd31ef9119f5ec0601ebcb8cbbd4a25b7e883fde147ce,d2-v4-stage2b5-v1,12_freeze_d2_protocol.py@1 + 10_prepare_d2_freeze_candidate.py@1,a587d1d3cf826ec476fe91356f472b4a1a2b78eca51376c392fc16846b825caf,1db875a1eb10d95d654d0f2d27a52815794db0d8,13436313853456744620,3589472428,70/15/15,val,8100.jpg,dataset-20260508/val/8100.jpg,dataset-20260508/val.json,original,sg-1071,gc-1055,one plain original per evidence source group; no dataset resize/offline augmentation; pipeline online only,plain_base,none,true,,valid three-class raw regions; U01 drop raw region #3; standard background/FP; no ignore region,,train,0,0,3,3,0
10.17632/gfcmdbvw65.4,v4,dataset-20260508.zip,049591afd4fc3529aedbd31ef9119f5ec0601ebcb8cbbd4a25b7e883fde147ce,d2-v4-stage2b5-v1,12_freeze_d2_protocol.py@1 + 10_prepare_d2_freeze_candidate.py@1,a587d1d3cf826ec476fe91356f472b4a1a2b78eca51376c392fc16846b825caf,1db875a1eb10d95d654d0f2d27a52815794db0d8,13436313853456744620,3589472428,70/15/15,val,IMG_12330.jpg,dataset-20260508/val/IMG_12330.jpg,dataset-20260508/val.json,original,sg-1072,gc-1056,one plain original per evidence source group; no dataset resize/offline augmentation; pipeline online only,plain_base,none,true,,valid three-class raw regions; U01 drop raw region #3; standard background/FP; no ignore region,,train,0,0,1,1,0
10.17632/gfcmdbvw65.4,v4,dataset-20260508.zip,049591afd4fc3529aedbd31ef9119f5ec0601ebcb8cbbd4a25b7e883fde147ce,d2-v4-stage2b5-v1,12_freeze_d2_protocol.py@1 + 10_prepare_d2_freeze_candidate.py@1,a587d1d3cf826ec476fe91356f472b4a1a2b78eca51376c392fc16846b825caf,1db875a1eb10d95d654d0f2d27a52815794db0d8,13436313853456744620,3589472428,70/15/15,val,IMG_12400.jpg,dataset-20260508/val/IMG_12400.jpg,dataset-20260508/val.json,original,sg-0488,gc-0474,one plain original per evidence source group; no dataset resize/offline augmentation; pipeline online only,plain_base,none,true,,valid three-class raw regions; U01 drop raw region #3; standard background/FP; no ignore region,,train,0,0,2,2,0
10.17632/gfcmdbvw65.4,v4,dataset-20260508.zip,049591afd4fc3529aedbd31ef9119f5ec0601ebcb8cbbd4a25b7e883fde147ce,d2-v4-stage2b5-v1,12_freeze_d2_protocol.py@1 + 10_prepare_d2_freeze_candidate.py@1,a587d1d3cf826ec476fe91356f472b4a1a2b78eca51376c392fc16846b825caf,1db875a1eb10d95d654d0f2d27a52815794db0d8,13436313853456744620,3589472428,70/15/15,val,IMG_12460.jpg,dataset-20260508/val/IMG_12460.jpg,dataset-20260508/val.json,original,sg-0493,gc-0479,one plain original per evidence source group; no dataset resize/offline augmentation; pipeline online only,plain_base,none,true,,valid three-class raw regions; U01 drop raw region #3; standard background/FP; no ignore region,,train,0,0,1,1,0
10.17632/gfcmdbvw65.4,v4,dataset-20260508.zip,049591afd4fc3529aedbd31ef9119f5ec0601ebcb8cbbd4a25b7e883fde147ce,d2-v4-stage2b5-v1,12_freeze_d2_protocol.py@1 + 10_prepare_d2_freeze_candidate.py@1,a587d1d3cf826ec476fe91356f472b4a1a2b78eca51376c392fc16846b825caf,1db875a1eb10d95d654d0f2d27a52815794db0d8,13436313853456744620,3589472428,70/15/15,val,IMG_12590.jpg,dataset-20260508/val/IMG_12590.jpg,dataset-20260508/val.json,original,sg-1073,gc-1057,one plain original per evidence source group; no dataset resize/offline augmentation; pipeline online only,plain_base,none,true,,valid three-class raw regions; U01 drop raw region #3; standard background/FP; no ignore region,,test,0,0,1,1,0
10.17632/gfcmdbvw65.4,v4,dataset-20260508.zip,049591afd4fc3529aedbd31ef9119f5ec0601ebcb8cbbd4a25b7e883fde147ce,d2-v4-stage2b5-v1,12_freeze_d2_protocol.py@1 + 10_prepare_d2_freeze_candidate.py@1,a587d1d3cf826ec476fe91356f472b4a1a2b78eca51376c392fc16846b825caf,1db875a1eb10d95d654d0f2d27a52815794db0d8,13436313853456744620,3589472428,70/15/15,val,IMG_1260.jpg,dataset-20260508/val/IMG_1260.jpg,dataset-20260508/val.json,original,sg-1074,gc-1058,one plain original per evidence source group; no dataset resize/offline augmentation; pipeline online only,plain_base,none,true,,valid three-class raw regions; U01 drop raw region #3; standard background/FP; no ignore region,,train,0,0,1,1,0
10.17632/gfcmdbvw65.4,v4,dataset-20260508.zip,049591afd4fc3529aedbd31ef9119f5ec0601ebcb8cbbd4a25b7e883fde147ce,d2-v4-stage2b5-v1,12_freeze_d2_protocol.py@1 + 10_prepare_d2_freeze_candidate.py@1,a587d1d3cf826ec476fe91356f472b4a1a2b78eca51376c392fc16846b825caf,1db875a1eb10d95d654d0f2d27a52815794db0d8,13436313853456744620,3589472428,70/15/15,val,IMG_12650.jpg,dataset-20260508/val/IMG_12650.jpg,dataset-20260508/val.json,original,sg-1075,gc-1059,one plain original per evidence source group; no dataset resize/offline augmentation; pipeline online only,plain_base,none,true,,valid three-class raw regions; U01 drop raw region #3; standard background/FP; no ignore region,,train,0,0,1,1,0
10.17632/gfcmdbvw65.4,v4,dataset-20260508.zip,049591afd4fc3529aedbd31ef9119f5ec0601ebcb8cbbd4a25b7e883fde147ce,d2-v4-stage2b5-v1,12_freeze_d2_protocol.py@1 + 10_prepare_d2_freeze_candidate.py@1,a587d1d3cf826ec476fe91356f472b4a1a2b78eca51376c392fc16846b825caf,1db875a1eb10d95d654d0f2d27a52815794db0d8,13436313853456744620,3589472428,70/15/15,val,IMG_12720.jpg,dataset-20260508/val/IMG_12720.jpg,dataset-20260508/val.json,original,sg-1076,gc-1060,one plain original per evidence source group; no dataset resize/offline augmentation; pipeline online only,plain_base,none,true,,valid three-class raw regions; U01 drop raw region #3; standard background/FP; no ignore region,,train,0,0,1,1,0
10.17632/gfcmdbvw65.4,v4,dataset-20260508.zip,049591afd4fc3529aedbd31ef9119f5ec0601ebcb8cbbd4a25b7e883fde147ce,d2-v4-stage2b5-v1,12_freeze_d2_protocol.py@1 + 10_prepare_d2_freeze_candidate.py@1,a587d1d3cf826ec476fe91356f472b4a1a2b78eca51376c392fc16846b825caf,1db875a1eb10d95d654d0f2d27a52815794db0d8,13436313853456744620,3589472428,70/15/15,val,IMG_12810.jpg,dataset-20260508/val/IMG_12810.jpg,dataset-20260508/val.json,original,sg-0515,gc-0500,one plain original per evidence source group; no dataset resize/offline augmentation; pipeline online only,plain_base,none,true,,valid three-class raw regions; U01 drop raw region #3; standard background/FP; no ignore region,,train,0,0,1,1,0
10.17632/gfcmdbvw65.4,v4,dataset-20260508.zip,049591afd4fc3529aedbd31ef9119f5ec0601ebcb8cbbd4a25b7e883fde147ce,d2-v4-stage2b5-v1,12_freeze_d2_protocol.py@1 + 10_prepare_d2_freeze_candidate.py@1,a587d1d3cf826ec476fe91356f472b4a1a2b78eca51376c392fc16846b825caf,1db875a1eb10d95d654d0f2d27a52815794db0d8,13436313853456744620,3589472428,70/15/15,val,IMG_13180.jpg,dataset-20260508/val/IMG_13180.jpg,dataset-20260508/val.json,original,sg-1077,gc-1061,one plain original per evidence source group; no dataset resize/offline augmentation; pipeline online only,plain_base,none,true,,valid three-class raw regions; U01 drop raw region #3; standard background/FP; no ignore region,,val,0,0,1,1,0
10.17632/gfcmdbvw65.4,v4,dataset-20260508.zip,049591afd4fc3529aedbd31ef9119f5ec0601ebcb8cbbd4a25b7e883fde147ce,d2-v4-stage2b5-v1,12_freeze_d2_protocol.py@1 + 10_prepare_d2_freeze_candidate.py@1,a587d1d3cf826ec476fe91356f472b4a1a2b78eca51376c392fc16846b825caf,1db875a1eb10d95d654d0f2d27a52815794db0d8,13436313853456744620,3589472428,70/15/15,val,IMG_13220.jpg,dataset-20260508/val/IMG_13220.jpg,dataset-20260508/val.json,original,sg-1078,gc-1062,one plain original per evidence source group; no dataset resize/offline augmentation; pipeline online only,plain_base,none,true,,valid three-class raw regions; U01 drop raw region #3; standard background/FP; no ignore region,,train,0,0,1,1,0
10.17632/gfcmdbvw65.4,v4,dataset-20260508.zip,049591afd4fc3529aedbd31ef9119f5ec0601ebcb8cbbd4a25b7e883fde147ce,d2-v4-stage2b5-v1,12_freeze_d2_protocol.py@1 + 10_prepare_d2_freeze_candidate.py@1,a587d1d3cf826ec476fe91356f472b4a1a2b78eca51376c392fc16846b825caf,1db875a1eb10d95d654d0f2d27a52815794db0d8,13436313853456744620,3589472428,70/15/15,val,IMG_13380.jpg,dataset-20260508/val/IMG_13380.jpg,dataset-20260508/val.json,original,sg-1079,gc-1063,one plain original per evidence source group; no dataset resize/offline augmentation; pipeline online only,plain_base,none,true,,valid three-class raw regions; U01 drop raw region #3; standard background/FP; no ignore region,,val,0,0,1,1,0
10.17632/gfcmdbvw65.4,v4,dataset-20260508.zip,049591afd4fc3529aedbd31ef9119f5ec0601ebcb8cbbd4a25b7e883fde147ce,d2-v4-stage2b5-v1,12_freeze_d2_protocol.py@1 + 10_prepare_d2_freeze_candidate.py@1,a587d1d3cf826ec476fe91356f472b4a1a2b78eca51376c392fc16846b825caf,1db875a1eb10d95d654d0f2d27a52815794db0d8,13436313853456744620,3589472428,70/15/15,val,IMG_13700.jpg,dataset-20260508/val/IMG_13700.jpg,dataset-20260508/val.json,original,sg-0570,gc-0555,one plain original per evidence source group; no dataset resize/offline augmentation; pipeline online only,plain_base,none,true,,valid three-class raw regions; U01 drop raw region #3; standard background/FP; no ignore region,,test,0,0,1,1,0
10.17632/gfcmdbvw65.4,v4,dataset-20260508.zip,049591afd4fc3529aedbd31ef9119f5ec0601ebcb8cbbd4a25b7e883fde147ce,d2-v4-stage2b5-v1,12_freeze_d2_protocol.py@1 + 10_prepare_d2_freeze_candidate.py@1,a587d1d3cf826ec476fe91356f472b4a1a2b78eca51376c392fc16846b825caf,1db875a1eb10d95d654d0f2d27a52815794db0d8,13436313853456744620,3589472428,70/15/15,val,IMG_1381.jpg,dataset-20260508/val/IMG_1381.jpg,dataset-20260508/val.json,original,sg-0577,gc-0562,one plain original per evidence source group; no dataset resize/offline augmentation; pipeline online only,plain_base,none,true,,valid three-class raw regions; U01 drop raw region #3; standard background/FP; no ignore region,,val,0,0,2,2,0
10.17632/gfcmdbvw65.4,v4,dataset-20260508.zip,049591afd4fc3529aedbd31ef9119f5ec0601ebcb8cbbd4a25b7e883fde147ce,d2-v4-stage2b5-v1,12_freeze_d2_protocol.py@1 + 10_prepare_d2_freeze_candidate.py@1,a587d1d3cf826ec476fe91356f472b4a1a2b78eca51376c392fc16846b825caf,1db875a1eb10d95d654d0f2d27a52815794db0d8,13436313853456744620,3589472428,70/15/15,val,IMG_13930.jpg,dataset-20260508/val/IMG_13930.jpg,dataset-20260508/val.json,original,sg-0582,gc-0567,one plain original per evidence source group; no dataset resize/offline augmentation; pipeline online only,plain_base,none,true,,valid three-class raw regions; U01 drop raw region #3; standard background/FP; no ignore region,,train,0,0,1,1,0
10.17632/gfcmdbvw65.4,v4,dataset-20260508.zip,049591afd4fc3529aedbd31ef9119f5ec0601ebcb8cbbd4a25b7e883fde147ce,d2-v4-stage2b5-v1,12_freeze_d2_protocol.py@1 + 10_prepare_d2_freeze_candidate.py@1,a587d1d3cf826ec476fe91356f472b4a1a2b78eca51376c392fc16846b825caf,1db875a1eb10d95d654d0f2d27a52815794db0d8,13436313853456744620,3589472428,70/15/15,val,IMG_13960.jpg,dataset-20260508/val/IMG_13960.jpg,dataset-20260508/val.json,original,sg-0583,gc-0568,one plain original per evidence source group; no dataset resize/offline augmentation; pipeline online only,plain_base,none,true,,valid three-class raw regions; U01 drop raw region #3; standard background/FP; no ignore region,,val,0,0,1,1,0
10.17632/gfcmdbvw65.4,v4,dataset-20260508.zip,049591afd4fc3529aedbd31ef9119f5ec0601ebcb8cbbd4a25b7e883fde147ce,d2-v4-stage2b5-v1,12_freeze_d2_protocol.py@1 + 10_prepare_d2_freeze_candidate.py@1,a587d1d3cf826ec476fe91356f472b4a1a2b78eca51376c392fc16846b825caf,1db875a1eb10d95d654d0f2d27a52815794db0d8,13436313853456744620,3589472428,70/15/15,val,IMG_14040.jpg,dataset-20260508/val/IMG_14040.jpg,dataset-20260508/val.json,original,sg-0588,gc-0573,one plain original per evidence source group; no dataset resize/offline augmentation; pipeline online only,plain_base,none,true,,valid three-class raw regions; U01 drop raw region #3; standard background/FP; no ignore region,,train,0,0,1,1,0
10.17632/gfcmdbvw65.4,v4,dataset-20260508.zip,049591afd4fc3529aedbd31ef9119f5ec0601ebcb8cbbd4a25b7e883fde147ce,d2-v4-stage2b5-v1,12_freeze_d2_protocol.py@1 + 10_prepare_d2_freeze_candidate.py@1,a587d1d3cf826ec476fe91356f472b4a1a2b78eca51376c392fc16846b825caf,1db875a1eb10d95d654d0f2d27a52815794db0d8,13436313853456744620,3589472428,70/15/15,val,IMG_1459.jpg,dataset-20260508/val/IMG_1459.jpg,dataset-20260508/val.json,original,sg-1080,gc-1064,one plain original per evidence source group; no dataset resize/offline augmentation; pipeline online only,plain_base,none,true,,valid three-class raw regions; U01 drop raw region #3; standard background/FP; no ignore region,,train,1,0,0,1,0
10.17632/gfcmdbvw65.4,v4,dataset-20260508.zip,049591afd4fc3529aedbd31ef9119f5ec0601ebcb8cbbd4a25b7e883fde147ce,d2-v4-stage2b5-v1,12_freeze_d2_protocol.py@1 + 10_prepare_d2_freeze_candidate.py@1,a587d1d3cf826ec476fe91356f472b4a1a2b78eca51376c392fc16846b825caf,1db875a1eb10d95d654d0f2d27a52815794db0d8,13436313853456744620,3589472428,70/15/15,val,IMG_1460.jpg,dataset-20260508/val/IMG_1460.jpg,dataset-20260508/val.json,original,sg-1081,gc-1065,one plain original per evidence source group; no dataset resize/offline augmentation; pipeline online only,plain_base,none,true,,valid three-class raw regions; U01 drop raw region #3; standard background/FP; no ignore region,,train,1,0,0,1,0
10.17632/gfcmdbvw65.4,v4,dataset-20260508.zip,049591afd4fc3529aedbd31ef9119f5ec0601ebcb8cbbd4a25b7e883fde147ce,d2-v4-stage2b5-v1,12_freeze_d2_protocol.py@1 + 10_prepare_d2_freeze_candidate.py@1,a587d1d3cf826ec476fe91356f472b4a1a2b78eca51376c392fc16846b825caf,1db875a1eb10d95d654d0f2d27a52815794db0d8,13436313853456744620,3589472428,70/15/15,val,IMG_5385.jpg,dataset-20260508/val/IMG_5385.jpg,dataset-20260508/val.json,original,sg-1082,gc-1066,one plain original per evidence source group; no dataset resize/offline augmentation; pipeline online only,plain_base,none,true,,valid three-class raw regions; U01 drop raw region #3; standard background/FP; no ignore region,,train,1,0,0,1,0
10.17632/gfcmdbvw65.4,v4,dataset-20260508.zip,049591afd4fc3529aedbd31ef9119f5ec0601ebcb8cbbd4a25b7e883fde147ce,d2-v4-stage2b5-v1,12_freeze_d2_protocol.py@1 + 10_prepare_d2_freeze_candidate.py@1,a587d1d3cf826ec476fe91356f472b4a1a2b78eca51376c392fc16846b825caf,1db875a1eb10d95d654d0f2d27a52815794db0d8,13436313853456744620,3589472428,70/15/15,val,IMG_54130.jpg,dataset-20260508/val/IMG_54130.jpg,dataset-20260508/val.json,original,sg-1083,gc-1067,one plain original per evidence source group; no dataset resize/offline augmentation; pipeline online only,plain_base,none,true,,valid three-class raw regions; U01 drop raw region #3; standard background/FP; no ignore region,,train,1,0,0,1,0
10.17632/gfcmdbvw65.4,v4,dataset-20260508.zip,049591afd4fc3529aedbd31ef9119f5ec0601ebcb8cbbd4a25b7e883fde147ce,d2-v4-stage2b5-v1,12_freeze_d2_protocol.py@1 + 10_prepare_d2_freeze_candidate.py@1,a587d1d3cf826ec476fe91356f472b4a1a2b78eca51376c392fc16846b825caf,1db875a1eb10d95d654d0f2d27a52815794db0d8,13436313853456744620,3589472428,70/15/15,val,IMG_5441.jpg,dataset-20260508/val/IMG_5441.jpg,dataset-20260508/val.json,original,sg-1084,gc-1068,one plain original per evidence source group; no dataset resize/offline augmentation; pipeline online only,plain_base,none,true,,valid three-class raw regions; U01 drop raw region #3; standard background/FP; no ignore region,,test,0,0,1,1,0
10.17632/gfcmdbvw65.4,v4,dataset-20260508.zip,049591afd4fc3529aedbd31ef9119f5ec0601ebcb8cbbd4a25b7e883fde147ce,d2-v4-stage2b5-v1,12_freeze_d2_protocol.py@1 + 10_prepare_d2_freeze_candidate.py@1,a587d1d3cf826ec476fe91356f472b4a1a2b78eca51376c392fc16846b825caf,1db875a1eb10d95d654d0f2d27a52815794db0d8,13436313853456744620,3589472428,70/15/15,val,IMG_54500.jpg,dataset-20260508/val/IMG_54500.jpg,dataset-20260508/val.json,original,sg-1085,gc-1069,one plain original per evidence source group; no dataset resize/offline augmentation; pipeline online only,plain_base,none,true,,valid three-class raw regions; U01 drop raw region #3; standard background/FP; no ignore region,,val,1,0,0,1,0
10.17632/gfcmdbvw65.4,v4,dataset-20260508.zip,049591afd4fc3529aedbd31ef9119f5ec0601ebcb8cbbd4a25b7e883fde147ce,d2-v4-stage2b5-v1,12_freeze_d2_protocol.py@1 + 10_prepare_d2_freeze_candidate.py@1,a587d1d3cf826ec476fe91356f472b4a1a2b78eca51376c392fc16846b825caf,1db875a1eb10d95d654d0f2d27a52815794db0d8,13436313853456744620,3589472428,70/15/15,val,IMG_5467.jpg,dataset-20260508/val/IMG_5467.jpg,dataset-20260508/val.json,original,sg-1086,gc-1070,one plain original per evidence source group; no dataset resize/offline augmentation; pipeline online only,plain_base,none,true,,valid three-class raw regions; U01 drop raw region #3; standard background/FP; no ignore region,,val,0,0,1,1,0
10.17632/gfcmdbvw65.4,v4,dataset-20260508.zip,049591afd4fc3529aedbd31ef9119f5ec0601ebcb8cbbd4a25b7e883fde147ce,d2-v4-stage2b5-v1,12_freeze_d2_protocol.py@1 + 10_prepare_d2_freeze_candidate.py@1,a587d1d3cf826ec476fe91356f472b4a1a2b78eca51376c392fc16846b825caf,1db875a1eb10d95d654d0f2d27a52815794db0d8,13436313853456744620,3589472428,70/15/15,val,IMG_5480.jpg,dataset-20260508/val/IMG_5480.jpg,dataset-20260508/val.json,original,sg-1087,gc-1071,one plain original per evidence source group; no dataset resize/offline augmentation; pipeline online only,plain_base,none,true,,valid three-class raw regions; U01 drop raw region #3; standard background/FP; no ignore region,,train,1,0,0,1,0
10.17632/gfcmdbvw65.4,v4,dataset-20260508.zip,049591afd4fc3529aedbd31ef9119f5ec0601ebcb8cbbd4a25b7e883fde147ce,d2-v4-stage2b5-v1,12_freeze_d2_protocol.py@1 + 10_prepare_d2_freeze_candidate.py@1,a587d1d3cf826ec476fe91356f472b4a1a2b78eca51376c392fc16846b825caf,1db875a1eb10d95d654d0f2d27a52815794db0d8,13436313853456744620,3589472428,70/15/15,val,IMG_54920.jpg,dataset-20260508/val/IMG_54920.jpg,dataset-20260508/val.json,original,sg-1088,gc-1072,one plain original per evidence source group; no dataset resize/offline augmentation; pipeline online only,plain_base,none,true,,valid three-class raw regions; U01 drop raw region #3; standard background/FP; no ignore region,,test,2,0,0,2,0
10.17632/gfcmdbvw65.4,v4,dataset-20260508.zip,049591afd4fc3529aedbd31ef9119f5ec0601ebcb8cbbd4a25b7e883fde147ce,d2-v4-stage2b5-v1,12_freeze_d2_protocol.py@1 + 10_prepare_d2_freeze_candidate.py@1,a587d1d3cf826ec476fe91356f472b4a1a2b78eca51376c392fc16846b825caf,1db875a1eb10d95d654d0f2d27a52815794db0d8,13436313853456744620,3589472428,70/15/15,val,IMG_54940.jpg,dataset-20260508/val/IMG_54940.jpg,dataset-20260508/val.json,original,sg-1089,gc-1073,one plain original per evidence source group; no dataset resize/offline augmentation; pipeline online only,plain_base,none,true,,valid three-class raw regions; U01 drop raw region #3; standard background/FP; no ignore region,,train,2,0,0,2,0
10.17632/gfcmdbvw65.4,v4,dataset-20260508.zip,049591afd4fc3529aedbd31ef9119f5ec0601ebcb8cbbd4a25b7e883fde147ce,d2-v4-stage2b5-v1,12_freeze_d2_protocol.py@1 + 10_prepare_d2_freeze_candidate.py@1,a587d1d3cf826ec476fe91356f472b4a1a2b78eca51376c392fc16846b825caf,1db875a1eb10d95d654d0f2d27a52815794db0d8,13436313853456744620,3589472428,70/15/15,val,IMG_55120.jpg,dataset-20260508/val/IMG_55120.jpg,dataset-20260508/val.json,original,sg-1090,gc-1074,one plain original per evidence source group; no dataset resize/offline augmentation; pipeline online only,plain_base,none,true,,valid three-class raw regions; U01 drop raw region #3; standard background/FP; no ignore region,,train,1,0,0,1,0
10.17632/gfcmdbvw65.4,v4,dataset-20260508.zip,049591afd4fc3529aedbd31ef9119f5ec0601ebcb8cbbd4a25b7e883fde147ce,d2-v4-stage2b5-v1,12_freeze_d2_protocol.py@1 + 10_prepare_d2_freeze_candidate.py@1,a587d1d3cf826ec476fe91356f472b4a1a2b78eca51376c392fc16846b825caf,1db875a1eb10d95d654d0f2d27a52815794db0d8,13436313853456744620,3589472428,70/15/15,val,IMG_55140.jpg,dataset-20260508/val/IMG_55140.jpg,dataset-20260508/val.json,original,sg-1091,gc-1075,one plain original per evidence source group; no dataset resize/offline augmentation; pipeline online only,plain_base,none,true,,valid three-class raw regions; U01 drop raw region #3; standard background/FP; no ignore region,,train,1,0,0,1,0
10.17632/gfcmdbvw65.4,v4,dataset-20260508.zip,049591afd4fc3529aedbd31ef9119f5ec0601ebcb8cbbd4a25b7e883fde147ce,d2-v4-stage2b5-v1,12_freeze_d2_protocol.py@1 + 10_prepare_d2_freeze_candidate.py@1,a587d1d3cf826ec476fe91356f472b4a1a2b78eca51376c392fc16846b825caf,1db875a1eb10d95d654d0f2d27a52815794db0d8,13436313853456744620,3589472428,70/15/15,val,IMG_55210.jpg,dataset-20260508/val/IMG_55210.jpg,dataset-20260508/val.json,original,sg-1092,gc-1076,one plain original per evidence source group; no dataset resize/offline augmentation; pipeline online only,plain_base,none,true,,valid three-class raw regions; U01 drop raw region #3; standard background/FP; no ignore region,,train,1,0,0,1,0
10.17632/gfcmdbvw65.4,v4,dataset-20260508.zip,049591afd4fc3529aedbd31ef9119f5ec0601ebcb8cbbd4a25b7e883fde147ce,d2-v4-stage2b5-v1,12_freeze_d2_protocol.py@1 + 10_prepare_d2_freeze_candidate.py@1,a587d1d3cf826ec476fe91356f472b4a1a2b78eca51376c392fc16846b825caf,1db875a1eb10d95d654d0f2d27a52815794db0d8,13436313853456744620,3589472428,70/15/15,val,IMG_55230.jpg,dataset-20260508/val/IMG_55230.jpg,dataset-20260508/val.json,original,sg-1093,gc-1077,one plain original per evidence source group; no dataset resize/offline augmentation; pipeline online only,plain_base,none,true,,valid three-class raw regions; U01 drop raw region #3; standard background/FP; no ignore region,,test,1,0,0,1,0
10.17632/gfcmdbvw65.4,v4,dataset-20260508.zip,049591afd4fc3529aedbd31ef9119f5ec0601ebcb8cbbd4a25b7e883fde147ce,d2-v4-stage2b5-v1,12_freeze_d2_protocol.py@1 + 10_prepare_d2_freeze_candidate.py@1,a587d1d3cf826ec476fe91356f472b4a1a2b78eca51376c392fc16846b825caf,1db875a1eb10d95d654d0f2d27a52815794db0d8,13436313853456744620,3589472428,70/15/15,val,IMG_55260.jpg,dataset-20260508/val/IMG_55260.jpg,dataset-20260508/val.json,original,sg-1094,gc-1078,one plain original per evidence source group; no dataset resize/offline augmentation; pipeline online only,plain_base,none,true,,valid three-class raw regions; U01 drop raw region #3; standard background/FP; no ignore region,,train,2,0,0,2,0
10.17632/gfcmdbvw65.4,v4,dataset-20260508.zip,049591afd4fc3529aedbd31ef9119f5ec0601ebcb8cbbd4a25b7e883fde147ce,d2-v4-stage2b5-v1,12_freeze_d2_protocol.py@1 + 10_prepare_d2_freeze_candidate.py@1,a587d1d3cf826ec476fe91356f472b4a1a2b78eca51376c392fc16846b825caf,1db875a1eb10d95d654d0f2d27a52815794db0d8,13436313853456744620,3589472428,70/15/15,val,IMG_55270.jpg,dataset-20260508/val/IMG_55270.jpg,dataset-20260508/val.json,original,sg-1095,gc-1079,one plain original per evidence source group; no dataset resize/offline augmentation; pipeline online only,plain_base,none,true,,valid three-class raw regions; U01 drop raw region #3; standard background/FP; no ignore region,,train,1,0,0,1,0
10.17632/gfcmdbvw65.4,v4,dataset-20260508.zip,049591afd4fc3529aedbd31ef9119f5ec0601ebcb8cbbd4a25b7e883fde147ce,d2-v4-stage2b5-v1,12_freeze_d2_protocol.py@1 + 10_prepare_d2_freeze_candidate.py@1,a587d1d3cf826ec476fe91356f472b4a1a2b78eca51376c392fc16846b825caf,1db875a1eb10d95d654d0f2d27a52815794db0d8,13436313853456744620,3589472428,70/15/15,val,IMG_55630.jpg,dataset-20260508/val/IMG_55630.jpg,dataset-20260508/val.json,original,sg-1096,gc-1080,one plain original per evidence source group; no dataset resize/offline augmentation; pipeline online only,plain_base,none,true,,valid three-class raw regions; U01 drop raw region #3; standard background/FP; no ignore region,,train,2,0,0,2,0
10.17632/gfcmdbvw65.4,v4,dataset-20260508.zip,049591afd4fc3529aedbd31ef9119f5ec0601ebcb8cbbd4a25b7e883fde147ce,d2-v4-stage2b5-v1,12_freeze_d2_protocol.py@1 + 10_prepare_d2_freeze_candidate.py@1,a587d1d3cf826ec476fe91356f472b4a1a2b78eca51376c392fc16846b825caf,1db875a1eb10d95d654d0f2d27a52815794db0d8,13436313853456744620,3589472428,70/15/15,val,IMG_55730.jpg,dataset-20260508/val/IMG_55730.jpg,dataset-20260508/val.json,original,sg-1097,gc-1081,one plain original per evidence source group; no dataset resize/offline augmentation; pipeline online only,plain_base,none,true,,valid three-class raw regions; U01 drop raw region #3; standard background/FP; no ignore region,,val,3,0,0,3,0
10.17632/gfcmdbvw65.4,v4,dataset-20260508.zip,049591afd4fc3529aedbd31ef9119f5ec0601ebcb8cbbd4a25b7e883fde147ce,d2-v4-stage2b5-v1,12_freeze_d2_protocol.py@1 + 10_prepare_d2_freeze_candidate.py@1,a587d1d3cf826ec476fe91356f472b4a1a2b78eca51376c392fc16846b825caf,1db875a1eb10d95d654d0f2d27a52815794db0d8,13436313853456744620,3589472428,70/15/15,val,IMG_55880.jpg,dataset-20260508/val/IMG_55880.jpg,dataset-20260508/val.json,original,sg-1098,gc-1082,one plain original per evidence source group; no dataset resize/offline augmentation; pipeline online only,plain_base,none,true,,valid three-class raw regions; U01 drop raw region #3; standard background/FP; no ignore region,,train,2,0,0,2,0
10.17632/gfcmdbvw65.4,v4,dataset-20260508.zip,049591afd4fc3529aedbd31ef9119f5ec0601ebcb8cbbd4a25b7e883fde147ce,d2-v4-stage2b5-v1,12_freeze_d2_protocol.py@1 + 10_prepare_d2_freeze_candidate.py@1,a587d1d3cf826ec476fe91356f472b4a1a2b78eca51376c392fc16846b825caf,1db875a1eb10d95d654d0f2d27a52815794db0d8,13436313853456744620,3589472428,70/15/15,val,IMG_56300.jpg,dataset-20260508/val/IMG_56300.jpg,dataset-20260508/val.json,original,sg-1099,gc-1083,one plain original per evidence source group; no dataset resize/offline augmentation; pipeline online only,plain_base,none,true,,valid three-class raw regions; U01 drop raw region #3; standard background/FP; no ignore region,,train,1,0,0,1,0
10.17632/gfcmdbvw65.4,v4,dataset-20260508.zip,049591afd4fc3529aedbd31ef9119f5ec0601ebcb8cbbd4a25b7e883fde147ce,d2-v4-stage2b5-v1,12_freeze_d2_protocol.py@1 + 10_prepare_d2_freeze_candidate.py@1,a587d1d3cf826ec476fe91356f472b4a1a2b78eca51376c392fc16846b825caf,1db875a1eb10d95d654d0f2d27a52815794db0d8,13436313853456744620,3589472428,70/15/15,val,IMG_56310.jpg,dataset-20260508/val/IMG_56310.jpg,dataset-20260508/val.json,original,sg-1100,gc-1084,one plain original per evidence source group; no dataset resize/offline augmentation; pipeline online only,plain_base,none,true,,valid three-class raw regions; U01 drop raw region #3; standard background/FP; no ignore region,,train,1,0,0,1,0
10.17632/gfcmdbvw65.4,v4,dataset-20260508.zip,049591afd4fc3529aedbd31ef9119f5ec0601ebcb8cbbd4a25b7e883fde147ce,d2-v4-stage2b5-v1,12_freeze_d2_protocol.py@1 + 10_prepare_d2_freeze_candidate.py@1,a587d1d3cf826ec476fe91356f472b4a1a2b78eca51376c392fc16846b825caf,1db875a1eb10d95d654d0f2d27a52815794db0d8,13436313853456744620,3589472428,70/15/15,val,IMG_6772.jpg,dataset-20260508/val/IMG_6772.jpg,dataset-20260508/val.json,original,sg-1101,gc-1085,one plain original per evidence source group; no dataset resize/offline augmentation; pipeline online only,plain_base,none,true,,valid three-class raw regions; U01 drop raw region #3; standard background/FP; no ignore region,,train,1,0,0,1,0
10.17632/gfcmdbvw65.4,v4,dataset-20260508.zip,049591afd4fc3529aedbd31ef9119f5ec0601ebcb8cbbd4a25b7e883fde147ce,d2-v4-stage2b5-v1,12_freeze_d2_protocol.py@1 + 10_prepare_d2_freeze_candidate.py@1,a587d1d3cf826ec476fe91356f472b4a1a2b78eca51376c392fc16846b825caf,1db875a1eb10d95d654d0f2d27a52815794db0d8,13436313853456744620,3589472428,70/15/15,val,IMG_6780.jpg,dataset-20260508/val/IMG_6780.jpg,dataset-20260508/val.json,original,sg-1102,gc-1086,one plain original per evidence source group; no dataset resize/offline augmentation; pipeline online only,plain_base,none,true,,valid three-class raw regions; U01 drop raw region #3; standard background/FP; no ignore region,,train,2,0,0,2,0
10.17632/gfcmdbvw65.4,v4,dataset-20260508.zip,049591afd4fc3529aedbd31ef9119f5ec0601ebcb8cbbd4a25b7e883fde147ce,d2-v4-stage2b5-v1,12_freeze_d2_protocol.py@1 + 10_prepare_d2_freeze_candidate.py@1,a587d1d3cf826ec476fe91356f472b4a1a2b78eca51376c392fc16846b825caf,1db875a1eb10d95d654d0f2d27a52815794db0d8,13436313853456744620,3589472428,70/15/15,val,IMG_6782.jpg,dataset-20260508/val/IMG_6782.jpg,dataset-20260508/val.json,original,sg-1103,gc-1087,one plain original per evidence source group; no dataset resize/offline augmentation; pipeline online only,plain_base,none,true,,valid three-class raw regions; U01 drop raw region #3; standard background/FP; no ignore region,,train,1,0,0,1,0
10.17632/gfcmdbvw65.4,v4,dataset-20260508.zip,049591afd4fc3529aedbd31ef9119f5ec0601ebcb8cbbd4a25b7e883fde147ce,d2-v4-stage2b5-v1,12_freeze_d2_protocol.py@1 + 10_prepare_d2_freeze_candidate.py@1,a587d1d3cf826ec476fe91356f472b4a1a2b78eca51376c392fc16846b825caf,1db875a1eb10d95d654d0f2d27a52815794db0d8,13436313853456744620,3589472428,70/15/15,val,IMG_6800.jpg,dataset-20260508/val/IMG_6800.jpg,dataset-20260508/val.json,original,sg-1104,gc-1088,one plain original per evidence source group; no dataset resize/offline augmentation; pipeline online only,plain_base,none,true,,valid three-class raw regions; U01 drop raw region #3; standard background/FP; no ignore region,,train,2,0,0,2,0
10.17632/gfcmdbvw65.4,v4,dataset-20260508.zip,049591afd4fc3529aedbd31ef9119f5ec0601ebcb8cbbd4a25b7e883fde147ce,d2-v4-stage2b5-v1,12_freeze_d2_protocol.py@1 + 10_prepare_d2_freeze_candidate.py@1,a587d1d3cf826ec476fe91356f472b4a1a2b78eca51376c392fc16846b825caf,1db875a1eb10d95d654d0f2d27a52815794db0d8,13436313853456744620,3589472428,70/15/15,val,IMG_6801.jpg,dataset-20260508/val/IMG_6801.jpg,dataset-20260508/val.json,original,sg-1105,gc-1089,one plain original per evidence source group; no dataset resize/offline augmentation; pipeline online only,plain_base,none,true,,valid three-class raw regions; U01 drop raw region #3; standard background/FP; no ignore region,,test,1,0,0,1,0
10.17632/gfcmdbvw65.4,v4,dataset-20260508.zip,049591afd4fc3529aedbd31ef9119f5ec0601ebcb8cbbd4a25b7e883fde147ce,d2-v4-stage2b5-v1,12_freeze_d2_protocol.py@1 + 10_prepare_d2_freeze_candidate.py@1,a587d1d3cf826ec476fe91356f472b4a1a2b78eca51376c392fc16846b825caf,1db875a1eb10d95d654d0f2d27a52815794db0d8,13436313853456744620,3589472428,70/15/15,val,IMG_6803.jpg,dataset-20260508/val/IMG_6803.jpg,dataset-20260508/val.json,original,sg-1106,gc-1090,one plain original per evidence source group; no dataset resize/offline augmentation; pipeline online only,plain_base,none,true,,valid three-class raw regions; U01 drop raw region #3; standard background/FP; no ignore region,,train,1,0,0,1,0
10.17632/gfcmdbvw65.4,v4,dataset-20260508.zip,049591afd4fc3529aedbd31ef9119f5ec0601ebcb8cbbd4a25b7e883fde147ce,d2-v4-stage2b5-v1,12_freeze_d2_protocol.py@1 + 10_prepare_d2_freeze_candidate.py@1,a587d1d3cf826ec476fe91356f472b4a1a2b78eca51376c392fc16846b825caf,1db875a1eb10d95d654d0f2d27a52815794db0d8,13436313853456744620,3589472428,70/15/15,val,IMG_6806.jpg,dataset-20260508/val/IMG_6806.jpg,dataset-20260508/val.json,original,sg-1107,gc-1091,one plain original per evidence source group; no dataset resize/offline augmentation; pipeline online only,plain_base,none,true,,valid three-class raw regions; U01 drop raw region #3; standard background/FP; no ignore region,,train,4,0,0,4,0
10.17632/gfcmdbvw65.4,v4,dataset-20260508.zip,049591afd4fc3529aedbd31ef9119f5ec0601ebcb8cbbd4a25b7e883fde147ce,d2-v4-stage2b5-v1,12_freeze_d2_protocol.py@1 + 10_prepare_d2_freeze_candidate.py@1,a587d1d3cf826ec476fe91356f472b4a1a2b78eca51376c392fc16846b825caf,1db875a1eb10d95d654d0f2d27a52815794db0d8,13436313853456744620,3589472428,70/15/15,val,IMG_6809.jpg,dataset-20260508/val/IMG_6809.jpg,dataset-20260508/val.json,original,sg-1108,gc-1092,one plain original per evidence source group; no dataset resize/offline augmentation; pipeline online only,plain_base,none,true,,valid three-class raw regions; U01 drop raw region #3; standard background/FP; no ignore region,,train,1,0,0,1,0
10.17632/gfcmdbvw65.4,v4,dataset-20260508.zip,049591afd4fc3529aedbd31ef9119f5ec0601ebcb8cbbd4a25b7e883fde147ce,d2-v4-stage2b5-v1,12_freeze_d2_protocol.py@1 + 10_prepare_d2_freeze_candidate.py@1,a587d1d3cf826ec476fe91356f472b4a1a2b78eca51376c392fc16846b825caf,1db875a1eb10d95d654d0f2d27a52815794db0d8,13436313853456744620,3589472428,70/15/15,val,IMG_6815.jpg,dataset-20260508/val/IMG_6815.jpg,dataset-20260508/val.json,original,sg-1109,gc-1093,one plain original per evidence source group; no dataset resize/offline augmentation; pipeline online only,plain_base,none,true,,valid three-class raw regions; U01 drop raw region #3; standard background/FP; no ignore region,,train,3,0,0,3,0
10.17632/gfcmdbvw65.4,v4,dataset-20260508.zip,049591afd4fc3529aedbd31ef9119f5ec0601ebcb8cbbd4a25b7e883fde147ce,d2-v4-stage2b5-v1,12_freeze_d2_protocol.py@1 + 10_prepare_d2_freeze_candidate.py@1,a587d1d3cf826ec476fe91356f472b4a1a2b78eca51376c392fc16846b825caf,1db875a1eb10d95d654d0f2d27a52815794db0d8,13436313853456744620,3589472428,70/15/15,val,IMG_6833.jpg,dataset-20260508/val/IMG_6833.jpg,dataset-20260508/val.json,original,sg-1110,gc-1094,one plain original per evidence source group; no dataset resize/offline augmentation; pipeline online only,plain_base,none,true,,valid three-class raw regions; U01 drop raw region #3; standard background/FP; no ignore region,,train,2,0,0,2,0
10.17632/gfcmdbvw65.4,v4,dataset-20260508.zip,049591afd4fc3529aedbd31ef9119f5ec0601ebcb8cbbd4a25b7e883fde147ce,d2-v4-stage2b5-v1,12_freeze_d2_protocol.py@1 + 10_prepare_d2_freeze_candidate.py@1,a587d1d3cf826ec476fe91356f472b4a1a2b78eca51376c392fc16846b825caf,1db875a1eb10d95d654d0f2d27a52815794db0d8,13436313853456744620,3589472428,70/15/15,val,IMG_6839.jpg,dataset-20260508/val/IMG_6839.jpg,dataset-20260508/val.json,original,sg-1111,gc-1095,one plain original per evidence source group; no dataset resize/offline augmentation; pipeline online only,plain_base,none,true,,valid three-class raw regions; U01 drop raw region #3; standard background/FP; no ignore region,,train,1,0,0,1,0
10.17632/gfcmdbvw65.4,v4,dataset-20260508.zip,049591afd4fc3529aedbd31ef9119f5ec0601ebcb8cbbd4a25b7e883fde147ce,d2-v4-stage2b5-v1,12_freeze_d2_protocol.py@1 + 10_prepare_d2_freeze_candidate.py@1,a587d1d3cf826ec476fe91356f472b4a1a2b78eca51376c392fc16846b825caf,1db875a1eb10d95d654d0f2d27a52815794db0d8,13436313853456744620,3589472428,70/15/15,val,IMG_6882.jpg,dataset-20260508/val/IMG_6882.jpg,dataset-20260508/val.json,original,sg-1112,gc-1096,one plain original per evidence source group; no dataset resize/offline augmentation; pipeline online only,plain_base,none,true,,valid three-class raw regions; U01 drop raw region #3; standard background/FP; no ignore region,,train,1,0,0,1,0
