official_split,filename,variant,source_group_id,split_guard_cluster_id,representation_type,augmentation_type,include_candidate,exclusion_reason,annotation_policy,notes
test,108.jpg,original,sg-0001,gc-0001,plain_base,none,true,,raw_annotation_unchanged,Candidate policy only; raw ZIP/JSON unchanged; no final split assigned
test,108.jpg,resize,sg-0001,gc-0001,dataset_resize,none,false,dataset_provided_resize,raw_annotation_unchanged,Candidate policy only; raw ZIP/JSON unchanged; no final split assigned
test,115.jpg,original,sg-0002,gc-0002,plain_base,none,true,,raw_annotation_unchanged,Candidate policy only; raw ZIP/JSON unchanged; no final split assigned
test,115.jpg,resize,sg-0002,gc-0002,dataset_resize,none,false,dataset_provided_resize,raw_annotation_unchanged,Candidate policy only; raw ZIP/JSON unchanged; no final split assigned
test,1170.jpg,original,sg-0003,gc-0003,plain_base,none,true,,raw_annotation_unchanged,Candidate policy only; raw ZIP/JSON unchanged; no final split assigned
test,1170.jpg,resize,sg-0003,gc-0003,dataset_resize,none,false,dataset_provided_resize,raw_annotation_unchanged,Candidate policy only; raw ZIP/JSON unchanged; no final split assigned
test,123.jpg,original,sg-0004,gc-0004,plain_base,none,true,,raw_annotation_unchanged,Candidate policy only; raw ZIP/JSON unchanged; no final split assigned
test,123.jpg,resize,sg-0004,gc-0004,dataset_resize,none,false,dataset_provided_resize,raw_annotation_unchanged,Candidate policy only; raw ZIP/JSON unchanged; no final split assigned
test,1240.jpg,original,sg-0005,gc-0005,plain_base,none,true,,raw_annotation_unchanged,Candidate policy only; raw ZIP/JSON unchanged; no final split assigned
test,1240.jpg,resize,sg-0005,gc-0005,dataset_resize,none,false,dataset_provided_resize,raw_annotation_unchanged,Candidate policy only; raw ZIP/JSON unchanged; no final split assigned
test,1270.jpg,original,sg-0006,gc-0006,plain_base,none,true,,raw_annotation_unchanged,Candidate policy only; raw ZIP/JSON unchanged; no final split assigned
test,1270.jpg,resize,sg-0006,gc-0006,dataset_resize,none,false,dataset_provided_resize,raw_annotation_unchanged,Candidate policy only; raw ZIP/JSON unchanged; no final split assigned
test,1290.jpg,original,sg-0007,gc-0007,plain_base,none,true,,raw_annotation_unchanged,Candidate policy only; raw ZIP/JSON unchanged; no final split assigned
test,1290.jpg,resize,sg-0007,gc-0007,dataset_resize,none,false,dataset_provided_resize,raw_annotation_unchanged,Candidate policy only; raw ZIP/JSON unchanged; no final split assigned
test,138.jpg,original,sg-0008,gc-0008,plain_base,none,false,annotation_conflict_group_holdout,raw_annotation_unchanged,Candidate policy only; raw ZIP/JSON unchanged; no final split assigned
test,138.jpg,resize,sg-0008,gc-0008,dataset_resize,none,false,dataset_provided_resize,raw_annotation_unchanged,Candidate policy only; raw ZIP/JSON unchanged; no final split assigned
test,1400.jpg,original,sg-0009,gc-0009,plain_base,none,true,,raw_annotation_unchanged,Candidate policy only; raw ZIP/JSON unchanged; no final split assigned
test,1400.jpg,resize,sg-0009,gc-0009,dataset_resize,none,false,dataset_provided_resize,raw_annotation_unchanged,Candidate policy only; raw ZIP/JSON unchanged; no final split assigned
test,1410.jpg,original,sg-0010,gc-0010,plain_base,none,true,,raw_annotation_unchanged,Candidate policy only; raw ZIP/JSON unchanged; no final split assigned
test,1410.jpg,resize,sg-0010,gc-0010,dataset_resize,none,false,dataset_provided_resize,raw_annotation_unchanged,Candidate policy only; raw ZIP/JSON unchanged; no final split assigned
test,1420.jpg,original,sg-0011,gc-0011,plain_base,none,true,,raw_annotation_unchanged,Candidate policy only; raw ZIP/JSON unchanged; no final split assigned
test,1420.jpg,resize,sg-0011,gc-0011,dataset_resize,none,false,dataset_provided_resize,raw_annotation_unchanged,Candidate policy only; raw ZIP/JSON unchanged; no final split assigned
test,143.jpg,original,sg-0012,gc-0012,plain_base,none,false,annotation_conflict_group_holdout,raw_annotation_unchanged,Candidate policy only; raw ZIP/JSON unchanged; no final split assigned
test,143.jpg,resize,sg-0012,gc-0012,dataset_resize,none,false,dataset_provided_resize,raw_annotation_unchanged,Candidate policy only; raw ZIP/JSON unchanged; no final split assigned
test,150.jpg,original,sg-0013,gc-0013,plain_base,none,false,annotation_conflict_group_holdout,raw_annotation_unchanged,Candidate policy only; raw ZIP/JSON unchanged; no final split assigned
test,150.jpg,resize,sg-0013,gc-0013,dataset_resize,none,false,dataset_provided_resize,raw_annotation_unchanged,Candidate policy only; raw ZIP/JSON unchanged; no final split assigned
test,1520.jpg,original,sg-0014,gc-0014,plain_base,none,true,,raw_annotation_unchanged,Candidate policy only; raw ZIP/JSON unchanged; no final split assigned
test,1520.jpg,resize,sg-0014,gc-0014,dataset_resize,none,false,dataset_provided_resize,raw_annotation_unchanged,Candidate policy only; raw ZIP/JSON unchanged; no final split assigned
test,158.jpg,original,sg-0015,gc-0015,plain_base,none,true,,raw_annotation_unchanged,Candidate policy only; raw ZIP/JSON unchanged; no final split assigned
test,158.jpg,resize,sg-0015,gc-0015,dataset_resize,none,false,dataset_provided_resize,raw_annotation_unchanged,Candidate policy only; raw ZIP/JSON unchanged; no final split assigned
test,1600.jpg,original,sg-0016,gc-0016,plain_base,none,true,,raw_annotation_unchanged,Candidate policy only; raw ZIP/JSON unchanged; no final split assigned
test,1600.jpg,resize,sg-0016,gc-0016,dataset_resize,none,false,dataset_provided_resize,raw_annotation_unchanged,Candidate policy only; raw ZIP/JSON unchanged; no final split assigned
test,1710.jpg,original,sg-0017,gc-0017,plain_base,none,true,,raw_annotation_unchanged,Candidate policy only; raw ZIP/JSON unchanged; no final split assigned
test,1710.jpg,resize,sg-0017,gc-0017,dataset_resize,none,false,dataset_provided_resize,raw_annotation_unchanged,Candidate policy only; raw ZIP/JSON unchanged; no final split assigned
test,172.jpg,original,sg-0018,gc-0018,plain_base,none,true,,raw_annotation_unchanged,Candidate policy only; raw ZIP/JSON unchanged; no final split assigned
test,172.jpg,resize,sg-0018,gc-0018,dataset_resize,none,false,dataset_provided_resize,raw_annotation_unchanged,Candidate policy only; raw ZIP/JSON unchanged; no final split assigned
test,175.jpg,original,sg-0019,gc-0019,plain_base,none,true,,raw_annotation_unchanged,Candidate policy only; raw ZIP/JSON unchanged; no final split assigned
test,175.jpg,resize,sg-0019,gc-0019,dataset_resize,none,false,dataset_provided_resize,raw_annotation_unchanged,Candidate policy only; raw ZIP/JSON unchanged; no final split assigned
test,1760.jpg,original,sg-0020,gc-0020,plain_base,none,true,,raw_annotation_unchanged,Candidate policy only; raw ZIP/JSON unchanged; no final split assigned
test,1760.jpg,resize,sg-0020,gc-0020,dataset_resize,none,false,dataset_provided_resize,raw_annotation_unchanged,Candidate policy only; raw ZIP/JSON unchanged; no final split assigned
test,182.jpg,original,sg-0021,gc-0021,plain_base,none,true,,raw_annotation_unchanged,Candidate policy only; raw ZIP/JSON unchanged; no final split assigned
test,182.jpg,resize,sg-0021,gc-0021,dataset_resize,none,false,dataset_provided_resize,raw_annotation_unchanged,Candidate policy only; raw ZIP/JSON unchanged; no final split assigned
test,1840.jpg,original,sg-0022,gc-0022,plain_base,none,true,,raw_annotation_unchanged,Candidate policy only; raw ZIP/JSON unchanged; no final split assigned
test,1840.jpg,resize,sg-0022,gc-0022,dataset_resize,none,false,dataset_provided_resize,raw_annotation_unchanged,Candidate policy only; raw ZIP/JSON unchanged; no final split assigned
test,2040.jpg,original,sg-0023,gc-0023,plain_base,none,true,,raw_annotation_unchanged,Candidate policy only; raw ZIP/JSON unchanged; no final split assigned
test,2040.jpg,resize,sg-0023,gc-0023,dataset_resize,none,false,dataset_provided_resize,raw_annotation_unchanged,Candidate policy only; raw ZIP/JSON unchanged; no final split assigned
test,2050.jpg,original,sg-0024,gc-0024,plain_base,none,true,,raw_annotation_unchanged,Candidate policy only; raw ZIP/JSON unchanged; no final split assigned
test,2050.jpg,resize,sg-0024,gc-0024,dataset_resize,none,false,dataset_provided_resize,raw_annotation_unchanged,Candidate policy only; raw ZIP/JSON unchanged; no final split assigned
test,206.jpg,original,sg-0025,gc-0025,plain_base,none,true,,raw_annotation_unchanged,Candidate policy only; raw ZIP/JSON unchanged; no final split assigned
test,206.jpg,resize,sg-0025,gc-0025,dataset_resize,none,false,dataset_provided_resize,raw_annotation_unchanged,Candidate policy only; raw ZIP/JSON unchanged; no final split assigned
test,2150.jpg,original,sg-0026,gc-0026,plain_base,none,true,,raw_annotation_unchanged,Candidate policy only; raw ZIP/JSON unchanged; no final split assigned
test,2150.jpg,resize,sg-0026,gc-0026,dataset_resize,none,false,dataset_provided_resize,raw_annotation_unchanged,Candidate policy only; raw ZIP/JSON unchanged; no final split assigned
test,2210.jpg,original,sg-0027,gc-0027,plain_base,none,true,,raw_annotation_unchanged,Candidate policy only; raw ZIP/JSON unchanged; no final split assigned
test,2210.jpg,resize,sg-0027,gc-0027,dataset_resize,none,false,dataset_provided_resize,raw_annotation_unchanged,Candidate policy only; raw ZIP/JSON unchanged; no final split assigned
test,227.jpg,original,sg-0028,gc-0028,plain_base,none,true,,raw_annotation_unchanged,Candidate policy only; raw ZIP/JSON unchanged; no final split assigned
test,227.jpg,resize,sg-0028,gc-0028,dataset_resize,none,false,dataset_provided_resize,raw_annotation_unchanged,Candidate policy only; raw ZIP/JSON unchanged; no final split assigned
test,232.jpg,original,sg-0029,gc-0029,plain_base,none,true,,raw_annotation_unchanged,Candidate policy only; raw ZIP/JSON unchanged; no final split assigned
test,232.jpg,resize,sg-0029,gc-0029,dataset_resize,none,false,dataset_provided_resize,raw_annotation_unchanged,Candidate policy only; raw ZIP/JSON unchanged; no final split assigned
test,2360.jpg,original,sg-0030,gc-0007,plain_base,none,true,,raw_annotation_unchanged,Candidate policy only; raw ZIP/JSON unchanged; no final split assigned
test,2360.jpg,resize,sg-0030,gc-0007,dataset_resize,none,false,dataset_provided_resize,raw_annotation_unchanged,Candidate policy only; raw ZIP/JSON unchanged; no final split assigned
test,2410.jpg,original,sg-0031,gc-0030,plain_base,none,true,,raw_annotation_unchanged,Candidate policy only; raw ZIP/JSON unchanged; no final split assigned
test,2410.jpg,resize,sg-0031,gc-0030,dataset_resize,none,false,dataset_provided_resize,raw_annotation_unchanged,Candidate policy only; raw ZIP/JSON unchanged; no final split assigned
test,2450.jpg,original,sg-0032,gc-0031,plain_base,none,true,,raw_annotation_unchanged,Candidate policy only; raw ZIP/JSON unchanged; no final split assigned
test,2450.jpg,resize,sg-0032,gc-0031,dataset_resize,none,false,dataset_provided_resize,raw_annotation_unchanged,Candidate policy only; raw ZIP/JSON unchanged; no final split assigned
test,250.jpg,original,sg-0033,gc-0032,plain_base,none,true,,raw_annotation_unchanged,Candidate policy only; raw ZIP/JSON unchanged; no final split assigned
test,250.jpg,resize,sg-0033,gc-0032,dataset_resize,none,false,dataset_provided_resize,raw_annotation_unchanged,Candidate policy only; raw ZIP/JSON unchanged; no final split assigned
test,255.jpg,original,sg-0034,gc-0033,plain_base,none,true,,raw_annotation_unchanged,Candidate policy only; raw ZIP/JSON unchanged; no final split assigned
test,255.jpg,resize,sg-0034,gc-0033,dataset_resize,none,false,dataset_provided_resize,raw_annotation_unchanged,Candidate policy only; raw ZIP/JSON unchanged; no final split assigned
test,257.jpg,original,sg-0035,gc-0034,plain_base,none,true,,raw_annotation_unchanged,Candidate policy only; raw ZIP/JSON unchanged; no final split assigned
test,257.jpg,resize,sg-0035,gc-0034,dataset_resize,none,false,dataset_provided_resize,raw_annotation_unchanged,Candidate policy only; raw ZIP/JSON unchanged; no final split assigned
test,2640.jpg,original,sg-0036,gc-0035,plain_base,none,true,,raw_annotation_unchanged,Candidate policy only; raw ZIP/JSON unchanged; no final split assigned
test,2640.jpg,resize,sg-0036,gc-0035,dataset_resize,none,false,dataset_provided_resize,raw_annotation_unchanged,Candidate policy only; raw ZIP/JSON unchanged; no final split assigned
test,267.jpg,original,sg-0012,gc-0012,plain_base,none,false,annotation_conflict_group_holdout,raw_annotation_unchanged,Candidate policy only; raw ZIP/JSON unchanged; no final split assigned
test,267.jpg,resize,sg-0012,gc-0012,dataset_resize,none,false,dataset_provided_resize,raw_annotation_unchanged,Candidate policy only; raw ZIP/JSON unchanged; no final split assigned
test,27.jpg,original,sg-0037,gc-0036,plain_base,none,true,,raw_annotation_unchanged,Candidate policy only; raw ZIP/JSON unchanged; no final split assigned
test,27.jpg,resize,sg-0037,gc-0036,dataset_resize,none,false,dataset_provided_resize,raw_annotation_unchanged,Candidate policy only; raw ZIP/JSON unchanged; no final split assigned
test,2720.jpg,original,sg-0038,gc-0037,plain_base,none,true,,raw_annotation_unchanged,Candidate policy only; raw ZIP/JSON unchanged; no final split assigned
test,2720.jpg,resize,sg-0038,gc-0037,dataset_resize,none,false,dataset_provided_resize,raw_annotation_unchanged,Candidate policy only; raw ZIP/JSON unchanged; no final split assigned
test,279.jpg,original,sg-0013,gc-0013,plain_base,none,false,annotation_conflict_group_holdout,raw_annotation_unchanged,Candidate policy only; raw ZIP/JSON unchanged; no final split assigned
test,279.jpg,resize,sg-0013,gc-0013,dataset_resize,none,false,dataset_provided_resize,raw_annotation_unchanged,Candidate policy only; raw ZIP/JSON unchanged; no final split assigned
test,2800.jpg,original,sg-0039,gc-0038,plain_base,none,true,,raw_annotation_unchanged,Candidate policy only; raw ZIP/JSON unchanged; no final split assigned
test,2800.jpg,resize,sg-0039,gc-0038,dataset_resize,none,false,dataset_provided_resize,raw_annotation_unchanged,Candidate policy only; raw ZIP/JSON unchanged; no final split assigned
test,2810.jpg,original,sg-0040,gc-0039,plain_base,none,true,,raw_annotation_unchanged,Candidate policy only; raw ZIP/JSON unchanged; no final split assigned
test,2810.jpg,resize,sg-0040,gc-0039,dataset_resize,none,false,dataset_provided_resize,raw_annotation_unchanged,Candidate policy only; raw ZIP/JSON unchanged; no final split assigned
test,2890.jpg,original,sg-0041,gc-0040,plain_base,none,true,,raw_annotation_unchanged,Candidate policy only; raw ZIP/JSON unchanged; no final split assigned
test,2890.jpg,resize,sg-0041,gc-0040,dataset_resize,none,false,dataset_provided_resize,raw_annotation_unchanged,Candidate policy only; raw ZIP/JSON unchanged; no final split assigned
test,2960.jpg,original,sg-0042,gc-0041,plain_base,none,true,,raw_annotation_unchanged,Candidate policy only; raw ZIP/JSON unchanged; no final split assigned
test,2960.jpg,resize,sg-0042,gc-0041,dataset_resize,none,false,dataset_provided_resize,raw_annotation_unchanged,Candidate policy only; raw ZIP/JSON unchanged; no final split assigned
test,299.jpg,original,sg-0043,gc-0042,plain_base,none,true,,raw_annotation_unchanged,Candidate policy only; raw ZIP/JSON unchanged; no final split assigned
test,299.jpg,resize,sg-0043,gc-0042,dataset_resize,none,false,dataset_provided_resize,raw_annotation_unchanged,Candidate policy only; raw ZIP/JSON unchanged; no final split assigned
test,302.jpg,original,sg-0044,gc-0043,plain_base,none,true,,raw_annotation_unchanged,Candidate policy only; raw ZIP/JSON unchanged; no final split assigned
test,302.jpg,resize,sg-0044,gc-0043,dataset_resize,none,false,dataset_provided_resize,raw_annotation_unchanged,Candidate policy only; raw ZIP/JSON unchanged; no final split assigned
test,3030.jpg,original,sg-0045,gc-0044,plain_base,none,true,,raw_annotation_unchanged,Candidate policy only; raw ZIP/JSON unchanged; no final split assigned
test,3030.jpg,resize,sg-0045,gc-0044,dataset_resize,none,false,dataset_provided_resize,raw_annotation_unchanged,Candidate policy only; raw ZIP/JSON unchanged; no final split assigned
test,3100.jpg,original,sg-0046,gc-0045,plain_base,none,true,,raw_annotation_unchanged,Candidate policy only; raw ZIP/JSON unchanged; no final split assigned
test,3100.jpg,resize,sg-0046,gc-0045,dataset_resize,none,false,dataset_provided_resize,raw_annotation_unchanged,Candidate policy only; raw ZIP/JSON unchanged; no final split assigned
test,3110.jpg,original,sg-0047,gc-0046,plain_base,none,true,,raw_annotation_unchanged,Candidate policy only; raw ZIP/JSON unchanged; no final split assigned
test,3110.jpg,resize,sg-0047,gc-0046,dataset_resize,none,false,dataset_provided_resize,raw_annotation_unchanged,Candidate policy only; raw ZIP/JSON unchanged; no final split assigned
test,317.jpg,original,sg-0048,gc-0047,plain_base,none,true,,raw_annotation_unchanged,Candidate policy only; raw ZIP/JSON unchanged; no final split assigned
test,317.jpg,resize,sg-0048,gc-0047,dataset_resize,none,false,dataset_provided_resize,raw_annotation_unchanged,Candidate policy only; raw ZIP/JSON unchanged; no final split assigned
test,3240.jpg,original,sg-0049,gc-0048,plain_base,none,true,,raw_annotation_unchanged,Candidate policy only; raw ZIP/JSON unchanged; no final split assigned
test,3240.jpg,resize,sg-0049,gc-0048,dataset_resize,none,false,dataset_provided_resize,raw_annotation_unchanged,Candidate policy only; raw ZIP/JSON unchanged; no final split assigned
test,3250.jpg,original,sg-0050,gc-0049,plain_base,none,true,,raw_annotation_unchanged,Candidate policy only; raw ZIP/JSON unchanged; no final split assigned
test,3250.jpg,resize,sg-0050,gc-0049,dataset_resize,none,false,dataset_provided_resize,raw_annotation_unchanged,Candidate policy only; raw ZIP/JSON unchanged; no final split assigned
test,328.jpg,original,sg-0051,gc-0050,plain_base,none,true,,raw_annotation_unchanged,Candidate policy only; raw ZIP/JSON unchanged; no final split assigned
test,328.jpg,resize,sg-0051,gc-0050,dataset_resize,none,false,dataset_provided_resize,raw_annotation_unchanged,Candidate policy only; raw ZIP/JSON unchanged; no final split assigned
test,339.jpg,original,sg-0052,gc-0051,plain_base,none,true,,raw_annotation_unchanged,Candidate policy only; raw ZIP/JSON unchanged; no final split assigned
test,339.jpg,resize,sg-0052,gc-0051,dataset_resize,none,false,dataset_provided_resize,raw_annotation_unchanged,Candidate policy only; raw ZIP/JSON unchanged; no final split assigned
test,3421.jpg,original,sg-0053,gc-0052,plain_base,none,true,,raw_annotation_unchanged,Candidate policy only; raw ZIP/JSON unchanged; no final split assigned
test,3421.jpg,resize,sg-0053,gc-0052,dataset_resize,none,false,dataset_provided_resize,raw_annotation_unchanged,Candidate policy only; raw ZIP/JSON unchanged; no final split assigned
test,343.jpg,original,sg-0054,gc-0053,plain_base,none,true,,raw_annotation_unchanged,Candidate policy only; raw ZIP/JSON unchanged; no final split assigned
test,343.jpg,resize,sg-0054,gc-0053,dataset_resize,none,false,dataset_provided_resize,raw_annotation_unchanged,Candidate policy only; raw ZIP/JSON unchanged; no final split assigned
test,3480.jpg,original,sg-0055,gc-0054,plain_base,none,true,,raw_annotation_unchanged,Candidate policy only; raw ZIP/JSON unchanged; no final split assigned
test,3480.jpg,resize,sg-0055,gc-0054,dataset_resize,none,false,dataset_provided_resize,raw_annotation_unchanged,Candidate policy only; raw ZIP/JSON unchanged; no final split assigned
test,35.jpg,original,sg-0056,gc-0055,plain_base,none,true,,raw_annotation_unchanged,Candidate policy only; raw ZIP/JSON unchanged; no final split assigned
test,35.jpg,resize,sg-0056,gc-0055,dataset_resize,none,false,dataset_provided_resize,raw_annotation_unchanged,Candidate policy only; raw ZIP/JSON unchanged; no final split assigned
test,3820.jpg,original,sg-0057,gc-0056,plain_base,none,true,,raw_annotation_unchanged,Candidate policy only; raw ZIP/JSON unchanged; no final split assigned
test,3820.jpg,resize,sg-0057,gc-0056,dataset_resize,none,false,dataset_provided_resize,raw_annotation_unchanged,Candidate policy only; raw ZIP/JSON unchanged; no final split assigned
test,383.jpg,original,sg-0058,gc-0057,plain_base,none,true,,raw_annotation_unchanged,Candidate policy only; raw ZIP/JSON unchanged; no final split assigned
test,383.jpg,resize,sg-0058,gc-0057,dataset_resize,none,false,dataset_provided_resize,raw_annotation_unchanged,Candidate policy only; raw ZIP/JSON unchanged; no final split assigned
test,390.jpg,original,sg-0059,gc-0058,plain_base,none,true,,raw_annotation_unchanged,Candidate policy only; raw ZIP/JSON unchanged; no final split assigned
test,390.jpg,resize,sg-0059,gc-0058,dataset_resize,none,false,dataset_provided_resize,raw_annotation_unchanged,Candidate policy only; raw ZIP/JSON unchanged; no final split assigned
test,423-1.jpg,original,sg-0060,gc-0059,plain_base,none,true,,raw_annotation_unchanged,Candidate policy only; raw ZIP/JSON unchanged; no final split assigned
test,423-1.jpg,resize,sg-0060,gc-0059,dataset_resize,none,false,dataset_provided_resize,raw_annotation_unchanged,Candidate policy only; raw ZIP/JSON unchanged; no final split assigned
test,43.jpg,original,sg-0061,gc-0060,plain_base,none,true,,raw_annotation_unchanged,Candidate policy only; raw ZIP/JSON unchanged; no final split assigned
test,43.jpg,resize,sg-0061,gc-0060,dataset_resize,none,false,dataset_provided_resize,raw_annotation_unchanged,Candidate policy only; raw ZIP/JSON unchanged; no final split assigned
test,45.jpg,original,sg-0062,gc-0061,plain_base,none,true,,raw_annotation_unchanged,Candidate policy only; raw ZIP/JSON unchanged; no final split assigned
test,45.jpg,resize,sg-0062,gc-0061,dataset_resize,none,false,dataset_provided_resize,raw_annotation_unchanged,Candidate policy only; raw ZIP/JSON unchanged; no final split assigned
test,65.jpg,original,sg-0063,gc-0062,plain_base,none,true,,raw_annotation_unchanged,Candidate policy only; raw ZIP/JSON unchanged; no final split assigned
test,65.jpg,resize,sg-0063,gc-0062,dataset_resize,none,false,dataset_provided_resize,raw_annotation_unchanged,Candidate policy only; raw ZIP/JSON unchanged; no final split assigned
test,70000.jpg,original,sg-0064,gc-0063,plain_base,none,true,,raw_annotation_unchanged,Candidate policy only; raw ZIP/JSON unchanged; no final split assigned
test,70000.jpg,resize,sg-0064,gc-0063,dataset_resize,none,false,dataset_provided_resize,raw_annotation_unchanged,Candidate policy only; raw ZIP/JSON unchanged; no final split assigned
test,82.jpg,original,sg-0065,gc-0064,plain_base,none,true,,raw_annotation_unchanged,Candidate policy only; raw ZIP/JSON unchanged; no final split assigned
test,82.jpg,resize,sg-0065,gc-0064,dataset_resize,none,false,dataset_provided_resize,raw_annotation_unchanged,Candidate policy only; raw ZIP/JSON unchanged; no final split assigned
test,83.jpg,original,sg-0066,gc-0065,plain_base,none,true,,raw_annotation_unchanged,Candidate policy only; raw ZIP/JSON unchanged; no final split assigned
test,83.jpg,resize,sg-0066,gc-0065,dataset_resize,none,false,dataset_provided_resize,raw_annotation_unchanged,Candidate policy only; raw ZIP/JSON unchanged; no final split assigned
test,IMG_12340.jpg,original,sg-0067,gc-0066,plain_base,none,true,,raw_annotation_unchanged,Candidate policy only; raw ZIP/JSON unchanged; no final split assigned
test,IMG_12340.jpg,resize,sg-0067,gc-0066,dataset_resize,none,false,dataset_provided_resize,raw_annotation_unchanged,Candidate policy only; raw ZIP/JSON unchanged; no final split assigned
test,IMG_1236.jpg,original,sg-0068,gc-0067,plain_base,none,true,,raw_annotation_unchanged,Candidate policy only; raw ZIP/JSON unchanged; no final split assigned
test,IMG_1236.jpg,resize,sg-0068,gc-0067,dataset_resize,none,false,dataset_provided_resize,raw_annotation_unchanged,Candidate policy only; raw ZIP/JSON unchanged; no final split assigned
test,IMG_12420.jpg,original,sg-0069,gc-0068,plain_base,none,true,,raw_annotation_unchanged,Candidate policy only; raw ZIP/JSON unchanged; no final split assigned
test,IMG_12420.jpg,resize,sg-0069,gc-0068,dataset_resize,none,false,dataset_provided_resize,raw_annotation_unchanged,Candidate policy only; raw ZIP/JSON unchanged; no final split assigned
test,IMG_12480.jpg,original,sg-0070,gc-0069,plain_base,none,true,,raw_annotation_unchanged,Candidate policy only; raw ZIP/JSON unchanged; no final split assigned
test,IMG_12480.jpg,resize,sg-0070,gc-0069,dataset_resize,none,false,dataset_provided_resize,raw_annotation_unchanged,Candidate policy only; raw ZIP/JSON unchanged; no final split assigned
test,IMG_1249.jpg,original,sg-0071,gc-0070,plain_base,none,true,,raw_annotation_unchanged,Candidate policy only; raw ZIP/JSON unchanged; no final split assigned
test,IMG_1249.jpg,resize,sg-0071,gc-0070,dataset_resize,none,false,dataset_provided_resize,raw_annotation_unchanged,Candidate policy only; raw ZIP/JSON unchanged; no final split assigned
test,IMG_12570.jpg,original,sg-0072,gc-0071,plain_base,none,true,,raw_annotation_unchanged,Candidate policy only; raw ZIP/JSON unchanged; no final split assigned
test,IMG_12570.jpg,resize,sg-0072,gc-0071,dataset_resize,none,false,dataset_provided_resize,raw_annotation_unchanged,Candidate policy only; raw ZIP/JSON unchanged; no final split assigned
test,IMG_12730.jpg,original,sg-0073,gc-0072,plain_base,none,true,,raw_annotation_unchanged,Candidate policy only; raw ZIP/JSON unchanged; no final split assigned
test,IMG_12730.jpg,resize,sg-0073,gc-0072,dataset_resize,none,false,dataset_provided_resize,raw_annotation_unchanged,Candidate policy only; raw ZIP/JSON unchanged; no final split assigned
test,IMG_12790.jpg,original,sg-0074,gc-0073,plain_base,none,true,,raw_annotation_unchanged,Candidate policy only; raw ZIP/JSON unchanged; no final split assigned
test,IMG_12790.jpg,resize,sg-0074,gc-0073,dataset_resize,none,false,dataset_provided_resize,raw_annotation_unchanged,Candidate policy only; raw ZIP/JSON unchanged; no final split assigned
test,IMG_1285.jpg,original,sg-0075,gc-0074,plain_base,none,true,,raw_annotation_unchanged,Candidate policy only; raw ZIP/JSON unchanged; no final split assigned
test,IMG_1285.jpg,resize,sg-0075,gc-0074,dataset_resize,none,false,dataset_provided_resize,raw_annotation_unchanged,Candidate policy only; raw ZIP/JSON unchanged; no final split assigned
test,IMG_1288.jpg,original,sg-0076,gc-0075,plain_base,none,true,,raw_annotation_unchanged,Candidate policy only; raw ZIP/JSON unchanged; no final split assigned
test,IMG_1288.jpg,resize,sg-0076,gc-0075,dataset_resize,none,false,dataset_provided_resize,raw_annotation_unchanged,Candidate policy only; raw ZIP/JSON unchanged; no final split assigned
test,IMG_1304.jpg,original,sg-0077,gc-0076,plain_base,none,true,,raw_annotation_unchanged,Candidate policy only; raw ZIP/JSON unchanged; no final split assigned
test,IMG_1304.jpg,resize,sg-0077,gc-0076,dataset_resize,none,false,dataset_provided_resize,raw_annotation_unchanged,Candidate policy only; raw ZIP/JSON unchanged; no final split assigned
test,IMG_13060.jpg,original,sg-0078,gc-0077,plain_base,none,true,,raw_annotation_unchanged,Candidate policy only; raw ZIP/JSON unchanged; no final split assigned
test,IMG_13060.jpg,resize,sg-0078,gc-0077,dataset_resize,none,false,dataset_provided_resize,raw_annotation_unchanged,Candidate policy only; raw ZIP/JSON unchanged; no final split assigned
test,IMG_13090.jpg,original,sg-0079,gc-0078,plain_base,none,true,,raw_annotation_unchanged,Candidate policy only; raw ZIP/JSON unchanged; no final split assigned
test,IMG_13090.jpg,resize,sg-0079,gc-0078,dataset_resize,none,false,dataset_provided_resize,raw_annotation_unchanged,Candidate policy only; raw ZIP/JSON unchanged; no final split assigned
test,IMG_13110.jpg,original,sg-0080,gc-0079,plain_base,none,true,,raw_annotation_unchanged,Candidate policy only; raw ZIP/JSON unchanged; no final split assigned
test,IMG_13110.jpg,resize,sg-0080,gc-0079,dataset_resize,none,false,dataset_provided_resize,raw_annotation_unchanged,Candidate policy only; raw ZIP/JSON unchanged; no final split assigned
test,IMG_13150.jpg,original,sg-0081,gc-0080,plain_base,none,true,,raw_annotation_unchanged,Candidate policy only; raw ZIP/JSON unchanged; no final split assigned
test,IMG_13150.jpg,resize,sg-0081,gc-0080,dataset_resize,none,false,dataset_provided_resize,raw_annotation_unchanged,Candidate policy only; raw ZIP/JSON unchanged; no final split assigned
test,IMG_13190.jpg,original,sg-0082,gc-0081,plain_base,none,true,,raw_annotation_unchanged,Candidate policy only; raw ZIP/JSON unchanged; no final split assigned
test,IMG_13190.jpg,resize,sg-0082,gc-0081,dataset_resize,none,false,dataset_provided_resize,raw_annotation_unchanged,Candidate policy only; raw ZIP/JSON unchanged; no final split assigned
test,IMG_13260.jpg,original,sg-0083,gc-0082,plain_base,none,true,,raw_annotation_unchanged,Candidate policy only; raw ZIP/JSON unchanged; no final split assigned
test,IMG_13260.jpg,resize,sg-0083,gc-0082,dataset_resize,none,false,dataset_provided_resize,raw_annotation_unchanged,Candidate policy only; raw ZIP/JSON unchanged; no final split assigned
test,IMG_13270.jpg,original,sg-0084,gc-0083,plain_base,none,true,,raw_annotation_unchanged,Candidate policy only; raw ZIP/JSON unchanged; no final split assigned
test,IMG_13270.jpg,resize,sg-0084,gc-0083,dataset_resize,none,false,dataset_provided_resize,raw_annotation_unchanged,Candidate policy only; raw ZIP/JSON unchanged; no final split assigned
test,IMG_13290.jpg,original,sg-0085,gc-0084,plain_base,none,true,,raw_annotation_unchanged,Candidate policy only; raw ZIP/JSON unchanged; no final split assigned
test,IMG_13290.jpg,resize,sg-0085,gc-0084,dataset_resize,none,false,dataset_provided_resize,raw_annotation_unchanged,Candidate policy only; raw ZIP/JSON unchanged; no final split assigned
test,IMG_13320.jpg,original,sg-0086,gc-0085,plain_base,none,true,,raw_annotation_unchanged,Candidate policy only; raw ZIP/JSON unchanged; no final split assigned
test,IMG_13320.jpg,resize,sg-0086,gc-0085,dataset_resize,none,false,dataset_provided_resize,raw_annotation_unchanged,Candidate policy only; raw ZIP/JSON unchanged; no final split assigned
test,IMG_13330.jpg,original,sg-0087,gc-0086,plain_base,none,true,,raw_annotation_unchanged,Candidate policy only; raw ZIP/JSON unchanged; no final split assigned
test,IMG_13330.jpg,resize,sg-0087,gc-0086,dataset_resize,none,false,dataset_provided_resize,raw_annotation_unchanged,Candidate policy only; raw ZIP/JSON unchanged; no final split assigned
test,IMG_13340.jpg,original,sg-0088,gc-0087,plain_base,none,true,,raw_annotation_unchanged,Candidate policy only; raw ZIP/JSON unchanged; no final split assigned
test,IMG_13340.jpg,resize,sg-0088,gc-0087,dataset_resize,none,false,dataset_provided_resize,raw_annotation_unchanged,Candidate policy only; raw ZIP/JSON unchanged; no final split assigned
test,IMG_13360.jpg,original,sg-0089,gc-0088,plain_base,none,true,,raw_annotation_unchanged,Candidate policy only; raw ZIP/JSON unchanged; no final split assigned
test,IMG_13360.jpg,resize,sg-0089,gc-0088,dataset_resize,none,false,dataset_provided_resize,raw_annotation_unchanged,Candidate policy only; raw ZIP/JSON unchanged; no final split assigned
test,IMG_1346.jpg,original,sg-0090,gc-0089,plain_base,none,true,,raw_annotation_unchanged,Candidate policy only; raw ZIP/JSON unchanged; no final split assigned
test,IMG_1346.jpg,resize,sg-0090,gc-0089,dataset_resize,none,false,dataset_provided_resize,raw_annotation_unchanged,Candidate policy only; raw ZIP/JSON unchanged; no final split assigned
test,IMG_1353.jpg,original,sg-0091,gc-0090,plain_base,none,true,,raw_annotation_unchanged,Candidate policy only; raw ZIP/JSON unchanged; no final split assigned
test,IMG_1353.jpg,resize,sg-0091,gc-0090,dataset_resize,none,false,dataset_provided_resize,raw_annotation_unchanged,Candidate policy only; raw ZIP/JSON unchanged; no final split assigned
test,IMG_13590.jpg,original,sg-0092,gc-0091,plain_base,none,true,,raw_annotation_unchanged,Candidate policy only; raw ZIP/JSON unchanged; no final split assigned
test,IMG_13590.jpg,resize,sg-0092,gc-0091,dataset_resize,none,false,dataset_provided_resize,raw_annotation_unchanged,Candidate policy only; raw ZIP/JSON unchanged; no final split assigned
test,IMG_13610.jpg,original,sg-0093,gc-0092,plain_base,none,true,,raw_annotation_unchanged,Candidate policy only; raw ZIP/JSON unchanged; no final split assigned
test,IMG_13610.jpg,resize,sg-0093,gc-0092,dataset_resize,none,false,dataset_provided_resize,raw_annotation_unchanged,Candidate policy only; raw ZIP/JSON unchanged; no final split assigned
test,IMG_13650.jpg,original,sg-0094,gc-0093,plain_base,none,true,,raw_annotation_unchanged,Candidate policy only; raw ZIP/JSON unchanged; no final split assigned
test,IMG_13650.jpg,resize,sg-0094,gc-0093,dataset_resize,none,false,dataset_provided_resize,raw_annotation_unchanged,Candidate policy only; raw ZIP/JSON unchanged; no final split assigned
test,IMG_1368.jpg,original,sg-0095,gc-0094,plain_base,none,true,,raw_annotation_unchanged,Candidate policy only; raw ZIP/JSON unchanged; no final split assigned
test,IMG_1368.jpg,resize,sg-0095,gc-0094,dataset_resize,none,false,dataset_provided_resize,raw_annotation_unchanged,Candidate policy only; raw ZIP/JSON unchanged; no final split assigned
test,IMG_13750.jpg,original,sg-0096,gc-0095,plain_base,none,true,,raw_annotation_unchanged,Candidate policy only; raw ZIP/JSON unchanged; no final split assigned
test,IMG_13750.jpg,resize,sg-0096,gc-0095,dataset_resize,none,false,dataset_provided_resize,raw_annotation_unchanged,Candidate policy only; raw ZIP/JSON unchanged; no final split assigned
test,IMG_13770.jpg,original,sg-0097,gc-0096,plain_base,none,true,,raw_annotation_unchanged,Candidate policy only; raw ZIP/JSON unchanged; no final split assigned
test,IMG_13770.jpg,resize,sg-0097,gc-0096,dataset_resize,none,false,dataset_provided_resize,raw_annotation_unchanged,Candidate policy only; raw ZIP/JSON unchanged; no final split assigned
test,IMG_1378.jpg,original,sg-0098,gc-0097,plain_base,none,true,,raw_annotation_unchanged,Candidate policy only; raw ZIP/JSON unchanged; no final split assigned
test,IMG_1378.jpg,resize,sg-0098,gc-0097,dataset_resize,none,false,dataset_provided_resize,raw_annotation_unchanged,Candidate policy only; raw ZIP/JSON unchanged; no final split assigned
test,IMG_13800.jpg,original,sg-0099,gc-0098,plain_base,none,true,,raw_annotation_unchanged,Candidate policy only; raw ZIP/JSON unchanged; no final split assigned
test,IMG_13800.jpg,resize,sg-0099,gc-0098,dataset_resize,none,false,dataset_provided_resize,raw_annotation_unchanged,Candidate policy only; raw ZIP/JSON unchanged; no final split assigned
test,IMG_13830.jpg,original,sg-0100,gc-0099,plain_base,none,true,,raw_annotation_unchanged,Candidate policy only; raw ZIP/JSON unchanged; no final split assigned
test,IMG_13830.jpg,resize,sg-0100,gc-0099,dataset_resize,none,false,dataset_provided_resize,raw_annotation_unchanged,Candidate policy only; raw ZIP/JSON unchanged; no final split assigned
test,IMG_13850.jpg,original,sg-0101,gc-0100,plain_base,none,true,,raw_annotation_unchanged,Candidate policy only; raw ZIP/JSON unchanged; no final split assigned
test,IMG_13850.jpg,resize,sg-0101,gc-0100,dataset_resize,none,false,dataset_provided_resize,raw_annotation_unchanged,Candidate policy only; raw ZIP/JSON unchanged; no final split assigned
test,IMG_1387.jpg,original,sg-0102,gc-0101,plain_base,none,true,,raw_annotation_unchanged,Candidate policy only; raw ZIP/JSON unchanged; no final split assigned
test,IMG_1387.jpg,resize,sg-0102,gc-0101,dataset_resize,none,false,dataset_provided_resize,raw_annotation_unchanged,Candidate policy only; raw ZIP/JSON unchanged; no final split assigned
test,IMG_13880.jpg,original,sg-0103,gc-0102,plain_base,none,true,,raw_annotation_unchanged,Candidate policy only; raw ZIP/JSON unchanged; no final split assigned
test,IMG_13880.jpg,resize,sg-0103,gc-0102,dataset_resize,none,false,dataset_provided_resize,raw_annotation_unchanged,Candidate policy only; raw ZIP/JSON unchanged; no final split assigned
test,IMG_1389.jpg,original,sg-0104,gc-0103,plain_base,none,true,,raw_annotation_unchanged,Candidate policy only; raw ZIP/JSON unchanged; no final split assigned
test,IMG_1389.jpg,resize,sg-0104,gc-0103,dataset_resize,none,false,dataset_provided_resize,raw_annotation_unchanged,Candidate policy only; raw ZIP/JSON unchanged; no final split assigned
test,IMG_1390.jpg,original,sg-0105,gc-0104,plain_base,none,true,,raw_annotation_unchanged,Candidate policy only; raw ZIP/JSON unchanged; no final split assigned
test,IMG_1390.jpg,resize,sg-0105,gc-0104,dataset_resize,none,false,dataset_provided_resize,raw_annotation_unchanged,Candidate policy only; raw ZIP/JSON unchanged; no final split assigned
test,IMG_13920.jpg,original,sg-0106,gc-0105,plain_base,none,true,,raw_annotation_unchanged,Candidate policy only; raw ZIP/JSON unchanged; no final split assigned
test,IMG_13920.jpg,resize,sg-0106,gc-0105,dataset_resize,none,false,dataset_provided_resize,raw_annotation_unchanged,Candidate policy only; raw ZIP/JSON unchanged; no final split assigned
test,IMG_13940.jpg,original,sg-0107,gc-0106,plain_base,none,true,,raw_annotation_unchanged,Candidate policy only; raw ZIP/JSON unchanged; no final split assigned
test,IMG_13940.jpg,resize,sg-0107,gc-0106,dataset_resize,none,false,dataset_provided_resize,raw_annotation_unchanged,Candidate policy only; raw ZIP/JSON unchanged; no final split assigned
test,IMG_13950.jpg,original,sg-0108,gc-0107,plain_base,none,true,,raw_annotation_unchanged,Candidate policy only; raw ZIP/JSON unchanged; no final split assigned
test,IMG_13950.jpg,resize,sg-0108,gc-0107,dataset_resize,none,false,dataset_provided_resize,raw_annotation_unchanged,Candidate policy only; raw ZIP/JSON unchanged; no final split assigned
test,IMG_1398.jpg,original,sg-0109,gc-0108,plain_base,none,true,,raw_annotation_unchanged,Candidate policy only; raw ZIP/JSON unchanged; no final split assigned
test,IMG_1398.jpg,resize,sg-0109,gc-0108,dataset_resize,none,false,dataset_provided_resize,raw_annotation_unchanged,Candidate policy only; raw ZIP/JSON unchanged; no final split assigned
test,IMG_14010.jpg,original,sg-0110,gc-0109,plain_base,none,true,,raw_annotation_unchanged,Candidate policy only; raw ZIP/JSON unchanged; no final split assigned
test,IMG_14010.jpg,resize,sg-0110,gc-0109,dataset_resize,none,false,dataset_provided_resize,raw_annotation_unchanged,Candidate policy only; raw ZIP/JSON unchanged; no final split assigned
test,IMG_14030.jpg,original,sg-0111,gc-0110,plain_base,none,true,,raw_annotation_unchanged,Candidate policy only; raw ZIP/JSON unchanged; no final split assigned
test,IMG_14030.jpg,resize,sg-0111,gc-0110,dataset_resize,none,false,dataset_provided_resize,raw_annotation_unchanged,Candidate policy only; raw ZIP/JSON unchanged; no final split assigned
test,IMG_14050.jpg,original,sg-0112,gc-0111,plain_base,none,true,,raw_annotation_unchanged,Candidate policy only; raw ZIP/JSON unchanged; no final split assigned
test,IMG_14050.jpg,resize,sg-0112,gc-0111,dataset_resize,none,false,dataset_provided_resize,raw_annotation_unchanged,Candidate policy only; raw ZIP/JSON unchanged; no final split assigned
test,IMG_1408.jpg,original,sg-0113,gc-0112,plain_base,none,true,,raw_annotation_unchanged,Candidate policy only; raw ZIP/JSON unchanged; no final split assigned
test,IMG_1408.jpg,resize,sg-0113,gc-0112,dataset_resize,none,false,dataset_provided_resize,raw_annotation_unchanged,Candidate policy only; raw ZIP/JSON unchanged; no final split assigned
test,IMG_14090.jpg,original,sg-0114,gc-0113,plain_base,none,true,,raw_annotation_unchanged,Candidate policy only; raw ZIP/JSON unchanged; no final split assigned
test,IMG_14090.jpg,resize,sg-0114,gc-0113,dataset_resize,none,false,dataset_provided_resize,raw_annotation_unchanged,Candidate policy only; raw ZIP/JSON unchanged; no final split assigned
test,IMG_14120.jpg,original,sg-0115,gc-0114,plain_base,none,true,,raw_annotation_unchanged,Candidate policy only; raw ZIP/JSON unchanged; no final split assigned
test,IMG_14120.jpg,resize,sg-0115,gc-0114,dataset_resize,none,false,dataset_provided_resize,raw_annotation_unchanged,Candidate policy only; raw ZIP/JSON unchanged; no final split assigned
test,IMG_1416.jpg,original,sg-0116,gc-0115,plain_base,none,true,,raw_annotation_unchanged,Candidate policy only; raw ZIP/JSON unchanged; no final split assigned
test,IMG_1416.jpg,resize,sg-0116,gc-0115,dataset_resize,none,false,dataset_provided_resize,raw_annotation_unchanged,Candidate policy only; raw ZIP/JSON unchanged; no final split assigned
test,IMG_14170.jpg,original,sg-0117,gc-0116,plain_base,none,true,,raw_annotation_unchanged,Candidate policy only; raw ZIP/JSON unchanged; no final split assigned
test,IMG_14170.jpg,resize,sg-0117,gc-0116,dataset_resize,none,false,dataset_provided_resize,raw_annotation_unchanged,Candidate policy only; raw ZIP/JSON unchanged; no final split assigned
test,IMG_1419.jpg,original,sg-0118,gc-0117,plain_base,none,true,,raw_annotation_unchanged,Candidate policy only; raw ZIP/JSON unchanged; no final split assigned
test,IMG_1419.jpg,resize,sg-0118,gc-0117,dataset_resize,none,false,dataset_provided_resize,raw_annotation_unchanged,Candidate policy only; raw ZIP/JSON unchanged; no final split assigned
test,IMG_14300.jpg,original,sg-0119,gc-0118,plain_base,none,true,,raw_annotation_unchanged,Candidate policy only; raw ZIP/JSON unchanged; no final split assigned
test,IMG_14300.jpg,resize,sg-0119,gc-0118,dataset_resize,none,false,dataset_provided_resize,raw_annotation_unchanged,Candidate policy only; raw ZIP/JSON unchanged; no final split assigned
test,IMG_14420.jpg,original,sg-0120,gc-0119,plain_base,none,true,,raw_annotation_unchanged,Candidate policy only; raw ZIP/JSON unchanged; no final split assigned
test,IMG_14420.jpg,resize,sg-0120,gc-0119,dataset_resize,none,false,dataset_provided_resize,raw_annotation_unchanged,Candidate policy only; raw ZIP/JSON unchanged; no final split assigned
test,IMG_14430.jpg,original,sg-0121,gc-0120,plain_base,none,true,,raw_annotation_unchanged,Candidate policy only; raw ZIP/JSON unchanged; no final split assigned
test,IMG_14430.jpg,resize,sg-0121,gc-0120,dataset_resize,none,false,dataset_provided_resize,raw_annotation_unchanged,Candidate policy only; raw ZIP/JSON unchanged; no final split assigned
test,IMG_14460.jpg,original,sg-0122,gc-0121,plain_base,none,true,,raw_annotation_unchanged,Candidate policy only; raw ZIP/JSON unchanged; no final split assigned
test,IMG_14460.jpg,resize,sg-0122,gc-0121,dataset_resize,none,false,dataset_provided_resize,raw_annotation_unchanged,Candidate policy only; raw ZIP/JSON unchanged; no final split assigned
test,IMG_1448.jpg,original,sg-0123,gc-0122,plain_base,none,true,,raw_annotation_unchanged,Candidate policy only; raw ZIP/JSON unchanged; no final split assigned
test,IMG_1448.jpg,resize,sg-0123,gc-0122,dataset_resize,none,false,dataset_provided_resize,raw_annotation_unchanged,Candidate policy only; raw ZIP/JSON unchanged; no final split assigned
test,IMG_1450.jpg,original,sg-0124,gc-0123,plain_base,none,true,,raw_annotation_unchanged,Candidate policy only; raw ZIP/JSON unchanged; no final split assigned
test,IMG_1450.jpg,resize,sg-0124,gc-0123,dataset_resize,none,false,dataset_provided_resize,raw_annotation_unchanged,Candidate policy only; raw ZIP/JSON unchanged; no final split assigned
test,IMG_1452.jpg,original,sg-0125,gc-0124,plain_base,none,true,,raw_annotation_unchanged,Candidate policy only; raw ZIP/JSON unchanged; no final split assigned
test,IMG_1452.jpg,resize,sg-0125,gc-0124,dataset_resize,none,false,dataset_provided_resize,raw_annotation_unchanged,Candidate policy only; raw ZIP/JSON unchanged; no final split assigned
test,IMG_1461.jpg,original,sg-0126,gc-0125,plain_base,none,true,,raw_annotation_unchanged,Candidate policy only; raw ZIP/JSON unchanged; no final split assigned
test,IMG_1461.jpg,resize,sg-0126,gc-0125,dataset_resize,none,false,dataset_provided_resize,raw_annotation_unchanged,Candidate policy only; raw ZIP/JSON unchanged; no final split assigned
test,IMG_1464.jpg,original,sg-0127,gc-0126,plain_base,none,true,,raw_annotation_unchanged,Candidate policy only; raw ZIP/JSON unchanged; no final split assigned
test,IMG_1464.jpg,resize,sg-0127,gc-0126,dataset_resize,none,false,dataset_provided_resize,raw_annotation_unchanged,Candidate policy only; raw ZIP/JSON unchanged; no final split assigned
test,IMG_14660.jpg,original,sg-0128,gc-0127,plain_base,none,true,,raw_annotation_unchanged,Candidate policy only; raw ZIP/JSON unchanged; no final split assigned
test,IMG_14660.jpg,resize,sg-0128,gc-0127,dataset_resize,none,false,dataset_provided_resize,raw_annotation_unchanged,Candidate policy only; raw ZIP/JSON unchanged; no final split assigned
test,IMG_14670.jpg,original,sg-0129,gc-0128,plain_base,none,true,,raw_annotation_unchanged,Candidate policy only; raw ZIP/JSON unchanged; no final split assigned
test,IMG_14670.jpg,resize,sg-0129,gc-0128,dataset_resize,none,false,dataset_provided_resize,raw_annotation_unchanged,Candidate policy only; raw ZIP/JSON unchanged; no final split assigned
test,IMG_1469.jpg,original,sg-0130,gc-0129,plain_base,none,true,,raw_annotation_unchanged,Candidate policy only; raw ZIP/JSON unchanged; no final split assigned
test,IMG_1469.jpg,resize,sg-0130,gc-0129,dataset_resize,none,false,dataset_provided_resize,raw_annotation_unchanged,Candidate policy only; raw ZIP/JSON unchanged; no final split assigned
test,IMG_1475.jpg,original,sg-0131,gc-0130,plain_base,none,true,,raw_annotation_unchanged,Candidate policy only; raw ZIP/JSON unchanged; no final split assigned
test,IMG_1475.jpg,resize,sg-0131,gc-0130,dataset_resize,none,false,dataset_provided_resize,raw_annotation_unchanged,Candidate policy only; raw ZIP/JSON unchanged; no final split assigned
test,IMG_15601.jpg,original,sg-0132,gc-0131,plain_base,none,true,,raw_annotation_unchanged,Candidate policy only; raw ZIP/JSON unchanged; no final split assigned
test,IMG_15601.jpg,resize,sg-0132,gc-0131,dataset_resize,none,false,dataset_provided_resize,raw_annotation_unchanged,Candidate policy only; raw ZIP/JSON unchanged; no final split assigned
test,IMG_5387.jpg,original,sg-0133,gc-0132,plain_base,none,true,,raw_annotation_unchanged,Candidate policy only; raw ZIP/JSON unchanged; no final split assigned
test,IMG_5387.jpg,resize,sg-0133,gc-0132,dataset_resize,none,false,dataset_provided_resize,raw_annotation_unchanged,Candidate policy only; raw ZIP/JSON unchanged; no final split assigned
test,IMG_53880.jpg,original,sg-0134,gc-0133,plain_base,none,true,,raw_annotation_unchanged,Candidate policy only; raw ZIP/JSON unchanged; no final split assigned
test,IMG_53880.jpg,resize,sg-0134,gc-0133,dataset_resize,none,false,dataset_provided_resize,raw_annotation_unchanged,Candidate policy only; raw ZIP/JSON unchanged; no final split assigned
test,IMG_53890.jpg,original,sg-0135,gc-0134,plain_base,none,true,,raw_annotation_unchanged,Candidate policy only; raw ZIP/JSON unchanged; no final split assigned
test,IMG_53890.jpg,resize,sg-0135,gc-0134,dataset_resize,none,false,dataset_provided_resize,raw_annotation_unchanged,Candidate policy only; raw ZIP/JSON unchanged; no final split assigned
test,IMG_5393.jpg,original,sg-0136,gc-0135,plain_base,none,true,,raw_annotation_unchanged,Candidate policy only; raw ZIP/JSON unchanged; no final split assigned
test,IMG_5393.jpg,resize,sg-0136,gc-0135,dataset_resize,none,false,dataset_provided_resize,raw_annotation_unchanged,Candidate policy only; raw ZIP/JSON unchanged; no final split assigned
test,IMG_53950.jpg,original,sg-0137,gc-0136,plain_base,none,true,,raw_annotation_unchanged,Candidate policy only; raw ZIP/JSON unchanged; no final split assigned
test,IMG_53950.jpg,resize,sg-0137,gc-0136,dataset_resize,none,false,dataset_provided_resize,raw_annotation_unchanged,Candidate policy only; raw ZIP/JSON unchanged; no final split assigned
test,IMG_53970.jpg,original,sg-0138,gc-0137,plain_base,none,true,,raw_annotation_unchanged,Candidate policy only; raw ZIP/JSON unchanged; no final split assigned
test,IMG_53970.jpg,resize,sg-0138,gc-0137,dataset_resize,none,false,dataset_provided_resize,raw_annotation_unchanged,Candidate policy only; raw ZIP/JSON unchanged; no final split assigned
test,IMG_5405.jpg,original,sg-0139,gc-0138,plain_base,none,true,,raw_annotation_unchanged,Candidate policy only; raw ZIP/JSON unchanged; no final split assigned
test,IMG_5405.jpg,resize,sg-0139,gc-0138,dataset_resize,none,false,dataset_provided_resize,raw_annotation_unchanged,Candidate policy only; raw ZIP/JSON unchanged; no final split assigned
test,IMG_5409.jpg,original,sg-0140,gc-0139,plain_base,none,true,,raw_annotation_unchanged,Candidate policy only; raw ZIP/JSON unchanged; no final split assigned
test,IMG_5409.jpg,resize,sg-0140,gc-0139,dataset_resize,none,false,dataset_provided_resize,raw_annotation_unchanged,Candidate policy only; raw ZIP/JSON unchanged; no final split assigned
test,IMG_54140.jpg,original,sg-0141,gc-0140,plain_base,none,true,,raw_annotation_unchanged,Candidate policy only; raw ZIP/JSON unchanged; no final split assigned
test,IMG_54140.jpg,resize,sg-0141,gc-0140,dataset_resize,none,false,dataset_provided_resize,raw_annotation_unchanged,Candidate policy only; raw ZIP/JSON unchanged; no final split assigned
test,IMG_54160.jpg,original,sg-0142,gc-0141,plain_base,none,true,,raw_annotation_unchanged,Candidate policy only; raw ZIP/JSON unchanged; no final split assigned
test,IMG_54160.jpg,resize,sg-0142,gc-0141,dataset_resize,none,false,dataset_provided_resize,raw_annotation_unchanged,Candidate policy only; raw ZIP/JSON unchanged; no final split assigned
test,IMG_5418.jpg,original,sg-0143,gc-0142,plain_base,none,true,,raw_annotation_unchanged,Candidate policy only; raw ZIP/JSON unchanged; no final split assigned
test,IMG_5418.jpg,resize,sg-0143,gc-0142,dataset_resize,none,false,dataset_provided_resize,raw_annotation_unchanged,Candidate policy only; raw ZIP/JSON unchanged; no final split assigned
test,IMG_54190.jpg,original,sg-0144,gc-0143,plain_base,none,true,,raw_annotation_unchanged,Candidate policy only; raw ZIP/JSON unchanged; no final split assigned
test,IMG_54190.jpg,resize,sg-0144,gc-0143,dataset_resize,none,false,dataset_provided_resize,raw_annotation_unchanged,Candidate policy only; raw ZIP/JSON unchanged; no final split assigned
test,IMG_54280.jpg,original,sg-0145,gc-0144,plain_base,none,true,,raw_annotation_unchanged,Candidate policy only; raw ZIP/JSON unchanged; no final split assigned
test,IMG_54280.jpg,resize,sg-0145,gc-0144,dataset_resize,none,false,dataset_provided_resize,raw_annotation_unchanged,Candidate policy only; raw ZIP/JSON unchanged; no final split assigned
test,IMG_54290.jpg,original,sg-0146,gc-0145,plain_base,none,true,,raw_annotation_unchanged,Candidate policy only; raw ZIP/JSON unchanged; no final split assigned
test,IMG_54290.jpg,resize,sg-0146,gc-0145,dataset_resize,none,false,dataset_provided_resize,raw_annotation_unchanged,Candidate policy only; raw ZIP/JSON unchanged; no final split assigned
test,IMG_5430.jpg,original,sg-0147,gc-0146,plain_base,none,true,,raw_annotation_unchanged,Candidate policy only; raw ZIP/JSON unchanged; no final split assigned
test,IMG_5430.jpg,resize,sg-0147,gc-0146,dataset_resize,none,false,dataset_provided_resize,raw_annotation_unchanged,Candidate policy only; raw ZIP/JSON unchanged; no final split assigned
test,IMG_54350.jpg,original,sg-0148,gc-0147,plain_base,none,true,,derived_valid_three_class_only; region_3_invalid_unknown; evaluator_FP_probe_required,Candidate policy only; raw ZIP/JSON unchanged; no final split assigned
test,IMG_54350.jpg,resize,sg-0148,gc-0147,dataset_resize,none,false,dataset_provided_resize,derived_valid_three_class_only; region_3_invalid_unknown; evaluator_FP_probe_required,Candidate policy only; raw ZIP/JSON unchanged; no final split assigned
test,IMG_54370.jpg,original,sg-0149,gc-0148,plain_base,none,true,,raw_annotation_unchanged,Candidate policy only; raw ZIP/JSON unchanged; no final split assigned
test,IMG_54370.jpg,resize,sg-0149,gc-0148,dataset_resize,none,false,dataset_provided_resize,raw_annotation_unchanged,Candidate policy only; raw ZIP/JSON unchanged; no final split assigned
test,IMG_54420.jpg,original,sg-0150,gc-0149,plain_base,none,true,,raw_annotation_unchanged,Candidate policy only; raw ZIP/JSON unchanged; no final split assigned
test,IMG_54420.jpg,resize,sg-0150,gc-0149,dataset_resize,none,false,dataset_provided_resize,raw_annotation_unchanged,Candidate policy only; raw ZIP/JSON unchanged; no final split assigned
test,IMG_54440.jpg,original,sg-0151,gc-0150,plain_base,none,true,,raw_annotation_unchanged,Candidate policy only; raw ZIP/JSON unchanged; no final split assigned
test,IMG_54440.jpg,resize,sg-0151,gc-0150,dataset_resize,none,false,dataset_provided_resize,raw_annotation_unchanged,Candidate policy only; raw ZIP/JSON unchanged; no final split assigned
test,IMG_54450.jpg,original,sg-0152,gc-0151,plain_base,none,true,,raw_annotation_unchanged,Candidate policy only; raw ZIP/JSON unchanged; no final split assigned
test,IMG_54450.jpg,resize,sg-0152,gc-0151,dataset_resize,none,false,dataset_provided_resize,raw_annotation_unchanged,Candidate policy only; raw ZIP/JSON unchanged; no final split assigned
test,IMG_54470.jpg,original,sg-0153,gc-0152,plain_base,none,true,,raw_annotation_unchanged,Candidate policy only; raw ZIP/JSON unchanged; no final split assigned
test,IMG_54470.jpg,resize,sg-0153,gc-0152,dataset_resize,none,false,dataset_provided_resize,raw_annotation_unchanged,Candidate policy only; raw ZIP/JSON unchanged; no final split assigned
test,IMG_54550.jpg,original,sg-0154,gc-0153,plain_base,none,true,,raw_annotation_unchanged,Candidate policy only; raw ZIP/JSON unchanged; no final split assigned
test,IMG_54550.jpg,resize,sg-0154,gc-0153,dataset_resize,none,false,dataset_provided_resize,raw_annotation_unchanged,Candidate policy only; raw ZIP/JSON unchanged; no final split assigned
test,IMG_54560.jpg,original,sg-0155,gc-0154,plain_base,none,true,,raw_annotation_unchanged,Candidate policy only; raw ZIP/JSON unchanged; no final split assigned
test,IMG_54560.jpg,resize,sg-0155,gc-0154,dataset_resize,none,false,dataset_provided_resize,raw_annotation_unchanged,Candidate policy only; raw ZIP/JSON unchanged; no final split assigned
test,IMG_54690.jpg,original,sg-0156,gc-0155,plain_base,none,true,,raw_annotation_unchanged,Candidate policy only; raw ZIP/JSON unchanged; no final split assigned
test,IMG_54690.jpg,resize,sg-0156,gc-0155,dataset_resize,none,false,dataset_provided_resize,raw_annotation_unchanged,Candidate policy only; raw ZIP/JSON unchanged; no final split assigned
test,IMG_5472.jpg,original,sg-0157,gc-0156,plain_base,none,true,,raw_annotation_unchanged,Candidate policy only; raw ZIP/JSON unchanged; no final split assigned
test,IMG_5472.jpg,resize,sg-0157,gc-0156,dataset_resize,none,false,dataset_provided_resize,raw_annotation_unchanged,Candidate policy only; raw ZIP/JSON unchanged; no final split assigned
test,IMG_54910.jpg,original,sg-0158,gc-0157,plain_base,none,true,,raw_annotation_unchanged,Candidate policy only; raw ZIP/JSON unchanged; no final split assigned
test,IMG_54910.jpg,resize,sg-0158,gc-0157,dataset_resize,none,false,dataset_provided_resize,raw_annotation_unchanged,Candidate policy only; raw ZIP/JSON unchanged; no final split assigned
test,IMG_55060.jpg,original,sg-0159,gc-0158,plain_base,none,true,,raw_annotation_unchanged,Candidate policy only; raw ZIP/JSON unchanged; no final split assigned
test,IMG_55060.jpg,resize,sg-0159,gc-0158,dataset_resize,none,false,dataset_provided_resize,raw_annotation_unchanged,Candidate policy only; raw ZIP/JSON unchanged; no final split assigned
test,IMG_5546.jpg,original,sg-0160,gc-0159,plain_base,none,true,,raw_annotation_unchanged,Candidate policy only; raw ZIP/JSON unchanged; no final split assigned
test,IMG_5546.jpg,resize,sg-0160,gc-0159,dataset_resize,none,false,dataset_provided_resize,raw_annotation_unchanged,Candidate policy only; raw ZIP/JSON unchanged; no final split assigned
test,IMG_55800.jpg,original,sg-0161,gc-0160,plain_base,none,true,,raw_annotation_unchanged,Candidate policy only; raw ZIP/JSON unchanged; no final split assigned
test,IMG_55800.jpg,resize,sg-0161,gc-0160,dataset_resize,none,false,dataset_provided_resize,raw_annotation_unchanged,Candidate policy only; raw ZIP/JSON unchanged; no final split assigned
test,IMG_55890.jpg,original,sg-0162,gc-0161,plain_base,none,true,,raw_annotation_unchanged,Candidate policy only; raw ZIP/JSON unchanged; no final split assigned
test,IMG_55890.jpg,resize,sg-0162,gc-0161,dataset_resize,none,false,dataset_provided_resize,raw_annotation_unchanged,Candidate policy only; raw ZIP/JSON unchanged; no final split assigned
test,IMG_55910.jpg,original,sg-0163,gc-0162,plain_base,none,true,,raw_annotation_unchanged,Candidate policy only; raw ZIP/JSON unchanged; no final split assigned
test,IMG_55910.jpg,resize,sg-0163,gc-0162,dataset_resize,none,false,dataset_provided_resize,raw_annotation_unchanged,Candidate policy only; raw ZIP/JSON unchanged; no final split assigned
test,IMG_55980.jpg,original,sg-0164,gc-0163,plain_base,none,true,,raw_annotation_unchanged,Candidate policy only; raw ZIP/JSON unchanged; no final split assigned
test,IMG_55980.jpg,resize,sg-0164,gc-0163,dataset_resize,none,false,dataset_provided_resize,raw_annotation_unchanged,Candidate policy only; raw ZIP/JSON unchanged; no final split assigned
test,IMG_5605.jpg,original,sg-0165,gc-0164,plain_base,none,true,,raw_annotation_unchanged,Candidate policy only; raw ZIP/JSON unchanged; no final split assigned
test,IMG_5605.jpg,resize,sg-0165,gc-0164,dataset_resize,none,false,dataset_provided_resize,raw_annotation_unchanged,Candidate policy only; raw ZIP/JSON unchanged; no final split assigned
test,IMG_5606.jpg,original,sg-0166,gc-0165,plain_base,none,true,,raw_annotation_unchanged,Candidate policy only; raw ZIP/JSON unchanged; no final split assigned
test,IMG_5606.jpg,resize,sg-0166,gc-0165,dataset_resize,none,false,dataset_provided_resize,raw_annotation_unchanged,Candidate policy only; raw ZIP/JSON unchanged; no final split assigned
test,IMG_56100.jpg,original,sg-0167,gc-0166,plain_base,none,true,,raw_annotation_unchanged,Candidate policy only; raw ZIP/JSON unchanged; no final split assigned
test,IMG_56100.jpg,resize,sg-0167,gc-0166,dataset_resize,none,false,dataset_provided_resize,raw_annotation_unchanged,Candidate policy only; raw ZIP/JSON unchanged; no final split assigned
test,IMG_56110.jpg,original,sg-0168,gc-0167,plain_base,none,true,,raw_annotation_unchanged,Candidate policy only; raw ZIP/JSON unchanged; no final split assigned
test,IMG_56110.jpg,resize,sg-0168,gc-0167,dataset_resize,none,false,dataset_provided_resize,raw_annotation_unchanged,Candidate policy only; raw ZIP/JSON unchanged; no final split assigned
test,IMG_56130.jpg,original,sg-0169,gc-0168,plain_base,none,true,,raw_annotation_unchanged,Candidate policy only; raw ZIP/JSON unchanged; no final split assigned
test,IMG_56130.jpg,resize,sg-0169,gc-0168,dataset_resize,none,false,dataset_provided_resize,raw_annotation_unchanged,Candidate policy only; raw ZIP/JSON unchanged; no final split assigned
test,IMG_5614.jpg,original,sg-0170,gc-0169,plain_base,none,true,,raw_annotation_unchanged,Candidate policy only; raw ZIP/JSON unchanged; no final split assigned
test,IMG_5614.jpg,resize,sg-0170,gc-0169,dataset_resize,none,false,dataset_provided_resize,raw_annotation_unchanged,Candidate policy only; raw ZIP/JSON unchanged; no final split assigned
test,IMG_56200.jpg,original,sg-0171,gc-0170,plain_base,none,true,,raw_annotation_unchanged,Candidate policy only; raw ZIP/JSON unchanged; no final split assigned
test,IMG_56200.jpg,resize,sg-0171,gc-0170,dataset_resize,none,false,dataset_provided_resize,raw_annotation_unchanged,Candidate policy only; raw ZIP/JSON unchanged; no final split assigned
test,IMG_56400.jpg,original,sg-0172,gc-0171,plain_base,none,true,,raw_annotation_unchanged,Candidate policy only; raw ZIP/JSON unchanged; no final split assigned
test,IMG_56400.jpg,resize,sg-0172,gc-0171,dataset_resize,none,false,dataset_provided_resize,raw_annotation_unchanged,Candidate policy only; raw ZIP/JSON unchanged; no final split assigned
test,IMG_56440.jpg,original,sg-0173,gc-0172,plain_base,none,true,,raw_annotation_unchanged,Candidate policy only; raw ZIP/JSON unchanged; no final split assigned
test,IMG_56440.jpg,resize,sg-0173,gc-0172,dataset_resize,none,false,dataset_provided_resize,raw_annotation_unchanged,Candidate policy only; raw ZIP/JSON unchanged; no final split assigned
test,IMG_6766.jpg,original,sg-0174,gc-0173,plain_base,none,true,,raw_annotation_unchanged,Candidate policy only; raw ZIP/JSON unchanged; no final split assigned
test,IMG_6766.jpg,resize,sg-0174,gc-0173,dataset_resize,none,false,dataset_provided_resize,raw_annotation_unchanged,Candidate policy only; raw ZIP/JSON unchanged; no final split assigned
test,IMG_6771.jpg,original,sg-0175,gc-0174,plain_base,none,true,,raw_annotation_unchanged,Candidate policy only; raw ZIP/JSON unchanged; no final split assigned
test,IMG_6771.jpg,resize,sg-0175,gc-0174,dataset_resize,none,false,dataset_provided_resize,raw_annotation_unchanged,Candidate policy only; raw ZIP/JSON unchanged; no final split assigned
test,IMG_6774.jpg,original,sg-0176,gc-0175,plain_base,none,true,,raw_annotation_unchanged,Candidate policy only; raw ZIP/JSON unchanged; no final split assigned
test,IMG_6774.jpg,resize,sg-0176,gc-0175,dataset_resize,none,false,dataset_provided_resize,raw_annotation_unchanged,Candidate policy only; raw ZIP/JSON unchanged; no final split assigned
test,IMG_6778.jpg,original,sg-0177,gc-0176,plain_base,none,true,,raw_annotation_unchanged,Candidate policy only; raw ZIP/JSON unchanged; no final split assigned
test,IMG_6778.jpg,resize,sg-0177,gc-0176,dataset_resize,none,false,dataset_provided_resize,raw_annotation_unchanged,Candidate policy only; raw ZIP/JSON unchanged; no final split assigned
test,IMG_6779.jpg,original,sg-0178,gc-0177,plain_base,none,true,,raw_annotation_unchanged,Candidate policy only; raw ZIP/JSON unchanged; no final split assigned
test,IMG_6779.jpg,resize,sg-0178,gc-0177,dataset_resize,none,false,dataset_provided_resize,raw_annotation_unchanged,Candidate policy only; raw ZIP/JSON unchanged; no final split assigned
test,IMG_6781.jpg,original,sg-0179,gc-0178,plain_base,none,true,,raw_annotation_unchanged,Candidate policy only; raw ZIP/JSON unchanged; no final split assigned
test,IMG_6781.jpg,resize,sg-0179,gc-0178,dataset_resize,none,false,dataset_provided_resize,raw_annotation_unchanged,Candidate policy only; raw ZIP/JSON unchanged; no final split assigned
test,IMG_6784.jpg,original,sg-0180,gc-0179,plain_base,none,true,,raw_annotation_unchanged,Candidate policy only; raw ZIP/JSON unchanged; no final split assigned
test,IMG_6784.jpg,resize,sg-0180,gc-0179,dataset_resize,none,false,dataset_provided_resize,raw_annotation_unchanged,Candidate policy only; raw ZIP/JSON unchanged; no final split assigned
test,IMG_6787.jpg,original,sg-0181,gc-0180,plain_base,none,true,,raw_annotation_unchanged,Candidate policy only; raw ZIP/JSON unchanged; no final split assigned
test,IMG_6787.jpg,resize,sg-0181,gc-0180,dataset_resize,none,false,dataset_provided_resize,raw_annotation_unchanged,Candidate policy only; raw ZIP/JSON unchanged; no final split assigned
test,IMG_6799.jpg,original,sg-0182,gc-0181,plain_base,none,true,,raw_annotation_unchanged,Candidate policy only; raw ZIP/JSON unchanged; no final split assigned
test,IMG_6799.jpg,resize,sg-0182,gc-0181,dataset_resize,none,false,dataset_provided_resize,raw_annotation_unchanged,Candidate policy only; raw ZIP/JSON unchanged; no final split assigned
test,IMG_6804.jpg,original,sg-0183,gc-0182,plain_base,none,true,,raw_annotation_unchanged,Candidate policy only; raw ZIP/JSON unchanged; no final split assigned
test,IMG_6804.jpg,resize,sg-0183,gc-0182,dataset_resize,none,false,dataset_provided_resize,raw_annotation_unchanged,Candidate policy only; raw ZIP/JSON unchanged; no final split assigned
test,IMG_6807.jpg,original,sg-0184,gc-0183,plain_base,none,true,,raw_annotation_unchanged,Candidate policy only; raw ZIP/JSON unchanged; no final split assigned
test,IMG_6807.jpg,resize,sg-0184,gc-0183,dataset_resize,none,false,dataset_provided_resize,raw_annotation_unchanged,Candidate policy only; raw ZIP/JSON unchanged; no final split assigned
test,IMG_6812.jpg,original,sg-0185,gc-0184,plain_base,none,true,,raw_annotation_unchanged,Candidate policy only; raw ZIP/JSON unchanged; no final split assigned
test,IMG_6812.jpg,resize,sg-0185,gc-0184,dataset_resize,none,false,dataset_provided_resize,raw_annotation_unchanged,Candidate policy only; raw ZIP/JSON unchanged; no final split assigned
test,IMG_6816.jpg,original,sg-0186,gc-0185,plain_base,none,true,,raw_annotation_unchanged,Candidate policy only; raw ZIP/JSON unchanged; no final split assigned
test,IMG_6816.jpg,resize,sg-0186,gc-0185,dataset_resize,none,false,dataset_provided_resize,raw_annotation_unchanged,Candidate policy only; raw ZIP/JSON unchanged; no final split assigned
test,IMG_6819.jpg,original,sg-0187,gc-0186,plain_base,none,true,,raw_annotation_unchanged,Candidate policy only; raw ZIP/JSON unchanged; no final split assigned
test,IMG_6819.jpg,resize,sg-0187,gc-0186,dataset_resize,none,false,dataset_provided_resize,raw_annotation_unchanged,Candidate policy only; raw ZIP/JSON unchanged; no final split assigned
test,IMG_6821.jpg,original,sg-0188,gc-0187,plain_base,none,true,,raw_annotation_unchanged,Candidate policy only; raw ZIP/JSON unchanged; no final split assigned
test,IMG_6821.jpg,resize,sg-0188,gc-0187,dataset_resize,none,false,dataset_provided_resize,raw_annotation_unchanged,Candidate policy only; raw ZIP/JSON unchanged; no final split assigned
test,IMG_6826.jpg,original,sg-0189,gc-0188,plain_base,none,true,,raw_annotation_unchanged,Candidate policy only; raw ZIP/JSON unchanged; no final split assigned
test,IMG_6826.jpg,resize,sg-0189,gc-0188,dataset_resize,none,false,dataset_provided_resize,raw_annotation_unchanged,Candidate policy only; raw ZIP/JSON unchanged; no final split assigned
test,IMG_6827.jpg,original,sg-0190,gc-0189,plain_base,none,true,,raw_annotation_unchanged,Candidate policy only; raw ZIP/JSON unchanged; no final split assigned
test,IMG_6827.jpg,resize,sg-0190,gc-0189,dataset_resize,none,false,dataset_provided_resize,raw_annotation_unchanged,Candidate policy only; raw ZIP/JSON unchanged; no final split assigned
test,IMG_6829.jpg,original,sg-0191,gc-0190,plain_base,none,true,,raw_annotation_unchanged,Candidate policy only; raw ZIP/JSON unchanged; no final split assigned
test,IMG_6829.jpg,resize,sg-0191,gc-0190,dataset_resize,none,false,dataset_provided_resize,raw_annotation_unchanged,Candidate policy only; raw ZIP/JSON unchanged; no final split assigned
test,IMG_6841.jpg,original,sg-0192,gc-0191,plain_base,none,true,,raw_annotation_unchanged,Candidate policy only; raw ZIP/JSON unchanged; no final split assigned
test,IMG_6841.jpg,resize,sg-0192,gc-0191,dataset_resize,none,false,dataset_provided_resize,raw_annotation_unchanged,Candidate policy only; raw ZIP/JSON unchanged; no final split assigned
test,IMG_6855.jpg,original,sg-0193,gc-0192,plain_base,none,true,,raw_annotation_unchanged,Candidate policy only; raw ZIP/JSON unchanged; no final split assigned
test,IMG_6855.jpg,resize,sg-0193,gc-0192,dataset_resize,none,false,dataset_provided_resize,raw_annotation_unchanged,Candidate policy only; raw ZIP/JSON unchanged; no final split assigned
test,IMG_6857.jpg,original,sg-0194,gc-0193,plain_base,none,true,,raw_annotation_unchanged,Candidate policy only; raw ZIP/JSON unchanged; no final split assigned
test,IMG_6857.jpg,resize,sg-0194,gc-0193,dataset_resize,none,false,dataset_provided_resize,raw_annotation_unchanged,Candidate policy only; raw ZIP/JSON unchanged; no final split assigned
test,IMG_6859.jpg,original,sg-0195,gc-0194,plain_base,none,true,,raw_annotation_unchanged,Candidate policy only; raw ZIP/JSON unchanged; no final split assigned
test,IMG_6859.jpg,resize,sg-0195,gc-0194,dataset_resize,none,false,dataset_provided_resize,raw_annotation_unchanged,Candidate policy only; raw ZIP/JSON unchanged; no final split assigned
test,IMG_6861.jpg,original,sg-0196,gc-0195,plain_base,none,true,,raw_annotation_unchanged,Candidate policy only; raw ZIP/JSON unchanged; no final split assigned
test,IMG_6861.jpg,resize,sg-0196,gc-0195,dataset_resize,none,false,dataset_provided_resize,raw_annotation_unchanged,Candidate policy only; raw ZIP/JSON unchanged; no final split assigned
test,IMG_6873.jpg,original,sg-0197,gc-0196,plain_base,none,true,,raw_annotation_unchanged,Candidate policy only; raw ZIP/JSON unchanged; no final split assigned
test,IMG_6873.jpg,resize,sg-0197,gc-0196,dataset_resize,none,false,dataset_provided_resize,raw_annotation_unchanged,Candidate policy only; raw ZIP/JSON unchanged; no final split assigned
test,IMG_6879.jpg,original,sg-0198,gc-0197,plain_base,none,true,,raw_annotation_unchanged,Candidate policy only; raw ZIP/JSON unchanged; no final split assigned
test,IMG_6879.jpg,resize,sg-0198,gc-0197,dataset_resize,none,false,dataset_provided_resize,raw_annotation_unchanged,Candidate policy only; raw ZIP/JSON unchanged; no final split assigned
test,IMG_6883.jpg,original,sg-0199,gc-0198,plain_base,none,true,,raw_annotation_unchanged,Candidate policy only; raw ZIP/JSON unchanged; no final split assigned
test,IMG_6883.jpg,resize,sg-0199,gc-0198,dataset_resize,none,false,dataset_provided_resize,raw_annotation_unchanged,Candidate policy only; raw ZIP/JSON unchanged; no final split assigned
test,IMG_6885.jpg,original,sg-0200,gc-0199,plain_base,none,true,,raw_annotation_unchanged,Candidate policy only; raw ZIP/JSON unchanged; no final split assigned
test,IMG_6885.jpg,resize,sg-0200,gc-0199,dataset_resize,none,false,dataset_provided_resize,raw_annotation_unchanged,Candidate policy only; raw ZIP/JSON unchanged; no final split assigned
test,IMG_6895.jpg,original,sg-0201,gc-0200,plain_base,none,true,,raw_annotation_unchanged,Candidate policy only; raw ZIP/JSON unchanged; no final split assigned
test,IMG_6895.jpg,resize,sg-0201,gc-0200,dataset_resize,none,false,dataset_provided_resize,raw_annotation_unchanged,Candidate policy only; raw ZIP/JSON unchanged; no final split assigned
test,IMG_6897.jpg,original,sg-0202,gc-0201,plain_base,none,true,,raw_annotation_unchanged,Candidate policy only; raw ZIP/JSON unchanged; no final split assigned
test,IMG_6897.jpg,resize,sg-0202,gc-0201,dataset_resize,none,false,dataset_provided_resize,raw_annotation_unchanged,Candidate policy only; raw ZIP/JSON unchanged; no final split assigned
test,IMG_6938.jpg,original,sg-0203,gc-0202,plain_base,none,true,,raw_annotation_unchanged,Candidate policy only; raw ZIP/JSON unchanged; no final split assigned
test,IMG_6938.jpg,resize,sg-0203,gc-0202,dataset_resize,none,false,dataset_provided_resize,raw_annotation_unchanged,Candidate policy only; raw ZIP/JSON unchanged; no final split assigned
test,IMG_6941.jpg,original,sg-0204,gc-0203,plain_base,none,true,,raw_annotation_unchanged,Candidate policy only; raw ZIP/JSON unchanged; no final split assigned
test,IMG_6941.jpg,resize,sg-0204,gc-0203,dataset_resize,none,false,dataset_provided_resize,raw_annotation_unchanged,Candidate policy only; raw ZIP/JSON unchanged; no final split assigned
test,IMG_6944.jpg,original,sg-0205,gc-0204,plain_base,none,true,,raw_annotation_unchanged,Candidate policy only; raw ZIP/JSON unchanged; no final split assigned
test,IMG_6944.jpg,resize,sg-0205,gc-0204,dataset_resize,none,false,dataset_provided_resize,raw_annotation_unchanged,Candidate policy only; raw ZIP/JSON unchanged; no final split assigned
test,IMG_6945.jpg,original,sg-0206,gc-0205,plain_base,none,true,,raw_annotation_unchanged,Candidate policy only; raw ZIP/JSON unchanged; no final split assigned
test,IMG_6945.jpg,resize,sg-0206,gc-0205,dataset_resize,none,false,dataset_provided_resize,raw_annotation_unchanged,Candidate policy only; raw ZIP/JSON unchanged; no final split assigned
test,IMG_6947.jpg,original,sg-0207,gc-0206,plain_base,none,true,,raw_annotation_unchanged,Candidate policy only; raw ZIP/JSON unchanged; no final split assigned
test,IMG_6947.jpg,resize,sg-0207,gc-0206,dataset_resize,none,false,dataset_provided_resize,raw_annotation_unchanged,Candidate policy only; raw ZIP/JSON unchanged; no final split assigned
test,IMG_6949.jpg,original,sg-0208,gc-0207,plain_base,none,true,,raw_annotation_unchanged,Candidate policy only; raw ZIP/JSON unchanged; no final split assigned
test,IMG_6949.jpg,resize,sg-0208,gc-0207,dataset_resize,none,false,dataset_provided_resize,raw_annotation_unchanged,Candidate policy only; raw ZIP/JSON unchanged; no final split assigned
test,IMG_6952.jpg,original,sg-0209,gc-0208,plain_base,none,true,,raw_annotation_unchanged,Candidate policy only; raw ZIP/JSON unchanged; no final split assigned
test,IMG_6952.jpg,resize,sg-0209,gc-0208,dataset_resize,none,false,dataset_provided_resize,raw_annotation_unchanged,Candidate policy only; raw ZIP/JSON unchanged; no final split assigned
test,IMG_6960.jpg,original,sg-0210,gc-0209,plain_base,none,true,,raw_annotation_unchanged,Candidate policy only; raw ZIP/JSON unchanged; no final split assigned
test,IMG_6960.jpg,resize,sg-0210,gc-0209,dataset_resize,none,false,dataset_provided_resize,raw_annotation_unchanged,Candidate policy only; raw ZIP/JSON unchanged; no final split assigned
test,IMG_6967.jpg,original,sg-0211,gc-0210,plain_base,none,true,,raw_annotation_unchanged,Candidate policy only; raw ZIP/JSON unchanged; no final split assigned
test,IMG_6967.jpg,resize,sg-0211,gc-0210,dataset_resize,none,false,dataset_provided_resize,raw_annotation_unchanged,Candidate policy only; raw ZIP/JSON unchanged; no final split assigned
test,IMG_6986.jpg,original,sg-0212,gc-0211,plain_base,none,true,,raw_annotation_unchanged,Candidate policy only; raw ZIP/JSON unchanged; no final split assigned
test,IMG_6986.jpg,resize,sg-0212,gc-0211,dataset_resize,none,false,dataset_provided_resize,raw_annotation_unchanged,Candidate policy only; raw ZIP/JSON unchanged; no final split assigned
test,IMG_6989.jpg,original,sg-0213,gc-0212,plain_base,none,true,,raw_annotation_unchanged,Candidate policy only; raw ZIP/JSON unchanged; no final split assigned
test,IMG_6989.jpg,resize,sg-0213,gc-0212,dataset_resize,none,false,dataset_provided_resize,raw_annotation_unchanged,Candidate policy only; raw ZIP/JSON unchanged; no final split assigned
test,IMG_6993.jpg,original,sg-0214,gc-0213,plain_base,none,true,,raw_annotation_unchanged,Candidate policy only; raw ZIP/JSON unchanged; no final split assigned
test,IMG_6993.jpg,resize,sg-0214,gc-0213,dataset_resize,none,false,dataset_provided_resize,raw_annotation_unchanged,Candidate policy only; raw ZIP/JSON unchanged; no final split assigned
test,IMG_6996.jpg,original,sg-0215,gc-0214,plain_base,none,true,,raw_annotation_unchanged,Candidate policy only; raw ZIP/JSON unchanged; no final split assigned
test,IMG_6996.jpg,resize,sg-0215,gc-0214,dataset_resize,none,false,dataset_provided_resize,raw_annotation_unchanged,Candidate policy only; raw ZIP/JSON unchanged; no final split assigned
test,IMG_6998.jpg,original,sg-0216,gc-0215,plain_base,none,true,,raw_annotation_unchanged,Candidate policy only; raw ZIP/JSON unchanged; no final split assigned
test,IMG_6998.jpg,resize,sg-0216,gc-0215,dataset_resize,none,false,dataset_provided_resize,raw_annotation_unchanged,Candidate policy only; raw ZIP/JSON unchanged; no final split assigned
test,IMG_7002.jpg,original,sg-0217,gc-0216,plain_base,none,true,,raw_annotation_unchanged,Candidate policy only; raw ZIP/JSON unchanged; no final split assigned
test,IMG_7002.jpg,resize,sg-0217,gc-0216,dataset_resize,none,false,dataset_provided_resize,raw_annotation_unchanged,Candidate policy only; raw ZIP/JSON unchanged; no final split assigned
test,IMG_7006.jpg,original,sg-0218,gc-0217,plain_base,none,true,,raw_annotation_unchanged,Candidate policy only; raw ZIP/JSON unchanged; no final split assigned
test,IMG_7006.jpg,resize,sg-0218,gc-0217,dataset_resize,none,false,dataset_provided_resize,raw_annotation_unchanged,Candidate policy only; raw ZIP/JSON unchanged; no final split assigned
test,IMG_7008.jpg,original,sg-0219,gc-0218,plain_base,none,true,,raw_annotation_unchanged,Candidate policy only; raw ZIP/JSON unchanged; no final split assigned
test,IMG_7008.jpg,resize,sg-0219,gc-0218,dataset_resize,none,false,dataset_provided_resize,raw_annotation_unchanged,Candidate policy only; raw ZIP/JSON unchanged; no final split assigned
test,IMG_7011.jpg,original,sg-0220,gc-0219,plain_base,none,true,,raw_annotation_unchanged,Candidate policy only; raw ZIP/JSON unchanged; no final split assigned
test,IMG_7011.jpg,resize,sg-0220,gc-0219,dataset_resize,none,false,dataset_provided_resize,raw_annotation_unchanged,Candidate policy only; raw ZIP/JSON unchanged; no final split assigned
test,IMG_7014.jpg,original,sg-0221,gc-0220,plain_base,none,true,,raw_annotation_unchanged,Candidate policy only; raw ZIP/JSON unchanged; no final split assigned
test,IMG_7014.jpg,resize,sg-0221,gc-0220,dataset_resize,none,false,dataset_provided_resize,raw_annotation_unchanged,Candidate policy only; raw ZIP/JSON unchanged; no final split assigned
test,IMG_7016.jpg,original,sg-0222,gc-0221,plain_base,none,true,,raw_annotation_unchanged,Candidate policy only; raw ZIP/JSON unchanged; no final split assigned
test,IMG_7016.jpg,resize,sg-0222,gc-0221,dataset_resize,none,false,dataset_provided_resize,raw_annotation_unchanged,Candidate policy only; raw ZIP/JSON unchanged; no final split assigned
test,IMG_7020.jpg,original,sg-0223,gc-0222,plain_base,none,true,,raw_annotation_unchanged,Candidate policy only; raw ZIP/JSON unchanged; no final split assigned
test,IMG_7020.jpg,resize,sg-0223,gc-0222,dataset_resize,none,false,dataset_provided_resize,raw_annotation_unchanged,Candidate policy only; raw ZIP/JSON unchanged; no final split assigned
test,IMG_7026.jpg,original,sg-0224,gc-0223,plain_base,none,true,,raw_annotation_unchanged,Candidate policy only; raw ZIP/JSON unchanged; no final split assigned
test,IMG_7026.jpg,resize,sg-0224,gc-0223,dataset_resize,none,false,dataset_provided_resize,raw_annotation_unchanged,Candidate policy only; raw ZIP/JSON unchanged; no final split assigned
test,IMG_7029.jpg,original,sg-0225,gc-0224,plain_base,none,true,,raw_annotation_unchanged,Candidate policy only; raw ZIP/JSON unchanged; no final split assigned
test,IMG_7029.jpg,resize,sg-0225,gc-0224,dataset_resize,none,false,dataset_provided_resize,raw_annotation_unchanged,Candidate policy only; raw ZIP/JSON unchanged; no final split assigned
test,IMG_7032.jpg,original,sg-0226,gc-0225,plain_base,none,true,,raw_annotation_unchanged,Candidate policy only; raw ZIP/JSON unchanged; no final split assigned
test,IMG_7032.jpg,resize,sg-0226,gc-0225,dataset_resize,none,false,dataset_provided_resize,raw_annotation_unchanged,Candidate policy only; raw ZIP/JSON unchanged; no final split assigned
test,IMG_7041.jpg,original,sg-0227,gc-0226,plain_base,none,true,,raw_annotation_unchanged,Candidate policy only; raw ZIP/JSON unchanged; no final split assigned
test,IMG_7041.jpg,resize,sg-0227,gc-0226,dataset_resize,none,false,dataset_provided_resize,raw_annotation_unchanged,Candidate policy only; raw ZIP/JSON unchanged; no final split assigned
test,IMG_7044.jpg,original,sg-0228,gc-0227,plain_base,none,true,,raw_annotation_unchanged,Candidate policy only; raw ZIP/JSON unchanged; no final split assigned
test,IMG_7044.jpg,resize,sg-0228,gc-0227,dataset_resize,none,false,dataset_provided_resize,raw_annotation_unchanged,Candidate policy only; raw ZIP/JSON unchanged; no final split assigned
test,IMG_7045.jpg,original,sg-0229,gc-0228,plain_base,none,true,,raw_annotation_unchanged,Candidate policy only; raw ZIP/JSON unchanged; no final split assigned
test,IMG_7045.jpg,resize,sg-0229,gc-0228,dataset_resize,none,false,dataset_provided_resize,raw_annotation_unchanged,Candidate policy only; raw ZIP/JSON unchanged; no final split assigned
test,IMG_7049.jpg,original,sg-0230,gc-0229,plain_base,none,true,,raw_annotation_unchanged,Candidate policy only; raw ZIP/JSON unchanged; no final split assigned
test,IMG_7049.jpg,resize,sg-0230,gc-0229,dataset_resize,none,false,dataset_provided_resize,raw_annotation_unchanged,Candidate policy only; raw ZIP/JSON unchanged; no final split assigned
test,IMG_7051.jpg,original,sg-0231,gc-0230,plain_base,none,true,,raw_annotation_unchanged,Candidate policy only; raw ZIP/JSON unchanged; no final split assigned
test,IMG_7051.jpg,resize,sg-0231,gc-0230,dataset_resize,none,false,dataset_provided_resize,raw_annotation_unchanged,Candidate policy only; raw ZIP/JSON unchanged; no final split assigned
test,IMG_7053.jpg,original,sg-0232,gc-0231,plain_base,none,true,,raw_annotation_unchanged,Candidate policy only; raw ZIP/JSON unchanged; no final split assigned
test,IMG_7053.jpg,resize,sg-0232,gc-0231,dataset_resize,none,false,dataset_provided_resize,raw_annotation_unchanged,Candidate policy only; raw ZIP/JSON unchanged; no final split assigned
test,IMG_7057.jpg,original,sg-0233,gc-0232,plain_base,none,true,,raw_annotation_unchanged,Candidate policy only; raw ZIP/JSON unchanged; no final split assigned
test,IMG_7057.jpg,resize,sg-0233,gc-0232,dataset_resize,none,false,dataset_provided_resize,raw_annotation_unchanged,Candidate policy only; raw ZIP/JSON unchanged; no final split assigned
test,IMG_7059.jpg,original,sg-0234,gc-0233,plain_base,none,true,,raw_annotation_unchanged,Candidate policy only; raw ZIP/JSON unchanged; no final split assigned
test,IMG_7059.jpg,resize,sg-0234,gc-0233,dataset_resize,none,false,dataset_provided_resize,raw_annotation_unchanged,Candidate policy only; raw ZIP/JSON unchanged; no final split assigned
test,IMG_7062.jpg,original,sg-0235,gc-0234,plain_base,none,true,,raw_annotation_unchanged,Candidate policy only; raw ZIP/JSON unchanged; no final split assigned
test,IMG_7062.jpg,resize,sg-0235,gc-0234,dataset_resize,none,false,dataset_provided_resize,raw_annotation_unchanged,Candidate policy only; raw ZIP/JSON unchanged; no final split assigned
test,IMG_7064.jpg,original,sg-0236,gc-0235,plain_base,none,true,,raw_annotation_unchanged,Candidate policy only; raw ZIP/JSON unchanged; no final split assigned
test,IMG_7064.jpg,resize,sg-0236,gc-0235,dataset_resize,none,false,dataset_provided_resize,raw_annotation_unchanged,Candidate policy only; raw ZIP/JSON unchanged; no final split assigned
test,IMG_7068.jpg,original,sg-0237,gc-0236,plain_base,none,true,,raw_annotation_unchanged,Candidate policy only; raw ZIP/JSON unchanged; no final split assigned
test,IMG_7068.jpg,resize,sg-0237,gc-0236,dataset_resize,none,false,dataset_provided_resize,raw_annotation_unchanged,Candidate policy only; raw ZIP/JSON unchanged; no final split assigned
train,100.jpg,original,sg-0238,gc-0237,plain_base,none,true,,raw_annotation_unchanged,Candidate policy only; raw ZIP/JSON unchanged; no final split assigned
train,100.jpg,resize,sg-0238,gc-0237,dataset_resize,none,false,dataset_provided_resize,raw_annotation_unchanged,Candidate policy only; raw ZIP/JSON unchanged; no final split assigned
train,10000.jpg,original,sg-0239,gc-0238,plain_base,none,true,,raw_annotation_unchanged,Candidate policy only; raw ZIP/JSON unchanged; no final split assigned
train,10000.jpg,resize,sg-0239,gc-0238,dataset_resize,none,false,dataset_provided_resize,raw_annotation_unchanged,Candidate policy only; raw ZIP/JSON unchanged; no final split assigned
train,1000000.jpg,original,sg-0240,gc-0239,plain_base,none,true,,raw_annotation_unchanged,Candidate policy only; raw ZIP/JSON unchanged; no final split assigned
train,1000000.jpg,resize,sg-0240,gc-0239,dataset_resize,none,false,dataset_provided_resize,raw_annotation_unchanged,Candidate policy only; raw ZIP/JSON unchanged; no final split assigned
train,1000000_brightness.jpg,original,sg-0240,gc-0239,offline_augmentation,brightness,false,dataset_offline_augmentation,raw_annotation_unchanged,Candidate policy only; raw ZIP/JSON unchanged; no final split assigned
train,1000000_brightness.jpg,resize,sg-0240,gc-0239,dataset_resize,brightness,false,dataset_provided_resize,raw_annotation_unchanged,Candidate policy only; raw ZIP/JSON unchanged; no final split assigned
train,100_brightness.jpg,original,sg-0238,gc-0237,offline_augmentation,brightness,false,dataset_offline_augmentation,raw_annotation_unchanged,Candidate policy only; raw ZIP/JSON unchanged; no final split assigned
train,100_brightness.jpg,resize,sg-0238,gc-0237,dataset_resize,brightness,false,dataset_provided_resize,raw_annotation_unchanged,Candidate policy only; raw ZIP/JSON unchanged; no final split assigned
train,101.jpg,original,sg-0241,gc-0240,plain_base,none,true,,raw_annotation_unchanged,Candidate policy only; raw ZIP/JSON unchanged; no final split assigned
train,101.jpg,resize,sg-0241,gc-0240,dataset_resize,none,false,dataset_provided_resize,raw_annotation_unchanged,Candidate policy only; raw ZIP/JSON unchanged; no final split assigned
train,1020.jpg,original,sg-0242,gc-0241,plain_base,none,true,,raw_annotation_unchanged,Candidate policy only; raw ZIP/JSON unchanged; no final split assigned
train,1020.jpg,resize,sg-0242,gc-0241,dataset_resize,none,false,dataset_provided_resize,raw_annotation_unchanged,Candidate policy only; raw ZIP/JSON unchanged; no final split assigned
train,1050.jpg,original,sg-0243,gc-0242,plain_base,none,true,,raw_annotation_unchanged,Candidate policy only; raw ZIP/JSON unchanged; no final split assigned
train,1050.jpg,resize,sg-0243,gc-0242,dataset_resize,none,false,dataset_provided_resize,raw_annotation_unchanged,Candidate policy only; raw ZIP/JSON unchanged; no final split assigned
train,1060.jpg,original,sg-0244,gc-0243,plain_base,none,true,,raw_annotation_unchanged,Candidate policy only; raw ZIP/JSON unchanged; no final split assigned
train,1060.jpg,resize,sg-0244,gc-0243,dataset_resize,none,false,dataset_provided_resize,raw_annotation_unchanged,Candidate policy only; raw ZIP/JSON unchanged; no final split assigned
train,1100.jpg,original,sg-0245,gc-0244,plain_base,none,true,,raw_annotation_unchanged,Candidate policy only; raw ZIP/JSON unchanged; no final split assigned
train,1100.jpg,resize,sg-0245,gc-0244,dataset_resize,none,false,dataset_provided_resize,raw_annotation_unchanged,Candidate policy only; raw ZIP/JSON unchanged; no final split assigned
train,111_brightness.jpg,original,sg-0246,gc-0245,offline_augmentation,brightness,false,dataset_offline_augmentation,raw_annotation_unchanged,Candidate policy only; raw ZIP/JSON unchanged; no final split assigned
train,111_brightness.jpg,resize,sg-0246,gc-0245,dataset_resize,brightness,false,dataset_provided_resize,raw_annotation_unchanged,Candidate policy only; raw ZIP/JSON unchanged; no final split assigned
train,1120.jpg,original,sg-0247,gc-0246,plain_base,none,true,,raw_annotation_unchanged,Candidate policy only; raw ZIP/JSON unchanged; no final split assigned
train,1120.jpg,resize,sg-0247,gc-0246,dataset_resize,none,false,dataset_provided_resize,raw_annotation_unchanged,Candidate policy only; raw ZIP/JSON unchanged; no final split assigned
train,1120_brightness.jpg,original,sg-0247,gc-0246,offline_augmentation,brightness,false,dataset_offline_augmentation,raw_annotation_unchanged,Candidate policy only; raw ZIP/JSON unchanged; no final split assigned
train,1120_brightness.jpg,resize,sg-0247,gc-0246,dataset_resize,brightness,false,dataset_provided_resize,raw_annotation_unchanged,Candidate policy only; raw ZIP/JSON unchanged; no final split assigned
train,1160.jpg,original,sg-0248,gc-0247,plain_base,none,true,,raw_annotation_unchanged,Candidate policy only; raw ZIP/JSON unchanged; no final split assigned
train,1160.jpg,resize,sg-0248,gc-0247,dataset_resize,none,false,dataset_provided_resize,raw_annotation_unchanged,Candidate policy only; raw ZIP/JSON unchanged; no final split assigned
train,1160_brightness.jpg,original,sg-0248,gc-0247,offline_augmentation,brightness,false,dataset_offline_augmentation,raw_annotation_unchanged,Candidate policy only; raw ZIP/JSON unchanged; no final split assigned
train,1160_brightness.jpg,resize,sg-0248,gc-0247,dataset_resize,brightness,false,dataset_provided_resize,raw_annotation_unchanged,Candidate policy only; raw ZIP/JSON unchanged; no final split assigned
train,1180_brightness.jpg,original,sg-0249,gc-0248,offline_augmentation,brightness,false,dataset_offline_augmentation,raw_annotation_unchanged,Candidate policy only; raw ZIP/JSON unchanged; no final split assigned
train,1180_brightness.jpg,resize,sg-0249,gc-0248,dataset_resize,brightness,false,dataset_provided_resize,raw_annotation_unchanged,Candidate policy only; raw ZIP/JSON unchanged; no final split assigned
train,1190.jpg,original,sg-0250,gc-0249,plain_base,none,true,,raw_annotation_unchanged,Candidate policy only; raw ZIP/JSON unchanged; no final split assigned
train,1190.jpg,resize,sg-0250,gc-0249,dataset_resize,none,false,dataset_provided_resize,raw_annotation_unchanged,Candidate policy only; raw ZIP/JSON unchanged; no final split assigned
train,12.jpg,original,sg-0251,gc-0250,plain_base,none,true,,raw_annotation_unchanged,Candidate policy only; raw ZIP/JSON unchanged; no final split assigned
train,12.jpg,resize,sg-0251,gc-0250,dataset_resize,none,false,dataset_provided_resize,raw_annotation_unchanged,Candidate policy only; raw ZIP/JSON unchanged; no final split assigned
train,1200.jpg,original,sg-0252,gc-0251,plain_base,none,true,,raw_annotation_unchanged,Candidate policy only; raw ZIP/JSON unchanged; no final split assigned
train,1200.jpg,resize,sg-0252,gc-0251,dataset_resize,none,false,dataset_provided_resize,raw_annotation_unchanged,Candidate policy only; raw ZIP/JSON unchanged; no final split assigned
train,1250.jpg,original,sg-0253,gc-0252,plain_base,none,true,,raw_annotation_unchanged,Candidate policy only; raw ZIP/JSON unchanged; no final split assigned
train,1250.jpg,resize,sg-0253,gc-0252,dataset_resize,none,false,dataset_provided_resize,raw_annotation_unchanged,Candidate policy only; raw ZIP/JSON unchanged; no final split assigned
train,1250_brightness.jpg,original,sg-0253,gc-0252,offline_augmentation,brightness,false,dataset_offline_augmentation,raw_annotation_unchanged,Candidate policy only; raw ZIP/JSON unchanged; no final split assigned
train,1250_brightness.jpg,resize,sg-0253,gc-0252,dataset_resize,brightness,false,dataset_provided_resize,raw_annotation_unchanged,Candidate policy only; raw ZIP/JSON unchanged; no final split assigned
train,1250_noise.jpg,original,sg-0253,gc-0252,offline_augmentation,noise,false,dataset_offline_augmentation,raw_annotation_unchanged,Candidate policy only; raw ZIP/JSON unchanged; no final split assigned
train,1250_noise.jpg,resize,sg-0253,gc-0252,dataset_resize,noise,false,dataset_provided_resize,raw_annotation_unchanged,Candidate policy only; raw ZIP/JSON unchanged; no final split assigned
train,1260.jpg,original,sg-0254,gc-0253,plain_base,none,true,,raw_annotation_unchanged,Candidate policy only; raw ZIP/JSON unchanged; no final split assigned
train,1260.jpg,resize,sg-0254,gc-0253,dataset_resize,none,false,dataset_provided_resize,raw_annotation_unchanged,Candidate policy only; raw ZIP/JSON unchanged; no final split assigned
train,1260_brightness.jpg,original,sg-0254,gc-0253,offline_augmentation,brightness,false,dataset_offline_augmentation,raw_annotation_unchanged,Candidate policy only; raw ZIP/JSON unchanged; no final split assigned
train,1260_brightness.jpg,resize,sg-0254,gc-0253,dataset_resize,brightness,false,dataset_provided_resize,raw_annotation_unchanged,Candidate policy only; raw ZIP/JSON unchanged; no final split assigned
train,1260_noise.jpg,original,sg-0254,gc-0253,offline_augmentation,noise,false,dataset_offline_augmentation,raw_annotation_unchanged,Candidate policy only; raw ZIP/JSON unchanged; no final split assigned
train,1260_noise.jpg,resize,sg-0254,gc-0253,dataset_resize,noise,false,dataset_provided_resize,raw_annotation_unchanged,Candidate policy only; raw ZIP/JSON unchanged; no final split assigned
train,128.jpg,original,sg-0255,gc-0254,plain_base,none,true,,raw_annotation_unchanged,Candidate policy only; raw ZIP/JSON unchanged; no final split assigned
train,128.jpg,resize,sg-0255,gc-0254,dataset_resize,none,false,dataset_provided_resize,raw_annotation_unchanged,Candidate policy only; raw ZIP/JSON unchanged; no final split assigned
train,1290_brightness.jpg,original,sg-0007,gc-0007,offline_augmentation,brightness,false,dataset_offline_augmentation,raw_annotation_unchanged,Candidate policy only; raw ZIP/JSON unchanged; no final split assigned
train,1290_brightness.jpg,resize,sg-0007,gc-0007,dataset_resize,brightness,false,dataset_provided_resize,raw_annotation_unchanged,Candidate policy only; raw ZIP/JSON unchanged; no final split assigned
train,12_brightness.jpg,original,sg-0251,gc-0250,offline_augmentation,brightness,false,dataset_offline_augmentation,raw_annotation_unchanged,Candidate policy only; raw ZIP/JSON unchanged; no final split assigned
train,12_brightness.jpg,resize,sg-0251,gc-0250,dataset_resize,brightness,false,dataset_provided_resize,raw_annotation_unchanged,Candidate policy only; raw ZIP/JSON unchanged; no final split assigned
train,13.jpg,original,sg-0256,gc-0255,plain_base,none,true,,raw_annotation_unchanged,Candidate policy only; raw ZIP/JSON unchanged; no final split assigned
train,13.jpg,resize,sg-0256,gc-0255,dataset_resize,none,false,dataset_provided_resize,raw_annotation_unchanged,Candidate policy only; raw ZIP/JSON unchanged; no final split assigned
train,130.jpg,original,sg-0257,gc-0256,plain_base,none,true,,raw_annotation_unchanged,Candidate policy only; raw ZIP/JSON unchanged; no final split assigned
train,130.jpg,resize,sg-0257,gc-0256,dataset_resize,none,false,dataset_provided_resize,raw_annotation_unchanged,Candidate policy only; raw ZIP/JSON unchanged; no final split assigned
train,130_brightness.jpg,original,sg-0257,gc-0256,offline_augmentation,brightness,false,dataset_offline_augmentation,raw_annotation_unchanged,Candidate policy only; raw ZIP/JSON unchanged; no final split assigned
train,130_brightness.jpg,resize,sg-0257,gc-0256,dataset_resize,brightness,false,dataset_provided_resize,raw_annotation_unchanged,Candidate policy only; raw ZIP/JSON unchanged; no final split assigned
train,130_noise.jpg,original,sg-0257,gc-0256,offline_augmentation,noise,false,dataset_offline_augmentation,raw_annotation_unchanged,Candidate policy only; raw ZIP/JSON unchanged; no final split assigned
train,130_noise.jpg,resize,sg-0257,gc-0256,dataset_resize,noise,false,dataset_provided_resize,raw_annotation_unchanged,Candidate policy only; raw ZIP/JSON unchanged; no final split assigned
train,1310.jpg,original,sg-0258,gc-0257,plain_base,none,true,,raw_annotation_unchanged,Candidate policy only; raw ZIP/JSON unchanged; no final split assigned
train,1310.jpg,resize,sg-0258,gc-0257,dataset_resize,none,false,dataset_provided_resize,raw_annotation_unchanged,Candidate policy only; raw ZIP/JSON unchanged; no final split assigned
train,1310_brightness.jpg,original,sg-0258,gc-0257,offline_augmentation,brightness,false,dataset_offline_augmentation,raw_annotation_unchanged,Candidate policy only; raw ZIP/JSON unchanged; no final split assigned
train,1310_brightness.jpg,resize,sg-0258,gc-0257,dataset_resize,brightness,false,dataset_provided_resize,raw_annotation_unchanged,Candidate policy only; raw ZIP/JSON unchanged; no final split assigned
train,1320.jpg,original,sg-0259,gc-0030,plain_base,none,true,,raw_annotation_unchanged,Candidate policy only; raw ZIP/JSON unchanged; no final split assigned
train,1320.jpg,resize,sg-0259,gc-0030,dataset_resize,none,false,dataset_provided_resize,raw_annotation_unchanged,Candidate policy only; raw ZIP/JSON unchanged; no final split assigned
train,1320_brightness.jpg,original,sg-0259,gc-0030,offline_augmentation,brightness,false,dataset_offline_augmentation,raw_annotation_unchanged,Candidate policy only; raw ZIP/JSON unchanged; no final split assigned
train,1320_brightness.jpg,resize,sg-0259,gc-0030,dataset_resize,brightness,false,dataset_provided_resize,raw_annotation_unchanged,Candidate policy only; raw ZIP/JSON unchanged; no final split assigned
train,1320_noise.jpg,original,sg-0259,gc-0030,offline_augmentation,noise,false,dataset_offline_augmentation,raw_annotation_unchanged,Candidate policy only; raw ZIP/JSON unchanged; no final split assigned
train,1320_noise.jpg,resize,sg-0259,gc-0030,dataset_resize,noise,false,dataset_provided_resize,raw_annotation_unchanged,Candidate policy only; raw ZIP/JSON unchanged; no final split assigned
train,1330.jpg,original,sg-0260,gc-0258,plain_base,none,true,,raw_annotation_unchanged,Candidate policy only; raw ZIP/JSON unchanged; no final split assigned
train,1330.jpg,resize,sg-0260,gc-0258,dataset_resize,none,false,dataset_provided_resize,raw_annotation_unchanged,Candidate policy only; raw ZIP/JSON unchanged; no final split assigned
train,1330_brightness.jpg,original,sg-0260,gc-0258,offline_augmentation,brightness,false,dataset_offline_augmentation,raw_annotation_unchanged,Candidate policy only; raw ZIP/JSON unchanged; no final split assigned
train,1330_brightness.jpg,resize,sg-0260,gc-0258,dataset_resize,brightness,false,dataset_provided_resize,raw_annotation_unchanged,Candidate policy only; raw ZIP/JSON unchanged; no final split assigned
train,1330_noise.jpg,original,sg-0260,gc-0258,offline_augmentation,noise,false,dataset_offline_augmentation,raw_annotation_unchanged,Candidate policy only; raw ZIP/JSON unchanged; no final split assigned
train,1330_noise.jpg,resize,sg-0260,gc-0258,dataset_resize,noise,false,dataset_provided_resize,raw_annotation_unchanged,Candidate policy only; raw ZIP/JSON unchanged; no final split assigned
train,1340.jpg,original,sg-0261,gc-0259,plain_base,none,true,,raw_annotation_unchanged,Candidate policy only; raw ZIP/JSON unchanged; no final split assigned
train,1340.jpg,resize,sg-0261,gc-0259,dataset_resize,none,false,dataset_provided_resize,raw_annotation_unchanged,Candidate policy only; raw ZIP/JSON unchanged; no final split assigned
train,1340_brightness.jpg,original,sg-0261,gc-0259,offline_augmentation,brightness,false,dataset_offline_augmentation,raw_annotation_unchanged,Candidate policy only; raw ZIP/JSON unchanged; no final split assigned
train,1340_brightness.jpg,resize,sg-0261,gc-0259,dataset_resize,brightness,false,dataset_provided_resize,raw_annotation_unchanged,Candidate policy only; raw ZIP/JSON unchanged; no final split assigned
train,1340_noise.jpg,original,sg-0261,gc-0259,offline_augmentation,noise,false,dataset_offline_augmentation,raw_annotation_unchanged,Candidate policy only; raw ZIP/JSON unchanged; no final split assigned
train,1340_noise.jpg,resize,sg-0261,gc-0259,dataset_resize,noise,false,dataset_provided_resize,raw_annotation_unchanged,Candidate policy only; raw ZIP/JSON unchanged; no final split assigned
train,1350.jpg,original,sg-0262,gc-0260,plain_base,none,true,,raw_annotation_unchanged,Candidate policy only; raw ZIP/JSON unchanged; no final split assigned
train,1350.jpg,resize,sg-0262,gc-0260,dataset_resize,none,false,dataset_provided_resize,raw_annotation_unchanged,Candidate policy only; raw ZIP/JSON unchanged; no final split assigned
train,1360.jpg,original,sg-0035,gc-0034,plain_base,none,false,alternate_same_source_base,raw_annotation_unchanged,Candidate policy only; raw ZIP/JSON unchanged; no final split assigned
train,1360.jpg,resize,sg-0035,gc-0034,dataset_resize,none,false,dataset_provided_resize,raw_annotation_unchanged,Candidate policy only; raw ZIP/JSON unchanged; no final split assigned
train,1360_noise.jpg,original,sg-0035,gc-0034,offline_augmentation,noise,false,dataset_offline_augmentation,raw_annotation_unchanged,Candidate policy only; raw ZIP/JSON unchanged; no final split assigned
train,1360_noise.jpg,resize,sg-0035,gc-0034,dataset_resize,noise,false,dataset_provided_resize,raw_annotation_unchanged,Candidate policy only; raw ZIP/JSON unchanged; no final split assigned
train,137.jpg,original,sg-0263,gc-0261,plain_base,none,false,annotation_conflict_group_holdout,raw_annotation_unchanged,Candidate policy only; raw ZIP/JSON unchanged; no final split assigned
train,137.jpg,resize,sg-0263,gc-0261,dataset_resize,none,false,dataset_provided_resize,raw_annotation_unchanged,Candidate policy only; raw ZIP/JSON unchanged; no final split assigned
train,137_brightness.jpg,original,sg-0263,gc-0261,offline_augmentation,brightness,false,dataset_offline_augmentation,raw_annotation_unchanged,Candidate policy only; raw ZIP/JSON unchanged; no final split assigned
train,137_brightness.jpg,resize,sg-0263,gc-0261,dataset_resize,brightness,false,dataset_provided_resize,raw_annotation_unchanged,Candidate policy only; raw ZIP/JSON unchanged; no final split assigned
train,137_noise.jpg,original,sg-0263,gc-0261,offline_augmentation,noise,false,dataset_offline_augmentation,raw_annotation_unchanged,Candidate policy only; raw ZIP/JSON unchanged; no final split assigned
train,137_noise.jpg,resize,sg-0263,gc-0261,dataset_resize,noise,false,dataset_provided_resize,raw_annotation_unchanged,Candidate policy only; raw ZIP/JSON unchanged; no final split assigned
train,138_brightness.jpg,original,sg-0008,gc-0008,offline_augmentation,brightness,false,dataset_offline_augmentation,raw_annotation_unchanged,Candidate policy only; raw ZIP/JSON unchanged; no final split assigned
train,138_brightness.jpg,resize,sg-0008,gc-0008,dataset_resize,brightness,false,dataset_provided_resize,raw_annotation_unchanged,Candidate policy only; raw ZIP/JSON unchanged; no final split assigned
train,138_noise.jpg,original,sg-0008,gc-0008,offline_augmentation,noise,false,dataset_offline_augmentation,raw_annotation_unchanged,Candidate policy only; raw ZIP/JSON unchanged; no final split assigned
train,138_noise.jpg,resize,sg-0008,gc-0008,dataset_resize,noise,false,dataset_provided_resize,raw_annotation_unchanged,Candidate policy only; raw ZIP/JSON unchanged; no final split assigned
train,1390.jpg,original,sg-0264,gc-0032,plain_base,none,true,,raw_annotation_unchanged,Candidate policy only; raw ZIP/JSON unchanged; no final split assigned
train,1390.jpg,resize,sg-0264,gc-0032,dataset_resize,none,false,dataset_provided_resize,raw_annotation_unchanged,Candidate policy only; raw ZIP/JSON unchanged; no final split assigned
train,1390_brightness.jpg,original,sg-0264,gc-0032,offline_augmentation,brightness,false,dataset_offline_augmentation,raw_annotation_unchanged,Candidate policy only; raw ZIP/JSON unchanged; no final split assigned
train,1390_brightness.jpg,resize,sg-0264,gc-0032,dataset_resize,brightness,false,dataset_provided_resize,raw_annotation_unchanged,Candidate policy only; raw ZIP/JSON unchanged; no final split assigned
train,1390_noise.jpg,original,sg-0264,gc-0032,offline_augmentation,noise,false,dataset_offline_augmentation,raw_annotation_unchanged,Candidate policy only; raw ZIP/JSON unchanged; no final split assigned
train,1390_noise.jpg,resize,sg-0264,gc-0032,dataset_resize,noise,false,dataset_provided_resize,raw_annotation_unchanged,Candidate policy only; raw ZIP/JSON unchanged; no final split assigned
train,1400_brightness.jpg,original,sg-0009,gc-0009,offline_augmentation,brightness,false,dataset_offline_augmentation,raw_annotation_unchanged,Candidate policy only; raw ZIP/JSON unchanged; no final split assigned
train,1400_brightness.jpg,resize,sg-0009,gc-0009,dataset_resize,brightness,false,dataset_provided_resize,raw_annotation_unchanged,Candidate policy only; raw ZIP/JSON unchanged; no final split assigned
train,144.jpg,original,sg-0265,gc-0262,plain_base,none,false,annotation_conflict_group_holdout,raw_annotation_unchanged,Candidate policy only; raw ZIP/JSON unchanged; no final split assigned
train,144.jpg,resize,sg-0265,gc-0262,dataset_resize,none,false,dataset_provided_resize,raw_annotation_unchanged,Candidate policy only; raw ZIP/JSON unchanged; no final split assigned
train,144_brightness.jpg,original,sg-0265,gc-0262,offline_augmentation,brightness,false,dataset_offline_augmentation,raw_annotation_unchanged,Candidate policy only; raw ZIP/JSON unchanged; no final split assigned
train,144_brightness.jpg,resize,sg-0265,gc-0262,dataset_resize,brightness,false,dataset_provided_resize,raw_annotation_unchanged,Candidate policy only; raw ZIP/JSON unchanged; no final split assigned
train,144_noise.jpg,original,sg-0265,gc-0262,offline_augmentation,noise,false,dataset_offline_augmentation,raw_annotation_unchanged,Candidate policy only; raw ZIP/JSON unchanged; no final split assigned
train,144_noise.jpg,resize,sg-0265,gc-0262,dataset_resize,noise,false,dataset_provided_resize,raw_annotation_unchanged,Candidate policy only; raw ZIP/JSON unchanged; no final split assigned
train,1450.jpg,original,sg-0266,gc-0263,plain_base,none,true,,raw_annotation_unchanged,Candidate policy only; raw ZIP/JSON unchanged; no final split assigned
train,1450.jpg,resize,sg-0266,gc-0263,dataset_resize,none,false,dataset_provided_resize,raw_annotation_unchanged,Candidate policy only; raw ZIP/JSON unchanged; no final split assigned
train,1450_noise.jpg,original,sg-0266,gc-0263,offline_augmentation,noise,false,dataset_offline_augmentation,raw_annotation_unchanged,Candidate policy only; raw ZIP/JSON unchanged; no final split assigned
train,1450_noise.jpg,resize,sg-0266,gc-0263,dataset_resize,noise,false,dataset_provided_resize,raw_annotation_unchanged,Candidate policy only; raw ZIP/JSON unchanged; no final split assigned
train,1460.jpg,original,sg-0267,gc-0264,plain_base,none,true,,raw_annotation_unchanged,Candidate policy only; raw ZIP/JSON unchanged; no final split assigned
train,1460.jpg,resize,sg-0267,gc-0264,dataset_resize,none,false,dataset_provided_resize,raw_annotation_unchanged,Candidate policy only; raw ZIP/JSON unchanged; no final split assigned
train,1460_brightness.jpg,original,sg-0267,gc-0264,offline_augmentation,brightness,false,dataset_offline_augmentation,raw_annotation_unchanged,Candidate policy only; raw ZIP/JSON unchanged; no final split assigned
train,1460_brightness.jpg,resize,sg-0267,gc-0264,dataset_resize,brightness,false,dataset_provided_resize,raw_annotation_unchanged,Candidate policy only; raw ZIP/JSON unchanged; no final split assigned
train,1480.jpg,original,sg-0268,gc-0265,plain_base,none,true,,raw_annotation_unchanged,Candidate policy only; raw ZIP/JSON unchanged; no final split assigned
train,1480.jpg,resize,sg-0268,gc-0265,dataset_resize,none,false,dataset_provided_resize,raw_annotation_unchanged,Candidate policy only; raw ZIP/JSON unchanged; no final split assigned
train,1480_brightness.jpg,original,sg-0268,gc-0265,offline_augmentation,brightness,false,dataset_offline_augmentation,raw_annotation_unchanged,Candidate policy only; raw ZIP/JSON unchanged; no final split assigned
train,1480_brightness.jpg,resize,sg-0268,gc-0265,dataset_resize,brightness,false,dataset_provided_resize,raw_annotation_unchanged,Candidate policy only; raw ZIP/JSON unchanged; no final split assigned
train,1480_noise.jpg,original,sg-0268,gc-0265,offline_augmentation,noise,false,dataset_offline_augmentation,raw_annotation_unchanged,Candidate policy only; raw ZIP/JSON unchanged; no final split assigned
train,1480_noise.jpg,resize,sg-0268,gc-0265,dataset_resize,noise,false,dataset_provided_resize,raw_annotation_unchanged,Candidate policy only; raw ZIP/JSON unchanged; no final split assigned
train,149.jpg,original,sg-0269,gc-0266,plain_base,none,false,annotation_conflict_group_holdout,raw_annotation_unchanged,Candidate policy only; raw ZIP/JSON unchanged; no final split assigned
train,149.jpg,resize,sg-0269,gc-0266,dataset_resize,none,false,dataset_provided_resize,raw_annotation_unchanged,Candidate policy only; raw ZIP/JSON unchanged; no final split assigned
train,15.jpg,original,sg-0270,gc-0267,plain_base,none,true,,raw_annotation_unchanged,Candidate policy only; raw ZIP/JSON unchanged; no final split assigned
train,15.jpg,resize,sg-0270,gc-0267,dataset_resize,none,false,dataset_provided_resize,raw_annotation_unchanged,Candidate policy only; raw ZIP/JSON unchanged; no final split assigned
train,150_brightness.jpg,original,sg-0013,gc-0013,offline_augmentation,brightness,false,dataset_offline_augmentation,raw_annotation_unchanged,Candidate policy only; raw ZIP/JSON unchanged; no final split assigned
train,150_brightness.jpg,resize,sg-0013,gc-0013,dataset_resize,brightness,false,dataset_provided_resize,raw_annotation_unchanged,Candidate policy only; raw ZIP/JSON unchanged; no final split assigned
train,150_noise.jpg,original,sg-0013,gc-0013,offline_augmentation,noise,false,dataset_offline_augmentation,raw_annotation_unchanged,Candidate policy only; raw ZIP/JSON unchanged; no final split assigned
train,150_noise.jpg,resize,sg-0013,gc-0013,dataset_resize,noise,false,dataset_provided_resize,raw_annotation_unchanged,Candidate policy only; raw ZIP/JSON unchanged; no final split assigned
train,151.jpg,original,sg-0271,gc-0038,plain_base,none,true,,raw_annotation_unchanged,Candidate policy only; raw ZIP/JSON unchanged; no final split assigned
train,151.jpg,resize,sg-0271,gc-0038,dataset_resize,none,false,dataset_provided_resize,raw_annotation_unchanged,Candidate policy only; raw ZIP/JSON unchanged; no final split assigned
train,151_brightness.jpg,original,sg-0271,gc-0038,offline_augmentation,brightness,false,dataset_offline_augmentation,raw_annotation_unchanged,Candidate policy only; raw ZIP/JSON unchanged; no final split assigned
train,151_brightness.jpg,resize,sg-0271,gc-0038,dataset_resize,brightness,false,dataset_provided_resize,raw_annotation_unchanged,Candidate policy only; raw ZIP/JSON unchanged; no final split assigned
train,151_noise.jpg,original,sg-0271,gc-0038,offline_augmentation,noise,false,dataset_offline_augmentation,raw_annotation_unchanged,Candidate policy only; raw ZIP/JSON unchanged; no final split assigned
train,151_noise.jpg,resize,sg-0271,gc-0038,dataset_resize,noise,false,dataset_provided_resize,raw_annotation_unchanged,Candidate policy only; raw ZIP/JSON unchanged; no final split assigned
train,1520_brightness.jpg,original,sg-0014,gc-0014,offline_augmentation,brightness,false,dataset_offline_augmentation,raw_annotation_unchanged,Candidate policy only; raw ZIP/JSON unchanged; no final split assigned
train,1520_brightness.jpg,resize,sg-0014,gc-0014,dataset_resize,brightness,false,dataset_provided_resize,raw_annotation_unchanged,Candidate policy only; raw ZIP/JSON unchanged; no final split assigned
train,1520_noise.jpg,original,sg-0014,gc-0014,offline_augmentation,noise,false,dataset_offline_augmentation,raw_annotation_unchanged,Candidate policy only; raw ZIP/JSON unchanged; no final split assigned
train,1520_noise.jpg,resize,sg-0014,gc-0014,dataset_resize,noise,false,dataset_provided_resize,raw_annotation_unchanged,Candidate policy only; raw ZIP/JSON unchanged; no final split assigned
train,153.jpg,original,sg-0272,gc-0268,plain_base,none,true,,raw_annotation_unchanged,Candidate policy only; raw ZIP/JSON unchanged; no final split assigned
train,153.jpg,resize,sg-0272,gc-0268,dataset_resize,none,false,dataset_provided_resize,raw_annotation_unchanged,Candidate policy only; raw ZIP/JSON unchanged; no final split assigned
train,153_brightness.jpg,original,sg-0272,gc-0268,offline_augmentation,brightness,false,dataset_offline_augmentation,raw_annotation_unchanged,Candidate policy only; raw ZIP/JSON unchanged; no final split assigned
train,153_brightness.jpg,resize,sg-0272,gc-0268,dataset_resize,brightness,false,dataset_provided_resize,raw_annotation_unchanged,Candidate policy only; raw ZIP/JSON unchanged; no final split assigned
train,153_noise.jpg,original,sg-0272,gc-0268,offline_augmentation,noise,false,dataset_offline_augmentation,raw_annotation_unchanged,Candidate policy only; raw ZIP/JSON unchanged; no final split assigned
train,153_noise.jpg,resize,sg-0272,gc-0268,dataset_resize,noise,false,dataset_provided_resize,raw_annotation_unchanged,Candidate policy only; raw ZIP/JSON unchanged; no final split assigned
train,1540.jpg,original,sg-0273,gc-0269,plain_base,none,true,,raw_annotation_unchanged,Candidate policy only; raw ZIP/JSON unchanged; no final split assigned
train,1540.jpg,resize,sg-0273,gc-0269,dataset_resize,none,false,dataset_provided_resize,raw_annotation_unchanged,Candidate policy only; raw ZIP/JSON unchanged; no final split assigned
train,1540_brightness.jpg,original,sg-0273,gc-0269,offline_augmentation,brightness,false,dataset_offline_augmentation,raw_annotation_unchanged,Candidate policy only; raw ZIP/JSON unchanged; no final split assigned
train,1540_brightness.jpg,resize,sg-0273,gc-0269,dataset_resize,brightness,false,dataset_provided_resize,raw_annotation_unchanged,Candidate policy only; raw ZIP/JSON unchanged; no final split assigned
train,1540_noise.jpg,original,sg-0273,gc-0269,offline_augmentation,noise,false,dataset_offline_augmentation,raw_annotation_unchanged,Candidate policy only; raw ZIP/JSON unchanged; no final split assigned
train,1540_noise.jpg,resize,sg-0273,gc-0269,dataset_resize,noise,false,dataset_provided_resize,raw_annotation_unchanged,Candidate policy only; raw ZIP/JSON unchanged; no final split assigned
train,1550.jpg,original,sg-0274,gc-0270,plain_base,none,true,,raw_annotation_unchanged,Candidate policy only; raw ZIP/JSON unchanged; no final split assigned
train,1550.jpg,resize,sg-0274,gc-0270,dataset_resize,none,false,dataset_provided_resize,raw_annotation_unchanged,Candidate policy only; raw ZIP/JSON unchanged; no final split assigned
train,1550_brightness.jpg,original,sg-0274,gc-0270,offline_augmentation,brightness,false,dataset_offline_augmentation,raw_annotation_unchanged,Candidate policy only; raw ZIP/JSON unchanged; no final split assigned
train,1550_brightness.jpg,resize,sg-0274,gc-0270,dataset_resize,brightness,false,dataset_provided_resize,raw_annotation_unchanged,Candidate policy only; raw ZIP/JSON unchanged; no final split assigned
train,1560.jpg,original,sg-0036,gc-0035,plain_base,none,false,alternate_same_source_base,raw_annotation_unchanged,Candidate policy only; raw ZIP/JSON unchanged; no final split assigned
train,1560.jpg,resize,sg-0036,gc-0035,dataset_resize,none,false,dataset_provided_resize,raw_annotation_unchanged,Candidate policy only; raw ZIP/JSON unchanged; no final split assigned
train,1570.jpg,original,sg-0275,gc-0271,plain_base,none,true,,raw_annotation_unchanged,Candidate policy only; raw ZIP/JSON unchanged; no final split assigned
train,1570.jpg,resize,sg-0275,gc-0271,dataset_resize,none,false,dataset_provided_resize,raw_annotation_unchanged,Candidate policy only; raw ZIP/JSON unchanged; no final split assigned
train,159.jpg,original,sg-0276,gc-0272,plain_base,none,true,,raw_annotation_unchanged,Candidate policy only; raw ZIP/JSON unchanged; no final split assigned
train,159.jpg,resize,sg-0276,gc-0272,dataset_resize,none,false,dataset_provided_resize,raw_annotation_unchanged,Candidate policy only; raw ZIP/JSON unchanged; no final split assigned
train,159_brightness.jpg,original,sg-0276,gc-0272,offline_augmentation,brightness,false,dataset_offline_augmentation,raw_annotation_unchanged,Candidate policy only; raw ZIP/JSON unchanged; no final split assigned
train,159_brightness.jpg,resize,sg-0276,gc-0272,dataset_resize,brightness,false,dataset_provided_resize,raw_annotation_unchanged,Candidate policy only; raw ZIP/JSON unchanged; no final split assigned
train,159_noise.jpg,original,sg-0276,gc-0272,offline_augmentation,noise,false,dataset_offline_augmentation,raw_annotation_unchanged,Candidate policy only; raw ZIP/JSON unchanged; no final split assigned
train,159_noise.jpg,resize,sg-0276,gc-0272,dataset_resize,noise,false,dataset_provided_resize,raw_annotation_unchanged,Candidate policy only; raw ZIP/JSON unchanged; no final split assigned
train,1610.jpg,original,sg-0277,gc-0273,plain_base,none,true,,raw_annotation_unchanged,Candidate policy only; raw ZIP/JSON unchanged; no final split assigned
train,1610.jpg,resize,sg-0277,gc-0273,dataset_resize,none,false,dataset_provided_resize,raw_annotation_unchanged,Candidate policy only; raw ZIP/JSON unchanged; no final split assigned
train,1610_brightness.jpg,original,sg-0277,gc-0273,offline_augmentation,brightness,false,dataset_offline_augmentation,raw_annotation_unchanged,Candidate policy only; raw ZIP/JSON unchanged; no final split assigned
train,1610_brightness.jpg,resize,sg-0277,gc-0273,dataset_resize,brightness,false,dataset_provided_resize,raw_annotation_unchanged,Candidate policy only; raw ZIP/JSON unchanged; no final split assigned
train,1610_noise.jpg,original,sg-0277,gc-0273,offline_augmentation,noise,false,dataset_offline_augmentation,raw_annotation_unchanged,Candidate policy only; raw ZIP/JSON unchanged; no final split assigned
train,1610_noise.jpg,resize,sg-0277,gc-0273,dataset_resize,noise,false,dataset_provided_resize,raw_annotation_unchanged,Candidate policy only; raw ZIP/JSON unchanged; no final split assigned
train,162.jpg,original,sg-0278,gc-0044,plain_base,none,true,,raw_annotation_unchanged,Candidate policy only; raw ZIP/JSON unchanged; no final split assigned
train,162.jpg,resize,sg-0278,gc-0044,dataset_resize,none,false,dataset_provided_resize,raw_annotation_unchanged,Candidate policy only; raw ZIP/JSON unchanged; no final split assigned
train,162_brightness.jpg,original,sg-0278,gc-0044,offline_augmentation,brightness,false,dataset_offline_augmentation,raw_annotation_unchanged,Candidate policy only; raw ZIP/JSON unchanged; no final split assigned
train,162_brightness.jpg,resize,sg-0278,gc-0044,dataset_resize,brightness,false,dataset_provided_resize,raw_annotation_unchanged,Candidate policy only; raw ZIP/JSON unchanged; no final split assigned
train,162_noise.jpg,original,sg-0278,gc-0044,offline_augmentation,noise,false,dataset_offline_augmentation,raw_annotation_unchanged,Candidate policy only; raw ZIP/JSON unchanged; no final split assigned
train,162_noise.jpg,resize,sg-0278,gc-0044,dataset_resize,noise,false,dataset_provided_resize,raw_annotation_unchanged,Candidate policy only; raw ZIP/JSON unchanged; no final split assigned
train,163.jpg,original,sg-0279,gc-0274,plain_base,none,true,,raw_annotation_unchanged,Candidate policy only; raw ZIP/JSON unchanged; no final split assigned
train,163.jpg,resize,sg-0279,gc-0274,dataset_resize,none,false,dataset_provided_resize,raw_annotation_unchanged,Candidate policy only; raw ZIP/JSON unchanged; no final split assigned
train,163_brightness.jpg,original,sg-0279,gc-0274,offline_augmentation,brightness,false,dataset_offline_augmentation,raw_annotation_unchanged,Candidate policy only; raw ZIP/JSON unchanged; no final split assigned
train,163_brightness.jpg,resize,sg-0279,gc-0274,dataset_resize,brightness,false,dataset_provided_resize,raw_annotation_unchanged,Candidate policy only; raw ZIP/JSON unchanged; no final split assigned
train,163_noise.jpg,original,sg-0279,gc-0274,offline_augmentation,noise,false,dataset_offline_augmentation,raw_annotation_unchanged,Candidate policy only; raw ZIP/JSON unchanged; no final split assigned
train,163_noise.jpg,resize,sg-0279,gc-0274,dataset_resize,noise,false,dataset_provided_resize,raw_annotation_unchanged,Candidate policy only; raw ZIP/JSON unchanged; no final split assigned
train,1640.jpg,original,sg-0046,gc-0045,plain_base,none,false,alternate_same_source_base,raw_annotation_unchanged,Candidate policy only; raw ZIP/JSON unchanged; no final split assigned
train,1640.jpg,resize,sg-0046,gc-0045,dataset_resize,none,false,dataset_provided_resize,raw_annotation_unchanged,Candidate policy only; raw ZIP/JSON unchanged; no final split assigned
train,165.jpg,original,sg-0280,gc-0275,plain_base,none,true,,raw_annotation_unchanged,Candidate policy only; raw ZIP/JSON unchanged; no final split assigned
train,165.jpg,resize,sg-0280,gc-0275,dataset_resize,none,false,dataset_provided_resize,raw_annotation_unchanged,Candidate policy only; raw ZIP/JSON unchanged; no final split assigned
train,167.jpg,original,sg-0281,gc-0276,plain_base,none,true,,raw_annotation_unchanged,Candidate policy only; raw ZIP/JSON unchanged; no final split assigned
train,167.jpg,resize,sg-0281,gc-0276,dataset_resize,none,false,dataset_provided_resize,raw_annotation_unchanged,Candidate policy only; raw ZIP/JSON unchanged; no final split assigned
train,168.jpg,original,sg-0282,gc-0277,plain_base,none,true,,raw_annotation_unchanged,Candidate policy only; raw ZIP/JSON unchanged; no final split assigned
train,168.jpg,resize,sg-0282,gc-0277,dataset_resize,none,false,dataset_provided_resize,raw_annotation_unchanged,Candidate policy only; raw ZIP/JSON unchanged; no final split assigned
train,1690.jpg,original,sg-0283,gc-0278,plain_base,none,true,,raw_annotation_unchanged,Candidate policy only; raw ZIP/JSON unchanged; no final split assigned
train,1690.jpg,resize,sg-0283,gc-0278,dataset_resize,none,false,dataset_provided_resize,raw_annotation_unchanged,Candidate policy only; raw ZIP/JSON unchanged; no final split assigned
train,17.jpg,original,sg-0284,gc-0279,plain_base,none,true,,raw_annotation_unchanged,Candidate policy only; raw ZIP/JSON unchanged; no final split assigned
train,17.jpg,resize,sg-0284,gc-0279,dataset_resize,none,false,dataset_provided_resize,raw_annotation_unchanged,Candidate policy only; raw ZIP/JSON unchanged; no final split assigned
train,172_brightness.jpg,original,sg-0285,gc-0018,fallback_augmented_only,brightness,false,no_base_fallback_requires_review,raw_annotation_unchanged,Candidate policy only; raw ZIP/JSON unchanged; no final split assigned
train,172_brightness.jpg,resize,sg-0285,gc-0018,dataset_resize,brightness,false,dataset_provided_resize,raw_annotation_unchanged,Candidate policy only; raw ZIP/JSON unchanged; no final split assigned
train,173.jpg,original,sg-0286,gc-0280,plain_base,none,true,,raw_annotation_unchanged,Candidate policy only; raw ZIP/JSON unchanged; no final split assigned
train,173.jpg,resize,sg-0286,gc-0280,dataset_resize,none,false,dataset_provided_resize,raw_annotation_unchanged,Candidate policy only; raw ZIP/JSON unchanged; no final split assigned
train,1740.jpg,original,sg-0287,gc-0281,plain_base,none,true,,raw_annotation_unchanged,Candidate policy only; raw ZIP/JSON unchanged; no final split assigned
train,1740.jpg,resize,sg-0287,gc-0281,dataset_resize,none,false,dataset_provided_resize,raw_annotation_unchanged,Candidate policy only; raw ZIP/JSON unchanged; no final split assigned
train,1740_brightness.jpg,original,sg-0287,gc-0281,offline_augmentation,brightness,false,dataset_offline_augmentation,raw_annotation_unchanged,Candidate policy only; raw ZIP/JSON unchanged; no final split assigned
train,1740_brightness.jpg,resize,sg-0287,gc-0281,dataset_resize,brightness,false,dataset_provided_resize,raw_annotation_unchanged,Candidate policy only; raw ZIP/JSON unchanged; no final split assigned
train,1740_noise.jpg,original,sg-0287,gc-0281,offline_augmentation,noise,false,dataset_offline_augmentation,raw_annotation_unchanged,Candidate policy only; raw ZIP/JSON unchanged; no final split assigned
train,1740_noise.jpg,resize,sg-0287,gc-0281,dataset_resize,noise,false,dataset_provided_resize,raw_annotation_unchanged,Candidate policy only; raw ZIP/JSON unchanged; no final split assigned
train,1770.jpg,original,sg-0288,gc-0282,plain_base,none,true,,raw_annotation_unchanged,Candidate policy only; raw ZIP/JSON unchanged; no final split assigned
train,1770.jpg,resize,sg-0288,gc-0282,dataset_resize,none,false,dataset_provided_resize,raw_annotation_unchanged,Candidate policy only; raw ZIP/JSON unchanged; no final split assigned
train,1770_brightness.jpg,original,sg-0288,gc-0282,offline_augmentation,brightness,false,dataset_offline_augmentation,raw_annotation_unchanged,Candidate policy only; raw ZIP/JSON unchanged; no final split assigned
train,1770_brightness.jpg,resize,sg-0288,gc-0282,dataset_resize,brightness,false,dataset_provided_resize,raw_annotation_unchanged,Candidate policy only; raw ZIP/JSON unchanged; no final split assigned
train,1780.jpg,original,sg-0289,gc-0283,plain_base,none,true,,raw_annotation_unchanged,Candidate policy only; raw ZIP/JSON unchanged; no final split assigned
train,1780.jpg,resize,sg-0289,gc-0283,dataset_resize,none,false,dataset_provided_resize,raw_annotation_unchanged,Candidate policy only; raw ZIP/JSON unchanged; no final split assigned
train,1780_brightness.jpg,original,sg-0289,gc-0283,offline_augmentation,brightness,false,dataset_offline_augmentation,raw_annotation_unchanged,Candidate policy only; raw ZIP/JSON unchanged; no final split assigned
train,1780_brightness.jpg,resize,sg-0289,gc-0283,dataset_resize,brightness,false,dataset_provided_resize,raw_annotation_unchanged,Candidate policy only; raw ZIP/JSON unchanged; no final split assigned
train,1780_noise.jpg,original,sg-0289,gc-0283,offline_augmentation,noise,false,dataset_offline_augmentation,raw_annotation_unchanged,Candidate policy only; raw ZIP/JSON unchanged; no final split assigned
train,1780_noise.jpg,resize,sg-0289,gc-0283,dataset_resize,noise,false,dataset_provided_resize,raw_annotation_unchanged,Candidate policy only; raw ZIP/JSON unchanged; no final split assigned
train,1790.jpg,original,sg-0290,gc-0284,plain_base,none,true,,raw_annotation_unchanged,Candidate policy only; raw ZIP/JSON unchanged; no final split assigned
train,1790.jpg,resize,sg-0290,gc-0284,dataset_resize,none,false,dataset_provided_resize,raw_annotation_unchanged,Candidate policy only; raw ZIP/JSON unchanged; no final split assigned
train,1790_brightness.jpg,original,sg-0290,gc-0284,offline_augmentation,brightness,false,dataset_offline_augmentation,raw_annotation_unchanged,Candidate policy only; raw ZIP/JSON unchanged; no final split assigned
train,1790_brightness.jpg,resize,sg-0290,gc-0284,dataset_resize,brightness,false,dataset_provided_resize,raw_annotation_unchanged,Candidate policy only; raw ZIP/JSON unchanged; no final split assigned
train,1790_noise.jpg,original,sg-0290,gc-0284,offline_augmentation,noise,false,dataset_offline_augmentation,raw_annotation_unchanged,Candidate policy only; raw ZIP/JSON unchanged; no final split assigned
train,1790_noise.jpg,resize,sg-0290,gc-0284,dataset_resize,noise,false,dataset_provided_resize,raw_annotation_unchanged,Candidate policy only; raw ZIP/JSON unchanged; no final split assigned
train,1800.jpg,original,sg-0291,gc-0285,plain_base,none,true,,raw_annotation_unchanged,Candidate policy only; raw ZIP/JSON unchanged; no final split assigned
train,1800.jpg,resize,sg-0291,gc-0285,dataset_resize,none,false,dataset_provided_resize,raw_annotation_unchanged,Candidate policy only; raw ZIP/JSON unchanged; no final split assigned
train,1810.jpg,original,sg-0292,gc-0286,plain_base,none,true,,raw_annotation_unchanged,Candidate policy only; raw ZIP/JSON unchanged; no final split assigned
train,1810.jpg,resize,sg-0292,gc-0286,dataset_resize,none,false,dataset_provided_resize,raw_annotation_unchanged,Candidate policy only; raw ZIP/JSON unchanged; no final split assigned
train,1830.jpg,original,sg-0293,gc-0287,plain_base,none,true,,raw_annotation_unchanged,Candidate policy only; raw ZIP/JSON unchanged; no final split assigned
train,1830.jpg,resize,sg-0293,gc-0287,dataset_resize,none,false,dataset_provided_resize,raw_annotation_unchanged,Candidate policy only; raw ZIP/JSON unchanged; no final split assigned
train,1830_brightness.jpg,original,sg-0293,gc-0287,offline_augmentation,brightness,false,dataset_offline_augmentation,raw_annotation_unchanged,Candidate policy only; raw ZIP/JSON unchanged; no final split assigned
train,1830_brightness.jpg,resize,sg-0293,gc-0287,dataset_resize,brightness,false,dataset_provided_resize,raw_annotation_unchanged,Candidate policy only; raw ZIP/JSON unchanged; no final split assigned
train,185.jpg,original,sg-0294,gc-0288,plain_base,none,true,,raw_annotation_unchanged,Candidate policy only; raw ZIP/JSON unchanged; no final split assigned
train,185.jpg,resize,sg-0294,gc-0288,dataset_resize,none,false,dataset_provided_resize,raw_annotation_unchanged,Candidate policy only; raw ZIP/JSON unchanged; no final split assigned
train,186.jpg,original,sg-0295,gc-0289,plain_base,none,true,,raw_annotation_unchanged,Candidate policy only; raw ZIP/JSON unchanged; no final split assigned
train,186.jpg,resize,sg-0295,gc-0289,dataset_resize,none,false,dataset_provided_resize,raw_annotation_unchanged,Candidate policy only; raw ZIP/JSON unchanged; no final split assigned
train,1880.jpg,original,sg-0296,gc-0290,plain_base,none,true,,raw_annotation_unchanged,Candidate policy only; raw ZIP/JSON unchanged; no final split assigned
train,1880.jpg,resize,sg-0296,gc-0290,dataset_resize,none,false,dataset_provided_resize,raw_annotation_unchanged,Candidate policy only; raw ZIP/JSON unchanged; no final split assigned
train,189.jpg,original,sg-0297,gc-0291,plain_base,none,true,,raw_annotation_unchanged,Candidate policy only; raw ZIP/JSON unchanged; no final split assigned
train,189.jpg,resize,sg-0297,gc-0291,dataset_resize,none,false,dataset_provided_resize,raw_annotation_unchanged,Candidate policy only; raw ZIP/JSON unchanged; no final split assigned
train,19.jpg,original,sg-0298,gc-0292,plain_base,none,true,,raw_annotation_unchanged,Candidate policy only; raw ZIP/JSON unchanged; no final split assigned
train,19.jpg,resize,sg-0298,gc-0292,dataset_resize,none,false,dataset_provided_resize,raw_annotation_unchanged,Candidate policy only; raw ZIP/JSON unchanged; no final split assigned
train,190.jpg,original,sg-0299,gc-0293,plain_base,none,true,,raw_annotation_unchanged,Candidate policy only; raw ZIP/JSON unchanged; no final split assigned
train,190.jpg,resize,sg-0299,gc-0293,dataset_resize,none,false,dataset_provided_resize,raw_annotation_unchanged,Candidate policy only; raw ZIP/JSON unchanged; no final split assigned
train,1910.jpg,original,sg-0300,gc-0294,plain_base,none,true,,raw_annotation_unchanged,Candidate policy only; raw ZIP/JSON unchanged; no final split assigned
train,1910.jpg,resize,sg-0300,gc-0294,dataset_resize,none,false,dataset_provided_resize,raw_annotation_unchanged,Candidate policy only; raw ZIP/JSON unchanged; no final split assigned
train,1910_brightness.jpg,original,sg-0300,gc-0294,offline_augmentation,brightness,false,dataset_offline_augmentation,raw_annotation_unchanged,Candidate policy only; raw ZIP/JSON unchanged; no final split assigned
train,1910_brightness.jpg,resize,sg-0300,gc-0294,dataset_resize,brightness,false,dataset_provided_resize,raw_annotation_unchanged,Candidate policy only; raw ZIP/JSON unchanged; no final split assigned
train,192.jpg,original,sg-0301,gc-0295,plain_base,none,true,,raw_annotation_unchanged,Candidate policy only; raw ZIP/JSON unchanged; no final split assigned
train,192.jpg,resize,sg-0301,gc-0295,dataset_resize,none,false,dataset_provided_resize,raw_annotation_unchanged,Candidate policy only; raw ZIP/JSON unchanged; no final split assigned
train,192_noise.jpg,original,sg-0301,gc-0295,offline_augmentation,noise,false,dataset_offline_augmentation,raw_annotation_unchanged,Candidate policy only; raw ZIP/JSON unchanged; no final split assigned
train,192_noise.jpg,resize,sg-0301,gc-0295,dataset_resize,noise,false,dataset_provided_resize,raw_annotation_unchanged,Candidate policy only; raw ZIP/JSON unchanged; no final split assigned
train,193.jpg,original,sg-0302,gc-0296,plain_base,none,true,,raw_annotation_unchanged,Candidate policy only; raw ZIP/JSON unchanged; no final split assigned
train,193.jpg,resize,sg-0302,gc-0296,dataset_resize,none,false,dataset_provided_resize,raw_annotation_unchanged,Candidate policy only; raw ZIP/JSON unchanged; no final split assigned
train,194.jpg,original,sg-0303,gc-0297,plain_base,none,true,,raw_annotation_unchanged,Candidate policy only; raw ZIP/JSON unchanged; no final split assigned
train,194.jpg,resize,sg-0303,gc-0297,dataset_resize,none,false,dataset_provided_resize,raw_annotation_unchanged,Candidate policy only; raw ZIP/JSON unchanged; no final split assigned
train,194_brightness.jpg,original,sg-0303,gc-0297,offline_augmentation,brightness,false,dataset_offline_augmentation,raw_annotation_unchanged,Candidate policy only; raw ZIP/JSON unchanged; no final split assigned
train,194_brightness.jpg,resize,sg-0303,gc-0297,dataset_resize,brightness,false,dataset_provided_resize,raw_annotation_unchanged,Candidate policy only; raw ZIP/JSON unchanged; no final split assigned
train,195.jpg,original,sg-0304,gc-0298,plain_base,none,true,,raw_annotation_unchanged,Candidate policy only; raw ZIP/JSON unchanged; no final split assigned
train,195.jpg,resize,sg-0304,gc-0298,dataset_resize,none,false,dataset_provided_resize,raw_annotation_unchanged,Candidate policy only; raw ZIP/JSON unchanged; no final split assigned
train,196.jpg,original,sg-0305,gc-0299,plain_base,none,true,,raw_annotation_unchanged,Candidate policy only; raw ZIP/JSON unchanged; no final split assigned
train,196.jpg,resize,sg-0305,gc-0299,dataset_resize,none,false,dataset_provided_resize,raw_annotation_unchanged,Candidate policy only; raw ZIP/JSON unchanged; no final split assigned
train,1970.jpg,original,sg-0306,gc-0300,plain_base,none,true,,raw_annotation_unchanged,Candidate policy only; raw ZIP/JSON unchanged; no final split assigned
train,1970.jpg,resize,sg-0306,gc-0300,dataset_resize,none,false,dataset_provided_resize,raw_annotation_unchanged,Candidate policy only; raw ZIP/JSON unchanged; no final split assigned
train,1980.jpg,original,sg-0307,gc-0301,plain_base,none,true,,raw_annotation_unchanged,Candidate policy only; raw ZIP/JSON unchanged; no final split assigned
train,1980.jpg,resize,sg-0307,gc-0301,dataset_resize,none,false,dataset_provided_resize,raw_annotation_unchanged,Candidate policy only; raw ZIP/JSON unchanged; no final split assigned
train,1990.jpg,original,sg-0308,gc-0302,plain_base,none,true,,raw_annotation_unchanged,Candidate policy only; raw ZIP/JSON unchanged; no final split assigned
train,1990.jpg,resize,sg-0308,gc-0302,dataset_resize,none,false,dataset_provided_resize,raw_annotation_unchanged,Candidate policy only; raw ZIP/JSON unchanged; no final split assigned
train,19_brightness.jpg,original,sg-0298,gc-0292,offline_augmentation,brightness,false,dataset_offline_augmentation,raw_annotation_unchanged,Candidate policy only; raw ZIP/JSON unchanged; no final split assigned
train,19_brightness.jpg,resize,sg-0298,gc-0292,dataset_resize,brightness,false,dataset_provided_resize,raw_annotation_unchanged,Candidate policy only; raw ZIP/JSON unchanged; no final split assigned
train,20.jpg,original,sg-0309,gc-0303,plain_base,none,true,,raw_annotation_unchanged,Candidate policy only; raw ZIP/JSON unchanged; no final split assigned
train,20.jpg,resize,sg-0309,gc-0303,dataset_resize,none,false,dataset_provided_resize,raw_annotation_unchanged,Candidate policy only; raw ZIP/JSON unchanged; no final split assigned
train,200.jpg,original,sg-0310,gc-0304,plain_base,none,true,,raw_annotation_unchanged,Candidate policy only; raw ZIP/JSON unchanged; no final split assigned
train,200.jpg,resize,sg-0310,gc-0304,dataset_resize,none,false,dataset_provided_resize,raw_annotation_unchanged,Candidate policy only; raw ZIP/JSON unchanged; no final split assigned
train,20000.jpg,original,sg-0311,gc-0305,plain_base,none,true,,raw_annotation_unchanged,Candidate policy only; raw ZIP/JSON unchanged; no final split assigned
train,20000.jpg,resize,sg-0311,gc-0305,dataset_resize,none,false,dataset_provided_resize,raw_annotation_unchanged,Candidate policy only; raw ZIP/JSON unchanged; no final split assigned
train,2010.jpg,original,sg-0312,gc-0306,plain_base,none,true,,raw_annotation_unchanged,Candidate policy only; raw ZIP/JSON unchanged; no final split assigned
train,2010.jpg,resize,sg-0312,gc-0306,dataset_resize,none,false,dataset_provided_resize,raw_annotation_unchanged,Candidate policy only; raw ZIP/JSON unchanged; no final split assigned
train,2030.jpg,original,sg-0313,gc-0307,plain_base,none,true,,raw_annotation_unchanged,Candidate policy only; raw ZIP/JSON unchanged; no final split assigned
train,2030.jpg,resize,sg-0313,gc-0307,dataset_resize,none,false,dataset_provided_resize,raw_annotation_unchanged,Candidate policy only; raw ZIP/JSON unchanged; no final split assigned
train,2040_noise.jpg,original,sg-0023,gc-0023,offline_augmentation,noise,false,dataset_offline_augmentation,raw_annotation_unchanged,Candidate policy only; raw ZIP/JSON unchanged; no final split assigned
train,2040_noise.jpg,resize,sg-0023,gc-0023,dataset_resize,noise,false,dataset_provided_resize,raw_annotation_unchanged,Candidate policy only; raw ZIP/JSON unchanged; no final split assigned
train,207.jpg,original,sg-0314,gc-0308,plain_base,none,true,,raw_annotation_unchanged,Candidate policy only; raw ZIP/JSON unchanged; no final split assigned
train,207.jpg,resize,sg-0314,gc-0308,dataset_resize,none,false,dataset_provided_resize,raw_annotation_unchanged,Candidate policy only; raw ZIP/JSON unchanged; no final split assigned
train,207_brightness.jpg,original,sg-0314,gc-0308,offline_augmentation,brightness,false,dataset_offline_augmentation,raw_annotation_unchanged,Candidate policy only; raw ZIP/JSON unchanged; no final split assigned
train,207_brightness.jpg,resize,sg-0314,gc-0308,dataset_resize,brightness,false,dataset_provided_resize,raw_annotation_unchanged,Candidate policy only; raw ZIP/JSON unchanged; no final split assigned
train,2080.jpg,original,sg-0315,gc-0309,plain_base,none,true,,raw_annotation_unchanged,Candidate policy only; raw ZIP/JSON unchanged; no final split assigned
train,2080.jpg,resize,sg-0315,gc-0309,dataset_resize,none,false,dataset_provided_resize,raw_annotation_unchanged,Candidate policy only; raw ZIP/JSON unchanged; no final split assigned
train,2080_brightness.jpg,original,sg-0315,gc-0309,offline_augmentation,brightness,false,dataset_offline_augmentation,raw_annotation_unchanged,Candidate policy only; raw ZIP/JSON unchanged; no final split assigned
train,2080_brightness.jpg,resize,sg-0315,gc-0309,dataset_resize,brightness,false,dataset_provided_resize,raw_annotation_unchanged,Candidate policy only; raw ZIP/JSON unchanged; no final split assigned
train,2080_noise.jpg,original,sg-0315,gc-0309,offline_augmentation,noise,false,dataset_offline_augmentation,raw_annotation_unchanged,Candidate policy only; raw ZIP/JSON unchanged; no final split assigned
train,2080_noise.jpg,resize,sg-0315,gc-0309,dataset_resize,noise,false,dataset_provided_resize,raw_annotation_unchanged,Candidate policy only; raw ZIP/JSON unchanged; no final split assigned
train,209.jpg,original,sg-0316,gc-0310,plain_base,none,true,,raw_annotation_unchanged,Candidate policy only; raw ZIP/JSON unchanged; no final split assigned
train,209.jpg,resize,sg-0316,gc-0310,dataset_resize,none,false,dataset_provided_resize,raw_annotation_unchanged,Candidate policy only; raw ZIP/JSON unchanged; no final split assigned
train,21.jpg,original,sg-0317,gc-0311,plain_base,none,true,,raw_annotation_unchanged,Candidate policy only; raw ZIP/JSON unchanged; no final split assigned
train,21.jpg,resize,sg-0317,gc-0311,dataset_resize,none,false,dataset_provided_resize,raw_annotation_unchanged,Candidate policy only; raw ZIP/JSON unchanged; no final split assigned
train,2110.jpg,original,sg-0318,gc-0312,plain_base,none,true,,raw_annotation_unchanged,Candidate policy only; raw ZIP/JSON unchanged; no final split assigned
train,2110.jpg,resize,sg-0318,gc-0312,dataset_resize,none,false,dataset_provided_resize,raw_annotation_unchanged,Candidate policy only; raw ZIP/JSON unchanged; no final split assigned
train,2120.jpg,original,sg-0319,gc-0313,plain_base,none,true,,raw_annotation_unchanged,Candidate policy only; raw ZIP/JSON unchanged; no final split assigned
train,2120.jpg,resize,sg-0319,gc-0313,dataset_resize,none,false,dataset_provided_resize,raw_annotation_unchanged,Candidate policy only; raw ZIP/JSON unchanged; no final split assigned
train,213.jpg,original,sg-0320,gc-0314,plain_base,none,true,,raw_annotation_unchanged,Candidate policy only; raw ZIP/JSON unchanged; no final split assigned
train,213.jpg,resize,sg-0320,gc-0314,dataset_resize,none,false,dataset_provided_resize,raw_annotation_unchanged,Candidate policy only; raw ZIP/JSON unchanged; no final split assigned
train,214.jpg,original,sg-0321,gc-0315,plain_base,none,true,,raw_annotation_unchanged,Candidate policy only; raw ZIP/JSON unchanged; no final split assigned
train,214.jpg,resize,sg-0321,gc-0315,dataset_resize,none,false,dataset_provided_resize,raw_annotation_unchanged,Candidate policy only; raw ZIP/JSON unchanged; no final split assigned
train,216.jpg,original,sg-0322,gc-0316,plain_base,none,true,,raw_annotation_unchanged,Candidate policy only; raw ZIP/JSON unchanged; no final split assigned
train,216.jpg,resize,sg-0322,gc-0316,dataset_resize,none,false,dataset_provided_resize,raw_annotation_unchanged,Candidate policy only; raw ZIP/JSON unchanged; no final split assigned
train,2170.jpg,original,sg-0323,gc-0317,plain_base,none,true,,raw_annotation_unchanged,Candidate policy only; raw ZIP/JSON unchanged; no final split assigned
train,2170.jpg,resize,sg-0323,gc-0317,dataset_resize,none,false,dataset_provided_resize,raw_annotation_unchanged,Candidate policy only; raw ZIP/JSON unchanged; no final split assigned
train,2170_brightness.jpg,original,sg-0323,gc-0317,offline_augmentation,brightness,false,dataset_offline_augmentation,raw_annotation_unchanged,Candidate policy only; raw ZIP/JSON unchanged; no final split assigned
train,2170_brightness.jpg,resize,sg-0323,gc-0317,dataset_resize,brightness,false,dataset_provided_resize,raw_annotation_unchanged,Candidate policy only; raw ZIP/JSON unchanged; no final split assigned
train,2170_noise.jpg,original,sg-0323,gc-0317,offline_augmentation,noise,false,dataset_offline_augmentation,raw_annotation_unchanged,Candidate policy only; raw ZIP/JSON unchanged; no final split assigned
train,2170_noise.jpg,resize,sg-0323,gc-0317,dataset_resize,noise,false,dataset_provided_resize,raw_annotation_unchanged,Candidate policy only; raw ZIP/JSON unchanged; no final split assigned
train,2180.jpg,original,sg-0324,gc-0318,plain_base,none,true,,raw_annotation_unchanged,Candidate policy only; raw ZIP/JSON unchanged; no final split assigned
train,2180.jpg,resize,sg-0324,gc-0318,dataset_resize,none,false,dataset_provided_resize,raw_annotation_unchanged,Candidate policy only; raw ZIP/JSON unchanged; no final split assigned
train,2190.jpg,original,sg-0325,gc-0319,plain_base,none,true,,raw_annotation_unchanged,Candidate policy only; raw ZIP/JSON unchanged; no final split assigned
train,2190.jpg,resize,sg-0325,gc-0319,dataset_resize,none,false,dataset_provided_resize,raw_annotation_unchanged,Candidate policy only; raw ZIP/JSON unchanged; no final split assigned
train,2190_brightness.jpg,original,sg-0325,gc-0319,offline_augmentation,brightness,false,dataset_offline_augmentation,raw_annotation_unchanged,Candidate policy only; raw ZIP/JSON unchanged; no final split assigned
train,2190_brightness.jpg,resize,sg-0325,gc-0319,dataset_resize,brightness,false,dataset_provided_resize,raw_annotation_unchanged,Candidate policy only; raw ZIP/JSON unchanged; no final split assigned
train,2190_noise.jpg,original,sg-0325,gc-0319,offline_augmentation,noise,false,dataset_offline_augmentation,raw_annotation_unchanged,Candidate policy only; raw ZIP/JSON unchanged; no final split assigned
train,2190_noise.jpg,resize,sg-0325,gc-0319,dataset_resize,noise,false,dataset_provided_resize,raw_annotation_unchanged,Candidate policy only; raw ZIP/JSON unchanged; no final split assigned
train,21_brightness.jpg,original,sg-0317,gc-0311,offline_augmentation,brightness,false,dataset_offline_augmentation,raw_annotation_unchanged,Candidate policy only; raw ZIP/JSON unchanged; no final split assigned
train,21_brightness.jpg,resize,sg-0317,gc-0311,dataset_resize,brightness,false,dataset_provided_resize,raw_annotation_unchanged,Candidate policy only; raw ZIP/JSON unchanged; no final split assigned
train,2200.jpg,original,sg-0326,gc-0320,plain_base,none,true,,raw_annotation_unchanged,Candidate policy only; raw ZIP/JSON unchanged; no final split assigned
train,2200.jpg,resize,sg-0326,gc-0320,dataset_resize,none,false,dataset_provided_resize,raw_annotation_unchanged,Candidate policy only; raw ZIP/JSON unchanged; no final split assigned
train,2200_noise.jpg,original,sg-0326,gc-0320,offline_augmentation,noise,false,dataset_offline_augmentation,raw_annotation_unchanged,Candidate policy only; raw ZIP/JSON unchanged; no final split assigned
train,2200_noise.jpg,resize,sg-0326,gc-0320,dataset_resize,noise,false,dataset_provided_resize,raw_annotation_unchanged,Candidate policy only; raw ZIP/JSON unchanged; no final split assigned
train,2210_noise.jpg,original,sg-0027,gc-0027,offline_augmentation,noise,false,dataset_offline_augmentation,raw_annotation_unchanged,Candidate policy only; raw ZIP/JSON unchanged; no final split assigned
train,2210_noise.jpg,resize,sg-0027,gc-0027,dataset_resize,noise,false,dataset_provided_resize,raw_annotation_unchanged,Candidate policy only; raw ZIP/JSON unchanged; no final split assigned
train,2220.jpg,original,sg-0327,gc-0321,plain_base,none,true,,raw_annotation_unchanged,Candidate policy only; raw ZIP/JSON unchanged; no final split assigned
train,2220.jpg,resize,sg-0327,gc-0321,dataset_resize,none,false,dataset_provided_resize,raw_annotation_unchanged,Candidate policy only; raw ZIP/JSON unchanged; no final split assigned
train,2220_brightness.jpg,original,sg-0327,gc-0321,offline_augmentation,brightness,false,dataset_offline_augmentation,raw_annotation_unchanged,Candidate policy only; raw ZIP/JSON unchanged; no final split assigned
train,2220_brightness.jpg,resize,sg-0327,gc-0321,dataset_resize,brightness,false,dataset_provided_resize,raw_annotation_unchanged,Candidate policy only; raw ZIP/JSON unchanged; no final split assigned
train,2220_noise.jpg,original,sg-0327,gc-0321,offline_augmentation,noise,false,dataset_offline_augmentation,raw_annotation_unchanged,Candidate policy only; raw ZIP/JSON unchanged; no final split assigned
train,2220_noise.jpg,resize,sg-0327,gc-0321,dataset_resize,noise,false,dataset_provided_resize,raw_annotation_unchanged,Candidate policy only; raw ZIP/JSON unchanged; no final split assigned
train,223.jpg,original,sg-0328,gc-0322,plain_base,none,true,,raw_annotation_unchanged,Candidate policy only; raw ZIP/JSON unchanged; no final split assigned
train,223.jpg,resize,sg-0328,gc-0322,dataset_resize,none,false,dataset_provided_resize,raw_annotation_unchanged,Candidate policy only; raw ZIP/JSON unchanged; no final split assigned
train,223_brightness.jpg,original,sg-0328,gc-0322,offline_augmentation,brightness,false,dataset_offline_augmentation,raw_annotation_unchanged,Candidate policy only; raw ZIP/JSON unchanged; no final split assigned
train,223_brightness.jpg,resize,sg-0328,gc-0322,dataset_resize,brightness,false,dataset_provided_resize,raw_annotation_unchanged,Candidate policy only; raw ZIP/JSON unchanged; no final split assigned
train,2240.jpg,original,sg-0329,gc-0323,plain_base,none,true,,raw_annotation_unchanged,Candidate policy only; raw ZIP/JSON unchanged; no final split assigned
train,2240.jpg,resize,sg-0329,gc-0323,dataset_resize,none,false,dataset_provided_resize,raw_annotation_unchanged,Candidate policy only; raw ZIP/JSON unchanged; no final split assigned
train,2240_brightness.jpg,original,sg-0329,gc-0323,offline_augmentation,brightness,false,dataset_offline_augmentation,raw_annotation_unchanged,Candidate policy only; raw ZIP/JSON unchanged; no final split assigned
train,2240_brightness.jpg,resize,sg-0329,gc-0323,dataset_resize,brightness,false,dataset_provided_resize,raw_annotation_unchanged,Candidate policy only; raw ZIP/JSON unchanged; no final split assigned
train,2240_noise.jpg,original,sg-0329,gc-0323,offline_augmentation,noise,false,dataset_offline_augmentation,raw_annotation_unchanged,Candidate policy only; raw ZIP/JSON unchanged; no final split assigned
train,2240_noise.jpg,resize,sg-0329,gc-0323,dataset_resize,noise,false,dataset_provided_resize,raw_annotation_unchanged,Candidate policy only; raw ZIP/JSON unchanged; no final split assigned
train,2250.jpg,original,sg-0330,gc-0324,plain_base,none,true,,raw_annotation_unchanged,Candidate policy only; raw ZIP/JSON unchanged; no final split assigned
train,2250.jpg,resize,sg-0330,gc-0324,dataset_resize,none,false,dataset_provided_resize,raw_annotation_unchanged,Candidate policy only; raw ZIP/JSON unchanged; no final split assigned
train,2250_brightness.jpg,original,sg-0330,gc-0324,offline_augmentation,brightness,false,dataset_offline_augmentation,raw_annotation_unchanged,Candidate policy only; raw ZIP/JSON unchanged; no final split assigned
train,2250_brightness.jpg,resize,sg-0330,gc-0324,dataset_resize,brightness,false,dataset_provided_resize,raw_annotation_unchanged,Candidate policy only; raw ZIP/JSON unchanged; no final split assigned
train,2250_noise.jpg,original,sg-0330,gc-0324,offline_augmentation,noise,false,dataset_offline_augmentation,raw_annotation_unchanged,Candidate policy only; raw ZIP/JSON unchanged; no final split assigned
train,2250_noise.jpg,resize,sg-0330,gc-0324,dataset_resize,noise,false,dataset_provided_resize,raw_annotation_unchanged,Candidate policy only; raw ZIP/JSON unchanged; no final split assigned
train,226.jpg,original,sg-0331,gc-0325,plain_base,none,true,,raw_annotation_unchanged,Candidate policy only; raw ZIP/JSON unchanged; no final split assigned
train,226.jpg,resize,sg-0331,gc-0325,dataset_resize,none,false,dataset_provided_resize,raw_annotation_unchanged,Candidate policy only; raw ZIP/JSON unchanged; no final split assigned
train,226_brightness.jpg,original,sg-0331,gc-0325,offline_augmentation,brightness,false,dataset_offline_augmentation,raw_annotation_unchanged,Candidate policy only; raw ZIP/JSON unchanged; no final split assigned
train,226_brightness.jpg,resize,sg-0331,gc-0325,dataset_resize,brightness,false,dataset_provided_resize,raw_annotation_unchanged,Candidate policy only; raw ZIP/JSON unchanged; no final split assigned
train,226_noise.jpg,original,sg-0331,gc-0325,offline_augmentation,noise,false,dataset_offline_augmentation,raw_annotation_unchanged,Candidate policy only; raw ZIP/JSON unchanged; no final split assigned
train,226_noise.jpg,resize,sg-0331,gc-0325,dataset_resize,noise,false,dataset_provided_resize,raw_annotation_unchanged,Candidate policy only; raw ZIP/JSON unchanged; no final split assigned
train,227_noise.jpg,original,sg-0028,gc-0028,offline_augmentation,noise,false,dataset_offline_augmentation,raw_annotation_unchanged,Candidate policy only; raw ZIP/JSON unchanged; no final split assigned
train,227_noise.jpg,resize,sg-0028,gc-0028,dataset_resize,noise,false,dataset_provided_resize,raw_annotation_unchanged,Candidate policy only; raw ZIP/JSON unchanged; no final split assigned
train,2280.jpg,original,sg-0332,gc-0326,plain_base,none,true,,raw_annotation_unchanged,Candidate policy only; raw ZIP/JSON unchanged; no final split assigned
train,2280.jpg,resize,sg-0332,gc-0326,dataset_resize,none,false,dataset_provided_resize,raw_annotation_unchanged,Candidate policy only; raw ZIP/JSON unchanged; no final split assigned
train,2280_brightness.jpg,original,sg-0332,gc-0326,offline_augmentation,brightness,false,dataset_offline_augmentation,raw_annotation_unchanged,Candidate policy only; raw ZIP/JSON unchanged; no final split assigned
train,2280_brightness.jpg,resize,sg-0332,gc-0326,dataset_resize,brightness,false,dataset_provided_resize,raw_annotation_unchanged,Candidate policy only; raw ZIP/JSON unchanged; no final split assigned
train,2280_noise.jpg,original,sg-0332,gc-0326,offline_augmentation,noise,false,dataset_offline_augmentation,raw_annotation_unchanged,Candidate policy only; raw ZIP/JSON unchanged; no final split assigned
train,2280_noise.jpg,resize,sg-0332,gc-0326,dataset_resize,noise,false,dataset_provided_resize,raw_annotation_unchanged,Candidate policy only; raw ZIP/JSON unchanged; no final split assigned
train,2300.jpg,original,sg-0333,gc-0327,plain_base,none,true,,raw_annotation_unchanged,Candidate policy only; raw ZIP/JSON unchanged; no final split assigned
train,2300.jpg,resize,sg-0333,gc-0327,dataset_resize,none,false,dataset_provided_resize,raw_annotation_unchanged,Candidate policy only; raw ZIP/JSON unchanged; no final split assigned
train,23000.jpg,original,sg-0334,gc-0328,plain_base,none,true,,raw_annotation_unchanged,Candidate policy only; raw ZIP/JSON unchanged; no final split assigned
train,23000.jpg,resize,sg-0334,gc-0328,dataset_resize,none,false,dataset_provided_resize,raw_annotation_unchanged,Candidate policy only; raw ZIP/JSON unchanged; no final split assigned
train,231.jpg,original,sg-0335,gc-0329,plain_base,none,true,,raw_annotation_unchanged,Candidate policy only; raw ZIP/JSON unchanged; no final split assigned
train,231.jpg,resize,sg-0335,gc-0329,dataset_resize,none,false,dataset_provided_resize,raw_annotation_unchanged,Candidate policy only; raw ZIP/JSON unchanged; no final split assigned
train,2330.jpg,original,sg-0336,gc-0330,plain_base,none,true,,raw_annotation_unchanged,Candidate policy only; raw ZIP/JSON unchanged; no final split assigned
train,2330.jpg,resize,sg-0336,gc-0330,dataset_resize,none,false,dataset_provided_resize,raw_annotation_unchanged,Candidate policy only; raw ZIP/JSON unchanged; no final split assigned
train,2330_brightness.jpg,original,sg-0336,gc-0330,offline_augmentation,brightness,false,dataset_offline_augmentation,raw_annotation_unchanged,Candidate policy only; raw ZIP/JSON unchanged; no final split assigned
train,2330_brightness.jpg,resize,sg-0336,gc-0330,dataset_resize,brightness,false,dataset_provided_resize,raw_annotation_unchanged,Candidate policy only; raw ZIP/JSON unchanged; no final split assigned
train,2330_noise.jpg,original,sg-0336,gc-0330,offline_augmentation,noise,false,dataset_offline_augmentation,raw_annotation_unchanged,Candidate policy only; raw ZIP/JSON unchanged; no final split assigned
train,2330_noise.jpg,resize,sg-0336,gc-0330,dataset_resize,noise,false,dataset_provided_resize,raw_annotation_unchanged,Candidate policy only; raw ZIP/JSON unchanged; no final split assigned
train,2340.jpg,original,sg-0006,gc-0006,plain_base,none,false,alternate_same_source_base,raw_annotation_unchanged,Candidate policy only; raw ZIP/JSON unchanged; no final split assigned
train,2340.jpg,resize,sg-0006,gc-0006,dataset_resize,none,false,dataset_provided_resize,raw_annotation_unchanged,Candidate policy only; raw ZIP/JSON unchanged; no final split assigned
train,2340_brightness.jpg,original,sg-0006,gc-0006,offline_augmentation,brightness,false,dataset_offline_augmentation,raw_annotation_unchanged,Candidate policy only; raw ZIP/JSON unchanged; no final split assigned
train,2340_brightness.jpg,resize,sg-0006,gc-0006,dataset_resize,brightness,false,dataset_provided_resize,raw_annotation_unchanged,Candidate policy only; raw ZIP/JSON unchanged; no final split assigned
train,2350.jpg,original,sg-0337,gc-0331,plain_base,none,true,,raw_annotation_unchanged,Candidate policy only; raw ZIP/JSON unchanged; no final split assigned
train,2350.jpg,resize,sg-0337,gc-0331,dataset_resize,none,false,dataset_provided_resize,raw_annotation_unchanged,Candidate policy only; raw ZIP/JSON unchanged; no final split assigned
train,2360_brightness.jpg,original,sg-0030,gc-0007,offline_augmentation,brightness,false,dataset_offline_augmentation,raw_annotation_unchanged,Candidate policy only; raw ZIP/JSON unchanged; no final split assigned
train,2360_brightness.jpg,resize,sg-0030,gc-0007,dataset_resize,brightness,false,dataset_provided_resize,raw_annotation_unchanged,Candidate policy only; raw ZIP/JSON unchanged; no final split assigned
train,2360_noise.jpg,original,sg-0030,gc-0007,offline_augmentation,noise,false,dataset_offline_augmentation,raw_annotation_unchanged,Candidate policy only; raw ZIP/JSON unchanged; no final split assigned
train,2360_noise.jpg,resize,sg-0030,gc-0007,dataset_resize,noise,false,dataset_provided_resize,raw_annotation_unchanged,Candidate policy only; raw ZIP/JSON unchanged; no final split assigned
train,2370.jpg,original,sg-0338,gc-0040,plain_base,none,true,,raw_annotation_unchanged,Candidate policy only; raw ZIP/JSON unchanged; no final split assigned
train,2370.jpg,resize,sg-0338,gc-0040,dataset_resize,none,false,dataset_provided_resize,raw_annotation_unchanged,Candidate policy only; raw ZIP/JSON unchanged; no final split assigned
train,2370_brightness.jpg,original,sg-0338,gc-0040,offline_augmentation,brightness,false,dataset_offline_augmentation,raw_annotation_unchanged,Candidate policy only; raw ZIP/JSON unchanged; no final split assigned
train,2370_brightness.jpg,resize,sg-0338,gc-0040,dataset_resize,brightness,false,dataset_provided_resize,raw_annotation_unchanged,Candidate policy only; raw ZIP/JSON unchanged; no final split assigned
train,2370_noise.jpg,original,sg-0338,gc-0040,offline_augmentation,noise,false,dataset_offline_augmentation,raw_annotation_unchanged,Candidate policy only; raw ZIP/JSON unchanged; no final split assigned
train,2370_noise.jpg,resize,sg-0338,gc-0040,dataset_resize,noise,false,dataset_provided_resize,raw_annotation_unchanged,Candidate policy only; raw ZIP/JSON unchanged; no final split assigned
train,2380.jpg,original,sg-0339,gc-0332,plain_base,none,true,,raw_annotation_unchanged,Candidate policy only; raw ZIP/JSON unchanged; no final split assigned
train,2380.jpg,resize,sg-0339,gc-0332,dataset_resize,none,false,dataset_provided_resize,raw_annotation_unchanged,Candidate policy only; raw ZIP/JSON unchanged; no final split assigned
train,24000.jpg,original,sg-0340,gc-0333,plain_base,none,true,,raw_annotation_unchanged,Candidate policy only; raw ZIP/JSON unchanged; no final split assigned
train,24000.jpg,resize,sg-0340,gc-0333,dataset_resize,none,false,dataset_provided_resize,raw_annotation_unchanged,Candidate policy only; raw ZIP/JSON unchanged; no final split assigned
train,24000_brightness.jpg,original,sg-0340,gc-0333,offline_augmentation,brightness,false,dataset_offline_augmentation,raw_annotation_unchanged,Candidate policy only; raw ZIP/JSON unchanged; no final split assigned
train,24000_brightness.jpg,resize,sg-0340,gc-0333,dataset_resize,brightness,false,dataset_provided_resize,raw_annotation_unchanged,Candidate policy only; raw ZIP/JSON unchanged; no final split assigned
train,2400_brightness.jpg,original,sg-0341,gc-0334,fallback_augmented_only,brightness,false,no_base_fallback_requires_review,raw_annotation_unchanged,Candidate policy only; raw ZIP/JSON unchanged; no final split assigned
train,2400_brightness.jpg,resize,sg-0341,gc-0334,dataset_resize,brightness,false,dataset_provided_resize,raw_annotation_unchanged,Candidate policy only; raw ZIP/JSON unchanged; no final split assigned
train,2410_brightness.jpg,original,sg-0031,gc-0030,offline_augmentation,brightness,false,dataset_offline_augmentation,raw_annotation_unchanged,Candidate policy only; raw ZIP/JSON unchanged; no final split assigned
train,2410_brightness.jpg,resize,sg-0031,gc-0030,dataset_resize,brightness,false,dataset_provided_resize,raw_annotation_unchanged,Candidate policy only; raw ZIP/JSON unchanged; no final split assigned
train,2410_noise.jpg,original,sg-0031,gc-0030,offline_augmentation,noise,false,dataset_offline_augmentation,raw_annotation_unchanged,Candidate policy only; raw ZIP/JSON unchanged; no final split assigned
train,2410_noise.jpg,resize,sg-0031,gc-0030,dataset_resize,noise,false,dataset_provided_resize,raw_annotation_unchanged,Candidate policy only; raw ZIP/JSON unchanged; no final split assigned
train,2430.jpg,original,sg-0342,gc-0335,plain_base,none,true,,raw_annotation_unchanged,Candidate policy only; raw ZIP/JSON unchanged; no final split assigned
train,2430.jpg,resize,sg-0342,gc-0335,dataset_resize,none,false,dataset_provided_resize,raw_annotation_unchanged,Candidate policy only; raw ZIP/JSON unchanged; no final split assigned
train,2430_brightness.jpg,original,sg-0342,gc-0335,offline_augmentation,brightness,false,dataset_offline_augmentation,raw_annotation_unchanged,Candidate policy only; raw ZIP/JSON unchanged; no final split assigned
train,2430_brightness.jpg,resize,sg-0342,gc-0335,dataset_resize,brightness,false,dataset_provided_resize,raw_annotation_unchanged,Candidate policy only; raw ZIP/JSON unchanged; no final split assigned
train,2430_noise.jpg,original,sg-0342,gc-0335,offline_augmentation,noise,false,dataset_offline_augmentation,raw_annotation_unchanged,Candidate policy only; raw ZIP/JSON unchanged; no final split assigned
train,2430_noise.jpg,resize,sg-0342,gc-0335,dataset_resize,noise,false,dataset_provided_resize,raw_annotation_unchanged,Candidate policy only; raw ZIP/JSON unchanged; no final split assigned
train,2440.jpg,original,sg-0343,gc-0336,plain_base,none,true,,raw_annotation_unchanged,Candidate policy only; raw ZIP/JSON unchanged; no final split assigned
train,2440.jpg,resize,sg-0343,gc-0336,dataset_resize,none,false,dataset_provided_resize,raw_annotation_unchanged,Candidate policy only; raw ZIP/JSON unchanged; no final split assigned
train,2440_brightness.jpg,original,sg-0343,gc-0336,offline_augmentation,brightness,false,dataset_offline_augmentation,raw_annotation_unchanged,Candidate policy only; raw ZIP/JSON unchanged; no final split assigned
train,2440_brightness.jpg,resize,sg-0343,gc-0336,dataset_resize,brightness,false,dataset_provided_resize,raw_annotation_unchanged,Candidate policy only; raw ZIP/JSON unchanged; no final split assigned
train,2440_noise.jpg,original,sg-0343,gc-0336,offline_augmentation,noise,false,dataset_offline_augmentation,raw_annotation_unchanged,Candidate policy only; raw ZIP/JSON unchanged; no final split assigned
train,2440_noise.jpg,resize,sg-0343,gc-0336,dataset_resize,noise,false,dataset_provided_resize,raw_annotation_unchanged,Candidate policy only; raw ZIP/JSON unchanged; no final split assigned
train,246.jpg,original,sg-0344,gc-0009,plain_base,none,true,,raw_annotation_unchanged,Candidate policy only; raw ZIP/JSON unchanged; no final split assigned
train,246.jpg,resize,sg-0344,gc-0009,dataset_resize,none,false,dataset_provided_resize,raw_annotation_unchanged,Candidate policy only; raw ZIP/JSON unchanged; no final split assigned
train,2480.jpg,original,sg-0345,gc-0337,plain_base,none,true,,raw_annotation_unchanged,Candidate policy only; raw ZIP/JSON unchanged; no final split assigned
train,2480.jpg,resize,sg-0345,gc-0337,dataset_resize,none,false,dataset_provided_resize,raw_annotation_unchanged,Candidate policy only; raw ZIP/JSON unchanged; no final split assigned
train,249.jpg,original,sg-0346,gc-0338,plain_base,none,true,,raw_annotation_unchanged,Candidate policy only; raw ZIP/JSON unchanged; no final split assigned
train,249.jpg,resize,sg-0346,gc-0338,dataset_resize,none,false,dataset_provided_resize,raw_annotation_unchanged,Candidate policy only; raw ZIP/JSON unchanged; no final split assigned
train,249_brightness.jpg,original,sg-0346,gc-0338,offline_augmentation,brightness,false,dataset_offline_augmentation,raw_annotation_unchanged,Candidate policy only; raw ZIP/JSON unchanged; no final split assigned
train,249_brightness.jpg,resize,sg-0346,gc-0338,dataset_resize,brightness,false,dataset_provided_resize,raw_annotation_unchanged,Candidate policy only; raw ZIP/JSON unchanged; no final split assigned
train,249_noise.jpg,original,sg-0346,gc-0338,offline_augmentation,noise,false,dataset_offline_augmentation,raw_annotation_unchanged,Candidate policy only; raw ZIP/JSON unchanged; no final split assigned
train,249_noise.jpg,resize,sg-0346,gc-0338,dataset_resize,noise,false,dataset_provided_resize,raw_annotation_unchanged,Candidate policy only; raw ZIP/JSON unchanged; no final split assigned
train,25.jpg,original,sg-0347,gc-0339,plain_base,none,true,,raw_annotation_unchanged,Candidate policy only; raw ZIP/JSON unchanged; no final split assigned
train,25.jpg,resize,sg-0347,gc-0339,dataset_resize,none,false,dataset_provided_resize,raw_annotation_unchanged,Candidate policy only; raw ZIP/JSON unchanged; no final split assigned
train,251.jpg,original,sg-0008,gc-0008,plain_base,none,false,annotation_conflict_group_holdout,raw_annotation_unchanged,Candidate policy only; raw ZIP/JSON unchanged; no final split assigned
train,251.jpg,resize,sg-0008,gc-0008,dataset_resize,none,false,dataset_provided_resize,raw_annotation_unchanged,Candidate policy only; raw ZIP/JSON unchanged; no final split assigned
train,251_noise.jpg,original,sg-0008,gc-0008,offline_augmentation,noise,false,dataset_offline_augmentation,raw_annotation_unchanged,Candidate policy only; raw ZIP/JSON unchanged; no final split assigned
train,251_noise.jpg,resize,sg-0008,gc-0008,dataset_resize,noise,false,dataset_provided_resize,raw_annotation_unchanged,Candidate policy only; raw ZIP/JSON unchanged; no final split assigned
train,2520.jpg,original,sg-0348,gc-0340,plain_base,none,true,,raw_annotation_unchanged,Candidate policy only; raw ZIP/JSON unchanged; no final split assigned
train,2520.jpg,resize,sg-0348,gc-0340,dataset_resize,none,false,dataset_provided_resize,raw_annotation_unchanged,Candidate policy only; raw ZIP/JSON unchanged; no final split assigned
train,2520_noise.jpg,original,sg-0348,gc-0340,offline_augmentation,noise,false,dataset_offline_augmentation,raw_annotation_unchanged,Candidate policy only; raw ZIP/JSON unchanged; no final split assigned
train,2520_noise.jpg,resize,sg-0348,gc-0340,dataset_resize,noise,false,dataset_provided_resize,raw_annotation_unchanged,Candidate policy only; raw ZIP/JSON unchanged; no final split assigned
train,253.jpg,original,sg-0349,gc-0341,plain_base,none,true,,raw_annotation_unchanged,Candidate policy only; raw ZIP/JSON unchanged; no final split assigned
train,253.jpg,resize,sg-0349,gc-0341,dataset_resize,none,false,dataset_provided_resize,raw_annotation_unchanged,Candidate policy only; raw ZIP/JSON unchanged; no final split assigned
train,253_brightness.jpg,original,sg-0349,gc-0341,offline_augmentation,brightness,false,dataset_offline_augmentation,raw_annotation_unchanged,Candidate policy only; raw ZIP/JSON unchanged; no final split assigned
train,253_brightness.jpg,resize,sg-0349,gc-0341,dataset_resize,brightness,false,dataset_provided_resize,raw_annotation_unchanged,Candidate policy only; raw ZIP/JSON unchanged; no final split assigned
train,253_noise.jpg,original,sg-0349,gc-0341,offline_augmentation,noise,false,dataset_offline_augmentation,raw_annotation_unchanged,Candidate policy only; raw ZIP/JSON unchanged; no final split assigned
train,253_noise.jpg,resize,sg-0349,gc-0341,dataset_resize,noise,false,dataset_provided_resize,raw_annotation_unchanged,Candidate policy only; raw ZIP/JSON unchanged; no final split assigned
train,2540.jpg,original,sg-0350,gc-0342,plain_base,none,true,,raw_annotation_unchanged,Candidate policy only; raw ZIP/JSON unchanged; no final split assigned
train,2540.jpg,resize,sg-0350,gc-0342,dataset_resize,none,false,dataset_provided_resize,raw_annotation_unchanged,Candidate policy only; raw ZIP/JSON unchanged; no final split assigned
train,2540_brightness.jpg,original,sg-0350,gc-0342,offline_augmentation,brightness,false,dataset_offline_augmentation,raw_annotation_unchanged,Candidate policy only; raw ZIP/JSON unchanged; no final split assigned
train,2540_brightness.jpg,resize,sg-0350,gc-0342,dataset_resize,brightness,false,dataset_provided_resize,raw_annotation_unchanged,Candidate policy only; raw ZIP/JSON unchanged; no final split assigned
train,2540_noise.jpg,original,sg-0350,gc-0342,offline_augmentation,noise,false,dataset_offline_augmentation,raw_annotation_unchanged,Candidate policy only; raw ZIP/JSON unchanged; no final split assigned
train,2540_noise.jpg,resize,sg-0350,gc-0342,dataset_resize,noise,false,dataset_provided_resize,raw_annotation_unchanged,Candidate policy only; raw ZIP/JSON unchanged; no final split assigned
train,256.jpg,original,sg-0263,gc-0261,plain_base,none,false,annotation_conflict_group_holdout,raw_annotation_unchanged,Candidate policy only; raw ZIP/JSON unchanged; no final split assigned
train,256.jpg,resize,sg-0263,gc-0261,dataset_resize,none,false,dataset_provided_resize,raw_annotation_unchanged,Candidate policy only; raw ZIP/JSON unchanged; no final split assigned
train,256_brightness.jpg,original,sg-0263,gc-0261,offline_augmentation,brightness,false,dataset_offline_augmentation,raw_annotation_unchanged,Candidate policy only; raw ZIP/JSON unchanged; no final split assigned
train,256_brightness.jpg,resize,sg-0263,gc-0261,dataset_resize,brightness,false,dataset_provided_resize,raw_annotation_unchanged,Candidate policy only; raw ZIP/JSON unchanged; no final split assigned
train,257_brightness.jpg,original,sg-0035,gc-0034,offline_augmentation,brightness,false,dataset_offline_augmentation,raw_annotation_unchanged,Candidate policy only; raw ZIP/JSON unchanged; no final split assigned
train,257_brightness.jpg,resize,sg-0035,gc-0034,dataset_resize,brightness,false,dataset_provided_resize,raw_annotation_unchanged,Candidate policy only; raw ZIP/JSON unchanged; no final split assigned
train,257_noise.jpg,original,sg-0035,gc-0034,offline_augmentation,noise,false,dataset_offline_augmentation,raw_annotation_unchanged,Candidate policy only; raw ZIP/JSON unchanged; no final split assigned
train,257_noise.jpg,resize,sg-0035,gc-0034,dataset_resize,noise,false,dataset_provided_resize,raw_annotation_unchanged,Candidate policy only; raw ZIP/JSON unchanged; no final split assigned
train,258.jpg,original,sg-0351,gc-0343,plain_base,none,true,,raw_annotation_unchanged,Candidate policy only; raw ZIP/JSON unchanged; no final split assigned
train,258.jpg,resize,sg-0351,gc-0343,dataset_resize,none,false,dataset_provided_resize,raw_annotation_unchanged,Candidate policy only; raw ZIP/JSON unchanged; no final split assigned
train,2590.jpg,original,sg-0273,gc-0269,plain_base,none,false,alternate_same_source_base,raw_annotation_unchanged,Candidate policy only; raw ZIP/JSON unchanged; no final split assigned
train,2590.jpg,resize,sg-0273,gc-0269,dataset_resize,none,false,dataset_provided_resize,raw_annotation_unchanged,Candidate policy only; raw ZIP/JSON unchanged; no final split assigned
train,2590_noise.jpg,original,sg-0273,gc-0269,offline_augmentation,noise,false,dataset_offline_augmentation,raw_annotation_unchanged,Candidate policy only; raw ZIP/JSON unchanged; no final split assigned
train,2590_noise.jpg,resize,sg-0273,gc-0269,dataset_resize,noise,false,dataset_provided_resize,raw_annotation_unchanged,Candidate policy only; raw ZIP/JSON unchanged; no final split assigned
train,2600.jpg,original,sg-0352,gc-0344,plain_base,none,true,,raw_annotation_unchanged,Candidate policy only; raw ZIP/JSON unchanged; no final split assigned
train,2600.jpg,resize,sg-0352,gc-0344,dataset_resize,none,false,dataset_provided_resize,raw_annotation_unchanged,Candidate policy only; raw ZIP/JSON unchanged; no final split assigned
train,26000.jpg,original,sg-0353,gc-0345,plain_base,none,true,,raw_annotation_unchanged,Candidate policy only; raw ZIP/JSON unchanged; no final split assigned
train,26000.jpg,resize,sg-0353,gc-0345,dataset_resize,none,false,dataset_provided_resize,raw_annotation_unchanged,Candidate policy only; raw ZIP/JSON unchanged; no final split assigned
train,2610.jpg,original,sg-0354,gc-0346,plain_base,none,true,,raw_annotation_unchanged,Candidate policy only; raw ZIP/JSON unchanged; no final split assigned
train,2610.jpg,resize,sg-0354,gc-0346,dataset_resize,none,false,dataset_provided_resize,raw_annotation_unchanged,Candidate policy only; raw ZIP/JSON unchanged; no final split assigned
train,2630.jpg,original,sg-0355,gc-0264,plain_base,none,true,,raw_annotation_unchanged,Candidate policy only; raw ZIP/JSON unchanged; no final split assigned
train,2630.jpg,resize,sg-0355,gc-0264,dataset_resize,none,false,dataset_provided_resize,raw_annotation_unchanged,Candidate policy only; raw ZIP/JSON unchanged; no final split assigned
train,2630_brightness.jpg,original,sg-0355,gc-0264,offline_augmentation,brightness,false,dataset_offline_augmentation,raw_annotation_unchanged,Candidate policy only; raw ZIP/JSON unchanged; no final split assigned
train,2630_brightness.jpg,resize,sg-0355,gc-0264,dataset_resize,brightness,false,dataset_provided_resize,raw_annotation_unchanged,Candidate policy only; raw ZIP/JSON unchanged; no final split assigned
train,2630_noise.jpg,original,sg-0355,gc-0264,offline_augmentation,noise,false,dataset_offline_augmentation,raw_annotation_unchanged,Candidate policy only; raw ZIP/JSON unchanged; no final split assigned
train,2630_noise.jpg,resize,sg-0355,gc-0264,dataset_resize,noise,false,dataset_provided_resize,raw_annotation_unchanged,Candidate policy only; raw ZIP/JSON unchanged; no final split assigned
train,2650.jpg,original,sg-0356,gc-0263,plain_base,none,true,,raw_annotation_unchanged,Candidate policy only; raw ZIP/JSON unchanged; no final split assigned
train,2650.jpg,resize,sg-0356,gc-0263,dataset_resize,none,false,dataset_provided_resize,raw_annotation_unchanged,Candidate policy only; raw ZIP/JSON unchanged; no final split assigned
train,2650_brightness.jpg,original,sg-0356,gc-0263,offline_augmentation,brightness,false,dataset_offline_augmentation,raw_annotation_unchanged,Candidate policy only; raw ZIP/JSON unchanged; no final split assigned
train,2650_brightness.jpg,resize,sg-0356,gc-0263,dataset_resize,brightness,false,dataset_provided_resize,raw_annotation_unchanged,Candidate policy only; raw ZIP/JSON unchanged; no final split assigned
train,2650_noise.jpg,original,sg-0356,gc-0263,offline_augmentation,noise,false,dataset_offline_augmentation,raw_annotation_unchanged,Candidate policy only; raw ZIP/JSON unchanged; no final split assigned
train,2650_noise.jpg,resize,sg-0356,gc-0263,dataset_resize,noise,false,dataset_provided_resize,raw_annotation_unchanged,Candidate policy only; raw ZIP/JSON unchanged; no final split assigned
train,266.jpg,original,sg-0357,gc-0347,plain_base,none,true,,raw_annotation_unchanged,Candidate policy only; raw ZIP/JSON unchanged; no final split assigned
train,266.jpg,resize,sg-0357,gc-0347,dataset_resize,none,false,dataset_provided_resize,raw_annotation_unchanged,Candidate policy only; raw ZIP/JSON unchanged; no final split assigned
train,266_brightness.jpg,original,sg-0357,gc-0347,offline_augmentation,brightness,false,dataset_offline_augmentation,raw_annotation_unchanged,Candidate policy only; raw ZIP/JSON unchanged; no final split assigned
train,266_brightness.jpg,resize,sg-0357,gc-0347,dataset_resize,brightness,false,dataset_provided_resize,raw_annotation_unchanged,Candidate policy only; raw ZIP/JSON unchanged; no final split assigned
train,267_brightness.jpg,original,sg-0012,gc-0012,offline_augmentation,brightness,false,dataset_offline_augmentation,raw_annotation_unchanged,Candidate policy only; raw ZIP/JSON unchanged; no final split assigned
train,267_brightness.jpg,resize,sg-0012,gc-0012,dataset_resize,brightness,false,dataset_provided_resize,raw_annotation_unchanged,Candidate policy only; raw ZIP/JSON unchanged; no final split assigned
train,268.jpg,original,sg-0265,gc-0262,plain_base,none,false,annotation_conflict_group_holdout,raw_annotation_unchanged,Candidate policy only; raw ZIP/JSON unchanged; no final split assigned
train,268.jpg,resize,sg-0265,gc-0262,dataset_resize,none,false,dataset_provided_resize,raw_annotation_unchanged,Candidate policy only; raw ZIP/JSON unchanged; no final split assigned
train,268_brightness.jpg,original,sg-0265,gc-0262,offline_augmentation,brightness,false,dataset_offline_augmentation,raw_annotation_unchanged,Candidate policy only; raw ZIP/JSON unchanged; no final split assigned
train,268_brightness.jpg,resize,sg-0265,gc-0262,dataset_resize,brightness,false,dataset_provided_resize,raw_annotation_unchanged,Candidate policy only; raw ZIP/JSON unchanged; no final split assigned
train,268_noise.jpg,original,sg-0265,gc-0262,offline_augmentation,noise,false,dataset_offline_augmentation,raw_annotation_unchanged,Candidate policy only; raw ZIP/JSON unchanged; no final split assigned
train,268_noise.jpg,resize,sg-0265,gc-0262,dataset_resize,noise,false,dataset_provided_resize,raw_annotation_unchanged,Candidate policy only; raw ZIP/JSON unchanged; no final split assigned
train,2690.jpg,original,sg-0011,gc-0011,plain_base,none,false,alternate_same_source_base,raw_annotation_unchanged,Candidate policy only; raw ZIP/JSON unchanged; no final split assigned
train,2690.jpg,resize,sg-0011,gc-0011,dataset_resize,none,false,dataset_provided_resize,raw_annotation_unchanged,Candidate policy only; raw ZIP/JSON unchanged; no final split assigned
train,2690_brightness.jpg,original,sg-0011,gc-0011,offline_augmentation,brightness,false,dataset_offline_augmentation,raw_annotation_unchanged,Candidate policy only; raw ZIP/JSON unchanged; no final split assigned
train,2690_brightness.jpg,resize,sg-0011,gc-0011,dataset_resize,brightness,false,dataset_provided_resize,raw_annotation_unchanged,Candidate policy only; raw ZIP/JSON unchanged; no final split assigned
train,2690_noise.jpg,original,sg-0011,gc-0011,offline_augmentation,noise,false,dataset_offline_augmentation,raw_annotation_unchanged,Candidate policy only; raw ZIP/JSON unchanged; no final split assigned
train,2690_noise.jpg,resize,sg-0011,gc-0011,dataset_resize,noise,false,dataset_provided_resize,raw_annotation_unchanged,Candidate policy only; raw ZIP/JSON unchanged; no final split assigned
train,2710.jpg,original,sg-0358,gc-0348,plain_base,none,true,,raw_annotation_unchanged,Candidate policy only; raw ZIP/JSON unchanged; no final split assigned
train,2710.jpg,resize,sg-0358,gc-0348,dataset_resize,none,false,dataset_provided_resize,raw_annotation_unchanged,Candidate policy only; raw ZIP/JSON unchanged; no final split assigned
train,2710_noise.jpg,original,sg-0358,gc-0348,offline_augmentation,noise,false,dataset_offline_augmentation,raw_annotation_unchanged,Candidate policy only; raw ZIP/JSON unchanged; no final split assigned
train,2710_noise.jpg,resize,sg-0358,gc-0348,dataset_resize,noise,false,dataset_provided_resize,raw_annotation_unchanged,Candidate policy only; raw ZIP/JSON unchanged; no final split assigned
train,2720_brightness.jpg,original,sg-0038,gc-0037,offline_augmentation,brightness,false,dataset_offline_augmentation,raw_annotation_unchanged,Candidate policy only; raw ZIP/JSON unchanged; no final split assigned
train,2720_brightness.jpg,resize,sg-0038,gc-0037,dataset_resize,brightness,false,dataset_provided_resize,raw_annotation_unchanged,Candidate policy only; raw ZIP/JSON unchanged; no final split assigned
train,2720_noise.jpg,original,sg-0038,gc-0037,offline_augmentation,noise,false,dataset_offline_augmentation,raw_annotation_unchanged,Candidate policy only; raw ZIP/JSON unchanged; no final split assigned
train,2720_noise.jpg,resize,sg-0038,gc-0037,dataset_resize,noise,false,dataset_provided_resize,raw_annotation_unchanged,Candidate policy only; raw ZIP/JSON unchanged; no final split assigned
train,2740.jpg,original,sg-0359,gc-0349,plain_base,none,true,,raw_annotation_unchanged,Candidate policy only; raw ZIP/JSON unchanged; no final split assigned
train,2740.jpg,resize,sg-0359,gc-0349,dataset_resize,none,false,dataset_provided_resize,raw_annotation_unchanged,Candidate policy only; raw ZIP/JSON unchanged; no final split assigned
train,2740_brightness.jpg,original,sg-0359,gc-0349,offline_augmentation,brightness,false,dataset_offline_augmentation,raw_annotation_unchanged,Candidate policy only; raw ZIP/JSON unchanged; no final split assigned
train,2740_brightness.jpg,resize,sg-0359,gc-0349,dataset_resize,brightness,false,dataset_provided_resize,raw_annotation_unchanged,Candidate policy only; raw ZIP/JSON unchanged; no final split assigned
train,2740_noise.jpg,original,sg-0359,gc-0349,offline_augmentation,noise,false,dataset_offline_augmentation,raw_annotation_unchanged,Candidate policy only; raw ZIP/JSON unchanged; no final split assigned
train,2740_noise.jpg,resize,sg-0359,gc-0349,dataset_resize,noise,false,dataset_provided_resize,raw_annotation_unchanged,Candidate policy only; raw ZIP/JSON unchanged; no final split assigned
train,2760.jpg,original,sg-0360,gc-0016,plain_base,none,true,,raw_annotation_unchanged,Candidate policy only; raw ZIP/JSON unchanged; no final split assigned
train,2760.jpg,resize,sg-0360,gc-0016,dataset_resize,none,false,dataset_provided_resize,raw_annotation_unchanged,Candidate policy only; raw ZIP/JSON unchanged; no final split assigned
train,2760_brightness.jpg,original,sg-0360,gc-0016,offline_augmentation,brightness,false,dataset_offline_augmentation,raw_annotation_unchanged,Candidate policy only; raw ZIP/JSON unchanged; no final split assigned
train,2760_brightness.jpg,resize,sg-0360,gc-0016,dataset_resize,brightness,false,dataset_provided_resize,raw_annotation_unchanged,Candidate policy only; raw ZIP/JSON unchanged; no final split assigned
train,2760_noise.jpg,original,sg-0360,gc-0016,offline_augmentation,noise,false,dataset_offline_augmentation,raw_annotation_unchanged,Candidate policy only; raw ZIP/JSON unchanged; no final split assigned
train,2760_noise.jpg,resize,sg-0360,gc-0016,dataset_resize,noise,false,dataset_provided_resize,raw_annotation_unchanged,Candidate policy only; raw ZIP/JSON unchanged; no final split assigned
train,2780.jpg,original,sg-0361,gc-0350,plain_base,none,true,,raw_annotation_unchanged,Candidate policy only; raw ZIP/JSON unchanged; no final split assigned
train,2780.jpg,resize,sg-0361,gc-0350,dataset_resize,none,false,dataset_provided_resize,raw_annotation_unchanged,Candidate policy only; raw ZIP/JSON unchanged; no final split assigned
train,28.jpg,original,sg-0362,gc-0351,plain_base,none,true,,raw_annotation_unchanged,Candidate policy only; raw ZIP/JSON unchanged; no final split assigned
train,28.jpg,resize,sg-0362,gc-0351,dataset_resize,none,false,dataset_provided_resize,raw_annotation_unchanged,Candidate policy only; raw ZIP/JSON unchanged; no final split assigned
train,282.jpg,original,sg-0363,gc-0352,plain_base,none,true,,raw_annotation_unchanged,Candidate policy only; raw ZIP/JSON unchanged; no final split assigned
train,282.jpg,resize,sg-0363,gc-0352,dataset_resize,none,false,dataset_provided_resize,raw_annotation_unchanged,Candidate policy only; raw ZIP/JSON unchanged; no final split assigned
train,2830.jpg,original,sg-0364,gc-0353,plain_base,none,true,,raw_annotation_unchanged,Candidate policy only; raw ZIP/JSON unchanged; no final split assigned
train,2830.jpg,resize,sg-0364,gc-0353,dataset_resize,none,false,dataset_provided_resize,raw_annotation_unchanged,Candidate policy only; raw ZIP/JSON unchanged; no final split assigned
train,2830_brightness.jpg,original,sg-0364,gc-0353,offline_augmentation,brightness,false,dataset_offline_augmentation,raw_annotation_unchanged,Candidate policy only; raw ZIP/JSON unchanged; no final split assigned
train,2830_brightness.jpg,resize,sg-0364,gc-0353,dataset_resize,brightness,false,dataset_provided_resize,raw_annotation_unchanged,Candidate policy only; raw ZIP/JSON unchanged; no final split assigned
train,2830_noise.jpg,original,sg-0364,gc-0353,offline_augmentation,noise,false,dataset_offline_augmentation,raw_annotation_unchanged,Candidate policy only; raw ZIP/JSON unchanged; no final split assigned
train,2830_noise.jpg,resize,sg-0364,gc-0353,dataset_resize,noise,false,dataset_provided_resize,raw_annotation_unchanged,Candidate policy only; raw ZIP/JSON unchanged; no final split assigned
train,285.jpg,original,sg-0269,gc-0266,plain_base,none,false,annotation_conflict_group_holdout,raw_annotation_unchanged,Candidate policy only; raw ZIP/JSON unchanged; no final split assigned
train,285.jpg,resize,sg-0269,gc-0266,dataset_resize,none,false,dataset_provided_resize,raw_annotation_unchanged,Candidate policy only; raw ZIP/JSON unchanged; no final split assigned
train,288.jpg,original,sg-0365,gc-0354,plain_base,none,true,,raw_annotation_unchanged,Candidate policy only; raw ZIP/JSON unchanged; no final split assigned
train,288.jpg,resize,sg-0365,gc-0354,dataset_resize,none,false,dataset_provided_resize,raw_annotation_unchanged,Candidate policy only; raw ZIP/JSON unchanged; no final split assigned
train,288_brightness.jpg,original,sg-0365,gc-0354,offline_augmentation,brightness,false,dataset_offline_augmentation,raw_annotation_unchanged,Candidate policy only; raw ZIP/JSON unchanged; no final split assigned
train,288_brightness.jpg,resize,sg-0365,gc-0354,dataset_resize,brightness,false,dataset_provided_resize,raw_annotation_unchanged,Candidate policy only; raw ZIP/JSON unchanged; no final split assigned
train,29000.jpg,original,sg-0366,gc-0355,plain_base,none,true,,raw_annotation_unchanged,Candidate policy only; raw ZIP/JSON unchanged; no final split assigned
train,29000.jpg,resize,sg-0366,gc-0355,dataset_resize,none,false,dataset_provided_resize,raw_annotation_unchanged,Candidate policy only; raw ZIP/JSON unchanged; no final split assigned
train,2901.jpg,original,sg-0367,gc-0356,plain_base,none,true,,raw_annotation_unchanged,Candidate policy only; raw ZIP/JSON unchanged; no final split assigned
train,2901.jpg,resize,sg-0367,gc-0356,dataset_resize,none,false,dataset_provided_resize,raw_annotation_unchanged,Candidate policy only; raw ZIP/JSON unchanged; no final split assigned
train,2910.jpg,original,sg-0368,gc-0357,plain_base,none,true,,raw_annotation_unchanged,Candidate policy only; raw ZIP/JSON unchanged; no final split assigned
train,2910.jpg,resize,sg-0368,gc-0357,dataset_resize,none,false,dataset_provided_resize,raw_annotation_unchanged,Candidate policy only; raw ZIP/JSON unchanged; no final split assigned
train,2910_noise.jpg,original,sg-0368,gc-0357,offline_augmentation,noise,false,dataset_offline_augmentation,raw_annotation_unchanged,Candidate policy only; raw ZIP/JSON unchanged; no final split assigned
train,2910_noise.jpg,resize,sg-0368,gc-0357,dataset_resize,noise,false,dataset_provided_resize,raw_annotation_unchanged,Candidate policy only; raw ZIP/JSON unchanged; no final split assigned
train,2950.jpg,original,sg-0369,gc-0358,plain_base,none,true,,raw_annotation_unchanged,Candidate policy only; raw ZIP/JSON unchanged; no final split assigned
train,2950.jpg,resize,sg-0369,gc-0358,dataset_resize,none,false,dataset_provided_resize,raw_annotation_unchanged,Candidate policy only; raw ZIP/JSON unchanged; no final split assigned
train,2960_brightness.jpg,original,sg-0042,gc-0041,offline_augmentation,brightness,false,dataset_offline_augmentation,raw_annotation_unchanged,Candidate policy only; raw ZIP/JSON unchanged; no final split assigned
train,2960_brightness.jpg,resize,sg-0042,gc-0041,dataset_resize,brightness,false,dataset_provided_resize,raw_annotation_unchanged,Candidate policy only; raw ZIP/JSON unchanged; no final split assigned
train,2960_noise.jpg,original,sg-0042,gc-0041,offline_augmentation,noise,false,dataset_offline_augmentation,raw_annotation_unchanged,Candidate policy only; raw ZIP/JSON unchanged; no final split assigned
train,2960_noise.jpg,resize,sg-0042,gc-0041,dataset_resize,noise,false,dataset_provided_resize,raw_annotation_unchanged,Candidate policy only; raw ZIP/JSON unchanged; no final split assigned
train,2970.jpg,original,sg-0370,gc-0359,plain_base,none,true,,raw_annotation_unchanged,Candidate policy only; raw ZIP/JSON unchanged; no final split assigned
train,2970.jpg,resize,sg-0370,gc-0359,dataset_resize,none,false,dataset_provided_resize,raw_annotation_unchanged,Candidate policy only; raw ZIP/JSON unchanged; no final split assigned
train,2970_brightness.jpg,original,sg-0370,gc-0359,offline_augmentation,brightness,false,dataset_offline_augmentation,raw_annotation_unchanged,Candidate policy only; raw ZIP/JSON unchanged; no final split assigned
train,2970_brightness.jpg,resize,sg-0370,gc-0359,dataset_resize,brightness,false,dataset_provided_resize,raw_annotation_unchanged,Candidate policy only; raw ZIP/JSON unchanged; no final split assigned
train,3.jpg,original,sg-0371,gc-0360,plain_base,none,true,,raw_annotation_unchanged,Candidate policy only; raw ZIP/JSON unchanged; no final split assigned
train,3.jpg,resize,sg-0371,gc-0360,dataset_resize,none,false,dataset_provided_resize,raw_annotation_unchanged,Candidate policy only; raw ZIP/JSON unchanged; no final split assigned
train,300.jpg,original,sg-0372,gc-0361,plain_base,none,true,,raw_annotation_unchanged,Candidate policy only; raw ZIP/JSON unchanged; no final split assigned
train,300.jpg,resize,sg-0372,gc-0361,dataset_resize,none,false,dataset_provided_resize,raw_annotation_unchanged,Candidate policy only; raw ZIP/JSON unchanged; no final split assigned
train,300_brightness.jpg,original,sg-0372,gc-0361,offline_augmentation,brightness,false,dataset_offline_augmentation,raw_annotation_unchanged,Candidate policy only; raw ZIP/JSON unchanged; no final split assigned
train,300_brightness.jpg,resize,sg-0372,gc-0361,dataset_resize,brightness,false,dataset_provided_resize,raw_annotation_unchanged,Candidate policy only; raw ZIP/JSON unchanged; no final split assigned
train,300_noise.jpg,original,sg-0372,gc-0361,offline_augmentation,noise,false,dataset_offline_augmentation,raw_annotation_unchanged,Candidate policy only; raw ZIP/JSON unchanged; no final split assigned
train,300_noise.jpg,resize,sg-0372,gc-0361,dataset_resize,noise,false,dataset_provided_resize,raw_annotation_unchanged,Candidate policy only; raw ZIP/JSON unchanged; no final split assigned
train,301.jpg,original,sg-0373,gc-0362,plain_base,none,true,,raw_annotation_unchanged,Candidate policy only; raw ZIP/JSON unchanged; no final split assigned
train,301.jpg,resize,sg-0373,gc-0362,dataset_resize,none,false,dataset_provided_resize,raw_annotation_unchanged,Candidate policy only; raw ZIP/JSON unchanged; no final split assigned
train,301_brightness.jpg,original,sg-0373,gc-0362,offline_augmentation,brightness,false,dataset_offline_augmentation,raw_annotation_unchanged,Candidate policy only; raw ZIP/JSON unchanged; no final split assigned
train,301_brightness.jpg,resize,sg-0373,gc-0362,dataset_resize,brightness,false,dataset_provided_resize,raw_annotation_unchanged,Candidate policy only; raw ZIP/JSON unchanged; no final split assigned
train,301_noise.jpg,original,sg-0373,gc-0362,offline_augmentation,noise,false,dataset_offline_augmentation,raw_annotation_unchanged,Candidate policy only; raw ZIP/JSON unchanged; no final split assigned
train,301_noise.jpg,resize,sg-0373,gc-0362,dataset_resize,noise,false,dataset_provided_resize,raw_annotation_unchanged,Candidate policy only; raw ZIP/JSON unchanged; no final split assigned
train,302_brightness.jpg,original,sg-0044,gc-0043,offline_augmentation,brightness,false,dataset_offline_augmentation,raw_annotation_unchanged,Candidate policy only; raw ZIP/JSON unchanged; no final split assigned
train,302_brightness.jpg,resize,sg-0044,gc-0043,dataset_resize,brightness,false,dataset_provided_resize,raw_annotation_unchanged,Candidate policy only; raw ZIP/JSON unchanged; no final split assigned
train,302_noise.jpg,original,sg-0044,gc-0043,offline_augmentation,noise,false,dataset_offline_augmentation,raw_annotation_unchanged,Candidate policy only; raw ZIP/JSON unchanged; no final split assigned
train,302_noise.jpg,resize,sg-0044,gc-0043,dataset_resize,noise,false,dataset_provided_resize,raw_annotation_unchanged,Candidate policy only; raw ZIP/JSON unchanged; no final split assigned
train,3040.jpg,original,sg-0374,gc-0363,plain_base,none,true,,raw_annotation_unchanged,Candidate policy only; raw ZIP/JSON unchanged; no final split assigned
train,3040.jpg,resize,sg-0374,gc-0363,dataset_resize,none,false,dataset_provided_resize,raw_annotation_unchanged,Candidate policy only; raw ZIP/JSON unchanged; no final split assigned
train,3050.jpg,original,sg-0375,gc-0364,plain_base,none,true,,raw_annotation_unchanged,Candidate policy only; raw ZIP/JSON unchanged; no final split assigned
train,3050.jpg,resize,sg-0375,gc-0364,dataset_resize,none,false,dataset_provided_resize,raw_annotation_unchanged,Candidate policy only; raw ZIP/JSON unchanged; no final split assigned
train,3050_brightness.jpg,original,sg-0375,gc-0364,offline_augmentation,brightness,false,dataset_offline_augmentation,raw_annotation_unchanged,Candidate policy only; raw ZIP/JSON unchanged; no final split assigned
train,3050_brightness.jpg,resize,sg-0375,gc-0364,dataset_resize,brightness,false,dataset_provided_resize,raw_annotation_unchanged,Candidate policy only; raw ZIP/JSON unchanged; no final split assigned
train,3050_noise.jpg,original,sg-0375,gc-0364,offline_augmentation,noise,false,dataset_offline_augmentation,raw_annotation_unchanged,Candidate policy only; raw ZIP/JSON unchanged; no final split assigned
train,3050_noise.jpg,resize,sg-0375,gc-0364,dataset_resize,noise,false,dataset_provided_resize,raw_annotation_unchanged,Candidate policy only; raw ZIP/JSON unchanged; no final split assigned
train,3060.jpg,original,sg-0376,gc-0365,plain_base,none,true,,raw_annotation_unchanged,Candidate policy only; raw ZIP/JSON unchanged; no final split assigned
train,3060.jpg,resize,sg-0376,gc-0365,dataset_resize,none,false,dataset_provided_resize,raw_annotation_unchanged,Candidate policy only; raw ZIP/JSON unchanged; no final split assigned
train,3060_brightness.jpg,original,sg-0376,gc-0365,offline_augmentation,brightness,false,dataset_offline_augmentation,raw_annotation_unchanged,Candidate policy only; raw ZIP/JSON unchanged; no final split assigned
train,3060_brightness.jpg,resize,sg-0376,gc-0365,dataset_resize,brightness,false,dataset_provided_resize,raw_annotation_unchanged,Candidate policy only; raw ZIP/JSON unchanged; no final split assigned
train,3060_noise.jpg,original,sg-0376,gc-0365,offline_augmentation,noise,false,dataset_offline_augmentation,raw_annotation_unchanged,Candidate policy only; raw ZIP/JSON unchanged; no final split assigned
train,3060_noise.jpg,resize,sg-0376,gc-0365,dataset_resize,noise,false,dataset_provided_resize,raw_annotation_unchanged,Candidate policy only; raw ZIP/JSON unchanged; no final split assigned
train,3080.jpg,original,sg-0377,gc-0366,plain_base,none,true,,raw_annotation_unchanged,Candidate policy only; raw ZIP/JSON unchanged; no final split assigned
train,3080.jpg,resize,sg-0377,gc-0366,dataset_resize,none,false,dataset_provided_resize,raw_annotation_unchanged,Candidate policy only; raw ZIP/JSON unchanged; no final split assigned
train,31.jpg,original,sg-0378,gc-0367,plain_base,none,true,,raw_annotation_unchanged,Candidate policy only; raw ZIP/JSON unchanged; no final split assigned
train,31.jpg,resize,sg-0378,gc-0367,dataset_resize,none,false,dataset_provided_resize,raw_annotation_unchanged,Candidate policy only; raw ZIP/JSON unchanged; no final split assigned
train,3110_noise.jpg,original,sg-0047,gc-0046,offline_augmentation,noise,false,dataset_offline_augmentation,raw_annotation_unchanged,Candidate policy only; raw ZIP/JSON unchanged; no final split assigned
train,3110_noise.jpg,resize,sg-0047,gc-0046,dataset_resize,noise,false,dataset_provided_resize,raw_annotation_unchanged,Candidate policy only; raw ZIP/JSON unchanged; no final split assigned
train,3120.jpg,original,sg-0379,gc-0368,plain_base,none,true,,raw_annotation_unchanged,Candidate policy only; raw ZIP/JSON unchanged; no final split assigned
train,3120.jpg,resize,sg-0379,gc-0368,dataset_resize,none,false,dataset_provided_resize,raw_annotation_unchanged,Candidate policy only; raw ZIP/JSON unchanged; no final split assigned
train,313.jpg,original,sg-0380,gc-0369,plain_base,none,true,,raw_annotation_unchanged,Candidate policy only; raw ZIP/JSON unchanged; no final split assigned
train,313.jpg,resize,sg-0380,gc-0369,dataset_resize,none,false,dataset_provided_resize,raw_annotation_unchanged,Candidate policy only; raw ZIP/JSON unchanged; no final split assigned
train,314.jpg,original,sg-0381,gc-0370,plain_base,none,true,,raw_annotation_unchanged,Candidate policy only; raw ZIP/JSON unchanged; no final split assigned
train,314.jpg,resize,sg-0381,gc-0370,dataset_resize,none,false,dataset_provided_resize,raw_annotation_unchanged,Candidate policy only; raw ZIP/JSON unchanged; no final split assigned
train,315.jpg,original,sg-0382,gc-0371,plain_base,none,true,,raw_annotation_unchanged,Candidate policy only; raw ZIP/JSON unchanged; no final split assigned
train,315.jpg,resize,sg-0382,gc-0371,dataset_resize,none,false,dataset_provided_resize,raw_annotation_unchanged,Candidate policy only; raw ZIP/JSON unchanged; no final split assigned
train,315_brightness.jpg,original,sg-0382,gc-0371,offline_augmentation,brightness,false,dataset_offline_augmentation,raw_annotation_unchanged,Candidate policy only; raw ZIP/JSON unchanged; no final split assigned
train,315_brightness.jpg,resize,sg-0382,gc-0371,dataset_resize,brightness,false,dataset_provided_resize,raw_annotation_unchanged,Candidate policy only; raw ZIP/JSON unchanged; no final split assigned
train,316.jpg,original,sg-0383,gc-0372,plain_base,none,true,,raw_annotation_unchanged,Candidate policy only; raw ZIP/JSON unchanged; no final split assigned
train,316.jpg,resize,sg-0383,gc-0372,dataset_resize,none,false,dataset_provided_resize,raw_annotation_unchanged,Candidate policy only; raw ZIP/JSON unchanged; no final split assigned
train,3190.jpg,original,sg-0384,gc-0373,plain_base,none,true,,raw_annotation_unchanged,Candidate policy only; raw ZIP/JSON unchanged; no final split assigned
train,3190.jpg,resize,sg-0384,gc-0373,dataset_resize,none,false,dataset_provided_resize,raw_annotation_unchanged,Candidate policy only; raw ZIP/JSON unchanged; no final split assigned
train,32.jpg,original,sg-0385,gc-0374,plain_base,none,true,,raw_annotation_unchanged,Candidate policy only; raw ZIP/JSON unchanged; no final split assigned
train,32.jpg,resize,sg-0385,gc-0374,dataset_resize,none,false,dataset_provided_resize,raw_annotation_unchanged,Candidate policy only; raw ZIP/JSON unchanged; no final split assigned
train,3200.jpg,original,sg-0386,gc-0375,plain_base,none,true,,raw_annotation_unchanged,Candidate policy only; raw ZIP/JSON unchanged; no final split assigned
train,3200.jpg,resize,sg-0386,gc-0375,dataset_resize,none,false,dataset_provided_resize,raw_annotation_unchanged,Candidate policy only; raw ZIP/JSON unchanged; no final split assigned
train,3230.jpg,original,sg-0387,gc-0376,plain_base,none,true,,raw_annotation_unchanged,Candidate policy only; raw ZIP/JSON unchanged; no final split assigned
train,3230.jpg,resize,sg-0387,gc-0376,dataset_resize,none,false,dataset_provided_resize,raw_annotation_unchanged,Candidate policy only; raw ZIP/JSON unchanged; no final split assigned
train,3260.jpg,original,sg-0388,gc-0377,plain_base,none,true,,raw_annotation_unchanged,Candidate policy only; raw ZIP/JSON unchanged; no final split assigned
train,3260.jpg,resize,sg-0388,gc-0377,dataset_resize,none,false,dataset_provided_resize,raw_annotation_unchanged,Candidate policy only; raw ZIP/JSON unchanged; no final split assigned
train,327.jpg,original,sg-0389,gc-0378,plain_base,none,true,,raw_annotation_unchanged,Candidate policy only; raw ZIP/JSON unchanged; no final split assigned
train,327.jpg,resize,sg-0389,gc-0378,dataset_resize,none,false,dataset_provided_resize,raw_annotation_unchanged,Candidate policy only; raw ZIP/JSON unchanged; no final split assigned
train,329.jpg,original,sg-0390,gc-0379,plain_base,none,true,,raw_annotation_unchanged,Candidate policy only; raw ZIP/JSON unchanged; no final split assigned
train,329.jpg,resize,sg-0390,gc-0379,dataset_resize,none,false,dataset_provided_resize,raw_annotation_unchanged,Candidate policy only; raw ZIP/JSON unchanged; no final split assigned
train,33.jpg,original,sg-0391,gc-0380,plain_base,none,true,,raw_annotation_unchanged,Candidate policy only; raw ZIP/JSON unchanged; no final split assigned
train,33.jpg,resize,sg-0391,gc-0380,dataset_resize,none,false,dataset_provided_resize,raw_annotation_unchanged,Candidate policy only; raw ZIP/JSON unchanged; no final split assigned
train,3300.jpg,original,sg-0392,gc-0381,plain_base,none,true,,raw_annotation_unchanged,Candidate policy only; raw ZIP/JSON unchanged; no final split assigned
train,3300.jpg,resize,sg-0392,gc-0381,dataset_resize,none,false,dataset_provided_resize,raw_annotation_unchanged,Candidate policy only; raw ZIP/JSON unchanged; no final split assigned
train,3330.jpg,original,sg-0393,gc-0382,plain_base,none,true,,raw_annotation_unchanged,Candidate policy only; raw ZIP/JSON unchanged; no final split assigned
train,3330.jpg,resize,sg-0393,gc-0382,dataset_resize,none,false,dataset_provided_resize,raw_annotation_unchanged,Candidate policy only; raw ZIP/JSON unchanged; no final split assigned
train,334.jpg,original,sg-0394,gc-0383,plain_base,none,true,,raw_annotation_unchanged,Candidate policy only; raw ZIP/JSON unchanged; no final split assigned
train,334.jpg,resize,sg-0394,gc-0383,dataset_resize,none,false,dataset_provided_resize,raw_annotation_unchanged,Candidate policy only; raw ZIP/JSON unchanged; no final split assigned
train,334_brightness.jpg,original,sg-0394,gc-0383,offline_augmentation,brightness,false,dataset_offline_augmentation,raw_annotation_unchanged,Candidate policy only; raw ZIP/JSON unchanged; no final split assigned
train,334_brightness.jpg,resize,sg-0394,gc-0383,dataset_resize,brightness,false,dataset_provided_resize,raw_annotation_unchanged,Candidate policy only; raw ZIP/JSON unchanged; no final split assigned
train,3370.jpg,original,sg-0395,gc-0384,plain_base,none,true,,raw_annotation_unchanged,Candidate policy only; raw ZIP/JSON unchanged; no final split assigned
train,3370.jpg,resize,sg-0395,gc-0384,dataset_resize,none,false,dataset_provided_resize,raw_annotation_unchanged,Candidate policy only; raw ZIP/JSON unchanged; no final split assigned
train,338.jpg,original,sg-0396,gc-0385,plain_base,none,true,,raw_annotation_unchanged,Candidate policy only; raw ZIP/JSON unchanged; no final split assigned
train,338.jpg,resize,sg-0396,gc-0385,dataset_resize,none,false,dataset_provided_resize,raw_annotation_unchanged,Candidate policy only; raw ZIP/JSON unchanged; no final split assigned
train,33_brightness.jpg,original,sg-0397,gc-0380,fallback_augmented_only,brightness,false,no_base_fallback_requires_review,raw_annotation_unchanged,Candidate policy only; raw ZIP/JSON unchanged; no final split assigned
train,33_brightness.jpg,resize,sg-0397,gc-0380,dataset_resize,brightness,false,dataset_provided_resize,raw_annotation_unchanged,Candidate policy only; raw ZIP/JSON unchanged; no final split assigned
train,34.jpg,original,sg-0398,gc-0386,plain_base,none,true,,raw_annotation_unchanged,Candidate policy only; raw ZIP/JSON unchanged; no final split assigned
train,34.jpg,resize,sg-0398,gc-0386,dataset_resize,none,false,dataset_provided_resize,raw_annotation_unchanged,Candidate policy only; raw ZIP/JSON unchanged; no final split assigned
train,3410.jpg,original,sg-0399,gc-0387,plain_base,none,true,,raw_annotation_unchanged,Candidate policy only; raw ZIP/JSON unchanged; no final split assigned
train,3410.jpg,resize,sg-0399,gc-0387,dataset_resize,none,false,dataset_provided_resize,raw_annotation_unchanged,Candidate policy only; raw ZIP/JSON unchanged; no final split assigned
train,3440.jpg,original,sg-0400,gc-0388,plain_base,none,true,,raw_annotation_unchanged,Candidate policy only; raw ZIP/JSON unchanged; no final split assigned
train,3440.jpg,resize,sg-0400,gc-0388,dataset_resize,none,false,dataset_provided_resize,raw_annotation_unchanged,Candidate policy only; raw ZIP/JSON unchanged; no final split assigned
train,3470.jpg,original,sg-0401,gc-0389,plain_base,none,true,,raw_annotation_unchanged,Candidate policy only; raw ZIP/JSON unchanged; no final split assigned
train,3470.jpg,resize,sg-0401,gc-0389,dataset_resize,none,false,dataset_provided_resize,raw_annotation_unchanged,Candidate policy only; raw ZIP/JSON unchanged; no final split assigned
train,36.jpg,original,sg-0402,gc-0390,plain_base,none,true,,raw_annotation_unchanged,Candidate policy only; raw ZIP/JSON unchanged; no final split assigned
train,36.jpg,resize,sg-0402,gc-0390,dataset_resize,none,false,dataset_provided_resize,raw_annotation_unchanged,Candidate policy only; raw ZIP/JSON unchanged; no final split assigned
train,37.jpg,original,sg-0403,gc-0391,plain_base,none,true,,raw_annotation_unchanged,Candidate policy only; raw ZIP/JSON unchanged; no final split assigned
train,37.jpg,resize,sg-0403,gc-0391,dataset_resize,none,false,dataset_provided_resize,raw_annotation_unchanged,Candidate policy only; raw ZIP/JSON unchanged; no final split assigned
train,3740.jpg,original,sg-0404,gc-0392,plain_base,none,true,,raw_annotation_unchanged,Candidate policy only; raw ZIP/JSON unchanged; no final split assigned
train,3740.jpg,resize,sg-0404,gc-0392,dataset_resize,none,false,dataset_provided_resize,raw_annotation_unchanged,Candidate policy only; raw ZIP/JSON unchanged; no final split assigned
train,375.jpg,original,sg-0405,gc-0393,plain_base,none,true,,raw_annotation_unchanged,Candidate policy only; raw ZIP/JSON unchanged; no final split assigned
train,375.jpg,resize,sg-0405,gc-0393,dataset_resize,none,false,dataset_provided_resize,raw_annotation_unchanged,Candidate policy only; raw ZIP/JSON unchanged; no final split assigned
train,3760.jpg,original,sg-0406,gc-0394,plain_base,none,true,,raw_annotation_unchanged,Candidate policy only; raw ZIP/JSON unchanged; no final split assigned
train,3760.jpg,resize,sg-0406,gc-0394,dataset_resize,none,false,dataset_provided_resize,raw_annotation_unchanged,Candidate policy only; raw ZIP/JSON unchanged; no final split assigned
train,377.jpg,original,sg-0407,gc-0395,plain_base,none,true,,raw_annotation_unchanged,Candidate policy only; raw ZIP/JSON unchanged; no final split assigned
train,377.jpg,resize,sg-0407,gc-0395,dataset_resize,none,false,dataset_provided_resize,raw_annotation_unchanged,Candidate policy only; raw ZIP/JSON unchanged; no final split assigned
train,3780.jpg,original,sg-0408,gc-0396,plain_base,none,true,,raw_annotation_unchanged,Candidate policy only; raw ZIP/JSON unchanged; no final split assigned
train,3780.jpg,resize,sg-0408,gc-0396,dataset_resize,none,false,dataset_provided_resize,raw_annotation_unchanged,Candidate policy only; raw ZIP/JSON unchanged; no final split assigned
train,38.jpg,original,sg-0409,gc-0397,plain_base,none,true,,raw_annotation_unchanged,Candidate policy only; raw ZIP/JSON unchanged; no final split assigned
train,38.jpg,resize,sg-0409,gc-0397,dataset_resize,none,false,dataset_provided_resize,raw_annotation_unchanged,Candidate policy only; raw ZIP/JSON unchanged; no final split assigned
train,380.jpg,original,sg-0410,gc-0398,plain_base,none,true,,raw_annotation_unchanged,Candidate policy only; raw ZIP/JSON unchanged; no final split assigned
train,380.jpg,resize,sg-0410,gc-0398,dataset_resize,none,false,dataset_provided_resize,raw_annotation_unchanged,Candidate policy only; raw ZIP/JSON unchanged; no final split assigned
train,389.jpg,original,sg-0411,gc-0399,plain_base,none,true,,raw_annotation_unchanged,Candidate policy only; raw ZIP/JSON unchanged; no final split assigned
train,389.jpg,resize,sg-0411,gc-0399,dataset_resize,none,false,dataset_provided_resize,raw_annotation_unchanged,Candidate policy only; raw ZIP/JSON unchanged; no final split assigned
train,39000.jpg,original,sg-0412,gc-0400,plain_base,none,true,,raw_annotation_unchanged,Candidate policy only; raw ZIP/JSON unchanged; no final split assigned
train,39000.jpg,resize,sg-0412,gc-0400,dataset_resize,none,false,dataset_provided_resize,raw_annotation_unchanged,Candidate policy only; raw ZIP/JSON unchanged; no final split assigned
train,39000_brightness.jpg,original,sg-0412,gc-0400,offline_augmentation,brightness,false,dataset_offline_augmentation,raw_annotation_unchanged,Candidate policy only; raw ZIP/JSON unchanged; no final split assigned
train,39000_brightness.jpg,resize,sg-0412,gc-0400,dataset_resize,brightness,false,dataset_provided_resize,raw_annotation_unchanged,Candidate policy only; raw ZIP/JSON unchanged; no final split assigned
train,3910.jpg,original,sg-0413,gc-0401,plain_base,none,true,,raw_annotation_unchanged,Candidate policy only; raw ZIP/JSON unchanged; no final split assigned
train,3910.jpg,resize,sg-0413,gc-0401,dataset_resize,none,false,dataset_provided_resize,raw_annotation_unchanged,Candidate policy only; raw ZIP/JSON unchanged; no final split assigned
train,3910_brightness.jpg,original,sg-0413,gc-0401,offline_augmentation,brightness,false,dataset_offline_augmentation,raw_annotation_unchanged,Candidate policy only; raw ZIP/JSON unchanged; no final split assigned
train,3910_brightness.jpg,resize,sg-0413,gc-0401,dataset_resize,brightness,false,dataset_provided_resize,raw_annotation_unchanged,Candidate policy only; raw ZIP/JSON unchanged; no final split assigned
train,3910_noise.jpg,original,sg-0413,gc-0401,offline_augmentation,noise,false,dataset_offline_augmentation,raw_annotation_unchanged,Candidate policy only; raw ZIP/JSON unchanged; no final split assigned
train,3910_noise.jpg,resize,sg-0413,gc-0401,dataset_resize,noise,false,dataset_provided_resize,raw_annotation_unchanged,Candidate policy only; raw ZIP/JSON unchanged; no final split assigned
train,3920.jpg,original,sg-0414,gc-0402,plain_base,none,true,,raw_annotation_unchanged,Candidate policy only; raw ZIP/JSON unchanged; no final split assigned
train,3920.jpg,resize,sg-0414,gc-0402,dataset_resize,none,false,dataset_provided_resize,raw_annotation_unchanged,Candidate policy only; raw ZIP/JSON unchanged; no final split assigned
train,393.jpg,original,sg-0415,gc-0403,plain_base,none,true,,raw_annotation_unchanged,Candidate policy only; raw ZIP/JSON unchanged; no final split assigned
train,393.jpg,resize,sg-0415,gc-0403,dataset_resize,none,false,dataset_provided_resize,raw_annotation_unchanged,Candidate policy only; raw ZIP/JSON unchanged; no final split assigned
train,3940.jpg,original,sg-0416,gc-0404,plain_base,none,true,,raw_annotation_unchanged,Candidate policy only; raw ZIP/JSON unchanged; no final split assigned
train,3940.jpg,resize,sg-0416,gc-0404,dataset_resize,none,false,dataset_provided_resize,raw_annotation_unchanged,Candidate policy only; raw ZIP/JSON unchanged; no final split assigned
train,3950.jpg,original,sg-0417,gc-0405,plain_base,none,true,,raw_annotation_unchanged,Candidate policy only; raw ZIP/JSON unchanged; no final split assigned
train,3950.jpg,resize,sg-0417,gc-0405,dataset_resize,none,false,dataset_provided_resize,raw_annotation_unchanged,Candidate policy only; raw ZIP/JSON unchanged; no final split assigned
train,396.jpg,original,sg-0418,gc-0406,plain_base,none,true,,raw_annotation_unchanged,Candidate policy only; raw ZIP/JSON unchanged; no final split assigned
train,396.jpg,resize,sg-0418,gc-0406,dataset_resize,none,false,dataset_provided_resize,raw_annotation_unchanged,Candidate policy only; raw ZIP/JSON unchanged; no final split assigned
train,398.jpg,original,sg-0419,gc-0407,plain_base,none,false,annotation_conflict_group_holdout,raw_annotation_unchanged,Candidate policy only; raw ZIP/JSON unchanged; no final split assigned
train,398.jpg,resize,sg-0419,gc-0407,dataset_resize,none,false,dataset_provided_resize,raw_annotation_unchanged,Candidate policy only; raw ZIP/JSON unchanged; no final split assigned
train,399.jpg,original,sg-0420,gc-0408,plain_base,none,true,,raw_annotation_unchanged,Candidate policy only; raw ZIP/JSON unchanged; no final split assigned
train,399.jpg,resize,sg-0420,gc-0408,dataset_resize,none,false,dataset_provided_resize,raw_annotation_unchanged,Candidate policy only; raw ZIP/JSON unchanged; no final split assigned
train,40000.jpg,original,sg-0421,gc-0409,plain_base,none,true,,raw_annotation_unchanged,Candidate policy only; raw ZIP/JSON unchanged; no final split assigned
train,40000.jpg,resize,sg-0421,gc-0409,dataset_resize,none,false,dataset_provided_resize,raw_annotation_unchanged,Candidate policy only; raw ZIP/JSON unchanged; no final split assigned
train,40000_brightness.jpg,original,sg-0421,gc-0409,offline_augmentation,brightness,false,dataset_offline_augmentation,raw_annotation_unchanged,Candidate policy only; raw ZIP/JSON unchanged; no final split assigned
train,40000_brightness.jpg,resize,sg-0421,gc-0409,dataset_resize,brightness,false,dataset_provided_resize,raw_annotation_unchanged,Candidate policy only; raw ZIP/JSON unchanged; no final split assigned
train,40001.jpg,original,sg-0422,gc-0410,plain_base,none,true,,raw_annotation_unchanged,Candidate policy only; raw ZIP/JSON unchanged; no final split assigned
train,40001.jpg,resize,sg-0422,gc-0410,dataset_resize,none,false,dataset_provided_resize,raw_annotation_unchanged,Candidate policy only; raw ZIP/JSON unchanged; no final split assigned
train,401.jpg,original,sg-0423,gc-0411,plain_base,none,true,,raw_annotation_unchanged,Candidate policy only; raw ZIP/JSON unchanged; no final split assigned
train,401.jpg,resize,sg-0423,gc-0411,dataset_resize,none,false,dataset_provided_resize,raw_annotation_unchanged,Candidate policy only; raw ZIP/JSON unchanged; no final split assigned
train,4020.jpg,original,sg-0424,gc-0412,plain_base,none,true,,raw_annotation_unchanged,Candidate policy only; raw ZIP/JSON unchanged; no final split assigned
train,4020.jpg,resize,sg-0424,gc-0412,dataset_resize,none,false,dataset_provided_resize,raw_annotation_unchanged,Candidate policy only; raw ZIP/JSON unchanged; no final split assigned
train,403.jpg,original,sg-0425,gc-0413,plain_base,none,true,,raw_annotation_unchanged,Candidate policy only; raw ZIP/JSON unchanged; no final split assigned
train,403.jpg,resize,sg-0425,gc-0413,dataset_resize,none,false,dataset_provided_resize,raw_annotation_unchanged,Candidate policy only; raw ZIP/JSON unchanged; no final split assigned
train,403_brightness.jpg,original,sg-0425,gc-0413,offline_augmentation,brightness,false,dataset_offline_augmentation,raw_annotation_unchanged,Candidate policy only; raw ZIP/JSON unchanged; no final split assigned
train,403_brightness.jpg,resize,sg-0425,gc-0413,dataset_resize,brightness,false,dataset_provided_resize,raw_annotation_unchanged,Candidate policy only; raw ZIP/JSON unchanged; no final split assigned
train,404.jpg,original,sg-0426,gc-0414,plain_base,none,true,,raw_annotation_unchanged,Candidate policy only; raw ZIP/JSON unchanged; no final split assigned
train,404.jpg,resize,sg-0426,gc-0414,dataset_resize,none,false,dataset_provided_resize,raw_annotation_unchanged,Candidate policy only; raw ZIP/JSON unchanged; no final split assigned
train,405.jpg,original,sg-0427,gc-0415,plain_base,none,true,,raw_annotation_unchanged,Candidate policy only; raw ZIP/JSON unchanged; no final split assigned
train,405.jpg,resize,sg-0427,gc-0415,dataset_resize,none,false,dataset_provided_resize,raw_annotation_unchanged,Candidate policy only; raw ZIP/JSON unchanged; no final split assigned
train,4060.jpg,original,sg-0428,gc-0416,plain_base,none,true,,raw_annotation_unchanged,Candidate policy only; raw ZIP/JSON unchanged; no final split assigned
train,4060.jpg,resize,sg-0428,gc-0416,dataset_resize,none,false,dataset_provided_resize,raw_annotation_unchanged,Candidate policy only; raw ZIP/JSON unchanged; no final split assigned
train,4070.jpg,original,sg-0429,gc-0417,plain_base,none,true,,raw_annotation_unchanged,Candidate policy only; raw ZIP/JSON unchanged; no final split assigned
train,4070.jpg,resize,sg-0429,gc-0417,dataset_resize,none,false,dataset_provided_resize,raw_annotation_unchanged,Candidate policy only; raw ZIP/JSON unchanged; no final split assigned
train,4070_brightness.jpg,original,sg-0429,gc-0417,offline_augmentation,brightness,false,dataset_offline_augmentation,raw_annotation_unchanged,Candidate policy only; raw ZIP/JSON unchanged; no final split assigned
train,4070_brightness.jpg,resize,sg-0429,gc-0417,dataset_resize,brightness,false,dataset_provided_resize,raw_annotation_unchanged,Candidate policy only; raw ZIP/JSON unchanged; no final split assigned
train,408.jpg,original,sg-0430,gc-0418,plain_base,none,true,,raw_annotation_unchanged,Candidate policy only; raw ZIP/JSON unchanged; no final split assigned
train,408.jpg,resize,sg-0430,gc-0418,dataset_resize,none,false,dataset_provided_resize,raw_annotation_unchanged,Candidate policy only; raw ZIP/JSON unchanged; no final split assigned
train,408_brightness.jpg,original,sg-0430,gc-0418,offline_augmentation,brightness,false,dataset_offline_augmentation,raw_annotation_unchanged,Candidate policy only; raw ZIP/JSON unchanged; no final split assigned
train,408_brightness.jpg,resize,sg-0430,gc-0418,dataset_resize,brightness,false,dataset_provided_resize,raw_annotation_unchanged,Candidate policy only; raw ZIP/JSON unchanged; no final split assigned
train,409.jpg,original,sg-0431,gc-0419,plain_base,none,true,,raw_annotation_unchanged,Candidate policy only; raw ZIP/JSON unchanged; no final split assigned
train,409.jpg,resize,sg-0431,gc-0419,dataset_resize,none,false,dataset_provided_resize,raw_annotation_unchanged,Candidate policy only; raw ZIP/JSON unchanged; no final split assigned
train,4100.jpg,original,sg-0432,gc-0420,plain_base,none,true,,raw_annotation_unchanged,Candidate policy only; raw ZIP/JSON unchanged; no final split assigned
train,4100.jpg,resize,sg-0432,gc-0420,dataset_resize,none,false,dataset_provided_resize,raw_annotation_unchanged,Candidate policy only; raw ZIP/JSON unchanged; no final split assigned
train,41000.jpg,original,sg-0433,gc-0421,plain_base,none,true,,raw_annotation_unchanged,Candidate policy only; raw ZIP/JSON unchanged; no final split assigned
train,41000.jpg,resize,sg-0433,gc-0421,dataset_resize,none,false,dataset_provided_resize,raw_annotation_unchanged,Candidate policy only; raw ZIP/JSON unchanged; no final split assigned
train,4120.jpg,original,sg-0434,gc-0422,plain_base,none,true,,raw_annotation_unchanged,Candidate policy only; raw ZIP/JSON unchanged; no final split assigned
train,4120.jpg,resize,sg-0434,gc-0422,dataset_resize,none,false,dataset_provided_resize,raw_annotation_unchanged,Candidate policy only; raw ZIP/JSON unchanged; no final split assigned
train,4120_brightness.jpg,original,sg-0434,gc-0422,offline_augmentation,brightness,false,dataset_offline_augmentation,raw_annotation_unchanged,Candidate policy only; raw ZIP/JSON unchanged; no final split assigned
train,4120_brightness.jpg,resize,sg-0434,gc-0422,dataset_resize,brightness,false,dataset_provided_resize,raw_annotation_unchanged,Candidate policy only; raw ZIP/JSON unchanged; no final split assigned
train,4151.jpg,original,sg-0435,gc-0423,plain_base,none,true,,raw_annotation_unchanged,Candidate policy only; raw ZIP/JSON unchanged; no final split assigned
train,4151.jpg,resize,sg-0435,gc-0423,dataset_resize,none,false,dataset_provided_resize,raw_annotation_unchanged,Candidate policy only; raw ZIP/JSON unchanged; no final split assigned
train,417.jpg,original,sg-0436,gc-0424,plain_base,none,true,,raw_annotation_unchanged,Candidate policy only; raw ZIP/JSON unchanged; no final split assigned
train,417.jpg,resize,sg-0436,gc-0424,dataset_resize,none,false,dataset_provided_resize,raw_annotation_unchanged,Candidate policy only; raw ZIP/JSON unchanged; no final split assigned
train,4180.jpg,original,sg-0437,gc-0425,plain_base,none,true,,raw_annotation_unchanged,Candidate policy only; raw ZIP/JSON unchanged; no final split assigned
train,4180.jpg,resize,sg-0437,gc-0425,dataset_resize,none,false,dataset_provided_resize,raw_annotation_unchanged,Candidate policy only; raw ZIP/JSON unchanged; no final split assigned
train,419.jpg,original,sg-0438,gc-0426,plain_base,none,true,,raw_annotation_unchanged,Candidate policy only; raw ZIP/JSON unchanged; no final split assigned
train,419.jpg,resize,sg-0438,gc-0426,dataset_resize,none,false,dataset_provided_resize,raw_annotation_unchanged,Candidate policy only; raw ZIP/JSON unchanged; no final split assigned
train,42000.jpg,original,sg-0439,gc-0427,plain_base,none,true,,raw_annotation_unchanged,Candidate policy only; raw ZIP/JSON unchanged; no final split assigned
train,42000.jpg,resize,sg-0439,gc-0427,dataset_resize,none,false,dataset_provided_resize,raw_annotation_unchanged,Candidate policy only; raw ZIP/JSON unchanged; no final split assigned
train,4201.jpg,original,sg-0440,gc-0428,plain_base,none,true,,raw_annotation_unchanged,Candidate policy only; raw ZIP/JSON unchanged; no final split assigned
train,4201.jpg,resize,sg-0440,gc-0428,dataset_resize,none,false,dataset_provided_resize,raw_annotation_unchanged,Candidate policy only; raw ZIP/JSON unchanged; no final split assigned
train,4210.jpg,original,sg-0441,gc-0429,plain_base,none,true,,raw_annotation_unchanged,Candidate policy only; raw ZIP/JSON unchanged; no final split assigned
train,4210.jpg,resize,sg-0441,gc-0429,dataset_resize,none,false,dataset_provided_resize,raw_annotation_unchanged,Candidate policy only; raw ZIP/JSON unchanged; no final split assigned
train,4220.jpg,original,sg-0442,gc-0430,plain_base,none,true,,raw_annotation_unchanged,Candidate policy only; raw ZIP/JSON unchanged; no final split assigned
train,4220.jpg,resize,sg-0442,gc-0430,dataset_resize,none,false,dataset_provided_resize,raw_annotation_unchanged,Candidate policy only; raw ZIP/JSON unchanged; no final split assigned
train,424-1.jpg,original,sg-0443,gc-0431,plain_base,none,true,,raw_annotation_unchanged,Candidate policy only; raw ZIP/JSON unchanged; no final split assigned
train,424-1.jpg,resize,sg-0443,gc-0431,dataset_resize,none,false,dataset_provided_resize,raw_annotation_unchanged,Candidate policy only; raw ZIP/JSON unchanged; no final split assigned
train,4250.jpg,original,sg-0444,gc-0432,plain_base,none,true,,raw_annotation_unchanged,Candidate policy only; raw ZIP/JSON unchanged; no final split assigned
train,4250.jpg,resize,sg-0444,gc-0432,dataset_resize,none,false,dataset_provided_resize,raw_annotation_unchanged,Candidate policy only; raw ZIP/JSON unchanged; no final split assigned
train,4250_brightness.jpg,original,sg-0444,gc-0432,offline_augmentation,brightness,false,dataset_offline_augmentation,raw_annotation_unchanged,Candidate policy only; raw ZIP/JSON unchanged; no final split assigned
train,4250_brightness.jpg,resize,sg-0444,gc-0432,dataset_resize,brightness,false,dataset_provided_resize,raw_annotation_unchanged,Candidate policy only; raw ZIP/JSON unchanged; no final split assigned
train,4250_noise.jpg,original,sg-0444,gc-0432,offline_augmentation,noise,false,dataset_offline_augmentation,raw_annotation_unchanged,Candidate policy only; raw ZIP/JSON unchanged; no final split assigned
train,4250_noise.jpg,resize,sg-0444,gc-0432,dataset_resize,noise,false,dataset_provided_resize,raw_annotation_unchanged,Candidate policy only; raw ZIP/JSON unchanged; no final split assigned
train,426-1.jpg,original,sg-0445,gc-0433,plain_base,none,true,,raw_annotation_unchanged,Candidate policy only; raw ZIP/JSON unchanged; no final split assigned
train,426-1.jpg,resize,sg-0445,gc-0433,dataset_resize,none,false,dataset_provided_resize,raw_annotation_unchanged,Candidate policy only; raw ZIP/JSON unchanged; no final split assigned
train,44.jpg,original,sg-0446,gc-0434,plain_base,none,true,,raw_annotation_unchanged,Candidate policy only; raw ZIP/JSON unchanged; no final split assigned
train,44.jpg,resize,sg-0446,gc-0434,dataset_resize,none,false,dataset_provided_resize,raw_annotation_unchanged,Candidate policy only; raw ZIP/JSON unchanged; no final split assigned
train,46.jpg,original,sg-0447,gc-0435,plain_base,none,true,,raw_annotation_unchanged,Candidate policy only; raw ZIP/JSON unchanged; no final split assigned
train,46.jpg,resize,sg-0447,gc-0435,dataset_resize,none,false,dataset_provided_resize,raw_annotation_unchanged,Candidate policy only; raw ZIP/JSON unchanged; no final split assigned
train,47.jpg,original,sg-0448,gc-0436,plain_base,none,true,,raw_annotation_unchanged,Candidate policy only; raw ZIP/JSON unchanged; no final split assigned
train,47.jpg,resize,sg-0448,gc-0436,dataset_resize,none,false,dataset_provided_resize,raw_annotation_unchanged,Candidate policy only; raw ZIP/JSON unchanged; no final split assigned
train,48.jpg,original,sg-0449,gc-0437,plain_base,none,true,,raw_annotation_unchanged,Candidate policy only; raw ZIP/JSON unchanged; no final split assigned
train,48.jpg,resize,sg-0449,gc-0437,dataset_resize,none,false,dataset_provided_resize,raw_annotation_unchanged,Candidate policy only; raw ZIP/JSON unchanged; no final split assigned
train,49000.jpg,original,sg-0450,gc-0438,plain_base,none,true,,raw_annotation_unchanged,Candidate policy only; raw ZIP/JSON unchanged; no final split assigned
train,49000.jpg,resize,sg-0450,gc-0438,dataset_resize,none,false,dataset_provided_resize,raw_annotation_unchanged,Candidate policy only; raw ZIP/JSON unchanged; no final split assigned
train,50.jpg,original,sg-0451,gc-0439,plain_base,none,true,,raw_annotation_unchanged,Candidate policy only; raw ZIP/JSON unchanged; no final split assigned
train,50.jpg,resize,sg-0451,gc-0439,dataset_resize,none,false,dataset_provided_resize,raw_annotation_unchanged,Candidate policy only; raw ZIP/JSON unchanged; no final split assigned
train,51.jpg,original,sg-0452,gc-0440,plain_base,none,true,,raw_annotation_unchanged,Candidate policy only; raw ZIP/JSON unchanged; no final split assigned
train,51.jpg,resize,sg-0452,gc-0440,dataset_resize,none,false,dataset_provided_resize,raw_annotation_unchanged,Candidate policy only; raw ZIP/JSON unchanged; no final split assigned
train,52.jpg,original,sg-0453,gc-0441,plain_base,none,true,,raw_annotation_unchanged,Candidate policy only; raw ZIP/JSON unchanged; no final split assigned
train,52.jpg,resize,sg-0453,gc-0441,dataset_resize,none,false,dataset_provided_resize,raw_annotation_unchanged,Candidate policy only; raw ZIP/JSON unchanged; no final split assigned
train,53.jpg,original,sg-0454,gc-0442,plain_base,none,true,,raw_annotation_unchanged,Candidate policy only; raw ZIP/JSON unchanged; no final split assigned
train,53.jpg,resize,sg-0454,gc-0442,dataset_resize,none,false,dataset_provided_resize,raw_annotation_unchanged,Candidate policy only; raw ZIP/JSON unchanged; no final split assigned
train,54.jpg,original,sg-0455,gc-0443,plain_base,none,true,,raw_annotation_unchanged,Candidate policy only; raw ZIP/JSON unchanged; no final split assigned
train,54.jpg,resize,sg-0455,gc-0443,dataset_resize,none,false,dataset_provided_resize,raw_annotation_unchanged,Candidate policy only; raw ZIP/JSON unchanged; no final split assigned
train,55000.jpg,original,sg-0456,gc-0444,plain_base,none,true,,raw_annotation_unchanged,Candidate policy only; raw ZIP/JSON unchanged; no final split assigned
train,55000.jpg,resize,sg-0456,gc-0444,dataset_resize,none,false,dataset_provided_resize,raw_annotation_unchanged,Candidate policy only; raw ZIP/JSON unchanged; no final split assigned
train,56.jpg,original,sg-0457,gc-0445,plain_base,none,true,,raw_annotation_unchanged,Candidate policy only; raw ZIP/JSON unchanged; no final split assigned
train,56.jpg,resize,sg-0457,gc-0445,dataset_resize,none,false,dataset_provided_resize,raw_annotation_unchanged,Candidate policy only; raw ZIP/JSON unchanged; no final split assigned
train,57.jpg,original,sg-0458,gc-0446,plain_base,none,true,,raw_annotation_unchanged,Candidate policy only; raw ZIP/JSON unchanged; no final split assigned
train,57.jpg,resize,sg-0458,gc-0446,dataset_resize,none,false,dataset_provided_resize,raw_annotation_unchanged,Candidate policy only; raw ZIP/JSON unchanged; no final split assigned
train,58.jpg,original,sg-0459,gc-0447,plain_base,none,true,,raw_annotation_unchanged,Candidate policy only; raw ZIP/JSON unchanged; no final split assigned
train,58.jpg,resize,sg-0459,gc-0447,dataset_resize,none,false,dataset_provided_resize,raw_annotation_unchanged,Candidate policy only; raw ZIP/JSON unchanged; no final split assigned
train,6.jpg,original,sg-0460,gc-0448,plain_base,none,true,,raw_annotation_unchanged,Candidate policy only; raw ZIP/JSON unchanged; no final split assigned
train,6.jpg,resize,sg-0460,gc-0448,dataset_resize,none,false,dataset_provided_resize,raw_annotation_unchanged,Candidate policy only; raw ZIP/JSON unchanged; no final split assigned
train,60000.jpg,original,sg-0461,gc-0449,plain_base,none,true,,raw_annotation_unchanged,Candidate policy only; raw ZIP/JSON unchanged; no final split assigned
train,60000.jpg,resize,sg-0461,gc-0449,dataset_resize,none,false,dataset_provided_resize,raw_annotation_unchanged,Candidate policy only; raw ZIP/JSON unchanged; no final split assigned
train,61.jpg,original,sg-0462,gc-0450,plain_base,none,true,,raw_annotation_unchanged,Candidate policy only; raw ZIP/JSON unchanged; no final split assigned
train,61.jpg,resize,sg-0462,gc-0450,dataset_resize,none,false,dataset_provided_resize,raw_annotation_unchanged,Candidate policy only; raw ZIP/JSON unchanged; no final split assigned
train,62.jpg,original,sg-0463,gc-0451,plain_base,none,true,,raw_annotation_unchanged,Candidate policy only; raw ZIP/JSON unchanged; no final split assigned
train,62.jpg,resize,sg-0463,gc-0451,dataset_resize,none,false,dataset_provided_resize,raw_annotation_unchanged,Candidate policy only; raw ZIP/JSON unchanged; no final split assigned
train,63000.jpg,original,sg-0464,gc-0452,plain_base,none,true,,raw_annotation_unchanged,Candidate policy only; raw ZIP/JSON unchanged; no final split assigned
train,63000.jpg,resize,sg-0464,gc-0452,dataset_resize,none,false,dataset_provided_resize,raw_annotation_unchanged,Candidate policy only; raw ZIP/JSON unchanged; no final split assigned
train,64.jpg,original,sg-0465,gc-0453,plain_base,none,true,,raw_annotation_unchanged,Candidate policy only; raw ZIP/JSON unchanged; no final split assigned
train,64.jpg,resize,sg-0465,gc-0453,dataset_resize,none,false,dataset_provided_resize,raw_annotation_unchanged,Candidate policy only; raw ZIP/JSON unchanged; no final split assigned
train,66000.jpg,original,sg-0466,gc-0454,plain_base,none,true,,raw_annotation_unchanged,Candidate policy only; raw ZIP/JSON unchanged; no final split assigned
train,66000.jpg,resize,sg-0466,gc-0454,dataset_resize,none,false,dataset_provided_resize,raw_annotation_unchanged,Candidate policy only; raw ZIP/JSON unchanged; no final split assigned
train,68.jpg,original,sg-0467,gc-0455,plain_base,none,true,,raw_annotation_unchanged,Candidate policy only; raw ZIP/JSON unchanged; no final split assigned
train,68.jpg,resize,sg-0467,gc-0455,dataset_resize,none,false,dataset_provided_resize,raw_annotation_unchanged,Candidate policy only; raw ZIP/JSON unchanged; no final split assigned
train,6_brightness.jpg,original,sg-0468,gc-0448,fallback_augmented_only,brightness,false,no_base_fallback_requires_review,raw_annotation_unchanged,Candidate policy only; raw ZIP/JSON unchanged; no final split assigned
train,6_brightness.jpg,resize,sg-0468,gc-0448,dataset_resize,brightness,false,dataset_provided_resize,raw_annotation_unchanged,Candidate policy only; raw ZIP/JSON unchanged; no final split assigned
train,700000.jpg,original,sg-0469,gc-0456,plain_base,none,true,,raw_annotation_unchanged,Candidate policy only; raw ZIP/JSON unchanged; no final split assigned
train,700000.jpg,resize,sg-0469,gc-0456,dataset_resize,none,false,dataset_provided_resize,raw_annotation_unchanged,Candidate policy only; raw ZIP/JSON unchanged; no final split assigned
train,73.jpg,original,sg-0470,gc-0457,plain_base,none,true,,raw_annotation_unchanged,Candidate policy only; raw ZIP/JSON unchanged; no final split assigned
train,73.jpg,resize,sg-0470,gc-0457,dataset_resize,none,false,dataset_provided_resize,raw_annotation_unchanged,Candidate policy only; raw ZIP/JSON unchanged; no final split assigned
train,74.jpg,original,sg-0471,gc-0458,plain_base,none,true,,raw_annotation_unchanged,Candidate policy only; raw ZIP/JSON unchanged; no final split assigned
train,74.jpg,resize,sg-0471,gc-0458,dataset_resize,none,false,dataset_provided_resize,raw_annotation_unchanged,Candidate policy only; raw ZIP/JSON unchanged; no final split assigned
train,7500.jpg,original,sg-0472,gc-0459,plain_base,none,true,,raw_annotation_unchanged,Candidate policy only; raw ZIP/JSON unchanged; no final split assigned
train,7500.jpg,resize,sg-0472,gc-0459,dataset_resize,none,false,dataset_provided_resize,raw_annotation_unchanged,Candidate policy only; raw ZIP/JSON unchanged; no final split assigned
train,7600.jpg,original,sg-0473,gc-0460,plain_base,none,true,,raw_annotation_unchanged,Candidate policy only; raw ZIP/JSON unchanged; no final split assigned
train,7600.jpg,resize,sg-0473,gc-0460,dataset_resize,none,false,dataset_provided_resize,raw_annotation_unchanged,Candidate policy only; raw ZIP/JSON unchanged; no final split assigned
train,7600_brightness.jpg,original,sg-0473,gc-0460,offline_augmentation,brightness,false,dataset_offline_augmentation,raw_annotation_unchanged,Candidate policy only; raw ZIP/JSON unchanged; no final split assigned
train,7600_brightness.jpg,resize,sg-0473,gc-0460,dataset_resize,brightness,false,dataset_provided_resize,raw_annotation_unchanged,Candidate policy only; raw ZIP/JSON unchanged; no final split assigned
train,77.jpg,original,sg-0474,gc-0461,plain_base,none,true,,raw_annotation_unchanged,Candidate policy only; raw ZIP/JSON unchanged; no final split assigned
train,77.jpg,resize,sg-0474,gc-0461,dataset_resize,none,false,dataset_provided_resize,raw_annotation_unchanged,Candidate policy only; raw ZIP/JSON unchanged; no final split assigned
train,77_brightness.jpg,original,sg-0474,gc-0461,offline_augmentation,brightness,false,dataset_offline_augmentation,raw_annotation_unchanged,Candidate policy only; raw ZIP/JSON unchanged; no final split assigned
train,77_brightness.jpg,resize,sg-0474,gc-0461,dataset_resize,brightness,false,dataset_provided_resize,raw_annotation_unchanged,Candidate policy only; raw ZIP/JSON unchanged; no final split assigned
train,8000.jpg,original,sg-0475,gc-0462,plain_base,none,true,,raw_annotation_unchanged,Candidate policy only; raw ZIP/JSON unchanged; no final split assigned
train,8000.jpg,resize,sg-0475,gc-0462,dataset_resize,none,false,dataset_provided_resize,raw_annotation_unchanged,Candidate policy only; raw ZIP/JSON unchanged; no final split assigned
train,8400.jpg,original,sg-0476,gc-0463,plain_base,none,true,,raw_annotation_unchanged,Candidate policy only; raw ZIP/JSON unchanged; no final split assigned
train,8400.jpg,resize,sg-0476,gc-0463,dataset_resize,none,false,dataset_provided_resize,raw_annotation_unchanged,Candidate policy only; raw ZIP/JSON unchanged; no final split assigned
train,8500.jpg,original,sg-0477,gc-0464,plain_base,none,true,,raw_annotation_unchanged,Candidate policy only; raw ZIP/JSON unchanged; no final split assigned
train,8500.jpg,resize,sg-0477,gc-0464,dataset_resize,none,false,dataset_provided_resize,raw_annotation_unchanged,Candidate policy only; raw ZIP/JSON unchanged; no final split assigned
train,8700.jpg,original,sg-0478,gc-0465,plain_base,none,true,,raw_annotation_unchanged,Candidate policy only; raw ZIP/JSON unchanged; no final split assigned
train,8700.jpg,resize,sg-0478,gc-0465,dataset_resize,none,false,dataset_provided_resize,raw_annotation_unchanged,Candidate policy only; raw ZIP/JSON unchanged; no final split assigned
train,89.jpg,original,sg-0479,gc-0466,plain_base,none,true,,raw_annotation_unchanged,Candidate policy only; raw ZIP/JSON unchanged; no final split assigned
train,89.jpg,resize,sg-0479,gc-0466,dataset_resize,none,false,dataset_provided_resize,raw_annotation_unchanged,Candidate policy only; raw ZIP/JSON unchanged; no final split assigned
train,9.jpg,original,sg-0480,gc-0467,plain_base,none,true,,raw_annotation_unchanged,Candidate policy only; raw ZIP/JSON unchanged; no final split assigned
train,9.jpg,resize,sg-0480,gc-0467,dataset_resize,none,false,dataset_provided_resize,raw_annotation_unchanged,Candidate policy only; raw ZIP/JSON unchanged; no final split assigned
train,9000.jpg,original,sg-0481,gc-0468,plain_base,none,true,,raw_annotation_unchanged,Candidate policy only; raw ZIP/JSON unchanged; no final split assigned
train,9000.jpg,resize,sg-0481,gc-0468,dataset_resize,none,false,dataset_provided_resize,raw_annotation_unchanged,Candidate policy only; raw ZIP/JSON unchanged; no final split assigned
train,9_brightness.jpg,original,sg-0482,gc-0467,fallback_augmented_only,brightness,false,no_base_fallback_requires_review,raw_annotation_unchanged,Candidate policy only; raw ZIP/JSON unchanged; no final split assigned
train,9_brightness.jpg,resize,sg-0482,gc-0467,dataset_resize,brightness,false,dataset_provided_resize,raw_annotation_unchanged,Candidate policy only; raw ZIP/JSON unchanged; no final split assigned
train,IMG_12320.jpg,original,sg-0483,gc-0469,plain_base,none,true,,raw_annotation_unchanged,Candidate policy only; raw ZIP/JSON unchanged; no final split assigned
train,IMG_12320.jpg,resize,sg-0483,gc-0469,dataset_resize,none,false,dataset_provided_resize,raw_annotation_unchanged,Candidate policy only; raw ZIP/JSON unchanged; no final split assigned
train,IMG_12350.jpg,original,sg-0484,gc-0470,plain_base,none,true,,raw_annotation_unchanged,Candidate policy only; raw ZIP/JSON unchanged; no final split assigned
train,IMG_12350.jpg,resize,sg-0484,gc-0470,dataset_resize,none,false,dataset_provided_resize,raw_annotation_unchanged,Candidate policy only; raw ZIP/JSON unchanged; no final split assigned
train,IMG_1237.jpg,original,sg-0485,gc-0471,plain_base,none,true,,raw_annotation_unchanged,Candidate policy only; raw ZIP/JSON unchanged; no final split assigned
train,IMG_1237.jpg,resize,sg-0485,gc-0471,dataset_resize,none,false,dataset_provided_resize,raw_annotation_unchanged,Candidate policy only; raw ZIP/JSON unchanged; no final split assigned
train,IMG_1237_brightness.jpg,original,sg-0485,gc-0471,offline_augmentation,brightness,false,dataset_offline_augmentation,raw_annotation_unchanged,Candidate policy only; raw ZIP/JSON unchanged; no final split assigned
train,IMG_1237_brightness.jpg,resize,sg-0485,gc-0471,dataset_resize,brightness,false,dataset_provided_resize,raw_annotation_unchanged,Candidate policy only; raw ZIP/JSON unchanged; no final split assigned
train,IMG_12380.jpg,original,sg-0486,gc-0472,plain_base,none,true,,raw_annotation_unchanged,Candidate policy only; raw ZIP/JSON unchanged; no final split assigned
train,IMG_12380.jpg,resize,sg-0486,gc-0472,dataset_resize,none,false,dataset_provided_resize,raw_annotation_unchanged,Candidate policy only; raw ZIP/JSON unchanged; no final split assigned
train,IMG_12390.jpg,original,sg-0487,gc-0473,plain_base,none,true,,raw_annotation_unchanged,Candidate policy only; raw ZIP/JSON unchanged; no final split assigned
train,IMG_12390.jpg,resize,sg-0487,gc-0473,dataset_resize,none,false,dataset_provided_resize,raw_annotation_unchanged,Candidate policy only; raw ZIP/JSON unchanged; no final split assigned
train,IMG_12400_brightness.jpg,original,sg-0488,gc-0474,offline_augmentation,brightness,false,dataset_offline_augmentation,raw_annotation_unchanged,Candidate policy only; raw ZIP/JSON unchanged; no final split assigned
train,IMG_12400_brightness.jpg,resize,sg-0488,gc-0474,dataset_resize,brightness,false,dataset_provided_resize,raw_annotation_unchanged,Candidate policy only; raw ZIP/JSON unchanged; no final split assigned
train,IMG_12410.jpg,original,sg-0489,gc-0475,plain_base,none,true,,raw_annotation_unchanged,Candidate policy only; raw ZIP/JSON unchanged; no final split assigned
train,IMG_12410.jpg,resize,sg-0489,gc-0475,dataset_resize,none,false,dataset_provided_resize,raw_annotation_unchanged,Candidate policy only; raw ZIP/JSON unchanged; no final split assigned
train,IMG_12430.jpg,original,sg-0490,gc-0476,plain_base,none,true,,raw_annotation_unchanged,Candidate policy only; raw ZIP/JSON unchanged; no final split assigned
train,IMG_12430.jpg,resize,sg-0490,gc-0476,dataset_resize,none,false,dataset_provided_resize,raw_annotation_unchanged,Candidate policy only; raw ZIP/JSON unchanged; no final split assigned
train,IMG_12440.jpg,original,sg-0491,gc-0477,plain_base,none,true,,raw_annotation_unchanged,Candidate policy only; raw ZIP/JSON unchanged; no final split assigned
train,IMG_12440.jpg,resize,sg-0491,gc-0477,dataset_resize,none,false,dataset_provided_resize,raw_annotation_unchanged,Candidate policy only; raw ZIP/JSON unchanged; no final split assigned
train,IMG_12450.jpg,original,sg-0492,gc-0478,plain_base,none,true,,raw_annotation_unchanged,Candidate policy only; raw ZIP/JSON unchanged; no final split assigned
train,IMG_12450.jpg,resize,sg-0492,gc-0478,dataset_resize,none,false,dataset_provided_resize,raw_annotation_unchanged,Candidate policy only; raw ZIP/JSON unchanged; no final split assigned
train,IMG_12450_brightness.jpg,original,sg-0492,gc-0478,offline_augmentation,brightness,false,dataset_offline_augmentation,raw_annotation_unchanged,Candidate policy only; raw ZIP/JSON unchanged; no final split assigned
train,IMG_12450_brightness.jpg,resize,sg-0492,gc-0478,dataset_resize,brightness,false,dataset_provided_resize,raw_annotation_unchanged,Candidate policy only; raw ZIP/JSON unchanged; no final split assigned
train,IMG_12460_brightness.jpg,original,sg-0493,gc-0479,offline_augmentation,brightness,false,dataset_offline_augmentation,raw_annotation_unchanged,Candidate policy only; raw ZIP/JSON unchanged; no final split assigned
train,IMG_12460_brightness.jpg,resize,sg-0493,gc-0479,dataset_resize,brightness,false,dataset_provided_resize,raw_annotation_unchanged,Candidate policy only; raw ZIP/JSON unchanged; no final split assigned
train,IMG_12470.jpg,original,sg-0494,gc-0480,plain_base,none,true,,raw_annotation_unchanged,Candidate policy only; raw ZIP/JSON unchanged; no final split assigned
train,IMG_12470.jpg,resize,sg-0494,gc-0480,dataset_resize,none,false,dataset_provided_resize,raw_annotation_unchanged,Candidate policy only; raw ZIP/JSON unchanged; no final split assigned
train,IMG_12470_brightness.jpg,original,sg-0495,gc-0480,fallback_augmented_only,brightness,false,no_base_fallback_requires_review,raw_annotation_unchanged,Candidate policy only; raw ZIP/JSON unchanged; no final split assigned
train,IMG_12470_brightness.jpg,resize,sg-0495,gc-0480,dataset_resize,brightness,false,dataset_provided_resize,raw_annotation_unchanged,Candidate policy only; raw ZIP/JSON unchanged; no final split assigned
train,IMG_1250.jpg,original,sg-0496,gc-0481,plain_base,none,true,,raw_annotation_unchanged,Candidate policy only; raw ZIP/JSON unchanged; no final split assigned
train,IMG_1250.jpg,resize,sg-0496,gc-0481,dataset_resize,none,false,dataset_provided_resize,raw_annotation_unchanged,Candidate policy only; raw ZIP/JSON unchanged; no final split assigned
train,IMG_1251.jpg,original,sg-0497,gc-0482,plain_base,none,true,,raw_annotation_unchanged,Candidate policy only; raw ZIP/JSON unchanged; no final split assigned
train,IMG_1251.jpg,resize,sg-0497,gc-0482,dataset_resize,none,false,dataset_provided_resize,raw_annotation_unchanged,Candidate policy only; raw ZIP/JSON unchanged; no final split assigned
train,IMG_1252.jpg,original,sg-0498,gc-0483,plain_base,none,true,,raw_annotation_unchanged,Candidate policy only; raw ZIP/JSON unchanged; no final split assigned
train,IMG_1252.jpg,resize,sg-0498,gc-0483,dataset_resize,none,false,dataset_provided_resize,raw_annotation_unchanged,Candidate policy only; raw ZIP/JSON unchanged; no final split assigned
train,IMG_12530.jpg,original,sg-0499,gc-0484,plain_base,none,true,,raw_annotation_unchanged,Candidate policy only; raw ZIP/JSON unchanged; no final split assigned
train,IMG_12530.jpg,resize,sg-0499,gc-0484,dataset_resize,none,false,dataset_provided_resize,raw_annotation_unchanged,Candidate policy only; raw ZIP/JSON unchanged; no final split assigned
train,IMG_12540.jpg,original,sg-0500,gc-0485,plain_base,none,true,,raw_annotation_unchanged,Candidate policy only; raw ZIP/JSON unchanged; no final split assigned
train,IMG_12540.jpg,resize,sg-0500,gc-0485,dataset_resize,none,false,dataset_provided_resize,raw_annotation_unchanged,Candidate policy only; raw ZIP/JSON unchanged; no final split assigned
train,IMG_1255.jpg,original,sg-0501,gc-0486,plain_base,none,true,,raw_annotation_unchanged,Candidate policy only; raw ZIP/JSON unchanged; no final split assigned
train,IMG_1255.jpg,resize,sg-0501,gc-0486,dataset_resize,none,false,dataset_provided_resize,raw_annotation_unchanged,Candidate policy only; raw ZIP/JSON unchanged; no final split assigned
train,IMG_1256.jpg,original,sg-0502,gc-0487,plain_base,none,true,,raw_annotation_unchanged,Candidate policy only; raw ZIP/JSON unchanged; no final split assigned
train,IMG_1256.jpg,resize,sg-0502,gc-0487,dataset_resize,none,false,dataset_provided_resize,raw_annotation_unchanged,Candidate policy only; raw ZIP/JSON unchanged; no final split assigned
train,IMG_12580.jpg,original,sg-0503,gc-0488,plain_base,none,true,,raw_annotation_unchanged,Candidate policy only; raw ZIP/JSON unchanged; no final split assigned
train,IMG_12580.jpg,resize,sg-0503,gc-0488,dataset_resize,none,false,dataset_provided_resize,raw_annotation_unchanged,Candidate policy only; raw ZIP/JSON unchanged; no final split assigned
train,IMG_1261.jpg,original,sg-0504,gc-0489,plain_base,none,true,,raw_annotation_unchanged,Candidate policy only; raw ZIP/JSON unchanged; no final split assigned
train,IMG_1261.jpg,resize,sg-0504,gc-0489,dataset_resize,none,false,dataset_provided_resize,raw_annotation_unchanged,Candidate policy only; raw ZIP/JSON unchanged; no final split assigned
train,IMG_1261_brightness.jpg,original,sg-0504,gc-0489,offline_augmentation,brightness,false,dataset_offline_augmentation,raw_annotation_unchanged,Candidate policy only; raw ZIP/JSON unchanged; no final split assigned
train,IMG_1261_brightness.jpg,resize,sg-0504,gc-0489,dataset_resize,brightness,false,dataset_provided_resize,raw_annotation_unchanged,Candidate policy only; raw ZIP/JSON unchanged; no final split assigned
train,IMG_1262.jpg,original,sg-0505,gc-0490,plain_base,none,true,,raw_annotation_unchanged,Candidate policy only; raw ZIP/JSON unchanged; no final split assigned
train,IMG_1262.jpg,resize,sg-0505,gc-0490,dataset_resize,none,false,dataset_provided_resize,raw_annotation_unchanged,Candidate policy only; raw ZIP/JSON unchanged; no final split assigned
train,IMG_1263.jpg,original,sg-0506,gc-0491,plain_base,none,true,,raw_annotation_unchanged,Candidate policy only; raw ZIP/JSON unchanged; no final split assigned
train,IMG_1263.jpg,resize,sg-0506,gc-0491,dataset_resize,none,false,dataset_provided_resize,raw_annotation_unchanged,Candidate policy only; raw ZIP/JSON unchanged; no final split assigned
train,IMG_12640.jpg,original,sg-0507,gc-0492,plain_base,none,true,,raw_annotation_unchanged,Candidate policy only; raw ZIP/JSON unchanged; no final split assigned
train,IMG_12640.jpg,resize,sg-0507,gc-0492,dataset_resize,none,false,dataset_provided_resize,raw_annotation_unchanged,Candidate policy only; raw ZIP/JSON unchanged; no final split assigned
train,IMG_12700.jpg,original,sg-0508,gc-0493,plain_base,none,true,,raw_annotation_unchanged,Candidate policy only; raw ZIP/JSON unchanged; no final split assigned
train,IMG_12700.jpg,resize,sg-0508,gc-0493,dataset_resize,none,false,dataset_provided_resize,raw_annotation_unchanged,Candidate policy only; raw ZIP/JSON unchanged; no final split assigned
train,IMG_12710.jpg,original,sg-0509,gc-0494,plain_base,none,true,,raw_annotation_unchanged,Candidate policy only; raw ZIP/JSON unchanged; no final split assigned
train,IMG_12710.jpg,resize,sg-0509,gc-0494,dataset_resize,none,false,dataset_provided_resize,raw_annotation_unchanged,Candidate policy only; raw ZIP/JSON unchanged; no final split assigned
train,IMG_12740.jpg,original,sg-0510,gc-0495,plain_base,none,true,,raw_annotation_unchanged,Candidate policy only; raw ZIP/JSON unchanged; no final split assigned
train,IMG_12740.jpg,resize,sg-0510,gc-0495,dataset_resize,none,false,dataset_provided_resize,raw_annotation_unchanged,Candidate policy only; raw ZIP/JSON unchanged; no final split assigned
train,IMG_12750.jpg,original,sg-0511,gc-0496,plain_base,none,true,,raw_annotation_unchanged,Candidate policy only; raw ZIP/JSON unchanged; no final split assigned
train,IMG_12750.jpg,resize,sg-0511,gc-0496,dataset_resize,none,false,dataset_provided_resize,raw_annotation_unchanged,Candidate policy only; raw ZIP/JSON unchanged; no final split assigned
train,IMG_1276.jpg,original,sg-0512,gc-0497,plain_base,none,true,,raw_annotation_unchanged,Candidate policy only; raw ZIP/JSON unchanged; no final split assigned
train,IMG_1276.jpg,resize,sg-0512,gc-0497,dataset_resize,none,false,dataset_provided_resize,raw_annotation_unchanged,Candidate policy only; raw ZIP/JSON unchanged; no final split assigned
train,IMG_12780.jpg,original,sg-0513,gc-0498,plain_base,none,true,,raw_annotation_unchanged,Candidate policy only; raw ZIP/JSON unchanged; no final split assigned
train,IMG_12780.jpg,resize,sg-0513,gc-0498,dataset_resize,none,false,dataset_provided_resize,raw_annotation_unchanged,Candidate policy only; raw ZIP/JSON unchanged; no final split assigned
train,IMG_12800.jpg,original,sg-0514,gc-0499,plain_base,none,true,,raw_annotation_unchanged,Candidate policy only; raw ZIP/JSON unchanged; no final split assigned
train,IMG_12800.jpg,resize,sg-0514,gc-0499,dataset_resize,none,false,dataset_provided_resize,raw_annotation_unchanged,Candidate policy only; raw ZIP/JSON unchanged; no final split assigned
train,IMG_12810_brightness.jpg,original,sg-0515,gc-0500,offline_augmentation,brightness,false,dataset_offline_augmentation,raw_annotation_unchanged,Candidate policy only; raw ZIP/JSON unchanged; no final split assigned
train,IMG_12810_brightness.jpg,resize,sg-0515,gc-0500,dataset_resize,brightness,false,dataset_provided_resize,raw_annotation_unchanged,Candidate policy only; raw ZIP/JSON unchanged; no final split assigned
train,IMG_1282.jpg,original,sg-0516,gc-0501,plain_base,none,true,,raw_annotation_unchanged,Candidate policy only; raw ZIP/JSON unchanged; no final split assigned
train,IMG_1282.jpg,resize,sg-0516,gc-0501,dataset_resize,none,false,dataset_provided_resize,raw_annotation_unchanged,Candidate policy only; raw ZIP/JSON unchanged; no final split assigned
train,IMG_1284.jpg,original,sg-0517,gc-0502,plain_base,none,true,,raw_annotation_unchanged,Candidate policy only; raw ZIP/JSON unchanged; no final split assigned
train,IMG_1284.jpg,resize,sg-0517,gc-0502,dataset_resize,none,false,dataset_provided_resize,raw_annotation_unchanged,Candidate policy only; raw ZIP/JSON unchanged; no final split assigned
train,IMG_1284_brightness.jpg,original,sg-0517,gc-0502,offline_augmentation,brightness,false,dataset_offline_augmentation,raw_annotation_unchanged,Candidate policy only; raw ZIP/JSON unchanged; no final split assigned
train,IMG_1284_brightness.jpg,resize,sg-0517,gc-0502,dataset_resize,brightness,false,dataset_provided_resize,raw_annotation_unchanged,Candidate policy only; raw ZIP/JSON unchanged; no final split assigned
train,IMG_1286.jpg,original,sg-0518,gc-0503,plain_base,none,true,,raw_annotation_unchanged,Candidate policy only; raw ZIP/JSON unchanged; no final split assigned
train,IMG_1286.jpg,resize,sg-0518,gc-0503,dataset_resize,none,false,dataset_provided_resize,raw_annotation_unchanged,Candidate policy only; raw ZIP/JSON unchanged; no final split assigned
train,IMG_1286_brightness.jpg,original,sg-0518,gc-0503,offline_augmentation,brightness,false,dataset_offline_augmentation,raw_annotation_unchanged,Candidate policy only; raw ZIP/JSON unchanged; no final split assigned
train,IMG_1286_brightness.jpg,resize,sg-0518,gc-0503,dataset_resize,brightness,false,dataset_provided_resize,raw_annotation_unchanged,Candidate policy only; raw ZIP/JSON unchanged; no final split assigned
train,IMG_1287.jpg,original,sg-0519,gc-0504,plain_base,none,true,,raw_annotation_unchanged,Candidate policy only; raw ZIP/JSON unchanged; no final split assigned
train,IMG_1287.jpg,resize,sg-0519,gc-0504,dataset_resize,none,false,dataset_provided_resize,raw_annotation_unchanged,Candidate policy only; raw ZIP/JSON unchanged; no final split assigned
train,IMG_1287_brightness.jpg,original,sg-0519,gc-0504,offline_augmentation,brightness,false,dataset_offline_augmentation,raw_annotation_unchanged,Candidate policy only; raw ZIP/JSON unchanged; no final split assigned
train,IMG_1287_brightness.jpg,resize,sg-0519,gc-0504,dataset_resize,brightness,false,dataset_provided_resize,raw_annotation_unchanged,Candidate policy only; raw ZIP/JSON unchanged; no final split assigned
train,IMG_12890.jpg,original,sg-0520,gc-0505,plain_base,none,true,,raw_annotation_unchanged,Candidate policy only; raw ZIP/JSON unchanged; no final split assigned
train,IMG_12890.jpg,resize,sg-0520,gc-0505,dataset_resize,none,false,dataset_provided_resize,raw_annotation_unchanged,Candidate policy only; raw ZIP/JSON unchanged; no final split assigned
train,IMG_12900.jpg,original,sg-0521,gc-0506,plain_base,none,true,,raw_annotation_unchanged,Candidate policy only; raw ZIP/JSON unchanged; no final split assigned
train,IMG_12900.jpg,resize,sg-0521,gc-0506,dataset_resize,none,false,dataset_provided_resize,raw_annotation_unchanged,Candidate policy only; raw ZIP/JSON unchanged; no final split assigned
train,IMG_12910.jpg,original,sg-0522,gc-0507,plain_base,none,true,,raw_annotation_unchanged,Candidate policy only; raw ZIP/JSON unchanged; no final split assigned
train,IMG_12910.jpg,resize,sg-0522,gc-0507,dataset_resize,none,false,dataset_provided_resize,raw_annotation_unchanged,Candidate policy only; raw ZIP/JSON unchanged; no final split assigned
train,IMG_12920.jpg,original,sg-0523,gc-0508,plain_base,none,true,,raw_annotation_unchanged,Candidate policy only; raw ZIP/JSON unchanged; no final split assigned
train,IMG_12920.jpg,resize,sg-0523,gc-0508,dataset_resize,none,false,dataset_provided_resize,raw_annotation_unchanged,Candidate policy only; raw ZIP/JSON unchanged; no final split assigned
train,IMG_12940.jpg,original,sg-0524,gc-0509,plain_base,none,true,,raw_annotation_unchanged,Candidate policy only; raw ZIP/JSON unchanged; no final split assigned
train,IMG_12940.jpg,resize,sg-0524,gc-0509,dataset_resize,none,false,dataset_provided_resize,raw_annotation_unchanged,Candidate policy only; raw ZIP/JSON unchanged; no final split assigned
train,IMG_12950.jpg,original,sg-0525,gc-0510,plain_base,none,true,,raw_annotation_unchanged,Candidate policy only; raw ZIP/JSON unchanged; no final split assigned
train,IMG_12950.jpg,resize,sg-0525,gc-0510,dataset_resize,none,false,dataset_provided_resize,raw_annotation_unchanged,Candidate policy only; raw ZIP/JSON unchanged; no final split assigned
train,IMG_12950_brightness.jpg,original,sg-0525,gc-0510,offline_augmentation,brightness,false,dataset_offline_augmentation,raw_annotation_unchanged,Candidate policy only; raw ZIP/JSON unchanged; no final split assigned
train,IMG_12950_brightness.jpg,resize,sg-0525,gc-0510,dataset_resize,brightness,false,dataset_provided_resize,raw_annotation_unchanged,Candidate policy only; raw ZIP/JSON unchanged; no final split assigned
train,IMG_12960.jpg,original,sg-0526,gc-0511,plain_base,none,true,,raw_annotation_unchanged,Candidate policy only; raw ZIP/JSON unchanged; no final split assigned
train,IMG_12960.jpg,resize,sg-0526,gc-0511,dataset_resize,none,false,dataset_provided_resize,raw_annotation_unchanged,Candidate policy only; raw ZIP/JSON unchanged; no final split assigned
train,IMG_12960_brightness.jpg,original,sg-0526,gc-0511,offline_augmentation,brightness,false,dataset_offline_augmentation,raw_annotation_unchanged,Candidate policy only; raw ZIP/JSON unchanged; no final split assigned
train,IMG_12960_brightness.jpg,resize,sg-0526,gc-0511,dataset_resize,brightness,false,dataset_provided_resize,raw_annotation_unchanged,Candidate policy only; raw ZIP/JSON unchanged; no final split assigned
train,IMG_12970.jpg,original,sg-0527,gc-0512,plain_base,none,true,,raw_annotation_unchanged,Candidate policy only; raw ZIP/JSON unchanged; no final split assigned
train,IMG_12970.jpg,resize,sg-0527,gc-0512,dataset_resize,none,false,dataset_provided_resize,raw_annotation_unchanged,Candidate policy only; raw ZIP/JSON unchanged; no final split assigned
train,IMG_12970_brightness.jpg,original,sg-0527,gc-0512,offline_augmentation,brightness,false,dataset_offline_augmentation,raw_annotation_unchanged,Candidate policy only; raw ZIP/JSON unchanged; no final split assigned
train,IMG_12970_brightness.jpg,resize,sg-0527,gc-0512,dataset_resize,brightness,false,dataset_provided_resize,raw_annotation_unchanged,Candidate policy only; raw ZIP/JSON unchanged; no final split assigned
train,IMG_12980.jpg,original,sg-0528,gc-0513,plain_base,none,true,,raw_annotation_unchanged,Candidate policy only; raw ZIP/JSON unchanged; no final split assigned
train,IMG_12980.jpg,resize,sg-0528,gc-0513,dataset_resize,none,false,dataset_provided_resize,raw_annotation_unchanged,Candidate policy only; raw ZIP/JSON unchanged; no final split assigned
train,IMG_12980_brightness.jpg,original,sg-0528,gc-0513,offline_augmentation,brightness,false,dataset_offline_augmentation,raw_annotation_unchanged,Candidate policy only; raw ZIP/JSON unchanged; no final split assigned
train,IMG_12980_brightness.jpg,resize,sg-0528,gc-0513,dataset_resize,brightness,false,dataset_provided_resize,raw_annotation_unchanged,Candidate policy only; raw ZIP/JSON unchanged; no final split assigned
train,IMG_12990.jpg,original,sg-0529,gc-0514,plain_base,none,true,,raw_annotation_unchanged,Candidate policy only; raw ZIP/JSON unchanged; no final split assigned
train,IMG_12990.jpg,resize,sg-0529,gc-0514,dataset_resize,none,false,dataset_provided_resize,raw_annotation_unchanged,Candidate policy only; raw ZIP/JSON unchanged; no final split assigned
train,IMG_13000.jpg,original,sg-0530,gc-0515,plain_base,none,true,,raw_annotation_unchanged,Candidate policy only; raw ZIP/JSON unchanged; no final split assigned
train,IMG_13000.jpg,resize,sg-0530,gc-0515,dataset_resize,none,false,dataset_provided_resize,raw_annotation_unchanged,Candidate policy only; raw ZIP/JSON unchanged; no final split assigned
train,IMG_13010.jpg,original,sg-0531,gc-0516,plain_base,none,true,,raw_annotation_unchanged,Candidate policy only; raw ZIP/JSON unchanged; no final split assigned
train,IMG_13010.jpg,resize,sg-0531,gc-0516,dataset_resize,none,false,dataset_provided_resize,raw_annotation_unchanged,Candidate policy only; raw ZIP/JSON unchanged; no final split assigned
train,IMG_13020.jpg,original,sg-0532,gc-0517,plain_base,none,true,,raw_annotation_unchanged,Candidate policy only; raw ZIP/JSON unchanged; no final split assigned
train,IMG_13020.jpg,resize,sg-0532,gc-0517,dataset_resize,none,false,dataset_provided_resize,raw_annotation_unchanged,Candidate policy only; raw ZIP/JSON unchanged; no final split assigned
train,IMG_13030.jpg,original,sg-0533,gc-0518,plain_base,none,true,,raw_annotation_unchanged,Candidate policy only; raw ZIP/JSON unchanged; no final split assigned
train,IMG_13030.jpg,resize,sg-0533,gc-0518,dataset_resize,none,false,dataset_provided_resize,raw_annotation_unchanged,Candidate policy only; raw ZIP/JSON unchanged; no final split assigned
train,IMG_13030_brightness.jpg,original,sg-0533,gc-0518,offline_augmentation,brightness,false,dataset_offline_augmentation,raw_annotation_unchanged,Candidate policy only; raw ZIP/JSON unchanged; no final split assigned
train,IMG_13030_brightness.jpg,resize,sg-0533,gc-0518,dataset_resize,brightness,false,dataset_provided_resize,raw_annotation_unchanged,Candidate policy only; raw ZIP/JSON unchanged; no final split assigned
train,IMG_13030_noise.jpg,original,sg-0533,gc-0518,offline_augmentation,noise,false,dataset_offline_augmentation,raw_annotation_unchanged,Candidate policy only; raw ZIP/JSON unchanged; no final split assigned
train,IMG_13030_noise.jpg,resize,sg-0533,gc-0518,dataset_resize,noise,false,dataset_provided_resize,raw_annotation_unchanged,Candidate policy only; raw ZIP/JSON unchanged; no final split assigned
train,IMG_1304_brightness.jpg,original,sg-0077,gc-0076,offline_augmentation,brightness,false,dataset_offline_augmentation,raw_annotation_unchanged,Candidate policy only; raw ZIP/JSON unchanged; no final split assigned
train,IMG_1304_brightness.jpg,resize,sg-0077,gc-0076,dataset_resize,brightness,false,dataset_provided_resize,raw_annotation_unchanged,Candidate policy only; raw ZIP/JSON unchanged; no final split assigned
train,IMG_1304_noise.jpg,original,sg-0077,gc-0076,offline_augmentation,noise,false,dataset_offline_augmentation,raw_annotation_unchanged,Candidate policy only; raw ZIP/JSON unchanged; no final split assigned
train,IMG_1304_noise.jpg,resize,sg-0077,gc-0076,dataset_resize,noise,false,dataset_provided_resize,raw_annotation_unchanged,Candidate policy only; raw ZIP/JSON unchanged; no final split assigned
train,IMG_1305.jpg,original,sg-0534,gc-0519,plain_base,none,true,,raw_annotation_unchanged,Candidate policy only; raw ZIP/JSON unchanged; no final split assigned
train,IMG_1305.jpg,resize,sg-0534,gc-0519,dataset_resize,none,false,dataset_provided_resize,raw_annotation_unchanged,Candidate policy only; raw ZIP/JSON unchanged; no final split assigned
train,IMG_1305_brightness.jpg,original,sg-0534,gc-0519,offline_augmentation,brightness,false,dataset_offline_augmentation,raw_annotation_unchanged,Candidate policy only; raw ZIP/JSON unchanged; no final split assigned
train,IMG_1305_brightness.jpg,resize,sg-0534,gc-0519,dataset_resize,brightness,false,dataset_provided_resize,raw_annotation_unchanged,Candidate policy only; raw ZIP/JSON unchanged; no final split assigned
train,IMG_1305_noise.jpg,original,sg-0534,gc-0519,offline_augmentation,noise,false,dataset_offline_augmentation,raw_annotation_unchanged,Candidate policy only; raw ZIP/JSON unchanged; no final split assigned
train,IMG_1305_noise.jpg,resize,sg-0534,gc-0519,dataset_resize,noise,false,dataset_provided_resize,raw_annotation_unchanged,Candidate policy only; raw ZIP/JSON unchanged; no final split assigned
train,IMG_13070.jpg,original,sg-0535,gc-0520,plain_base,none,true,,raw_annotation_unchanged,Candidate policy only; raw ZIP/JSON unchanged; no final split assigned
train,IMG_13070.jpg,resize,sg-0535,gc-0520,dataset_resize,none,false,dataset_provided_resize,raw_annotation_unchanged,Candidate policy only; raw ZIP/JSON unchanged; no final split assigned
train,IMG_13080.jpg,original,sg-0536,gc-0521,plain_base,none,true,,raw_annotation_unchanged,Candidate policy only; raw ZIP/JSON unchanged; no final split assigned
train,IMG_13080.jpg,resize,sg-0536,gc-0521,dataset_resize,none,false,dataset_provided_resize,raw_annotation_unchanged,Candidate policy only; raw ZIP/JSON unchanged; no final split assigned
train,IMG_13080_brightness.jpg,original,sg-0536,gc-0521,offline_augmentation,brightness,false,dataset_offline_augmentation,raw_annotation_unchanged,Candidate policy only; raw ZIP/JSON unchanged; no final split assigned
train,IMG_13080_brightness.jpg,resize,sg-0536,gc-0521,dataset_resize,brightness,false,dataset_provided_resize,raw_annotation_unchanged,Candidate policy only; raw ZIP/JSON unchanged; no final split assigned
train,IMG_13080_noise.jpg,original,sg-0536,gc-0521,offline_augmentation,noise,false,dataset_offline_augmentation,raw_annotation_unchanged,Candidate policy only; raw ZIP/JSON unchanged; no final split assigned
train,IMG_13080_noise.jpg,resize,sg-0536,gc-0521,dataset_resize,noise,false,dataset_provided_resize,raw_annotation_unchanged,Candidate policy only; raw ZIP/JSON unchanged; no final split assigned
train,IMG_13100.jpg,original,sg-0537,gc-0522,plain_base,none,true,,raw_annotation_unchanged,Candidate policy only; raw ZIP/JSON unchanged; no final split assigned
train,IMG_13100.jpg,resize,sg-0537,gc-0522,dataset_resize,none,false,dataset_provided_resize,raw_annotation_unchanged,Candidate policy only; raw ZIP/JSON unchanged; no final split assigned
train,IMG_13120.jpg,original,sg-0538,gc-0523,plain_base,none,true,,raw_annotation_unchanged,Candidate policy only; raw ZIP/JSON unchanged; no final split assigned
train,IMG_13120.jpg,resize,sg-0538,gc-0523,dataset_resize,none,false,dataset_provided_resize,raw_annotation_unchanged,Candidate policy only; raw ZIP/JSON unchanged; no final split assigned
train,IMG_13140.jpg,original,sg-0539,gc-0524,plain_base,none,true,,raw_annotation_unchanged,Candidate policy only; raw ZIP/JSON unchanged; no final split assigned
train,IMG_13140.jpg,resize,sg-0539,gc-0524,dataset_resize,none,false,dataset_provided_resize,raw_annotation_unchanged,Candidate policy only; raw ZIP/JSON unchanged; no final split assigned
train,IMG_13160.jpg,original,sg-0540,gc-0525,plain_base,none,true,,raw_annotation_unchanged,Candidate policy only; raw ZIP/JSON unchanged; no final split assigned
train,IMG_13160.jpg,resize,sg-0540,gc-0525,dataset_resize,none,false,dataset_provided_resize,raw_annotation_unchanged,Candidate policy only; raw ZIP/JSON unchanged; no final split assigned
train,IMG_13170.jpg,original,sg-0541,gc-0526,plain_base,none,true,,raw_annotation_unchanged,Candidate policy only; raw ZIP/JSON unchanged; no final split assigned
train,IMG_13170.jpg,resize,sg-0541,gc-0526,dataset_resize,none,false,dataset_provided_resize,raw_annotation_unchanged,Candidate policy only; raw ZIP/JSON unchanged; no final split assigned
train,IMG_13200.jpg,original,sg-0542,gc-0527,plain_base,none,true,,raw_annotation_unchanged,Candidate policy only; raw ZIP/JSON unchanged; no final split assigned
train,IMG_13200.jpg,resize,sg-0542,gc-0527,dataset_resize,none,false,dataset_provided_resize,raw_annotation_unchanged,Candidate policy only; raw ZIP/JSON unchanged; no final split assigned
train,IMG_13210.jpg,original,sg-0543,gc-0528,plain_base,none,true,,raw_annotation_unchanged,Candidate policy only; raw ZIP/JSON unchanged; no final split assigned
train,IMG_13210.jpg,resize,sg-0543,gc-0528,dataset_resize,none,false,dataset_provided_resize,raw_annotation_unchanged,Candidate policy only; raw ZIP/JSON unchanged; no final split assigned
train,IMG_13230.jpg,original,sg-0544,gc-0529,plain_base,none,true,,raw_annotation_unchanged,Candidate policy only; raw ZIP/JSON unchanged; no final split assigned
train,IMG_13230.jpg,resize,sg-0544,gc-0529,dataset_resize,none,false,dataset_provided_resize,raw_annotation_unchanged,Candidate policy only; raw ZIP/JSON unchanged; no final split assigned
train,IMG_13240.jpg,original,sg-0545,gc-0530,plain_base,none,true,,raw_annotation_unchanged,Candidate policy only; raw ZIP/JSON unchanged; no final split assigned
train,IMG_13240.jpg,resize,sg-0545,gc-0530,dataset_resize,none,false,dataset_provided_resize,raw_annotation_unchanged,Candidate policy only; raw ZIP/JSON unchanged; no final split assigned
train,IMG_13250.jpg,original,sg-0546,gc-0531,plain_base,none,true,,raw_annotation_unchanged,Candidate policy only; raw ZIP/JSON unchanged; no final split assigned
train,IMG_13250.jpg,resize,sg-0546,gc-0531,dataset_resize,none,false,dataset_provided_resize,raw_annotation_unchanged,Candidate policy only; raw ZIP/JSON unchanged; no final split assigned
train,IMG_13300.jpg,original,sg-0547,gc-0532,plain_base,none,true,,raw_annotation_unchanged,Candidate policy only; raw ZIP/JSON unchanged; no final split assigned
train,IMG_13300.jpg,resize,sg-0547,gc-0532,dataset_resize,none,false,dataset_provided_resize,raw_annotation_unchanged,Candidate policy only; raw ZIP/JSON unchanged; no final split assigned
train,IMG_13350.jpg,original,sg-0548,gc-0533,plain_base,none,true,,raw_annotation_unchanged,Candidate policy only; raw ZIP/JSON unchanged; no final split assigned
train,IMG_13350.jpg,resize,sg-0548,gc-0533,dataset_resize,none,false,dataset_provided_resize,raw_annotation_unchanged,Candidate policy only; raw ZIP/JSON unchanged; no final split assigned
train,IMG_13370.jpg,original,sg-0549,gc-0534,plain_base,none,true,,raw_annotation_unchanged,Candidate policy only; raw ZIP/JSON unchanged; no final split assigned
train,IMG_13370.jpg,resize,sg-0549,gc-0534,dataset_resize,none,false,dataset_provided_resize,raw_annotation_unchanged,Candidate policy only; raw ZIP/JSON unchanged; no final split assigned
train,IMG_13390.jpg,original,sg-0550,gc-0535,plain_base,none,true,,raw_annotation_unchanged,Candidate policy only; raw ZIP/JSON unchanged; no final split assigned
train,IMG_13390.jpg,resize,sg-0550,gc-0535,dataset_resize,none,false,dataset_provided_resize,raw_annotation_unchanged,Candidate policy only; raw ZIP/JSON unchanged; no final split assigned
train,IMG_13450.jpg,original,sg-0551,gc-0536,plain_base,none,true,,raw_annotation_unchanged,Candidate policy only; raw ZIP/JSON unchanged; no final split assigned
train,IMG_13450.jpg,resize,sg-0551,gc-0536,dataset_resize,none,false,dataset_provided_resize,raw_annotation_unchanged,Candidate policy only; raw ZIP/JSON unchanged; no final split assigned
train,IMG_13470.jpg,original,sg-0552,gc-0537,plain_base,none,true,,raw_annotation_unchanged,Candidate policy only; raw ZIP/JSON unchanged; no final split assigned
train,IMG_13470.jpg,resize,sg-0552,gc-0537,dataset_resize,none,false,dataset_provided_resize,raw_annotation_unchanged,Candidate policy only; raw ZIP/JSON unchanged; no final split assigned
train,IMG_13470_brightness.jpg,original,sg-0552,gc-0537,offline_augmentation,brightness,false,dataset_offline_augmentation,raw_annotation_unchanged,Candidate policy only; raw ZIP/JSON unchanged; no final split assigned
train,IMG_13470_brightness.jpg,resize,sg-0552,gc-0537,dataset_resize,brightness,false,dataset_provided_resize,raw_annotation_unchanged,Candidate policy only; raw ZIP/JSON unchanged; no final split assigned
train,IMG_13480.jpg,original,sg-0553,gc-0538,plain_base,none,true,,raw_annotation_unchanged,Candidate policy only; raw ZIP/JSON unchanged; no final split assigned
train,IMG_13480.jpg,resize,sg-0553,gc-0538,dataset_resize,none,false,dataset_provided_resize,raw_annotation_unchanged,Candidate policy only; raw ZIP/JSON unchanged; no final split assigned
train,IMG_13490.jpg,original,sg-0554,gc-0539,plain_base,none,true,,raw_annotation_unchanged,Candidate policy only; raw ZIP/JSON unchanged; no final split assigned
train,IMG_13490.jpg,resize,sg-0554,gc-0539,dataset_resize,none,false,dataset_provided_resize,raw_annotation_unchanged,Candidate policy only; raw ZIP/JSON unchanged; no final split assigned
train,IMG_1350.jpg,original,sg-0555,gc-0540,plain_base,none,true,,raw_annotation_unchanged,Candidate policy only; raw ZIP/JSON unchanged; no final split assigned
train,IMG_1350.jpg,resize,sg-0555,gc-0540,dataset_resize,none,false,dataset_provided_resize,raw_annotation_unchanged,Candidate policy only; raw ZIP/JSON unchanged; no final split assigned
train,IMG_1351.jpg,original,sg-0556,gc-0541,plain_base,none,true,,raw_annotation_unchanged,Candidate policy only; raw ZIP/JSON unchanged; no final split assigned
train,IMG_1351.jpg,resize,sg-0556,gc-0541,dataset_resize,none,false,dataset_provided_resize,raw_annotation_unchanged,Candidate policy only; raw ZIP/JSON unchanged; no final split assigned
train,IMG_1352.jpg,original,sg-0557,gc-0542,plain_base,none,true,,raw_annotation_unchanged,Candidate policy only; raw ZIP/JSON unchanged; no final split assigned
train,IMG_1352.jpg,resize,sg-0557,gc-0542,dataset_resize,none,false,dataset_provided_resize,raw_annotation_unchanged,Candidate policy only; raw ZIP/JSON unchanged; no final split assigned
train,IMG_1352_brightness.jpg,original,sg-0557,gc-0542,offline_augmentation,brightness,false,dataset_offline_augmentation,raw_annotation_unchanged,Candidate policy only; raw ZIP/JSON unchanged; no final split assigned
train,IMG_1352_brightness.jpg,resize,sg-0557,gc-0542,dataset_resize,brightness,false,dataset_provided_resize,raw_annotation_unchanged,Candidate policy only; raw ZIP/JSON unchanged; no final split assigned
train,IMG_1352_noise.jpg,original,sg-0557,gc-0542,offline_augmentation,noise,false,dataset_offline_augmentation,raw_annotation_unchanged,Candidate policy only; raw ZIP/JSON unchanged; no final split assigned
train,IMG_1352_noise.jpg,resize,sg-0557,gc-0542,dataset_resize,noise,false,dataset_provided_resize,raw_annotation_unchanged,Candidate policy only; raw ZIP/JSON unchanged; no final split assigned
train,IMG_1354.jpg,original,sg-0558,gc-0543,plain_base,none,true,,raw_annotation_unchanged,Candidate policy only; raw ZIP/JSON unchanged; no final split assigned
train,IMG_1354.jpg,resize,sg-0558,gc-0543,dataset_resize,none,false,dataset_provided_resize,raw_annotation_unchanged,Candidate policy only; raw ZIP/JSON unchanged; no final split assigned
train,IMG_1354_brightness.jpg,original,sg-0558,gc-0543,offline_augmentation,brightness,false,dataset_offline_augmentation,raw_annotation_unchanged,Candidate policy only; raw ZIP/JSON unchanged; no final split assigned
train,IMG_1354_brightness.jpg,resize,sg-0558,gc-0543,dataset_resize,brightness,false,dataset_provided_resize,raw_annotation_unchanged,Candidate policy only; raw ZIP/JSON unchanged; no final split assigned
train,IMG_13550.jpg,original,sg-0559,gc-0544,plain_base,none,true,,raw_annotation_unchanged,Candidate policy only; raw ZIP/JSON unchanged; no final split assigned
train,IMG_13550.jpg,resize,sg-0559,gc-0544,dataset_resize,none,false,dataset_provided_resize,raw_annotation_unchanged,Candidate policy only; raw ZIP/JSON unchanged; no final split assigned
train,IMG_13560.jpg,original,sg-0560,gc-0545,plain_base,none,true,,raw_annotation_unchanged,Candidate policy only; raw ZIP/JSON unchanged; no final split assigned
train,IMG_13560.jpg,resize,sg-0560,gc-0545,dataset_resize,none,false,dataset_provided_resize,raw_annotation_unchanged,Candidate policy only; raw ZIP/JSON unchanged; no final split assigned
train,IMG_13570.jpg,original,sg-0561,gc-0546,plain_base,none,true,,raw_annotation_unchanged,Candidate policy only; raw ZIP/JSON unchanged; no final split assigned
train,IMG_13570.jpg,resize,sg-0561,gc-0546,dataset_resize,none,false,dataset_provided_resize,raw_annotation_unchanged,Candidate policy only; raw ZIP/JSON unchanged; no final split assigned
train,IMG_13580.jpg,original,sg-0562,gc-0547,plain_base,none,true,,raw_annotation_unchanged,Candidate policy only; raw ZIP/JSON unchanged; no final split assigned
train,IMG_13580.jpg,resize,sg-0562,gc-0547,dataset_resize,none,false,dataset_provided_resize,raw_annotation_unchanged,Candidate policy only; raw ZIP/JSON unchanged; no final split assigned
train,IMG_13600.jpg,original,sg-0563,gc-0548,plain_base,none,true,,raw_annotation_unchanged,Candidate policy only; raw ZIP/JSON unchanged; no final split assigned
train,IMG_13600.jpg,resize,sg-0563,gc-0548,dataset_resize,none,false,dataset_provided_resize,raw_annotation_unchanged,Candidate policy only; raw ZIP/JSON unchanged; no final split assigned
train,IMG_13620.jpg,original,sg-0564,gc-0549,plain_base,none,true,,raw_annotation_unchanged,Candidate policy only; raw ZIP/JSON unchanged; no final split assigned
train,IMG_13620.jpg,resize,sg-0564,gc-0549,dataset_resize,none,false,dataset_provided_resize,raw_annotation_unchanged,Candidate policy only; raw ZIP/JSON unchanged; no final split assigned
train,IMG_13630.jpg,original,sg-0565,gc-0550,plain_base,none,true,,raw_annotation_unchanged,Candidate policy only; raw ZIP/JSON unchanged; no final split assigned
train,IMG_13630.jpg,resize,sg-0565,gc-0550,dataset_resize,none,false,dataset_provided_resize,raw_annotation_unchanged,Candidate policy only; raw ZIP/JSON unchanged; no final split assigned
train,IMG_13640.jpg,original,sg-0566,gc-0551,plain_base,none,true,,raw_annotation_unchanged,Candidate policy only; raw ZIP/JSON unchanged; no final split assigned
train,IMG_13640.jpg,resize,sg-0566,gc-0551,dataset_resize,none,false,dataset_provided_resize,raw_annotation_unchanged,Candidate policy only; raw ZIP/JSON unchanged; no final split assigned
train,IMG_13650_brightness.jpg,original,sg-0094,gc-0093,offline_augmentation,brightness,false,dataset_offline_augmentation,raw_annotation_unchanged,Candidate policy only; raw ZIP/JSON unchanged; no final split assigned
train,IMG_13650_brightness.jpg,resize,sg-0094,gc-0093,dataset_resize,brightness,false,dataset_provided_resize,raw_annotation_unchanged,Candidate policy only; raw ZIP/JSON unchanged; no final split assigned
train,IMG_13660.jpg,original,sg-0567,gc-0552,plain_base,none,true,,raw_annotation_unchanged,Candidate policy only; raw ZIP/JSON unchanged; no final split assigned
train,IMG_13660.jpg,resize,sg-0567,gc-0552,dataset_resize,none,false,dataset_provided_resize,raw_annotation_unchanged,Candidate policy only; raw ZIP/JSON unchanged; no final split assigned
train,IMG_13670.jpg,original,sg-0568,gc-0553,plain_base,none,true,,raw_annotation_unchanged,Candidate policy only; raw ZIP/JSON unchanged; no final split assigned
train,IMG_13670.jpg,resize,sg-0568,gc-0553,dataset_resize,none,false,dataset_provided_resize,raw_annotation_unchanged,Candidate policy only; raw ZIP/JSON unchanged; no final split assigned
train,IMG_1369.jpg,original,sg-0569,gc-0554,plain_base,none,true,,raw_annotation_unchanged,Candidate policy only; raw ZIP/JSON unchanged; no final split assigned
train,IMG_1369.jpg,resize,sg-0569,gc-0554,dataset_resize,none,false,dataset_provided_resize,raw_annotation_unchanged,Candidate policy only; raw ZIP/JSON unchanged; no final split assigned
train,IMG_13700_brightness.jpg,original,sg-0570,gc-0555,offline_augmentation,brightness,false,dataset_offline_augmentation,raw_annotation_unchanged,Candidate policy only; raw ZIP/JSON unchanged; no final split assigned
train,IMG_13700_brightness.jpg,resize,sg-0570,gc-0555,dataset_resize,brightness,false,dataset_provided_resize,raw_annotation_unchanged,Candidate policy only; raw ZIP/JSON unchanged; no final split assigned
train,IMG_1371.jpg,original,sg-0571,gc-0556,plain_base,none,true,,raw_annotation_unchanged,Candidate policy only; raw ZIP/JSON unchanged; no final split assigned
train,IMG_1371.jpg,resize,sg-0571,gc-0556,dataset_resize,none,false,dataset_provided_resize,raw_annotation_unchanged,Candidate policy only; raw ZIP/JSON unchanged; no final split assigned
train,IMG_13720.jpg,original,sg-0572,gc-0557,plain_base,none,true,,raw_annotation_unchanged,Candidate policy only; raw ZIP/JSON unchanged; no final split assigned
train,IMG_13720.jpg,resize,sg-0572,gc-0557,dataset_resize,none,false,dataset_provided_resize,raw_annotation_unchanged,Candidate policy only; raw ZIP/JSON unchanged; no final split assigned
train,IMG_13730.jpg,original,sg-0573,gc-0558,plain_base,none,true,,raw_annotation_unchanged,Candidate policy only; raw ZIP/JSON unchanged; no final split assigned
train,IMG_13730.jpg,resize,sg-0573,gc-0558,dataset_resize,none,false,dataset_provided_resize,raw_annotation_unchanged,Candidate policy only; raw ZIP/JSON unchanged; no final split assigned
train,IMG_13740.jpg,original,sg-0574,gc-0559,plain_base,none,true,,raw_annotation_unchanged,Candidate policy only; raw ZIP/JSON unchanged; no final split assigned
train,IMG_13740.jpg,resize,sg-0574,gc-0559,dataset_resize,none,false,dataset_provided_resize,raw_annotation_unchanged,Candidate policy only; raw ZIP/JSON unchanged; no final split assigned
train,IMG_13740_brightness.jpg,original,sg-0574,gc-0559,offline_augmentation,brightness,false,dataset_offline_augmentation,raw_annotation_unchanged,Candidate policy only; raw ZIP/JSON unchanged; no final split assigned
train,IMG_13740_brightness.jpg,resize,sg-0574,gc-0559,dataset_resize,brightness,false,dataset_provided_resize,raw_annotation_unchanged,Candidate policy only; raw ZIP/JSON unchanged; no final split assigned
train,IMG_13760.jpg,original,sg-0575,gc-0560,plain_base,none,true,,raw_annotation_unchanged,Candidate policy only; raw ZIP/JSON unchanged; no final split assigned
train,IMG_13760.jpg,resize,sg-0575,gc-0560,dataset_resize,none,false,dataset_provided_resize,raw_annotation_unchanged,Candidate policy only; raw ZIP/JSON unchanged; no final split assigned
train,IMG_13790.jpg,original,sg-0576,gc-0561,plain_base,none,true,,raw_annotation_unchanged,Candidate policy only; raw ZIP/JSON unchanged; no final split assigned
train,IMG_13790.jpg,resize,sg-0576,gc-0561,dataset_resize,none,false,dataset_provided_resize,raw_annotation_unchanged,Candidate policy only; raw ZIP/JSON unchanged; no final split assigned
train,IMG_13790_brightness.jpg,original,sg-0576,gc-0561,offline_augmentation,brightness,false,dataset_offline_augmentation,raw_annotation_unchanged,Candidate policy only; raw ZIP/JSON unchanged; no final split assigned
train,IMG_13790_brightness.jpg,resize,sg-0576,gc-0561,dataset_resize,brightness,false,dataset_provided_resize,raw_annotation_unchanged,Candidate policy only; raw ZIP/JSON unchanged; no final split assigned
train,IMG_1381_brightness.jpg,original,sg-0577,gc-0562,offline_augmentation,brightness,false,dataset_offline_augmentation,raw_annotation_unchanged,Candidate policy only; raw ZIP/JSON unchanged; no final split assigned
train,IMG_1381_brightness.jpg,resize,sg-0577,gc-0562,dataset_resize,brightness,false,dataset_provided_resize,raw_annotation_unchanged,Candidate policy only; raw ZIP/JSON unchanged; no final split assigned
train,IMG_1382.jpg,original,sg-0578,gc-0563,plain_base,none,true,,raw_annotation_unchanged,Candidate policy only; raw ZIP/JSON unchanged; no final split assigned
train,IMG_1382.jpg,resize,sg-0578,gc-0563,dataset_resize,none,false,dataset_provided_resize,raw_annotation_unchanged,Candidate policy only; raw ZIP/JSON unchanged; no final split assigned
train,IMG_1382_brightness.jpg,original,sg-0578,gc-0563,offline_augmentation,brightness,false,dataset_offline_augmentation,raw_annotation_unchanged,Candidate policy only; raw ZIP/JSON unchanged; no final split assigned
train,IMG_1382_brightness.jpg,resize,sg-0578,gc-0563,dataset_resize,brightness,false,dataset_provided_resize,raw_annotation_unchanged,Candidate policy only; raw ZIP/JSON unchanged; no final split assigned
train,IMG_13840.jpg,original,sg-0579,gc-0564,plain_base,none,true,,raw_annotation_unchanged,Candidate policy only; raw ZIP/JSON unchanged; no final split assigned
train,IMG_13840.jpg,resize,sg-0579,gc-0564,dataset_resize,none,false,dataset_provided_resize,raw_annotation_unchanged,Candidate policy only; raw ZIP/JSON unchanged; no final split assigned
train,IMG_13860.jpg,original,sg-0580,gc-0565,plain_base,none,true,,raw_annotation_unchanged,Candidate policy only; raw ZIP/JSON unchanged; no final split assigned
train,IMG_13860.jpg,resize,sg-0580,gc-0565,dataset_resize,none,false,dataset_provided_resize,raw_annotation_unchanged,Candidate policy only; raw ZIP/JSON unchanged; no final split assigned
train,IMG_1387_brightness.jpg,original,sg-0102,gc-0101,offline_augmentation,brightness,false,dataset_offline_augmentation,raw_annotation_unchanged,Candidate policy only; raw ZIP/JSON unchanged; no final split assigned
train,IMG_1387_brightness.jpg,resize,sg-0102,gc-0101,dataset_resize,brightness,false,dataset_provided_resize,raw_annotation_unchanged,Candidate policy only; raw ZIP/JSON unchanged; no final split assigned
train,IMG_1389_brightness.jpg,original,sg-0104,gc-0103,offline_augmentation,brightness,false,dataset_offline_augmentation,raw_annotation_unchanged,Candidate policy only; raw ZIP/JSON unchanged; no final split assigned
train,IMG_1389_brightness.jpg,resize,sg-0104,gc-0103,dataset_resize,brightness,false,dataset_provided_resize,raw_annotation_unchanged,Candidate policy only; raw ZIP/JSON unchanged; no final split assigned
train,IMG_1389_noise.jpg,original,sg-0104,gc-0103,offline_augmentation,noise,false,dataset_offline_augmentation,raw_annotation_unchanged,Candidate policy only; raw ZIP/JSON unchanged; no final split assigned
train,IMG_1389_noise.jpg,resize,sg-0104,gc-0103,dataset_resize,noise,false,dataset_provided_resize,raw_annotation_unchanged,Candidate policy only; raw ZIP/JSON unchanged; no final split assigned
train,IMG_1390_noise.jpg,original,sg-0105,gc-0104,offline_augmentation,noise,false,dataset_offline_augmentation,raw_annotation_unchanged,Candidate policy only; raw ZIP/JSON unchanged; no final split assigned
train,IMG_1390_noise.jpg,resize,sg-0105,gc-0104,dataset_resize,noise,false,dataset_provided_resize,raw_annotation_unchanged,Candidate policy only; raw ZIP/JSON unchanged; no final split assigned
train,IMG_13910.jpg,original,sg-0581,gc-0566,plain_base,none,true,,raw_annotation_unchanged,Candidate policy only; raw ZIP/JSON unchanged; no final split assigned
train,IMG_13910.jpg,resize,sg-0581,gc-0566,dataset_resize,none,false,dataset_provided_resize,raw_annotation_unchanged,Candidate policy only; raw ZIP/JSON unchanged; no final split assigned
train,IMG_13930_brightness.jpg,original,sg-0582,gc-0567,offline_augmentation,brightness,false,dataset_offline_augmentation,raw_annotation_unchanged,Candidate policy only; raw ZIP/JSON unchanged; no final split assigned
train,IMG_13930_brightness.jpg,resize,sg-0582,gc-0567,dataset_resize,brightness,false,dataset_provided_resize,raw_annotation_unchanged,Candidate policy only; raw ZIP/JSON unchanged; no final split assigned
train,IMG_13960_brightness.jpg,original,sg-0583,gc-0568,offline_augmentation,brightness,false,dataset_offline_augmentation,raw_annotation_unchanged,Candidate policy only; raw ZIP/JSON unchanged; no final split assigned
train,IMG_13960_brightness.jpg,resize,sg-0583,gc-0568,dataset_resize,brightness,false,dataset_provided_resize,raw_annotation_unchanged,Candidate policy only; raw ZIP/JSON unchanged; no final split assigned
train,IMG_1397.jpg,original,sg-0584,gc-0569,plain_base,none,true,,raw_annotation_unchanged,Candidate policy only; raw ZIP/JSON unchanged; no final split assigned
train,IMG_1397.jpg,resize,sg-0584,gc-0569,dataset_resize,none,false,dataset_provided_resize,raw_annotation_unchanged,Candidate policy only; raw ZIP/JSON unchanged; no final split assigned
train,IMG_1399.jpg,original,sg-0585,gc-0570,plain_base,none,true,,raw_annotation_unchanged,Candidate policy only; raw ZIP/JSON unchanged; no final split assigned
train,IMG_1399.jpg,resize,sg-0585,gc-0570,dataset_resize,none,false,dataset_provided_resize,raw_annotation_unchanged,Candidate policy only; raw ZIP/JSON unchanged; no final split assigned
train,IMG_14000.jpg,original,sg-0586,gc-0571,plain_base,none,true,,raw_annotation_unchanged,Candidate policy only; raw ZIP/JSON unchanged; no final split assigned
train,IMG_14000.jpg,resize,sg-0586,gc-0571,dataset_resize,none,false,dataset_provided_resize,raw_annotation_unchanged,Candidate policy only; raw ZIP/JSON unchanged; no final split assigned
train,IMG_14020.jpg,original,sg-0587,gc-0572,plain_base,none,true,,raw_annotation_unchanged,Candidate policy only; raw ZIP/JSON unchanged; no final split assigned
train,IMG_14020.jpg,resize,sg-0587,gc-0572,dataset_resize,none,false,dataset_provided_resize,raw_annotation_unchanged,Candidate policy only; raw ZIP/JSON unchanged; no final split assigned
train,IMG_14040_brightness.jpg,original,sg-0588,gc-0573,offline_augmentation,brightness,false,dataset_offline_augmentation,raw_annotation_unchanged,Candidate policy only; raw ZIP/JSON unchanged; no final split assigned
train,IMG_14040_brightness.jpg,resize,sg-0588,gc-0573,dataset_resize,brightness,false,dataset_provided_resize,raw_annotation_unchanged,Candidate policy only; raw ZIP/JSON unchanged; no final split assigned
train,IMG_1406.jpg,original,sg-0589,gc-0574,plain_base,none,true,,raw_annotation_unchanged,Candidate policy only; raw ZIP/JSON unchanged; no final split assigned
train,IMG_1406.jpg,resize,sg-0589,gc-0574,dataset_resize,none,false,dataset_provided_resize,raw_annotation_unchanged,Candidate policy only; raw ZIP/JSON unchanged; no final split assigned
train,IMG_1406_noise.jpg,original,sg-0589,gc-0574,offline_augmentation,noise,false,dataset_offline_augmentation,raw_annotation_unchanged,Candidate policy only; raw ZIP/JSON unchanged; no final split assigned
train,IMG_1406_noise.jpg,resize,sg-0589,gc-0574,dataset_resize,noise,false,dataset_provided_resize,raw_annotation_unchanged,Candidate policy only; raw ZIP/JSON unchanged; no final split assigned
train,IMG_1407.jpg,original,sg-0590,gc-0575,plain_base,none,true,,raw_annotation_unchanged,Candidate policy only; raw ZIP/JSON unchanged; no final split assigned
train,IMG_1407.jpg,resize,sg-0590,gc-0575,dataset_resize,none,false,dataset_provided_resize,raw_annotation_unchanged,Candidate policy only; raw ZIP/JSON unchanged; no final split assigned
train,IMG_1407_brightness.jpg,original,sg-0590,gc-0575,offline_augmentation,brightness,false,dataset_offline_augmentation,raw_annotation_unchanged,Candidate policy only; raw ZIP/JSON unchanged; no final split assigned
train,IMG_1407_brightness.jpg,resize,sg-0590,gc-0575,dataset_resize,brightness,false,dataset_provided_resize,raw_annotation_unchanged,Candidate policy only; raw ZIP/JSON unchanged; no final split assigned
train,IMG_1407_noise.jpg,original,sg-0590,gc-0575,offline_augmentation,noise,false,dataset_offline_augmentation,raw_annotation_unchanged,Candidate policy only; raw ZIP/JSON unchanged; no final split assigned
train,IMG_1407_noise.jpg,resize,sg-0590,gc-0575,dataset_resize,noise,false,dataset_provided_resize,raw_annotation_unchanged,Candidate policy only; raw ZIP/JSON unchanged; no final split assigned
train,IMG_14100.jpg,original,sg-0591,gc-0576,plain_base,none,true,,raw_annotation_unchanged,Candidate policy only; raw ZIP/JSON unchanged; no final split assigned
train,IMG_14100.jpg,resize,sg-0591,gc-0576,dataset_resize,none,false,dataset_provided_resize,raw_annotation_unchanged,Candidate policy only; raw ZIP/JSON unchanged; no final split assigned
train,IMG_14110.jpg,original,sg-0592,gc-0577,plain_base,none,true,,raw_annotation_unchanged,Candidate policy only; raw ZIP/JSON unchanged; no final split assigned
train,IMG_14110.jpg,resize,sg-0592,gc-0577,dataset_resize,none,false,dataset_provided_resize,raw_annotation_unchanged,Candidate policy only; raw ZIP/JSON unchanged; no final split assigned
train,IMG_14130.jpg,original,sg-0593,gc-0114,plain_base,none,true,,raw_annotation_unchanged,Candidate policy only; raw ZIP/JSON unchanged; no final split assigned
train,IMG_14130.jpg,resize,sg-0593,gc-0114,dataset_resize,none,false,dataset_provided_resize,raw_annotation_unchanged,Candidate policy only; raw ZIP/JSON unchanged; no final split assigned
train,IMG_1414.jpg,original,sg-0594,gc-0578,plain_base,none,true,,raw_annotation_unchanged,Candidate policy only; raw ZIP/JSON unchanged; no final split assigned
train,IMG_1414.jpg,resize,sg-0594,gc-0578,dataset_resize,none,false,dataset_provided_resize,raw_annotation_unchanged,Candidate policy only; raw ZIP/JSON unchanged; no final split assigned
train,IMG_14150.jpg,original,sg-0595,gc-0579,plain_base,none,true,,raw_annotation_unchanged,Candidate policy only; raw ZIP/JSON unchanged; no final split assigned
train,IMG_14150.jpg,resize,sg-0595,gc-0579,dataset_resize,none,false,dataset_provided_resize,raw_annotation_unchanged,Candidate policy only; raw ZIP/JSON unchanged; no final split assigned
train,IMG_1418.jpg,original,sg-0596,gc-0580,plain_base,none,true,,raw_annotation_unchanged,Candidate policy only; raw ZIP/JSON unchanged; no final split assigned
train,IMG_1418.jpg,resize,sg-0596,gc-0580,dataset_resize,none,false,dataset_provided_resize,raw_annotation_unchanged,Candidate policy only; raw ZIP/JSON unchanged; no final split assigned
train,IMG_1418_brightness.jpg,original,sg-0596,gc-0580,offline_augmentation,brightness,false,dataset_offline_augmentation,raw_annotation_unchanged,Candidate policy only; raw ZIP/JSON unchanged; no final split assigned
train,IMG_1418_brightness.jpg,resize,sg-0596,gc-0580,dataset_resize,brightness,false,dataset_provided_resize,raw_annotation_unchanged,Candidate policy only; raw ZIP/JSON unchanged; no final split assigned
train,IMG_1418_noise.jpg,original,sg-0596,gc-0580,offline_augmentation,noise,false,dataset_offline_augmentation,raw_annotation_unchanged,Candidate policy only; raw ZIP/JSON unchanged; no final split assigned
train,IMG_1418_noise.jpg,resize,sg-0596,gc-0580,dataset_resize,noise,false,dataset_provided_resize,raw_annotation_unchanged,Candidate policy only; raw ZIP/JSON unchanged; no final split assigned
train,IMG_1419_brightness.jpg,original,sg-0118,gc-0117,offline_augmentation,brightness,false,dataset_offline_augmentation,raw_annotation_unchanged,Candidate policy only; raw ZIP/JSON unchanged; no final split assigned
train,IMG_1419_brightness.jpg,resize,sg-0118,gc-0117,dataset_resize,brightness,false,dataset_provided_resize,raw_annotation_unchanged,Candidate policy only; raw ZIP/JSON unchanged; no final split assigned
train,IMG_1420.jpg,original,sg-0597,gc-0581,plain_base,none,true,,raw_annotation_unchanged,Candidate policy only; raw ZIP/JSON unchanged; no final split assigned
train,IMG_1420.jpg,resize,sg-0597,gc-0581,dataset_resize,none,false,dataset_provided_resize,raw_annotation_unchanged,Candidate policy only; raw ZIP/JSON unchanged; no final split assigned
train,IMG_1421.jpg,original,sg-0598,gc-0582,plain_base,none,true,,raw_annotation_unchanged,Candidate policy only; raw ZIP/JSON unchanged; no final split assigned
train,IMG_1421.jpg,resize,sg-0598,gc-0582,dataset_resize,none,false,dataset_provided_resize,raw_annotation_unchanged,Candidate policy only; raw ZIP/JSON unchanged; no final split assigned
train,IMG_1422.jpg,original,sg-0599,gc-0583,plain_base,none,true,,raw_annotation_unchanged,Candidate policy only; raw ZIP/JSON unchanged; no final split assigned
train,IMG_1422.jpg,resize,sg-0599,gc-0583,dataset_resize,none,false,dataset_provided_resize,raw_annotation_unchanged,Candidate policy only; raw ZIP/JSON unchanged; no final split assigned
train,IMG_1423.jpg,original,sg-0600,gc-0584,plain_base,none,true,,raw_annotation_unchanged,Candidate policy only; raw ZIP/JSON unchanged; no final split assigned
train,IMG_1423.jpg,resize,sg-0600,gc-0584,dataset_resize,none,false,dataset_provided_resize,raw_annotation_unchanged,Candidate policy only; raw ZIP/JSON unchanged; no final split assigned
train,IMG_14240.jpg,original,sg-0601,gc-0585,plain_base,none,true,,raw_annotation_unchanged,Candidate policy only; raw ZIP/JSON unchanged; no final split assigned
train,IMG_14240.jpg,resize,sg-0601,gc-0585,dataset_resize,none,false,dataset_provided_resize,raw_annotation_unchanged,Candidate policy only; raw ZIP/JSON unchanged; no final split assigned
train,IMG_14250.jpg,original,sg-0602,gc-0586,plain_base,none,true,,raw_annotation_unchanged,Candidate policy only; raw ZIP/JSON unchanged; no final split assigned
train,IMG_14250.jpg,resize,sg-0602,gc-0586,dataset_resize,none,false,dataset_provided_resize,raw_annotation_unchanged,Candidate policy only; raw ZIP/JSON unchanged; no final split assigned
train,IMG_14260.jpg,original,sg-0603,gc-0587,plain_base,none,true,,raw_annotation_unchanged,Candidate policy only; raw ZIP/JSON unchanged; no final split assigned
train,IMG_14260.jpg,resize,sg-0603,gc-0587,dataset_resize,none,false,dataset_provided_resize,raw_annotation_unchanged,Candidate policy only; raw ZIP/JSON unchanged; no final split assigned
train,IMG_14270.jpg,original,sg-0604,gc-0588,plain_base,none,true,,raw_annotation_unchanged,Candidate policy only; raw ZIP/JSON unchanged; no final split assigned
train,IMG_14270.jpg,resize,sg-0604,gc-0588,dataset_resize,none,false,dataset_provided_resize,raw_annotation_unchanged,Candidate policy only; raw ZIP/JSON unchanged; no final split assigned
train,IMG_14280.jpg,original,sg-0605,gc-0589,plain_base,none,true,,raw_annotation_unchanged,Candidate policy only; raw ZIP/JSON unchanged; no final split assigned
train,IMG_14280.jpg,resize,sg-0605,gc-0589,dataset_resize,none,false,dataset_provided_resize,raw_annotation_unchanged,Candidate policy only; raw ZIP/JSON unchanged; no final split assigned
train,IMG_1429.jpg,original,sg-0606,gc-0590,plain_base,none,true,,raw_annotation_unchanged,Candidate policy only; raw ZIP/JSON unchanged; no final split assigned
train,IMG_1429.jpg,resize,sg-0606,gc-0590,dataset_resize,none,false,dataset_provided_resize,raw_annotation_unchanged,Candidate policy only; raw ZIP/JSON unchanged; no final split assigned
train,IMG_14310.jpg,original,sg-0607,gc-0591,plain_base,none,true,,raw_annotation_unchanged,Candidate policy only; raw ZIP/JSON unchanged; no final split assigned
train,IMG_14310.jpg,resize,sg-0607,gc-0591,dataset_resize,none,false,dataset_provided_resize,raw_annotation_unchanged,Candidate policy only; raw ZIP/JSON unchanged; no final split assigned
train,IMG_1432.jpg,original,sg-0608,gc-0592,plain_base,none,true,,raw_annotation_unchanged,Candidate policy only; raw ZIP/JSON unchanged; no final split assigned
train,IMG_1432.jpg,resize,sg-0608,gc-0592,dataset_resize,none,false,dataset_provided_resize,raw_annotation_unchanged,Candidate policy only; raw ZIP/JSON unchanged; no final split assigned
train,IMG_14330.jpg,original,sg-0609,gc-0593,plain_base,none,true,,raw_annotation_unchanged,Candidate policy only; raw ZIP/JSON unchanged; no final split assigned
train,IMG_14330.jpg,resize,sg-0609,gc-0593,dataset_resize,none,false,dataset_provided_resize,raw_annotation_unchanged,Candidate policy only; raw ZIP/JSON unchanged; no final split assigned
train,IMG_1434.jpg,original,sg-0610,gc-0594,plain_base,none,true,,raw_annotation_unchanged,Candidate policy only; raw ZIP/JSON unchanged; no final split assigned
train,IMG_1434.jpg,resize,sg-0610,gc-0594,dataset_resize,none,false,dataset_provided_resize,raw_annotation_unchanged,Candidate policy only; raw ZIP/JSON unchanged; no final split assigned
train,IMG_14350.jpg,original,sg-0611,gc-0595,plain_base,none,true,,raw_annotation_unchanged,Candidate policy only; raw ZIP/JSON unchanged; no final split assigned
train,IMG_14350.jpg,resize,sg-0611,gc-0595,dataset_resize,none,false,dataset_provided_resize,raw_annotation_unchanged,Candidate policy only; raw ZIP/JSON unchanged; no final split assigned
train,IMG_14360.jpg,original,sg-0612,gc-0596,plain_base,none,true,,raw_annotation_unchanged,Candidate policy only; raw ZIP/JSON unchanged; no final split assigned
train,IMG_14360.jpg,resize,sg-0612,gc-0596,dataset_resize,none,false,dataset_provided_resize,raw_annotation_unchanged,Candidate policy only; raw ZIP/JSON unchanged; no final split assigned
train,IMG_14360_noise.jpg,original,sg-0612,gc-0596,offline_augmentation,noise,false,dataset_offline_augmentation,raw_annotation_unchanged,Candidate policy only; raw ZIP/JSON unchanged; no final split assigned
train,IMG_14360_noise.jpg,resize,sg-0612,gc-0596,dataset_resize,noise,false,dataset_provided_resize,raw_annotation_unchanged,Candidate policy only; raw ZIP/JSON unchanged; no final split assigned
train,IMG_1437.jpg,original,sg-0613,gc-0597,plain_base,none,true,,raw_annotation_unchanged,Candidate policy only; raw ZIP/JSON unchanged; no final split assigned
train,IMG_1437.jpg,resize,sg-0613,gc-0597,dataset_resize,none,false,dataset_provided_resize,raw_annotation_unchanged,Candidate policy only; raw ZIP/JSON unchanged; no final split assigned
train,IMG_14380.jpg,original,sg-0614,gc-0598,plain_base,none,true,,raw_annotation_unchanged,Candidate policy only; raw ZIP/JSON unchanged; no final split assigned
train,IMG_14380.jpg,resize,sg-0614,gc-0598,dataset_resize,none,false,dataset_provided_resize,raw_annotation_unchanged,Candidate policy only; raw ZIP/JSON unchanged; no final split assigned
train,IMG_14390.jpg,original,sg-0615,gc-0599,plain_base,none,true,,raw_annotation_unchanged,Candidate policy only; raw ZIP/JSON unchanged; no final split assigned
train,IMG_14390.jpg,resize,sg-0615,gc-0599,dataset_resize,none,false,dataset_provided_resize,raw_annotation_unchanged,Candidate policy only; raw ZIP/JSON unchanged; no final split assigned
train,IMG_1440.jpg,original,sg-0616,gc-0600,plain_base,none,true,,raw_annotation_unchanged,Candidate policy only; raw ZIP/JSON unchanged; no final split assigned
train,IMG_1440.jpg,resize,sg-0616,gc-0600,dataset_resize,none,false,dataset_provided_resize,raw_annotation_unchanged,Candidate policy only; raw ZIP/JSON unchanged; no final split assigned
train,IMG_14410.jpg,original,sg-0617,gc-0601,plain_base,none,true,,raw_annotation_unchanged,Candidate policy only; raw ZIP/JSON unchanged; no final split assigned
train,IMG_14410.jpg,resize,sg-0617,gc-0601,dataset_resize,none,false,dataset_provided_resize,raw_annotation_unchanged,Candidate policy only; raw ZIP/JSON unchanged; no final split assigned
train,IMG_14410_brightness.jpg,original,sg-0617,gc-0601,offline_augmentation,brightness,false,dataset_offline_augmentation,raw_annotation_unchanged,Candidate policy only; raw ZIP/JSON unchanged; no final split assigned
train,IMG_14410_brightness.jpg,resize,sg-0617,gc-0601,dataset_resize,brightness,false,dataset_provided_resize,raw_annotation_unchanged,Candidate policy only; raw ZIP/JSON unchanged; no final split assigned
train,IMG_14410_noise.jpg,original,sg-0617,gc-0601,offline_augmentation,noise,false,dataset_offline_augmentation,raw_annotation_unchanged,Candidate policy only; raw ZIP/JSON unchanged; no final split assigned
train,IMG_14410_noise.jpg,resize,sg-0617,gc-0601,dataset_resize,noise,false,dataset_provided_resize,raw_annotation_unchanged,Candidate policy only; raw ZIP/JSON unchanged; no final split assigned
train,IMG_14420_brightness.jpg,original,sg-0120,gc-0119,offline_augmentation,brightness,false,dataset_offline_augmentation,raw_annotation_unchanged,Candidate policy only; raw ZIP/JSON unchanged; no final split assigned
train,IMG_14420_brightness.jpg,resize,sg-0120,gc-0119,dataset_resize,brightness,false,dataset_provided_resize,raw_annotation_unchanged,Candidate policy only; raw ZIP/JSON unchanged; no final split assigned
train,IMG_14420_noise.jpg,original,sg-0120,gc-0119,offline_augmentation,noise,false,dataset_offline_augmentation,raw_annotation_unchanged,Candidate policy only; raw ZIP/JSON unchanged; no final split assigned
train,IMG_14420_noise.jpg,resize,sg-0120,gc-0119,dataset_resize,noise,false,dataset_provided_resize,raw_annotation_unchanged,Candidate policy only; raw ZIP/JSON unchanged; no final split assigned
train,IMG_14440.jpg,original,sg-0618,gc-0602,plain_base,none,true,,raw_annotation_unchanged,Candidate policy only; raw ZIP/JSON unchanged; no final split assigned
train,IMG_14440.jpg,resize,sg-0618,gc-0602,dataset_resize,none,false,dataset_provided_resize,raw_annotation_unchanged,Candidate policy only; raw ZIP/JSON unchanged; no final split assigned
train,IMG_1447.jpg,original,sg-0619,gc-0603,plain_base,none,true,,raw_annotation_unchanged,Candidate policy only; raw ZIP/JSON unchanged; no final split assigned
train,IMG_1447.jpg,resize,sg-0619,gc-0603,dataset_resize,none,false,dataset_provided_resize,raw_annotation_unchanged,Candidate policy only; raw ZIP/JSON unchanged; no final split assigned
train,IMG_1449.jpg,original,sg-0620,gc-0604,plain_base,none,true,,raw_annotation_unchanged,Candidate policy only; raw ZIP/JSON unchanged; no final split assigned
train,IMG_1449.jpg,resize,sg-0620,gc-0604,dataset_resize,none,false,dataset_provided_resize,raw_annotation_unchanged,Candidate policy only; raw ZIP/JSON unchanged; no final split assigned
train,IMG_1451.jpg,original,sg-0621,gc-0605,plain_base,none,true,,raw_annotation_unchanged,Candidate policy only; raw ZIP/JSON unchanged; no final split assigned
train,IMG_1451.jpg,resize,sg-0621,gc-0605,dataset_resize,none,false,dataset_provided_resize,raw_annotation_unchanged,Candidate policy only; raw ZIP/JSON unchanged; no final split assigned
train,IMG_14530.jpg,original,sg-0622,gc-0606,plain_base,none,true,,raw_annotation_unchanged,Candidate policy only; raw ZIP/JSON unchanged; no final split assigned
train,IMG_14530.jpg,resize,sg-0622,gc-0606,dataset_resize,none,false,dataset_provided_resize,raw_annotation_unchanged,Candidate policy only; raw ZIP/JSON unchanged; no final split assigned
train,IMG_1454.jpg,original,sg-0623,gc-0607,plain_base,none,true,,raw_annotation_unchanged,Candidate policy only; raw ZIP/JSON unchanged; no final split assigned
train,IMG_1454.jpg,resize,sg-0623,gc-0607,dataset_resize,none,false,dataset_provided_resize,raw_annotation_unchanged,Candidate policy only; raw ZIP/JSON unchanged; no final split assigned
train,IMG_1455.jpg,original,sg-0624,gc-0608,plain_base,none,true,,raw_annotation_unchanged,Candidate policy only; raw ZIP/JSON unchanged; no final split assigned
train,IMG_1455.jpg,resize,sg-0624,gc-0608,dataset_resize,none,false,dataset_provided_resize,raw_annotation_unchanged,Candidate policy only; raw ZIP/JSON unchanged; no final split assigned
train,IMG_14550.jpg,original,sg-0625,gc-0609,plain_base,none,true,,raw_annotation_unchanged,Candidate policy only; raw ZIP/JSON unchanged; no final split assigned
train,IMG_14550.jpg,resize,sg-0625,gc-0609,dataset_resize,none,false,dataset_provided_resize,raw_annotation_unchanged,Candidate policy only; raw ZIP/JSON unchanged; no final split assigned
train,IMG_1457.jpg,original,sg-0626,gc-0610,plain_base,none,true,,raw_annotation_unchanged,Candidate policy only; raw ZIP/JSON unchanged; no final split assigned
train,IMG_1457.jpg,resize,sg-0626,gc-0610,dataset_resize,none,false,dataset_provided_resize,raw_annotation_unchanged,Candidate policy only; raw ZIP/JSON unchanged; no final split assigned
train,IMG_1458.jpg,original,sg-0627,gc-0611,plain_base,none,true,,raw_annotation_unchanged,Candidate policy only; raw ZIP/JSON unchanged; no final split assigned
train,IMG_1458.jpg,resize,sg-0627,gc-0611,dataset_resize,none,false,dataset_provided_resize,raw_annotation_unchanged,Candidate policy only; raw ZIP/JSON unchanged; no final split assigned
train,IMG_1458_brightness.jpg,original,sg-0627,gc-0611,offline_augmentation,brightness,false,dataset_offline_augmentation,raw_annotation_unchanged,Candidate policy only; raw ZIP/JSON unchanged; no final split assigned
train,IMG_1458_brightness.jpg,resize,sg-0627,gc-0611,dataset_resize,brightness,false,dataset_provided_resize,raw_annotation_unchanged,Candidate policy only; raw ZIP/JSON unchanged; no final split assigned
train,IMG_1462.jpg,original,sg-0628,gc-0612,plain_base,none,true,,raw_annotation_unchanged,Candidate policy only; raw ZIP/JSON unchanged; no final split assigned
train,IMG_1462.jpg,resize,sg-0628,gc-0612,dataset_resize,none,false,dataset_provided_resize,raw_annotation_unchanged,Candidate policy only; raw ZIP/JSON unchanged; no final split assigned
train,IMG_1463.jpg,original,sg-0629,gc-0613,plain_base,none,true,,raw_annotation_unchanged,Candidate policy only; raw ZIP/JSON unchanged; no final split assigned
train,IMG_1463.jpg,resize,sg-0629,gc-0613,dataset_resize,none,false,dataset_provided_resize,raw_annotation_unchanged,Candidate policy only; raw ZIP/JSON unchanged; no final split assigned
train,IMG_14650.jpg,original,sg-0630,gc-0614,plain_base,none,true,,raw_annotation_unchanged,Candidate policy only; raw ZIP/JSON unchanged; no final split assigned
train,IMG_14650.jpg,resize,sg-0630,gc-0614,dataset_resize,none,false,dataset_provided_resize,raw_annotation_unchanged,Candidate policy only; raw ZIP/JSON unchanged; no final split assigned
train,IMG_1468.jpg,original,sg-0631,gc-0615,plain_base,none,true,,raw_annotation_unchanged,Candidate policy only; raw ZIP/JSON unchanged; no final split assigned
train,IMG_1468.jpg,resize,sg-0631,gc-0615,dataset_resize,none,false,dataset_provided_resize,raw_annotation_unchanged,Candidate policy only; raw ZIP/JSON unchanged; no final split assigned
train,IMG_1469_brightness.jpg,original,sg-0130,gc-0129,offline_augmentation,brightness,false,dataset_offline_augmentation,raw_annotation_unchanged,Candidate policy only; raw ZIP/JSON unchanged; no final split assigned
train,IMG_1469_brightness.jpg,resize,sg-0130,gc-0129,dataset_resize,brightness,false,dataset_provided_resize,raw_annotation_unchanged,Candidate policy only; raw ZIP/JSON unchanged; no final split assigned
train,IMG_1469_noise.jpg,original,sg-0130,gc-0129,offline_augmentation,noise,false,dataset_offline_augmentation,raw_annotation_unchanged,Candidate policy only; raw ZIP/JSON unchanged; no final split assigned
train,IMG_1469_noise.jpg,resize,sg-0130,gc-0129,dataset_resize,noise,false,dataset_provided_resize,raw_annotation_unchanged,Candidate policy only; raw ZIP/JSON unchanged; no final split assigned
train,IMG_14710.jpg,original,sg-0632,gc-0616,plain_base,none,true,,raw_annotation_unchanged,Candidate policy only; raw ZIP/JSON unchanged; no final split assigned
train,IMG_14710.jpg,resize,sg-0632,gc-0616,dataset_resize,none,false,dataset_provided_resize,raw_annotation_unchanged,Candidate policy only; raw ZIP/JSON unchanged; no final split assigned
train,IMG_1472.jpg,original,sg-0633,gc-0617,plain_base,none,true,,raw_annotation_unchanged,Candidate policy only; raw ZIP/JSON unchanged; no final split assigned
train,IMG_1472.jpg,resize,sg-0633,gc-0617,dataset_resize,none,false,dataset_provided_resize,raw_annotation_unchanged,Candidate policy only; raw ZIP/JSON unchanged; no final split assigned
train,IMG_14730.jpg,original,sg-0634,gc-0618,plain_base,none,true,,raw_annotation_unchanged,Candidate policy only; raw ZIP/JSON unchanged; no final split assigned
train,IMG_14730.jpg,resize,sg-0634,gc-0618,dataset_resize,none,false,dataset_provided_resize,raw_annotation_unchanged,Candidate policy only; raw ZIP/JSON unchanged; no final split assigned
train,IMG_1474.jpg,original,sg-0635,gc-0619,plain_base,none,true,,raw_annotation_unchanged,Candidate policy only; raw ZIP/JSON unchanged; no final split assigned
train,IMG_1474.jpg,resize,sg-0635,gc-0619,dataset_resize,none,false,dataset_provided_resize,raw_annotation_unchanged,Candidate policy only; raw ZIP/JSON unchanged; no final split assigned
train,IMG_1476.jpg,original,sg-0636,gc-0620,plain_base,none,true,,raw_annotation_unchanged,Candidate policy only; raw ZIP/JSON unchanged; no final split assigned
train,IMG_1476.jpg,resize,sg-0636,gc-0620,dataset_resize,none,false,dataset_provided_resize,raw_annotation_unchanged,Candidate policy only; raw ZIP/JSON unchanged; no final split assigned
train,IMG_1477.jpg,original,sg-0637,gc-0621,plain_base,none,true,,raw_annotation_unchanged,Candidate policy only; raw ZIP/JSON unchanged; no final split assigned
train,IMG_1477.jpg,resize,sg-0637,gc-0621,dataset_resize,none,false,dataset_provided_resize,raw_annotation_unchanged,Candidate policy only; raw ZIP/JSON unchanged; no final split assigned
train,IMG_15621.jpg,original,sg-0638,gc-0622,plain_base,none,true,,raw_annotation_unchanged,Candidate policy only; raw ZIP/JSON unchanged; no final split assigned
train,IMG_15621.jpg,resize,sg-0638,gc-0622,dataset_resize,none,false,dataset_provided_resize,raw_annotation_unchanged,Candidate policy only; raw ZIP/JSON unchanged; no final split assigned
train,IMG_5384.jpg,original,sg-0639,gc-0623,plain_base,none,true,,raw_annotation_unchanged,Candidate policy only; raw ZIP/JSON unchanged; no final split assigned
train,IMG_5384.jpg,resize,sg-0639,gc-0623,dataset_resize,none,false,dataset_provided_resize,raw_annotation_unchanged,Candidate policy only; raw ZIP/JSON unchanged; no final split assigned
train,IMG_5386.jpg,original,sg-0640,gc-0624,plain_base,none,true,,raw_annotation_unchanged,Candidate policy only; raw ZIP/JSON unchanged; no final split assigned
train,IMG_5386.jpg,resize,sg-0640,gc-0624,dataset_resize,none,false,dataset_provided_resize,raw_annotation_unchanged,Candidate policy only; raw ZIP/JSON unchanged; no final split assigned
train,IMG_5390.jpg,original,sg-0641,gc-0625,plain_base,none,true,,raw_annotation_unchanged,Candidate policy only; raw ZIP/JSON unchanged; no final split assigned
train,IMG_5390.jpg,resize,sg-0641,gc-0625,dataset_resize,none,false,dataset_provided_resize,raw_annotation_unchanged,Candidate policy only; raw ZIP/JSON unchanged; no final split assigned
train,IMG_53910.jpg,original,sg-0642,gc-0626,plain_base,none,true,,raw_annotation_unchanged,Candidate policy only; raw ZIP/JSON unchanged; no final split assigned
train,IMG_53910.jpg,resize,sg-0642,gc-0626,dataset_resize,none,false,dataset_provided_resize,raw_annotation_unchanged,Candidate policy only; raw ZIP/JSON unchanged; no final split assigned
train,IMG_5392.jpg,original,sg-0643,gc-0627,plain_base,none,true,,raw_annotation_unchanged,Candidate policy only; raw ZIP/JSON unchanged; no final split assigned
train,IMG_5392.jpg,resize,sg-0643,gc-0627,dataset_resize,none,false,dataset_provided_resize,raw_annotation_unchanged,Candidate policy only; raw ZIP/JSON unchanged; no final split assigned
train,IMG_53940.jpg,original,sg-0644,gc-0628,plain_base,none,true,,raw_annotation_unchanged,Candidate policy only; raw ZIP/JSON unchanged; no final split assigned
train,IMG_53940.jpg,resize,sg-0644,gc-0628,dataset_resize,none,false,dataset_provided_resize,raw_annotation_unchanged,Candidate policy only; raw ZIP/JSON unchanged; no final split assigned
train,IMG_53960.jpg,original,sg-0645,gc-0629,plain_base,none,true,,raw_annotation_unchanged,Candidate policy only; raw ZIP/JSON unchanged; no final split assigned
train,IMG_53960.jpg,resize,sg-0645,gc-0629,dataset_resize,none,false,dataset_provided_resize,raw_annotation_unchanged,Candidate policy only; raw ZIP/JSON unchanged; no final split assigned
train,IMG_53980.jpg,original,sg-0646,gc-0630,plain_base,none,true,,raw_annotation_unchanged,Candidate policy only; raw ZIP/JSON unchanged; no final split assigned
train,IMG_53980.jpg,resize,sg-0646,gc-0630,dataset_resize,none,false,dataset_provided_resize,raw_annotation_unchanged,Candidate policy only; raw ZIP/JSON unchanged; no final split assigned
train,IMG_53990.jpg,original,sg-0647,gc-0631,plain_base,none,true,,raw_annotation_unchanged,Candidate policy only; raw ZIP/JSON unchanged; no final split assigned
train,IMG_53990.jpg,resize,sg-0647,gc-0631,dataset_resize,none,false,dataset_provided_resize,raw_annotation_unchanged,Candidate policy only; raw ZIP/JSON unchanged; no final split assigned
train,IMG_54000.jpg,original,sg-0648,gc-0632,plain_base,none,true,,raw_annotation_unchanged,Candidate policy only; raw ZIP/JSON unchanged; no final split assigned
train,IMG_54000.jpg,resize,sg-0648,gc-0632,dataset_resize,none,false,dataset_provided_resize,raw_annotation_unchanged,Candidate policy only; raw ZIP/JSON unchanged; no final split assigned
train,IMG_5401.jpg,original,sg-0649,gc-0633,plain_base,none,true,,raw_annotation_unchanged,Candidate policy only; raw ZIP/JSON unchanged; no final split assigned
train,IMG_5401.jpg,resize,sg-0649,gc-0633,dataset_resize,none,false,dataset_provided_resize,raw_annotation_unchanged,Candidate policy only; raw ZIP/JSON unchanged; no final split assigned
train,IMG_5402.jpg,original,sg-0650,gc-0634,plain_base,none,true,,raw_annotation_unchanged,Candidate policy only; raw ZIP/JSON unchanged; no final split assigned
train,IMG_5402.jpg,resize,sg-0650,gc-0634,dataset_resize,none,false,dataset_provided_resize,raw_annotation_unchanged,Candidate policy only; raw ZIP/JSON unchanged; no final split assigned
train,IMG_54030.jpg,original,sg-0651,gc-0635,plain_base,none,true,,raw_annotation_unchanged,Candidate policy only; raw ZIP/JSON unchanged; no final split assigned
train,IMG_54030.jpg,resize,sg-0651,gc-0635,dataset_resize,none,false,dataset_provided_resize,raw_annotation_unchanged,Candidate policy only; raw ZIP/JSON unchanged; no final split assigned
train,IMG_5404.jpg,original,sg-0652,gc-0636,plain_base,none,true,,raw_annotation_unchanged,Candidate policy only; raw ZIP/JSON unchanged; no final split assigned
train,IMG_5404.jpg,resize,sg-0652,gc-0636,dataset_resize,none,false,dataset_provided_resize,raw_annotation_unchanged,Candidate policy only; raw ZIP/JSON unchanged; no final split assigned
train,IMG_5406.jpg,original,sg-0653,gc-0637,plain_base,none,true,,raw_annotation_unchanged,Candidate policy only; raw ZIP/JSON unchanged; no final split assigned
train,IMG_5406.jpg,resize,sg-0653,gc-0637,dataset_resize,none,false,dataset_provided_resize,raw_annotation_unchanged,Candidate policy only; raw ZIP/JSON unchanged; no final split assigned
train,IMG_5407.jpg,original,sg-0654,gc-0638,plain_base,none,true,,raw_annotation_unchanged,Candidate policy only; raw ZIP/JSON unchanged; no final split assigned
train,IMG_5407.jpg,resize,sg-0654,gc-0638,dataset_resize,none,false,dataset_provided_resize,raw_annotation_unchanged,Candidate policy only; raw ZIP/JSON unchanged; no final split assigned
train,IMG_5408.jpg,original,sg-0655,gc-0639,plain_base,none,true,,raw_annotation_unchanged,Candidate policy only; raw ZIP/JSON unchanged; no final split assigned
train,IMG_5408.jpg,resize,sg-0655,gc-0639,dataset_resize,none,false,dataset_provided_resize,raw_annotation_unchanged,Candidate policy only; raw ZIP/JSON unchanged; no final split assigned
train,IMG_54100.jpg,original,sg-0656,gc-0640,plain_base,none,true,,raw_annotation_unchanged,Candidate policy only; raw ZIP/JSON unchanged; no final split assigned
train,IMG_54100.jpg,resize,sg-0656,gc-0640,dataset_resize,none,false,dataset_provided_resize,raw_annotation_unchanged,Candidate policy only; raw ZIP/JSON unchanged; no final split assigned
train,IMG_54100_brightness.jpg,original,sg-0656,gc-0640,offline_augmentation,brightness,false,dataset_offline_augmentation,raw_annotation_unchanged,Candidate policy only; raw ZIP/JSON unchanged; no final split assigned
train,IMG_54100_brightness.jpg,resize,sg-0656,gc-0640,dataset_resize,brightness,false,dataset_provided_resize,raw_annotation_unchanged,Candidate policy only; raw ZIP/JSON unchanged; no final split assigned
train,IMG_54110.jpg,original,sg-0657,gc-0641,plain_base,none,true,,raw_annotation_unchanged,Candidate policy only; raw ZIP/JSON unchanged; no final split assigned
train,IMG_54110.jpg,resize,sg-0657,gc-0641,dataset_resize,none,false,dataset_provided_resize,raw_annotation_unchanged,Candidate policy only; raw ZIP/JSON unchanged; no final split assigned
train,IMG_54120.jpg,original,sg-0658,gc-0642,plain_base,none,true,,raw_annotation_unchanged,Candidate policy only; raw ZIP/JSON unchanged; no final split assigned
train,IMG_54120.jpg,resize,sg-0658,gc-0642,dataset_resize,none,false,dataset_provided_resize,raw_annotation_unchanged,Candidate policy only; raw ZIP/JSON unchanged; no final split assigned
train,IMG_54150.jpg,original,sg-0659,gc-0643,plain_base,none,true,,raw_annotation_unchanged,Candidate policy only; raw ZIP/JSON unchanged; no final split assigned
train,IMG_54150.jpg,resize,sg-0659,gc-0643,dataset_resize,none,false,dataset_provided_resize,raw_annotation_unchanged,Candidate policy only; raw ZIP/JSON unchanged; no final split assigned
train,IMG_54160_noise.jpg,original,sg-0142,gc-0141,offline_augmentation,noise,false,dataset_offline_augmentation,raw_annotation_unchanged,Candidate policy only; raw ZIP/JSON unchanged; no final split assigned
train,IMG_54160_noise.jpg,resize,sg-0142,gc-0141,dataset_resize,noise,false,dataset_provided_resize,raw_annotation_unchanged,Candidate policy only; raw ZIP/JSON unchanged; no final split assigned
train,IMG_5417.jpg,original,sg-0660,gc-0644,plain_base,none,true,,raw_annotation_unchanged,Candidate policy only; raw ZIP/JSON unchanged; no final split assigned
train,IMG_5417.jpg,resize,sg-0660,gc-0644,dataset_resize,none,false,dataset_provided_resize,raw_annotation_unchanged,Candidate policy only; raw ZIP/JSON unchanged; no final split assigned
train,IMG_54190_noise.jpg,original,sg-0144,gc-0143,offline_augmentation,noise,false,dataset_offline_augmentation,raw_annotation_unchanged,Candidate policy only; raw ZIP/JSON unchanged; no final split assigned
train,IMG_54190_noise.jpg,resize,sg-0144,gc-0143,dataset_resize,noise,false,dataset_provided_resize,raw_annotation_unchanged,Candidate policy only; raw ZIP/JSON unchanged; no final split assigned
train,IMG_54200.jpg,original,sg-0661,gc-0645,plain_base,none,true,,raw_annotation_unchanged,Candidate policy only; raw ZIP/JSON unchanged; no final split assigned
train,IMG_54200.jpg,resize,sg-0661,gc-0645,dataset_resize,none,false,dataset_provided_resize,raw_annotation_unchanged,Candidate policy only; raw ZIP/JSON unchanged; no final split assigned
train,IMG_54200_brightness.jpg,original,sg-0661,gc-0645,offline_augmentation,brightness,false,dataset_offline_augmentation,raw_annotation_unchanged,Candidate policy only; raw ZIP/JSON unchanged; no final split assigned
train,IMG_54200_brightness.jpg,resize,sg-0661,gc-0645,dataset_resize,brightness,false,dataset_provided_resize,raw_annotation_unchanged,Candidate policy only; raw ZIP/JSON unchanged; no final split assigned
train,IMG_54200_noise.jpg,original,sg-0661,gc-0645,offline_augmentation,noise,false,dataset_offline_augmentation,raw_annotation_unchanged,Candidate policy only; raw ZIP/JSON unchanged; no final split assigned
train,IMG_54200_noise.jpg,resize,sg-0661,gc-0645,dataset_resize,noise,false,dataset_provided_resize,raw_annotation_unchanged,Candidate policy only; raw ZIP/JSON unchanged; no final split assigned
train,IMG_54210.jpg,original,sg-0662,gc-0646,plain_base,none,true,,raw_annotation_unchanged,Candidate policy only; raw ZIP/JSON unchanged; no final split assigned
train,IMG_54210.jpg,resize,sg-0662,gc-0646,dataset_resize,none,false,dataset_provided_resize,raw_annotation_unchanged,Candidate policy only; raw ZIP/JSON unchanged; no final split assigned
train,IMG_54220.jpg,original,sg-0663,gc-0647,plain_base,none,true,,raw_annotation_unchanged,Candidate policy only; raw ZIP/JSON unchanged; no final split assigned
train,IMG_54220.jpg,resize,sg-0663,gc-0647,dataset_resize,none,false,dataset_provided_resize,raw_annotation_unchanged,Candidate policy only; raw ZIP/JSON unchanged; no final split assigned
train,IMG_54230.jpg,original,sg-0664,gc-0648,plain_base,none,true,,raw_annotation_unchanged,Candidate policy only; raw ZIP/JSON unchanged; no final split assigned
train,IMG_54230.jpg,resize,sg-0664,gc-0648,dataset_resize,none,false,dataset_provided_resize,raw_annotation_unchanged,Candidate policy only; raw ZIP/JSON unchanged; no final split assigned
train,IMG_54240.jpg,original,sg-0665,gc-0649,plain_base,none,true,,raw_annotation_unchanged,Candidate policy only; raw ZIP/JSON unchanged; no final split assigned
train,IMG_54240.jpg,resize,sg-0665,gc-0649,dataset_resize,none,false,dataset_provided_resize,raw_annotation_unchanged,Candidate policy only; raw ZIP/JSON unchanged; no final split assigned
train,IMG_5425.jpg,original,sg-0666,gc-0650,plain_base,none,true,,raw_annotation_unchanged,Candidate policy only; raw ZIP/JSON unchanged; no final split assigned
train,IMG_5425.jpg,resize,sg-0666,gc-0650,dataset_resize,none,false,dataset_provided_resize,raw_annotation_unchanged,Candidate policy only; raw ZIP/JSON unchanged; no final split assigned
train,IMG_54260.jpg,original,sg-0667,gc-0651,plain_base,none,true,,raw_annotation_unchanged,Candidate policy only; raw ZIP/JSON unchanged; no final split assigned
train,IMG_54260.jpg,resize,sg-0667,gc-0651,dataset_resize,none,false,dataset_provided_resize,raw_annotation_unchanged,Candidate policy only; raw ZIP/JSON unchanged; no final split assigned
train,IMG_54270.jpg,original,sg-0668,gc-0652,plain_base,none,true,,raw_annotation_unchanged,Candidate policy only; raw ZIP/JSON unchanged; no final split assigned
train,IMG_54270.jpg,resize,sg-0668,gc-0652,dataset_resize,none,false,dataset_provided_resize,raw_annotation_unchanged,Candidate policy only; raw ZIP/JSON unchanged; no final split assigned
train,IMG_5431.jpg,original,sg-0669,gc-0653,plain_base,none,true,,raw_annotation_unchanged,Candidate policy only; raw ZIP/JSON unchanged; no final split assigned
train,IMG_5431.jpg,resize,sg-0669,gc-0653,dataset_resize,none,false,dataset_provided_resize,raw_annotation_unchanged,Candidate policy only; raw ZIP/JSON unchanged; no final split assigned
train,IMG_54320.jpg,original,sg-0670,gc-0654,plain_base,none,true,,raw_annotation_unchanged,Candidate policy only; raw ZIP/JSON unchanged; no final split assigned
train,IMG_54320.jpg,resize,sg-0670,gc-0654,dataset_resize,none,false,dataset_provided_resize,raw_annotation_unchanged,Candidate policy only; raw ZIP/JSON unchanged; no final split assigned
train,IMG_54330.jpg,original,sg-0671,gc-0655,plain_base,none,true,,raw_annotation_unchanged,Candidate policy only; raw ZIP/JSON unchanged; no final split assigned
train,IMG_54330.jpg,resize,sg-0671,gc-0655,dataset_resize,none,false,dataset_provided_resize,raw_annotation_unchanged,Candidate policy only; raw ZIP/JSON unchanged; no final split assigned
train,IMG_54340.jpg,original,sg-0672,gc-0656,plain_base,none,true,,raw_annotation_unchanged,Candidate policy only; raw ZIP/JSON unchanged; no final split assigned
train,IMG_54340.jpg,resize,sg-0672,gc-0656,dataset_resize,none,false,dataset_provided_resize,raw_annotation_unchanged,Candidate policy only; raw ZIP/JSON unchanged; no final split assigned
train,IMG_54360.jpg,original,sg-0673,gc-0657,plain_base,none,true,,raw_annotation_unchanged,Candidate policy only; raw ZIP/JSON unchanged; no final split assigned
train,IMG_54360.jpg,resize,sg-0673,gc-0657,dataset_resize,none,false,dataset_provided_resize,raw_annotation_unchanged,Candidate policy only; raw ZIP/JSON unchanged; no final split assigned
train,IMG_54370_brightness.jpg,original,sg-0149,gc-0148,offline_augmentation,brightness,false,dataset_offline_augmentation,raw_annotation_unchanged,Candidate policy only; raw ZIP/JSON unchanged; no final split assigned
train,IMG_54370_brightness.jpg,resize,sg-0149,gc-0148,dataset_resize,brightness,false,dataset_provided_resize,raw_annotation_unchanged,Candidate policy only; raw ZIP/JSON unchanged; no final split assigned
train,IMG_54370_noise.jpg,original,sg-0149,gc-0148,offline_augmentation,noise,false,dataset_offline_augmentation,raw_annotation_unchanged,Candidate policy only; raw ZIP/JSON unchanged; no final split assigned
train,IMG_54370_noise.jpg,resize,sg-0149,gc-0148,dataset_resize,noise,false,dataset_provided_resize,raw_annotation_unchanged,Candidate policy only; raw ZIP/JSON unchanged; no final split assigned
train,IMG_54380.jpg,original,sg-0674,gc-0658,plain_base,none,true,,raw_annotation_unchanged,Candidate policy only; raw ZIP/JSON unchanged; no final split assigned
train,IMG_54380.jpg,resize,sg-0674,gc-0658,dataset_resize,none,false,dataset_provided_resize,raw_annotation_unchanged,Candidate policy only; raw ZIP/JSON unchanged; no final split assigned
train,IMG_5439.jpg,original,sg-0675,gc-0659,plain_base,none,true,,raw_annotation_unchanged,Candidate policy only; raw ZIP/JSON unchanged; no final split assigned
train,IMG_5439.jpg,resize,sg-0675,gc-0659,dataset_resize,none,false,dataset_provided_resize,raw_annotation_unchanged,Candidate policy only; raw ZIP/JSON unchanged; no final split assigned
train,IMG_54400.jpg,original,sg-0676,gc-0660,plain_base,none,true,,raw_annotation_unchanged,Candidate policy only; raw ZIP/JSON unchanged; no final split assigned
train,IMG_54400.jpg,resize,sg-0676,gc-0660,dataset_resize,none,false,dataset_provided_resize,raw_annotation_unchanged,Candidate policy only; raw ZIP/JSON unchanged; no final split assigned
train,IMG_5443.jpg,original,sg-0677,gc-0661,plain_base,none,true,,raw_annotation_unchanged,Candidate policy only; raw ZIP/JSON unchanged; no final split assigned
train,IMG_5443.jpg,resize,sg-0677,gc-0661,dataset_resize,none,false,dataset_provided_resize,raw_annotation_unchanged,Candidate policy only; raw ZIP/JSON unchanged; no final split assigned
train,IMG_54450_brightness.jpg,original,sg-0152,gc-0151,offline_augmentation,brightness,false,dataset_offline_augmentation,raw_annotation_unchanged,Candidate policy only; raw ZIP/JSON unchanged; no final split assigned
train,IMG_54450_brightness.jpg,resize,sg-0152,gc-0151,dataset_resize,brightness,false,dataset_provided_resize,raw_annotation_unchanged,Candidate policy only; raw ZIP/JSON unchanged; no final split assigned
train,IMG_54450_noise.jpg,original,sg-0152,gc-0151,offline_augmentation,noise,false,dataset_offline_augmentation,raw_annotation_unchanged,Candidate policy only; raw ZIP/JSON unchanged; no final split assigned
train,IMG_54450_noise.jpg,resize,sg-0152,gc-0151,dataset_resize,noise,false,dataset_provided_resize,raw_annotation_unchanged,Candidate policy only; raw ZIP/JSON unchanged; no final split assigned
train,IMG_54460.jpg,original,sg-0678,gc-0662,plain_base,none,true,,raw_annotation_unchanged,Candidate policy only; raw ZIP/JSON unchanged; no final split assigned
train,IMG_54460.jpg,resize,sg-0678,gc-0662,dataset_resize,none,false,dataset_provided_resize,raw_annotation_unchanged,Candidate policy only; raw ZIP/JSON unchanged; no final split assigned
train,IMG_54480.jpg,original,sg-0679,gc-0663,plain_base,none,true,,raw_annotation_unchanged,Candidate policy only; raw ZIP/JSON unchanged; no final split assigned
train,IMG_54480.jpg,resize,sg-0679,gc-0663,dataset_resize,none,false,dataset_provided_resize,raw_annotation_unchanged,Candidate policy only; raw ZIP/JSON unchanged; no final split assigned
train,IMG_5449.jpg,original,sg-0680,gc-0664,plain_base,none,true,,raw_annotation_unchanged,Candidate policy only; raw ZIP/JSON unchanged; no final split assigned
train,IMG_5449.jpg,resize,sg-0680,gc-0664,dataset_resize,none,false,dataset_provided_resize,raw_annotation_unchanged,Candidate policy only; raw ZIP/JSON unchanged; no final split assigned
train,IMG_5451.jpg,original,sg-0681,gc-0665,plain_base,none,true,,raw_annotation_unchanged,Candidate policy only; raw ZIP/JSON unchanged; no final split assigned
train,IMG_5451.jpg,resize,sg-0681,gc-0665,dataset_resize,none,false,dataset_provided_resize,raw_annotation_unchanged,Candidate policy only; raw ZIP/JSON unchanged; no final split assigned
train,IMG_5452.jpg,original,sg-0682,gc-0666,plain_base,none,true,,raw_annotation_unchanged,Candidate policy only; raw ZIP/JSON unchanged; no final split assigned
train,IMG_5452.jpg,resize,sg-0682,gc-0666,dataset_resize,none,false,dataset_provided_resize,raw_annotation_unchanged,Candidate policy only; raw ZIP/JSON unchanged; no final split assigned
train,IMG_54530.jpg,original,sg-0683,gc-0667,plain_base,none,true,,raw_annotation_unchanged,Candidate policy only; raw ZIP/JSON unchanged; no final split assigned
train,IMG_54530.jpg,resize,sg-0683,gc-0667,dataset_resize,none,false,dataset_provided_resize,raw_annotation_unchanged,Candidate policy only; raw ZIP/JSON unchanged; no final split assigned
train,IMG_54570.jpg,original,sg-0684,gc-0668,plain_base,none,true,,raw_annotation_unchanged,Candidate policy only; raw ZIP/JSON unchanged; no final split assigned
train,IMG_54570.jpg,resize,sg-0684,gc-0668,dataset_resize,none,false,dataset_provided_resize,raw_annotation_unchanged,Candidate policy only; raw ZIP/JSON unchanged; no final split assigned
train,IMG_54580.jpg,original,sg-0685,gc-0669,plain_base,none,true,,raw_annotation_unchanged,Candidate policy only; raw ZIP/JSON unchanged; no final split assigned
train,IMG_54580.jpg,resize,sg-0685,gc-0669,dataset_resize,none,false,dataset_provided_resize,raw_annotation_unchanged,Candidate policy only; raw ZIP/JSON unchanged; no final split assigned
train,IMG_54590.jpg,original,sg-0686,gc-0670,plain_base,none,true,,raw_annotation_unchanged,Candidate policy only; raw ZIP/JSON unchanged; no final split assigned
train,IMG_54590.jpg,resize,sg-0686,gc-0670,dataset_resize,none,false,dataset_provided_resize,raw_annotation_unchanged,Candidate policy only; raw ZIP/JSON unchanged; no final split assigned
train,IMG_54600.jpg,original,sg-0687,gc-0671,plain_base,none,true,,raw_annotation_unchanged,Candidate policy only; raw ZIP/JSON unchanged; no final split assigned
train,IMG_54600.jpg,resize,sg-0687,gc-0671,dataset_resize,none,false,dataset_provided_resize,raw_annotation_unchanged,Candidate policy only; raw ZIP/JSON unchanged; no final split assigned
train,IMG_54610.jpg,original,sg-0688,gc-0672,plain_base,none,true,,raw_annotation_unchanged,Candidate policy only; raw ZIP/JSON unchanged; no final split assigned
train,IMG_54610.jpg,resize,sg-0688,gc-0672,dataset_resize,none,false,dataset_provided_resize,raw_annotation_unchanged,Candidate policy only; raw ZIP/JSON unchanged; no final split assigned
train,IMG_54620.jpg,original,sg-0689,gc-0673,plain_base,none,true,,raw_annotation_unchanged,Candidate policy only; raw ZIP/JSON unchanged; no final split assigned
train,IMG_54620.jpg,resize,sg-0689,gc-0673,dataset_resize,none,false,dataset_provided_resize,raw_annotation_unchanged,Candidate policy only; raw ZIP/JSON unchanged; no final split assigned
train,IMG_54630.jpg,original,sg-0690,gc-0674,plain_base,none,true,,raw_annotation_unchanged,Candidate policy only; raw ZIP/JSON unchanged; no final split assigned
train,IMG_54630.jpg,resize,sg-0690,gc-0674,dataset_resize,none,false,dataset_provided_resize,raw_annotation_unchanged,Candidate policy only; raw ZIP/JSON unchanged; no final split assigned
train,IMG_5464.jpg,original,sg-0691,gc-0675,plain_base,none,true,,raw_annotation_unchanged,Candidate policy only; raw ZIP/JSON unchanged; no final split assigned
train,IMG_5464.jpg,resize,sg-0691,gc-0675,dataset_resize,none,false,dataset_provided_resize,raw_annotation_unchanged,Candidate policy only; raw ZIP/JSON unchanged; no final split assigned
train,IMG_54650.jpg,original,sg-0692,gc-0676,plain_base,none,true,,raw_annotation_unchanged,Candidate policy only; raw ZIP/JSON unchanged; no final split assigned
train,IMG_54650.jpg,resize,sg-0692,gc-0676,dataset_resize,none,false,dataset_provided_resize,raw_annotation_unchanged,Candidate policy only; raw ZIP/JSON unchanged; no final split assigned
train,IMG_5471.jpg,original,sg-0693,gc-0677,plain_base,none,true,,raw_annotation_unchanged,Candidate policy only; raw ZIP/JSON unchanged; no final split assigned
train,IMG_5471.jpg,resize,sg-0693,gc-0677,dataset_resize,none,false,dataset_provided_resize,raw_annotation_unchanged,Candidate policy only; raw ZIP/JSON unchanged; no final split assigned
train,IMG_5473.jpg,original,sg-0694,gc-0678,plain_base,none,true,,raw_annotation_unchanged,Candidate policy only; raw ZIP/JSON unchanged; no final split assigned
train,IMG_5473.jpg,resize,sg-0694,gc-0678,dataset_resize,none,false,dataset_provided_resize,raw_annotation_unchanged,Candidate policy only; raw ZIP/JSON unchanged; no final split assigned
train,IMG_54740.jpg,original,sg-0695,gc-0679,plain_base,none,true,,raw_annotation_unchanged,Candidate policy only; raw ZIP/JSON unchanged; no final split assigned
train,IMG_54740.jpg,resize,sg-0695,gc-0679,dataset_resize,none,false,dataset_provided_resize,raw_annotation_unchanged,Candidate policy only; raw ZIP/JSON unchanged; no final split assigned
train,IMG_5475.jpg,original,sg-0696,gc-0680,plain_base,none,true,,raw_annotation_unchanged,Candidate policy only; raw ZIP/JSON unchanged; no final split assigned
train,IMG_5475.jpg,resize,sg-0696,gc-0680,dataset_resize,none,false,dataset_provided_resize,raw_annotation_unchanged,Candidate policy only; raw ZIP/JSON unchanged; no final split assigned
train,IMG_54760.jpg,original,sg-0697,gc-0681,plain_base,none,true,,raw_annotation_unchanged,Candidate policy only; raw ZIP/JSON unchanged; no final split assigned
train,IMG_54760.jpg,resize,sg-0697,gc-0681,dataset_resize,none,false,dataset_provided_resize,raw_annotation_unchanged,Candidate policy only; raw ZIP/JSON unchanged; no final split assigned
train,IMG_54770.jpg,original,sg-0698,gc-0682,plain_base,none,true,,raw_annotation_unchanged,Candidate policy only; raw ZIP/JSON unchanged; no final split assigned
train,IMG_54770.jpg,resize,sg-0698,gc-0682,dataset_resize,none,false,dataset_provided_resize,raw_annotation_unchanged,Candidate policy only; raw ZIP/JSON unchanged; no final split assigned
train,IMG_54780.jpg,original,sg-0699,gc-0683,plain_base,none,true,,raw_annotation_unchanged,Candidate policy only; raw ZIP/JSON unchanged; no final split assigned
train,IMG_54780.jpg,resize,sg-0699,gc-0683,dataset_resize,none,false,dataset_provided_resize,raw_annotation_unchanged,Candidate policy only; raw ZIP/JSON unchanged; no final split assigned
train,IMG_54790.jpg,original,sg-0700,gc-0684,plain_base,none,true,,raw_annotation_unchanged,Candidate policy only; raw ZIP/JSON unchanged; no final split assigned
train,IMG_54790.jpg,resize,sg-0700,gc-0684,dataset_resize,none,false,dataset_provided_resize,raw_annotation_unchanged,Candidate policy only; raw ZIP/JSON unchanged; no final split assigned
train,IMG_54810.jpg,original,sg-0701,gc-0685,plain_base,none,true,,raw_annotation_unchanged,Candidate policy only; raw ZIP/JSON unchanged; no final split assigned
train,IMG_54810.jpg,resize,sg-0701,gc-0685,dataset_resize,none,false,dataset_provided_resize,raw_annotation_unchanged,Candidate policy only; raw ZIP/JSON unchanged; no final split assigned
train,IMG_5482.jpg,original,sg-0702,gc-0686,plain_base,none,true,,raw_annotation_unchanged,Candidate policy only; raw ZIP/JSON unchanged; no final split assigned
train,IMG_5482.jpg,resize,sg-0702,gc-0686,dataset_resize,none,false,dataset_provided_resize,raw_annotation_unchanged,Candidate policy only; raw ZIP/JSON unchanged; no final split assigned
train,IMG_5483.jpg,original,sg-0703,gc-0687,plain_base,none,true,,raw_annotation_unchanged,Candidate policy only; raw ZIP/JSON unchanged; no final split assigned
train,IMG_5483.jpg,resize,sg-0703,gc-0687,dataset_resize,none,false,dataset_provided_resize,raw_annotation_unchanged,Candidate policy only; raw ZIP/JSON unchanged; no final split assigned
train,IMG_54840.jpg,original,sg-0704,gc-0688,plain_base,none,true,,raw_annotation_unchanged,Candidate policy only; raw ZIP/JSON unchanged; no final split assigned
train,IMG_54840.jpg,resize,sg-0704,gc-0688,dataset_resize,none,false,dataset_provided_resize,raw_annotation_unchanged,Candidate policy only; raw ZIP/JSON unchanged; no final split assigned
train,IMG_5485.jpg,original,sg-0705,gc-0689,plain_base,none,true,,raw_annotation_unchanged,Candidate policy only; raw ZIP/JSON unchanged; no final split assigned
train,IMG_5485.jpg,resize,sg-0705,gc-0689,dataset_resize,none,false,dataset_provided_resize,raw_annotation_unchanged,Candidate policy only; raw ZIP/JSON unchanged; no final split assigned
train,IMG_54860.jpg,original,sg-0706,gc-0690,plain_base,none,true,,raw_annotation_unchanged,Candidate policy only; raw ZIP/JSON unchanged; no final split assigned
train,IMG_54860.jpg,resize,sg-0706,gc-0690,dataset_resize,none,false,dataset_provided_resize,raw_annotation_unchanged,Candidate policy only; raw ZIP/JSON unchanged; no final split assigned
train,IMG_54870.jpg,original,sg-0707,gc-0691,plain_base,none,true,,raw_annotation_unchanged,Candidate policy only; raw ZIP/JSON unchanged; no final split assigned
train,IMG_54870.jpg,resize,sg-0707,gc-0691,dataset_resize,none,false,dataset_provided_resize,raw_annotation_unchanged,Candidate policy only; raw ZIP/JSON unchanged; no final split assigned
train,IMG_54870_brightness.jpg,original,sg-0707,gc-0691,offline_augmentation,brightness,false,dataset_offline_augmentation,raw_annotation_unchanged,Candidate policy only; raw ZIP/JSON unchanged; no final split assigned
train,IMG_54870_brightness.jpg,resize,sg-0707,gc-0691,dataset_resize,brightness,false,dataset_provided_resize,raw_annotation_unchanged,Candidate policy only; raw ZIP/JSON unchanged; no final split assigned
train,IMG_54880.jpg,original,sg-0708,gc-0692,plain_base,none,true,,raw_annotation_unchanged,Candidate policy only; raw ZIP/JSON unchanged; no final split assigned
train,IMG_54880.jpg,resize,sg-0708,gc-0692,dataset_resize,none,false,dataset_provided_resize,raw_annotation_unchanged,Candidate policy only; raw ZIP/JSON unchanged; no final split assigned
train,IMG_54890.jpg,original,sg-0709,gc-0693,plain_base,none,true,,raw_annotation_unchanged,Candidate policy only; raw ZIP/JSON unchanged; no final split assigned
train,IMG_54890.jpg,resize,sg-0709,gc-0693,dataset_resize,none,false,dataset_provided_resize,raw_annotation_unchanged,Candidate policy only; raw ZIP/JSON unchanged; no final split assigned
train,IMG_54900.jpg,original,sg-0710,gc-0694,plain_base,none,true,,raw_annotation_unchanged,Candidate policy only; raw ZIP/JSON unchanged; no final split assigned
train,IMG_54900.jpg,resize,sg-0710,gc-0694,dataset_resize,none,false,dataset_provided_resize,raw_annotation_unchanged,Candidate policy only; raw ZIP/JSON unchanged; no final split assigned
train,IMG_54930.jpg,original,sg-0711,gc-0695,plain_base,none,true,,raw_annotation_unchanged,Candidate policy only; raw ZIP/JSON unchanged; no final split assigned
train,IMG_54930.jpg,resize,sg-0711,gc-0695,dataset_resize,none,false,dataset_provided_resize,raw_annotation_unchanged,Candidate policy only; raw ZIP/JSON unchanged; no final split assigned
train,IMG_54950.jpg,original,sg-0712,gc-0696,plain_base,none,true,,raw_annotation_unchanged,Candidate policy only; raw ZIP/JSON unchanged; no final split assigned
train,IMG_54950.jpg,resize,sg-0712,gc-0696,dataset_resize,none,false,dataset_provided_resize,raw_annotation_unchanged,Candidate policy only; raw ZIP/JSON unchanged; no final split assigned
train,IMG_54980.jpg,original,sg-0713,gc-0697,plain_base,none,true,,raw_annotation_unchanged,Candidate policy only; raw ZIP/JSON unchanged; no final split assigned
train,IMG_54980.jpg,resize,sg-0713,gc-0697,dataset_resize,none,false,dataset_provided_resize,raw_annotation_unchanged,Candidate policy only; raw ZIP/JSON unchanged; no final split assigned
train,IMG_54990.jpg,original,sg-0714,gc-0698,plain_base,none,true,,raw_annotation_unchanged,Candidate policy only; raw ZIP/JSON unchanged; no final split assigned
train,IMG_54990.jpg,resize,sg-0714,gc-0698,dataset_resize,none,false,dataset_provided_resize,raw_annotation_unchanged,Candidate policy only; raw ZIP/JSON unchanged; no final split assigned
train,IMG_55000.jpg,original,sg-0715,gc-0699,plain_base,none,true,,raw_annotation_unchanged,Candidate policy only; raw ZIP/JSON unchanged; no final split assigned
train,IMG_55000.jpg,resize,sg-0715,gc-0699,dataset_resize,none,false,dataset_provided_resize,raw_annotation_unchanged,Candidate policy only; raw ZIP/JSON unchanged; no final split assigned
train,IMG_55010.jpg,original,sg-0716,gc-0700,plain_base,none,true,,raw_annotation_unchanged,Candidate policy only; raw ZIP/JSON unchanged; no final split assigned
train,IMG_55010.jpg,resize,sg-0716,gc-0700,dataset_resize,none,false,dataset_provided_resize,raw_annotation_unchanged,Candidate policy only; raw ZIP/JSON unchanged; no final split assigned
train,IMG_55020.jpg,original,sg-0717,gc-0701,plain_base,none,true,,raw_annotation_unchanged,Candidate policy only; raw ZIP/JSON unchanged; no final split assigned
train,IMG_55020.jpg,resize,sg-0717,gc-0701,dataset_resize,none,false,dataset_provided_resize,raw_annotation_unchanged,Candidate policy only; raw ZIP/JSON unchanged; no final split assigned
train,IMG_55030.jpg,original,sg-0718,gc-0702,plain_base,none,true,,raw_annotation_unchanged,Candidate policy only; raw ZIP/JSON unchanged; no final split assigned
train,IMG_55030.jpg,resize,sg-0718,gc-0702,dataset_resize,none,false,dataset_provided_resize,raw_annotation_unchanged,Candidate policy only; raw ZIP/JSON unchanged; no final split assigned
train,IMG_5504.jpg,original,sg-0719,gc-0703,plain_base,none,true,,raw_annotation_unchanged,Candidate policy only; raw ZIP/JSON unchanged; no final split assigned
train,IMG_5504.jpg,resize,sg-0719,gc-0703,dataset_resize,none,false,dataset_provided_resize,raw_annotation_unchanged,Candidate policy only; raw ZIP/JSON unchanged; no final split assigned
train,IMG_55050.jpg,original,sg-0720,gc-0704,plain_base,none,true,,raw_annotation_unchanged,Candidate policy only; raw ZIP/JSON unchanged; no final split assigned
train,IMG_55050.jpg,resize,sg-0720,gc-0704,dataset_resize,none,false,dataset_provided_resize,raw_annotation_unchanged,Candidate policy only; raw ZIP/JSON unchanged; no final split assigned
train,IMG_55070.jpg,original,sg-0721,gc-0705,plain_base,none,true,,raw_annotation_unchanged,Candidate policy only; raw ZIP/JSON unchanged; no final split assigned
train,IMG_55070.jpg,resize,sg-0721,gc-0705,dataset_resize,none,false,dataset_provided_resize,raw_annotation_unchanged,Candidate policy only; raw ZIP/JSON unchanged; no final split assigned
train,IMG_55080.jpg,original,sg-0722,gc-0706,plain_base,none,true,,raw_annotation_unchanged,Candidate policy only; raw ZIP/JSON unchanged; no final split assigned
train,IMG_55080.jpg,resize,sg-0722,gc-0706,dataset_resize,none,false,dataset_provided_resize,raw_annotation_unchanged,Candidate policy only; raw ZIP/JSON unchanged; no final split assigned
train,IMG_55090.jpg,original,sg-0723,gc-0707,plain_base,none,true,,raw_annotation_unchanged,Candidate policy only; raw ZIP/JSON unchanged; no final split assigned
train,IMG_55090.jpg,resize,sg-0723,gc-0707,dataset_resize,none,false,dataset_provided_resize,raw_annotation_unchanged,Candidate policy only; raw ZIP/JSON unchanged; no final split assigned
train,IMG_55100.jpg,original,sg-0724,gc-0708,plain_base,none,true,,raw_annotation_unchanged,Candidate policy only; raw ZIP/JSON unchanged; no final split assigned
train,IMG_55100.jpg,resize,sg-0724,gc-0708,dataset_resize,none,false,dataset_provided_resize,raw_annotation_unchanged,Candidate policy only; raw ZIP/JSON unchanged; no final split assigned
train,IMG_55110.jpg,original,sg-0725,gc-0709,plain_base,none,true,,raw_annotation_unchanged,Candidate policy only; raw ZIP/JSON unchanged; no final split assigned
train,IMG_55110.jpg,resize,sg-0725,gc-0709,dataset_resize,none,false,dataset_provided_resize,raw_annotation_unchanged,Candidate policy only; raw ZIP/JSON unchanged; no final split assigned
train,IMG_55130.jpg,original,sg-0726,gc-0710,plain_base,none,true,,raw_annotation_unchanged,Candidate policy only; raw ZIP/JSON unchanged; no final split assigned
train,IMG_55130.jpg,resize,sg-0726,gc-0710,dataset_resize,none,false,dataset_provided_resize,raw_annotation_unchanged,Candidate policy only; raw ZIP/JSON unchanged; no final split assigned
train,IMG_55150.jpg,original,sg-0727,gc-0711,plain_base,none,true,,raw_annotation_unchanged,Candidate policy only; raw ZIP/JSON unchanged; no final split assigned
train,IMG_55150.jpg,resize,sg-0727,gc-0711,dataset_resize,none,false,dataset_provided_resize,raw_annotation_unchanged,Candidate policy only; raw ZIP/JSON unchanged; no final split assigned
train,IMG_5516.jpg,original,sg-0728,gc-0712,plain_base,none,true,,raw_annotation_unchanged,Candidate policy only; raw ZIP/JSON unchanged; no final split assigned
train,IMG_5516.jpg,resize,sg-0728,gc-0712,dataset_resize,none,false,dataset_provided_resize,raw_annotation_unchanged,Candidate policy only; raw ZIP/JSON unchanged; no final split assigned
train,IMG_55170.jpg,original,sg-0729,gc-0713,plain_base,none,true,,raw_annotation_unchanged,Candidate policy only; raw ZIP/JSON unchanged; no final split assigned
train,IMG_55170.jpg,resize,sg-0729,gc-0713,dataset_resize,none,false,dataset_provided_resize,raw_annotation_unchanged,Candidate policy only; raw ZIP/JSON unchanged; no final split assigned
train,IMG_55180.jpg,original,sg-0730,gc-0714,plain_base,none,true,,raw_annotation_unchanged,Candidate policy only; raw ZIP/JSON unchanged; no final split assigned
train,IMG_55180.jpg,resize,sg-0730,gc-0714,dataset_resize,none,false,dataset_provided_resize,raw_annotation_unchanged,Candidate policy only; raw ZIP/JSON unchanged; no final split assigned
train,IMG_55190.jpg,original,sg-0731,gc-0715,plain_base,none,true,,raw_annotation_unchanged,Candidate policy only; raw ZIP/JSON unchanged; no final split assigned
train,IMG_55190.jpg,resize,sg-0731,gc-0715,dataset_resize,none,false,dataset_provided_resize,raw_annotation_unchanged,Candidate policy only; raw ZIP/JSON unchanged; no final split assigned
train,IMG_55200.jpg,original,sg-0732,gc-0716,plain_base,none,true,,raw_annotation_unchanged,Candidate policy only; raw ZIP/JSON unchanged; no final split assigned
train,IMG_55200.jpg,resize,sg-0732,gc-0716,dataset_resize,none,false,dataset_provided_resize,raw_annotation_unchanged,Candidate policy only; raw ZIP/JSON unchanged; no final split assigned
train,IMG_55220.jpg,original,sg-0733,gc-0717,plain_base,none,true,,raw_annotation_unchanged,Candidate policy only; raw ZIP/JSON unchanged; no final split assigned
train,IMG_55220.jpg,resize,sg-0733,gc-0717,dataset_resize,none,false,dataset_provided_resize,raw_annotation_unchanged,Candidate policy only; raw ZIP/JSON unchanged; no final split assigned
train,IMG_55240.jpg,original,sg-0734,gc-0718,plain_base,none,true,,raw_annotation_unchanged,Candidate policy only; raw ZIP/JSON unchanged; no final split assigned
train,IMG_55240.jpg,resize,sg-0734,gc-0718,dataset_resize,none,false,dataset_provided_resize,raw_annotation_unchanged,Candidate policy only; raw ZIP/JSON unchanged; no final split assigned
train,IMG_55250.jpg,original,sg-0735,gc-0719,plain_base,none,true,,raw_annotation_unchanged,Candidate policy only; raw ZIP/JSON unchanged; no final split assigned
train,IMG_55250.jpg,resize,sg-0735,gc-0719,dataset_resize,none,false,dataset_provided_resize,raw_annotation_unchanged,Candidate policy only; raw ZIP/JSON unchanged; no final split assigned
train,IMG_55280.jpg,original,sg-0736,gc-0720,plain_base,none,true,,raw_annotation_unchanged,Candidate policy only; raw ZIP/JSON unchanged; no final split assigned
train,IMG_55280.jpg,resize,sg-0736,gc-0720,dataset_resize,none,false,dataset_provided_resize,raw_annotation_unchanged,Candidate policy only; raw ZIP/JSON unchanged; no final split assigned
train,IMG_55290.jpg,original,sg-0737,gc-0721,plain_base,none,true,,raw_annotation_unchanged,Candidate policy only; raw ZIP/JSON unchanged; no final split assigned
train,IMG_55290.jpg,resize,sg-0737,gc-0721,dataset_resize,none,false,dataset_provided_resize,raw_annotation_unchanged,Candidate policy only; raw ZIP/JSON unchanged; no final split assigned
train,IMG_55290_noise.jpg,original,sg-0737,gc-0721,offline_augmentation,noise,false,dataset_offline_augmentation,raw_annotation_unchanged,Candidate policy only; raw ZIP/JSON unchanged; no final split assigned
train,IMG_55290_noise.jpg,resize,sg-0737,gc-0721,dataset_resize,noise,false,dataset_provided_resize,raw_annotation_unchanged,Candidate policy only; raw ZIP/JSON unchanged; no final split assigned
train,IMG_55300.jpg,original,sg-0738,gc-0722,plain_base,none,true,,raw_annotation_unchanged,Candidate policy only; raw ZIP/JSON unchanged; no final split assigned
train,IMG_55300.jpg,resize,sg-0738,gc-0722,dataset_resize,none,false,dataset_provided_resize,raw_annotation_unchanged,Candidate policy only; raw ZIP/JSON unchanged; no final split assigned
train,IMG_55310.jpg,original,sg-0739,gc-0723,plain_base,none,true,,raw_annotation_unchanged,Candidate policy only; raw ZIP/JSON unchanged; no final split assigned
train,IMG_55310.jpg,resize,sg-0739,gc-0723,dataset_resize,none,false,dataset_provided_resize,raw_annotation_unchanged,Candidate policy only; raw ZIP/JSON unchanged; no final split assigned
train,IMG_55350.jpg,original,sg-0740,gc-0724,plain_base,none,true,,raw_annotation_unchanged,Candidate policy only; raw ZIP/JSON unchanged; no final split assigned
train,IMG_55350.jpg,resize,sg-0740,gc-0724,dataset_resize,none,false,dataset_provided_resize,raw_annotation_unchanged,Candidate policy only; raw ZIP/JSON unchanged; no final split assigned
train,IMG_55360.jpg,original,sg-0741,gc-0725,plain_base,none,true,,raw_annotation_unchanged,Candidate policy only; raw ZIP/JSON unchanged; no final split assigned
train,IMG_55360.jpg,resize,sg-0741,gc-0725,dataset_resize,none,false,dataset_provided_resize,raw_annotation_unchanged,Candidate policy only; raw ZIP/JSON unchanged; no final split assigned
train,IMG_55370.jpg,original,sg-0742,gc-0726,plain_base,none,true,,raw_annotation_unchanged,Candidate policy only; raw ZIP/JSON unchanged; no final split assigned
train,IMG_55370.jpg,resize,sg-0742,gc-0726,dataset_resize,none,false,dataset_provided_resize,raw_annotation_unchanged,Candidate policy only; raw ZIP/JSON unchanged; no final split assigned
train,IMG_55380.jpg,original,sg-0743,gc-0727,plain_base,none,true,,raw_annotation_unchanged,Candidate policy only; raw ZIP/JSON unchanged; no final split assigned
train,IMG_55380.jpg,resize,sg-0743,gc-0727,dataset_resize,none,false,dataset_provided_resize,raw_annotation_unchanged,Candidate policy only; raw ZIP/JSON unchanged; no final split assigned
train,IMG_55390.jpg,original,sg-0744,gc-0728,plain_base,none,true,,raw_annotation_unchanged,Candidate policy only; raw ZIP/JSON unchanged; no final split assigned
train,IMG_55390.jpg,resize,sg-0744,gc-0728,dataset_resize,none,false,dataset_provided_resize,raw_annotation_unchanged,Candidate policy only; raw ZIP/JSON unchanged; no final split assigned
train,IMG_55400.jpg,original,sg-0745,gc-0729,plain_base,none,true,,raw_annotation_unchanged,Candidate policy only; raw ZIP/JSON unchanged; no final split assigned
train,IMG_55400.jpg,resize,sg-0745,gc-0729,dataset_resize,none,false,dataset_provided_resize,raw_annotation_unchanged,Candidate policy only; raw ZIP/JSON unchanged; no final split assigned
train,IMG_5541.jpg,original,sg-0746,gc-0730,plain_base,none,true,,raw_annotation_unchanged,Candidate policy only; raw ZIP/JSON unchanged; no final split assigned
train,IMG_5541.jpg,resize,sg-0746,gc-0730,dataset_resize,none,false,dataset_provided_resize,raw_annotation_unchanged,Candidate policy only; raw ZIP/JSON unchanged; no final split assigned
train,IMG_5542.jpg,original,sg-0747,gc-0731,plain_base,none,true,,raw_annotation_unchanged,Candidate policy only; raw ZIP/JSON unchanged; no final split assigned
train,IMG_5542.jpg,resize,sg-0747,gc-0731,dataset_resize,none,false,dataset_provided_resize,raw_annotation_unchanged,Candidate policy only; raw ZIP/JSON unchanged; no final split assigned
train,IMG_5543.jpg,original,sg-0748,gc-0732,plain_base,none,true,,raw_annotation_unchanged,Candidate policy only; raw ZIP/JSON unchanged; no final split assigned
train,IMG_5543.jpg,resize,sg-0748,gc-0732,dataset_resize,none,false,dataset_provided_resize,raw_annotation_unchanged,Candidate policy only; raw ZIP/JSON unchanged; no final split assigned
train,IMG_5544.jpg,original,sg-0749,gc-0733,plain_base,none,true,,raw_annotation_unchanged,Candidate policy only; raw ZIP/JSON unchanged; no final split assigned
train,IMG_5544.jpg,resize,sg-0749,gc-0733,dataset_resize,none,false,dataset_provided_resize,raw_annotation_unchanged,Candidate policy only; raw ZIP/JSON unchanged; no final split assigned
train,IMG_55450.jpg,original,sg-0750,gc-0734,plain_base,none,true,,raw_annotation_unchanged,Candidate policy only; raw ZIP/JSON unchanged; no final split assigned
train,IMG_55450.jpg,resize,sg-0750,gc-0734,dataset_resize,none,false,dataset_provided_resize,raw_annotation_unchanged,Candidate policy only; raw ZIP/JSON unchanged; no final split assigned
train,IMG_55470.jpg,original,sg-0751,gc-0735,plain_base,none,true,,raw_annotation_unchanged,Candidate policy only; raw ZIP/JSON unchanged; no final split assigned
train,IMG_55470.jpg,resize,sg-0751,gc-0735,dataset_resize,none,false,dataset_provided_resize,raw_annotation_unchanged,Candidate policy only; raw ZIP/JSON unchanged; no final split assigned
train,IMG_55480.jpg,original,sg-0752,gc-0736,plain_base,none,true,,raw_annotation_unchanged,Candidate policy only; raw ZIP/JSON unchanged; no final split assigned
train,IMG_55480.jpg,resize,sg-0752,gc-0736,dataset_resize,none,false,dataset_provided_resize,raw_annotation_unchanged,Candidate policy only; raw ZIP/JSON unchanged; no final split assigned
train,IMG_55490.jpg,original,sg-0753,gc-0737,plain_base,none,true,,raw_annotation_unchanged,Candidate policy only; raw ZIP/JSON unchanged; no final split assigned
train,IMG_55490.jpg,resize,sg-0753,gc-0737,dataset_resize,none,false,dataset_provided_resize,raw_annotation_unchanged,Candidate policy only; raw ZIP/JSON unchanged; no final split assigned
train,IMG_55510.jpg,original,sg-0754,gc-0738,plain_base,none,true,,raw_annotation_unchanged,Candidate policy only; raw ZIP/JSON unchanged; no final split assigned
train,IMG_55510.jpg,resize,sg-0754,gc-0738,dataset_resize,none,false,dataset_provided_resize,raw_annotation_unchanged,Candidate policy only; raw ZIP/JSON unchanged; no final split assigned
train,IMG_55520.jpg,original,sg-0755,gc-0739,plain_base,none,true,,raw_annotation_unchanged,Candidate policy only; raw ZIP/JSON unchanged; no final split assigned
train,IMG_55520.jpg,resize,sg-0755,gc-0739,dataset_resize,none,false,dataset_provided_resize,raw_annotation_unchanged,Candidate policy only; raw ZIP/JSON unchanged; no final split assigned
train,IMG_55530.jpg,original,sg-0756,gc-0740,plain_base,none,true,,raw_annotation_unchanged,Candidate policy only; raw ZIP/JSON unchanged; no final split assigned
train,IMG_55530.jpg,resize,sg-0756,gc-0740,dataset_resize,none,false,dataset_provided_resize,raw_annotation_unchanged,Candidate policy only; raw ZIP/JSON unchanged; no final split assigned
train,IMG_55560.jpg,original,sg-0757,gc-0741,plain_base,none,true,,raw_annotation_unchanged,Candidate policy only; raw ZIP/JSON unchanged; no final split assigned
train,IMG_55560.jpg,resize,sg-0757,gc-0741,dataset_resize,none,false,dataset_provided_resize,raw_annotation_unchanged,Candidate policy only; raw ZIP/JSON unchanged; no final split assigned
train,IMG_55570.jpg,original,sg-0758,gc-0742,plain_base,none,true,,raw_annotation_unchanged,Candidate policy only; raw ZIP/JSON unchanged; no final split assigned
train,IMG_55570.jpg,resize,sg-0758,gc-0742,dataset_resize,none,false,dataset_provided_resize,raw_annotation_unchanged,Candidate policy only; raw ZIP/JSON unchanged; no final split assigned
train,IMG_55580.jpg,original,sg-0759,gc-0743,plain_base,none,true,,raw_annotation_unchanged,Candidate policy only; raw ZIP/JSON unchanged; no final split assigned
train,IMG_55580.jpg,resize,sg-0759,gc-0743,dataset_resize,none,false,dataset_provided_resize,raw_annotation_unchanged,Candidate policy only; raw ZIP/JSON unchanged; no final split assigned
train,IMG_55590.jpg,original,sg-0760,gc-0744,plain_base,none,true,,raw_annotation_unchanged,Candidate policy only; raw ZIP/JSON unchanged; no final split assigned
train,IMG_55590.jpg,resize,sg-0760,gc-0744,dataset_resize,none,false,dataset_provided_resize,raw_annotation_unchanged,Candidate policy only; raw ZIP/JSON unchanged; no final split assigned
train,IMG_55610.jpg,original,sg-0761,gc-0745,plain_base,none,true,,raw_annotation_unchanged,Candidate policy only; raw ZIP/JSON unchanged; no final split assigned
train,IMG_55610.jpg,resize,sg-0761,gc-0745,dataset_resize,none,false,dataset_provided_resize,raw_annotation_unchanged,Candidate policy only; raw ZIP/JSON unchanged; no final split assigned
train,IMG_55620.jpg,original,sg-0762,gc-0746,plain_base,none,true,,raw_annotation_unchanged,Candidate policy only; raw ZIP/JSON unchanged; no final split assigned
train,IMG_55620.jpg,resize,sg-0762,gc-0746,dataset_resize,none,false,dataset_provided_resize,raw_annotation_unchanged,Candidate policy only; raw ZIP/JSON unchanged; no final split assigned
train,IMG_5564.jpg,original,sg-0763,gc-0747,plain_base,none,true,,raw_annotation_unchanged,Candidate policy only; raw ZIP/JSON unchanged; no final split assigned
train,IMG_5564.jpg,resize,sg-0763,gc-0747,dataset_resize,none,false,dataset_provided_resize,raw_annotation_unchanged,Candidate policy only; raw ZIP/JSON unchanged; no final split assigned
train,IMG_55650.jpg,original,sg-0764,gc-0748,plain_base,none,true,,raw_annotation_unchanged,Candidate policy only; raw ZIP/JSON unchanged; no final split assigned
train,IMG_55650.jpg,resize,sg-0764,gc-0748,dataset_resize,none,false,dataset_provided_resize,raw_annotation_unchanged,Candidate policy only; raw ZIP/JSON unchanged; no final split assigned
train,IMG_55660.jpg,original,sg-0765,gc-0749,plain_base,none,true,,raw_annotation_unchanged,Candidate policy only; raw ZIP/JSON unchanged; no final split assigned
train,IMG_55660.jpg,resize,sg-0765,gc-0749,dataset_resize,none,false,dataset_provided_resize,raw_annotation_unchanged,Candidate policy only; raw ZIP/JSON unchanged; no final split assigned
train,IMG_55670.jpg,original,sg-0766,gc-0750,plain_base,none,true,,raw_annotation_unchanged,Candidate policy only; raw ZIP/JSON unchanged; no final split assigned
train,IMG_55670.jpg,resize,sg-0766,gc-0750,dataset_resize,none,false,dataset_provided_resize,raw_annotation_unchanged,Candidate policy only; raw ZIP/JSON unchanged; no final split assigned
train,IMG_55680.jpg,original,sg-0767,gc-0751,plain_base,none,true,,raw_annotation_unchanged,Candidate policy only; raw ZIP/JSON unchanged; no final split assigned
train,IMG_55680.jpg,resize,sg-0767,gc-0751,dataset_resize,none,false,dataset_provided_resize,raw_annotation_unchanged,Candidate policy only; raw ZIP/JSON unchanged; no final split assigned
train,IMG_55690.jpg,original,sg-0768,gc-0752,plain_base,none,true,,raw_annotation_unchanged,Candidate policy only; raw ZIP/JSON unchanged; no final split assigned
train,IMG_55690.jpg,resize,sg-0768,gc-0752,dataset_resize,none,false,dataset_provided_resize,raw_annotation_unchanged,Candidate policy only; raw ZIP/JSON unchanged; no final split assigned
train,IMG_55700.jpg,original,sg-0769,gc-0753,plain_base,none,true,,raw_annotation_unchanged,Candidate policy only; raw ZIP/JSON unchanged; no final split assigned
train,IMG_55700.jpg,resize,sg-0769,gc-0753,dataset_resize,none,false,dataset_provided_resize,raw_annotation_unchanged,Candidate policy only; raw ZIP/JSON unchanged; no final split assigned
train,IMG_55710.jpg,original,sg-0770,gc-0754,plain_base,none,true,,raw_annotation_unchanged,Candidate policy only; raw ZIP/JSON unchanged; no final split assigned
train,IMG_55710.jpg,resize,sg-0770,gc-0754,dataset_resize,none,false,dataset_provided_resize,raw_annotation_unchanged,Candidate policy only; raw ZIP/JSON unchanged; no final split assigned
train,IMG_55720.jpg,original,sg-0771,gc-0755,plain_base,none,true,,raw_annotation_unchanged,Candidate policy only; raw ZIP/JSON unchanged; no final split assigned
train,IMG_55720.jpg,resize,sg-0771,gc-0755,dataset_resize,none,false,dataset_provided_resize,raw_annotation_unchanged,Candidate policy only; raw ZIP/JSON unchanged; no final split assigned
train,IMG_55740.jpg,original,sg-0772,gc-0756,plain_base,none,true,,raw_annotation_unchanged,Candidate policy only; raw ZIP/JSON unchanged; no final split assigned
train,IMG_55740.jpg,resize,sg-0772,gc-0756,dataset_resize,none,false,dataset_provided_resize,raw_annotation_unchanged,Candidate policy only; raw ZIP/JSON unchanged; no final split assigned
train,IMG_55750.jpg,original,sg-0773,gc-0757,plain_base,none,true,,raw_annotation_unchanged,Candidate policy only; raw ZIP/JSON unchanged; no final split assigned
train,IMG_55750.jpg,resize,sg-0773,gc-0757,dataset_resize,none,false,dataset_provided_resize,raw_annotation_unchanged,Candidate policy only; raw ZIP/JSON unchanged; no final split assigned
train,IMG_55760.jpg,original,sg-0774,gc-0758,plain_base,none,true,,raw_annotation_unchanged,Candidate policy only; raw ZIP/JSON unchanged; no final split assigned
train,IMG_55760.jpg,resize,sg-0774,gc-0758,dataset_resize,none,false,dataset_provided_resize,raw_annotation_unchanged,Candidate policy only; raw ZIP/JSON unchanged; no final split assigned
train,IMG_55770.jpg,original,sg-0775,gc-0759,plain_base,none,true,,raw_annotation_unchanged,Candidate policy only; raw ZIP/JSON unchanged; no final split assigned
train,IMG_55770.jpg,resize,sg-0775,gc-0759,dataset_resize,none,false,dataset_provided_resize,raw_annotation_unchanged,Candidate policy only; raw ZIP/JSON unchanged; no final split assigned
train,IMG_55780.jpg,original,sg-0776,gc-0760,plain_base,none,true,,raw_annotation_unchanged,Candidate policy only; raw ZIP/JSON unchanged; no final split assigned
train,IMG_55780.jpg,resize,sg-0776,gc-0760,dataset_resize,none,false,dataset_provided_resize,raw_annotation_unchanged,Candidate policy only; raw ZIP/JSON unchanged; no final split assigned
train,IMG_55790.jpg,original,sg-0777,gc-0761,plain_base,none,true,,raw_annotation_unchanged,Candidate policy only; raw ZIP/JSON unchanged; no final split assigned
train,IMG_55790.jpg,resize,sg-0777,gc-0761,dataset_resize,none,false,dataset_provided_resize,raw_annotation_unchanged,Candidate policy only; raw ZIP/JSON unchanged; no final split assigned
train,IMG_55810.jpg,original,sg-0778,gc-0762,plain_base,none,true,,raw_annotation_unchanged,Candidate policy only; raw ZIP/JSON unchanged; no final split assigned
train,IMG_55810.jpg,resize,sg-0778,gc-0762,dataset_resize,none,false,dataset_provided_resize,raw_annotation_unchanged,Candidate policy only; raw ZIP/JSON unchanged; no final split assigned
train,IMG_55820.jpg,original,sg-0779,gc-0763,plain_base,none,true,,raw_annotation_unchanged,Candidate policy only; raw ZIP/JSON unchanged; no final split assigned
train,IMG_55820.jpg,resize,sg-0779,gc-0763,dataset_resize,none,false,dataset_provided_resize,raw_annotation_unchanged,Candidate policy only; raw ZIP/JSON unchanged; no final split assigned
train,IMG_55830.jpg,original,sg-0780,gc-0764,plain_base,none,true,,raw_annotation_unchanged,Candidate policy only; raw ZIP/JSON unchanged; no final split assigned
train,IMG_55830.jpg,resize,sg-0780,gc-0764,dataset_resize,none,false,dataset_provided_resize,raw_annotation_unchanged,Candidate policy only; raw ZIP/JSON unchanged; no final split assigned
train,IMG_55840.jpg,original,sg-0781,gc-0765,plain_base,none,true,,raw_annotation_unchanged,Candidate policy only; raw ZIP/JSON unchanged; no final split assigned
train,IMG_55840.jpg,resize,sg-0781,gc-0765,dataset_resize,none,false,dataset_provided_resize,raw_annotation_unchanged,Candidate policy only; raw ZIP/JSON unchanged; no final split assigned
train,IMG_55850.jpg,original,sg-0782,gc-0766,plain_base,none,true,,raw_annotation_unchanged,Candidate policy only; raw ZIP/JSON unchanged; no final split assigned
train,IMG_55850.jpg,resize,sg-0782,gc-0766,dataset_resize,none,false,dataset_provided_resize,raw_annotation_unchanged,Candidate policy only; raw ZIP/JSON unchanged; no final split assigned
train,IMG_5586.jpg,original,sg-0783,gc-0767,plain_base,none,true,,raw_annotation_unchanged,Candidate policy only; raw ZIP/JSON unchanged; no final split assigned
train,IMG_5586.jpg,resize,sg-0783,gc-0767,dataset_resize,none,false,dataset_provided_resize,raw_annotation_unchanged,Candidate policy only; raw ZIP/JSON unchanged; no final split assigned
train,IMG_55900.jpg,original,sg-0784,gc-0768,plain_base,none,true,,raw_annotation_unchanged,Candidate policy only; raw ZIP/JSON unchanged; no final split assigned
train,IMG_55900.jpg,resize,sg-0784,gc-0768,dataset_resize,none,false,dataset_provided_resize,raw_annotation_unchanged,Candidate policy only; raw ZIP/JSON unchanged; no final split assigned
train,IMG_55900_brightness.jpg,original,sg-0784,gc-0768,offline_augmentation,brightness,false,dataset_offline_augmentation,raw_annotation_unchanged,Candidate policy only; raw ZIP/JSON unchanged; no final split assigned
train,IMG_55900_brightness.jpg,resize,sg-0784,gc-0768,dataset_resize,brightness,false,dataset_provided_resize,raw_annotation_unchanged,Candidate policy only; raw ZIP/JSON unchanged; no final split assigned
train,IMG_55900_noise.jpg,original,sg-0784,gc-0768,offline_augmentation,noise,false,dataset_offline_augmentation,raw_annotation_unchanged,Candidate policy only; raw ZIP/JSON unchanged; no final split assigned
train,IMG_55900_noise.jpg,resize,sg-0784,gc-0768,dataset_resize,noise,false,dataset_provided_resize,raw_annotation_unchanged,Candidate policy only; raw ZIP/JSON unchanged; no final split assigned
train,IMG_55910_brightness.jpg,original,sg-0163,gc-0162,offline_augmentation,brightness,false,dataset_offline_augmentation,raw_annotation_unchanged,Candidate policy only; raw ZIP/JSON unchanged; no final split assigned
train,IMG_55910_brightness.jpg,resize,sg-0163,gc-0162,dataset_resize,brightness,false,dataset_provided_resize,raw_annotation_unchanged,Candidate policy only; raw ZIP/JSON unchanged; no final split assigned
train,IMG_55910_noise.jpg,original,sg-0163,gc-0162,offline_augmentation,noise,false,dataset_offline_augmentation,raw_annotation_unchanged,Candidate policy only; raw ZIP/JSON unchanged; no final split assigned
train,IMG_55910_noise.jpg,resize,sg-0163,gc-0162,dataset_resize,noise,false,dataset_provided_resize,raw_annotation_unchanged,Candidate policy only; raw ZIP/JSON unchanged; no final split assigned
train,IMG_55920.jpg,original,sg-0785,gc-0769,plain_base,none,true,,raw_annotation_unchanged,Candidate policy only; raw ZIP/JSON unchanged; no final split assigned
train,IMG_55920.jpg,resize,sg-0785,gc-0769,dataset_resize,none,false,dataset_provided_resize,raw_annotation_unchanged,Candidate policy only; raw ZIP/JSON unchanged; no final split assigned
train,IMG_55920_brightness.jpg,original,sg-0785,gc-0769,offline_augmentation,brightness,false,dataset_offline_augmentation,raw_annotation_unchanged,Candidate policy only; raw ZIP/JSON unchanged; no final split assigned
train,IMG_55920_brightness.jpg,resize,sg-0785,gc-0769,dataset_resize,brightness,false,dataset_provided_resize,raw_annotation_unchanged,Candidate policy only; raw ZIP/JSON unchanged; no final split assigned
train,IMG_55920_noise.jpg,original,sg-0785,gc-0769,offline_augmentation,noise,false,dataset_offline_augmentation,raw_annotation_unchanged,Candidate policy only; raw ZIP/JSON unchanged; no final split assigned
train,IMG_55920_noise.jpg,resize,sg-0785,gc-0769,dataset_resize,noise,false,dataset_provided_resize,raw_annotation_unchanged,Candidate policy only; raw ZIP/JSON unchanged; no final split assigned
train,IMG_55930.jpg,original,sg-0786,gc-0770,plain_base,none,true,,raw_annotation_unchanged,Candidate policy only; raw ZIP/JSON unchanged; no final split assigned
train,IMG_55930.jpg,resize,sg-0786,gc-0770,dataset_resize,none,false,dataset_provided_resize,raw_annotation_unchanged,Candidate policy only; raw ZIP/JSON unchanged; no final split assigned
train,IMG_55930_brightness.jpg,original,sg-0786,gc-0770,offline_augmentation,brightness,false,dataset_offline_augmentation,raw_annotation_unchanged,Candidate policy only; raw ZIP/JSON unchanged; no final split assigned
train,IMG_55930_brightness.jpg,resize,sg-0786,gc-0770,dataset_resize,brightness,false,dataset_provided_resize,raw_annotation_unchanged,Candidate policy only; raw ZIP/JSON unchanged; no final split assigned
train,IMG_55940.jpg,original,sg-0787,gc-0771,plain_base,none,true,,raw_annotation_unchanged,Candidate policy only; raw ZIP/JSON unchanged; no final split assigned
train,IMG_55940.jpg,resize,sg-0787,gc-0771,dataset_resize,none,false,dataset_provided_resize,raw_annotation_unchanged,Candidate policy only; raw ZIP/JSON unchanged; no final split assigned
train,IMG_55950.jpg,original,sg-0788,gc-0772,plain_base,none,true,,raw_annotation_unchanged,Candidate policy only; raw ZIP/JSON unchanged; no final split assigned
train,IMG_55950.jpg,resize,sg-0788,gc-0772,dataset_resize,none,false,dataset_provided_resize,raw_annotation_unchanged,Candidate policy only; raw ZIP/JSON unchanged; no final split assigned
train,IMG_55960.jpg,original,sg-0789,gc-0773,plain_base,none,true,,raw_annotation_unchanged,Candidate policy only; raw ZIP/JSON unchanged; no final split assigned
train,IMG_55960.jpg,resize,sg-0789,gc-0773,dataset_resize,none,false,dataset_provided_resize,raw_annotation_unchanged,Candidate policy only; raw ZIP/JSON unchanged; no final split assigned
train,IMG_55970.jpg,original,sg-0790,gc-0774,plain_base,none,true,,raw_annotation_unchanged,Candidate policy only; raw ZIP/JSON unchanged; no final split assigned
train,IMG_55970.jpg,resize,sg-0790,gc-0774,dataset_resize,none,false,dataset_provided_resize,raw_annotation_unchanged,Candidate policy only; raw ZIP/JSON unchanged; no final split assigned
train,IMG_55970_brightness.jpg,original,sg-0790,gc-0774,offline_augmentation,brightness,false,dataset_offline_augmentation,raw_annotation_unchanged,Candidate policy only; raw ZIP/JSON unchanged; no final split assigned
train,IMG_55970_brightness.jpg,resize,sg-0790,gc-0774,dataset_resize,brightness,false,dataset_provided_resize,raw_annotation_unchanged,Candidate policy only; raw ZIP/JSON unchanged; no final split assigned
train,IMG_55990.jpg,original,sg-0791,gc-0775,plain_base,none,true,,raw_annotation_unchanged,Candidate policy only; raw ZIP/JSON unchanged; no final split assigned
train,IMG_55990.jpg,resize,sg-0791,gc-0775,dataset_resize,none,false,dataset_provided_resize,raw_annotation_unchanged,Candidate policy only; raw ZIP/JSON unchanged; no final split assigned
train,IMG_56000.jpg,original,sg-0792,gc-0776,plain_base,none,true,,raw_annotation_unchanged,Candidate policy only; raw ZIP/JSON unchanged; no final split assigned
train,IMG_56000.jpg,resize,sg-0792,gc-0776,dataset_resize,none,false,dataset_provided_resize,raw_annotation_unchanged,Candidate policy only; raw ZIP/JSON unchanged; no final split assigned
train,IMG_56010.jpg,original,sg-0793,gc-0777,plain_base,none,true,,raw_annotation_unchanged,Candidate policy only; raw ZIP/JSON unchanged; no final split assigned
train,IMG_56010.jpg,resize,sg-0793,gc-0777,dataset_resize,none,false,dataset_provided_resize,raw_annotation_unchanged,Candidate policy only; raw ZIP/JSON unchanged; no final split assigned
train,IMG_56020.jpg,original,sg-0794,gc-0778,plain_base,none,true,,raw_annotation_unchanged,Candidate policy only; raw ZIP/JSON unchanged; no final split assigned
train,IMG_56020.jpg,resize,sg-0794,gc-0778,dataset_resize,none,false,dataset_provided_resize,raw_annotation_unchanged,Candidate policy only; raw ZIP/JSON unchanged; no final split assigned
train,IMG_56020_brightness.jpg,original,sg-0794,gc-0778,offline_augmentation,brightness,false,dataset_offline_augmentation,raw_annotation_unchanged,Candidate policy only; raw ZIP/JSON unchanged; no final split assigned
train,IMG_56020_brightness.jpg,resize,sg-0794,gc-0778,dataset_resize,brightness,false,dataset_provided_resize,raw_annotation_unchanged,Candidate policy only; raw ZIP/JSON unchanged; no final split assigned
train,IMG_5603.jpg,original,sg-0795,gc-0779,plain_base,none,true,,raw_annotation_unchanged,Candidate policy only; raw ZIP/JSON unchanged; no final split assigned
train,IMG_5603.jpg,resize,sg-0795,gc-0779,dataset_resize,none,false,dataset_provided_resize,raw_annotation_unchanged,Candidate policy only; raw ZIP/JSON unchanged; no final split assigned
train,IMG_56040.jpg,original,sg-0796,gc-0780,plain_base,none,true,,raw_annotation_unchanged,Candidate policy only; raw ZIP/JSON unchanged; no final split assigned
train,IMG_56040.jpg,resize,sg-0796,gc-0780,dataset_resize,none,false,dataset_provided_resize,raw_annotation_unchanged,Candidate policy only; raw ZIP/JSON unchanged; no final split assigned
train,IMG_5607.jpg,original,sg-0797,gc-0781,plain_base,none,true,,raw_annotation_unchanged,Candidate policy only; raw ZIP/JSON unchanged; no final split assigned
train,IMG_5607.jpg,resize,sg-0797,gc-0781,dataset_resize,none,false,dataset_provided_resize,raw_annotation_unchanged,Candidate policy only; raw ZIP/JSON unchanged; no final split assigned
train,IMG_56080.jpg,original,sg-0798,gc-0782,plain_base,none,true,,raw_annotation_unchanged,Candidate policy only; raw ZIP/JSON unchanged; no final split assigned
train,IMG_56080.jpg,resize,sg-0798,gc-0782,dataset_resize,none,false,dataset_provided_resize,raw_annotation_unchanged,Candidate policy only; raw ZIP/JSON unchanged; no final split assigned
train,IMG_56090.jpg,original,sg-0799,gc-0783,plain_base,none,true,,raw_annotation_unchanged,Candidate policy only; raw ZIP/JSON unchanged; no final split assigned
train,IMG_56090.jpg,resize,sg-0799,gc-0783,dataset_resize,none,false,dataset_provided_resize,raw_annotation_unchanged,Candidate policy only; raw ZIP/JSON unchanged; no final split assigned
train,IMG_56120.jpg,original,sg-0800,gc-0784,plain_base,none,true,,raw_annotation_unchanged,Candidate policy only; raw ZIP/JSON unchanged; no final split assigned
train,IMG_56120.jpg,resize,sg-0800,gc-0784,dataset_resize,none,false,dataset_provided_resize,raw_annotation_unchanged,Candidate policy only; raw ZIP/JSON unchanged; no final split assigned
train,IMG_5615.jpg,original,sg-0801,gc-0785,plain_base,none,true,,raw_annotation_unchanged,Candidate policy only; raw ZIP/JSON unchanged; no final split assigned
train,IMG_5615.jpg,resize,sg-0801,gc-0785,dataset_resize,none,false,dataset_provided_resize,raw_annotation_unchanged,Candidate policy only; raw ZIP/JSON unchanged; no final split assigned
train,IMG_56160.jpg,original,sg-0802,gc-0786,plain_base,none,true,,raw_annotation_unchanged,Candidate policy only; raw ZIP/JSON unchanged; no final split assigned
train,IMG_56160.jpg,resize,sg-0802,gc-0786,dataset_resize,none,false,dataset_provided_resize,raw_annotation_unchanged,Candidate policy only; raw ZIP/JSON unchanged; no final split assigned
train,IMG_56170.jpg,original,sg-0803,gc-0787,plain_base,none,true,,raw_annotation_unchanged,Candidate policy only; raw ZIP/JSON unchanged; no final split assigned
train,IMG_56170.jpg,resize,sg-0803,gc-0787,dataset_resize,none,false,dataset_provided_resize,raw_annotation_unchanged,Candidate policy only; raw ZIP/JSON unchanged; no final split assigned
train,IMG_56180.jpg,original,sg-0804,gc-0788,plain_base,none,true,,raw_annotation_unchanged,Candidate policy only; raw ZIP/JSON unchanged; no final split assigned
train,IMG_56180.jpg,resize,sg-0804,gc-0788,dataset_resize,none,false,dataset_provided_resize,raw_annotation_unchanged,Candidate policy only; raw ZIP/JSON unchanged; no final split assigned
train,IMG_56190.jpg,original,sg-0805,gc-0789,plain_base,none,true,,raw_annotation_unchanged,Candidate policy only; raw ZIP/JSON unchanged; no final split assigned
train,IMG_56190.jpg,resize,sg-0805,gc-0789,dataset_resize,none,false,dataset_provided_resize,raw_annotation_unchanged,Candidate policy only; raw ZIP/JSON unchanged; no final split assigned
train,IMG_56210.jpg,original,sg-0806,gc-0790,plain_base,none,true,,raw_annotation_unchanged,Candidate policy only; raw ZIP/JSON unchanged; no final split assigned
train,IMG_56210.jpg,resize,sg-0806,gc-0790,dataset_resize,none,false,dataset_provided_resize,raw_annotation_unchanged,Candidate policy only; raw ZIP/JSON unchanged; no final split assigned
train,IMG_56230.jpg,original,sg-0807,gc-0791,plain_base,none,true,,raw_annotation_unchanged,Candidate policy only; raw ZIP/JSON unchanged; no final split assigned
train,IMG_56230.jpg,resize,sg-0807,gc-0791,dataset_resize,none,false,dataset_provided_resize,raw_annotation_unchanged,Candidate policy only; raw ZIP/JSON unchanged; no final split assigned
train,IMG_56240.jpg,original,sg-0808,gc-0792,plain_base,none,true,,raw_annotation_unchanged,Candidate policy only; raw ZIP/JSON unchanged; no final split assigned
train,IMG_56240.jpg,resize,sg-0808,gc-0792,dataset_resize,none,false,dataset_provided_resize,raw_annotation_unchanged,Candidate policy only; raw ZIP/JSON unchanged; no final split assigned
train,IMG_5625.jpg,original,sg-0809,gc-0793,plain_base,none,true,,raw_annotation_unchanged,Candidate policy only; raw ZIP/JSON unchanged; no final split assigned
train,IMG_5625.jpg,resize,sg-0809,gc-0793,dataset_resize,none,false,dataset_provided_resize,raw_annotation_unchanged,Candidate policy only; raw ZIP/JSON unchanged; no final split assigned
train,IMG_56260.jpg,original,sg-0810,gc-0794,plain_base,none,true,,raw_annotation_unchanged,Candidate policy only; raw ZIP/JSON unchanged; no final split assigned
train,IMG_56260.jpg,resize,sg-0810,gc-0794,dataset_resize,none,false,dataset_provided_resize,raw_annotation_unchanged,Candidate policy only; raw ZIP/JSON unchanged; no final split assigned
train,IMG_5627.jpg,original,sg-0811,gc-0795,plain_base,none,true,,raw_annotation_unchanged,Candidate policy only; raw ZIP/JSON unchanged; no final split assigned
train,IMG_5627.jpg,resize,sg-0811,gc-0795,dataset_resize,none,false,dataset_provided_resize,raw_annotation_unchanged,Candidate policy only; raw ZIP/JSON unchanged; no final split assigned
train,IMG_56280.jpg,original,sg-0812,gc-0796,plain_base,none,true,,raw_annotation_unchanged,Candidate policy only; raw ZIP/JSON unchanged; no final split assigned
train,IMG_56280.jpg,resize,sg-0812,gc-0796,dataset_resize,none,false,dataset_provided_resize,raw_annotation_unchanged,Candidate policy only; raw ZIP/JSON unchanged; no final split assigned
train,IMG_56290.jpg,original,sg-0813,gc-0797,plain_base,none,true,,raw_annotation_unchanged,Candidate policy only; raw ZIP/JSON unchanged; no final split assigned
train,IMG_56290.jpg,resize,sg-0813,gc-0797,dataset_resize,none,false,dataset_provided_resize,raw_annotation_unchanged,Candidate policy only; raw ZIP/JSON unchanged; no final split assigned
train,IMG_56320.jpg,original,sg-0814,gc-0798,plain_base,none,true,,raw_annotation_unchanged,Candidate policy only; raw ZIP/JSON unchanged; no final split assigned
train,IMG_56320.jpg,resize,sg-0814,gc-0798,dataset_resize,none,false,dataset_provided_resize,raw_annotation_unchanged,Candidate policy only; raw ZIP/JSON unchanged; no final split assigned
train,IMG_5633.jpg,original,sg-0815,gc-0799,plain_base,none,true,,raw_annotation_unchanged,Candidate policy only; raw ZIP/JSON unchanged; no final split assigned
train,IMG_5633.jpg,resize,sg-0815,gc-0799,dataset_resize,none,false,dataset_provided_resize,raw_annotation_unchanged,Candidate policy only; raw ZIP/JSON unchanged; no final split assigned
train,IMG_56340.jpg,original,sg-0816,gc-0800,plain_base,none,true,,raw_annotation_unchanged,Candidate policy only; raw ZIP/JSON unchanged; no final split assigned
train,IMG_56340.jpg,resize,sg-0816,gc-0800,dataset_resize,none,false,dataset_provided_resize,raw_annotation_unchanged,Candidate policy only; raw ZIP/JSON unchanged; no final split assigned
train,IMG_56350.jpg,original,sg-0817,gc-0801,plain_base,none,true,,raw_annotation_unchanged,Candidate policy only; raw ZIP/JSON unchanged; no final split assigned
train,IMG_56350.jpg,resize,sg-0817,gc-0801,dataset_resize,none,false,dataset_provided_resize,raw_annotation_unchanged,Candidate policy only; raw ZIP/JSON unchanged; no final split assigned
train,IMG_56360.jpg,original,sg-0818,gc-0802,plain_base,none,true,,raw_annotation_unchanged,Candidate policy only; raw ZIP/JSON unchanged; no final split assigned
train,IMG_56360.jpg,resize,sg-0818,gc-0802,dataset_resize,none,false,dataset_provided_resize,raw_annotation_unchanged,Candidate policy only; raw ZIP/JSON unchanged; no final split assigned
train,IMG_56360_brightness.jpg,original,sg-0818,gc-0802,offline_augmentation,brightness,false,dataset_offline_augmentation,raw_annotation_unchanged,Candidate policy only; raw ZIP/JSON unchanged; no final split assigned
train,IMG_56360_brightness.jpg,resize,sg-0818,gc-0802,dataset_resize,brightness,false,dataset_provided_resize,raw_annotation_unchanged,Candidate policy only; raw ZIP/JSON unchanged; no final split assigned
train,IMG_56370.jpg,original,sg-0819,gc-0803,plain_base,none,true,,raw_annotation_unchanged,Candidate policy only; raw ZIP/JSON unchanged; no final split assigned
train,IMG_56370.jpg,resize,sg-0819,gc-0803,dataset_resize,none,false,dataset_provided_resize,raw_annotation_unchanged,Candidate policy only; raw ZIP/JSON unchanged; no final split assigned
train,IMG_56380.jpg,original,sg-0820,gc-0804,plain_base,none,true,,raw_annotation_unchanged,Candidate policy only; raw ZIP/JSON unchanged; no final split assigned
train,IMG_56380.jpg,resize,sg-0820,gc-0804,dataset_resize,none,false,dataset_provided_resize,raw_annotation_unchanged,Candidate policy only; raw ZIP/JSON unchanged; no final split assigned
train,IMG_56390.jpg,original,sg-0821,gc-0805,plain_base,none,true,,raw_annotation_unchanged,Candidate policy only; raw ZIP/JSON unchanged; no final split assigned
train,IMG_56390.jpg,resize,sg-0821,gc-0805,dataset_resize,none,false,dataset_provided_resize,raw_annotation_unchanged,Candidate policy only; raw ZIP/JSON unchanged; no final split assigned
train,IMG_56410.jpg,original,sg-0822,gc-0806,plain_base,none,true,,raw_annotation_unchanged,Candidate policy only; raw ZIP/JSON unchanged; no final split assigned
train,IMG_56410.jpg,resize,sg-0822,gc-0806,dataset_resize,none,false,dataset_provided_resize,raw_annotation_unchanged,Candidate policy only; raw ZIP/JSON unchanged; no final split assigned
train,IMG_5642.jpg,original,sg-0823,gc-0807,plain_base,none,true,,raw_annotation_unchanged,Candidate policy only; raw ZIP/JSON unchanged; no final split assigned
train,IMG_5642.jpg,resize,sg-0823,gc-0807,dataset_resize,none,false,dataset_provided_resize,raw_annotation_unchanged,Candidate policy only; raw ZIP/JSON unchanged; no final split assigned
train,IMG_56430.jpg,original,sg-0824,gc-0808,plain_base,none,true,,raw_annotation_unchanged,Candidate policy only; raw ZIP/JSON unchanged; no final split assigned
train,IMG_56430.jpg,resize,sg-0824,gc-0808,dataset_resize,none,false,dataset_provided_resize,raw_annotation_unchanged,Candidate policy only; raw ZIP/JSON unchanged; no final split assigned
train,IMG_6760.jpg,original,sg-0825,gc-0809,plain_base,none,true,,raw_annotation_unchanged,Candidate policy only; raw ZIP/JSON unchanged; no final split assigned
train,IMG_6760.jpg,resize,sg-0825,gc-0809,dataset_resize,none,false,dataset_provided_resize,raw_annotation_unchanged,Candidate policy only; raw ZIP/JSON unchanged; no final split assigned
train,IMG_6761.jpg,original,sg-0826,gc-0810,plain_base,none,true,,raw_annotation_unchanged,Candidate policy only; raw ZIP/JSON unchanged; no final split assigned
train,IMG_6761.jpg,resize,sg-0826,gc-0810,dataset_resize,none,false,dataset_provided_resize,raw_annotation_unchanged,Candidate policy only; raw ZIP/JSON unchanged; no final split assigned
train,IMG_6762.jpg,original,sg-0827,gc-0811,plain_base,none,true,,raw_annotation_unchanged,Candidate policy only; raw ZIP/JSON unchanged; no final split assigned
train,IMG_6762.jpg,resize,sg-0827,gc-0811,dataset_resize,none,false,dataset_provided_resize,raw_annotation_unchanged,Candidate policy only; raw ZIP/JSON unchanged; no final split assigned
train,IMG_6763.jpg,original,sg-0828,gc-0812,plain_base,none,true,,raw_annotation_unchanged,Candidate policy only; raw ZIP/JSON unchanged; no final split assigned
train,IMG_6763.jpg,resize,sg-0828,gc-0812,dataset_resize,none,false,dataset_provided_resize,raw_annotation_unchanged,Candidate policy only; raw ZIP/JSON unchanged; no final split assigned
train,IMG_6764.jpg,original,sg-0829,gc-0813,plain_base,none,true,,raw_annotation_unchanged,Candidate policy only; raw ZIP/JSON unchanged; no final split assigned
train,IMG_6764.jpg,resize,sg-0829,gc-0813,dataset_resize,none,false,dataset_provided_resize,raw_annotation_unchanged,Candidate policy only; raw ZIP/JSON unchanged; no final split assigned
train,IMG_6765.jpg,original,sg-0830,gc-0814,plain_base,none,true,,raw_annotation_unchanged,Candidate policy only; raw ZIP/JSON unchanged; no final split assigned
train,IMG_6765.jpg,resize,sg-0830,gc-0814,dataset_resize,none,false,dataset_provided_resize,raw_annotation_unchanged,Candidate policy only; raw ZIP/JSON unchanged; no final split assigned
train,IMG_6770.jpg,original,sg-0831,gc-0815,plain_base,none,true,,raw_annotation_unchanged,Candidate policy only; raw ZIP/JSON unchanged; no final split assigned
train,IMG_6770.jpg,resize,sg-0831,gc-0815,dataset_resize,none,false,dataset_provided_resize,raw_annotation_unchanged,Candidate policy only; raw ZIP/JSON unchanged; no final split assigned
train,IMG_6773.jpg,original,sg-0832,gc-0816,plain_base,none,true,,raw_annotation_unchanged,Candidate policy only; raw ZIP/JSON unchanged; no final split assigned
train,IMG_6773.jpg,resize,sg-0832,gc-0816,dataset_resize,none,false,dataset_provided_resize,raw_annotation_unchanged,Candidate policy only; raw ZIP/JSON unchanged; no final split assigned
train,IMG_6775.jpg,original,sg-0833,gc-0817,plain_base,none,true,,raw_annotation_unchanged,Candidate policy only; raw ZIP/JSON unchanged; no final split assigned
train,IMG_6775.jpg,resize,sg-0833,gc-0817,dataset_resize,none,false,dataset_provided_resize,raw_annotation_unchanged,Candidate policy only; raw ZIP/JSON unchanged; no final split assigned
train,IMG_6776.jpg,original,sg-0834,gc-0818,plain_base,none,true,,raw_annotation_unchanged,Candidate policy only; raw ZIP/JSON unchanged; no final split assigned
train,IMG_6776.jpg,resize,sg-0834,gc-0818,dataset_resize,none,false,dataset_provided_resize,raw_annotation_unchanged,Candidate policy only; raw ZIP/JSON unchanged; no final split assigned
train,IMG_6777.jpg,original,sg-0835,gc-0819,plain_base,none,true,,raw_annotation_unchanged,Candidate policy only; raw ZIP/JSON unchanged; no final split assigned
train,IMG_6777.jpg,resize,sg-0835,gc-0819,dataset_resize,none,false,dataset_provided_resize,raw_annotation_unchanged,Candidate policy only; raw ZIP/JSON unchanged; no final split assigned
train,IMG_6783.jpg,original,sg-0836,gc-0820,plain_base,none,true,,raw_annotation_unchanged,Candidate policy only; raw ZIP/JSON unchanged; no final split assigned
train,IMG_6783.jpg,resize,sg-0836,gc-0820,dataset_resize,none,false,dataset_provided_resize,raw_annotation_unchanged,Candidate policy only; raw ZIP/JSON unchanged; no final split assigned
train,IMG_6785.jpg,original,sg-0837,gc-0821,plain_base,none,true,,raw_annotation_unchanged,Candidate policy only; raw ZIP/JSON unchanged; no final split assigned
train,IMG_6785.jpg,resize,sg-0837,gc-0821,dataset_resize,none,false,dataset_provided_resize,raw_annotation_unchanged,Candidate policy only; raw ZIP/JSON unchanged; no final split assigned
train,IMG_6786.jpg,original,sg-0838,gc-0822,plain_base,none,true,,raw_annotation_unchanged,Candidate policy only; raw ZIP/JSON unchanged; no final split assigned
train,IMG_6786.jpg,resize,sg-0838,gc-0822,dataset_resize,none,false,dataset_provided_resize,raw_annotation_unchanged,Candidate policy only; raw ZIP/JSON unchanged; no final split assigned
train,IMG_6788.jpg,original,sg-0839,gc-0823,plain_base,none,true,,raw_annotation_unchanged,Candidate policy only; raw ZIP/JSON unchanged; no final split assigned
train,IMG_6788.jpg,resize,sg-0839,gc-0823,dataset_resize,none,false,dataset_provided_resize,raw_annotation_unchanged,Candidate policy only; raw ZIP/JSON unchanged; no final split assigned
train,IMG_6789.jpg,original,sg-0840,gc-0824,plain_base,none,true,,raw_annotation_unchanged,Candidate policy only; raw ZIP/JSON unchanged; no final split assigned
train,IMG_6789.jpg,resize,sg-0840,gc-0824,dataset_resize,none,false,dataset_provided_resize,raw_annotation_unchanged,Candidate policy only; raw ZIP/JSON unchanged; no final split assigned
train,IMG_6790.jpg,original,sg-0841,gc-0825,plain_base,none,true,,raw_annotation_unchanged,Candidate policy only; raw ZIP/JSON unchanged; no final split assigned
train,IMG_6790.jpg,resize,sg-0841,gc-0825,dataset_resize,none,false,dataset_provided_resize,raw_annotation_unchanged,Candidate policy only; raw ZIP/JSON unchanged; no final split assigned
train,IMG_6791.jpg,original,sg-0842,gc-0826,plain_base,none,true,,raw_annotation_unchanged,Candidate policy only; raw ZIP/JSON unchanged; no final split assigned
train,IMG_6791.jpg,resize,sg-0842,gc-0826,dataset_resize,none,false,dataset_provided_resize,raw_annotation_unchanged,Candidate policy only; raw ZIP/JSON unchanged; no final split assigned
train,IMG_6792.jpg,original,sg-0843,gc-0827,plain_base,none,true,,raw_annotation_unchanged,Candidate policy only; raw ZIP/JSON unchanged; no final split assigned
train,IMG_6792.jpg,resize,sg-0843,gc-0827,dataset_resize,none,false,dataset_provided_resize,raw_annotation_unchanged,Candidate policy only; raw ZIP/JSON unchanged; no final split assigned
train,IMG_6793.jpg,original,sg-0844,gc-0828,plain_base,none,true,,raw_annotation_unchanged,Candidate policy only; raw ZIP/JSON unchanged; no final split assigned
train,IMG_6793.jpg,resize,sg-0844,gc-0828,dataset_resize,none,false,dataset_provided_resize,raw_annotation_unchanged,Candidate policy only; raw ZIP/JSON unchanged; no final split assigned
train,IMG_6794.jpg,original,sg-0845,gc-0829,plain_base,none,true,,raw_annotation_unchanged,Candidate policy only; raw ZIP/JSON unchanged; no final split assigned
train,IMG_6794.jpg,resize,sg-0845,gc-0829,dataset_resize,none,false,dataset_provided_resize,raw_annotation_unchanged,Candidate policy only; raw ZIP/JSON unchanged; no final split assigned
train,IMG_6795.jpg,original,sg-0846,gc-0830,plain_base,none,true,,raw_annotation_unchanged,Candidate policy only; raw ZIP/JSON unchanged; no final split assigned
train,IMG_6795.jpg,resize,sg-0846,gc-0830,dataset_resize,none,false,dataset_provided_resize,raw_annotation_unchanged,Candidate policy only; raw ZIP/JSON unchanged; no final split assigned
train,IMG_6796.jpg,original,sg-0847,gc-0831,plain_base,none,true,,raw_annotation_unchanged,Candidate policy only; raw ZIP/JSON unchanged; no final split assigned
train,IMG_6796.jpg,resize,sg-0847,gc-0831,dataset_resize,none,false,dataset_provided_resize,raw_annotation_unchanged,Candidate policy only; raw ZIP/JSON unchanged; no final split assigned
train,IMG_6797.jpg,original,sg-0848,gc-0832,plain_base,none,true,,raw_annotation_unchanged,Candidate policy only; raw ZIP/JSON unchanged; no final split assigned
train,IMG_6797.jpg,resize,sg-0848,gc-0832,dataset_resize,none,false,dataset_provided_resize,raw_annotation_unchanged,Candidate policy only; raw ZIP/JSON unchanged; no final split assigned
train,IMG_6798.jpg,original,sg-0849,gc-0833,plain_base,none,true,,raw_annotation_unchanged,Candidate policy only; raw ZIP/JSON unchanged; no final split assigned
train,IMG_6798.jpg,resize,sg-0849,gc-0833,dataset_resize,none,false,dataset_provided_resize,raw_annotation_unchanged,Candidate policy only; raw ZIP/JSON unchanged; no final split assigned
train,IMG_6802.jpg,original,sg-0850,gc-0834,plain_base,none,true,,raw_annotation_unchanged,Candidate policy only; raw ZIP/JSON unchanged; no final split assigned
train,IMG_6802.jpg,resize,sg-0850,gc-0834,dataset_resize,none,false,dataset_provided_resize,raw_annotation_unchanged,Candidate policy only; raw ZIP/JSON unchanged; no final split assigned
train,IMG_6805.jpg,original,sg-0851,gc-0835,plain_base,none,true,,raw_annotation_unchanged,Candidate policy only; raw ZIP/JSON unchanged; no final split assigned
train,IMG_6805.jpg,resize,sg-0851,gc-0835,dataset_resize,none,false,dataset_provided_resize,raw_annotation_unchanged,Candidate policy only; raw ZIP/JSON unchanged; no final split assigned
train,IMG_6808.jpg,original,sg-0852,gc-0836,plain_base,none,true,,raw_annotation_unchanged,Candidate policy only; raw ZIP/JSON unchanged; no final split assigned
train,IMG_6808.jpg,resize,sg-0852,gc-0836,dataset_resize,none,false,dataset_provided_resize,raw_annotation_unchanged,Candidate policy only; raw ZIP/JSON unchanged; no final split assigned
train,IMG_6810.jpg,original,sg-0853,gc-0837,plain_base,none,true,,raw_annotation_unchanged,Candidate policy only; raw ZIP/JSON unchanged; no final split assigned
train,IMG_6810.jpg,resize,sg-0853,gc-0837,dataset_resize,none,false,dataset_provided_resize,raw_annotation_unchanged,Candidate policy only; raw ZIP/JSON unchanged; no final split assigned
train,IMG_6811.jpg,original,sg-0854,gc-0838,plain_base,none,true,,raw_annotation_unchanged,Candidate policy only; raw ZIP/JSON unchanged; no final split assigned
train,IMG_6811.jpg,resize,sg-0854,gc-0838,dataset_resize,none,false,dataset_provided_resize,raw_annotation_unchanged,Candidate policy only; raw ZIP/JSON unchanged; no final split assigned
train,IMG_6813.jpg,original,sg-0855,gc-0839,plain_base,none,true,,raw_annotation_unchanged,Candidate policy only; raw ZIP/JSON unchanged; no final split assigned
train,IMG_6813.jpg,resize,sg-0855,gc-0839,dataset_resize,none,false,dataset_provided_resize,raw_annotation_unchanged,Candidate policy only; raw ZIP/JSON unchanged; no final split assigned
train,IMG_6814.jpg,original,sg-0856,gc-0840,plain_base,none,true,,raw_annotation_unchanged,Candidate policy only; raw ZIP/JSON unchanged; no final split assigned
train,IMG_6814.jpg,resize,sg-0856,gc-0840,dataset_resize,none,false,dataset_provided_resize,raw_annotation_unchanged,Candidate policy only; raw ZIP/JSON unchanged; no final split assigned
train,IMG_6817.jpg,original,sg-0857,gc-0841,plain_base,none,true,,raw_annotation_unchanged,Candidate policy only; raw ZIP/JSON unchanged; no final split assigned
train,IMG_6817.jpg,resize,sg-0857,gc-0841,dataset_resize,none,false,dataset_provided_resize,raw_annotation_unchanged,Candidate policy only; raw ZIP/JSON unchanged; no final split assigned
train,IMG_6818.jpg,original,sg-0858,gc-0842,plain_base,none,true,,raw_annotation_unchanged,Candidate policy only; raw ZIP/JSON unchanged; no final split assigned
train,IMG_6818.jpg,resize,sg-0858,gc-0842,dataset_resize,none,false,dataset_provided_resize,raw_annotation_unchanged,Candidate policy only; raw ZIP/JSON unchanged; no final split assigned
train,IMG_6820.jpg,original,sg-0859,gc-0843,plain_base,none,true,,raw_annotation_unchanged,Candidate policy only; raw ZIP/JSON unchanged; no final split assigned
train,IMG_6820.jpg,resize,sg-0859,gc-0843,dataset_resize,none,false,dataset_provided_resize,raw_annotation_unchanged,Candidate policy only; raw ZIP/JSON unchanged; no final split assigned
train,IMG_6822.jpg,original,sg-0860,gc-0844,plain_base,none,true,,raw_annotation_unchanged,Candidate policy only; raw ZIP/JSON unchanged; no final split assigned
train,IMG_6822.jpg,resize,sg-0860,gc-0844,dataset_resize,none,false,dataset_provided_resize,raw_annotation_unchanged,Candidate policy only; raw ZIP/JSON unchanged; no final split assigned
train,IMG_6823.jpg,original,sg-0861,gc-0845,plain_base,none,true,,raw_annotation_unchanged,Candidate policy only; raw ZIP/JSON unchanged; no final split assigned
train,IMG_6823.jpg,resize,sg-0861,gc-0845,dataset_resize,none,false,dataset_provided_resize,raw_annotation_unchanged,Candidate policy only; raw ZIP/JSON unchanged; no final split assigned
train,IMG_6824.jpg,original,sg-0862,gc-0846,plain_base,none,true,,raw_annotation_unchanged,Candidate policy only; raw ZIP/JSON unchanged; no final split assigned
train,IMG_6824.jpg,resize,sg-0862,gc-0846,dataset_resize,none,false,dataset_provided_resize,raw_annotation_unchanged,Candidate policy only; raw ZIP/JSON unchanged; no final split assigned
train,IMG_6825.jpg,original,sg-0863,gc-0847,plain_base,none,true,,raw_annotation_unchanged,Candidate policy only; raw ZIP/JSON unchanged; no final split assigned
train,IMG_6825.jpg,resize,sg-0863,gc-0847,dataset_resize,none,false,dataset_provided_resize,raw_annotation_unchanged,Candidate policy only; raw ZIP/JSON unchanged; no final split assigned
train,IMG_6828.jpg,original,sg-0864,gc-0848,plain_base,none,true,,raw_annotation_unchanged,Candidate policy only; raw ZIP/JSON unchanged; no final split assigned
train,IMG_6828.jpg,resize,sg-0864,gc-0848,dataset_resize,none,false,dataset_provided_resize,raw_annotation_unchanged,Candidate policy only; raw ZIP/JSON unchanged; no final split assigned
train,IMG_6830.jpg,original,sg-0865,gc-0849,plain_base,none,true,,raw_annotation_unchanged,Candidate policy only; raw ZIP/JSON unchanged; no final split assigned
train,IMG_6830.jpg,resize,sg-0865,gc-0849,dataset_resize,none,false,dataset_provided_resize,raw_annotation_unchanged,Candidate policy only; raw ZIP/JSON unchanged; no final split assigned
train,IMG_6831.jpg,original,sg-0866,gc-0850,plain_base,none,true,,raw_annotation_unchanged,Candidate policy only; raw ZIP/JSON unchanged; no final split assigned
train,IMG_6831.jpg,resize,sg-0866,gc-0850,dataset_resize,none,false,dataset_provided_resize,raw_annotation_unchanged,Candidate policy only; raw ZIP/JSON unchanged; no final split assigned
train,IMG_6832.jpg,original,sg-0867,gc-0851,plain_base,none,true,,raw_annotation_unchanged,Candidate policy only; raw ZIP/JSON unchanged; no final split assigned
train,IMG_6832.jpg,resize,sg-0867,gc-0851,dataset_resize,none,false,dataset_provided_resize,raw_annotation_unchanged,Candidate policy only; raw ZIP/JSON unchanged; no final split assigned
train,IMG_6834.jpg,original,sg-0868,gc-0852,plain_base,none,true,,raw_annotation_unchanged,Candidate policy only; raw ZIP/JSON unchanged; no final split assigned
train,IMG_6834.jpg,resize,sg-0868,gc-0852,dataset_resize,none,false,dataset_provided_resize,raw_annotation_unchanged,Candidate policy only; raw ZIP/JSON unchanged; no final split assigned
train,IMG_6835.jpg,original,sg-0869,gc-0853,plain_base,none,true,,raw_annotation_unchanged,Candidate policy only; raw ZIP/JSON unchanged; no final split assigned
train,IMG_6835.jpg,resize,sg-0869,gc-0853,dataset_resize,none,false,dataset_provided_resize,raw_annotation_unchanged,Candidate policy only; raw ZIP/JSON unchanged; no final split assigned
train,IMG_6836.jpg,original,sg-0870,gc-0854,plain_base,none,true,,raw_annotation_unchanged,Candidate policy only; raw ZIP/JSON unchanged; no final split assigned
train,IMG_6836.jpg,resize,sg-0870,gc-0854,dataset_resize,none,false,dataset_provided_resize,raw_annotation_unchanged,Candidate policy only; raw ZIP/JSON unchanged; no final split assigned
train,IMG_6837.jpg,original,sg-0871,gc-0855,plain_base,none,true,,raw_annotation_unchanged,Candidate policy only; raw ZIP/JSON unchanged; no final split assigned
train,IMG_6837.jpg,resize,sg-0871,gc-0855,dataset_resize,none,false,dataset_provided_resize,raw_annotation_unchanged,Candidate policy only; raw ZIP/JSON unchanged; no final split assigned
train,IMG_6838.jpg,original,sg-0872,gc-0856,plain_base,none,true,,raw_annotation_unchanged,Candidate policy only; raw ZIP/JSON unchanged; no final split assigned
train,IMG_6838.jpg,resize,sg-0872,gc-0856,dataset_resize,none,false,dataset_provided_resize,raw_annotation_unchanged,Candidate policy only; raw ZIP/JSON unchanged; no final split assigned
train,IMG_6840.jpg,original,sg-0873,gc-0857,plain_base,none,true,,raw_annotation_unchanged,Candidate policy only; raw ZIP/JSON unchanged; no final split assigned
train,IMG_6840.jpg,resize,sg-0873,gc-0857,dataset_resize,none,false,dataset_provided_resize,raw_annotation_unchanged,Candidate policy only; raw ZIP/JSON unchanged; no final split assigned
train,IMG_6842.jpg,original,sg-0874,gc-0858,plain_base,none,true,,raw_annotation_unchanged,Candidate policy only; raw ZIP/JSON unchanged; no final split assigned
train,IMG_6842.jpg,resize,sg-0874,gc-0858,dataset_resize,none,false,dataset_provided_resize,raw_annotation_unchanged,Candidate policy only; raw ZIP/JSON unchanged; no final split assigned
train,IMG_6843.jpg,original,sg-0875,gc-0859,plain_base,none,true,,raw_annotation_unchanged,Candidate policy only; raw ZIP/JSON unchanged; no final split assigned
train,IMG_6843.jpg,resize,sg-0875,gc-0859,dataset_resize,none,false,dataset_provided_resize,raw_annotation_unchanged,Candidate policy only; raw ZIP/JSON unchanged; no final split assigned
train,IMG_6845.jpg,original,sg-0876,gc-0860,plain_base,none,true,,raw_annotation_unchanged,Candidate policy only; raw ZIP/JSON unchanged; no final split assigned
train,IMG_6845.jpg,resize,sg-0876,gc-0860,dataset_resize,none,false,dataset_provided_resize,raw_annotation_unchanged,Candidate policy only; raw ZIP/JSON unchanged; no final split assigned
train,IMG_6846.jpg,original,sg-0877,gc-0861,plain_base,none,true,,raw_annotation_unchanged,Candidate policy only; raw ZIP/JSON unchanged; no final split assigned
train,IMG_6846.jpg,resize,sg-0877,gc-0861,dataset_resize,none,false,dataset_provided_resize,raw_annotation_unchanged,Candidate policy only; raw ZIP/JSON unchanged; no final split assigned
train,IMG_6847.jpg,original,sg-0878,gc-0862,plain_base,none,true,,raw_annotation_unchanged,Candidate policy only; raw ZIP/JSON unchanged; no final split assigned
train,IMG_6847.jpg,resize,sg-0878,gc-0862,dataset_resize,none,false,dataset_provided_resize,raw_annotation_unchanged,Candidate policy only; raw ZIP/JSON unchanged; no final split assigned
train,IMG_6848.jpg,original,sg-0879,gc-0863,plain_base,none,true,,raw_annotation_unchanged,Candidate policy only; raw ZIP/JSON unchanged; no final split assigned
train,IMG_6848.jpg,resize,sg-0879,gc-0863,dataset_resize,none,false,dataset_provided_resize,raw_annotation_unchanged,Candidate policy only; raw ZIP/JSON unchanged; no final split assigned
train,IMG_6849.jpg,original,sg-0880,gc-0864,plain_base,none,true,,raw_annotation_unchanged,Candidate policy only; raw ZIP/JSON unchanged; no final split assigned
train,IMG_6849.jpg,resize,sg-0880,gc-0864,dataset_resize,none,false,dataset_provided_resize,raw_annotation_unchanged,Candidate policy only; raw ZIP/JSON unchanged; no final split assigned
train,IMG_6850.jpg,original,sg-0881,gc-0865,plain_base,none,true,,raw_annotation_unchanged,Candidate policy only; raw ZIP/JSON unchanged; no final split assigned
train,IMG_6850.jpg,resize,sg-0881,gc-0865,dataset_resize,none,false,dataset_provided_resize,raw_annotation_unchanged,Candidate policy only; raw ZIP/JSON unchanged; no final split assigned
train,IMG_6851.jpg,original,sg-0882,gc-0866,plain_base,none,true,,raw_annotation_unchanged,Candidate policy only; raw ZIP/JSON unchanged; no final split assigned
train,IMG_6851.jpg,resize,sg-0882,gc-0866,dataset_resize,none,false,dataset_provided_resize,raw_annotation_unchanged,Candidate policy only; raw ZIP/JSON unchanged; no final split assigned
train,IMG_6854.jpg,original,sg-0883,gc-0867,plain_base,none,true,,raw_annotation_unchanged,Candidate policy only; raw ZIP/JSON unchanged; no final split assigned
train,IMG_6854.jpg,resize,sg-0883,gc-0867,dataset_resize,none,false,dataset_provided_resize,raw_annotation_unchanged,Candidate policy only; raw ZIP/JSON unchanged; no final split assigned
train,IMG_6856.jpg,original,sg-0884,gc-0868,plain_base,none,true,,raw_annotation_unchanged,Candidate policy only; raw ZIP/JSON unchanged; no final split assigned
train,IMG_6856.jpg,resize,sg-0884,gc-0868,dataset_resize,none,false,dataset_provided_resize,raw_annotation_unchanged,Candidate policy only; raw ZIP/JSON unchanged; no final split assigned
train,IMG_6858.jpg,original,sg-0885,gc-0869,plain_base,none,true,,raw_annotation_unchanged,Candidate policy only; raw ZIP/JSON unchanged; no final split assigned
train,IMG_6858.jpg,resize,sg-0885,gc-0869,dataset_resize,none,false,dataset_provided_resize,raw_annotation_unchanged,Candidate policy only; raw ZIP/JSON unchanged; no final split assigned
train,IMG_6860.jpg,original,sg-0886,gc-0870,plain_base,none,true,,raw_annotation_unchanged,Candidate policy only; raw ZIP/JSON unchanged; no final split assigned
train,IMG_6860.jpg,resize,sg-0886,gc-0870,dataset_resize,none,false,dataset_provided_resize,raw_annotation_unchanged,Candidate policy only; raw ZIP/JSON unchanged; no final split assigned
train,IMG_6862.jpg,original,sg-0887,gc-0871,plain_base,none,true,,raw_annotation_unchanged,Candidate policy only; raw ZIP/JSON unchanged; no final split assigned
train,IMG_6862.jpg,resize,sg-0887,gc-0871,dataset_resize,none,false,dataset_provided_resize,raw_annotation_unchanged,Candidate policy only; raw ZIP/JSON unchanged; no final split assigned
train,IMG_6863.jpg,original,sg-0888,gc-0872,plain_base,none,true,,raw_annotation_unchanged,Candidate policy only; raw ZIP/JSON unchanged; no final split assigned
train,IMG_6863.jpg,resize,sg-0888,gc-0872,dataset_resize,none,false,dataset_provided_resize,raw_annotation_unchanged,Candidate policy only; raw ZIP/JSON unchanged; no final split assigned
train,IMG_6864.jpg,original,sg-0889,gc-0873,plain_base,none,true,,raw_annotation_unchanged,Candidate policy only; raw ZIP/JSON unchanged; no final split assigned
train,IMG_6864.jpg,resize,sg-0889,gc-0873,dataset_resize,none,false,dataset_provided_resize,raw_annotation_unchanged,Candidate policy only; raw ZIP/JSON unchanged; no final split assigned
train,IMG_6865.jpg,original,sg-0890,gc-0874,plain_base,none,true,,raw_annotation_unchanged,Candidate policy only; raw ZIP/JSON unchanged; no final split assigned
train,IMG_6865.jpg,resize,sg-0890,gc-0874,dataset_resize,none,false,dataset_provided_resize,raw_annotation_unchanged,Candidate policy only; raw ZIP/JSON unchanged; no final split assigned
train,IMG_6866.jpg,original,sg-0891,gc-0875,plain_base,none,true,,raw_annotation_unchanged,Candidate policy only; raw ZIP/JSON unchanged; no final split assigned
train,IMG_6866.jpg,resize,sg-0891,gc-0875,dataset_resize,none,false,dataset_provided_resize,raw_annotation_unchanged,Candidate policy only; raw ZIP/JSON unchanged; no final split assigned
train,IMG_6867.jpg,original,sg-0892,gc-0876,plain_base,none,true,,raw_annotation_unchanged,Candidate policy only; raw ZIP/JSON unchanged; no final split assigned
train,IMG_6867.jpg,resize,sg-0892,gc-0876,dataset_resize,none,false,dataset_provided_resize,raw_annotation_unchanged,Candidate policy only; raw ZIP/JSON unchanged; no final split assigned
train,IMG_6870.jpg,original,sg-0893,gc-0877,plain_base,none,true,,raw_annotation_unchanged,Candidate policy only; raw ZIP/JSON unchanged; no final split assigned
train,IMG_6870.jpg,resize,sg-0893,gc-0877,dataset_resize,none,false,dataset_provided_resize,raw_annotation_unchanged,Candidate policy only; raw ZIP/JSON unchanged; no final split assigned
train,IMG_6871.jpg,original,sg-0894,gc-0878,plain_base,none,true,,raw_annotation_unchanged,Candidate policy only; raw ZIP/JSON unchanged; no final split assigned
train,IMG_6871.jpg,resize,sg-0894,gc-0878,dataset_resize,none,false,dataset_provided_resize,raw_annotation_unchanged,Candidate policy only; raw ZIP/JSON unchanged; no final split assigned
train,IMG_6872.jpg,original,sg-0895,gc-0879,plain_base,none,true,,raw_annotation_unchanged,Candidate policy only; raw ZIP/JSON unchanged; no final split assigned
train,IMG_6872.jpg,resize,sg-0895,gc-0879,dataset_resize,none,false,dataset_provided_resize,raw_annotation_unchanged,Candidate policy only; raw ZIP/JSON unchanged; no final split assigned
train,IMG_6874.jpg,original,sg-0896,gc-0880,plain_base,none,true,,raw_annotation_unchanged,Candidate policy only; raw ZIP/JSON unchanged; no final split assigned
train,IMG_6874.jpg,resize,sg-0896,gc-0880,dataset_resize,none,false,dataset_provided_resize,raw_annotation_unchanged,Candidate policy only; raw ZIP/JSON unchanged; no final split assigned
train,IMG_6875.jpg,original,sg-0897,gc-0881,plain_base,none,true,,raw_annotation_unchanged,Candidate policy only; raw ZIP/JSON unchanged; no final split assigned
train,IMG_6875.jpg,resize,sg-0897,gc-0881,dataset_resize,none,false,dataset_provided_resize,raw_annotation_unchanged,Candidate policy only; raw ZIP/JSON unchanged; no final split assigned
train,IMG_6876.jpg,original,sg-0898,gc-0882,plain_base,none,true,,raw_annotation_unchanged,Candidate policy only; raw ZIP/JSON unchanged; no final split assigned
train,IMG_6876.jpg,resize,sg-0898,gc-0882,dataset_resize,none,false,dataset_provided_resize,raw_annotation_unchanged,Candidate policy only; raw ZIP/JSON unchanged; no final split assigned
train,IMG_6877.jpg,original,sg-0899,gc-0883,plain_base,none,true,,raw_annotation_unchanged,Candidate policy only; raw ZIP/JSON unchanged; no final split assigned
train,IMG_6877.jpg,resize,sg-0899,gc-0883,dataset_resize,none,false,dataset_provided_resize,raw_annotation_unchanged,Candidate policy only; raw ZIP/JSON unchanged; no final split assigned
train,IMG_6878.jpg,original,sg-0900,gc-0884,plain_base,none,true,,raw_annotation_unchanged,Candidate policy only; raw ZIP/JSON unchanged; no final split assigned
train,IMG_6878.jpg,resize,sg-0900,gc-0884,dataset_resize,none,false,dataset_provided_resize,raw_annotation_unchanged,Candidate policy only; raw ZIP/JSON unchanged; no final split assigned
train,IMG_6880.jpg,original,sg-0901,gc-0885,plain_base,none,true,,raw_annotation_unchanged,Candidate policy only; raw ZIP/JSON unchanged; no final split assigned
train,IMG_6880.jpg,resize,sg-0901,gc-0885,dataset_resize,none,false,dataset_provided_resize,raw_annotation_unchanged,Candidate policy only; raw ZIP/JSON unchanged; no final split assigned
train,IMG_6881.jpg,original,sg-0902,gc-0886,plain_base,none,true,,raw_annotation_unchanged,Candidate policy only; raw ZIP/JSON unchanged; no final split assigned
train,IMG_6881.jpg,resize,sg-0902,gc-0886,dataset_resize,none,false,dataset_provided_resize,raw_annotation_unchanged,Candidate policy only; raw ZIP/JSON unchanged; no final split assigned
train,IMG_6884.jpg,original,sg-0903,gc-0887,plain_base,none,true,,raw_annotation_unchanged,Candidate policy only; raw ZIP/JSON unchanged; no final split assigned
train,IMG_6884.jpg,resize,sg-0903,gc-0887,dataset_resize,none,false,dataset_provided_resize,raw_annotation_unchanged,Candidate policy only; raw ZIP/JSON unchanged; no final split assigned
train,IMG_6886.jpg,original,sg-0904,gc-0888,plain_base,none,true,,raw_annotation_unchanged,Candidate policy only; raw ZIP/JSON unchanged; no final split assigned
train,IMG_6886.jpg,resize,sg-0904,gc-0888,dataset_resize,none,false,dataset_provided_resize,raw_annotation_unchanged,Candidate policy only; raw ZIP/JSON unchanged; no final split assigned
train,IMG_6887.jpg,original,sg-0905,gc-0889,plain_base,none,true,,raw_annotation_unchanged,Candidate policy only; raw ZIP/JSON unchanged; no final split assigned
train,IMG_6887.jpg,resize,sg-0905,gc-0889,dataset_resize,none,false,dataset_provided_resize,raw_annotation_unchanged,Candidate policy only; raw ZIP/JSON unchanged; no final split assigned
train,IMG_6888.jpg,original,sg-0906,gc-0890,plain_base,none,true,,raw_annotation_unchanged,Candidate policy only; raw ZIP/JSON unchanged; no final split assigned
train,IMG_6888.jpg,resize,sg-0906,gc-0890,dataset_resize,none,false,dataset_provided_resize,raw_annotation_unchanged,Candidate policy only; raw ZIP/JSON unchanged; no final split assigned
train,IMG_6889.jpg,original,sg-0907,gc-0891,plain_base,none,true,,raw_annotation_unchanged,Candidate policy only; raw ZIP/JSON unchanged; no final split assigned
train,IMG_6889.jpg,resize,sg-0907,gc-0891,dataset_resize,none,false,dataset_provided_resize,raw_annotation_unchanged,Candidate policy only; raw ZIP/JSON unchanged; no final split assigned
train,IMG_6890.jpg,original,sg-0908,gc-0892,plain_base,none,true,,raw_annotation_unchanged,Candidate policy only; raw ZIP/JSON unchanged; no final split assigned
train,IMG_6890.jpg,resize,sg-0908,gc-0892,dataset_resize,none,false,dataset_provided_resize,raw_annotation_unchanged,Candidate policy only; raw ZIP/JSON unchanged; no final split assigned
train,IMG_6891.jpg,original,sg-0909,gc-0893,plain_base,none,true,,raw_annotation_unchanged,Candidate policy only; raw ZIP/JSON unchanged; no final split assigned
train,IMG_6891.jpg,resize,sg-0909,gc-0893,dataset_resize,none,false,dataset_provided_resize,raw_annotation_unchanged,Candidate policy only; raw ZIP/JSON unchanged; no final split assigned
train,IMG_6892.jpg,original,sg-0910,gc-0894,plain_base,none,true,,raw_annotation_unchanged,Candidate policy only; raw ZIP/JSON unchanged; no final split assigned
train,IMG_6892.jpg,resize,sg-0910,gc-0894,dataset_resize,none,false,dataset_provided_resize,raw_annotation_unchanged,Candidate policy only; raw ZIP/JSON unchanged; no final split assigned
train,IMG_6893.jpg,original,sg-0911,gc-0895,plain_base,none,true,,raw_annotation_unchanged,Candidate policy only; raw ZIP/JSON unchanged; no final split assigned
train,IMG_6893.jpg,resize,sg-0911,gc-0895,dataset_resize,none,false,dataset_provided_resize,raw_annotation_unchanged,Candidate policy only; raw ZIP/JSON unchanged; no final split assigned
train,IMG_6894.jpg,original,sg-0912,gc-0896,plain_base,none,true,,raw_annotation_unchanged,Candidate policy only; raw ZIP/JSON unchanged; no final split assigned
train,IMG_6894.jpg,resize,sg-0912,gc-0896,dataset_resize,none,false,dataset_provided_resize,raw_annotation_unchanged,Candidate policy only; raw ZIP/JSON unchanged; no final split assigned
train,IMG_6896.jpg,original,sg-0913,gc-0897,plain_base,none,true,,raw_annotation_unchanged,Candidate policy only; raw ZIP/JSON unchanged; no final split assigned
train,IMG_6896.jpg,resize,sg-0913,gc-0897,dataset_resize,none,false,dataset_provided_resize,raw_annotation_unchanged,Candidate policy only; raw ZIP/JSON unchanged; no final split assigned
train,IMG_6898.jpg,original,sg-0914,gc-0898,plain_base,none,true,,raw_annotation_unchanged,Candidate policy only; raw ZIP/JSON unchanged; no final split assigned
train,IMG_6898.jpg,resize,sg-0914,gc-0898,dataset_resize,none,false,dataset_provided_resize,raw_annotation_unchanged,Candidate policy only; raw ZIP/JSON unchanged; no final split assigned
train,IMG_6899.jpg,original,sg-0915,gc-0899,plain_base,none,true,,raw_annotation_unchanged,Candidate policy only; raw ZIP/JSON unchanged; no final split assigned
train,IMG_6899.jpg,resize,sg-0915,gc-0899,dataset_resize,none,false,dataset_provided_resize,raw_annotation_unchanged,Candidate policy only; raw ZIP/JSON unchanged; no final split assigned
train,IMG_6900.jpg,original,sg-0916,gc-0900,plain_base,none,true,,raw_annotation_unchanged,Candidate policy only; raw ZIP/JSON unchanged; no final split assigned
train,IMG_6900.jpg,resize,sg-0916,gc-0900,dataset_resize,none,false,dataset_provided_resize,raw_annotation_unchanged,Candidate policy only; raw ZIP/JSON unchanged; no final split assigned
train,IMG_6901.jpg,original,sg-0917,gc-0901,plain_base,none,true,,raw_annotation_unchanged,Candidate policy only; raw ZIP/JSON unchanged; no final split assigned
train,IMG_6901.jpg,resize,sg-0917,gc-0901,dataset_resize,none,false,dataset_provided_resize,raw_annotation_unchanged,Candidate policy only; raw ZIP/JSON unchanged; no final split assigned
train,IMG_6902.jpg,original,sg-0918,gc-0902,plain_base,none,true,,raw_annotation_unchanged,Candidate policy only; raw ZIP/JSON unchanged; no final split assigned
train,IMG_6902.jpg,resize,sg-0918,gc-0902,dataset_resize,none,false,dataset_provided_resize,raw_annotation_unchanged,Candidate policy only; raw ZIP/JSON unchanged; no final split assigned
train,IMG_6903.jpg,original,sg-0919,gc-0903,plain_base,none,true,,raw_annotation_unchanged,Candidate policy only; raw ZIP/JSON unchanged; no final split assigned
train,IMG_6903.jpg,resize,sg-0919,gc-0903,dataset_resize,none,false,dataset_provided_resize,raw_annotation_unchanged,Candidate policy only; raw ZIP/JSON unchanged; no final split assigned
train,IMG_6904.jpg,original,sg-0920,gc-0904,plain_base,none,true,,raw_annotation_unchanged,Candidate policy only; raw ZIP/JSON unchanged; no final split assigned
train,IMG_6904.jpg,resize,sg-0920,gc-0904,dataset_resize,none,false,dataset_provided_resize,raw_annotation_unchanged,Candidate policy only; raw ZIP/JSON unchanged; no final split assigned
train,IMG_6905.jpg,original,sg-0921,gc-0905,plain_base,none,true,,raw_annotation_unchanged,Candidate policy only; raw ZIP/JSON unchanged; no final split assigned
train,IMG_6905.jpg,resize,sg-0921,gc-0905,dataset_resize,none,false,dataset_provided_resize,raw_annotation_unchanged,Candidate policy only; raw ZIP/JSON unchanged; no final split assigned
train,IMG_6906.jpg,original,sg-0922,gc-0906,plain_base,none,true,,raw_annotation_unchanged,Candidate policy only; raw ZIP/JSON unchanged; no final split assigned
train,IMG_6906.jpg,resize,sg-0922,gc-0906,dataset_resize,none,false,dataset_provided_resize,raw_annotation_unchanged,Candidate policy only; raw ZIP/JSON unchanged; no final split assigned
train,IMG_6907.jpg,original,sg-0923,gc-0907,plain_base,none,true,,raw_annotation_unchanged,Candidate policy only; raw ZIP/JSON unchanged; no final split assigned
train,IMG_6907.jpg,resize,sg-0923,gc-0907,dataset_resize,none,false,dataset_provided_resize,raw_annotation_unchanged,Candidate policy only; raw ZIP/JSON unchanged; no final split assigned
train,IMG_6908.jpg,original,sg-0924,gc-0908,plain_base,none,true,,raw_annotation_unchanged,Candidate policy only; raw ZIP/JSON unchanged; no final split assigned
train,IMG_6908.jpg,resize,sg-0924,gc-0908,dataset_resize,none,false,dataset_provided_resize,raw_annotation_unchanged,Candidate policy only; raw ZIP/JSON unchanged; no final split assigned
train,IMG_6909.jpg,original,sg-0925,gc-0909,plain_base,none,true,,raw_annotation_unchanged,Candidate policy only; raw ZIP/JSON unchanged; no final split assigned
train,IMG_6909.jpg,resize,sg-0925,gc-0909,dataset_resize,none,false,dataset_provided_resize,raw_annotation_unchanged,Candidate policy only; raw ZIP/JSON unchanged; no final split assigned
train,IMG_6910.jpg,original,sg-0926,gc-0910,plain_base,none,true,,raw_annotation_unchanged,Candidate policy only; raw ZIP/JSON unchanged; no final split assigned
train,IMG_6910.jpg,resize,sg-0926,gc-0910,dataset_resize,none,false,dataset_provided_resize,raw_annotation_unchanged,Candidate policy only; raw ZIP/JSON unchanged; no final split assigned
train,IMG_6911.jpg,original,sg-0927,gc-0911,plain_base,none,true,,raw_annotation_unchanged,Candidate policy only; raw ZIP/JSON unchanged; no final split assigned
train,IMG_6911.jpg,resize,sg-0927,gc-0911,dataset_resize,none,false,dataset_provided_resize,raw_annotation_unchanged,Candidate policy only; raw ZIP/JSON unchanged; no final split assigned
train,IMG_6912.jpg,original,sg-0928,gc-0912,plain_base,none,true,,raw_annotation_unchanged,Candidate policy only; raw ZIP/JSON unchanged; no final split assigned
train,IMG_6912.jpg,resize,sg-0928,gc-0912,dataset_resize,none,false,dataset_provided_resize,raw_annotation_unchanged,Candidate policy only; raw ZIP/JSON unchanged; no final split assigned
train,IMG_6913.jpg,original,sg-0929,gc-0913,plain_base,none,true,,raw_annotation_unchanged,Candidate policy only; raw ZIP/JSON unchanged; no final split assigned
train,IMG_6913.jpg,resize,sg-0929,gc-0913,dataset_resize,none,false,dataset_provided_resize,raw_annotation_unchanged,Candidate policy only; raw ZIP/JSON unchanged; no final split assigned
train,IMG_6914.jpg,original,sg-0930,gc-0914,plain_base,none,true,,raw_annotation_unchanged,Candidate policy only; raw ZIP/JSON unchanged; no final split assigned
train,IMG_6914.jpg,resize,sg-0930,gc-0914,dataset_resize,none,false,dataset_provided_resize,raw_annotation_unchanged,Candidate policy only; raw ZIP/JSON unchanged; no final split assigned
train,IMG_6915.jpg,original,sg-0931,gc-0915,plain_base,none,true,,raw_annotation_unchanged,Candidate policy only; raw ZIP/JSON unchanged; no final split assigned
train,IMG_6915.jpg,resize,sg-0931,gc-0915,dataset_resize,none,false,dataset_provided_resize,raw_annotation_unchanged,Candidate policy only; raw ZIP/JSON unchanged; no final split assigned
train,IMG_6916.jpg,original,sg-0932,gc-0916,plain_base,none,true,,raw_annotation_unchanged,Candidate policy only; raw ZIP/JSON unchanged; no final split assigned
train,IMG_6916.jpg,resize,sg-0932,gc-0916,dataset_resize,none,false,dataset_provided_resize,raw_annotation_unchanged,Candidate policy only; raw ZIP/JSON unchanged; no final split assigned
train,IMG_6917.jpg,original,sg-0933,gc-0917,plain_base,none,true,,raw_annotation_unchanged,Candidate policy only; raw ZIP/JSON unchanged; no final split assigned
train,IMG_6917.jpg,resize,sg-0933,gc-0917,dataset_resize,none,false,dataset_provided_resize,raw_annotation_unchanged,Candidate policy only; raw ZIP/JSON unchanged; no final split assigned
train,IMG_6918.jpg,original,sg-0934,gc-0918,plain_base,none,true,,raw_annotation_unchanged,Candidate policy only; raw ZIP/JSON unchanged; no final split assigned
train,IMG_6918.jpg,resize,sg-0934,gc-0918,dataset_resize,none,false,dataset_provided_resize,raw_annotation_unchanged,Candidate policy only; raw ZIP/JSON unchanged; no final split assigned
train,IMG_6921.jpg,original,sg-0935,gc-0919,plain_base,none,true,,raw_annotation_unchanged,Candidate policy only; raw ZIP/JSON unchanged; no final split assigned
train,IMG_6921.jpg,resize,sg-0935,gc-0919,dataset_resize,none,false,dataset_provided_resize,raw_annotation_unchanged,Candidate policy only; raw ZIP/JSON unchanged; no final split assigned
train,IMG_6922.jpg,original,sg-0936,gc-0920,plain_base,none,true,,raw_annotation_unchanged,Candidate policy only; raw ZIP/JSON unchanged; no final split assigned
train,IMG_6922.jpg,resize,sg-0936,gc-0920,dataset_resize,none,false,dataset_provided_resize,raw_annotation_unchanged,Candidate policy only; raw ZIP/JSON unchanged; no final split assigned
train,IMG_6923.jpg,original,sg-0937,gc-0921,plain_base,none,true,,raw_annotation_unchanged,Candidate policy only; raw ZIP/JSON unchanged; no final split assigned
train,IMG_6923.jpg,resize,sg-0937,gc-0921,dataset_resize,none,false,dataset_provided_resize,raw_annotation_unchanged,Candidate policy only; raw ZIP/JSON unchanged; no final split assigned
train,IMG_6924.jpg,original,sg-0938,gc-0922,plain_base,none,true,,raw_annotation_unchanged,Candidate policy only; raw ZIP/JSON unchanged; no final split assigned
train,IMG_6924.jpg,resize,sg-0938,gc-0922,dataset_resize,none,false,dataset_provided_resize,raw_annotation_unchanged,Candidate policy only; raw ZIP/JSON unchanged; no final split assigned
train,IMG_6925.jpg,original,sg-0939,gc-0923,plain_base,none,true,,raw_annotation_unchanged,Candidate policy only; raw ZIP/JSON unchanged; no final split assigned
train,IMG_6925.jpg,resize,sg-0939,gc-0923,dataset_resize,none,false,dataset_provided_resize,raw_annotation_unchanged,Candidate policy only; raw ZIP/JSON unchanged; no final split assigned
train,IMG_6926.jpg,original,sg-0940,gc-0924,plain_base,none,true,,raw_annotation_unchanged,Candidate policy only; raw ZIP/JSON unchanged; no final split assigned
train,IMG_6926.jpg,resize,sg-0940,gc-0924,dataset_resize,none,false,dataset_provided_resize,raw_annotation_unchanged,Candidate policy only; raw ZIP/JSON unchanged; no final split assigned
train,IMG_6927.jpg,original,sg-0941,gc-0925,plain_base,none,true,,raw_annotation_unchanged,Candidate policy only; raw ZIP/JSON unchanged; no final split assigned
train,IMG_6927.jpg,resize,sg-0941,gc-0925,dataset_resize,none,false,dataset_provided_resize,raw_annotation_unchanged,Candidate policy only; raw ZIP/JSON unchanged; no final split assigned
train,IMG_6928.jpg,original,sg-0942,gc-0926,plain_base,none,true,,raw_annotation_unchanged,Candidate policy only; raw ZIP/JSON unchanged; no final split assigned
train,IMG_6928.jpg,resize,sg-0942,gc-0926,dataset_resize,none,false,dataset_provided_resize,raw_annotation_unchanged,Candidate policy only; raw ZIP/JSON unchanged; no final split assigned
train,IMG_6929.jpg,original,sg-0943,gc-0927,plain_base,none,true,,raw_annotation_unchanged,Candidate policy only; raw ZIP/JSON unchanged; no final split assigned
train,IMG_6929.jpg,resize,sg-0943,gc-0927,dataset_resize,none,false,dataset_provided_resize,raw_annotation_unchanged,Candidate policy only; raw ZIP/JSON unchanged; no final split assigned
train,IMG_6930.jpg,original,sg-0944,gc-0928,plain_base,none,true,,raw_annotation_unchanged,Candidate policy only; raw ZIP/JSON unchanged; no final split assigned
train,IMG_6930.jpg,resize,sg-0944,gc-0928,dataset_resize,none,false,dataset_provided_resize,raw_annotation_unchanged,Candidate policy only; raw ZIP/JSON unchanged; no final split assigned
train,IMG_6931.jpg,original,sg-0945,gc-0929,plain_base,none,true,,raw_annotation_unchanged,Candidate policy only; raw ZIP/JSON unchanged; no final split assigned
train,IMG_6931.jpg,resize,sg-0945,gc-0929,dataset_resize,none,false,dataset_provided_resize,raw_annotation_unchanged,Candidate policy only; raw ZIP/JSON unchanged; no final split assigned
train,IMG_6932.jpg,original,sg-0946,gc-0930,plain_base,none,true,,raw_annotation_unchanged,Candidate policy only; raw ZIP/JSON unchanged; no final split assigned
train,IMG_6932.jpg,resize,sg-0946,gc-0930,dataset_resize,none,false,dataset_provided_resize,raw_annotation_unchanged,Candidate policy only; raw ZIP/JSON unchanged; no final split assigned
train,IMG_6933.jpg,original,sg-0947,gc-0931,plain_base,none,true,,raw_annotation_unchanged,Candidate policy only; raw ZIP/JSON unchanged; no final split assigned
train,IMG_6933.jpg,resize,sg-0947,gc-0931,dataset_resize,none,false,dataset_provided_resize,raw_annotation_unchanged,Candidate policy only; raw ZIP/JSON unchanged; no final split assigned
train,IMG_6934.jpg,original,sg-0948,gc-0932,plain_base,none,true,,raw_annotation_unchanged,Candidate policy only; raw ZIP/JSON unchanged; no final split assigned
train,IMG_6934.jpg,resize,sg-0948,gc-0932,dataset_resize,none,false,dataset_provided_resize,raw_annotation_unchanged,Candidate policy only; raw ZIP/JSON unchanged; no final split assigned
train,IMG_6935.jpg,original,sg-0949,gc-0933,plain_base,none,true,,raw_annotation_unchanged,Candidate policy only; raw ZIP/JSON unchanged; no final split assigned
train,IMG_6935.jpg,resize,sg-0949,gc-0933,dataset_resize,none,false,dataset_provided_resize,raw_annotation_unchanged,Candidate policy only; raw ZIP/JSON unchanged; no final split assigned
train,IMG_6936.jpg,original,sg-0950,gc-0934,plain_base,none,true,,raw_annotation_unchanged,Candidate policy only; raw ZIP/JSON unchanged; no final split assigned
train,IMG_6936.jpg,resize,sg-0950,gc-0934,dataset_resize,none,false,dataset_provided_resize,raw_annotation_unchanged,Candidate policy only; raw ZIP/JSON unchanged; no final split assigned
train,IMG_6937.jpg,original,sg-0951,gc-0935,plain_base,none,true,,raw_annotation_unchanged,Candidate policy only; raw ZIP/JSON unchanged; no final split assigned
train,IMG_6937.jpg,resize,sg-0951,gc-0935,dataset_resize,none,false,dataset_provided_resize,raw_annotation_unchanged,Candidate policy only; raw ZIP/JSON unchanged; no final split assigned
train,IMG_6939.jpg,original,sg-0952,gc-0936,plain_base,none,true,,raw_annotation_unchanged,Candidate policy only; raw ZIP/JSON unchanged; no final split assigned
train,IMG_6939.jpg,resize,sg-0952,gc-0936,dataset_resize,none,false,dataset_provided_resize,raw_annotation_unchanged,Candidate policy only; raw ZIP/JSON unchanged; no final split assigned
train,IMG_6940.jpg,original,sg-0953,gc-0937,plain_base,none,true,,raw_annotation_unchanged,Candidate policy only; raw ZIP/JSON unchanged; no final split assigned
train,IMG_6940.jpg,resize,sg-0953,gc-0937,dataset_resize,none,false,dataset_provided_resize,raw_annotation_unchanged,Candidate policy only; raw ZIP/JSON unchanged; no final split assigned
train,IMG_6942.jpg,original,sg-0954,gc-0938,plain_base,none,true,,raw_annotation_unchanged,Candidate policy only; raw ZIP/JSON unchanged; no final split assigned
train,IMG_6942.jpg,resize,sg-0954,gc-0938,dataset_resize,none,false,dataset_provided_resize,raw_annotation_unchanged,Candidate policy only; raw ZIP/JSON unchanged; no final split assigned
train,IMG_6943.jpg,original,sg-0955,gc-0939,plain_base,none,true,,raw_annotation_unchanged,Candidate policy only; raw ZIP/JSON unchanged; no final split assigned
train,IMG_6943.jpg,resize,sg-0955,gc-0939,dataset_resize,none,false,dataset_provided_resize,raw_annotation_unchanged,Candidate policy only; raw ZIP/JSON unchanged; no final split assigned
train,IMG_6946.jpg,original,sg-0956,gc-0940,plain_base,none,true,,raw_annotation_unchanged,Candidate policy only; raw ZIP/JSON unchanged; no final split assigned
train,IMG_6946.jpg,resize,sg-0956,gc-0940,dataset_resize,none,false,dataset_provided_resize,raw_annotation_unchanged,Candidate policy only; raw ZIP/JSON unchanged; no final split assigned
train,IMG_6948.jpg,original,sg-0957,gc-0941,plain_base,none,true,,raw_annotation_unchanged,Candidate policy only; raw ZIP/JSON unchanged; no final split assigned
train,IMG_6948.jpg,resize,sg-0957,gc-0941,dataset_resize,none,false,dataset_provided_resize,raw_annotation_unchanged,Candidate policy only; raw ZIP/JSON unchanged; no final split assigned
train,IMG_6950.jpg,original,sg-0958,gc-0942,plain_base,none,true,,raw_annotation_unchanged,Candidate policy only; raw ZIP/JSON unchanged; no final split assigned
train,IMG_6950.jpg,resize,sg-0958,gc-0942,dataset_resize,none,false,dataset_provided_resize,raw_annotation_unchanged,Candidate policy only; raw ZIP/JSON unchanged; no final split assigned
train,IMG_6951.jpg,original,sg-0959,gc-0943,plain_base,none,true,,raw_annotation_unchanged,Candidate policy only; raw ZIP/JSON unchanged; no final split assigned
train,IMG_6951.jpg,resize,sg-0959,gc-0943,dataset_resize,none,false,dataset_provided_resize,raw_annotation_unchanged,Candidate policy only; raw ZIP/JSON unchanged; no final split assigned
train,IMG_6953.jpg,original,sg-0960,gc-0944,plain_base,none,true,,raw_annotation_unchanged,Candidate policy only; raw ZIP/JSON unchanged; no final split assigned
train,IMG_6953.jpg,resize,sg-0960,gc-0944,dataset_resize,none,false,dataset_provided_resize,raw_annotation_unchanged,Candidate policy only; raw ZIP/JSON unchanged; no final split assigned
train,IMG_6954.jpg,original,sg-0961,gc-0945,plain_base,none,true,,raw_annotation_unchanged,Candidate policy only; raw ZIP/JSON unchanged; no final split assigned
train,IMG_6954.jpg,resize,sg-0961,gc-0945,dataset_resize,none,false,dataset_provided_resize,raw_annotation_unchanged,Candidate policy only; raw ZIP/JSON unchanged; no final split assigned
train,IMG_6955.jpg,original,sg-0962,gc-0946,plain_base,none,true,,raw_annotation_unchanged,Candidate policy only; raw ZIP/JSON unchanged; no final split assigned
train,IMG_6955.jpg,resize,sg-0962,gc-0946,dataset_resize,none,false,dataset_provided_resize,raw_annotation_unchanged,Candidate policy only; raw ZIP/JSON unchanged; no final split assigned
train,IMG_6956.jpg,original,sg-0963,gc-0947,plain_base,none,true,,raw_annotation_unchanged,Candidate policy only; raw ZIP/JSON unchanged; no final split assigned
train,IMG_6956.jpg,resize,sg-0963,gc-0947,dataset_resize,none,false,dataset_provided_resize,raw_annotation_unchanged,Candidate policy only; raw ZIP/JSON unchanged; no final split assigned
train,IMG_6958.jpg,original,sg-0964,gc-0948,plain_base,none,true,,raw_annotation_unchanged,Candidate policy only; raw ZIP/JSON unchanged; no final split assigned
train,IMG_6958.jpg,resize,sg-0964,gc-0948,dataset_resize,none,false,dataset_provided_resize,raw_annotation_unchanged,Candidate policy only; raw ZIP/JSON unchanged; no final split assigned
train,IMG_6959.jpg,original,sg-0965,gc-0949,plain_base,none,true,,raw_annotation_unchanged,Candidate policy only; raw ZIP/JSON unchanged; no final split assigned
train,IMG_6959.jpg,resize,sg-0965,gc-0949,dataset_resize,none,false,dataset_provided_resize,raw_annotation_unchanged,Candidate policy only; raw ZIP/JSON unchanged; no final split assigned
train,IMG_6961.jpg,original,sg-0966,gc-0950,plain_base,none,true,,raw_annotation_unchanged,Candidate policy only; raw ZIP/JSON unchanged; no final split assigned
train,IMG_6961.jpg,resize,sg-0966,gc-0950,dataset_resize,none,false,dataset_provided_resize,raw_annotation_unchanged,Candidate policy only; raw ZIP/JSON unchanged; no final split assigned
train,IMG_6962.jpg,original,sg-0967,gc-0951,plain_base,none,true,,raw_annotation_unchanged,Candidate policy only; raw ZIP/JSON unchanged; no final split assigned
train,IMG_6962.jpg,resize,sg-0967,gc-0951,dataset_resize,none,false,dataset_provided_resize,raw_annotation_unchanged,Candidate policy only; raw ZIP/JSON unchanged; no final split assigned
train,IMG_6963.jpg,original,sg-0968,gc-0952,plain_base,none,true,,raw_annotation_unchanged,Candidate policy only; raw ZIP/JSON unchanged; no final split assigned
train,IMG_6963.jpg,resize,sg-0968,gc-0952,dataset_resize,none,false,dataset_provided_resize,raw_annotation_unchanged,Candidate policy only; raw ZIP/JSON unchanged; no final split assigned
train,IMG_6964.jpg,original,sg-0969,gc-0953,plain_base,none,true,,raw_annotation_unchanged,Candidate policy only; raw ZIP/JSON unchanged; no final split assigned
train,IMG_6964.jpg,resize,sg-0969,gc-0953,dataset_resize,none,false,dataset_provided_resize,raw_annotation_unchanged,Candidate policy only; raw ZIP/JSON unchanged; no final split assigned
train,IMG_6965.jpg,original,sg-0970,gc-0954,plain_base,none,true,,raw_annotation_unchanged,Candidate policy only; raw ZIP/JSON unchanged; no final split assigned
train,IMG_6965.jpg,resize,sg-0970,gc-0954,dataset_resize,none,false,dataset_provided_resize,raw_annotation_unchanged,Candidate policy only; raw ZIP/JSON unchanged; no final split assigned
train,IMG_6968.jpg,original,sg-0971,gc-0955,plain_base,none,true,,raw_annotation_unchanged,Candidate policy only; raw ZIP/JSON unchanged; no final split assigned
train,IMG_6968.jpg,resize,sg-0971,gc-0955,dataset_resize,none,false,dataset_provided_resize,raw_annotation_unchanged,Candidate policy only; raw ZIP/JSON unchanged; no final split assigned
train,IMG_6969.jpg,original,sg-0972,gc-0956,plain_base,none,true,,raw_annotation_unchanged,Candidate policy only; raw ZIP/JSON unchanged; no final split assigned
train,IMG_6969.jpg,resize,sg-0972,gc-0956,dataset_resize,none,false,dataset_provided_resize,raw_annotation_unchanged,Candidate policy only; raw ZIP/JSON unchanged; no final split assigned
train,IMG_6970.jpg,original,sg-0973,gc-0957,plain_base,none,true,,raw_annotation_unchanged,Candidate policy only; raw ZIP/JSON unchanged; no final split assigned
train,IMG_6970.jpg,resize,sg-0973,gc-0957,dataset_resize,none,false,dataset_provided_resize,raw_annotation_unchanged,Candidate policy only; raw ZIP/JSON unchanged; no final split assigned
train,IMG_6971.jpg,original,sg-0974,gc-0958,plain_base,none,true,,raw_annotation_unchanged,Candidate policy only; raw ZIP/JSON unchanged; no final split assigned
train,IMG_6971.jpg,resize,sg-0974,gc-0958,dataset_resize,none,false,dataset_provided_resize,raw_annotation_unchanged,Candidate policy only; raw ZIP/JSON unchanged; no final split assigned
train,IMG_6972.jpg,original,sg-0975,gc-0959,plain_base,none,true,,raw_annotation_unchanged,Candidate policy only; raw ZIP/JSON unchanged; no final split assigned
train,IMG_6972.jpg,resize,sg-0975,gc-0959,dataset_resize,none,false,dataset_provided_resize,raw_annotation_unchanged,Candidate policy only; raw ZIP/JSON unchanged; no final split assigned
train,IMG_6973.jpg,original,sg-0976,gc-0960,plain_base,none,true,,raw_annotation_unchanged,Candidate policy only; raw ZIP/JSON unchanged; no final split assigned
train,IMG_6973.jpg,resize,sg-0976,gc-0960,dataset_resize,none,false,dataset_provided_resize,raw_annotation_unchanged,Candidate policy only; raw ZIP/JSON unchanged; no final split assigned
train,IMG_6974.jpg,original,sg-0977,gc-0961,plain_base,none,true,,raw_annotation_unchanged,Candidate policy only; raw ZIP/JSON unchanged; no final split assigned
train,IMG_6974.jpg,resize,sg-0977,gc-0961,dataset_resize,none,false,dataset_provided_resize,raw_annotation_unchanged,Candidate policy only; raw ZIP/JSON unchanged; no final split assigned
train,IMG_6983.jpg,original,sg-0978,gc-0962,plain_base,none,true,,raw_annotation_unchanged,Candidate policy only; raw ZIP/JSON unchanged; no final split assigned
train,IMG_6983.jpg,resize,sg-0978,gc-0962,dataset_resize,none,false,dataset_provided_resize,raw_annotation_unchanged,Candidate policy only; raw ZIP/JSON unchanged; no final split assigned
train,IMG_6984.jpg,original,sg-0979,gc-0963,plain_base,none,true,,raw_annotation_unchanged,Candidate policy only; raw ZIP/JSON unchanged; no final split assigned
train,IMG_6984.jpg,resize,sg-0979,gc-0963,dataset_resize,none,false,dataset_provided_resize,raw_annotation_unchanged,Candidate policy only; raw ZIP/JSON unchanged; no final split assigned
train,IMG_6985.jpg,original,sg-0980,gc-0964,plain_base,none,true,,raw_annotation_unchanged,Candidate policy only; raw ZIP/JSON unchanged; no final split assigned
train,IMG_6985.jpg,resize,sg-0980,gc-0964,dataset_resize,none,false,dataset_provided_resize,raw_annotation_unchanged,Candidate policy only; raw ZIP/JSON unchanged; no final split assigned
train,IMG_6987.jpg,original,sg-0981,gc-0965,plain_base,none,true,,raw_annotation_unchanged,Candidate policy only; raw ZIP/JSON unchanged; no final split assigned
train,IMG_6987.jpg,resize,sg-0981,gc-0965,dataset_resize,none,false,dataset_provided_resize,raw_annotation_unchanged,Candidate policy only; raw ZIP/JSON unchanged; no final split assigned
train,IMG_6988.jpg,original,sg-0982,gc-0966,plain_base,none,true,,raw_annotation_unchanged,Candidate policy only; raw ZIP/JSON unchanged; no final split assigned
train,IMG_6988.jpg,resize,sg-0982,gc-0966,dataset_resize,none,false,dataset_provided_resize,raw_annotation_unchanged,Candidate policy only; raw ZIP/JSON unchanged; no final split assigned
train,IMG_6990.jpg,original,sg-0983,gc-0967,plain_base,none,true,,raw_annotation_unchanged,Candidate policy only; raw ZIP/JSON unchanged; no final split assigned
train,IMG_6990.jpg,resize,sg-0983,gc-0967,dataset_resize,none,false,dataset_provided_resize,raw_annotation_unchanged,Candidate policy only; raw ZIP/JSON unchanged; no final split assigned
train,IMG_6992.jpg,original,sg-0984,gc-0968,plain_base,none,true,,raw_annotation_unchanged,Candidate policy only; raw ZIP/JSON unchanged; no final split assigned
train,IMG_6992.jpg,resize,sg-0984,gc-0968,dataset_resize,none,false,dataset_provided_resize,raw_annotation_unchanged,Candidate policy only; raw ZIP/JSON unchanged; no final split assigned
train,IMG_6994.jpg,original,sg-0985,gc-0969,plain_base,none,true,,raw_annotation_unchanged,Candidate policy only; raw ZIP/JSON unchanged; no final split assigned
train,IMG_6994.jpg,resize,sg-0985,gc-0969,dataset_resize,none,false,dataset_provided_resize,raw_annotation_unchanged,Candidate policy only; raw ZIP/JSON unchanged; no final split assigned
train,IMG_6995.jpg,original,sg-0986,gc-0970,plain_base,none,true,,raw_annotation_unchanged,Candidate policy only; raw ZIP/JSON unchanged; no final split assigned
train,IMG_6995.jpg,resize,sg-0986,gc-0970,dataset_resize,none,false,dataset_provided_resize,raw_annotation_unchanged,Candidate policy only; raw ZIP/JSON unchanged; no final split assigned
train,IMG_6997.jpg,original,sg-0987,gc-0971,plain_base,none,true,,raw_annotation_unchanged,Candidate policy only; raw ZIP/JSON unchanged; no final split assigned
train,IMG_6997.jpg,resize,sg-0987,gc-0971,dataset_resize,none,false,dataset_provided_resize,raw_annotation_unchanged,Candidate policy only; raw ZIP/JSON unchanged; no final split assigned
train,IMG_6999.jpg,original,sg-0988,gc-0972,plain_base,none,true,,raw_annotation_unchanged,Candidate policy only; raw ZIP/JSON unchanged; no final split assigned
train,IMG_6999.jpg,resize,sg-0988,gc-0972,dataset_resize,none,false,dataset_provided_resize,raw_annotation_unchanged,Candidate policy only; raw ZIP/JSON unchanged; no final split assigned
train,IMG_7001.jpg,original,sg-0989,gc-0973,plain_base,none,true,,raw_annotation_unchanged,Candidate policy only; raw ZIP/JSON unchanged; no final split assigned
train,IMG_7001.jpg,resize,sg-0989,gc-0973,dataset_resize,none,false,dataset_provided_resize,raw_annotation_unchanged,Candidate policy only; raw ZIP/JSON unchanged; no final split assigned
train,IMG_7003.jpg,original,sg-0990,gc-0974,plain_base,none,true,,raw_annotation_unchanged,Candidate policy only; raw ZIP/JSON unchanged; no final split assigned
train,IMG_7003.jpg,resize,sg-0990,gc-0974,dataset_resize,none,false,dataset_provided_resize,raw_annotation_unchanged,Candidate policy only; raw ZIP/JSON unchanged; no final split assigned
train,IMG_7004.jpg,original,sg-0991,gc-0975,plain_base,none,true,,raw_annotation_unchanged,Candidate policy only; raw ZIP/JSON unchanged; no final split assigned
train,IMG_7004.jpg,resize,sg-0991,gc-0975,dataset_resize,none,false,dataset_provided_resize,raw_annotation_unchanged,Candidate policy only; raw ZIP/JSON unchanged; no final split assigned
train,IMG_7007.jpg,original,sg-0992,gc-0976,plain_base,none,true,,raw_annotation_unchanged,Candidate policy only; raw ZIP/JSON unchanged; no final split assigned
train,IMG_7007.jpg,resize,sg-0992,gc-0976,dataset_resize,none,false,dataset_provided_resize,raw_annotation_unchanged,Candidate policy only; raw ZIP/JSON unchanged; no final split assigned
train,IMG_7009.jpg,original,sg-0993,gc-0977,plain_base,none,true,,raw_annotation_unchanged,Candidate policy only; raw ZIP/JSON unchanged; no final split assigned
train,IMG_7009.jpg,resize,sg-0993,gc-0977,dataset_resize,none,false,dataset_provided_resize,raw_annotation_unchanged,Candidate policy only; raw ZIP/JSON unchanged; no final split assigned
train,IMG_7010.jpg,original,sg-0994,gc-0978,plain_base,none,true,,raw_annotation_unchanged,Candidate policy only; raw ZIP/JSON unchanged; no final split assigned
train,IMG_7010.jpg,resize,sg-0994,gc-0978,dataset_resize,none,false,dataset_provided_resize,raw_annotation_unchanged,Candidate policy only; raw ZIP/JSON unchanged; no final split assigned
train,IMG_7012.jpg,original,sg-0995,gc-0979,plain_base,none,true,,raw_annotation_unchanged,Candidate policy only; raw ZIP/JSON unchanged; no final split assigned
train,IMG_7012.jpg,resize,sg-0995,gc-0979,dataset_resize,none,false,dataset_provided_resize,raw_annotation_unchanged,Candidate policy only; raw ZIP/JSON unchanged; no final split assigned
train,IMG_7015.jpg,original,sg-0996,gc-0980,plain_base,none,true,,raw_annotation_unchanged,Candidate policy only; raw ZIP/JSON unchanged; no final split assigned
train,IMG_7015.jpg,resize,sg-0996,gc-0980,dataset_resize,none,false,dataset_provided_resize,raw_annotation_unchanged,Candidate policy only; raw ZIP/JSON unchanged; no final split assigned
train,IMG_7017.jpg,original,sg-0997,gc-0981,plain_base,none,true,,raw_annotation_unchanged,Candidate policy only; raw ZIP/JSON unchanged; no final split assigned
train,IMG_7017.jpg,resize,sg-0997,gc-0981,dataset_resize,none,false,dataset_provided_resize,raw_annotation_unchanged,Candidate policy only; raw ZIP/JSON unchanged; no final split assigned
train,IMG_7018.jpg,original,sg-0998,gc-0982,plain_base,none,true,,raw_annotation_unchanged,Candidate policy only; raw ZIP/JSON unchanged; no final split assigned
train,IMG_7018.jpg,resize,sg-0998,gc-0982,dataset_resize,none,false,dataset_provided_resize,raw_annotation_unchanged,Candidate policy only; raw ZIP/JSON unchanged; no final split assigned
train,IMG_7019.jpg,original,sg-0999,gc-0983,plain_base,none,true,,raw_annotation_unchanged,Candidate policy only; raw ZIP/JSON unchanged; no final split assigned
train,IMG_7019.jpg,resize,sg-0999,gc-0983,dataset_resize,none,false,dataset_provided_resize,raw_annotation_unchanged,Candidate policy only; raw ZIP/JSON unchanged; no final split assigned
train,IMG_7021.jpg,original,sg-1000,gc-0984,plain_base,none,true,,raw_annotation_unchanged,Candidate policy only; raw ZIP/JSON unchanged; no final split assigned
train,IMG_7021.jpg,resize,sg-1000,gc-0984,dataset_resize,none,false,dataset_provided_resize,raw_annotation_unchanged,Candidate policy only; raw ZIP/JSON unchanged; no final split assigned
train,IMG_7022.jpg,original,sg-1001,gc-0985,plain_base,none,true,,raw_annotation_unchanged,Candidate policy only; raw ZIP/JSON unchanged; no final split assigned
train,IMG_7022.jpg,resize,sg-1001,gc-0985,dataset_resize,none,false,dataset_provided_resize,raw_annotation_unchanged,Candidate policy only; raw ZIP/JSON unchanged; no final split assigned
train,IMG_7023.jpg,original,sg-1002,gc-0986,plain_base,none,true,,raw_annotation_unchanged,Candidate policy only; raw ZIP/JSON unchanged; no final split assigned
train,IMG_7023.jpg,resize,sg-1002,gc-0986,dataset_resize,none,false,dataset_provided_resize,raw_annotation_unchanged,Candidate policy only; raw ZIP/JSON unchanged; no final split assigned
train,IMG_7024.jpg,original,sg-1003,gc-0987,plain_base,none,true,,raw_annotation_unchanged,Candidate policy only; raw ZIP/JSON unchanged; no final split assigned
train,IMG_7024.jpg,resize,sg-1003,gc-0987,dataset_resize,none,false,dataset_provided_resize,raw_annotation_unchanged,Candidate policy only; raw ZIP/JSON unchanged; no final split assigned
train,IMG_7025.jpg,original,sg-1004,gc-0988,plain_base,none,true,,raw_annotation_unchanged,Candidate policy only; raw ZIP/JSON unchanged; no final split assigned
train,IMG_7025.jpg,resize,sg-1004,gc-0988,dataset_resize,none,false,dataset_provided_resize,raw_annotation_unchanged,Candidate policy only; raw ZIP/JSON unchanged; no final split assigned
train,IMG_7027.jpg,original,sg-1005,gc-0989,plain_base,none,true,,raw_annotation_unchanged,Candidate policy only; raw ZIP/JSON unchanged; no final split assigned
train,IMG_7027.jpg,resize,sg-1005,gc-0989,dataset_resize,none,false,dataset_provided_resize,raw_annotation_unchanged,Candidate policy only; raw ZIP/JSON unchanged; no final split assigned
train,IMG_7028.jpg,original,sg-1006,gc-0990,plain_base,none,true,,raw_annotation_unchanged,Candidate policy only; raw ZIP/JSON unchanged; no final split assigned
train,IMG_7028.jpg,resize,sg-1006,gc-0990,dataset_resize,none,false,dataset_provided_resize,raw_annotation_unchanged,Candidate policy only; raw ZIP/JSON unchanged; no final split assigned
train,IMG_7030.jpg,original,sg-1007,gc-0991,plain_base,none,true,,raw_annotation_unchanged,Candidate policy only; raw ZIP/JSON unchanged; no final split assigned
train,IMG_7030.jpg,resize,sg-1007,gc-0991,dataset_resize,none,false,dataset_provided_resize,raw_annotation_unchanged,Candidate policy only; raw ZIP/JSON unchanged; no final split assigned
train,IMG_7031.jpg,original,sg-1008,gc-0992,plain_base,none,true,,raw_annotation_unchanged,Candidate policy only; raw ZIP/JSON unchanged; no final split assigned
train,IMG_7031.jpg,resize,sg-1008,gc-0992,dataset_resize,none,false,dataset_provided_resize,raw_annotation_unchanged,Candidate policy only; raw ZIP/JSON unchanged; no final split assigned
train,IMG_7033.jpg,original,sg-1009,gc-0993,plain_base,none,true,,raw_annotation_unchanged,Candidate policy only; raw ZIP/JSON unchanged; no final split assigned
train,IMG_7033.jpg,resize,sg-1009,gc-0993,dataset_resize,none,false,dataset_provided_resize,raw_annotation_unchanged,Candidate policy only; raw ZIP/JSON unchanged; no final split assigned
train,IMG_7034.jpg,original,sg-1010,gc-0994,plain_base,none,true,,raw_annotation_unchanged,Candidate policy only; raw ZIP/JSON unchanged; no final split assigned
train,IMG_7034.jpg,resize,sg-1010,gc-0994,dataset_resize,none,false,dataset_provided_resize,raw_annotation_unchanged,Candidate policy only; raw ZIP/JSON unchanged; no final split assigned
train,IMG_7036.jpg,original,sg-1011,gc-0995,plain_base,none,true,,raw_annotation_unchanged,Candidate policy only; raw ZIP/JSON unchanged; no final split assigned
train,IMG_7036.jpg,resize,sg-1011,gc-0995,dataset_resize,none,false,dataset_provided_resize,raw_annotation_unchanged,Candidate policy only; raw ZIP/JSON unchanged; no final split assigned
train,IMG_7037.jpg,original,sg-1012,gc-0996,plain_base,none,true,,raw_annotation_unchanged,Candidate policy only; raw ZIP/JSON unchanged; no final split assigned
train,IMG_7037.jpg,resize,sg-1012,gc-0996,dataset_resize,none,false,dataset_provided_resize,raw_annotation_unchanged,Candidate policy only; raw ZIP/JSON unchanged; no final split assigned
train,IMG_7038.jpg,original,sg-1013,gc-0997,plain_base,none,true,,raw_annotation_unchanged,Candidate policy only; raw ZIP/JSON unchanged; no final split assigned
train,IMG_7038.jpg,resize,sg-1013,gc-0997,dataset_resize,none,false,dataset_provided_resize,raw_annotation_unchanged,Candidate policy only; raw ZIP/JSON unchanged; no final split assigned
train,IMG_7039.jpg,original,sg-1014,gc-0998,plain_base,none,true,,raw_annotation_unchanged,Candidate policy only; raw ZIP/JSON unchanged; no final split assigned
train,IMG_7039.jpg,resize,sg-1014,gc-0998,dataset_resize,none,false,dataset_provided_resize,raw_annotation_unchanged,Candidate policy only; raw ZIP/JSON unchanged; no final split assigned
train,IMG_7040.jpg,original,sg-1015,gc-0999,plain_base,none,true,,raw_annotation_unchanged,Candidate policy only; raw ZIP/JSON unchanged; no final split assigned
train,IMG_7040.jpg,resize,sg-1015,gc-0999,dataset_resize,none,false,dataset_provided_resize,raw_annotation_unchanged,Candidate policy only; raw ZIP/JSON unchanged; no final split assigned
train,IMG_7042.jpg,original,sg-1016,gc-1000,plain_base,none,true,,raw_annotation_unchanged,Candidate policy only; raw ZIP/JSON unchanged; no final split assigned
train,IMG_7042.jpg,resize,sg-1016,gc-1000,dataset_resize,none,false,dataset_provided_resize,raw_annotation_unchanged,Candidate policy only; raw ZIP/JSON unchanged; no final split assigned
train,IMG_7043.jpg,original,sg-1017,gc-1001,plain_base,none,true,,raw_annotation_unchanged,Candidate policy only; raw ZIP/JSON unchanged; no final split assigned
train,IMG_7043.jpg,resize,sg-1017,gc-1001,dataset_resize,none,false,dataset_provided_resize,raw_annotation_unchanged,Candidate policy only; raw ZIP/JSON unchanged; no final split assigned
train,IMG_7046.jpg,original,sg-1018,gc-1002,plain_base,none,true,,raw_annotation_unchanged,Candidate policy only; raw ZIP/JSON unchanged; no final split assigned
train,IMG_7046.jpg,resize,sg-1018,gc-1002,dataset_resize,none,false,dataset_provided_resize,raw_annotation_unchanged,Candidate policy only; raw ZIP/JSON unchanged; no final split assigned
train,IMG_7047.jpg,original,sg-1019,gc-1003,plain_base,none,true,,raw_annotation_unchanged,Candidate policy only; raw ZIP/JSON unchanged; no final split assigned
train,IMG_7047.jpg,resize,sg-1019,gc-1003,dataset_resize,none,false,dataset_provided_resize,raw_annotation_unchanged,Candidate policy only; raw ZIP/JSON unchanged; no final split assigned
train,IMG_7048.jpg,original,sg-1020,gc-1004,plain_base,none,true,,raw_annotation_unchanged,Candidate policy only; raw ZIP/JSON unchanged; no final split assigned
train,IMG_7048.jpg,resize,sg-1020,gc-1004,dataset_resize,none,false,dataset_provided_resize,raw_annotation_unchanged,Candidate policy only; raw ZIP/JSON unchanged; no final split assigned
train,IMG_7050.jpg,original,sg-1021,gc-1005,plain_base,none,true,,raw_annotation_unchanged,Candidate policy only; raw ZIP/JSON unchanged; no final split assigned
train,IMG_7050.jpg,resize,sg-1021,gc-1005,dataset_resize,none,false,dataset_provided_resize,raw_annotation_unchanged,Candidate policy only; raw ZIP/JSON unchanged; no final split assigned
train,IMG_7052.jpg,original,sg-1022,gc-1006,plain_base,none,true,,raw_annotation_unchanged,Candidate policy only; raw ZIP/JSON unchanged; no final split assigned
train,IMG_7052.jpg,resize,sg-1022,gc-1006,dataset_resize,none,false,dataset_provided_resize,raw_annotation_unchanged,Candidate policy only; raw ZIP/JSON unchanged; no final split assigned
train,IMG_7052_brightness.jpg,original,sg-1022,gc-1006,offline_augmentation,brightness,false,dataset_offline_augmentation,raw_annotation_unchanged,Candidate policy only; raw ZIP/JSON unchanged; no final split assigned
train,IMG_7052_brightness.jpg,resize,sg-1022,gc-1006,dataset_resize,brightness,false,dataset_provided_resize,raw_annotation_unchanged,Candidate policy only; raw ZIP/JSON unchanged; no final split assigned
train,IMG_7054.jpg,original,sg-1023,gc-1007,plain_base,none,true,,raw_annotation_unchanged,Candidate policy only; raw ZIP/JSON unchanged; no final split assigned
train,IMG_7054.jpg,resize,sg-1023,gc-1007,dataset_resize,none,false,dataset_provided_resize,raw_annotation_unchanged,Candidate policy only; raw ZIP/JSON unchanged; no final split assigned
train,IMG_7055.jpg,original,sg-1024,gc-1008,plain_base,none,true,,raw_annotation_unchanged,Candidate policy only; raw ZIP/JSON unchanged; no final split assigned
train,IMG_7055.jpg,resize,sg-1024,gc-1008,dataset_resize,none,false,dataset_provided_resize,raw_annotation_unchanged,Candidate policy only; raw ZIP/JSON unchanged; no final split assigned
train,IMG_7056.jpg,original,sg-1025,gc-1009,plain_base,none,true,,raw_annotation_unchanged,Candidate policy only; raw ZIP/JSON unchanged; no final split assigned
train,IMG_7056.jpg,resize,sg-1025,gc-1009,dataset_resize,none,false,dataset_provided_resize,raw_annotation_unchanged,Candidate policy only; raw ZIP/JSON unchanged; no final split assigned
train,IMG_7058.jpg,original,sg-1026,gc-1010,plain_base,none,true,,raw_annotation_unchanged,Candidate policy only; raw ZIP/JSON unchanged; no final split assigned
train,IMG_7058.jpg,resize,sg-1026,gc-1010,dataset_resize,none,false,dataset_provided_resize,raw_annotation_unchanged,Candidate policy only; raw ZIP/JSON unchanged; no final split assigned
train,IMG_7060.jpg,original,sg-1027,gc-1011,plain_base,none,true,,raw_annotation_unchanged,Candidate policy only; raw ZIP/JSON unchanged; no final split assigned
train,IMG_7060.jpg,resize,sg-1027,gc-1011,dataset_resize,none,false,dataset_provided_resize,raw_annotation_unchanged,Candidate policy only; raw ZIP/JSON unchanged; no final split assigned
train,IMG_7061.jpg,original,sg-1028,gc-1012,plain_base,none,true,,raw_annotation_unchanged,Candidate policy only; raw ZIP/JSON unchanged; no final split assigned
train,IMG_7061.jpg,resize,sg-1028,gc-1012,dataset_resize,none,false,dataset_provided_resize,raw_annotation_unchanged,Candidate policy only; raw ZIP/JSON unchanged; no final split assigned
train,IMG_7063.jpg,original,sg-1029,gc-1013,plain_base,none,true,,raw_annotation_unchanged,Candidate policy only; raw ZIP/JSON unchanged; no final split assigned
train,IMG_7063.jpg,resize,sg-1029,gc-1013,dataset_resize,none,false,dataset_provided_resize,raw_annotation_unchanged,Candidate policy only; raw ZIP/JSON unchanged; no final split assigned
train,IMG_7065.jpg,original,sg-1030,gc-1014,plain_base,none,true,,raw_annotation_unchanged,Candidate policy only; raw ZIP/JSON unchanged; no final split assigned
train,IMG_7065.jpg,resize,sg-1030,gc-1014,dataset_resize,none,false,dataset_provided_resize,raw_annotation_unchanged,Candidate policy only; raw ZIP/JSON unchanged; no final split assigned
train,IMG_7066.jpg,original,sg-1031,gc-1015,plain_base,none,true,,raw_annotation_unchanged,Candidate policy only; raw ZIP/JSON unchanged; no final split assigned
train,IMG_7066.jpg,resize,sg-1031,gc-1015,dataset_resize,none,false,dataset_provided_resize,raw_annotation_unchanged,Candidate policy only; raw ZIP/JSON unchanged; no final split assigned
train,IMG_7067.jpg,original,sg-1032,gc-1016,plain_base,none,true,,raw_annotation_unchanged,Candidate policy only; raw ZIP/JSON unchanged; no final split assigned
train,IMG_7067.jpg,resize,sg-1032,gc-1016,dataset_resize,none,false,dataset_provided_resize,raw_annotation_unchanged,Candidate policy only; raw ZIP/JSON unchanged; no final split assigned
train,IMG_7069.jpg,original,sg-1033,gc-1017,plain_base,none,true,,raw_annotation_unchanged,Candidate policy only; raw ZIP/JSON unchanged; no final split assigned
train,IMG_7069.jpg,resize,sg-1033,gc-1017,dataset_resize,none,false,dataset_provided_resize,raw_annotation_unchanged,Candidate policy only; raw ZIP/JSON unchanged; no final split assigned
train,IMG_7070.jpg,original,sg-1034,gc-1018,plain_base,none,true,,raw_annotation_unchanged,Candidate policy only; raw ZIP/JSON unchanged; no final split assigned
train,IMG_7070.jpg,resize,sg-1034,gc-1018,dataset_resize,none,false,dataset_provided_resize,raw_annotation_unchanged,Candidate policy only; raw ZIP/JSON unchanged; no final split assigned
train,IMG_7073.jpg,original,sg-1035,gc-1019,plain_base,none,true,,raw_annotation_unchanged,Candidate policy only; raw ZIP/JSON unchanged; no final split assigned
train,IMG_7073.jpg,resize,sg-1035,gc-1019,dataset_resize,none,false,dataset_provided_resize,raw_annotation_unchanged,Candidate policy only; raw ZIP/JSON unchanged; no final split assigned
train,IMG_7075.jpg,original,sg-1036,gc-1020,plain_base,none,true,,raw_annotation_unchanged,Candidate policy only; raw ZIP/JSON unchanged; no final split assigned
train,IMG_7075.jpg,resize,sg-1036,gc-1020,dataset_resize,none,false,dataset_provided_resize,raw_annotation_unchanged,Candidate policy only; raw ZIP/JSON unchanged; no final split assigned
train,IMG_7359.jpg,original,sg-1037,gc-1021,plain_base,none,true,,raw_annotation_unchanged,Candidate policy only; raw ZIP/JSON unchanged; no final split assigned
train,IMG_7359.jpg,resize,sg-1037,gc-1021,dataset_resize,none,false,dataset_provided_resize,raw_annotation_unchanged,Candidate policy only; raw ZIP/JSON unchanged; no final split assigned
train,IMG_7360.jpg,original,sg-1038,gc-1022,plain_base,none,true,,raw_annotation_unchanged,Candidate policy only; raw ZIP/JSON unchanged; no final split assigned
train,IMG_7360.jpg,resize,sg-1038,gc-1022,dataset_resize,none,false,dataset_provided_resize,raw_annotation_unchanged,Candidate policy only; raw ZIP/JSON unchanged; no final split assigned
train,IMG_7361.jpg,original,sg-1039,gc-1023,plain_base,none,true,,raw_annotation_unchanged,Candidate policy only; raw ZIP/JSON unchanged; no final split assigned
train,IMG_7361.jpg,resize,sg-1039,gc-1023,dataset_resize,none,false,dataset_provided_resize,raw_annotation_unchanged,Candidate policy only; raw ZIP/JSON unchanged; no final split assigned
train,IMG_7362.jpg,original,sg-1040,gc-1024,plain_base,none,true,,raw_annotation_unchanged,Candidate policy only; raw ZIP/JSON unchanged; no final split assigned
train,IMG_7362.jpg,resize,sg-1040,gc-1024,dataset_resize,none,false,dataset_provided_resize,raw_annotation_unchanged,Candidate policy only; raw ZIP/JSON unchanged; no final split assigned
val,107.jpg,original,sg-1041,gc-1025,plain_base,none,true,,raw_annotation_unchanged,Candidate policy only; raw ZIP/JSON unchanged; no final split assigned
val,107.jpg,resize,sg-1041,gc-1025,dataset_resize,none,false,dataset_provided_resize,raw_annotation_unchanged,Candidate policy only; raw ZIP/JSON unchanged; no final split assigned
val,1090.jpg,original,sg-1042,gc-1026,plain_base,none,true,,raw_annotation_unchanged,Candidate policy only; raw ZIP/JSON unchanged; no final split assigned
val,1090.jpg,resize,sg-1042,gc-1026,dataset_resize,none,false,dataset_provided_resize,raw_annotation_unchanged,Candidate policy only; raw ZIP/JSON unchanged; no final split assigned
val,111.jpg,original,sg-0246,gc-0245,plain_base,none,true,,raw_annotation_unchanged,Candidate policy only; raw ZIP/JSON unchanged; no final split assigned
val,111.jpg,resize,sg-0246,gc-0245,dataset_resize,none,false,dataset_provided_resize,raw_annotation_unchanged,Candidate policy only; raw ZIP/JSON unchanged; no final split assigned
val,1130.jpg,original,sg-1043,gc-1027,plain_base,none,true,,raw_annotation_unchanged,Candidate policy only; raw ZIP/JSON unchanged; no final split assigned
val,1130.jpg,resize,sg-1043,gc-1027,dataset_resize,none,false,dataset_provided_resize,raw_annotation_unchanged,Candidate policy only; raw ZIP/JSON unchanged; no final split assigned
val,114.jpg,original,sg-1044,gc-1028,plain_base,none,true,,raw_annotation_unchanged,Candidate policy only; raw ZIP/JSON unchanged; no final split assigned
val,114.jpg,resize,sg-1044,gc-1028,dataset_resize,none,false,dataset_provided_resize,raw_annotation_unchanged,Candidate policy only; raw ZIP/JSON unchanged; no final split assigned
val,1180.jpg,original,sg-0249,gc-0248,plain_base,none,true,,raw_annotation_unchanged,Candidate policy only; raw ZIP/JSON unchanged; no final split assigned
val,1180.jpg,resize,sg-0249,gc-0248,dataset_resize,none,false,dataset_provided_resize,raw_annotation_unchanged,Candidate policy only; raw ZIP/JSON unchanged; no final split assigned
val,1210.jpg,original,sg-1045,gc-1029,plain_base,none,true,,raw_annotation_unchanged,Candidate policy only; raw ZIP/JSON unchanged; no final split assigned
val,1210.jpg,resize,sg-1045,gc-1029,dataset_resize,none,false,dataset_provided_resize,raw_annotation_unchanged,Candidate policy only; raw ZIP/JSON unchanged; no final split assigned
val,1220.jpg,original,sg-1046,gc-1030,plain_base,none,true,,raw_annotation_unchanged,Candidate policy only; raw ZIP/JSON unchanged; no final split assigned
val,1220.jpg,resize,sg-1046,gc-1030,dataset_resize,none,false,dataset_provided_resize,raw_annotation_unchanged,Candidate policy only; raw ZIP/JSON unchanged; no final split assigned
val,1290_noise.jpg,original,sg-0007,gc-0007,offline_augmentation,noise,false,dataset_offline_augmentation,raw_annotation_unchanged,Candidate policy only; raw ZIP/JSON unchanged; no final split assigned
val,1290_noise.jpg,resize,sg-0007,gc-0007,dataset_resize,noise,false,dataset_provided_resize,raw_annotation_unchanged,Candidate policy only; raw ZIP/JSON unchanged; no final split assigned
val,1310_noise.jpg,original,sg-0258,gc-0257,offline_augmentation,noise,false,dataset_offline_augmentation,raw_annotation_unchanged,Candidate policy only; raw ZIP/JSON unchanged; no final split assigned
val,1310_noise.jpg,resize,sg-0258,gc-0257,dataset_resize,noise,false,dataset_provided_resize,raw_annotation_unchanged,Candidate policy only; raw ZIP/JSON unchanged; no final split assigned
val,1360_brightness.jpg,original,sg-0035,gc-0034,offline_augmentation,brightness,false,dataset_offline_augmentation,raw_annotation_unchanged,Candidate policy only; raw ZIP/JSON unchanged; no final split assigned
val,1360_brightness.jpg,resize,sg-0035,gc-0034,dataset_resize,brightness,false,dataset_provided_resize,raw_annotation_unchanged,Candidate policy only; raw ZIP/JSON unchanged; no final split assigned
val,1400_noise.jpg,original,sg-0009,gc-0009,offline_augmentation,noise,false,dataset_offline_augmentation,raw_annotation_unchanged,Candidate policy only; raw ZIP/JSON unchanged; no final split assigned
val,1400_noise.jpg,resize,sg-0009,gc-0009,dataset_resize,noise,false,dataset_provided_resize,raw_annotation_unchanged,Candidate policy only; raw ZIP/JSON unchanged; no final split assigned
val,1450_brightness.jpg,original,sg-0266,gc-0263,offline_augmentation,brightness,false,dataset_offline_augmentation,raw_annotation_unchanged,Candidate policy only; raw ZIP/JSON unchanged; no final split assigned
val,1450_brightness.jpg,resize,sg-0266,gc-0263,dataset_resize,brightness,false,dataset_provided_resize,raw_annotation_unchanged,Candidate policy only; raw ZIP/JSON unchanged; no final split assigned
val,1460_noise.jpg,original,sg-0267,gc-0264,offline_augmentation,noise,false,dataset_offline_augmentation,raw_annotation_unchanged,Candidate policy only; raw ZIP/JSON unchanged; no final split assigned
val,1460_noise.jpg,resize,sg-0267,gc-0264,dataset_resize,noise,false,dataset_provided_resize,raw_annotation_unchanged,Candidate policy only; raw ZIP/JSON unchanged; no final split assigned
val,1550_noise.jpg,original,sg-0274,gc-0270,offline_augmentation,noise,false,dataset_offline_augmentation,raw_annotation_unchanged,Candidate policy only; raw ZIP/JSON unchanged; no final split assigned
val,1550_noise.jpg,resize,sg-0274,gc-0270,dataset_resize,noise,false,dataset_provided_resize,raw_annotation_unchanged,Candidate policy only; raw ZIP/JSON unchanged; no final split assigned
val,1560_brightness.jpg,original,sg-0036,gc-0035,offline_augmentation,brightness,false,dataset_offline_augmentation,raw_annotation_unchanged,Candidate policy only; raw ZIP/JSON unchanged; no final split assigned
val,1560_brightness.jpg,resize,sg-0036,gc-0035,dataset_resize,brightness,false,dataset_provided_resize,raw_annotation_unchanged,Candidate policy only; raw ZIP/JSON unchanged; no final split assigned
val,1560_noise.jpg,original,sg-0036,gc-0035,offline_augmentation,noise,false,dataset_offline_augmentation,raw_annotation_unchanged,Candidate policy only; raw ZIP/JSON unchanged; no final split assigned
val,1560_noise.jpg,resize,sg-0036,gc-0035,dataset_resize,noise,false,dataset_provided_resize,raw_annotation_unchanged,Candidate policy only; raw ZIP/JSON unchanged; no final split assigned
val,166.jpg,original,sg-0419,gc-0407,plain_base,none,false,annotation_conflict_group_holdout,raw_annotation_unchanged,Candidate policy only; raw ZIP/JSON unchanged; no final split assigned
val,166.jpg,resize,sg-0419,gc-0407,dataset_resize,none,false,dataset_provided_resize,raw_annotation_unchanged,Candidate policy only; raw ZIP/JSON unchanged; no final split assigned
val,170.jpg,original,sg-1047,gc-1031,plain_base,none,true,,raw_annotation_unchanged,Candidate policy only; raw ZIP/JSON unchanged; no final split assigned
val,170.jpg,resize,sg-1047,gc-1031,dataset_resize,none,false,dataset_provided_resize,raw_annotation_unchanged,Candidate policy only; raw ZIP/JSON unchanged; no final split assigned
val,172_noise.jpg,original,sg-0285,gc-0018,fallback_augmented_only,noise,false,no_base_fallback_requires_review,raw_annotation_unchanged,Candidate policy only; raw ZIP/JSON unchanged; no final split assigned
val,172_noise.jpg,resize,sg-0285,gc-0018,dataset_resize,noise,false,dataset_provided_resize,raw_annotation_unchanged,Candidate policy only; raw ZIP/JSON unchanged; no final split assigned
val,1770_noise.jpg,original,sg-0288,gc-0282,offline_augmentation,noise,false,dataset_offline_augmentation,raw_annotation_unchanged,Candidate policy only; raw ZIP/JSON unchanged; no final split assigned
val,1770_noise.jpg,resize,sg-0288,gc-0282,dataset_resize,noise,false,dataset_provided_resize,raw_annotation_unchanged,Candidate policy only; raw ZIP/JSON unchanged; no final split assigned
val,1870.jpg,original,sg-1048,gc-1032,plain_base,none,true,,raw_annotation_unchanged,Candidate policy only; raw ZIP/JSON unchanged; no final split assigned
val,1870.jpg,resize,sg-1048,gc-1032,dataset_resize,none,false,dataset_provided_resize,raw_annotation_unchanged,Candidate policy only; raw ZIP/JSON unchanged; no final split assigned
val,192_brightness.jpg,original,sg-0301,gc-0295,offline_augmentation,brightness,false,dataset_offline_augmentation,raw_annotation_unchanged,Candidate policy only; raw ZIP/JSON unchanged; no final split assigned
val,192_brightness.jpg,resize,sg-0301,gc-0295,dataset_resize,brightness,false,dataset_provided_resize,raw_annotation_unchanged,Candidate policy only; raw ZIP/JSON unchanged; no final split assigned
val,194_noise.jpg,original,sg-0303,gc-0297,offline_augmentation,noise,false,dataset_offline_augmentation,raw_annotation_unchanged,Candidate policy only; raw ZIP/JSON unchanged; no final split assigned
val,194_noise.jpg,resize,sg-0303,gc-0297,dataset_resize,noise,false,dataset_provided_resize,raw_annotation_unchanged,Candidate policy only; raw ZIP/JSON unchanged; no final split assigned
val,2040_brightness.jpg,original,sg-0023,gc-0023,offline_augmentation,brightness,false,dataset_offline_augmentation,raw_annotation_unchanged,Candidate policy only; raw ZIP/JSON unchanged; no final split assigned
val,2040_brightness.jpg,resize,sg-0023,gc-0023,dataset_resize,brightness,false,dataset_provided_resize,raw_annotation_unchanged,Candidate policy only; raw ZIP/JSON unchanged; no final split assigned
val,207_noise.jpg,original,sg-0314,gc-0308,offline_augmentation,noise,false,dataset_offline_augmentation,raw_annotation_unchanged,Candidate policy only; raw ZIP/JSON unchanged; no final split assigned
val,207_noise.jpg,resize,sg-0314,gc-0308,dataset_resize,noise,false,dataset_provided_resize,raw_annotation_unchanged,Candidate policy only; raw ZIP/JSON unchanged; no final split assigned
val,2150_brightness.jpg,original,sg-0026,gc-0026,offline_augmentation,brightness,false,dataset_offline_augmentation,raw_annotation_unchanged,Candidate policy only; raw ZIP/JSON unchanged; no final split assigned
val,2150_brightness.jpg,resize,sg-0026,gc-0026,dataset_resize,brightness,false,dataset_provided_resize,raw_annotation_unchanged,Candidate policy only; raw ZIP/JSON unchanged; no final split assigned
val,2150_noise.jpg,original,sg-0026,gc-0026,offline_augmentation,noise,false,dataset_offline_augmentation,raw_annotation_unchanged,Candidate policy only; raw ZIP/JSON unchanged; no final split assigned
val,2150_noise.jpg,resize,sg-0026,gc-0026,dataset_resize,noise,false,dataset_provided_resize,raw_annotation_unchanged,Candidate policy only; raw ZIP/JSON unchanged; no final split assigned
val,22000.jpg,original,sg-1049,gc-1033,plain_base,none,true,,raw_annotation_unchanged,Candidate policy only; raw ZIP/JSON unchanged; no final split assigned
val,22000.jpg,resize,sg-1049,gc-1033,dataset_resize,none,false,dataset_provided_resize,raw_annotation_unchanged,Candidate policy only; raw ZIP/JSON unchanged; no final split assigned
val,2200_brightness.jpg,original,sg-0326,gc-0320,offline_augmentation,brightness,false,dataset_offline_augmentation,raw_annotation_unchanged,Candidate policy only; raw ZIP/JSON unchanged; no final split assigned
val,2200_brightness.jpg,resize,sg-0326,gc-0320,dataset_resize,brightness,false,dataset_provided_resize,raw_annotation_unchanged,Candidate policy only; raw ZIP/JSON unchanged; no final split assigned
val,2210_brightness.jpg,original,sg-0027,gc-0027,offline_augmentation,brightness,false,dataset_offline_augmentation,raw_annotation_unchanged,Candidate policy only; raw ZIP/JSON unchanged; no final split assigned
val,2210_brightness.jpg,resize,sg-0027,gc-0027,dataset_resize,brightness,false,dataset_provided_resize,raw_annotation_unchanged,Candidate policy only; raw ZIP/JSON unchanged; no final split assigned
val,223_noise.jpg,original,sg-0328,gc-0322,offline_augmentation,noise,false,dataset_offline_augmentation,raw_annotation_unchanged,Candidate policy only; raw ZIP/JSON unchanged; no final split assigned
val,223_noise.jpg,resize,sg-0328,gc-0322,dataset_resize,noise,false,dataset_provided_resize,raw_annotation_unchanged,Candidate policy only; raw ZIP/JSON unchanged; no final split assigned
val,227_brightness.jpg,original,sg-0028,gc-0028,offline_augmentation,brightness,false,dataset_offline_augmentation,raw_annotation_unchanged,Candidate policy only; raw ZIP/JSON unchanged; no final split assigned
val,227_brightness.jpg,resize,sg-0028,gc-0028,dataset_resize,brightness,false,dataset_provided_resize,raw_annotation_unchanged,Candidate policy only; raw ZIP/JSON unchanged; no final split assigned
val,2340_noise.jpg,original,sg-0006,gc-0006,offline_augmentation,noise,false,dataset_offline_augmentation,raw_annotation_unchanged,Candidate policy only; raw ZIP/JSON unchanged; no final split assigned
val,2340_noise.jpg,resize,sg-0006,gc-0006,dataset_resize,noise,false,dataset_provided_resize,raw_annotation_unchanged,Candidate policy only; raw ZIP/JSON unchanged; no final split assigned
val,2400_noise.jpg,original,sg-0341,gc-0334,fallback_augmented_only,noise,false,no_base_fallback_requires_review,raw_annotation_unchanged,Candidate policy only; raw ZIP/JSON unchanged; no final split assigned
val,2400_noise.jpg,resize,sg-0341,gc-0334,dataset_resize,noise,false,dataset_provided_resize,raw_annotation_unchanged,Candidate policy only; raw ZIP/JSON unchanged; no final split assigned
val,251_brightness.jpg,original,sg-0008,gc-0008,offline_augmentation,brightness,false,dataset_offline_augmentation,raw_annotation_unchanged,Candidate policy only; raw ZIP/JSON unchanged; no final split assigned
val,251_brightness.jpg,resize,sg-0008,gc-0008,dataset_resize,brightness,false,dataset_provided_resize,raw_annotation_unchanged,Candidate policy only; raw ZIP/JSON unchanged; no final split assigned
val,2520_brightness.jpg,original,sg-0348,gc-0340,offline_augmentation,brightness,false,dataset_offline_augmentation,raw_annotation_unchanged,Candidate policy only; raw ZIP/JSON unchanged; no final split assigned
val,2520_brightness.jpg,resize,sg-0348,gc-0340,dataset_resize,brightness,false,dataset_provided_resize,raw_annotation_unchanged,Candidate policy only; raw ZIP/JSON unchanged; no final split assigned
val,256_noise.jpg,original,sg-0263,gc-0261,offline_augmentation,noise,false,dataset_offline_augmentation,raw_annotation_unchanged,Candidate policy only; raw ZIP/JSON unchanged; no final split assigned
val,256_noise.jpg,resize,sg-0263,gc-0261,dataset_resize,noise,false,dataset_provided_resize,raw_annotation_unchanged,Candidate policy only; raw ZIP/JSON unchanged; no final split assigned
val,2590_brightness.jpg,original,sg-0273,gc-0269,offline_augmentation,brightness,false,dataset_offline_augmentation,raw_annotation_unchanged,Candidate policy only; raw ZIP/JSON unchanged; no final split assigned
val,2590_brightness.jpg,resize,sg-0273,gc-0269,dataset_resize,brightness,false,dataset_provided_resize,raw_annotation_unchanged,Candidate policy only; raw ZIP/JSON unchanged; no final split assigned
val,2640_brightness.jpg,original,sg-0036,gc-0035,offline_augmentation,brightness,false,dataset_offline_augmentation,raw_annotation_unchanged,Candidate policy only; raw ZIP/JSON unchanged; no final split assigned
val,2640_brightness.jpg,resize,sg-0036,gc-0035,dataset_resize,brightness,false,dataset_provided_resize,raw_annotation_unchanged,Candidate policy only; raw ZIP/JSON unchanged; no final split assigned
val,2640_noise.jpg,original,sg-0036,gc-0035,offline_augmentation,noise,false,dataset_offline_augmentation,raw_annotation_unchanged,Candidate policy only; raw ZIP/JSON unchanged; no final split assigned
val,2640_noise.jpg,resize,sg-0036,gc-0035,dataset_resize,noise,false,dataset_provided_resize,raw_annotation_unchanged,Candidate policy only; raw ZIP/JSON unchanged; no final split assigned
val,266_noise.jpg,original,sg-0357,gc-0347,offline_augmentation,noise,false,dataset_offline_augmentation,raw_annotation_unchanged,Candidate policy only; raw ZIP/JSON unchanged; no final split assigned
val,266_noise.jpg,resize,sg-0357,gc-0347,dataset_resize,noise,false,dataset_provided_resize,raw_annotation_unchanged,Candidate policy only; raw ZIP/JSON unchanged; no final split assigned
val,267_noise.jpg,original,sg-0012,gc-0012,offline_augmentation,noise,false,dataset_offline_augmentation,raw_annotation_unchanged,Candidate policy only; raw ZIP/JSON unchanged; no final split assigned
val,267_noise.jpg,resize,sg-0012,gc-0012,dataset_resize,noise,false,dataset_provided_resize,raw_annotation_unchanged,Candidate policy only; raw ZIP/JSON unchanged; no final split assigned
val,2710_brightness.jpg,original,sg-0358,gc-0348,offline_augmentation,brightness,false,dataset_offline_augmentation,raw_annotation_unchanged,Candidate policy only; raw ZIP/JSON unchanged; no final split assigned
val,2710_brightness.jpg,resize,sg-0358,gc-0348,dataset_resize,brightness,false,dataset_provided_resize,raw_annotation_unchanged,Candidate policy only; raw ZIP/JSON unchanged; no final split assigned
val,288_noise.jpg,original,sg-0365,gc-0354,offline_augmentation,noise,false,dataset_offline_augmentation,raw_annotation_unchanged,Candidate policy only; raw ZIP/JSON unchanged; no final split assigned
val,288_noise.jpg,resize,sg-0365,gc-0354,dataset_resize,noise,false,dataset_provided_resize,raw_annotation_unchanged,Candidate policy only; raw ZIP/JSON unchanged; no final split assigned
val,2910_brightness.jpg,original,sg-0368,gc-0357,offline_augmentation,brightness,false,dataset_offline_augmentation,raw_annotation_unchanged,Candidate policy only; raw ZIP/JSON unchanged; no final split assigned
val,2910_brightness.jpg,resize,sg-0368,gc-0357,dataset_resize,brightness,false,dataset_provided_resize,raw_annotation_unchanged,Candidate policy only; raw ZIP/JSON unchanged; no final split assigned
val,2950_brightness.jpg,original,sg-0369,gc-0358,offline_augmentation,brightness,false,dataset_offline_augmentation,raw_annotation_unchanged,Candidate policy only; raw ZIP/JSON unchanged; no final split assigned
val,2950_brightness.jpg,resize,sg-0369,gc-0358,dataset_resize,brightness,false,dataset_provided_resize,raw_annotation_unchanged,Candidate policy only; raw ZIP/JSON unchanged; no final split assigned
val,2950_noise.jpg,original,sg-0369,gc-0358,offline_augmentation,noise,false,dataset_offline_augmentation,raw_annotation_unchanged,Candidate policy only; raw ZIP/JSON unchanged; no final split assigned
val,2950_noise.jpg,resize,sg-0369,gc-0358,dataset_resize,noise,false,dataset_provided_resize,raw_annotation_unchanged,Candidate policy only; raw ZIP/JSON unchanged; no final split assigned
val,2970_noise.jpg,original,sg-0370,gc-0359,offline_augmentation,noise,false,dataset_offline_augmentation,raw_annotation_unchanged,Candidate policy only; raw ZIP/JSON unchanged; no final split assigned
val,2970_noise.jpg,resize,sg-0370,gc-0359,dataset_resize,noise,false,dataset_provided_resize,raw_annotation_unchanged,Candidate policy only; raw ZIP/JSON unchanged; no final split assigned
val,3110_brightness.jpg,original,sg-0047,gc-0046,offline_augmentation,brightness,false,dataset_offline_augmentation,raw_annotation_unchanged,Candidate policy only; raw ZIP/JSON unchanged; no final split assigned
val,3110_brightness.jpg,resize,sg-0047,gc-0046,dataset_resize,brightness,false,dataset_provided_resize,raw_annotation_unchanged,Candidate policy only; raw ZIP/JSON unchanged; no final split assigned
val,3210.jpg,original,sg-1050,gc-1034,plain_base,none,true,,raw_annotation_unchanged,Candidate policy only; raw ZIP/JSON unchanged; no final split assigned
val,3210.jpg,resize,sg-1050,gc-1034,dataset_resize,none,false,dataset_provided_resize,raw_annotation_unchanged,Candidate policy only; raw ZIP/JSON unchanged; no final split assigned
val,3310.jpg,original,sg-1051,gc-1035,plain_base,none,true,,raw_annotation_unchanged,Candidate policy only; raw ZIP/JSON unchanged; no final split assigned
val,3310.jpg,resize,sg-1051,gc-1035,dataset_resize,none,false,dataset_provided_resize,raw_annotation_unchanged,Candidate policy only; raw ZIP/JSON unchanged; no final split assigned
val,3320.jpg,original,sg-1052,gc-1036,plain_base,none,true,,raw_annotation_unchanged,Candidate policy only; raw ZIP/JSON unchanged; no final split assigned
val,3320.jpg,resize,sg-1052,gc-1036,dataset_resize,none,false,dataset_provided_resize,raw_annotation_unchanged,Candidate policy only; raw ZIP/JSON unchanged; no final split assigned
val,336.jpg,original,sg-1053,gc-1037,plain_base,none,true,,raw_annotation_unchanged,Candidate policy only; raw ZIP/JSON unchanged; no final split assigned
val,336.jpg,resize,sg-1053,gc-1037,dataset_resize,none,false,dataset_provided_resize,raw_annotation_unchanged,Candidate policy only; raw ZIP/JSON unchanged; no final split assigned
val,340.jpg,original,sg-1054,gc-1038,plain_base,none,true,,raw_annotation_unchanged,Candidate policy only; raw ZIP/JSON unchanged; no final split assigned
val,340.jpg,resize,sg-1054,gc-1038,dataset_resize,none,false,dataset_provided_resize,raw_annotation_unchanged,Candidate policy only; raw ZIP/JSON unchanged; no final split assigned
val,3450.jpg,original,sg-1055,gc-1039,plain_base,none,true,,raw_annotation_unchanged,Candidate policy only; raw ZIP/JSON unchanged; no final split assigned
val,3450.jpg,resize,sg-1055,gc-1039,dataset_resize,none,false,dataset_provided_resize,raw_annotation_unchanged,Candidate policy only; raw ZIP/JSON unchanged; no final split assigned
val,3460.jpg,original,sg-1056,gc-1040,plain_base,none,true,,raw_annotation_unchanged,Candidate policy only; raw ZIP/JSON unchanged; no final split assigned
val,3460.jpg,resize,sg-1056,gc-1040,dataset_resize,none,false,dataset_provided_resize,raw_annotation_unchanged,Candidate policy only; raw ZIP/JSON unchanged; no final split assigned
val,3720.jpg,original,sg-1057,gc-1041,plain_base,none,true,,raw_annotation_unchanged,Candidate policy only; raw ZIP/JSON unchanged; no final split assigned
val,3720.jpg,resize,sg-1057,gc-1041,dataset_resize,none,false,dataset_provided_resize,raw_annotation_unchanged,Candidate policy only; raw ZIP/JSON unchanged; no final split assigned
val,379.jpg,original,sg-1058,gc-1042,plain_base,none,true,,raw_annotation_unchanged,Candidate policy only; raw ZIP/JSON unchanged; no final split assigned
val,379.jpg,resize,sg-1058,gc-1042,dataset_resize,none,false,dataset_provided_resize,raw_annotation_unchanged,Candidate policy only; raw ZIP/JSON unchanged; no final split assigned
val,3810.jpg,original,sg-1059,gc-1043,plain_base,none,true,,raw_annotation_unchanged,Candidate policy only; raw ZIP/JSON unchanged; no final split assigned
val,3810.jpg,resize,sg-1059,gc-1043,dataset_resize,none,false,dataset_provided_resize,raw_annotation_unchanged,Candidate policy only; raw ZIP/JSON unchanged; no final split assigned
val,384.jpg,original,sg-1060,gc-1044,plain_base,none,true,,raw_annotation_unchanged,Candidate policy only; raw ZIP/JSON unchanged; no final split assigned
val,384.jpg,resize,sg-1060,gc-1044,dataset_resize,none,false,dataset_provided_resize,raw_annotation_unchanged,Candidate policy only; raw ZIP/JSON unchanged; no final split assigned
val,385.jpg,original,sg-1061,gc-1045,plain_base,none,true,,raw_annotation_unchanged,Candidate policy only; raw ZIP/JSON unchanged; no final split assigned
val,385.jpg,resize,sg-1061,gc-1045,dataset_resize,none,false,dataset_provided_resize,raw_annotation_unchanged,Candidate policy only; raw ZIP/JSON unchanged; no final split assigned
val,3860.jpg,original,sg-1062,gc-1046,plain_base,none,true,,raw_annotation_unchanged,Candidate policy only; raw ZIP/JSON unchanged; no final split assigned
val,3860.jpg,resize,sg-1062,gc-1046,dataset_resize,none,false,dataset_provided_resize,raw_annotation_unchanged,Candidate policy only; raw ZIP/JSON unchanged; no final split assigned
val,3870.jpg,original,sg-1063,gc-1047,plain_base,none,true,,raw_annotation_unchanged,Candidate policy only; raw ZIP/JSON unchanged; no final split assigned
val,3870.jpg,resize,sg-1063,gc-1047,dataset_resize,none,false,dataset_provided_resize,raw_annotation_unchanged,Candidate policy only; raw ZIP/JSON unchanged; no final split assigned
val,3880.jpg,original,sg-1064,gc-1048,plain_base,none,true,,raw_annotation_unchanged,Candidate policy only; raw ZIP/JSON unchanged; no final split assigned
val,3880.jpg,resize,sg-1064,gc-1048,dataset_resize,none,false,dataset_provided_resize,raw_annotation_unchanged,Candidate policy only; raw ZIP/JSON unchanged; no final split assigned
val,397.jpg,original,sg-1065,gc-1049,plain_base,none,true,,raw_annotation_unchanged,Candidate policy only; raw ZIP/JSON unchanged; no final split assigned
val,397.jpg,resize,sg-1065,gc-1049,dataset_resize,none,false,dataset_provided_resize,raw_annotation_unchanged,Candidate policy only; raw ZIP/JSON unchanged; no final split assigned
val,411.jpg,original,sg-1066,gc-1050,plain_base,none,true,,raw_annotation_unchanged,Candidate policy only; raw ZIP/JSON unchanged; no final split assigned
val,411.jpg,resize,sg-1066,gc-1050,dataset_resize,none,false,dataset_provided_resize,raw_annotation_unchanged,Candidate policy only; raw ZIP/JSON unchanged; no final split assigned
val,4141.jpg,original,sg-1067,gc-1051,plain_base,none,true,,raw_annotation_unchanged,Candidate policy only; raw ZIP/JSON unchanged; no final split assigned
val,4141.jpg,resize,sg-1067,gc-1051,dataset_resize,none,false,dataset_provided_resize,raw_annotation_unchanged,Candidate policy only; raw ZIP/JSON unchanged; no final split assigned
val,416.jpg,original,sg-1068,gc-1052,plain_base,none,true,,raw_annotation_unchanged,Candidate policy only; raw ZIP/JSON unchanged; no final split assigned
val,416.jpg,resize,sg-1068,gc-1052,dataset_resize,none,false,dataset_provided_resize,raw_annotation_unchanged,Candidate policy only; raw ZIP/JSON unchanged; no final split assigned
val,78.jpg,original,sg-1069,gc-1053,plain_base,none,true,,raw_annotation_unchanged,Candidate policy only; raw ZIP/JSON unchanged; no final split assigned
val,78.jpg,resize,sg-1069,gc-1053,dataset_resize,none,false,dataset_provided_resize,raw_annotation_unchanged,Candidate policy only; raw ZIP/JSON unchanged; no final split assigned
val,79.jpg,original,sg-1070,gc-1054,plain_base,none,true,,raw_annotation_unchanged,Candidate policy only; raw ZIP/JSON unchanged; no final split assigned
val,79.jpg,resize,sg-1070,gc-1054,dataset_resize,none,false,dataset_provided_resize,raw_annotation_unchanged,Candidate policy only; raw ZIP/JSON unchanged; no final split assigned
val,8100.jpg,original,sg-1071,gc-1055,plain_base,none,true,,raw_annotation_unchanged,Candidate policy only; raw ZIP/JSON unchanged; no final split assigned
val,8100.jpg,resize,sg-1071,gc-1055,dataset_resize,none,false,dataset_provided_resize,raw_annotation_unchanged,Candidate policy only; raw ZIP/JSON unchanged; no final split assigned
val,IMG_12330.jpg,original,sg-1072,gc-1056,plain_base,none,true,,raw_annotation_unchanged,Candidate policy only; raw ZIP/JSON unchanged; no final split assigned
val,IMG_12330.jpg,resize,sg-1072,gc-1056,dataset_resize,none,false,dataset_provided_resize,raw_annotation_unchanged,Candidate policy only; raw ZIP/JSON unchanged; no final split assigned
val,IMG_12400.jpg,original,sg-0488,gc-0474,plain_base,none,true,,raw_annotation_unchanged,Candidate policy only; raw ZIP/JSON unchanged; no final split assigned
val,IMG_12400.jpg,resize,sg-0488,gc-0474,dataset_resize,none,false,dataset_provided_resize,raw_annotation_unchanged,Candidate policy only; raw ZIP/JSON unchanged; no final split assigned
val,IMG_12460.jpg,original,sg-0493,gc-0479,plain_base,none,true,,raw_annotation_unchanged,Candidate policy only; raw ZIP/JSON unchanged; no final split assigned
val,IMG_12460.jpg,resize,sg-0493,gc-0479,dataset_resize,none,false,dataset_provided_resize,raw_annotation_unchanged,Candidate policy only; raw ZIP/JSON unchanged; no final split assigned
val,IMG_12590.jpg,original,sg-1073,gc-1057,plain_base,none,true,,raw_annotation_unchanged,Candidate policy only; raw ZIP/JSON unchanged; no final split assigned
val,IMG_12590.jpg,resize,sg-1073,gc-1057,dataset_resize,none,false,dataset_provided_resize,raw_annotation_unchanged,Candidate policy only; raw ZIP/JSON unchanged; no final split assigned
val,IMG_1260.jpg,original,sg-1074,gc-1058,plain_base,none,true,,raw_annotation_unchanged,Candidate policy only; raw ZIP/JSON unchanged; no final split assigned
val,IMG_1260.jpg,resize,sg-1074,gc-1058,dataset_resize,none,false,dataset_provided_resize,raw_annotation_unchanged,Candidate policy only; raw ZIP/JSON unchanged; no final split assigned
val,IMG_12650.jpg,original,sg-1075,gc-1059,plain_base,none,true,,raw_annotation_unchanged,Candidate policy only; raw ZIP/JSON unchanged; no final split assigned
val,IMG_12650.jpg,resize,sg-1075,gc-1059,dataset_resize,none,false,dataset_provided_resize,raw_annotation_unchanged,Candidate policy only; raw ZIP/JSON unchanged; no final split assigned
val,IMG_12720.jpg,original,sg-1076,gc-1060,plain_base,none,true,,raw_annotation_unchanged,Candidate policy only; raw ZIP/JSON unchanged; no final split assigned
val,IMG_12720.jpg,resize,sg-1076,gc-1060,dataset_resize,none,false,dataset_provided_resize,raw_annotation_unchanged,Candidate policy only; raw ZIP/JSON unchanged; no final split assigned
val,IMG_12810.jpg,original,sg-0515,gc-0500,plain_base,none,true,,raw_annotation_unchanged,Candidate policy only; raw ZIP/JSON unchanged; no final split assigned
val,IMG_12810.jpg,resize,sg-0515,gc-0500,dataset_resize,none,false,dataset_provided_resize,raw_annotation_unchanged,Candidate policy only; raw ZIP/JSON unchanged; no final split assigned
val,IMG_13180.jpg,original,sg-1077,gc-1061,plain_base,none,true,,raw_annotation_unchanged,Candidate policy only; raw ZIP/JSON unchanged; no final split assigned
val,IMG_13180.jpg,resize,sg-1077,gc-1061,dataset_resize,none,false,dataset_provided_resize,raw_annotation_unchanged,Candidate policy only; raw ZIP/JSON unchanged; no final split assigned
val,IMG_13220.jpg,original,sg-1078,gc-1062,plain_base,none,true,,raw_annotation_unchanged,Candidate policy only; raw ZIP/JSON unchanged; no final split assigned
val,IMG_13220.jpg,resize,sg-1078,gc-1062,dataset_resize,none,false,dataset_provided_resize,raw_annotation_unchanged,Candidate policy only; raw ZIP/JSON unchanged; no final split assigned
val,IMG_13380.jpg,original,sg-1079,gc-1063,plain_base,none,true,,raw_annotation_unchanged,Candidate policy only; raw ZIP/JSON unchanged; no final split assigned
val,IMG_13380.jpg,resize,sg-1079,gc-1063,dataset_resize,none,false,dataset_provided_resize,raw_annotation_unchanged,Candidate policy only; raw ZIP/JSON unchanged; no final split assigned
val,IMG_13650_noise.jpg,original,sg-0094,gc-0093,offline_augmentation,noise,false,dataset_offline_augmentation,raw_annotation_unchanged,Candidate policy only; raw ZIP/JSON unchanged; no final split assigned
val,IMG_13650_noise.jpg,resize,sg-0094,gc-0093,dataset_resize,noise,false,dataset_provided_resize,raw_annotation_unchanged,Candidate policy only; raw ZIP/JSON unchanged; no final split assigned
val,IMG_13700.jpg,original,sg-0570,gc-0555,plain_base,none,true,,raw_annotation_unchanged,Candidate policy only; raw ZIP/JSON unchanged; no final split assigned
val,IMG_13700.jpg,resize,sg-0570,gc-0555,dataset_resize,none,false,dataset_provided_resize,raw_annotation_unchanged,Candidate policy only; raw ZIP/JSON unchanged; no final split assigned
val,IMG_1381.jpg,original,sg-0577,gc-0562,plain_base,none,true,,raw_annotation_unchanged,Candidate policy only; raw ZIP/JSON unchanged; no final split assigned
val,IMG_1381.jpg,resize,sg-0577,gc-0562,dataset_resize,none,false,dataset_provided_resize,raw_annotation_unchanged,Candidate policy only; raw ZIP/JSON unchanged; no final split assigned
val,IMG_1387_noise.jpg,original,sg-0102,gc-0101,offline_augmentation,noise,false,dataset_offline_augmentation,raw_annotation_unchanged,Candidate policy only; raw ZIP/JSON unchanged; no final split assigned
val,IMG_1387_noise.jpg,resize,sg-0102,gc-0101,dataset_resize,noise,false,dataset_provided_resize,raw_annotation_unchanged,Candidate policy only; raw ZIP/JSON unchanged; no final split assigned
val,IMG_1390_brightness.jpg,original,sg-0105,gc-0104,offline_augmentation,brightness,false,dataset_offline_augmentation,raw_annotation_unchanged,Candidate policy only; raw ZIP/JSON unchanged; no final split assigned
val,IMG_1390_brightness.jpg,resize,sg-0105,gc-0104,dataset_resize,brightness,false,dataset_provided_resize,raw_annotation_unchanged,Candidate policy only; raw ZIP/JSON unchanged; no final split assigned
val,IMG_13930.jpg,original,sg-0582,gc-0567,plain_base,none,true,,raw_annotation_unchanged,Candidate policy only; raw ZIP/JSON unchanged; no final split assigned
val,IMG_13930.jpg,resize,sg-0582,gc-0567,dataset_resize,none,false,dataset_provided_resize,raw_annotation_unchanged,Candidate policy only; raw ZIP/JSON unchanged; no final split assigned
val,IMG_13960.jpg,original,sg-0583,gc-0568,plain_base,none,true,,raw_annotation_unchanged,Candidate policy only; raw ZIP/JSON unchanged; no final split assigned
val,IMG_13960.jpg,resize,sg-0583,gc-0568,dataset_resize,none,false,dataset_provided_resize,raw_annotation_unchanged,Candidate policy only; raw ZIP/JSON unchanged; no final split assigned
val,IMG_14040.jpg,original,sg-0588,gc-0573,plain_base,none,true,,raw_annotation_unchanged,Candidate policy only; raw ZIP/JSON unchanged; no final split assigned
val,IMG_14040.jpg,resize,sg-0588,gc-0573,dataset_resize,none,false,dataset_provided_resize,raw_annotation_unchanged,Candidate policy only; raw ZIP/JSON unchanged; no final split assigned
val,IMG_1406_brightness.jpg,original,sg-0589,gc-0574,offline_augmentation,brightness,false,dataset_offline_augmentation,raw_annotation_unchanged,Candidate policy only; raw ZIP/JSON unchanged; no final split assigned
val,IMG_1406_brightness.jpg,resize,sg-0589,gc-0574,dataset_resize,brightness,false,dataset_provided_resize,raw_annotation_unchanged,Candidate policy only; raw ZIP/JSON unchanged; no final split assigned
val,IMG_1419_noise.jpg,original,sg-0118,gc-0117,offline_augmentation,noise,false,dataset_offline_augmentation,raw_annotation_unchanged,Candidate policy only; raw ZIP/JSON unchanged; no final split assigned
val,IMG_1419_noise.jpg,resize,sg-0118,gc-0117,dataset_resize,noise,false,dataset_provided_resize,raw_annotation_unchanged,Candidate policy only; raw ZIP/JSON unchanged; no final split assigned
val,IMG_1459.jpg,original,sg-1080,gc-1064,plain_base,none,true,,raw_annotation_unchanged,Candidate policy only; raw ZIP/JSON unchanged; no final split assigned
val,IMG_1459.jpg,resize,sg-1080,gc-1064,dataset_resize,none,false,dataset_provided_resize,raw_annotation_unchanged,Candidate policy only; raw ZIP/JSON unchanged; no final split assigned
val,IMG_1460.jpg,original,sg-1081,gc-1065,plain_base,none,true,,raw_annotation_unchanged,Candidate policy only; raw ZIP/JSON unchanged; no final split assigned
val,IMG_1460.jpg,resize,sg-1081,gc-1065,dataset_resize,none,false,dataset_provided_resize,raw_annotation_unchanged,Candidate policy only; raw ZIP/JSON unchanged; no final split assigned
val,IMG_5385.jpg,original,sg-1082,gc-1066,plain_base,none,true,,raw_annotation_unchanged,Candidate policy only; raw ZIP/JSON unchanged; no final split assigned
val,IMG_5385.jpg,resize,sg-1082,gc-1066,dataset_resize,none,false,dataset_provided_resize,raw_annotation_unchanged,Candidate policy only; raw ZIP/JSON unchanged; no final split assigned
val,IMG_54130.jpg,original,sg-1083,gc-1067,plain_base,none,true,,raw_annotation_unchanged,Candidate policy only; raw ZIP/JSON unchanged; no final split assigned
val,IMG_54130.jpg,resize,sg-1083,gc-1067,dataset_resize,none,false,dataset_provided_resize,raw_annotation_unchanged,Candidate policy only; raw ZIP/JSON unchanged; no final split assigned
val,IMG_5441.jpg,original,sg-1084,gc-1068,plain_base,none,true,,raw_annotation_unchanged,Candidate policy only; raw ZIP/JSON unchanged; no final split assigned
val,IMG_5441.jpg,resize,sg-1084,gc-1068,dataset_resize,none,false,dataset_provided_resize,raw_annotation_unchanged,Candidate policy only; raw ZIP/JSON unchanged; no final split assigned
val,IMG_54500.jpg,original,sg-1085,gc-1069,plain_base,none,true,,raw_annotation_unchanged,Candidate policy only; raw ZIP/JSON unchanged; no final split assigned
val,IMG_54500.jpg,resize,sg-1085,gc-1069,dataset_resize,none,false,dataset_provided_resize,raw_annotation_unchanged,Candidate policy only; raw ZIP/JSON unchanged; no final split assigned
val,IMG_5467.jpg,original,sg-1086,gc-1070,plain_base,none,true,,raw_annotation_unchanged,Candidate policy only; raw ZIP/JSON unchanged; no final split assigned
val,IMG_5467.jpg,resize,sg-1086,gc-1070,dataset_resize,none,false,dataset_provided_resize,raw_annotation_unchanged,Candidate policy only; raw ZIP/JSON unchanged; no final split assigned
val,IMG_5480.jpg,original,sg-1087,gc-1071,plain_base,none,true,,raw_annotation_unchanged,Candidate policy only; raw ZIP/JSON unchanged; no final split assigned
val,IMG_5480.jpg,resize,sg-1087,gc-1071,dataset_resize,none,false,dataset_provided_resize,raw_annotation_unchanged,Candidate policy only; raw ZIP/JSON unchanged; no final split assigned
val,IMG_54920.jpg,original,sg-1088,gc-1072,plain_base,none,true,,raw_annotation_unchanged,Candidate policy only; raw ZIP/JSON unchanged; no final split assigned
val,IMG_54920.jpg,resize,sg-1088,gc-1072,dataset_resize,none,false,dataset_provided_resize,raw_annotation_unchanged,Candidate policy only; raw ZIP/JSON unchanged; no final split assigned
val,IMG_54940.jpg,original,sg-1089,gc-1073,plain_base,none,true,,raw_annotation_unchanged,Candidate policy only; raw ZIP/JSON unchanged; no final split assigned
val,IMG_54940.jpg,resize,sg-1089,gc-1073,dataset_resize,none,false,dataset_provided_resize,raw_annotation_unchanged,Candidate policy only; raw ZIP/JSON unchanged; no final split assigned
val,IMG_55120.jpg,original,sg-1090,gc-1074,plain_base,none,true,,raw_annotation_unchanged,Candidate policy only; raw ZIP/JSON unchanged; no final split assigned
val,IMG_55120.jpg,resize,sg-1090,gc-1074,dataset_resize,none,false,dataset_provided_resize,raw_annotation_unchanged,Candidate policy only; raw ZIP/JSON unchanged; no final split assigned
val,IMG_55140.jpg,original,sg-1091,gc-1075,plain_base,none,true,,raw_annotation_unchanged,Candidate policy only; raw ZIP/JSON unchanged; no final split assigned
val,IMG_55140.jpg,resize,sg-1091,gc-1075,dataset_resize,none,false,dataset_provided_resize,raw_annotation_unchanged,Candidate policy only; raw ZIP/JSON unchanged; no final split assigned
val,IMG_55210.jpg,original,sg-1092,gc-1076,plain_base,none,true,,raw_annotation_unchanged,Candidate policy only; raw ZIP/JSON unchanged; no final split assigned
val,IMG_55210.jpg,resize,sg-1092,gc-1076,dataset_resize,none,false,dataset_provided_resize,raw_annotation_unchanged,Candidate policy only; raw ZIP/JSON unchanged; no final split assigned
val,IMG_55230.jpg,original,sg-1093,gc-1077,plain_base,none,true,,raw_annotation_unchanged,Candidate policy only; raw ZIP/JSON unchanged; no final split assigned
val,IMG_55230.jpg,resize,sg-1093,gc-1077,dataset_resize,none,false,dataset_provided_resize,raw_annotation_unchanged,Candidate policy only; raw ZIP/JSON unchanged; no final split assigned
val,IMG_55260.jpg,original,sg-1094,gc-1078,plain_base,none,true,,raw_annotation_unchanged,Candidate policy only; raw ZIP/JSON unchanged; no final split assigned
val,IMG_55260.jpg,resize,sg-1094,gc-1078,dataset_resize,none,false,dataset_provided_resize,raw_annotation_unchanged,Candidate policy only; raw ZIP/JSON unchanged; no final split assigned
val,IMG_55270.jpg,original,sg-1095,gc-1079,plain_base,none,true,,raw_annotation_unchanged,Candidate policy only; raw ZIP/JSON unchanged; no final split assigned
val,IMG_55270.jpg,resize,sg-1095,gc-1079,dataset_resize,none,false,dataset_provided_resize,raw_annotation_unchanged,Candidate policy only; raw ZIP/JSON unchanged; no final split assigned
val,IMG_55630.jpg,original,sg-1096,gc-1080,plain_base,none,true,,raw_annotation_unchanged,Candidate policy only; raw ZIP/JSON unchanged; no final split assigned
val,IMG_55630.jpg,resize,sg-1096,gc-1080,dataset_resize,none,false,dataset_provided_resize,raw_annotation_unchanged,Candidate policy only; raw ZIP/JSON unchanged; no final split assigned
val,IMG_55730.jpg,original,sg-1097,gc-1081,plain_base,none,true,,raw_annotation_unchanged,Candidate policy only; raw ZIP/JSON unchanged; no final split assigned
val,IMG_55730.jpg,resize,sg-1097,gc-1081,dataset_resize,none,false,dataset_provided_resize,raw_annotation_unchanged,Candidate policy only; raw ZIP/JSON unchanged; no final split assigned
val,IMG_55880.jpg,original,sg-1098,gc-1082,plain_base,none,true,,raw_annotation_unchanged,Candidate policy only; raw ZIP/JSON unchanged; no final split assigned
val,IMG_55880.jpg,resize,sg-1098,gc-1082,dataset_resize,none,false,dataset_provided_resize,raw_annotation_unchanged,Candidate policy only; raw ZIP/JSON unchanged; no final split assigned
val,IMG_56300.jpg,original,sg-1099,gc-1083,plain_base,none,true,,raw_annotation_unchanged,Candidate policy only; raw ZIP/JSON unchanged; no final split assigned
val,IMG_56300.jpg,resize,sg-1099,gc-1083,dataset_resize,none,false,dataset_provided_resize,raw_annotation_unchanged,Candidate policy only; raw ZIP/JSON unchanged; no final split assigned
val,IMG_56310.jpg,original,sg-1100,gc-1084,plain_base,none,true,,raw_annotation_unchanged,Candidate policy only; raw ZIP/JSON unchanged; no final split assigned
val,IMG_56310.jpg,resize,sg-1100,gc-1084,dataset_resize,none,false,dataset_provided_resize,raw_annotation_unchanged,Candidate policy only; raw ZIP/JSON unchanged; no final split assigned
val,IMG_6772.jpg,original,sg-1101,gc-1085,plain_base,none,true,,raw_annotation_unchanged,Candidate policy only; raw ZIP/JSON unchanged; no final split assigned
val,IMG_6772.jpg,resize,sg-1101,gc-1085,dataset_resize,none,false,dataset_provided_resize,raw_annotation_unchanged,Candidate policy only; raw ZIP/JSON unchanged; no final split assigned
val,IMG_6780.jpg,original,sg-1102,gc-1086,plain_base,none,true,,raw_annotation_unchanged,Candidate policy only; raw ZIP/JSON unchanged; no final split assigned
val,IMG_6780.jpg,resize,sg-1102,gc-1086,dataset_resize,none,false,dataset_provided_resize,raw_annotation_unchanged,Candidate policy only; raw ZIP/JSON unchanged; no final split assigned
val,IMG_6782.jpg,original,sg-1103,gc-1087,plain_base,none,true,,raw_annotation_unchanged,Candidate policy only; raw ZIP/JSON unchanged; no final split assigned
val,IMG_6782.jpg,resize,sg-1103,gc-1087,dataset_resize,none,false,dataset_provided_resize,raw_annotation_unchanged,Candidate policy only; raw ZIP/JSON unchanged; no final split assigned
val,IMG_6800.jpg,original,sg-1104,gc-1088,plain_base,none,true,,raw_annotation_unchanged,Candidate policy only; raw ZIP/JSON unchanged; no final split assigned
val,IMG_6800.jpg,resize,sg-1104,gc-1088,dataset_resize,none,false,dataset_provided_resize,raw_annotation_unchanged,Candidate policy only; raw ZIP/JSON unchanged; no final split assigned
val,IMG_6801.jpg,original,sg-1105,gc-1089,plain_base,none,true,,raw_annotation_unchanged,Candidate policy only; raw ZIP/JSON unchanged; no final split assigned
val,IMG_6801.jpg,resize,sg-1105,gc-1089,dataset_resize,none,false,dataset_provided_resize,raw_annotation_unchanged,Candidate policy only; raw ZIP/JSON unchanged; no final split assigned
val,IMG_6803.jpg,original,sg-1106,gc-1090,plain_base,none,true,,raw_annotation_unchanged,Candidate policy only; raw ZIP/JSON unchanged; no final split assigned
val,IMG_6803.jpg,resize,sg-1106,gc-1090,dataset_resize,none,false,dataset_provided_resize,raw_annotation_unchanged,Candidate policy only; raw ZIP/JSON unchanged; no final split assigned
val,IMG_6806.jpg,original,sg-1107,gc-1091,plain_base,none,true,,raw_annotation_unchanged,Candidate policy only; raw ZIP/JSON unchanged; no final split assigned
val,IMG_6806.jpg,resize,sg-1107,gc-1091,dataset_resize,none,false,dataset_provided_resize,raw_annotation_unchanged,Candidate policy only; raw ZIP/JSON unchanged; no final split assigned
val,IMG_6809.jpg,original,sg-1108,gc-1092,plain_base,none,true,,raw_annotation_unchanged,Candidate policy only; raw ZIP/JSON unchanged; no final split assigned
val,IMG_6809.jpg,resize,sg-1108,gc-1092,dataset_resize,none,false,dataset_provided_resize,raw_annotation_unchanged,Candidate policy only; raw ZIP/JSON unchanged; no final split assigned
val,IMG_6815.jpg,original,sg-1109,gc-1093,plain_base,none,true,,raw_annotation_unchanged,Candidate policy only; raw ZIP/JSON unchanged; no final split assigned
val,IMG_6815.jpg,resize,sg-1109,gc-1093,dataset_resize,none,false,dataset_provided_resize,raw_annotation_unchanged,Candidate policy only; raw ZIP/JSON unchanged; no final split assigned
val,IMG_6833.jpg,original,sg-1110,gc-1094,plain_base,none,true,,raw_annotation_unchanged,Candidate policy only; raw ZIP/JSON unchanged; no final split assigned
val,IMG_6833.jpg,resize,sg-1110,gc-1094,dataset_resize,none,false,dataset_provided_resize,raw_annotation_unchanged,Candidate policy only; raw ZIP/JSON unchanged; no final split assigned
val,IMG_6839.jpg,original,sg-1111,gc-1095,plain_base,none,true,,raw_annotation_unchanged,Candidate policy only; raw ZIP/JSON unchanged; no final split assigned
val,IMG_6839.jpg,resize,sg-1111,gc-1095,dataset_resize,none,false,dataset_provided_resize,raw_annotation_unchanged,Candidate policy only; raw ZIP/JSON unchanged; no final split assigned
val,IMG_6882.jpg,original,sg-1112,gc-1096,plain_base,none,true,,raw_annotation_unchanged,Candidate policy only; raw ZIP/JSON unchanged; no final split assigned
val,IMG_6882.jpg,resize,sg-1112,gc-1096,dataset_resize,none,false,dataset_provided_resize,raw_annotation_unchanged,Candidate policy only; raw ZIP/JSON unchanged; no final split assigned
