source_family,file_a,split_a,variant_a,file_b,split_b,variant_b,relation_type,status,confidence,evidence
100,100.jpg,train,original,100.jpg,train,resize,resized_duplicate,Supported,High,same filename; 369x277->640x480; LANCZOS RGB MAE=6.2622; 64x64 luminance correlation=0.99914
10000,10000.jpg,train,original,10000.jpg,train,resize,resized_duplicate,Supported,High,same filename; 369x277->640x480; LANCZOS RGB MAE=13.6899; 64x64 luminance correlation=0.998013
1000000,1000000.jpg,train,original,1000000.jpg,train,resize,resized_duplicate,Supported,High,same filename; 369x277->640x480; LANCZOS RGB MAE=9.9351; 64x64 luminance correlation=0.999183
1000000,1000000_brightness.jpg,train,original,1000000_brightness.jpg,train,resize,resized_duplicate,Supported,High,same filename; 369x277->640x480; LANCZOS RGB MAE=10.5136; 64x64 luminance correlation=0.999127
100,100_brightness.jpg,train,original,100_brightness.jpg,train,resize,resized_duplicate,Supported,High,same filename; 369x277->640x480; LANCZOS RGB MAE=6.4794; 64x64 luminance correlation=0.999033
101,101.jpg,train,original,101.jpg,train,resize,resized_duplicate,Supported,High,same filename; 277x369->480x640; LANCZOS RGB MAE=7.4272; 64x64 luminance correlation=0.999422
1020,1020.jpg,train,original,1020.jpg,train,resize,resized_duplicate,Supported,High,same filename; 277x369->480x640; LANCZOS RGB MAE=4.7211; 64x64 luminance correlation=0.999161
1050,1050.jpg,train,original,1050.jpg,train,resize,resized_duplicate,Supported,High,same filename; 369x277->640x480; LANCZOS RGB MAE=8.7503; 64x64 luminance correlation=0.998614
1060,1060.jpg,train,original,1060.jpg,train,resize,resized_duplicate,Supported,High,same filename; 369x277->640x480; LANCZOS RGB MAE=5.2318; 64x64 luminance correlation=0.999497
1100,1100.jpg,train,original,1100.jpg,train,resize,resized_duplicate,Supported,High,same filename; 369x277->640x480; LANCZOS RGB MAE=6.4461; 64x64 luminance correlation=0.99861
111,111_brightness.jpg,train,original,111_brightness.jpg,train,resize,resized_duplicate,Supported,High,same filename; 369x277->640x480; LANCZOS RGB MAE=4.2262; 64x64 luminance correlation=0.999514
1120,1120.jpg,train,original,1120.jpg,train,resize,resized_duplicate,Supported,High,same filename; 369x277->640x480; LANCZOS RGB MAE=6.8635; 64x64 luminance correlation=0.999339
1120,1120_brightness.jpg,train,original,1120_brightness.jpg,train,resize,resized_duplicate,Supported,High,same filename; 369x277->640x480; LANCZOS RGB MAE=7.4268; 64x64 luminance correlation=0.999281
1160,1160.jpg,train,original,1160.jpg,train,resize,resized_duplicate,Supported,High,same filename; 369x277->640x480; LANCZOS RGB MAE=2.8308; 64x64 luminance correlation=0.999766
1160,1160_brightness.jpg,train,original,1160_brightness.jpg,train,resize,resized_duplicate,Supported,High,same filename; 369x277->640x480; LANCZOS RGB MAE=2.9737; 64x64 luminance correlation=0.999757
1180,1180_brightness.jpg,train,original,1180_brightness.jpg,train,resize,resized_duplicate,Supported,High,same filename; 369x277->640x480; LANCZOS RGB MAE=3.7263; 64x64 luminance correlation=0.999739
1190,1190.jpg,train,original,1190.jpg,train,resize,resized_duplicate,Supported,High,same filename; 369x277->640x480; LANCZOS RGB MAE=6.8036; 64x64 luminance correlation=0.99937
12,12.jpg,train,original,12.jpg,train,resize,resized_duplicate,Supported,High,same filename; 369x277->640x480; LANCZOS RGB MAE=11.2564; 64x64 luminance correlation=0.998478
1200,1200.jpg,train,original,1200.jpg,train,resize,resized_duplicate,Supported,High,same filename; 369x277->640x480; LANCZOS RGB MAE=5.8639; 64x64 luminance correlation=0.999108
1250,1250.jpg,train,original,1250.jpg,train,resize,resized_duplicate,Supported,High,same filename; 369x277->640x480; LANCZOS RGB MAE=3.8319; 64x64 luminance correlation=0.999612
1250,1250_brightness.jpg,train,original,1250_brightness.jpg,train,resize,resized_duplicate,Supported,High,same filename; 369x277->640x480; LANCZOS RGB MAE=4.2987; 64x64 luminance correlation=0.999612
1250,1250_noise.jpg,train,original,1250_noise.jpg,train,resize,resized_duplicate,Supported,High,same filename; 369x277->640x480; LANCZOS RGB MAE=5.5573; 64x64 luminance correlation=0.999603
1260,1260.jpg,train,original,1260.jpg,train,resize,resized_duplicate,Supported,High,same filename; 369x277->640x480; LANCZOS RGB MAE=3.7844; 64x64 luminance correlation=0.999548
1260,1260_brightness.jpg,train,original,1260_brightness.jpg,train,resize,resized_duplicate,Supported,High,same filename; 369x277->640x480; LANCZOS RGB MAE=4.1559; 64x64 luminance correlation=0.99955
1260,1260_noise.jpg,train,original,1260_noise.jpg,train,resize,resized_duplicate,Supported,High,same filename; 369x277->640x480; LANCZOS RGB MAE=5.5105; 64x64 luminance correlation=0.999553
128,128.jpg,train,original,128.jpg,train,resize,resized_duplicate,Supported,High,same filename; 369x277->640x480; LANCZOS RGB MAE=4.3455; 64x64 luminance correlation=0.999318
1290,1290_brightness.jpg,train,original,1290_brightness.jpg,train,resize,resized_duplicate,Supported,High,same filename; 369x277->640x480; LANCZOS RGB MAE=7.4096; 64x64 luminance correlation=0.999137
12,12_brightness.jpg,train,original,12_brightness.jpg,train,resize,resized_duplicate,Supported,High,same filename; 369x277->640x480; LANCZOS RGB MAE=12.0064; 64x64 luminance correlation=0.998462
13,13.jpg,train,original,13.jpg,train,resize,resized_duplicate,Supported,High,same filename; 277x369->480x640; LANCZOS RGB MAE=13.0328; 64x64 luminance correlation=0.998701
130,130.jpg,train,original,130.jpg,train,resize,resized_duplicate,Supported,High,same filename; 369x277->640x480; LANCZOS RGB MAE=5.1431; 64x64 luminance correlation=0.999493
130,130_brightness.jpg,train,original,130_brightness.jpg,train,resize,resized_duplicate,Supported,High,same filename; 369x277->640x480; LANCZOS RGB MAE=5.7054; 64x64 luminance correlation=0.999465
130,130_noise.jpg,train,original,130_noise.jpg,train,resize,resized_duplicate,Supported,High,same filename; 369x277->640x480; LANCZOS RGB MAE=6.5489; 64x64 luminance correlation=0.999487
1310,1310.jpg,train,original,1310.jpg,train,resize,resized_duplicate,Supported,High,same filename; 369x277->640x480; LANCZOS RGB MAE=5.0431; 64x64 luminance correlation=0.999491
1310,1310_brightness.jpg,train,original,1310_brightness.jpg,train,resize,resized_duplicate,Supported,High,same filename; 369x277->640x480; LANCZOS RGB MAE=5.4597; 64x64 luminance correlation=0.999476
1320,1320.jpg,train,original,1320.jpg,train,resize,resized_duplicate,Supported,High,same filename; 369x277->640x480; LANCZOS RGB MAE=3.9319; 64x64 luminance correlation=0.999401
1320,1320_brightness.jpg,train,original,1320_brightness.jpg,train,resize,resized_duplicate,Supported,High,same filename; 369x277->640x480; LANCZOS RGB MAE=4.404; 64x64 luminance correlation=0.999407
1320,1320_noise.jpg,train,original,1320_noise.jpg,train,resize,resized_duplicate,Supported,High,same filename; 369x277->640x480; LANCZOS RGB MAE=5.5861; 64x64 luminance correlation=0.9994
1330,1330.jpg,train,original,1330.jpg,train,resize,resized_duplicate,Supported,High,same filename; 369x277->640x480; LANCZOS RGB MAE=10.0501; 64x64 luminance correlation=0.998599
1330,1330_brightness.jpg,train,original,1330_brightness.jpg,train,resize,resized_duplicate,Supported,High,same filename; 369x277->640x480; LANCZOS RGB MAE=11.0057; 64x64 luminance correlation=0.99865
1330,1330_noise.jpg,train,original,1330_noise.jpg,train,resize,resized_duplicate,Supported,High,same filename; 369x277->640x480; LANCZOS RGB MAE=10.886; 64x64 luminance correlation=0.998625
1340,1340.jpg,train,original,1340.jpg,train,resize,resized_duplicate,Supported,High,same filename; 369x277->640x480; LANCZOS RGB MAE=5.6492; 64x64 luminance correlation=0.99946
1340,1340_brightness.jpg,train,original,1340_brightness.jpg,train,resize,resized_duplicate,Supported,High,same filename; 369x277->640x480; LANCZOS RGB MAE=6.2852; 64x64 luminance correlation=0.999504
1340,1340_noise.jpg,train,original,1340_noise.jpg,train,resize,resized_duplicate,Supported,High,same filename; 369x277->640x480; LANCZOS RGB MAE=7.0176; 64x64 luminance correlation=0.99946
1350,1350.jpg,train,original,1350.jpg,train,resize,resized_duplicate,Supported,High,same filename; 369x277->640x480; LANCZOS RGB MAE=4.2723; 64x64 luminance correlation=0.999513
1360,1360.jpg,train,original,1360.jpg,train,resize,resized_duplicate,Supported,High,same filename; 369x277->640x480; LANCZOS RGB MAE=8.3629; 64x64 luminance correlation=0.999446
1360,1360_noise.jpg,train,original,1360_noise.jpg,train,resize,resized_duplicate,Supported,High,same filename; 369x277->640x480; LANCZOS RGB MAE=9.266; 64x64 luminance correlation=0.999446
137,137.jpg,train,original,137.jpg,train,resize,resized_duplicate,Supported,High,same filename; 369x277->640x480; LANCZOS RGB MAE=4.4508; 64x64 luminance correlation=0.99957
137,137_brightness.jpg,train,original,137_brightness.jpg,train,resize,resized_duplicate,Supported,High,same filename; 369x277->640x480; LANCZOS RGB MAE=4.9513; 64x64 luminance correlation=0.999592
137,137_noise.jpg,train,original,137_noise.jpg,train,resize,resized_duplicate,Supported,High,same filename; 369x277->640x480; LANCZOS RGB MAE=6.1171; 64x64 luminance correlation=0.999586
138,138_brightness.jpg,train,original,138_brightness.jpg,train,resize,resized_duplicate,Supported,High,same filename; 369x277->640x480; LANCZOS RGB MAE=4.9152; 64x64 luminance correlation=0.999147
138,138_noise.jpg,train,original,138_noise.jpg,train,resize,resized_duplicate,Supported,High,same filename; 369x277->640x480; LANCZOS RGB MAE=6.1762; 64x64 luminance correlation=0.99908
1390,1390.jpg,train,original,1390.jpg,train,resize,resized_duplicate,Supported,High,same filename; 369x277->640x480; LANCZOS RGB MAE=5.5285; 64x64 luminance correlation=0.99926
1390,1390_brightness.jpg,train,original,1390_brightness.jpg,train,resize,resized_duplicate,Supported,High,same filename; 369x277->640x480; LANCZOS RGB MAE=6.1483; 64x64 luminance correlation=0.999246
1390,1390_noise.jpg,train,original,1390_noise.jpg,train,resize,resized_duplicate,Supported,High,same filename; 369x277->640x480; LANCZOS RGB MAE=6.8009; 64x64 luminance correlation=0.999232
1400,1400_brightness.jpg,train,original,1400_brightness.jpg,train,resize,resized_duplicate,Supported,High,same filename; 369x277->640x480; LANCZOS RGB MAE=6.9701; 64x64 luminance correlation=0.99913
144,144.jpg,train,original,144.jpg,train,resize,resized_duplicate,Supported,High,same filename; 369x277->640x480; LANCZOS RGB MAE=4.7637; 64x64 luminance correlation=0.999511
144,144_brightness.jpg,train,original,144_brightness.jpg,train,resize,resized_duplicate,Supported,High,same filename; 369x277->640x480; LANCZOS RGB MAE=5.2907; 64x64 luminance correlation=0.999523
144,144_noise.jpg,train,original,144_noise.jpg,train,resize,resized_duplicate,Supported,High,same filename; 369x277->640x480; LANCZOS RGB MAE=6.4019; 64x64 luminance correlation=0.999515
1450,1450.jpg,train,original,1450.jpg,train,resize,resized_duplicate,Supported,High,same filename; 369x277->640x480; LANCZOS RGB MAE=5.1191; 64x64 luminance correlation=0.999604
1450,1450_noise.jpg,train,original,1450_noise.jpg,train,resize,resized_duplicate,Supported,High,same filename; 369x277->640x480; LANCZOS RGB MAE=6.479; 64x64 luminance correlation=0.999596
1460,1460.jpg,train,original,1460.jpg,train,resize,resized_duplicate,Supported,High,same filename; 369x277->640x480; LANCZOS RGB MAE=3.9064; 64x64 luminance correlation=0.999617
1460,1460_brightness.jpg,train,original,1460_brightness.jpg,train,resize,resized_duplicate,Supported,High,same filename; 369x277->640x480; LANCZOS RGB MAE=4.3123; 64x64 luminance correlation=0.999617
1480,1480.jpg,train,original,1480.jpg,train,resize,resized_duplicate,Supported,High,same filename; 369x277->640x480; LANCZOS RGB MAE=7.3095; 64x64 luminance correlation=0.999204
1480,1480_brightness.jpg,train,original,1480_brightness.jpg,train,resize,resized_duplicate,Supported,High,same filename; 369x277->640x480; LANCZOS RGB MAE=7.9488; 64x64 luminance correlation=0.999167
1480,1480_noise.jpg,train,original,1480_noise.jpg,train,resize,resized_duplicate,Supported,High,same filename; 369x277->640x480; LANCZOS RGB MAE=8.3853; 64x64 luminance correlation=0.999216
149,149.jpg,train,original,149.jpg,train,resize,resized_duplicate,Supported,High,same filename; 369x277->640x480; LANCZOS RGB MAE=6.7192; 64x64 luminance correlation=0.999006
15,15.jpg,train,original,15.jpg,train,resize,resized_duplicate,Supported,High,same filename; 277x369->480x640; LANCZOS RGB MAE=13.5894; 64x64 luminance correlation=0.998441
150,150_brightness.jpg,train,original,150_brightness.jpg,train,resize,resized_duplicate,Supported,High,same filename; 369x277->640x480; LANCZOS RGB MAE=5.2671; 64x64 luminance correlation=0.999043
150,150_noise.jpg,train,original,150_noise.jpg,train,resize,resized_duplicate,Supported,High,same filename; 369x277->640x480; LANCZOS RGB MAE=6.3102; 64x64 luminance correlation=0.999078
151,151.jpg,train,original,151.jpg,train,resize,resized_duplicate,Supported,High,same filename; 369x277->640x480; LANCZOS RGB MAE=5.2563; 64x64 luminance correlation=0.999159
151,151_brightness.jpg,train,original,151_brightness.jpg,train,resize,resized_duplicate,Supported,High,same filename; 369x277->640x480; LANCZOS RGB MAE=5.6454; 64x64 luminance correlation=0.999122
151,151_noise.jpg,train,original,151_noise.jpg,train,resize,resized_duplicate,Supported,High,same filename; 369x277->640x480; LANCZOS RGB MAE=6.6193; 64x64 luminance correlation=0.999146
1520,1520_brightness.jpg,train,original,1520_brightness.jpg,train,resize,resized_duplicate,Supported,High,same filename; 369x277->640x480; LANCZOS RGB MAE=7.7643; 64x64 luminance correlation=0.999294
1520,1520_noise.jpg,train,original,1520_noise.jpg,train,resize,resized_duplicate,Supported,High,same filename; 369x277->640x480; LANCZOS RGB MAE=8.0698; 64x64 luminance correlation=0.999301
153,153.jpg,train,original,153.jpg,train,resize,resized_duplicate,Supported,High,same filename; 369x277->640x480; LANCZOS RGB MAE=4.3584; 64x64 luminance correlation=0.99939
153,153_brightness.jpg,train,original,153_brightness.jpg,train,resize,resized_duplicate,Supported,High,same filename; 369x277->640x480; LANCZOS RGB MAE=4.7287; 64x64 luminance correlation=0.999459
153,153_noise.jpg,train,original,153_noise.jpg,train,resize,resized_duplicate,Supported,High,same filename; 369x277->640x480; LANCZOS RGB MAE=5.9034; 64x64 luminance correlation=0.999385
1540,1540.jpg,train,original,1540.jpg,train,resize,resized_duplicate,Supported,High,same filename; 369x277->640x480; LANCZOS RGB MAE=4.2076; 64x64 luminance correlation=0.9989
1540,1540_brightness.jpg,train,original,1540_brightness.jpg,train,resize,resized_duplicate,Supported,High,same filename; 369x277->640x480; LANCZOS RGB MAE=4.7118; 64x64 luminance correlation=0.998967
1540,1540_noise.jpg,train,original,1540_noise.jpg,train,resize,resized_duplicate,Supported,High,same filename; 369x277->640x480; LANCZOS RGB MAE=5.8676; 64x64 luminance correlation=0.998923
1550,1550.jpg,train,original,1550.jpg,train,resize,resized_duplicate,Supported,High,same filename; 369x277->640x480; LANCZOS RGB MAE=7.6942; 64x64 luminance correlation=0.999495
1550,1550_brightness.jpg,train,original,1550_brightness.jpg,train,resize,resized_duplicate,Supported,High,same filename; 369x277->640x480; LANCZOS RGB MAE=8.5349; 64x64 luminance correlation=0.999434
1560,1560.jpg,train,original,1560.jpg,train,resize,resized_duplicate,Supported,High,same filename; 369x277->640x480; LANCZOS RGB MAE=3.7529; 64x64 luminance correlation=0.999664
1570,1570.jpg,train,original,1570.jpg,train,resize,resized_duplicate,Supported,High,same filename; 369x277->640x480; LANCZOS RGB MAE=8.0988; 64x64 luminance correlation=0.999125
159,159.jpg,train,original,159.jpg,train,resize,resized_duplicate,Supported,High,same filename; 369x277->640x480; LANCZOS RGB MAE=4.0469; 64x64 luminance correlation=0.999309
159,159_brightness.jpg,train,original,159_brightness.jpg,train,resize,resized_duplicate,Supported,High,same filename; 369x277->640x480; LANCZOS RGB MAE=4.3853; 64x64 luminance correlation=0.999331
159,159_noise.jpg,train,original,159_noise.jpg,train,resize,resized_duplicate,Supported,High,same filename; 369x277->640x480; LANCZOS RGB MAE=5.7607; 64x64 luminance correlation=0.999315
1610,1610.jpg,train,original,1610.jpg,train,resize,resized_duplicate,Supported,High,same filename; 369x277->640x480; LANCZOS RGB MAE=10.0004; 64x64 luminance correlation=0.999154
1610,1610_brightness.jpg,train,original,1610_brightness.jpg,train,resize,resized_duplicate,Supported,High,same filename; 369x277->640x480; LANCZOS RGB MAE=11.0257; 64x64 luminance correlation=0.999198
1610,1610_noise.jpg,train,original,1610_noise.jpg,train,resize,resized_duplicate,Supported,High,same filename; 369x277->640x480; LANCZOS RGB MAE=11.0355; 64x64 luminance correlation=0.999185
162,162.jpg,train,original,162.jpg,train,resize,resized_duplicate,Supported,High,same filename; 369x277->640x480; LANCZOS RGB MAE=7.7719; 64x64 luminance correlation=0.999376
162,162_brightness.jpg,train,original,162_brightness.jpg,train,resize,resized_duplicate,Supported,High,same filename; 369x277->640x480; LANCZOS RGB MAE=8.3649; 64x64 luminance correlation=0.999377
162,162_noise.jpg,train,original,162_noise.jpg,train,resize,resized_duplicate,Supported,High,same filename; 369x277->640x480; LANCZOS RGB MAE=8.7041; 64x64 luminance correlation=0.999389
163,163.jpg,train,original,163.jpg,train,resize,resized_duplicate,Supported,High,same filename; 369x277->640x480; LANCZOS RGB MAE=6.8602; 64x64 luminance correlation=0.999429
163,163_brightness.jpg,train,original,163_brightness.jpg,train,resize,resized_duplicate,Supported,High,same filename; 369x277->640x480; LANCZOS RGB MAE=7.5916; 64x64 luminance correlation=0.999447
163,163_noise.jpg,train,original,163_noise.jpg,train,resize,resized_duplicate,Supported,High,same filename; 369x277->640x480; LANCZOS RGB MAE=8.0383; 64x64 luminance correlation=0.99943
1640,1640.jpg,train,original,1640.jpg,train,resize,resized_duplicate,Supported,High,same filename; 369x277->640x480; LANCZOS RGB MAE=9.1689; 64x64 luminance correlation=0.999141
165,165.jpg,train,original,165.jpg,train,resize,resized_duplicate,Supported,High,same filename; 277x369->480x640; LANCZOS RGB MAE=4.1246; 64x64 luminance correlation=0.999658
167,167.jpg,train,original,167.jpg,train,resize,resized_duplicate,Supported,High,same filename; 277x369->480x640; LANCZOS RGB MAE=5.5139; 64x64 luminance correlation=0.999584
168,168.jpg,train,original,168.jpg,train,resize,resized_duplicate,Supported,High,same filename; 277x369->480x640; LANCZOS RGB MAE=9.7821; 64x64 luminance correlation=0.999083
1690,1690.jpg,train,original,1690.jpg,train,resize,resized_duplicate,Supported,High,same filename; 277x369->480x640; LANCZOS RGB MAE=7.1439; 64x64 luminance correlation=0.9992
17,17.jpg,train,original,17.jpg,train,resize,resized_duplicate,Supported,High,same filename; 369x277->640x480; LANCZOS RGB MAE=10.0003; 64x64 luminance correlation=0.998671
172,172_brightness.jpg,train,original,172_brightness.jpg,train,resize,resized_duplicate,Unresolved,Unknown,same filename; 277x326->480x640; LANCZOS RGB MAE=39.1184; 64x64 luminance correlation=0.772601
173,173.jpg,train,original,173.jpg,train,resize,resized_duplicate,Supported,High,same filename; 277x369->480x640; LANCZOS RGB MAE=4.4824; 64x64 luminance correlation=0.999568
1740,1740.jpg,train,original,1740.jpg,train,resize,resized_duplicate,Supported,High,same filename; 277x369->480x640; LANCZOS RGB MAE=4.374; 64x64 luminance correlation=0.999781
1740,1740_brightness.jpg,train,original,1740_brightness.jpg,train,resize,resized_duplicate,Supported,High,same filename; 277x369->480x640; LANCZOS RGB MAE=4.8962; 64x64 luminance correlation=0.999787
1740,1740_noise.jpg,train,original,1740_noise.jpg,train,resize,resized_duplicate,Supported,High,same filename; 277x369->480x640; LANCZOS RGB MAE=5.9449; 64x64 luminance correlation=0.999778
1770,1770.jpg,train,original,1770.jpg,train,resize,resized_duplicate,Supported,High,same filename; 277x369->480x640; LANCZOS RGB MAE=9.3723; 64x64 luminance correlation=0.999201
1770,1770_brightness.jpg,train,original,1770_brightness.jpg,train,resize,resized_duplicate,Supported,High,same filename; 277x369->480x640; LANCZOS RGB MAE=10.4113; 64x64 luminance correlation=0.999099
1780,1780.jpg,train,original,1780.jpg,train,resize,resized_duplicate,Supported,High,same filename; 277x369->480x640; LANCZOS RGB MAE=5.255; 64x64 luminance correlation=0.999596
1780,1780_brightness.jpg,train,original,1780_brightness.jpg,train,resize,resized_duplicate,Supported,High,same filename; 277x369->480x640; LANCZOS RGB MAE=5.9584; 64x64 luminance correlation=0.999618
1780,1780_noise.jpg,train,original,1780_noise.jpg,train,resize,resized_duplicate,Supported,High,same filename; 277x369->480x640; LANCZOS RGB MAE=6.5697; 64x64 luminance correlation=0.99961
1790,1790.jpg,train,original,1790.jpg,train,resize,resized_duplicate,Supported,High,same filename; 277x369->480x640; LANCZOS RGB MAE=6.5738; 64x64 luminance correlation=0.999423
1790,1790_brightness.jpg,train,original,1790_brightness.jpg,train,resize,resized_duplicate,Supported,High,same filename; 277x369->480x640; LANCZOS RGB MAE=7.4661; 64x64 luminance correlation=0.999446
1790,1790_noise.jpg,train,original,1790_noise.jpg,train,resize,resized_duplicate,Supported,High,same filename; 277x369->480x640; LANCZOS RGB MAE=7.7519; 64x64 luminance correlation=0.999436
1800,1800.jpg,train,original,1800.jpg,train,resize,resized_duplicate,Supported,High,same filename; 277x369->480x640; LANCZOS RGB MAE=7.4906; 64x64 luminance correlation=0.998991
1810,1810.jpg,train,original,1810.jpg,train,resize,resized_duplicate,Supported,High,same filename; 277x369->480x640; LANCZOS RGB MAE=7.8463; 64x64 luminance correlation=0.999295
1830,1830.jpg,train,original,1830.jpg,train,resize,resized_duplicate,Supported,High,same filename; 277x369->480x640; LANCZOS RGB MAE=3.7565; 64x64 luminance correlation=0.999605
1830,1830_brightness.jpg,train,original,1830_brightness.jpg,train,resize,resized_duplicate,Supported,High,same filename; 277x369->480x640; LANCZOS RGB MAE=4.1911; 64x64 luminance correlation=0.99959
185,185.jpg,train,original,185.jpg,train,resize,resized_duplicate,Supported,High,same filename; 277x369->480x640; LANCZOS RGB MAE=4.8213; 64x64 luminance correlation=0.999545
186,186.jpg,train,original,186.jpg,train,resize,resized_duplicate,Supported,High,same filename; 277x369->480x640; LANCZOS RGB MAE=4.5987; 64x64 luminance correlation=0.999549
1880,1880.jpg,train,original,1880.jpg,train,resize,resized_duplicate,Supported,High,same filename; 369x277->640x480; LANCZOS RGB MAE=5.6709; 64x64 luminance correlation=0.999309
189,189.jpg,train,original,189.jpg,train,resize,resized_duplicate,Supported,High,same filename; 277x369->480x640; LANCZOS RGB MAE=5.1131; 64x64 luminance correlation=0.999308
19,19.jpg,train,original,19.jpg,train,resize,resized_duplicate,Supported,High,same filename; 369x277->640x480; LANCZOS RGB MAE=11.7211; 64x64 luminance correlation=0.998831
190,190.jpg,train,original,190.jpg,train,resize,resized_duplicate,Supported,High,same filename; 277x369->480x640; LANCZOS RGB MAE=12.1867; 64x64 luminance correlation=0.999444
1910,1910.jpg,train,original,1910.jpg,train,resize,resized_duplicate,Supported,High,same filename; 277x369->480x640; LANCZOS RGB MAE=11.1192; 64x64 luminance correlation=0.999033
1910,1910_brightness.jpg,train,original,1910_brightness.jpg,train,resize,resized_duplicate,Supported,High,same filename; 277x369->480x640; LANCZOS RGB MAE=12.2591; 64x64 luminance correlation=0.998987
192,192.jpg,train,original,192.jpg,train,resize,resized_duplicate,Supported,High,same filename; 369x277->640x480; LANCZOS RGB MAE=10.3951; 64x64 luminance correlation=0.998745
192,192_noise.jpg,train,original,192_noise.jpg,train,resize,resized_duplicate,Supported,High,same filename; 369x277->640x480; LANCZOS RGB MAE=11.3568; 64x64 luminance correlation=0.998769
193,193.jpg,train,original,193.jpg,train,resize,resized_duplicate,Supported,High,same filename; 369x277->640x480; LANCZOS RGB MAE=4.7545; 64x64 luminance correlation=0.999453
194,194.jpg,train,original,194.jpg,train,resize,resized_duplicate,Supported,High,same filename; 369x277->640x480; LANCZOS RGB MAE=6.4563; 64x64 luminance correlation=0.998839
194,194_brightness.jpg,train,original,194_brightness.jpg,train,resize,resized_duplicate,Supported,High,same filename; 369x277->640x480; LANCZOS RGB MAE=7.1537; 64x64 luminance correlation=0.998913
195,195.jpg,train,original,195.jpg,train,resize,resized_duplicate,Supported,High,same filename; 369x277->640x480; LANCZOS RGB MAE=7.9513; 64x64 luminance correlation=0.999324
196,196.jpg,train,original,196.jpg,train,resize,resized_duplicate,Supported,High,same filename; 277x369->480x640; LANCZOS RGB MAE=9.4517; 64x64 luminance correlation=0.999339
1970,1970.jpg,train,original,1970.jpg,train,resize,resized_duplicate,Supported,High,same filename; 277x369->480x640; LANCZOS RGB MAE=6.4481; 64x64 luminance correlation=0.999385
1980,1980.jpg,train,original,1980.jpg,train,resize,resized_duplicate,Supported,High,same filename; 277x369->480x640; LANCZOS RGB MAE=8.1806; 64x64 luminance correlation=0.99917
1990,1990.jpg,train,original,1990.jpg,train,resize,resized_duplicate,Supported,High,same filename; 277x369->480x640; LANCZOS RGB MAE=7.9429; 64x64 luminance correlation=0.99944
19,19_brightness.jpg,train,original,19_brightness.jpg,train,resize,resized_duplicate,Supported,High,same filename; 369x277->640x480; LANCZOS RGB MAE=12.5996; 64x64 luminance correlation=0.998732
20,20.jpg,train,original,20.jpg,train,resize,resized_duplicate,Supported,High,same filename; 369x277->640x480; LANCZOS RGB MAE=9.9671; 64x64 luminance correlation=0.998901
200,200.jpg,train,original,200.jpg,train,resize,resized_duplicate,Supported,High,same filename; 277x369->480x640; LANCZOS RGB MAE=10.1057; 64x64 luminance correlation=0.998912
20000,20000.jpg,train,original,20000.jpg,train,resize,resized_duplicate,Supported,High,same filename; 369x277->640x480; LANCZOS RGB MAE=8.2113; 64x64 luminance correlation=0.998957
2010,2010.jpg,train,original,2010.jpg,train,resize,resized_duplicate,Supported,High,same filename; 277x369->480x640; LANCZOS RGB MAE=7.895; 64x64 luminance correlation=0.999274
2030,2030.jpg,train,original,2030.jpg,train,resize,resized_duplicate,Supported,High,same filename; 277x369->480x640; LANCZOS RGB MAE=7.7182; 64x64 luminance correlation=0.999341
2040,2040_noise.jpg,train,original,2040_noise.jpg,train,resize,resized_duplicate,Supported,High,same filename; 369x277->640x480; LANCZOS RGB MAE=7.0149; 64x64 luminance correlation=0.999434
207,207.jpg,train,original,207.jpg,train,resize,resized_duplicate,Supported,High,same filename; 369x277->640x480; LANCZOS RGB MAE=5.3991; 64x64 luminance correlation=0.999255
207,207_brightness.jpg,train,original,207_brightness.jpg,train,resize,resized_duplicate,Supported,High,same filename; 369x277->640x480; LANCZOS RGB MAE=5.8981; 64x64 luminance correlation=0.999255
2080,2080.jpg,train,original,2080.jpg,train,resize,resized_duplicate,Supported,High,same filename; 369x277->640x480; LANCZOS RGB MAE=10.7372; 64x64 luminance correlation=0.998797
2080,2080_brightness.jpg,train,original,2080_brightness.jpg,train,resize,resized_duplicate,Supported,High,same filename; 369x277->640x480; LANCZOS RGB MAE=11.5245; 64x64 luminance correlation=0.998818
2080,2080_noise.jpg,train,original,2080_noise.jpg,train,resize,resized_duplicate,Supported,High,same filename; 369x277->640x480; LANCZOS RGB MAE=11.7967; 64x64 luminance correlation=0.99883
209,209.jpg,train,original,209.jpg,train,resize,resized_duplicate,Supported,High,same filename; 369x277->640x480; LANCZOS RGB MAE=8.0588; 64x64 luminance correlation=0.999174
21,21.jpg,train,original,21.jpg,train,resize,resized_duplicate,Supported,High,same filename; 369x277->640x480; LANCZOS RGB MAE=9.6173; 64x64 luminance correlation=0.999006
2110,2110.jpg,train,original,2110.jpg,train,resize,resized_duplicate,Supported,High,same filename; 369x277->640x480; LANCZOS RGB MAE=5.9304; 64x64 luminance correlation=0.999212
2120,2120.jpg,train,original,2120.jpg,train,resize,resized_duplicate,Supported,High,same filename; 369x277->640x480; LANCZOS RGB MAE=7.1419; 64x64 luminance correlation=0.999231
213,213.jpg,train,original,213.jpg,train,resize,resized_duplicate,Supported,High,same filename; 369x277->640x480; LANCZOS RGB MAE=6.6023; 64x64 luminance correlation=0.999214
214,214.jpg,train,original,214.jpg,train,resize,resized_duplicate,Supported,High,same filename; 369x277->640x480; LANCZOS RGB MAE=11.6656; 64x64 luminance correlation=0.999265
216,216.jpg,train,original,216.jpg,train,resize,resized_duplicate,Supported,High,same filename; 369x277->640x480; LANCZOS RGB MAE=6.2963; 64x64 luminance correlation=0.999307
2170,2170.jpg,train,original,2170.jpg,train,resize,resized_duplicate,Supported,High,same filename; 369x277->640x480; LANCZOS RGB MAE=3.8257; 64x64 luminance correlation=0.999601
2170,2170_brightness.jpg,train,original,2170_brightness.jpg,train,resize,resized_duplicate,Supported,High,same filename; 369x277->640x480; LANCZOS RGB MAE=4.2955; 64x64 luminance correlation=0.999599
2170,2170_noise.jpg,train,original,2170_noise.jpg,train,resize,resized_duplicate,Supported,High,same filename; 369x277->640x480; LANCZOS RGB MAE=5.5528; 64x64 luminance correlation=0.999594
2180,2180.jpg,train,original,2180.jpg,train,resize,resized_duplicate,Supported,High,same filename; 369x277->640x480; LANCZOS RGB MAE=4.3661; 64x64 luminance correlation=0.99927
2190,2190.jpg,train,original,2190.jpg,train,resize,resized_duplicate,Supported,High,same filename; 369x277->640x480; LANCZOS RGB MAE=5.5287; 64x64 luminance correlation=0.999095
2190,2190_brightness.jpg,train,original,2190_brightness.jpg,train,resize,resized_duplicate,Supported,High,same filename; 369x277->640x480; LANCZOS RGB MAE=6.204; 64x64 luminance correlation=0.999078
2190,2190_noise.jpg,train,original,2190_noise.jpg,train,resize,resized_duplicate,Supported,High,same filename; 369x277->640x480; LANCZOS RGB MAE=6.8992; 64x64 luminance correlation=0.999093
21,21_brightness.jpg,train,original,21_brightness.jpg,train,resize,resized_duplicate,Supported,High,same filename; 369x277->640x480; LANCZOS RGB MAE=10.2684; 64x64 luminance correlation=0.998957
2200,2200.jpg,train,original,2200.jpg,train,resize,resized_duplicate,Supported,High,same filename; 369x277->640x480; LANCZOS RGB MAE=4.7786; 64x64 luminance correlation=0.999396
2200,2200_noise.jpg,train,original,2200_noise.jpg,train,resize,resized_duplicate,Supported,High,same filename; 369x277->640x480; LANCZOS RGB MAE=6.2051; 64x64 luminance correlation=0.999393
2210,2210_noise.jpg,train,original,2210_noise.jpg,train,resize,resized_duplicate,Supported,High,same filename; 369x277->640x480; LANCZOS RGB MAE=6.1477; 64x64 luminance correlation=0.999518
2220,2220.jpg,train,original,2220.jpg,train,resize,resized_duplicate,Supported,High,same filename; 369x277->640x480; LANCZOS RGB MAE=5.8342; 64x64 luminance correlation=0.99926
2220,2220_brightness.jpg,train,original,2220_brightness.jpg,train,resize,resized_duplicate,Supported,High,same filename; 369x277->640x480; LANCZOS RGB MAE=6.4136; 64x64 luminance correlation=0.99924
2220,2220_noise.jpg,train,original,2220_noise.jpg,train,resize,resized_duplicate,Supported,High,same filename; 369x277->640x480; LANCZOS RGB MAE=7.1142; 64x64 luminance correlation=0.999257
223,223.jpg,train,original,223.jpg,train,resize,resized_duplicate,Supported,High,same filename; 369x277->640x480; LANCZOS RGB MAE=3.8167; 64x64 luminance correlation=0.999379
223,223_brightness.jpg,train,original,223_brightness.jpg,train,resize,resized_duplicate,Supported,High,same filename; 369x277->640x480; LANCZOS RGB MAE=4.1213; 64x64 luminance correlation=0.999407
2240,2240.jpg,train,original,2240.jpg,train,resize,resized_duplicate,Supported,High,same filename; 369x277->640x480; LANCZOS RGB MAE=12.927; 64x64 luminance correlation=0.998827
2240,2240_brightness.jpg,train,original,2240_brightness.jpg,train,resize,resized_duplicate,Supported,High,same filename; 369x277->640x480; LANCZOS RGB MAE=14.0448; 64x64 luminance correlation=0.998724
2240,2240_noise.jpg,train,original,2240_noise.jpg,train,resize,resized_duplicate,Supported,High,same filename; 369x277->640x480; LANCZOS RGB MAE=13.5042; 64x64 luminance correlation=0.998813
2250,2250.jpg,train,original,2250.jpg,train,resize,resized_duplicate,Supported,High,same filename; 369x277->640x480; LANCZOS RGB MAE=5.458; 64x64 luminance correlation=0.9995
2250,2250_brightness.jpg,train,original,2250_brightness.jpg,train,resize,resized_duplicate,Supported,High,same filename; 369x277->640x480; LANCZOS RGB MAE=6.0783; 64x64 luminance correlation=0.999509
2250,2250_noise.jpg,train,original,2250_noise.jpg,train,resize,resized_duplicate,Supported,High,same filename; 369x277->640x480; LANCZOS RGB MAE=6.8146; 64x64 luminance correlation=0.999496
226,226.jpg,train,original,226.jpg,train,resize,resized_duplicate,Supported,High,same filename; 369x277->640x480; LANCZOS RGB MAE=7.5448; 64x64 luminance correlation=0.999543
226,226_brightness.jpg,train,original,226_brightness.jpg,train,resize,resized_duplicate,Supported,High,same filename; 369x277->640x480; LANCZOS RGB MAE=8.3554; 64x64 luminance correlation=0.99956
226,226_noise.jpg,train,original,226_noise.jpg,train,resize,resized_duplicate,Supported,High,same filename; 369x277->640x480; LANCZOS RGB MAE=8.9298; 64x64 luminance correlation=0.999558
227,227_noise.jpg,train,original,227_noise.jpg,train,resize,resized_duplicate,Supported,High,same filename; 369x277->640x480; LANCZOS RGB MAE=6.9375; 64x64 luminance correlation=0.999518
2280,2280.jpg,train,original,2280.jpg,train,resize,resized_duplicate,Supported,High,same filename; 369x277->640x480; LANCZOS RGB MAE=5.758; 64x64 luminance correlation=0.999143
2280,2280_brightness.jpg,train,original,2280_brightness.jpg,train,resize,resized_duplicate,Supported,High,same filename; 369x277->640x480; LANCZOS RGB MAE=6.3666; 64x64 luminance correlation=0.999097
2280,2280_noise.jpg,train,original,2280_noise.jpg,train,resize,resized_duplicate,Supported,High,same filename; 369x277->640x480; LANCZOS RGB MAE=7.3741; 64x64 luminance correlation=0.999151
2300,2300.jpg,train,original,2300.jpg,train,resize,resized_duplicate,Supported,High,same filename; 369x277->640x480; LANCZOS RGB MAE=6.2445; 64x64 luminance correlation=0.999411
23000,23000.jpg,train,original,23000.jpg,train,resize,resized_duplicate,Supported,High,same filename; 369x277->640x480; LANCZOS RGB MAE=11.2629; 64x64 luminance correlation=0.998392
231,231.jpg,train,original,231.jpg,train,resize,resized_duplicate,Supported,High,same filename; 369x277->640x480; LANCZOS RGB MAE=10.0408; 64x64 luminance correlation=0.998656
2330,2330.jpg,train,original,2330.jpg,train,resize,resized_duplicate,Supported,High,same filename; 369x277->640x480; LANCZOS RGB MAE=3.865; 64x64 luminance correlation=0.999539
2330,2330_brightness.jpg,train,original,2330_brightness.jpg,train,resize,resized_duplicate,Supported,High,same filename; 369x277->640x480; LANCZOS RGB MAE=4.2472; 64x64 luminance correlation=0.999537
2330,2330_noise.jpg,train,original,2330_noise.jpg,train,resize,resized_duplicate,Supported,High,same filename; 369x277->640x480; LANCZOS RGB MAE=5.5709; 64x64 luminance correlation=0.99954
2340,2340.jpg,train,original,2340.jpg,train,resize,resized_duplicate,Supported,High,same filename; 369x277->640x480; LANCZOS RGB MAE=4.3736; 64x64 luminance correlation=0.999589
2340,2340_brightness.jpg,train,original,2340_brightness.jpg,train,resize,resized_duplicate,Supported,High,same filename; 369x277->640x480; LANCZOS RGB MAE=4.9445; 64x64 luminance correlation=0.999576
2350,2350.jpg,train,original,2350.jpg,train,resize,resized_duplicate,Supported,High,same filename; 369x277->640x480; LANCZOS RGB MAE=4.4103; 64x64 luminance correlation=0.999344
2360,2360_brightness.jpg,train,original,2360_brightness.jpg,train,resize,resized_duplicate,Supported,High,same filename; 369x277->640x480; LANCZOS RGB MAE=7.4703; 64x64 luminance correlation=0.999132
2360,2360_noise.jpg,train,original,2360_noise.jpg,train,resize,resized_duplicate,Supported,High,same filename; 369x277->640x480; LANCZOS RGB MAE=7.8503; 64x64 luminance correlation=0.999138
2370,2370.jpg,train,original,2370.jpg,train,resize,resized_duplicate,Supported,High,same filename; 369x277->640x480; LANCZOS RGB MAE=5.6519; 64x64 luminance correlation=0.998825
2370,2370_brightness.jpg,train,original,2370_brightness.jpg,train,resize,resized_duplicate,Supported,High,same filename; 369x277->640x480; LANCZOS RGB MAE=6.2534; 64x64 luminance correlation=0.998864
2370,2370_noise.jpg,train,original,2370_noise.jpg,train,resize,resized_duplicate,Supported,High,same filename; 369x277->640x480; LANCZOS RGB MAE=7.0051; 64x64 luminance correlation=0.998846
2380,2380.jpg,train,original,2380.jpg,train,resize,resized_duplicate,Supported,High,same filename; 369x277->640x480; LANCZOS RGB MAE=7.2937; 64x64 luminance correlation=0.999003
24000,24000.jpg,train,original,24000.jpg,train,resize,resized_duplicate,Supported,High,same filename; 369x277->640x480; LANCZOS RGB MAE=12.8779; 64x64 luminance correlation=0.998746
24000,24000_brightness.jpg,train,original,24000_brightness.jpg,train,resize,resized_duplicate,Supported,High,same filename; 369x277->640x480; LANCZOS RGB MAE=14.0018; 64x64 luminance correlation=0.998639
2400,2400_brightness.jpg,train,original,2400_brightness.jpg,train,resize,resized_duplicate,Supported,High,same filename; 369x277->640x480; LANCZOS RGB MAE=5.4829; 64x64 luminance correlation=0.999469
2410,2410_brightness.jpg,train,original,2410_brightness.jpg,train,resize,resized_duplicate,Supported,High,same filename; 369x277->640x480; LANCZOS RGB MAE=4.3768; 64x64 luminance correlation=0.999416
2410,2410_noise.jpg,train,original,2410_noise.jpg,train,resize,resized_duplicate,Supported,High,same filename; 369x277->640x480; LANCZOS RGB MAE=5.5671; 64x64 luminance correlation=0.999401
2430,2430.jpg,train,original,2430.jpg,train,resize,resized_duplicate,Supported,High,same filename; 369x277->640x480; LANCZOS RGB MAE=10.0373; 64x64 luminance correlation=0.998609
2430,2430_brightness.jpg,train,original,2430_brightness.jpg,train,resize,resized_duplicate,Supported,High,same filename; 369x277->640x480; LANCZOS RGB MAE=10.9879; 64x64 luminance correlation=0.99866
2430,2430_noise.jpg,train,original,2430_noise.jpg,train,resize,resized_duplicate,Supported,High,same filename; 369x277->640x480; LANCZOS RGB MAE=10.8775; 64x64 luminance correlation=0.998637
2440,2440.jpg,train,original,2440.jpg,train,resize,resized_duplicate,Supported,High,same filename; 369x277->640x480; LANCZOS RGB MAE=5.7262; 64x64 luminance correlation=0.999435
2440,2440_brightness.jpg,train,original,2440_brightness.jpg,train,resize,resized_duplicate,Supported,High,same filename; 369x277->640x480; LANCZOS RGB MAE=6.3668; 64x64 luminance correlation=0.999488
2440,2440_noise.jpg,train,original,2440_noise.jpg,train,resize,resized_duplicate,Supported,High,same filename; 369x277->640x480; LANCZOS RGB MAE=7.0612; 64x64 luminance correlation=0.999446
246,246.jpg,train,original,246.jpg,train,resize,resized_duplicate,Supported,High,same filename; 369x277->640x480; LANCZOS RGB MAE=6.2677; 64x64 luminance correlation=0.999082
2480,2480.jpg,train,original,2480.jpg,train,resize,resized_duplicate,Supported,High,same filename; 369x277->640x480; LANCZOS RGB MAE=9.7937; 64x64 luminance correlation=0.998784
249,249.jpg,train,original,249.jpg,train,resize,resized_duplicate,Supported,High,same filename; 369x277->640x480; LANCZOS RGB MAE=5.4659; 64x64 luminance correlation=0.999
249,249_brightness.jpg,train,original,249_brightness.jpg,train,resize,resized_duplicate,Supported,High,same filename; 369x277->640x480; LANCZOS RGB MAE=5.9832; 64x64 luminance correlation=0.999055
249,249_noise.jpg,train,original,249_noise.jpg,train,resize,resized_duplicate,Supported,High,same filename; 369x277->640x480; LANCZOS RGB MAE=6.9139; 64x64 luminance correlation=0.999019
25,25.jpg,train,original,25.jpg,train,resize,resized_duplicate,Supported,High,same filename; 277x369->480x640; LANCZOS RGB MAE=9.172; 64x64 luminance correlation=0.99922
251,251.jpg,train,original,251.jpg,train,resize,resized_duplicate,Supported,High,same filename; 369x277->640x480; LANCZOS RGB MAE=4.4882; 64x64 luminance correlation=0.999064
251,251_noise.jpg,train,original,251_noise.jpg,train,resize,resized_duplicate,Supported,High,same filename; 369x277->640x480; LANCZOS RGB MAE=6.1741; 64x64 luminance correlation=0.99908
2520,2520.jpg,train,original,2520.jpg,train,resize,resized_duplicate,Supported,High,same filename; 369x277->640x480; LANCZOS RGB MAE=9.3407; 64x64 luminance correlation=0.998917
2520,2520_noise.jpg,train,original,2520_noise.jpg,train,resize,resized_duplicate,Supported,High,same filename; 369x277->640x480; LANCZOS RGB MAE=10.3536; 64x64 luminance correlation=0.998948
253,253.jpg,train,original,253.jpg,train,resize,resized_duplicate,Supported,High,same filename; 369x277->640x480; LANCZOS RGB MAE=3.9273; 64x64 luminance correlation=0.999155
253,253_brightness.jpg,train,original,253_brightness.jpg,train,resize,resized_duplicate,Supported,High,same filename; 369x277->640x480; LANCZOS RGB MAE=4.3289; 64x64 luminance correlation=0.999244
253,253_noise.jpg,train,original,253_noise.jpg,train,resize,resized_duplicate,Supported,High,same filename; 369x277->640x480; LANCZOS RGB MAE=5.7467; 64x64 luminance correlation=0.999163
2540,2540.jpg,train,original,2540.jpg,train,resize,resized_duplicate,Supported,High,same filename; 369x277->640x480; LANCZOS RGB MAE=8.9685; 64x64 luminance correlation=0.999142
2540,2540_brightness.jpg,train,original,2540_brightness.jpg,train,resize,resized_duplicate,Supported,High,same filename; 369x277->640x480; LANCZOS RGB MAE=9.8644; 64x64 luminance correlation=0.999113
2540,2540_noise.jpg,train,original,2540_noise.jpg,train,resize,resized_duplicate,Supported,High,same filename; 369x277->640x480; LANCZOS RGB MAE=10.0402; 64x64 luminance correlation=0.999153
256,256.jpg,train,original,256.jpg,train,resize,resized_duplicate,Supported,High,same filename; 369x277->640x480; LANCZOS RGB MAE=4.4508; 64x64 luminance correlation=0.99957
256,256_brightness.jpg,train,original,256_brightness.jpg,train,resize,resized_duplicate,Supported,High,same filename; 369x277->640x480; LANCZOS RGB MAE=4.9513; 64x64 luminance correlation=0.999592
257,257_brightness.jpg,train,original,257_brightness.jpg,train,resize,resized_duplicate,Supported,High,same filename; 369x277->640x480; LANCZOS RGB MAE=9.2591; 64x64 luminance correlation=0.999375
257,257_noise.jpg,train,original,257_noise.jpg,train,resize,resized_duplicate,Supported,High,same filename; 369x277->640x480; LANCZOS RGB MAE=9.3343; 64x64 luminance correlation=0.999437
258,258.jpg,train,original,258.jpg,train,resize,resized_duplicate,Supported,High,same filename; 369x277->640x480; LANCZOS RGB MAE=8.6681; 64x64 luminance correlation=0.999265
2590,2590.jpg,train,original,2590.jpg,train,resize,resized_duplicate,Supported,High,same filename; 369x277->640x480; LANCZOS RGB MAE=4.2313; 64x64 luminance correlation=0.998902
2590,2590_noise.jpg,train,original,2590_noise.jpg,train,resize,resized_duplicate,Supported,High,same filename; 369x277->640x480; LANCZOS RGB MAE=5.9263; 64x64 luminance correlation=0.998927
2600,2600.jpg,train,original,2600.jpg,train,resize,resized_duplicate,Supported,High,same filename; 369x277->640x480; LANCZOS RGB MAE=4.3146; 64x64 luminance correlation=0.999504
26000,26000.jpg,train,original,26000.jpg,train,resize,resized_duplicate,Supported,High,same filename; 369x277->640x480; LANCZOS RGB MAE=15.0059; 64x64 luminance correlation=0.998509
2610,2610.jpg,train,original,2610.jpg,train,resize,resized_duplicate,Supported,High,same filename; 369x277->640x480; LANCZOS RGB MAE=8.0342; 64x64 luminance correlation=0.999206
2630,2630.jpg,train,original,2630.jpg,train,resize,resized_duplicate,Supported,High,same filename; 369x277->640x480; LANCZOS RGB MAE=3.9434; 64x64 luminance correlation=0.999603
2630,2630_brightness.jpg,train,original,2630_brightness.jpg,train,resize,resized_duplicate,Supported,High,same filename; 369x277->640x480; LANCZOS RGB MAE=4.3544; 64x64 luminance correlation=0.999598
2630,2630_noise.jpg,train,original,2630_noise.jpg,train,resize,resized_duplicate,Supported,High,same filename; 369x277->640x480; LANCZOS RGB MAE=5.6194; 64x64 luminance correlation=0.999596
2650,2650.jpg,train,original,2650.jpg,train,resize,resized_duplicate,Supported,High,same filename; 369x277->640x480; LANCZOS RGB MAE=5.1306; 64x64 luminance correlation=0.99961
2650,2650_brightness.jpg,train,original,2650_brightness.jpg,train,resize,resized_duplicate,Supported,High,same filename; 369x277->640x480; LANCZOS RGB MAE=5.7394; 64x64 luminance correlation=0.99962
2650,2650_noise.jpg,train,original,2650_noise.jpg,train,resize,resized_duplicate,Supported,High,same filename; 369x277->640x480; LANCZOS RGB MAE=6.4705; 64x64 luminance correlation=0.999596
266,266.jpg,train,original,266.jpg,train,resize,resized_duplicate,Supported,High,same filename; 369x277->640x480; LANCZOS RGB MAE=9.2064; 64x64 luminance correlation=0.99905
266,266_brightness.jpg,train,original,266_brightness.jpg,train,resize,resized_duplicate,Supported,High,same filename; 369x277->640x480; LANCZOS RGB MAE=10.1609; 64x64 luminance correlation=0.999009
267,267_brightness.jpg,train,original,267_brightness.jpg,train,resize,resized_duplicate,Supported,High,same filename; 369x277->640x480; LANCZOS RGB MAE=4.9997; 64x64 luminance correlation=0.999408
268,268.jpg,train,original,268.jpg,train,resize,resized_duplicate,Supported,High,same filename; 369x277->640x480; LANCZOS RGB MAE=4.7637; 64x64 luminance correlation=0.999511
268,268_brightness.jpg,train,original,268_brightness.jpg,train,resize,resized_duplicate,Supported,High,same filename; 369x277->640x480; LANCZOS RGB MAE=5.2907; 64x64 luminance correlation=0.999523
268,268_noise.jpg,train,original,268_noise.jpg,train,resize,resized_duplicate,Supported,High,same filename; 369x277->640x480; LANCZOS RGB MAE=6.4115; 64x64 luminance correlation=0.999518
2690,2690.jpg,train,original,2690.jpg,train,resize,resized_duplicate,Supported,High,same filename; 369x277->640x480; LANCZOS RGB MAE=4.3159; 64x64 luminance correlation=0.999655
2690,2690_brightness.jpg,train,original,2690_brightness.jpg,train,resize,resized_duplicate,Supported,High,same filename; 369x277->640x480; LANCZOS RGB MAE=4.7959; 64x64 luminance correlation=0.999676
2690,2690_noise.jpg,train,original,2690_noise.jpg,train,resize,resized_duplicate,Supported,High,same filename; 369x277->640x480; LANCZOS RGB MAE=5.96; 64x64 luminance correlation=0.999655
2710,2710.jpg,train,original,2710.jpg,train,resize,resized_duplicate,Supported,High,same filename; 369x277->640x480; LANCZOS RGB MAE=6.6426; 64x64 luminance correlation=0.999468
2710,2710_noise.jpg,train,original,2710_noise.jpg,train,resize,resized_duplicate,Supported,High,same filename; 369x277->640x480; LANCZOS RGB MAE=8.3029; 64x64 luminance correlation=0.999463
2720,2720_brightness.jpg,train,original,2720_brightness.jpg,train,resize,resized_duplicate,Supported,High,same filename; 369x277->640x480; LANCZOS RGB MAE=10.5478; 64x64 luminance correlation=0.99921
2720,2720_noise.jpg,train,original,2720_noise.jpg,train,resize,resized_duplicate,Supported,High,same filename; 369x277->640x480; LANCZOS RGB MAE=10.3873; 64x64 luminance correlation=0.99921
2740,2740.jpg,train,original,2740.jpg,train,resize,resized_duplicate,Supported,High,same filename; 369x277->640x480; LANCZOS RGB MAE=9.9061; 64x64 luminance correlation=0.998795
2740,2740_brightness.jpg,train,original,2740_brightness.jpg,train,resize,resized_duplicate,Supported,High,same filename; 369x277->640x480; LANCZOS RGB MAE=10.8332; 64x64 luminance correlation=0.998782
2740,2740_noise.jpg,train,original,2740_noise.jpg,train,resize,resized_duplicate,Supported,High,same filename; 369x277->640x480; LANCZOS RGB MAE=10.5928; 64x64 luminance correlation=0.998829
2760,2760.jpg,train,original,2760.jpg,train,resize,resized_duplicate,Supported,High,same filename; 369x277->640x480; LANCZOS RGB MAE=7.5303; 64x64 luminance correlation=0.998983
2760,2760_brightness.jpg,train,original,2760_brightness.jpg,train,resize,resized_duplicate,Supported,High,same filename; 369x277->640x480; LANCZOS RGB MAE=8.1402; 64x64 luminance correlation=0.998949
2760,2760_noise.jpg,train,original,2760_noise.jpg,train,resize,resized_duplicate,Supported,High,same filename; 369x277->640x480; LANCZOS RGB MAE=9.0455; 64x64 luminance correlation=0.998991
2780,2780.jpg,train,original,2780.jpg,train,resize,resized_duplicate,Supported,High,same filename; 369x277->640x480; LANCZOS RGB MAE=4.0659; 64x64 luminance correlation=0.999442
28,28.jpg,train,original,28.jpg,train,resize,resized_duplicate,Supported,High,same filename; 369x277->640x480; LANCZOS RGB MAE=14.3875; 64x64 luminance correlation=0.998575
282,282.jpg,train,original,282.jpg,train,resize,resized_duplicate,Supported,High,same filename; 369x277->640x480; LANCZOS RGB MAE=4.195; 64x64 luminance correlation=0.999169
2830,2830.jpg,train,original,2830.jpg,train,resize,resized_duplicate,Supported,High,same filename; 369x277->640x480; LANCZOS RGB MAE=3.9753; 64x64 luminance correlation=0.999106
2830,2830_brightness.jpg,train,original,2830_brightness.jpg,train,resize,resized_duplicate,Supported,High,same filename; 369x277->640x480; LANCZOS RGB MAE=4.4047; 64x64 luminance correlation=0.999052
2830,2830_noise.jpg,train,original,2830_noise.jpg,train,resize,resized_duplicate,Supported,High,same filename; 369x277->640x480; LANCZOS RGB MAE=5.6366; 64x64 luminance correlation=0.999115
285,285.jpg,train,original,285.jpg,train,resize,resized_duplicate,Supported,High,same filename; 369x277->640x480; LANCZOS RGB MAE=6.7192; 64x64 luminance correlation=0.999006
288,288.jpg,train,original,288.jpg,train,resize,resized_duplicate,Supported,High,same filename; 369x277->640x480; LANCZOS RGB MAE=11.1552; 64x64 luminance correlation=0.998914
288,288_brightness.jpg,train,original,288_brightness.jpg,train,resize,resized_duplicate,Supported,High,same filename; 369x277->640x480; LANCZOS RGB MAE=12.1229; 64x64 luminance correlation=0.99893
29000,29000.jpg,train,original,29000.jpg,train,resize,resized_duplicate,Supported,High,same filename; 369x277->640x480; LANCZOS RGB MAE=9.8637; 64x64 luminance correlation=0.998844
2901,2901.jpg,train,original,2901.jpg,train,resize,resized_duplicate,Supported,High,same filename; 369x277->640x480; LANCZOS RGB MAE=7.2233; 64x64 luminance correlation=0.999051
2910,2910.jpg,train,original,2910.jpg,train,resize,resized_duplicate,Supported,High,same filename; 369x277->640x480; LANCZOS RGB MAE=5.6075; 64x64 luminance correlation=0.999539
2910,2910_noise.jpg,train,original,2910_noise.jpg,train,resize,resized_duplicate,Supported,High,same filename; 369x277->640x480; LANCZOS RGB MAE=6.8727; 64x64 luminance correlation=0.999552
2950,2950.jpg,train,original,2950.jpg,train,resize,resized_duplicate,Supported,High,same filename; 369x277->640x480; LANCZOS RGB MAE=5.9177; 64x64 luminance correlation=0.999429
2960,2960_brightness.jpg,train,original,2960_brightness.jpg,train,resize,resized_duplicate,Supported,High,same filename; 277x369->480x640; LANCZOS RGB MAE=8.9805; 64x64 luminance correlation=0.999297
2960,2960_noise.jpg,train,original,2960_noise.jpg,train,resize,resized_duplicate,Supported,High,same filename; 277x369->480x640; LANCZOS RGB MAE=9.1127; 64x64 luminance correlation=0.999302
2970,2970.jpg,train,original,2970.jpg,train,resize,resized_duplicate,Supported,High,same filename; 277x369->480x640; LANCZOS RGB MAE=6.8908; 64x64 luminance correlation=0.999248
2970,2970_brightness.jpg,train,original,2970_brightness.jpg,train,resize,resized_duplicate,Supported,High,same filename; 277x369->480x640; LANCZOS RGB MAE=7.7249; 64x64 luminance correlation=0.999267
3,3.jpg,train,original,3.jpg,train,resize,resized_duplicate,Supported,High,same filename; 369x277->640x480; LANCZOS RGB MAE=13.6205; 64x64 luminance correlation=0.998107
300,300.jpg,train,original,300.jpg,train,resize,resized_duplicate,Supported,High,same filename; 369x277->640x480; LANCZOS RGB MAE=4.0788; 64x64 luminance correlation=0.999568
300,300_brightness.jpg,train,original,300_brightness.jpg,train,resize,resized_duplicate,Supported,High,same filename; 369x277->640x480; LANCZOS RGB MAE=4.4486; 64x64 luminance correlation=0.999574
300,300_noise.jpg,train,original,300_noise.jpg,train,resize,resized_duplicate,Supported,High,same filename; 369x277->640x480; LANCZOS RGB MAE=5.6928; 64x64 luminance correlation=0.999573
301,301.jpg,train,original,301.jpg,train,resize,resized_duplicate,Supported,High,same filename; 369x277->640x480; LANCZOS RGB MAE=6.9026; 64x64 luminance correlation=0.999577
301,301_brightness.jpg,train,original,301_brightness.jpg,train,resize,resized_duplicate,Supported,High,same filename; 369x277->640x480; LANCZOS RGB MAE=7.6582; 64x64 luminance correlation=0.999501
301,301_noise.jpg,train,original,301_noise.jpg,train,resize,resized_duplicate,Supported,High,same filename; 369x277->640x480; LANCZOS RGB MAE=8.1486; 64x64 luminance correlation=0.999577
302,302_brightness.jpg,train,original,302_brightness.jpg,train,resize,resized_duplicate,Supported,High,same filename; 277x369->480x640; LANCZOS RGB MAE=6.894; 64x64 luminance correlation=0.999507
302,302_noise.jpg,train,original,302_noise.jpg,train,resize,resized_duplicate,Supported,High,same filename; 277x369->480x640; LANCZOS RGB MAE=7.7066; 64x64 luminance correlation=0.999539
3040,3040.jpg,train,original,3040.jpg,train,resize,resized_duplicate,Supported,High,same filename; 369x277->640x480; LANCZOS RGB MAE=6.9295; 64x64 luminance correlation=0.999464
3050,3050.jpg,train,original,3050.jpg,train,resize,resized_duplicate,Supported,High,same filename; 369x277->640x480; LANCZOS RGB MAE=9.9936; 64x64 luminance correlation=0.999157
3050,3050_brightness.jpg,train,original,3050_brightness.jpg,train,resize,resized_duplicate,Supported,High,same filename; 369x277->640x480; LANCZOS RGB MAE=11.021; 64x64 luminance correlation=0.999208
3050,3050_noise.jpg,train,original,3050_noise.jpg,train,resize,resized_duplicate,Supported,High,same filename; 369x277->640x480; LANCZOS RGB MAE=11.0133; 64x64 luminance correlation=0.999171
3060,3060.jpg,train,original,3060.jpg,train,resize,resized_duplicate,Supported,High,same filename; 369x277->640x480; LANCZOS RGB MAE=9.2825; 64x64 luminance correlation=0.999353
3060,3060_brightness.jpg,train,original,3060_brightness.jpg,train,resize,resized_duplicate,Supported,High,same filename; 369x277->640x480; LANCZOS RGB MAE=10.2734; 64x64 luminance correlation=0.99939
3060,3060_noise.jpg,train,original,3060_noise.jpg,train,resize,resized_duplicate,Supported,High,same filename; 369x277->640x480; LANCZOS RGB MAE=10.4717; 64x64 luminance correlation=0.999355
3080,3080.jpg,train,original,3080.jpg,train,resize,resized_duplicate,Supported,High,same filename; 369x277->640x480; LANCZOS RGB MAE=9.3946; 64x64 luminance correlation=0.999452
31,31.jpg,train,original,31.jpg,train,resize,resized_duplicate,Supported,High,same filename; 369x277->640x480; LANCZOS RGB MAE=13.6506; 64x64 luminance correlation=0.998805
3110,3110_noise.jpg,train,original,3110_noise.jpg,train,resize,resized_duplicate,Supported,High,same filename; 369x277->640x480; LANCZOS RGB MAE=6.0418; 64x64 luminance correlation=0.999308
3120,3120.jpg,train,original,3120.jpg,train,resize,resized_duplicate,Supported,High,same filename; 369x277->640x480; LANCZOS RGB MAE=7.2301; 64x64 luminance correlation=0.998913
313,313.jpg,train,original,313.jpg,train,resize,resized_duplicate,Supported,High,same filename; 277x369->480x640; LANCZOS RGB MAE=16.3958; 64x64 luminance correlation=0.998048
314,314.jpg,train,original,314.jpg,train,resize,resized_duplicate,Supported,High,same filename; 277x369->480x640; LANCZOS RGB MAE=16.4829; 64x64 luminance correlation=0.998024
315,315.jpg,train,original,315.jpg,train,resize,resized_duplicate,Supported,High,same filename; 277x369->480x640; LANCZOS RGB MAE=14.6361; 64x64 luminance correlation=0.998181
315,315_brightness.jpg,train,original,315_brightness.jpg,train,resize,resized_duplicate,Supported,High,same filename; 277x369->480x640; LANCZOS RGB MAE=15.6065; 64x64 luminance correlation=0.998132
316,316.jpg,train,original,316.jpg,train,resize,resized_duplicate,Supported,High,same filename; 277x369->480x640; LANCZOS RGB MAE=9.9417; 64x64 luminance correlation=0.999362
3190,3190.jpg,train,original,3190.jpg,train,resize,resized_duplicate,Supported,High,same filename; 369x277->640x480; LANCZOS RGB MAE=6.4437; 64x64 luminance correlation=0.998536
32,32.jpg,train,original,32.jpg,train,resize,resized_duplicate,Supported,High,same filename; 369x277->640x480; LANCZOS RGB MAE=8.7608; 64x64 luminance correlation=0.998927
3200,3200.jpg,train,original,3200.jpg,train,resize,resized_duplicate,Supported,High,same filename; 369x277->640x480; LANCZOS RGB MAE=9.2621; 64x64 luminance correlation=0.998144
3230,3230.jpg,train,original,3230.jpg,train,resize,resized_duplicate,Supported,High,same filename; 369x277->640x480; LANCZOS RGB MAE=7.4851; 64x64 luminance correlation=0.998277
3260,3260.jpg,train,original,3260.jpg,train,resize,resized_duplicate,Supported,High,same filename; 369x277->640x480; LANCZOS RGB MAE=12.3161; 64x64 luminance correlation=0.999005
327,327.jpg,train,original,327.jpg,train,resize,resized_duplicate,Unresolved,Unknown,same filename; 327x254->640x480; LANCZOS RGB MAE=31.3109; 64x64 luminance correlation=0.848415
329,329.jpg,train,original,329.jpg,train,resize,resized_duplicate,Supported,High,same filename; 369x277->640x480; LANCZOS RGB MAE=5.8158; 64x64 luminance correlation=0.999177
33,33.jpg,train,original,33.jpg,train,resize,resized_duplicate,Supported,High,same filename; 369x277->640x480; LANCZOS RGB MAE=6.9427; 64x64 luminance correlation=0.999171
3300,3300.jpg,train,original,3300.jpg,train,resize,resized_duplicate,Supported,High,same filename; 277x369->480x640; LANCZOS RGB MAE=12.6722; 64x64 luminance correlation=0.997926
3330,3330.jpg,train,original,3330.jpg,train,resize,resized_duplicate,Supported,High,same filename; 369x277->640x480; LANCZOS RGB MAE=3.979; 64x64 luminance correlation=0.999499
334,334.jpg,train,original,334.jpg,train,resize,resized_duplicate,Supported,High,same filename; 277x369->480x640; LANCZOS RGB MAE=6.9511; 64x64 luminance correlation=0.998654
334,334_brightness.jpg,train,original,334_brightness.jpg,train,resize,resized_duplicate,Supported,High,same filename; 277x369->480x640; LANCZOS RGB MAE=7.3427; 64x64 luminance correlation=0.998667
3370,3370.jpg,train,original,3370.jpg,train,resize,resized_duplicate,Supported,High,same filename; 277x369->480x640; LANCZOS RGB MAE=3.9244; 64x64 luminance correlation=0.99923
338,338.jpg,train,original,338.jpg,train,resize,resized_duplicate,Supported,High,same filename; 277x369->480x640; LANCZOS RGB MAE=6.6968; 64x64 luminance correlation=0.999281
33,33_brightness.jpg,train,original,33_brightness.jpg,train,resize,resized_duplicate,Supported,High,same filename; 369x277->640x480; LANCZOS RGB MAE=6.9652; 64x64 luminance correlation=0.998982
34,34.jpg,train,original,34.jpg,train,resize,resized_duplicate,Supported,High,same filename; 369x277->640x480; LANCZOS RGB MAE=10.7451; 64x64 luminance correlation=0.999022
3410,3410.jpg,train,original,3410.jpg,train,resize,resized_duplicate,Supported,High,same filename; 369x277->640x480; LANCZOS RGB MAE=8.3366; 64x64 luminance correlation=0.999276
3440,3440.jpg,train,original,3440.jpg,train,resize,resized_duplicate,Supported,High,same filename; 369x277->640x480; LANCZOS RGB MAE=5.9029; 64x64 luminance correlation=0.999357
3470,3470.jpg,train,original,3470.jpg,train,resize,resized_duplicate,Supported,High,same filename; 369x277->640x480; LANCZOS RGB MAE=9.3327; 64x64 luminance correlation=0.998582
36,36.jpg,train,original,36.jpg,train,resize,resized_duplicate,Supported,High,same filename; 369x277->640x480; LANCZOS RGB MAE=9.616; 64x64 luminance correlation=0.998815
37,37.jpg,train,original,37.jpg,train,resize,resized_duplicate,Supported,High,same filename; 369x277->640x480; LANCZOS RGB MAE=10.971; 64x64 luminance correlation=0.999157
3740,3740.jpg,train,original,3740.jpg,train,resize,resized_duplicate,Supported,High,same filename; 277x369->480x640; LANCZOS RGB MAE=9.2937; 64x64 luminance correlation=0.999169
375,375.jpg,train,original,375.jpg,train,resize,resized_duplicate,Supported,High,same filename; 277x369->480x640; LANCZOS RGB MAE=6.7363; 64x64 luminance correlation=0.999194
3760,3760.jpg,train,original,3760.jpg,train,resize,resized_duplicate,Supported,High,same filename; 277x369->480x640; LANCZOS RGB MAE=5.2343; 64x64 luminance correlation=0.999446
377,377.jpg,train,original,377.jpg,train,resize,resized_duplicate,Supported,High,same filename; 277x369->480x640; LANCZOS RGB MAE=8.7773; 64x64 luminance correlation=0.999094
3780,3780.jpg,train,original,3780.jpg,train,resize,resized_duplicate,Supported,High,same filename; 277x369->480x640; LANCZOS RGB MAE=6.9497; 64x64 luminance correlation=0.999036
38,38.jpg,train,original,38.jpg,train,resize,resized_duplicate,Supported,High,same filename; 369x277->640x480; LANCZOS RGB MAE=14.3391; 64x64 luminance correlation=0.998622
380,380.jpg,train,original,380.jpg,train,resize,resized_duplicate,Supported,High,same filename; 277x369->480x640; LANCZOS RGB MAE=2.5796; 64x64 luminance correlation=0.99974
389,389.jpg,train,original,389.jpg,train,resize,resized_duplicate,Supported,High,same filename; 277x369->480x640; LANCZOS RGB MAE=3.0405; 64x64 luminance correlation=0.999249
39000,39000.jpg,train,original,39000.jpg,train,resize,resized_duplicate,Supported,High,same filename; 369x277->640x480; LANCZOS RGB MAE=9.7472; 64x64 luminance correlation=0.998774
39000,39000_brightness.jpg,train,original,39000_brightness.jpg,train,resize,resized_duplicate,Supported,High,same filename; 369x277->640x480; LANCZOS RGB MAE=10.651; 64x64 luminance correlation=0.998752
3910,3910.jpg,train,original,3910.jpg,train,resize,resized_duplicate,Supported,High,same filename; 277x369->480x640; LANCZOS RGB MAE=6.9508; 64x64 luminance correlation=0.998939
3910,3910_brightness.jpg,train,original,3910_brightness.jpg,train,resize,resized_duplicate,Supported,High,same filename; 277x369->480x640; LANCZOS RGB MAE=7.6647; 64x64 luminance correlation=0.998935
3910,3910_noise.jpg,train,original,3910_noise.jpg,train,resize,resized_duplicate,Supported,High,same filename; 277x369->480x640; LANCZOS RGB MAE=8.209; 64x64 luminance correlation=0.998932
3920,3920.jpg,train,original,3920.jpg,train,resize,resized_duplicate,Supported,High,same filename; 277x369->480x640; LANCZOS RGB MAE=10.9394; 64x64 luminance correlation=0.998779
393,393.jpg,train,original,393.jpg,train,resize,resized_duplicate,Supported,High,same filename; 277x369->480x640; LANCZOS RGB MAE=7.3839; 64x64 luminance correlation=0.999412
3940,3940.jpg,train,original,3940.jpg,train,resize,resized_duplicate,Supported,High,same filename; 277x369->480x640; LANCZOS RGB MAE=9.3549; 64x64 luminance correlation=0.998531
3950,3950.jpg,train,original,3950.jpg,train,resize,resized_duplicate,Supported,High,same filename; 277x369->480x640; LANCZOS RGB MAE=14.1619; 64x64 luminance correlation=0.998517
396,396.jpg,train,original,396.jpg,train,resize,resized_duplicate,Supported,High,same filename; 277x369->480x640; LANCZOS RGB MAE=5.7214; 64x64 luminance correlation=0.999299
398,398.jpg,train,original,398.jpg,train,resize,resized_duplicate,Supported,High,same filename; 369x277->640x480; LANCZOS RGB MAE=6.9962; 64x64 luminance correlation=0.999112
399,399.jpg,train,original,399.jpg,train,resize,resized_duplicate,Supported,High,same filename; 369x277->640x480; LANCZOS RGB MAE=7.025; 64x64 luminance correlation=0.998677
40000,40000.jpg,train,original,40000.jpg,train,resize,resized_duplicate,Supported,High,same filename; 369x277->640x480; LANCZOS RGB MAE=11.8481; 64x64 luminance correlation=0.998438
40000,40000_brightness.jpg,train,original,40000_brightness.jpg,train,resize,resized_duplicate,Supported,High,same filename; 369x277->640x480; LANCZOS RGB MAE=12.7572; 64x64 luminance correlation=0.998286
40001,40001.jpg,train,original,40001.jpg,train,resize,resized_duplicate,Supported,High,same filename; 369x277->640x480; LANCZOS RGB MAE=13.8857; 64x64 luminance correlation=0.998786
401,401.jpg,train,original,401.jpg,train,resize,resized_duplicate,Supported,High,same filename; 277x369->480x640; LANCZOS RGB MAE=11.5922; 64x64 luminance correlation=0.997794
4020,4020.jpg,train,original,4020.jpg,train,resize,resized_duplicate,Supported,High,same filename; 277x369->480x640; LANCZOS RGB MAE=16.3797; 64x64 luminance correlation=0.998247
403,403.jpg,train,original,403.jpg,train,resize,resized_duplicate,Supported,High,same filename; 277x369->480x640; LANCZOS RGB MAE=10.5659; 64x64 luminance correlation=0.998271
403,403_brightness.jpg,train,original,403_brightness.jpg,train,resize,resized_duplicate,Supported,High,same filename; 277x369->480x640; LANCZOS RGB MAE=11.3209; 64x64 luminance correlation=0.998104
404,404.jpg,train,original,404.jpg,train,resize,resized_duplicate,Supported,High,same filename; 277x369->480x640; LANCZOS RGB MAE=11.9027; 64x64 luminance correlation=0.997056
405,405.jpg,train,original,405.jpg,train,resize,resized_duplicate,Supported,High,same filename; 277x369->480x640; LANCZOS RGB MAE=13.1611; 64x64 luminance correlation=0.998973
4060,4060.jpg,train,original,4060.jpg,train,resize,resized_duplicate,Supported,High,same filename; 369x277->640x480; LANCZOS RGB MAE=8.9621; 64x64 luminance correlation=0.997902
4070,4070.jpg,train,original,4070.jpg,train,resize,resized_duplicate,Supported,High,same filename; 369x277->640x480; LANCZOS RGB MAE=8.5836; 64x64 luminance correlation=0.999051
4070,4070_brightness.jpg,train,original,4070_brightness.jpg,train,resize,resized_duplicate,Supported,High,same filename; 369x277->640x480; LANCZOS RGB MAE=9.389; 64x64 luminance correlation=0.999024
408,408.jpg,train,original,408.jpg,train,resize,resized_duplicate,Supported,High,same filename; 369x277->640x480; LANCZOS RGB MAE=7.7596; 64x64 luminance correlation=0.998578
408,408_brightness.jpg,train,original,408_brightness.jpg,train,resize,resized_duplicate,Supported,High,same filename; 369x277->640x480; LANCZOS RGB MAE=8.3321; 64x64 luminance correlation=0.998581
409,409.jpg,train,original,409.jpg,train,resize,resized_duplicate,Supported,High,same filename; 369x277->640x480; LANCZOS RGB MAE=3.446; 64x64 luminance correlation=0.999111
4100,4100.jpg,train,original,4100.jpg,train,resize,resized_duplicate,Supported,High,same filename; 277x369->480x640; LANCZOS RGB MAE=4.2324; 64x64 luminance correlation=0.998033
41000,41000.jpg,train,original,41000.jpg,train,resize,resized_duplicate,Supported,High,same filename; 369x277->640x480; LANCZOS RGB MAE=10.6974; 64x64 luminance correlation=0.999012
4120,4120.jpg,train,original,4120.jpg,train,resize,resized_duplicate,Supported,High,same filename; 369x277->640x480; LANCZOS RGB MAE=6.9348; 64x64 luminance correlation=0.999161
4120,4120_brightness.jpg,train,original,4120_brightness.jpg,train,resize,resized_duplicate,Supported,High,same filename; 369x277->640x480; LANCZOS RGB MAE=7.625; 64x64 luminance correlation=0.999026
4151,4151.jpg,train,original,4151.jpg,train,resize,resized_duplicate,Supported,High,same filename; 369x277->640x480; LANCZOS RGB MAE=6.5742; 64x64 luminance correlation=0.998642
417,417.jpg,train,original,417.jpg,train,resize,resized_duplicate,Supported,High,same filename; 369x277->640x480; LANCZOS RGB MAE=6.1057; 64x64 luminance correlation=0.99918
4180,4180.jpg,train,original,4180.jpg,train,resize,resized_duplicate,Supported,High,same filename; 277x369->480x640; LANCZOS RGB MAE=7.9863; 64x64 luminance correlation=0.998978
419,419.jpg,train,original,419.jpg,train,resize,resized_duplicate,Supported,High,same filename; 369x277->640x480; LANCZOS RGB MAE=8.5512; 64x64 luminance correlation=0.999043
42000,42000.jpg,train,original,42000.jpg,train,resize,resized_duplicate,Supported,High,same filename; 369x277->640x480; LANCZOS RGB MAE=10.9847; 64x64 luminance correlation=0.998509
4201,4201.jpg,train,original,4201.jpg,train,resize,resized_duplicate,Supported,High,same filename; 369x277->640x480; LANCZOS RGB MAE=6.5653; 64x64 luminance correlation=0.998558
4210,4210.jpg,train,original,4210.jpg,train,resize,resized_duplicate,Supported,High,same filename; 277x369->480x640; LANCZOS RGB MAE=7.4853; 64x64 luminance correlation=0.999344
4220,4220.jpg,train,original,4220.jpg,train,resize,resized_duplicate,Supported,High,same filename; 277x369->480x640; LANCZOS RGB MAE=7.5433; 64x64 luminance correlation=0.999108
424-1,424-1.jpg,train,original,424-1.jpg,train,resize,resized_duplicate,Supported,High,same filename; 277x369->480x640; LANCZOS RGB MAE=6.3849; 64x64 luminance correlation=0.999505
4250,4250.jpg,train,original,4250.jpg,train,resize,resized_duplicate,Supported,High,same filename; 277x369->480x640; LANCZOS RGB MAE=10.6823; 64x64 luminance correlation=0.999099
4250,4250_brightness.jpg,train,original,4250_brightness.jpg,train,resize,resized_duplicate,Supported,High,same filename; 277x369->480x640; LANCZOS RGB MAE=11.8107; 64x64 luminance correlation=0.998996
4250,4250_noise.jpg,train,original,4250_noise.jpg,train,resize,resized_duplicate,Supported,High,same filename; 277x369->480x640; LANCZOS RGB MAE=11.4599; 64x64 luminance correlation=0.9991
426-1,426-1.jpg,train,original,426-1.jpg,train,resize,resized_duplicate,Supported,High,same filename; 277x369->480x640; LANCZOS RGB MAE=9.9905; 64x64 luminance correlation=0.998928
44,44.jpg,train,original,44.jpg,train,resize,resized_duplicate,Supported,High,same filename; 369x277->640x480; LANCZOS RGB MAE=14.6572; 64x64 luminance correlation=0.99829
46,46.jpg,train,original,46.jpg,train,resize,resized_duplicate,Supported,High,same filename; 369x277->640x480; LANCZOS RGB MAE=13.7706; 64x64 luminance correlation=0.998951
47,47.jpg,train,original,47.jpg,train,resize,resized_duplicate,Supported,High,same filename; 369x277->640x480; LANCZOS RGB MAE=13.1331; 64x64 luminance correlation=0.998398
48,48.jpg,train,original,48.jpg,train,resize,resized_duplicate,Supported,High,same filename; 369x277->640x480; LANCZOS RGB MAE=6.7494; 64x64 luminance correlation=0.998905
49000,49000.jpg,train,original,49000.jpg,train,resize,resized_duplicate,Supported,High,same filename; 369x277->640x480; LANCZOS RGB MAE=8.9619; 64x64 luminance correlation=0.999148
50,50.jpg,train,original,50.jpg,train,resize,resized_duplicate,Supported,High,same filename; 369x277->640x480; LANCZOS RGB MAE=6.8577; 64x64 luminance correlation=0.999266
51,51.jpg,train,original,51.jpg,train,resize,resized_duplicate,Supported,High,same filename; 277x369->480x640; LANCZOS RGB MAE=15.5487; 64x64 luminance correlation=0.998294
52,52.jpg,train,original,52.jpg,train,resize,resized_duplicate,Supported,High,same filename; 277x369->480x640; LANCZOS RGB MAE=15.4546; 64x64 luminance correlation=0.998541
53,53.jpg,train,original,53.jpg,train,resize,resized_duplicate,Supported,High,same filename; 369x277->640x480; LANCZOS RGB MAE=11.6086; 64x64 luminance correlation=0.999166
54,54.jpg,train,original,54.jpg,train,resize,resized_duplicate,Supported,High,same filename; 369x277->640x480; LANCZOS RGB MAE=10.7441; 64x64 luminance correlation=0.999124
55000,55000.jpg,train,original,55000.jpg,train,resize,resized_duplicate,Supported,High,same filename; 369x277->640x480; LANCZOS RGB MAE=14.2726; 64x64 luminance correlation=0.998766
56,56.jpg,train,original,56.jpg,train,resize,resized_duplicate,Supported,High,same filename; 369x277->640x480; LANCZOS RGB MAE=7.1816; 64x64 luminance correlation=0.998979
57,57.jpg,train,original,57.jpg,train,resize,resized_duplicate,Supported,High,same filename; 369x277->640x480; LANCZOS RGB MAE=10.3389; 64x64 luminance correlation=0.998771
58,58.jpg,train,original,58.jpg,train,resize,resized_duplicate,Supported,High,same filename; 277x369->480x640; LANCZOS RGB MAE=5.7651; 64x64 luminance correlation=0.999667
6,6.jpg,train,original,6.jpg,train,resize,resized_duplicate,Supported,High,same filename; 369x277->640x480; LANCZOS RGB MAE=15.5596; 64x64 luminance correlation=0.998164
60000,60000.jpg,train,original,60000.jpg,train,resize,resized_duplicate,Supported,High,same filename; 369x277->640x480; LANCZOS RGB MAE=5.5228; 64x64 luminance correlation=0.999388
61,61.jpg,train,original,61.jpg,train,resize,resized_duplicate,Supported,High,same filename; 369x277->640x480; LANCZOS RGB MAE=4.9051; 64x64 luminance correlation=0.999356
62,62.jpg,train,original,62.jpg,train,resize,resized_duplicate,Supported,High,same filename; 369x277->640x480; LANCZOS RGB MAE=12.0695; 64x64 luminance correlation=0.998033
63000,63000.jpg,train,original,63000.jpg,train,resize,resized_duplicate,Supported,High,same filename; 369x277->640x480; LANCZOS RGB MAE=10.3859; 64x64 luminance correlation=0.998607
64,64.jpg,train,original,64.jpg,train,resize,resized_duplicate,Supported,High,same filename; 369x277->640x480; LANCZOS RGB MAE=11.0732; 64x64 luminance correlation=0.998519
66000,66000.jpg,train,original,66000.jpg,train,resize,resized_duplicate,Supported,High,same filename; 369x277->640x480; LANCZOS RGB MAE=7.3737; 64x64 luminance correlation=0.999455
68,68.jpg,train,original,68.jpg,train,resize,resized_duplicate,Supported,High,same filename; 369x277->640x480; LANCZOS RGB MAE=6.9; 64x64 luminance correlation=0.99918
6,6_brightness.jpg,train,original,6_brightness.jpg,train,resize,resized_duplicate,Supported,High,same filename; 369x277->640x480; LANCZOS RGB MAE=16.5347; 64x64 luminance correlation=0.997931
700000,700000.jpg,train,original,700000.jpg,train,resize,resized_duplicate,Supported,High,same filename; 369x277->640x480; LANCZOS RGB MAE=6.5375; 64x64 luminance correlation=0.99874
73,73.jpg,train,original,73.jpg,train,resize,resized_duplicate,Supported,High,same filename; 277x369->480x640; LANCZOS RGB MAE=7.8475; 64x64 luminance correlation=0.999461
74,74.jpg,train,original,74.jpg,train,resize,resized_duplicate,Supported,High,same filename; 369x277->640x480; LANCZOS RGB MAE=9.0367; 64x64 luminance correlation=0.998716
7500,7500.jpg,train,original,7500.jpg,train,resize,resized_duplicate,Supported,High,same filename; 369x277->640x480; LANCZOS RGB MAE=12.2512; 64x64 luminance correlation=0.997979
7600,7600.jpg,train,original,7600.jpg,train,resize,resized_duplicate,Supported,High,same filename; 369x277->640x480; LANCZOS RGB MAE=12.2212; 64x64 luminance correlation=0.999337
7600,7600_brightness.jpg,train,original,7600_brightness.jpg,train,resize,resized_duplicate,Supported,High,same filename; 369x277->640x480; LANCZOS RGB MAE=13.4343; 64x64 luminance correlation=0.999208
77,77.jpg,train,original,77.jpg,train,resize,resized_duplicate,Supported,High,same filename; 277x369->480x640; LANCZOS RGB MAE=10.5285; 64x64 luminance correlation=0.998952
77,77_brightness.jpg,train,original,77_brightness.jpg,train,resize,resized_duplicate,Supported,High,same filename; 277x369->480x640; LANCZOS RGB MAE=11.5832; 64x64 luminance correlation=0.998894
8000,8000.jpg,train,original,8000.jpg,train,resize,resized_duplicate,Supported,High,same filename; 369x277->640x480; LANCZOS RGB MAE=10.1377; 64x64 luminance correlation=0.998493
8400,8400.jpg,train,original,8400.jpg,train,resize,resized_duplicate,Supported,High,same filename; 369x277->640x480; LANCZOS RGB MAE=8.1451; 64x64 luminance correlation=0.998728
8500,8500.jpg,train,original,8500.jpg,train,resize,resized_duplicate,Supported,High,same filename; 369x277->640x480; LANCZOS RGB MAE=14.1939; 64x64 luminance correlation=0.998354
8700,8700.jpg,train,original,8700.jpg,train,resize,resized_duplicate,Supported,High,same filename; 369x277->640x480; LANCZOS RGB MAE=8.5943; 64x64 luminance correlation=0.99897
89,89.jpg,train,original,89.jpg,train,resize,resized_duplicate,Supported,High,same filename; 369x277->640x480; LANCZOS RGB MAE=12.0158; 64x64 luminance correlation=0.998033
9,9.jpg,train,original,9.jpg,train,resize,resized_duplicate,Supported,High,same filename; 277x369->480x640; LANCZOS RGB MAE=7.9291; 64x64 luminance correlation=0.999072
9000,9000.jpg,train,original,9000.jpg,train,resize,resized_duplicate,Supported,High,same filename; 277x369->480x640; LANCZOS RGB MAE=8.3296; 64x64 luminance correlation=0.998916
9,9_brightness.jpg,train,original,9_brightness.jpg,train,resize,resized_duplicate,Supported,High,same filename; 277x369->480x640; LANCZOS RGB MAE=8.2121; 64x64 luminance correlation=0.998971
img_12320,IMG_12320.jpg,train,original,IMG_12320.jpg,train,resize,resized_duplicate,Supported,High,same filename; 404x303->640x480; LANCZOS RGB MAE=1.3997; 64x64 luminance correlation=0.999945
img_12350,IMG_12350.jpg,train,original,IMG_12350.jpg,train,resize,resized_duplicate,Supported,High,same filename; 404x303->640x480; LANCZOS RGB MAE=1.3857; 64x64 luminance correlation=0.999939
img_1237,IMG_1237.jpg,train,original,IMG_1237.jpg,train,resize,resized_duplicate,Supported,High,same filename; 404x303->640x480; LANCZOS RGB MAE=1.3856; 64x64 luminance correlation=0.999936
img_1237,IMG_1237_brightness.jpg,train,original,IMG_1237_brightness.jpg,train,resize,resized_duplicate,Supported,High,same filename; 404x303->640x480; LANCZOS RGB MAE=1.392; 64x64 luminance correlation=0.99993
img_12380,IMG_12380.jpg,train,original,IMG_12380.jpg,train,resize,resized_duplicate,Supported,High,same filename; 404x303->640x480; LANCZOS RGB MAE=1.4717; 64x64 luminance correlation=0.999815
img_12390,IMG_12390.jpg,train,original,IMG_12390.jpg,train,resize,resized_duplicate,Supported,High,same filename; 404x303->640x480; LANCZOS RGB MAE=1.1883; 64x64 luminance correlation=0.999966
img_12400,IMG_12400_brightness.jpg,train,original,IMG_12400_brightness.jpg,train,resize,resized_duplicate,Supported,High,same filename; 404x303->640x480; LANCZOS RGB MAE=1.386; 64x64 luminance correlation=0.999918
img_12410,IMG_12410.jpg,train,original,IMG_12410.jpg,train,resize,resized_duplicate,Supported,High,same filename; 404x303->640x480; LANCZOS RGB MAE=1.3255; 64x64 luminance correlation=0.999938
img_12430,IMG_12430.jpg,train,original,IMG_12430.jpg,train,resize,resized_duplicate,Supported,High,same filename; 404x303->640x480; LANCZOS RGB MAE=1.3843; 64x64 luminance correlation=0.999922
img_12440,IMG_12440.jpg,train,original,IMG_12440.jpg,train,resize,resized_duplicate,Supported,High,same filename; 404x303->640x480; LANCZOS RGB MAE=1.4576; 64x64 luminance correlation=0.999929
img_12450,IMG_12450.jpg,train,original,IMG_12450.jpg,train,resize,resized_duplicate,Supported,High,same filename; 404x303->640x480; LANCZOS RGB MAE=1.2246; 64x64 luminance correlation=0.999963
img_12450,IMG_12450_brightness.jpg,train,original,IMG_12450_brightness.jpg,train,resize,resized_duplicate,Supported,High,same filename; 404x303->640x480; LANCZOS RGB MAE=1.2369; 64x64 luminance correlation=0.999951
img_12460,IMG_12460_brightness.jpg,train,original,IMG_12460_brightness.jpg,train,resize,resized_duplicate,Supported,High,same filename; 404x303->640x480; LANCZOS RGB MAE=1.2987; 64x64 luminance correlation=0.99995
img_12470,IMG_12470.jpg,train,original,IMG_12470.jpg,train,resize,resized_duplicate,Supported,High,same filename; 404x303->640x480; LANCZOS RGB MAE=1.3506; 64x64 luminance correlation=0.999939
img_12470,IMG_12470_brightness.jpg,train,original,IMG_12470_brightness.jpg,train,resize,resized_duplicate,Supported,High,same filename; 404x303->640x480; LANCZOS RGB MAE=1.3466; 64x64 luminance correlation=0.999936
img_1250,IMG_1250.jpg,train,original,IMG_1250.jpg,train,resize,resized_duplicate,Supported,High,same filename; 404x303->640x480; LANCZOS RGB MAE=1.1392; 64x64 luminance correlation=0.999971
img_1251,IMG_1251.jpg,train,original,IMG_1251.jpg,train,resize,resized_duplicate,Supported,High,same filename; 404x303->640x480; LANCZOS RGB MAE=1.1513; 64x64 luminance correlation=0.999972
img_1252,IMG_1252.jpg,train,original,IMG_1252.jpg,train,resize,resized_duplicate,Supported,High,same filename; 404x303->640x480; LANCZOS RGB MAE=1.5496; 64x64 luminance correlation=0.999873
img_12530,IMG_12530.jpg,train,original,IMG_12530.jpg,train,resize,resized_duplicate,Supported,High,same filename; 404x303->640x480; LANCZOS RGB MAE=1.2516; 64x64 luminance correlation=0.999969
img_12540,IMG_12540.jpg,train,original,IMG_12540.jpg,train,resize,resized_duplicate,Supported,High,same filename; 404x303->640x480; LANCZOS RGB MAE=1.2784; 64x64 luminance correlation=0.999968
img_1255,IMG_1255.jpg,train,original,IMG_1255.jpg,train,resize,resized_duplicate,Supported,High,same filename; 404x303->640x480; LANCZOS RGB MAE=1.4109; 64x64 luminance correlation=0.999928
img_1256,IMG_1256.jpg,train,original,IMG_1256.jpg,train,resize,resized_duplicate,Supported,High,same filename; 404x303->640x480; LANCZOS RGB MAE=1.3757; 64x64 luminance correlation=0.999906
img_12580,IMG_12580.jpg,train,original,IMG_12580.jpg,train,resize,resized_duplicate,Supported,High,same filename; 404x303->640x480; LANCZOS RGB MAE=1.4056; 64x64 luminance correlation=0.999836
img_1261,IMG_1261.jpg,train,original,IMG_1261.jpg,train,resize,resized_duplicate,Supported,High,same filename; 404x303->640x480; LANCZOS RGB MAE=1.4103; 64x64 luminance correlation=0.999903
img_1261,IMG_1261_brightness.jpg,train,original,IMG_1261_brightness.jpg,train,resize,resized_duplicate,Supported,High,same filename; 404x303->640x480; LANCZOS RGB MAE=1.4085; 64x64 luminance correlation=0.999888
img_1262,IMG_1262.jpg,train,original,IMG_1262.jpg,train,resize,resized_duplicate,Supported,High,same filename; 404x303->640x480; LANCZOS RGB MAE=1.5475; 64x64 luminance correlation=0.99991
img_1263,IMG_1263.jpg,train,original,IMG_1263.jpg,train,resize,resized_duplicate,Supported,High,same filename; 404x303->640x480; LANCZOS RGB MAE=1.61; 64x64 luminance correlation=0.999903
img_12640,IMG_12640.jpg,train,original,IMG_12640.jpg,train,resize,resized_duplicate,Supported,High,same filename; 404x303->640x480; LANCZOS RGB MAE=1.3758; 64x64 luminance correlation=0.999925
img_12700,IMG_12700.jpg,train,original,IMG_12700.jpg,train,resize,resized_duplicate,Supported,High,same filename; 404x303->640x480; LANCZOS RGB MAE=1.5274; 64x64 luminance correlation=0.99991
img_12710,IMG_12710.jpg,train,original,IMG_12710.jpg,train,resize,resized_duplicate,Supported,High,same filename; 404x303->640x480; LANCZOS RGB MAE=1.6297; 64x64 luminance correlation=0.999887
img_12740,IMG_12740.jpg,train,original,IMG_12740.jpg,train,resize,resized_duplicate,Supported,High,same filename; 404x303->640x480; LANCZOS RGB MAE=1.2637; 64x64 luminance correlation=0.999957
img_12750,IMG_12750.jpg,train,original,IMG_12750.jpg,train,resize,resized_duplicate,Supported,High,same filename; 404x303->640x480; LANCZOS RGB MAE=1.3275; 64x64 luminance correlation=0.999952
img_1276,IMG_1276.jpg,train,original,IMG_1276.jpg,train,resize,resized_duplicate,Supported,High,same filename; 404x303->640x480; LANCZOS RGB MAE=1.1866; 64x64 luminance correlation=0.999961
img_12780,IMG_12780.jpg,train,original,IMG_12780.jpg,train,resize,resized_duplicate,Supported,High,same filename; 404x303->640x480; LANCZOS RGB MAE=1.3545; 64x64 luminance correlation=0.999952
img_12800,IMG_12800.jpg,train,original,IMG_12800.jpg,train,resize,resized_duplicate,Supported,High,same filename; 404x303->640x480; LANCZOS RGB MAE=1.011; 64x64 luminance correlation=0.999979
img_12810,IMG_12810_brightness.jpg,train,original,IMG_12810_brightness.jpg,train,resize,resized_duplicate,Supported,High,same filename; 404x303->640x480; LANCZOS RGB MAE=1.0406; 64x64 luminance correlation=0.999976
img_1282,IMG_1282.jpg,train,original,IMG_1282.jpg,train,resize,resized_duplicate,Supported,High,same filename; 404x303->640x480; LANCZOS RGB MAE=1.6631; 64x64 luminance correlation=0.999912
img_1284,IMG_1284.jpg,train,original,IMG_1284.jpg,train,resize,resized_duplicate,Supported,High,same filename; 404x303->640x480; LANCZOS RGB MAE=1.2073; 64x64 luminance correlation=0.999955
img_1284,IMG_1284_brightness.jpg,train,original,IMG_1284_brightness.jpg,train,resize,resized_duplicate,Supported,High,same filename; 404x303->640x480; LANCZOS RGB MAE=1.207; 64x64 luminance correlation=0.999954
img_1286,IMG_1286.jpg,train,original,IMG_1286.jpg,train,resize,resized_duplicate,Supported,High,same filename; 404x303->640x480; LANCZOS RGB MAE=0.9982; 64x64 luminance correlation=0.99997
img_1286,IMG_1286_brightness.jpg,train,original,IMG_1286_brightness.jpg,train,resize,resized_duplicate,Supported,High,same filename; 404x303->640x480; LANCZOS RGB MAE=1.0075; 64x64 luminance correlation=0.99997
img_1287,IMG_1287.jpg,train,original,IMG_1287.jpg,train,resize,resized_duplicate,Supported,High,same filename; 404x303->640x480; LANCZOS RGB MAE=1.1065; 64x64 luminance correlation=0.999949
img_1287,IMG_1287_brightness.jpg,train,original,IMG_1287_brightness.jpg,train,resize,resized_duplicate,Supported,High,same filename; 404x303->640x480; LANCZOS RGB MAE=1.1157; 64x64 luminance correlation=0.999953
img_12890,IMG_12890.jpg,train,original,IMG_12890.jpg,train,resize,resized_duplicate,Supported,High,same filename; 404x303->640x480; LANCZOS RGB MAE=1.2649; 64x64 luminance correlation=0.999945
img_12900,IMG_12900.jpg,train,original,IMG_12900.jpg,train,resize,resized_duplicate,Supported,High,same filename; 404x303->640x480; LANCZOS RGB MAE=1.3011; 64x64 luminance correlation=0.999938
img_12910,IMG_12910.jpg,train,original,IMG_12910.jpg,train,resize,resized_duplicate,Supported,High,same filename; 404x303->640x480; LANCZOS RGB MAE=1.1211; 64x64 luminance correlation=0.999972
img_12920,IMG_12920.jpg,train,original,IMG_12920.jpg,train,resize,resized_duplicate,Supported,High,same filename; 404x303->640x480; LANCZOS RGB MAE=1.0898; 64x64 luminance correlation=0.999972
img_12940,IMG_12940.jpg,train,original,IMG_12940.jpg,train,resize,resized_duplicate,Supported,High,same filename; 404x303->640x480; LANCZOS RGB MAE=1.5266; 64x64 luminance correlation=0.999887
img_12950,IMG_12950.jpg,train,original,IMG_12950.jpg,train,resize,resized_duplicate,Supported,High,same filename; 404x303->640x480; LANCZOS RGB MAE=1.2724; 64x64 luminance correlation=0.999956
img_12950,IMG_12950_brightness.jpg,train,original,IMG_12950_brightness.jpg,train,resize,resized_duplicate,Supported,High,same filename; 404x303->640x480; LANCZOS RGB MAE=1.2957; 64x64 luminance correlation=0.999952
img_12960,IMG_12960.jpg,train,original,IMG_12960.jpg,train,resize,resized_duplicate,Supported,High,same filename; 404x303->640x480; LANCZOS RGB MAE=1.3171; 64x64 luminance correlation=0.999952
img_12960,IMG_12960_brightness.jpg,train,original,IMG_12960_brightness.jpg,train,resize,resized_duplicate,Supported,High,same filename; 404x303->640x480; LANCZOS RGB MAE=1.3423; 64x64 luminance correlation=0.999943
img_12970,IMG_12970.jpg,train,original,IMG_12970.jpg,train,resize,resized_duplicate,Supported,High,same filename; 404x303->640x480; LANCZOS RGB MAE=1.3831; 64x64 luminance correlation=0.999936
img_12970,IMG_12970_brightness.jpg,train,original,IMG_12970_brightness.jpg,train,resize,resized_duplicate,Supported,High,same filename; 404x303->640x480; LANCZOS RGB MAE=1.3994; 64x64 luminance correlation=0.999913
img_12980,IMG_12980.jpg,train,original,IMG_12980.jpg,train,resize,resized_duplicate,Supported,High,same filename; 404x303->640x480; LANCZOS RGB MAE=1.3066; 64x64 luminance correlation=0.999926
img_12980,IMG_12980_brightness.jpg,train,original,IMG_12980_brightness.jpg,train,resize,resized_duplicate,Supported,High,same filename; 404x303->640x480; LANCZOS RGB MAE=1.3194; 64x64 luminance correlation=0.999908
img_12990,IMG_12990.jpg,train,original,IMG_12990.jpg,train,resize,resized_duplicate,Supported,High,same filename; 404x303->640x480; LANCZOS RGB MAE=1.0529; 64x64 luminance correlation=0.999973
img_13000,IMG_13000.jpg,train,original,IMG_13000.jpg,train,resize,resized_duplicate,Supported,High,same filename; 404x303->640x480; LANCZOS RGB MAE=1.0673; 64x64 luminance correlation=0.999967
img_13010,IMG_13010.jpg,train,original,IMG_13010.jpg,train,resize,resized_duplicate,Supported,High,same filename; 404x303->640x480; LANCZOS RGB MAE=1.2079; 64x64 luminance correlation=0.999966
img_13020,IMG_13020.jpg,train,original,IMG_13020.jpg,train,resize,resized_duplicate,Supported,High,same filename; 404x303->640x480; LANCZOS RGB MAE=1.1943; 64x64 luminance correlation=0.999957
img_13030,IMG_13030.jpg,train,original,IMG_13030.jpg,train,resize,resized_duplicate,Supported,High,same filename; 404x303->640x480; LANCZOS RGB MAE=1.2741; 64x64 luminance correlation=0.999974
img_13030,IMG_13030_brightness.jpg,train,original,IMG_13030_brightness.jpg,train,resize,resized_duplicate,Supported,High,same filename; 404x303->640x480; LANCZOS RGB MAE=1.2802; 64x64 luminance correlation=0.999975
img_13030,IMG_13030_noise.jpg,train,original,IMG_13030_noise.jpg,train,resize,resized_duplicate,Supported,High,same filename; 404x303->640x480; LANCZOS RGB MAE=2.0733; 64x64 luminance correlation=0.999975
img_1304,IMG_1304_brightness.jpg,train,original,IMG_1304_brightness.jpg,train,resize,resized_duplicate,Supported,High,same filename; 404x303->640x480; LANCZOS RGB MAE=1.378; 64x64 luminance correlation=0.999969
img_1304,IMG_1304_noise.jpg,train,original,IMG_1304_noise.jpg,train,resize,resized_duplicate,Supported,High,same filename; 404x303->640x480; LANCZOS RGB MAE=2.1194; 64x64 luminance correlation=0.999968
img_1305,IMG_1305.jpg,train,original,IMG_1305.jpg,train,resize,resized_duplicate,Supported,High,same filename; 404x303->640x480; LANCZOS RGB MAE=1.2482; 64x64 luminance correlation=0.999967
img_1305,IMG_1305_brightness.jpg,train,original,IMG_1305_brightness.jpg,train,resize,resized_duplicate,Supported,High,same filename; 404x303->640x480; LANCZOS RGB MAE=1.2431; 64x64 luminance correlation=0.99997
img_1305,IMG_1305_noise.jpg,train,original,IMG_1305_noise.jpg,train,resize,resized_duplicate,Supported,High,same filename; 404x303->640x480; LANCZOS RGB MAE=2.0924; 64x64 luminance correlation=0.999972
img_13070,IMG_13070.jpg,train,original,IMG_13070.jpg,train,resize,resized_duplicate,Supported,High,same filename; 404x303->640x480; LANCZOS RGB MAE=1.33; 64x64 luminance correlation=0.999959
img_13080,IMG_13080.jpg,train,original,IMG_13080.jpg,train,resize,resized_duplicate,Supported,High,same filename; 404x303->640x480; LANCZOS RGB MAE=1.2362; 64x64 luminance correlation=0.999973
img_13080,IMG_13080_brightness.jpg,train,original,IMG_13080_brightness.jpg,train,resize,resized_duplicate,Supported,High,same filename; 404x303->640x480; LANCZOS RGB MAE=1.2139; 64x64 luminance correlation=0.999977
img_13080,IMG_13080_noise.jpg,train,original,IMG_13080_noise.jpg,train,resize,resized_duplicate,Supported,High,same filename; 404x303->640x480; LANCZOS RGB MAE=2.0735; 64x64 luminance correlation=0.999975
img_13100,IMG_13100.jpg,train,original,IMG_13100.jpg,train,resize,resized_duplicate,Supported,High,same filename; 404x303->640x480; LANCZOS RGB MAE=1.4069; 64x64 luminance correlation=0.99996
img_13120,IMG_13120.jpg,train,original,IMG_13120.jpg,train,resize,resized_duplicate,Supported,High,same filename; 404x303->640x480; LANCZOS RGB MAE=1.2007; 64x64 luminance correlation=0.999956
img_13140,IMG_13140.jpg,train,original,IMG_13140.jpg,train,resize,resized_duplicate,Supported,High,same filename; 404x303->640x480; LANCZOS RGB MAE=1.3665; 64x64 luminance correlation=0.999955
img_13160,IMG_13160.jpg,train,original,IMG_13160.jpg,train,resize,resized_duplicate,Supported,High,same filename; 404x303->640x480; LANCZOS RGB MAE=1.3698; 64x64 luminance correlation=0.99997
img_13170,IMG_13170.jpg,train,original,IMG_13170.jpg,train,resize,resized_duplicate,Supported,High,same filename; 404x303->640x480; LANCZOS RGB MAE=1.3657; 64x64 luminance correlation=0.999963
img_13200,IMG_13200.jpg,train,original,IMG_13200.jpg,train,resize,resized_duplicate,Supported,High,same filename; 404x303->640x480; LANCZOS RGB MAE=1.2291; 64x64 luminance correlation=0.999964
img_13210,IMG_13210.jpg,train,original,IMG_13210.jpg,train,resize,resized_duplicate,Supported,High,same filename; 404x303->640x480; LANCZOS RGB MAE=1.2444; 64x64 luminance correlation=0.999956
img_13230,IMG_13230.jpg,train,original,IMG_13230.jpg,train,resize,resized_duplicate,Supported,High,same filename; 404x303->640x480; LANCZOS RGB MAE=1.4075; 64x64 luminance correlation=0.999943
img_13240,IMG_13240.jpg,train,original,IMG_13240.jpg,train,resize,resized_duplicate,Supported,High,same filename; 404x303->640x480; LANCZOS RGB MAE=1.5068; 64x64 luminance correlation=0.999938
img_13250,IMG_13250.jpg,train,original,IMG_13250.jpg,train,resize,resized_duplicate,Supported,High,same filename; 404x303->640x480; LANCZOS RGB MAE=1.3979; 64x64 luminance correlation=0.999955
img_13300,IMG_13300.jpg,train,original,IMG_13300.jpg,train,resize,resized_duplicate,Supported,High,same filename; 404x303->640x480; LANCZOS RGB MAE=1.4656; 64x64 luminance correlation=0.999963
img_13350,IMG_13350.jpg,train,original,IMG_13350.jpg,train,resize,resized_duplicate,Supported,High,same filename; 404x303->640x480; LANCZOS RGB MAE=1.3813; 64x64 luminance correlation=0.999939
img_13370,IMG_13370.jpg,train,original,IMG_13370.jpg,train,resize,resized_duplicate,Supported,High,same filename; 404x303->640x480; LANCZOS RGB MAE=1.3045; 64x64 luminance correlation=0.999962
img_13390,IMG_13390.jpg,train,original,IMG_13390.jpg,train,resize,resized_duplicate,Supported,High,same filename; 404x303->640x480; LANCZOS RGB MAE=1.2041; 64x64 luminance correlation=0.999944
img_13450,IMG_13450.jpg,train,original,IMG_13450.jpg,train,resize,resized_duplicate,Supported,High,same filename; 404x303->640x480; LANCZOS RGB MAE=1.5422; 64x64 luminance correlation=0.999942
img_13470,IMG_13470.jpg,train,original,IMG_13470.jpg,train,resize,resized_duplicate,Supported,High,same filename; 404x303->640x480; LANCZOS RGB MAE=1.4275; 64x64 luminance correlation=0.999972
img_13470,IMG_13470_brightness.jpg,train,original,IMG_13470_brightness.jpg,train,resize,resized_duplicate,Supported,High,same filename; 404x303->640x480; LANCZOS RGB MAE=1.4126; 64x64 luminance correlation=0.999972
img_13480,IMG_13480.jpg,train,original,IMG_13480.jpg,train,resize,resized_duplicate,Supported,High,same filename; 404x303->640x480; LANCZOS RGB MAE=1.4544; 64x64 luminance correlation=0.999959
img_13490,IMG_13490.jpg,train,original,IMG_13490.jpg,train,resize,resized_duplicate,Supported,High,same filename; 404x303->640x480; LANCZOS RGB MAE=1.3239; 64x64 luminance correlation=0.999965
img_1350,IMG_1350.jpg,train,original,IMG_1350.jpg,train,resize,resized_duplicate,Supported,High,same filename; 404x303->640x480; LANCZOS RGB MAE=1.3827; 64x64 luminance correlation=0.99996
img_1351,IMG_1351.jpg,train,original,IMG_1351.jpg,train,resize,resized_duplicate,Supported,High,same filename; 404x303->640x480; LANCZOS RGB MAE=1.2707; 64x64 luminance correlation=0.999967
img_1352,IMG_1352.jpg,train,original,IMG_1352.jpg,train,resize,resized_duplicate,Supported,High,same filename; 404x303->640x480; LANCZOS RGB MAE=1.2897; 64x64 luminance correlation=0.999951
img_1352,IMG_1352_brightness.jpg,train,original,IMG_1352_brightness.jpg,train,resize,resized_duplicate,Supported,High,same filename; 404x303->640x480; LANCZOS RGB MAE=1.291; 64x64 luminance correlation=0.999952
img_1352,IMG_1352_noise.jpg,train,original,IMG_1352_noise.jpg,train,resize,resized_duplicate,Supported,High,same filename; 404x303->640x480; LANCZOS RGB MAE=2.0767; 64x64 luminance correlation=0.999961
img_1354,IMG_1354.jpg,train,original,IMG_1354.jpg,train,resize,resized_duplicate,Supported,High,same filename; 404x303->640x480; LANCZOS RGB MAE=1.3252; 64x64 luminance correlation=0.999969
img_1354,IMG_1354_brightness.jpg,train,original,IMG_1354_brightness.jpg,train,resize,resized_duplicate,Supported,High,same filename; 404x303->640x480; LANCZOS RGB MAE=1.3163; 64x64 luminance correlation=0.999971
img_13550,IMG_13550.jpg,train,original,IMG_13550.jpg,train,resize,resized_duplicate,Supported,High,same filename; 404x303->640x480; LANCZOS RGB MAE=1.6695; 64x64 luminance correlation=0.999846
img_13560,IMG_13560.jpg,train,original,IMG_13560.jpg,train,resize,resized_duplicate,Supported,High,same filename; 404x303->640x480; LANCZOS RGB MAE=1.8189; 64x64 luminance correlation=0.999866
img_13570,IMG_13570.jpg,train,original,IMG_13570.jpg,train,resize,resized_duplicate,Supported,High,same filename; 404x303->640x480; LANCZOS RGB MAE=1.7549; 64x64 luminance correlation=0.99985
img_13580,IMG_13580.jpg,train,original,IMG_13580.jpg,train,resize,resized_duplicate,Supported,High,same filename; 404x303->640x480; LANCZOS RGB MAE=1.7771; 64x64 luminance correlation=0.999864
img_13600,IMG_13600.jpg,train,original,IMG_13600.jpg,train,resize,resized_duplicate,Supported,High,same filename; 404x303->640x480; LANCZOS RGB MAE=1.362; 64x64 luminance correlation=0.999968
img_13620,IMG_13620.jpg,train,original,IMG_13620.jpg,train,resize,resized_duplicate,Supported,High,same filename; 404x303->640x480; LANCZOS RGB MAE=1.547; 64x64 luminance correlation=0.999929
img_13630,IMG_13630.jpg,train,original,IMG_13630.jpg,train,resize,resized_duplicate,Supported,High,same filename; 404x303->640x480; LANCZOS RGB MAE=1.3587; 64x64 luminance correlation=0.999947
img_13640,IMG_13640.jpg,train,original,IMG_13640.jpg,train,resize,resized_duplicate,Supported,High,same filename; 404x303->640x480; LANCZOS RGB MAE=1.3795; 64x64 luminance correlation=0.999944
img_13650,IMG_13650_brightness.jpg,train,original,IMG_13650_brightness.jpg,train,resize,resized_duplicate,Supported,High,same filename; 404x303->640x480; LANCZOS RGB MAE=1.2953; 64x64 luminance correlation=0.999972
img_13660,IMG_13660.jpg,train,original,IMG_13660.jpg,train,resize,resized_duplicate,Supported,High,same filename; 404x303->640x480; LANCZOS RGB MAE=1.4313; 64x64 luminance correlation=0.999956
img_13670,IMG_13670.jpg,train,original,IMG_13670.jpg,train,resize,resized_duplicate,Supported,High,same filename; 404x303->640x480; LANCZOS RGB MAE=1.2855; 64x64 luminance correlation=0.999948
img_1369,IMG_1369.jpg,train,original,IMG_1369.jpg,train,resize,resized_duplicate,Supported,High,same filename; 404x303->640x480; LANCZOS RGB MAE=1.5368; 64x64 luminance correlation=0.999951
img_13700,IMG_13700_brightness.jpg,train,original,IMG_13700_brightness.jpg,train,resize,resized_duplicate,Supported,High,same filename; 404x303->640x480; LANCZOS RGB MAE=1.2435; 64x64 luminance correlation=0.999947
img_1371,IMG_1371.jpg,train,original,IMG_1371.jpg,train,resize,resized_duplicate,Supported,High,same filename; 404x303->640x480; LANCZOS RGB MAE=1.8306; 64x64 luminance correlation=0.999694
img_13720,IMG_13720.jpg,train,original,IMG_13720.jpg,train,resize,resized_duplicate,Supported,High,same filename; 404x303->640x480; LANCZOS RGB MAE=1.3328; 64x64 luminance correlation=0.999925
img_13730,IMG_13730.jpg,train,original,IMG_13730.jpg,train,resize,resized_duplicate,Supported,High,same filename; 404x303->640x480; LANCZOS RGB MAE=1.5375; 64x64 luminance correlation=0.999893
img_13740,IMG_13740.jpg,train,original,IMG_13740.jpg,train,resize,resized_duplicate,Supported,High,same filename; 404x303->640x480; LANCZOS RGB MAE=1.5359; 64x64 luminance correlation=0.999918
img_13740,IMG_13740_brightness.jpg,train,original,IMG_13740_brightness.jpg,train,resize,resized_duplicate,Supported,High,same filename; 404x303->640x480; LANCZOS RGB MAE=1.5501; 64x64 luminance correlation=0.999891
img_13760,IMG_13760.jpg,train,original,IMG_13760.jpg,train,resize,resized_duplicate,Supported,High,same filename; 404x303->640x480; LANCZOS RGB MAE=1.6926; 64x64 luminance correlation=0.999903
img_13790,IMG_13790.jpg,train,original,IMG_13790.jpg,train,resize,resized_duplicate,Supported,High,same filename; 404x303->640x480; LANCZOS RGB MAE=1.2914; 64x64 luminance correlation=0.999954
img_13790,IMG_13790_brightness.jpg,train,original,IMG_13790_brightness.jpg,train,resize,resized_duplicate,Supported,High,same filename; 404x303->640x480; LANCZOS RGB MAE=1.2955; 64x64 luminance correlation=0.999928
img_1381,IMG_1381_brightness.jpg,train,original,IMG_1381_brightness.jpg,train,resize,resized_duplicate,Supported,High,same filename; 404x303->640x480; LANCZOS RGB MAE=1.6042; 64x64 luminance correlation=0.99987
img_1382,IMG_1382.jpg,train,original,IMG_1382.jpg,train,resize,resized_duplicate,Supported,High,same filename; 404x303->640x480; LANCZOS RGB MAE=1.5812; 64x64 luminance correlation=0.999902
img_1382,IMG_1382_brightness.jpg,train,original,IMG_1382_brightness.jpg,train,resize,resized_duplicate,Supported,High,same filename; 404x303->640x480; LANCZOS RGB MAE=1.5708; 64x64 luminance correlation=0.999884
img_13840,IMG_13840.jpg,train,original,IMG_13840.jpg,train,resize,resized_duplicate,Supported,High,same filename; 404x303->640x480; LANCZOS RGB MAE=1.1633; 64x64 luminance correlation=0.999962
img_13860,IMG_13860.jpg,train,original,IMG_13860.jpg,train,resize,resized_duplicate,Supported,High,same filename; 404x303->640x480; LANCZOS RGB MAE=1.5349; 64x64 luminance correlation=0.999938
img_1387,IMG_1387_brightness.jpg,train,original,IMG_1387_brightness.jpg,train,resize,resized_duplicate,Supported,High,same filename; 404x303->640x480; LANCZOS RGB MAE=1.4077; 64x64 luminance correlation=0.999959
img_1389,IMG_1389_brightness.jpg,train,original,IMG_1389_brightness.jpg,train,resize,resized_duplicate,Supported,High,same filename; 404x303->640x480; LANCZOS RGB MAE=1.4873; 64x64 luminance correlation=0.999921
img_1389,IMG_1389_noise.jpg,train,original,IMG_1389_noise.jpg,train,resize,resized_duplicate,Supported,High,same filename; 404x303->640x480; LANCZOS RGB MAE=2.1258; 64x64 luminance correlation=0.999936
img_1390,IMG_1390_noise.jpg,train,original,IMG_1390_noise.jpg,train,resize,resized_duplicate,Supported,High,same filename; 404x303->640x480; LANCZOS RGB MAE=2.0485; 64x64 luminance correlation=0.999974
img_13910,IMG_13910.jpg,train,original,IMG_13910.jpg,train,resize,resized_duplicate,Supported,High,same filename; 404x303->640x480; LANCZOS RGB MAE=1.2239; 64x64 luminance correlation=0.999958
img_13930,IMG_13930_brightness.jpg,train,original,IMG_13930_brightness.jpg,train,resize,resized_duplicate,Supported,High,same filename; 404x303->640x480; LANCZOS RGB MAE=1.328; 64x64 luminance correlation=0.999951
img_13960,IMG_13960_brightness.jpg,train,original,IMG_13960_brightness.jpg,train,resize,resized_duplicate,Supported,High,same filename; 404x303->640x480; LANCZOS RGB MAE=1.4092; 64x64 luminance correlation=0.999924
img_1397,IMG_1397.jpg,train,original,IMG_1397.jpg,train,resize,resized_duplicate,Supported,High,same filename; 404x303->640x480; LANCZOS RGB MAE=1.0876; 64x64 luminance correlation=0.999973
img_1399,IMG_1399.jpg,train,original,IMG_1399.jpg,train,resize,resized_duplicate,Supported,High,same filename; 404x303->640x480; LANCZOS RGB MAE=1.5276; 64x64 luminance correlation=0.999938
img_14000,IMG_14000.jpg,train,original,IMG_14000.jpg,train,resize,resized_duplicate,Supported,High,same filename; 404x303->640x480; LANCZOS RGB MAE=0.9925; 64x64 luminance correlation=0.999978
img_14020,IMG_14020.jpg,train,original,IMG_14020.jpg,train,resize,resized_duplicate,Supported,High,same filename; 404x303->640x480; LANCZOS RGB MAE=0.9926; 64x64 luminance correlation=0.999976
img_14040,IMG_14040_brightness.jpg,train,original,IMG_14040_brightness.jpg,train,resize,resized_duplicate,Supported,High,same filename; 404x303->640x480; LANCZOS RGB MAE=1.1916; 64x64 luminance correlation=0.999918
img_1406,IMG_1406.jpg,train,original,IMG_1406.jpg,train,resize,resized_duplicate,Supported,High,same filename; 404x303->640x480; LANCZOS RGB MAE=1.5015; 64x64 luminance correlation=0.999928
img_1406,IMG_1406_noise.jpg,train,original,IMG_1406_noise.jpg,train,resize,resized_duplicate,Supported,High,same filename; 404x303->640x480; LANCZOS RGB MAE=2.1527; 64x64 luminance correlation=0.999936
img_1407,IMG_1407.jpg,train,original,IMG_1407.jpg,train,resize,resized_duplicate,Supported,High,same filename; 404x303->640x480; LANCZOS RGB MAE=1.3534; 64x64 luminance correlation=0.999953
img_1407,IMG_1407_brightness.jpg,train,original,IMG_1407_brightness.jpg,train,resize,resized_duplicate,Supported,High,same filename; 404x303->640x480; LANCZOS RGB MAE=1.3502; 64x64 luminance correlation=0.999956
img_1407,IMG_1407_noise.jpg,train,original,IMG_1407_noise.jpg,train,resize,resized_duplicate,Supported,High,same filename; 404x303->640x480; LANCZOS RGB MAE=2.1185; 64x64 luminance correlation=0.999959
img_14100,IMG_14100.jpg,train,original,IMG_14100.jpg,train,resize,resized_duplicate,Supported,High,same filename; 404x303->640x480; LANCZOS RGB MAE=1.3402; 64x64 luminance correlation=0.999961
img_14110,IMG_14110.jpg,train,original,IMG_14110.jpg,train,resize,resized_duplicate,Supported,High,same filename; 404x303->640x480; LANCZOS RGB MAE=1.379; 64x64 luminance correlation=0.999964
img_14130,IMG_14130.jpg,train,original,IMG_14130.jpg,train,resize,resized_duplicate,Supported,High,same filename; 404x303->640x480; LANCZOS RGB MAE=1.5773; 64x64 luminance correlation=0.99995
img_1414,IMG_1414.jpg,train,original,IMG_1414.jpg,train,resize,resized_duplicate,Supported,High,same filename; 404x303->640x480; LANCZOS RGB MAE=1.2827; 64x64 luminance correlation=0.999969
img_14150,IMG_14150.jpg,train,original,IMG_14150.jpg,train,resize,resized_duplicate,Supported,High,same filename; 404x303->640x480; LANCZOS RGB MAE=1.2972; 64x64 luminance correlation=0.999954
img_1418,IMG_1418.jpg,train,original,IMG_1418.jpg,train,resize,resized_duplicate,Supported,High,same filename; 404x303->640x480; LANCZOS RGB MAE=1.2386; 64x64 luminance correlation=0.999972
img_1418,IMG_1418_brightness.jpg,train,original,IMG_1418_brightness.jpg,train,resize,resized_duplicate,Supported,High,same filename; 404x303->640x480; LANCZOS RGB MAE=1.2272; 64x64 luminance correlation=0.999976
img_1418,IMG_1418_noise.jpg,train,original,IMG_1418_noise.jpg,train,resize,resized_duplicate,Supported,High,same filename; 404x303->640x480; LANCZOS RGB MAE=2.0798; 64x64 luminance correlation=0.999976
img_1419,IMG_1419_brightness.jpg,train,original,IMG_1419_brightness.jpg,train,resize,resized_duplicate,Supported,High,same filename; 404x303->640x480; LANCZOS RGB MAE=1.1935; 64x64 luminance correlation=0.999974
img_1420,IMG_1420.jpg,train,original,IMG_1420.jpg,train,resize,resized_duplicate,Supported,High,same filename; 404x303->640x480; LANCZOS RGB MAE=1.1134; 64x64 luminance correlation=0.999967
img_1421,IMG_1421.jpg,train,original,IMG_1421.jpg,train,resize,resized_duplicate,Supported,High,same filename; 404x303->640x480; LANCZOS RGB MAE=1.2398; 64x64 luminance correlation=0.999964
img_1422,IMG_1422.jpg,train,original,IMG_1422.jpg,train,resize,resized_duplicate,Supported,High,same filename; 404x303->640x480; LANCZOS RGB MAE=1.5143; 64x64 luminance correlation=0.999926
img_1423,IMG_1423.jpg,train,original,IMG_1423.jpg,train,resize,resized_duplicate,Supported,High,same filename; 404x303->640x480; LANCZOS RGB MAE=1.4958; 64x64 luminance correlation=0.999908
img_14240,IMG_14240.jpg,train,original,IMG_14240.jpg,train,resize,resized_duplicate,Supported,High,same filename; 404x303->640x480; LANCZOS RGB MAE=1.1533; 64x64 luminance correlation=0.999959
img_14250,IMG_14250.jpg,train,original,IMG_14250.jpg,train,resize,resized_duplicate,Supported,High,same filename; 404x303->640x480; LANCZOS RGB MAE=1.3421; 64x64 luminance correlation=0.999903
img_14260,IMG_14260.jpg,train,original,IMG_14260.jpg,train,resize,resized_duplicate,Supported,High,same filename; 404x303->640x480; LANCZOS RGB MAE=1.3973; 64x64 luminance correlation=0.999897
img_14270,IMG_14270.jpg,train,original,IMG_14270.jpg,train,resize,resized_duplicate,Supported,High,same filename; 404x303->640x480; LANCZOS RGB MAE=1.1322; 64x64 luminance correlation=0.99998
img_14280,IMG_14280.jpg,train,original,IMG_14280.jpg,train,resize,resized_duplicate,Supported,High,same filename; 404x303->640x480; LANCZOS RGB MAE=1.2137; 64x64 luminance correlation=0.999977
img_1429,IMG_1429.jpg,train,original,IMG_1429.jpg,train,resize,resized_duplicate,Supported,High,same filename; 404x303->640x480; LANCZOS RGB MAE=1.3468; 64x64 luminance correlation=0.999957
img_14310,IMG_14310.jpg,train,original,IMG_14310.jpg,train,resize,resized_duplicate,Supported,High,same filename; 404x303->640x480; LANCZOS RGB MAE=1.3281; 64x64 luminance correlation=0.999964
img_1432,IMG_1432.jpg,train,original,IMG_1432.jpg,train,resize,resized_duplicate,Supported,High,same filename; 404x303->640x480; LANCZOS RGB MAE=1.0409; 64x64 luminance correlation=0.999984
img_14330,IMG_14330.jpg,train,original,IMG_14330.jpg,train,resize,resized_duplicate,Supported,High,same filename; 404x303->640x480; LANCZOS RGB MAE=1.3943; 64x64 luminance correlation=0.999945
img_1434,IMG_1434.jpg,train,original,IMG_1434.jpg,train,resize,resized_duplicate,Supported,High,same filename; 404x303->640x480; LANCZOS RGB MAE=1.0307; 64x64 luminance correlation=0.99998
img_14350,IMG_14350.jpg,train,original,IMG_14350.jpg,train,resize,resized_duplicate,Supported,High,same filename; 404x303->640x480; LANCZOS RGB MAE=1.7451; 64x64 luminance correlation=0.999939
img_14360,IMG_14360.jpg,train,original,IMG_14360.jpg,train,resize,resized_duplicate,Supported,High,same filename; 404x303->640x480; LANCZOS RGB MAE=1.1241; 64x64 luminance correlation=0.999981
img_14360,IMG_14360_noise.jpg,train,original,IMG_14360_noise.jpg,train,resize,resized_duplicate,Supported,High,same filename; 404x303->640x480; LANCZOS RGB MAE=2.071; 64x64 luminance correlation=0.999979
img_1437,IMG_1437.jpg,train,original,IMG_1437.jpg,train,resize,resized_duplicate,Supported,High,same filename; 404x303->640x480; LANCZOS RGB MAE=1.0783; 64x64 luminance correlation=0.999981
img_14380,IMG_14380.jpg,train,original,IMG_14380.jpg,train,resize,resized_duplicate,Supported,High,same filename; 404x303->640x480; LANCZOS RGB MAE=1.2381; 64x64 luminance correlation=0.999973
img_14390,IMG_14390.jpg,train,original,IMG_14390.jpg,train,resize,resized_duplicate,Supported,High,same filename; 404x303->640x480; LANCZOS RGB MAE=1.4808; 64x64 luminance correlation=0.999917
img_1440,IMG_1440.jpg,train,original,IMG_1440.jpg,train,resize,resized_duplicate,Supported,High,same filename; 404x303->640x480; LANCZOS RGB MAE=1.0509; 64x64 luminance correlation=0.999981
img_14410,IMG_14410.jpg,train,original,IMG_14410.jpg,train,resize,resized_duplicate,Supported,High,same filename; 404x303->640x480; LANCZOS RGB MAE=1.2644; 64x64 luminance correlation=0.999976
img_14410,IMG_14410_brightness.jpg,train,original,IMG_14410_brightness.jpg,train,resize,resized_duplicate,Supported,High,same filename; 404x303->640x480; LANCZOS RGB MAE=1.2701; 64x64 luminance correlation=0.999975
img_14410,IMG_14410_noise.jpg,train,original,IMG_14410_noise.jpg,train,resize,resized_duplicate,Supported,High,same filename; 404x303->640x480; LANCZOS RGB MAE=2.0881; 64x64 luminance correlation=0.999977
img_14420,IMG_14420_brightness.jpg,train,original,IMG_14420_brightness.jpg,train,resize,resized_duplicate,Supported,High,same filename; 404x303->640x480; LANCZOS RGB MAE=1.1679; 64x64 luminance correlation=0.999975
img_14420,IMG_14420_noise.jpg,train,original,IMG_14420_noise.jpg,train,resize,resized_duplicate,Supported,High,same filename; 404x303->640x480; LANCZOS RGB MAE=2.071; 64x64 luminance correlation=0.999974
img_14440,IMG_14440.jpg,train,original,IMG_14440.jpg,train,resize,resized_duplicate,Supported,High,same filename; 404x303->640x480; LANCZOS RGB MAE=1.2221; 64x64 luminance correlation=0.999973
img_1447,IMG_1447.jpg,train,original,IMG_1447.jpg,train,resize,resized_duplicate,Supported,High,same filename; 404x303->640x480; LANCZOS RGB MAE=1.1566; 64x64 luminance correlation=0.999973
img_1449,IMG_1449.jpg,train,original,IMG_1449.jpg,train,resize,resized_duplicate,Supported,High,same filename; 404x303->640x480; LANCZOS RGB MAE=1.6981; 64x64 luminance correlation=0.999876
img_1451,IMG_1451.jpg,train,original,IMG_1451.jpg,train,resize,resized_duplicate,Supported,High,same filename; 404x303->640x480; LANCZOS RGB MAE=1.114; 64x64 luminance correlation=0.999971
img_14530,IMG_14530.jpg,train,original,IMG_14530.jpg,train,resize,resized_duplicate,Supported,High,same filename; 404x303->640x480; LANCZOS RGB MAE=1.334; 64x64 luminance correlation=0.999972
img_1454,IMG_1454.jpg,train,original,IMG_1454.jpg,train,resize,resized_duplicate,Supported,High,same filename; 404x303->640x480; LANCZOS RGB MAE=1.0934; 64x64 luminance correlation=0.999977
img_1455,IMG_1455.jpg,train,original,IMG_1455.jpg,train,resize,resized_duplicate,Supported,High,same filename; 404x303->640x480; LANCZOS RGB MAE=1.6652; 64x64 luminance correlation=0.999858
img_14550,IMG_14550.jpg,train,original,IMG_14550.jpg,train,resize,resized_duplicate,Supported,High,same filename; 404x303->640x480; LANCZOS RGB MAE=1.6332; 64x64 luminance correlation=0.999883
img_1457,IMG_1457.jpg,train,original,IMG_1457.jpg,train,resize,resized_duplicate,Supported,High,same filename; 404x303->640x480; LANCZOS RGB MAE=1.2176; 64x64 luminance correlation=0.999974
img_1458,IMG_1458.jpg,train,original,IMG_1458.jpg,train,resize,resized_duplicate,Supported,High,same filename; 404x303->640x480; LANCZOS RGB MAE=1.2065; 64x64 luminance correlation=0.999963
img_1458,IMG_1458_brightness.jpg,train,original,IMG_1458_brightness.jpg,train,resize,resized_duplicate,Supported,High,same filename; 404x303->640x480; LANCZOS RGB MAE=1.1961; 64x64 luminance correlation=0.999962
img_1462,IMG_1462.jpg,train,original,IMG_1462.jpg,train,resize,resized_duplicate,Supported,High,same filename; 404x303->640x480; LANCZOS RGB MAE=1.1044; 64x64 luminance correlation=0.999957
img_1463,IMG_1463.jpg,train,original,IMG_1463.jpg,train,resize,resized_duplicate,Supported,High,same filename; 404x303->640x480; LANCZOS RGB MAE=1.1848; 64x64 luminance correlation=0.999969
img_14650,IMG_14650.jpg,train,original,IMG_14650.jpg,train,resize,resized_duplicate,Supported,High,same filename; 404x303->640x480; LANCZOS RGB MAE=1.368; 64x64 luminance correlation=0.999917
img_1468,IMG_1468.jpg,train,original,IMG_1468.jpg,train,resize,resized_duplicate,Supported,High,same filename; 404x303->640x480; LANCZOS RGB MAE=1.011; 64x64 luminance correlation=0.999981
img_1469,IMG_1469_brightness.jpg,train,original,IMG_1469_brightness.jpg,train,resize,resized_duplicate,Supported,High,same filename; 404x303->640x480; LANCZOS RGB MAE=1.4959; 64x64 luminance correlation=0.999926
img_1469,IMG_1469_noise.jpg,train,original,IMG_1469_noise.jpg,train,resize,resized_duplicate,Supported,High,same filename; 404x303->640x480; LANCZOS RGB MAE=2.1365; 64x64 luminance correlation=0.999941
img_14710,IMG_14710.jpg,train,original,IMG_14710.jpg,train,resize,resized_duplicate,Supported,High,same filename; 404x303->640x480; LANCZOS RGB MAE=1.1983; 64x64 luminance correlation=0.99997
img_1472,IMG_1472.jpg,train,original,IMG_1472.jpg,train,resize,resized_duplicate,Supported,High,same filename; 404x303->640x480; LANCZOS RGB MAE=1.2725; 64x64 luminance correlation=0.999964
img_14730,IMG_14730.jpg,train,original,IMG_14730.jpg,train,resize,resized_duplicate,Supported,High,same filename; 404x303->640x480; LANCZOS RGB MAE=1.3355; 64x64 luminance correlation=0.999957
img_1474,IMG_1474.jpg,train,original,IMG_1474.jpg,train,resize,resized_duplicate,Supported,High,same filename; 404x303->640x480; LANCZOS RGB MAE=1.2664; 64x64 luminance correlation=0.999953
img_1476,IMG_1476.jpg,train,original,IMG_1476.jpg,train,resize,resized_duplicate,Supported,High,same filename; 404x303->640x480; LANCZOS RGB MAE=1.0155; 64x64 luminance correlation=0.999978
img_1477,IMG_1477.jpg,train,original,IMG_1477.jpg,train,resize,resized_duplicate,Supported,High,same filename; 404x303->640x480; LANCZOS RGB MAE=0.8407; 64x64 luminance correlation=0.999985
img_15621,IMG_15621.jpg,train,original,IMG_15621.jpg,train,resize,resized_duplicate,Supported,High,same filename; 369x277->640x480; LANCZOS RGB MAE=4.0753; 64x64 luminance correlation=0.999644
img_5384,IMG_5384.jpg,train,original,IMG_5384.jpg,train,resize,resized_duplicate,Supported,High,same filename; 404x303->640x480; LANCZOS RGB MAE=1.5747; 64x64 luminance correlation=0.999925
img_5386,IMG_5386.jpg,train,original,IMG_5386.jpg,train,resize,resized_duplicate,Supported,High,same filename; 404x303->640x480; LANCZOS RGB MAE=1.4817; 64x64 luminance correlation=0.999911
img_5390,IMG_5390.jpg,train,original,IMG_5390.jpg,train,resize,resized_duplicate,Supported,High,same filename; 404x303->640x480; LANCZOS RGB MAE=1.5086; 64x64 luminance correlation=0.999887
img_53910,IMG_53910.jpg,train,original,IMG_53910.jpg,train,resize,resized_duplicate,Supported,High,same filename; 404x303->640x480; LANCZOS RGB MAE=1.4109; 64x64 luminance correlation=0.999948
img_5392,IMG_5392.jpg,train,original,IMG_5392.jpg,train,resize,resized_duplicate,Supported,High,same filename; 404x303->640x480; LANCZOS RGB MAE=1.2267; 64x64 luminance correlation=0.999947
img_53940,IMG_53940.jpg,train,original,IMG_53940.jpg,train,resize,resized_duplicate,Supported,High,same filename; 404x303->640x480; LANCZOS RGB MAE=1.4978; 64x64 luminance correlation=0.999923
img_53960,IMG_53960.jpg,train,original,IMG_53960.jpg,train,resize,resized_duplicate,Supported,High,same filename; 404x303->640x480; LANCZOS RGB MAE=1.143; 64x64 luminance correlation=0.999971
img_53980,IMG_53980.jpg,train,original,IMG_53980.jpg,train,resize,resized_duplicate,Supported,High,same filename; 404x303->640x480; LANCZOS RGB MAE=1.4799; 64x64 luminance correlation=0.999929
img_53990,IMG_53990.jpg,train,original,IMG_53990.jpg,train,resize,resized_duplicate,Supported,High,same filename; 404x303->640x480; LANCZOS RGB MAE=1.6701; 64x64 luminance correlation=0.999836
img_54000,IMG_54000.jpg,train,original,IMG_54000.jpg,train,resize,resized_duplicate,Supported,High,same filename; 404x303->640x480; LANCZOS RGB MAE=1.287; 64x64 luminance correlation=0.999953
img_5401,IMG_5401.jpg,train,original,IMG_5401.jpg,train,resize,resized_duplicate,Supported,High,same filename; 404x303->640x480; LANCZOS RGB MAE=1.1962; 64x64 luminance correlation=0.999971
img_5402,IMG_5402.jpg,train,original,IMG_5402.jpg,train,resize,resized_duplicate,Supported,High,same filename; 404x303->640x480; LANCZOS RGB MAE=1.079; 64x64 luminance correlation=0.999967
img_54030,IMG_54030.jpg,train,original,IMG_54030.jpg,train,resize,resized_duplicate,Supported,High,same filename; 404x303->640x480; LANCZOS RGB MAE=1.3245; 64x64 luminance correlation=0.999942
img_5404,IMG_5404.jpg,train,original,IMG_5404.jpg,train,resize,resized_duplicate,Supported,High,same filename; 404x303->640x480; LANCZOS RGB MAE=1.2363; 64x64 luminance correlation=0.999963
img_5406,IMG_5406.jpg,train,original,IMG_5406.jpg,train,resize,resized_duplicate,Supported,High,same filename; 404x303->640x480; LANCZOS RGB MAE=1.1964; 64x64 luminance correlation=0.999963
img_5407,IMG_5407.jpg,train,original,IMG_5407.jpg,train,resize,resized_duplicate,Supported,High,same filename; 404x303->640x480; LANCZOS RGB MAE=1.227; 64x64 luminance correlation=0.999952
img_5408,IMG_5408.jpg,train,original,IMG_5408.jpg,train,resize,resized_duplicate,Supported,High,same filename; 404x303->640x480; LANCZOS RGB MAE=1.5915; 64x64 luminance correlation=0.99991
img_54100,IMG_54100.jpg,train,original,IMG_54100.jpg,train,resize,resized_duplicate,Supported,High,same filename; 404x303->640x480; LANCZOS RGB MAE=1.2935; 64x64 luminance correlation=0.999964
img_54100,IMG_54100_brightness.jpg,train,original,IMG_54100_brightness.jpg,train,resize,resized_duplicate,Supported,High,same filename; 404x303->640x480; LANCZOS RGB MAE=1.311; 64x64 luminance correlation=0.999962
img_54110,IMG_54110.jpg,train,original,IMG_54110.jpg,train,resize,resized_duplicate,Supported,High,same filename; 404x303->640x480; LANCZOS RGB MAE=1.3528; 64x64 luminance correlation=0.999947
img_54120,IMG_54120.jpg,train,original,IMG_54120.jpg,train,resize,resized_duplicate,Supported,High,same filename; 404x303->640x480; LANCZOS RGB MAE=1.2216; 64x64 luminance correlation=0.999967
img_54150,IMG_54150.jpg,train,original,IMG_54150.jpg,train,resize,resized_duplicate,Supported,High,same filename; 404x303->640x480; LANCZOS RGB MAE=1.4483; 64x64 luminance correlation=0.999944
img_54160,IMG_54160_noise.jpg,train,original,IMG_54160_noise.jpg,train,resize,resized_duplicate,Supported,High,same filename; 404x303->640x480; LANCZOS RGB MAE=2.0927; 64x64 luminance correlation=0.999972
img_5417,IMG_5417.jpg,train,original,IMG_5417.jpg,train,resize,resized_duplicate,Supported,High,same filename; 404x303->640x480; LANCZOS RGB MAE=1.4427; 64x64 luminance correlation=0.999953
img_54190,IMG_54190_noise.jpg,train,original,IMG_54190_noise.jpg,train,resize,resized_duplicate,Supported,High,same filename; 404x303->640x480; LANCZOS RGB MAE=2.1435; 64x64 luminance correlation=0.999828
img_54200,IMG_54200.jpg,train,original,IMG_54200.jpg,train,resize,resized_duplicate,Supported,High,same filename; 404x303->640x480; LANCZOS RGB MAE=1.4313; 64x64 luminance correlation=0.999941
img_54200,IMG_54200_brightness.jpg,train,original,IMG_54200_brightness.jpg,train,resize,resized_duplicate,Supported,High,same filename; 404x303->640x480; LANCZOS RGB MAE=1.4496; 64x64 luminance correlation=0.999934
img_54200,IMG_54200_noise.jpg,train,original,IMG_54200_noise.jpg,train,resize,resized_duplicate,Supported,High,same filename; 404x303->640x480; LANCZOS RGB MAE=2.1113; 64x64 luminance correlation=0.999948
img_54210,IMG_54210.jpg,train,original,IMG_54210.jpg,train,resize,resized_duplicate,Supported,High,same filename; 404x303->640x480; LANCZOS RGB MAE=1.5272; 64x64 luminance correlation=0.9999
img_54220,IMG_54220.jpg,train,original,IMG_54220.jpg,train,resize,resized_duplicate,Supported,High,same filename; 404x303->640x480; LANCZOS RGB MAE=1.5492; 64x64 luminance correlation=0.99993
img_54230,IMG_54230.jpg,train,original,IMG_54230.jpg,train,resize,resized_duplicate,Supported,High,same filename; 404x303->640x480; LANCZOS RGB MAE=1.5507; 64x64 luminance correlation=0.999925
img_54240,IMG_54240.jpg,train,original,IMG_54240.jpg,train,resize,resized_duplicate,Supported,High,same filename; 404x303->640x480; LANCZOS RGB MAE=1.568; 64x64 luminance correlation=0.999922
img_5425,IMG_5425.jpg,train,original,IMG_5425.jpg,train,resize,resized_duplicate,Supported,High,same filename; 404x303->640x480; LANCZOS RGB MAE=1.0638; 64x64 luminance correlation=0.999973
img_54260,IMG_54260.jpg,train,original,IMG_54260.jpg,train,resize,resized_duplicate,Supported,High,same filename; 404x303->640x480; LANCZOS RGB MAE=1.801; 64x64 luminance correlation=0.999862
img_54270,IMG_54270.jpg,train,original,IMG_54270.jpg,train,resize,resized_duplicate,Supported,High,same filename; 404x303->640x480; LANCZOS RGB MAE=1.9674; 64x64 luminance correlation=0.999694
img_5431,IMG_5431.jpg,train,original,IMG_5431.jpg,train,resize,resized_duplicate,Supported,High,same filename; 404x303->640x480; LANCZOS RGB MAE=1.4439; 64x64 luminance correlation=0.999919
img_54320,IMG_54320.jpg,train,original,IMG_54320.jpg,train,resize,resized_duplicate,Supported,High,same filename; 404x303->640x480; LANCZOS RGB MAE=1.4995; 64x64 luminance correlation=0.999958
img_54330,IMG_54330.jpg,train,original,IMG_54330.jpg,train,resize,resized_duplicate,Supported,High,same filename; 404x303->640x480; LANCZOS RGB MAE=1.8147; 64x64 luminance correlation=0.999909
img_54340,IMG_54340.jpg,train,original,IMG_54340.jpg,train,resize,resized_duplicate,Supported,High,same filename; 404x303->640x480; LANCZOS RGB MAE=1.3938; 64x64 luminance correlation=0.999958
img_54360,IMG_54360.jpg,train,original,IMG_54360.jpg,train,resize,resized_duplicate,Supported,High,same filename; 404x303->640x480; LANCZOS RGB MAE=1.3984; 64x64 luminance correlation=0.999962
img_54370,IMG_54370_brightness.jpg,train,original,IMG_54370_brightness.jpg,train,resize,resized_duplicate,Supported,High,same filename; 404x303->640x480; LANCZOS RGB MAE=1.264; 64x64 luminance correlation=0.999973
img_54370,IMG_54370_noise.jpg,train,original,IMG_54370_noise.jpg,train,resize,resized_duplicate,Supported,High,same filename; 404x303->640x480; LANCZOS RGB MAE=2.0825; 64x64 luminance correlation=0.999973
img_54380,IMG_54380.jpg,train,original,IMG_54380.jpg,train,resize,resized_duplicate,Supported,High,same filename; 404x303->640x480; LANCZOS RGB MAE=1.8957; 64x64 luminance correlation=0.999719
img_5439,IMG_5439.jpg,train,original,IMG_5439.jpg,train,resize,resized_duplicate,Supported,High,same filename; 404x303->640x480; LANCZOS RGB MAE=1.4392; 64x64 luminance correlation=0.999911
img_54400,IMG_54400.jpg,train,original,IMG_54400.jpg,train,resize,resized_duplicate,Supported,High,same filename; 404x303->640x480; LANCZOS RGB MAE=1.5479; 64x64 luminance correlation=0.999846
img_5443,IMG_5443.jpg,train,original,IMG_5443.jpg,train,resize,resized_duplicate,Supported,High,same filename; 404x303->640x480; LANCZOS RGB MAE=1.4755; 64x64 luminance correlation=0.999879
img_54450,IMG_54450_brightness.jpg,train,original,IMG_54450_brightness.jpg,train,resize,resized_duplicate,Supported,High,same filename; 404x303->640x480; LANCZOS RGB MAE=1.7251; 64x64 luminance correlation=0.999908
img_54450,IMG_54450_noise.jpg,train,original,IMG_54450_noise.jpg,train,resize,resized_duplicate,Supported,High,same filename; 404x303->640x480; LANCZOS RGB MAE=2.2031; 64x64 luminance correlation=0.999932
img_54460,IMG_54460.jpg,train,original,IMG_54460.jpg,train,resize,resized_duplicate,Supported,High,same filename; 404x303->640x480; LANCZOS RGB MAE=1.7275; 64x64 luminance correlation=0.999918
img_54480,IMG_54480.jpg,train,original,IMG_54480.jpg,train,resize,resized_duplicate,Supported,High,same filename; 404x303->640x480; LANCZOS RGB MAE=1.4549; 64x64 luminance correlation=0.999927
img_5449,IMG_5449.jpg,train,original,IMG_5449.jpg,train,resize,resized_duplicate,Supported,High,same filename; 404x303->640x480; LANCZOS RGB MAE=1.5583; 64x64 luminance correlation=0.999934
img_5451,IMG_5451.jpg,train,original,IMG_5451.jpg,train,resize,resized_duplicate,Supported,High,same filename; 404x303->640x480; LANCZOS RGB MAE=1.4236; 64x64 luminance correlation=0.999946
img_5452,IMG_5452.jpg,train,original,IMG_5452.jpg,train,resize,resized_duplicate,Supported,High,same filename; 404x303->640x480; LANCZOS RGB MAE=1.8915; 64x64 luminance correlation=0.999628
img_54530,IMG_54530.jpg,train,original,IMG_54530.jpg,train,resize,resized_duplicate,Supported,High,same filename; 404x303->640x480; LANCZOS RGB MAE=1.5076; 64x64 luminance correlation=0.999918
img_54570,IMG_54570.jpg,train,original,IMG_54570.jpg,train,resize,resized_duplicate,Supported,High,same filename; 404x303->640x480; LANCZOS RGB MAE=1.4698; 64x64 luminance correlation=0.999925
img_54580,IMG_54580.jpg,train,original,IMG_54580.jpg,train,resize,resized_duplicate,Supported,High,same filename; 404x303->640x480; LANCZOS RGB MAE=1.3982; 64x64 luminance correlation=0.999948
img_54590,IMG_54590.jpg,train,original,IMG_54590.jpg,train,resize,resized_duplicate,Supported,High,same filename; 404x303->640x480; LANCZOS RGB MAE=1.8463; 64x64 luminance correlation=0.99987
img_54600,IMG_54600.jpg,train,original,IMG_54600.jpg,train,resize,resized_duplicate,Supported,High,same filename; 404x303->640x480; LANCZOS RGB MAE=1.432; 64x64 luminance correlation=0.999949
img_54610,IMG_54610.jpg,train,original,IMG_54610.jpg,train,resize,resized_duplicate,Supported,High,same filename; 404x303->640x480; LANCZOS RGB MAE=1.4712; 64x64 luminance correlation=0.999949
img_54620,IMG_54620.jpg,train,original,IMG_54620.jpg,train,resize,resized_duplicate,Supported,High,same filename; 404x303->640x480; LANCZOS RGB MAE=1.6685; 64x64 luminance correlation=0.999932
img_54630,IMG_54630.jpg,train,original,IMG_54630.jpg,train,resize,resized_duplicate,Supported,High,same filename; 404x303->640x480; LANCZOS RGB MAE=1.353; 64x64 luminance correlation=0.999956
img_5464,IMG_5464.jpg,train,original,IMG_5464.jpg,train,resize,resized_duplicate,Supported,High,same filename; 404x303->640x480; LANCZOS RGB MAE=1.2953; 64x64 luminance correlation=0.999957
img_54650,IMG_54650.jpg,train,original,IMG_54650.jpg,train,resize,resized_duplicate,Supported,High,same filename; 404x303->640x480; LANCZOS RGB MAE=1.2772; 64x64 luminance correlation=0.999967
img_5471,IMG_5471.jpg,train,original,IMG_5471.jpg,train,resize,resized_duplicate,Supported,High,same filename; 404x303->640x480; LANCZOS RGB MAE=1.2949; 64x64 luminance correlation=0.999966
img_5473,IMG_5473.jpg,train,original,IMG_5473.jpg,train,resize,resized_duplicate,Supported,High,same filename; 404x303->640x480; LANCZOS RGB MAE=1.7063; 64x64 luminance correlation=0.999897
img_54740,IMG_54740.jpg,train,original,IMG_54740.jpg,train,resize,resized_duplicate,Supported,High,same filename; 404x303->640x480; LANCZOS RGB MAE=1.49; 64x64 luminance correlation=0.999959
img_5475,IMG_5475.jpg,train,original,IMG_5475.jpg,train,resize,resized_duplicate,Supported,High,same filename; 404x303->640x480; LANCZOS RGB MAE=1.4023; 64x64 luminance correlation=0.999947
img_54760,IMG_54760.jpg,train,original,IMG_54760.jpg,train,resize,resized_duplicate,Supported,High,same filename; 404x303->640x480; LANCZOS RGB MAE=1.4139; 64x64 luminance correlation=0.999956
img_54770,IMG_54770.jpg,train,original,IMG_54770.jpg,train,resize,resized_duplicate,Supported,High,same filename; 404x303->640x480; LANCZOS RGB MAE=1.151; 64x64 luminance correlation=0.99997
img_54780,IMG_54780.jpg,train,original,IMG_54780.jpg,train,resize,resized_duplicate,Supported,High,same filename; 404x303->640x480; LANCZOS RGB MAE=1.4548; 64x64 luminance correlation=0.999906
img_54790,IMG_54790.jpg,train,original,IMG_54790.jpg,train,resize,resized_duplicate,Supported,High,same filename; 404x303->640x480; LANCZOS RGB MAE=1.4056; 64x64 luminance correlation=0.999859
img_54810,IMG_54810.jpg,train,original,IMG_54810.jpg,train,resize,resized_duplicate,Supported,High,same filename; 404x303->640x480; LANCZOS RGB MAE=1.388; 64x64 luminance correlation=0.999888
img_5482,IMG_5482.jpg,train,original,IMG_5482.jpg,train,resize,resized_duplicate,Supported,High,same filename; 404x303->640x480; LANCZOS RGB MAE=1.3065; 64x64 luminance correlation=0.999944
img_5483,IMG_5483.jpg,train,original,IMG_5483.jpg,train,resize,resized_duplicate,Supported,High,same filename; 404x303->640x480; LANCZOS RGB MAE=1.301; 64x64 luminance correlation=0.999955
img_54840,IMG_54840.jpg,train,original,IMG_54840.jpg,train,resize,resized_duplicate,Supported,High,same filename; 404x303->640x480; LANCZOS RGB MAE=1.3707; 64x64 luminance correlation=0.999941
img_5485,IMG_5485.jpg,train,original,IMG_5485.jpg,train,resize,resized_duplicate,Supported,High,same filename; 404x303->640x480; LANCZOS RGB MAE=1.2706; 64x64 luminance correlation=0.999953
img_54860,IMG_54860.jpg,train,original,IMG_54860.jpg,train,resize,resized_duplicate,Supported,High,same filename; 404x303->640x480; LANCZOS RGB MAE=1.7653; 64x64 luminance correlation=0.999874
img_54870,IMG_54870.jpg,train,original,IMG_54870.jpg,train,resize,resized_duplicate,Supported,High,same filename; 404x303->640x480; LANCZOS RGB MAE=1.321; 64x64 luminance correlation=0.99996
img_54870,IMG_54870_brightness.jpg,train,original,IMG_54870_brightness.jpg,train,resize,resized_duplicate,Supported,High,same filename; 404x303->640x480; LANCZOS RGB MAE=1.3294; 64x64 luminance correlation=0.999959
img_54880,IMG_54880.jpg,train,original,IMG_54880.jpg,train,resize,resized_duplicate,Supported,High,same filename; 404x303->640x480; LANCZOS RGB MAE=1.3011; 64x64 luminance correlation=0.999871
img_54890,IMG_54890.jpg,train,original,IMG_54890.jpg,train,resize,resized_duplicate,Supported,High,same filename; 404x303->640x480; LANCZOS RGB MAE=1.3455; 64x64 luminance correlation=0.999909
img_54900,IMG_54900.jpg,train,original,IMG_54900.jpg,train,resize,resized_duplicate,Supported,High,same filename; 404x303->640x480; LANCZOS RGB MAE=1.3181; 64x64 luminance correlation=0.999958
img_54930,IMG_54930.jpg,train,original,IMG_54930.jpg,train,resize,resized_duplicate,Supported,High,same filename; 404x303->640x480; LANCZOS RGB MAE=1.3639; 64x64 luminance correlation=0.999966
img_54950,IMG_54950.jpg,train,original,IMG_54950.jpg,train,resize,resized_duplicate,Supported,High,same filename; 404x303->640x480; LANCZOS RGB MAE=1.3901; 64x64 luminance correlation=0.999965
img_54980,IMG_54980.jpg,train,original,IMG_54980.jpg,train,resize,resized_duplicate,Supported,High,same filename; 404x303->640x480; LANCZOS RGB MAE=1.7816; 64x64 luminance correlation=0.999919
img_54990,IMG_54990.jpg,train,original,IMG_54990.jpg,train,resize,resized_duplicate,Supported,High,same filename; 404x303->640x480; LANCZOS RGB MAE=1.8239; 64x64 luminance correlation=0.999903
img_55000,IMG_55000.jpg,train,original,IMG_55000.jpg,train,resize,resized_duplicate,Supported,High,same filename; 404x303->640x480; LANCZOS RGB MAE=1.4674; 64x64 luminance correlation=0.999949
img_55010,IMG_55010.jpg,train,original,IMG_55010.jpg,train,resize,resized_duplicate,Supported,High,same filename; 404x303->640x480; LANCZOS RGB MAE=1.5171; 64x64 luminance correlation=0.999956
img_55020,IMG_55020.jpg,train,original,IMG_55020.jpg,train,resize,resized_duplicate,Supported,High,same filename; 404x303->640x480; LANCZOS RGB MAE=1.2316; 64x64 luminance correlation=0.999954
img_55030,IMG_55030.jpg,train,original,IMG_55030.jpg,train,resize,resized_duplicate,Supported,High,same filename; 404x303->640x480; LANCZOS RGB MAE=1.2541; 64x64 luminance correlation=0.999955
img_5504,IMG_5504.jpg,train,original,IMG_5504.jpg,train,resize,resized_duplicate,Supported,High,same filename; 404x303->640x480; LANCZOS RGB MAE=1.5319; 64x64 luminance correlation=0.999902
img_55050,IMG_55050.jpg,train,original,IMG_55050.jpg,train,resize,resized_duplicate,Supported,High,same filename; 404x303->640x480; LANCZOS RGB MAE=1.4376; 64x64 luminance correlation=0.999955
img_55070,IMG_55070.jpg,train,original,IMG_55070.jpg,train,resize,resized_duplicate,Supported,High,same filename; 404x303->640x480; LANCZOS RGB MAE=1.5002; 64x64 luminance correlation=0.999936
img_55080,IMG_55080.jpg,train,original,IMG_55080.jpg,train,resize,resized_duplicate,Supported,High,same filename; 404x303->640x480; LANCZOS RGB MAE=1.6466; 64x64 luminance correlation=0.999852
img_55090,IMG_55090.jpg,train,original,IMG_55090.jpg,train,resize,resized_duplicate,Supported,High,same filename; 404x303->640x480; LANCZOS RGB MAE=1.2687; 64x64 luminance correlation=0.99996
img_55100,IMG_55100.jpg,train,original,IMG_55100.jpg,train,resize,resized_duplicate,Supported,High,same filename; 404x303->640x480; LANCZOS RGB MAE=1.3842; 64x64 luminance correlation=0.999943
img_55110,IMG_55110.jpg,train,original,IMG_55110.jpg,train,resize,resized_duplicate,Supported,High,same filename; 404x303->640x480; LANCZOS RGB MAE=1.47; 64x64 luminance correlation=0.999923
img_55130,IMG_55130.jpg,train,original,IMG_55130.jpg,train,resize,resized_duplicate,Supported,High,same filename; 404x303->640x480; LANCZOS RGB MAE=1.3203; 64x64 luminance correlation=0.999964
img_55150,IMG_55150.jpg,train,original,IMG_55150.jpg,train,resize,resized_duplicate,Supported,High,same filename; 404x303->640x480; LANCZOS RGB MAE=1.1037; 64x64 luminance correlation=0.999979
img_5516,IMG_5516.jpg,train,original,IMG_5516.jpg,train,resize,resized_duplicate,Supported,High,same filename; 404x303->640x480; LANCZOS RGB MAE=1.4558; 64x64 luminance correlation=0.999891
img_55170,IMG_55170.jpg,train,original,IMG_55170.jpg,train,resize,resized_duplicate,Supported,High,same filename; 404x303->640x480; LANCZOS RGB MAE=1.0954; 64x64 luminance correlation=0.999972
img_55180,IMG_55180.jpg,train,original,IMG_55180.jpg,train,resize,resized_duplicate,Supported,High,same filename; 404x303->640x480; LANCZOS RGB MAE=1.2572; 64x64 luminance correlation=0.999965
img_55190,IMG_55190.jpg,train,original,IMG_55190.jpg,train,resize,resized_duplicate,Supported,High,same filename; 404x303->640x480; LANCZOS RGB MAE=1.8501; 64x64 luminance correlation=0.999674
img_55200,IMG_55200.jpg,train,original,IMG_55200.jpg,train,resize,resized_duplicate,Supported,High,same filename; 404x303->640x480; LANCZOS RGB MAE=1.703; 64x64 luminance correlation=0.999778
img_55220,IMG_55220.jpg,train,original,IMG_55220.jpg,train,resize,resized_duplicate,Supported,High,same filename; 404x303->640x480; LANCZOS RGB MAE=1.2586; 64x64 luminance correlation=0.999968
img_55240,IMG_55240.jpg,train,original,IMG_55240.jpg,train,resize,resized_duplicate,Supported,High,same filename; 404x303->640x480; LANCZOS RGB MAE=1.3267; 64x64 luminance correlation=0.999943
img_55250,IMG_55250.jpg,train,original,IMG_55250.jpg,train,resize,resized_duplicate,Supported,High,same filename; 404x303->640x480; LANCZOS RGB MAE=1.486; 64x64 luminance correlation=0.999933
img_55280,IMG_55280.jpg,train,original,IMG_55280.jpg,train,resize,resized_duplicate,Supported,High,same filename; 404x303->640x480; LANCZOS RGB MAE=1.4951; 64x64 luminance correlation=0.999943
img_55290,IMG_55290.jpg,train,original,IMG_55290.jpg,train,resize,resized_duplicate,Supported,High,same filename; 404x303->640x480; LANCZOS RGB MAE=1.5545; 64x64 luminance correlation=0.999952
img_55290,IMG_55290_noise.jpg,train,original,IMG_55290_noise.jpg,train,resize,resized_duplicate,Supported,High,same filename; 404x303->640x480; LANCZOS RGB MAE=2.1629; 64x64 luminance correlation=0.999954
img_55300,IMG_55300.jpg,train,original,IMG_55300.jpg,train,resize,resized_duplicate,Supported,High,same filename; 404x303->640x480; LANCZOS RGB MAE=1.7762; 64x64 luminance correlation=0.999954
img_55310,IMG_55310.jpg,train,original,IMG_55310.jpg,train,resize,resized_duplicate,Supported,High,same filename; 404x303->640x480; LANCZOS RGB MAE=1.4099; 64x64 luminance correlation=0.999953
img_55350,IMG_55350.jpg,train,original,IMG_55350.jpg,train,resize,resized_duplicate,Supported,High,same filename; 404x303->640x480; LANCZOS RGB MAE=2.1684; 64x64 luminance correlation=0.999733
img_55360,IMG_55360.jpg,train,original,IMG_55360.jpg,train,resize,resized_duplicate,Supported,High,same filename; 404x303->640x480; LANCZOS RGB MAE=2.0693; 64x64 luminance correlation=0.999876
img_55370,IMG_55370.jpg,train,original,IMG_55370.jpg,train,resize,resized_duplicate,Supported,High,same filename; 404x303->640x480; LANCZOS RGB MAE=1.5333; 64x64 luminance correlation=0.999946
img_55380,IMG_55380.jpg,train,original,IMG_55380.jpg,train,resize,resized_duplicate,Supported,High,same filename; 404x303->640x480; LANCZOS RGB MAE=2.0417; 64x64 luminance correlation=0.999819
img_55390,IMG_55390.jpg,train,original,IMG_55390.jpg,train,resize,resized_duplicate,Supported,High,same filename; 404x303->640x480; LANCZOS RGB MAE=2.0571; 64x64 luminance correlation=0.999778
img_55400,IMG_55400.jpg,train,original,IMG_55400.jpg,train,resize,resized_duplicate,Supported,High,same filename; 404x303->640x480; LANCZOS RGB MAE=2.0347; 64x64 luminance correlation=0.999896
img_5541,IMG_5541.jpg,train,original,IMG_5541.jpg,train,resize,resized_duplicate,Supported,High,same filename; 404x303->640x480; LANCZOS RGB MAE=2.5076; 64x64 luminance correlation=0.999625
img_5542,IMG_5542.jpg,train,original,IMG_5542.jpg,train,resize,resized_duplicate,Supported,High,same filename; 404x303->640x480; LANCZOS RGB MAE=1.7342; 64x64 luminance correlation=0.999591
img_5543,IMG_5543.jpg,train,original,IMG_5543.jpg,train,resize,resized_duplicate,Supported,High,same filename; 404x303->640x480; LANCZOS RGB MAE=1.8641; 64x64 luminance correlation=0.999585
img_5544,IMG_5544.jpg,train,original,IMG_5544.jpg,train,resize,resized_duplicate,Supported,High,same filename; 404x303->640x480; LANCZOS RGB MAE=1.7459; 64x64 luminance correlation=0.999733
img_55450,IMG_55450.jpg,train,original,IMG_55450.jpg,train,resize,resized_duplicate,Supported,High,same filename; 404x303->640x480; LANCZOS RGB MAE=1.8029; 64x64 luminance correlation=0.999678
img_55470,IMG_55470.jpg,train,original,IMG_55470.jpg,train,resize,resized_duplicate,Supported,High,same filename; 404x303->640x480; LANCZOS RGB MAE=1.7704; 64x64 luminance correlation=0.99978
img_55480,IMG_55480.jpg,train,original,IMG_55480.jpg,train,resize,resized_duplicate,Supported,High,same filename; 404x303->640x480; LANCZOS RGB MAE=1.3897; 64x64 luminance correlation=0.999957
img_55490,IMG_55490.jpg,train,original,IMG_55490.jpg,train,resize,resized_duplicate,Supported,High,same filename; 404x303->640x480; LANCZOS RGB MAE=1.8415; 64x64 luminance correlation=0.999822
img_55510,IMG_55510.jpg,train,original,IMG_55510.jpg,train,resize,resized_duplicate,Supported,High,same filename; 404x303->640x480; LANCZOS RGB MAE=1.4497; 64x64 luminance correlation=0.999963
img_55520,IMG_55520.jpg,train,original,IMG_55520.jpg,train,resize,resized_duplicate,Supported,High,same filename; 404x303->640x480; LANCZOS RGB MAE=1.269; 64x64 luminance correlation=0.999928
img_55530,IMG_55530.jpg,train,original,IMG_55530.jpg,train,resize,resized_duplicate,Supported,High,same filename; 404x303->640x480; LANCZOS RGB MAE=1.6274; 64x64 luminance correlation=0.999936
img_55560,IMG_55560.jpg,train,original,IMG_55560.jpg,train,resize,resized_duplicate,Supported,High,same filename; 404x303->640x480; LANCZOS RGB MAE=1.574; 64x64 luminance correlation=0.999886
img_55570,IMG_55570.jpg,train,original,IMG_55570.jpg,train,resize,resized_duplicate,Supported,High,same filename; 404x303->640x480; LANCZOS RGB MAE=1.6438; 64x64 luminance correlation=0.999827
img_55580,IMG_55580.jpg,train,original,IMG_55580.jpg,train,resize,resized_duplicate,Supported,High,same filename; 404x303->640x480; LANCZOS RGB MAE=1.863; 64x64 luminance correlation=0.999748
img_55590,IMG_55590.jpg,train,original,IMG_55590.jpg,train,resize,resized_duplicate,Supported,High,same filename; 404x303->640x480; LANCZOS RGB MAE=1.7259; 64x64 luminance correlation=0.999694
img_55610,IMG_55610.jpg,train,original,IMG_55610.jpg,train,resize,resized_duplicate,Supported,High,same filename; 404x303->640x480; LANCZOS RGB MAE=1.2805; 64x64 luminance correlation=0.999969
img_55620,IMG_55620.jpg,train,original,IMG_55620.jpg,train,resize,resized_duplicate,Supported,High,same filename; 404x303->640x480; LANCZOS RGB MAE=1.6315; 64x64 luminance correlation=0.999948
img_5564,IMG_5564.jpg,train,original,IMG_5564.jpg,train,resize,resized_duplicate,Supported,High,same filename; 404x303->640x480; LANCZOS RGB MAE=1.8913; 64x64 luminance correlation=0.999657
img_55650,IMG_55650.jpg,train,original,IMG_55650.jpg,train,resize,resized_duplicate,Supported,High,same filename; 404x303->640x480; LANCZOS RGB MAE=1.8596; 64x64 luminance correlation=0.999787
img_55660,IMG_55660.jpg,train,original,IMG_55660.jpg,train,resize,resized_duplicate,Supported,High,same filename; 404x303->640x480; LANCZOS RGB MAE=1.4603; 64x64 luminance correlation=0.999856
img_55670,IMG_55670.jpg,train,original,IMG_55670.jpg,train,resize,resized_duplicate,Supported,High,same filename; 404x303->640x480; LANCZOS RGB MAE=1.6417; 64x64 luminance correlation=0.999872
img_55680,IMG_55680.jpg,train,original,IMG_55680.jpg,train,resize,resized_duplicate,Supported,High,same filename; 404x303->640x480; LANCZOS RGB MAE=1.6037; 64x64 luminance correlation=0.999894
img_55690,IMG_55690.jpg,train,original,IMG_55690.jpg,train,resize,resized_duplicate,Supported,High,same filename; 404x303->640x480; LANCZOS RGB MAE=1.6787; 64x64 luminance correlation=0.999924
img_55700,IMG_55700.jpg,train,original,IMG_55700.jpg,train,resize,resized_duplicate,Supported,High,same filename; 404x303->640x480; LANCZOS RGB MAE=1.4688; 64x64 luminance correlation=0.999936
img_55710,IMG_55710.jpg,train,original,IMG_55710.jpg,train,resize,resized_duplicate,Supported,High,same filename; 404x303->640x480; LANCZOS RGB MAE=1.5241; 64x64 luminance correlation=0.999851
img_55720,IMG_55720.jpg,train,original,IMG_55720.jpg,train,resize,resized_duplicate,Supported,High,same filename; 404x303->640x480; LANCZOS RGB MAE=1.5136; 64x64 luminance correlation=0.999842
img_55740,IMG_55740.jpg,train,original,IMG_55740.jpg,train,resize,resized_duplicate,Supported,High,same filename; 404x303->640x480; LANCZOS RGB MAE=1.6953; 64x64 luminance correlation=0.999917
img_55750,IMG_55750.jpg,train,original,IMG_55750.jpg,train,resize,resized_duplicate,Supported,High,same filename; 404x303->640x480; LANCZOS RGB MAE=1.8146; 64x64 luminance correlation=0.999636
img_55760,IMG_55760.jpg,train,original,IMG_55760.jpg,train,resize,resized_duplicate,Supported,High,same filename; 404x303->640x480; LANCZOS RGB MAE=1.5025; 64x64 luminance correlation=0.999945
img_55770,IMG_55770.jpg,train,original,IMG_55770.jpg,train,resize,resized_duplicate,Supported,High,same filename; 404x303->640x480; LANCZOS RGB MAE=1.9123; 64x64 luminance correlation=0.999613
img_55780,IMG_55780.jpg,train,original,IMG_55780.jpg,train,resize,resized_duplicate,Supported,High,same filename; 404x303->640x480; LANCZOS RGB MAE=1.8227; 64x64 luminance correlation=0.999776
img_55790,IMG_55790.jpg,train,original,IMG_55790.jpg,train,resize,resized_duplicate,Supported,High,same filename; 404x303->640x480; LANCZOS RGB MAE=1.8029; 64x64 luminance correlation=0.99981
img_55810,IMG_55810.jpg,train,original,IMG_55810.jpg,train,resize,resized_duplicate,Supported,High,same filename; 404x303->640x480; LANCZOS RGB MAE=1.9536; 64x64 luminance correlation=0.999784
img_55820,IMG_55820.jpg,train,original,IMG_55820.jpg,train,resize,resized_duplicate,Supported,High,same filename; 404x303->640x480; LANCZOS RGB MAE=1.2912; 64x64 luminance correlation=0.999961
img_55830,IMG_55830.jpg,train,original,IMG_55830.jpg,train,resize,resized_duplicate,Supported,High,same filename; 404x303->640x480; LANCZOS RGB MAE=2.143; 64x64 luminance correlation=0.999776
img_55840,IMG_55840.jpg,train,original,IMG_55840.jpg,train,resize,resized_duplicate,Supported,High,same filename; 404x303->640x480; LANCZOS RGB MAE=2.0532; 64x64 luminance correlation=0.999805
img_55850,IMG_55850.jpg,train,original,IMG_55850.jpg,train,resize,resized_duplicate,Supported,High,same filename; 404x303->640x480; LANCZOS RGB MAE=2.0731; 64x64 luminance correlation=0.99979
img_5586,IMG_5586.jpg,train,original,IMG_5586.jpg,train,resize,resized_duplicate,Supported,High,same filename; 404x303->640x480; LANCZOS RGB MAE=1.8368; 64x64 luminance correlation=0.999913
img_55900,IMG_55900.jpg,train,original,IMG_55900.jpg,train,resize,resized_duplicate,Supported,High,same filename; 404x303->640x480; LANCZOS RGB MAE=1.8989; 64x64 luminance correlation=0.99989
img_55900,IMG_55900_brightness.jpg,train,original,IMG_55900_brightness.jpg,train,resize,resized_duplicate,Supported,High,same filename; 404x303->640x480; LANCZOS RGB MAE=1.8772; 64x64 luminance correlation=0.999863
img_55900,IMG_55900_noise.jpg,train,original,IMG_55900_noise.jpg,train,resize,resized_duplicate,Supported,High,same filename; 404x303->640x480; LANCZOS RGB MAE=2.2799; 64x64 luminance correlation=0.999906
img_55910,IMG_55910_brightness.jpg,train,original,IMG_55910_brightness.jpg,train,resize,resized_duplicate,Supported,High,same filename; 404x303->640x480; LANCZOS RGB MAE=2.1355; 64x64 luminance correlation=0.999761
img_55910,IMG_55910_noise.jpg,train,original,IMG_55910_noise.jpg,train,resize,resized_duplicate,Supported,High,same filename; 404x303->640x480; LANCZOS RGB MAE=2.4118; 64x64 luminance correlation=0.999846
img_55920,IMG_55920.jpg,train,original,IMG_55920.jpg,train,resize,resized_duplicate,Supported,High,same filename; 404x303->640x480; LANCZOS RGB MAE=1.8531; 64x64 luminance correlation=0.999845
img_55920,IMG_55920_brightness.jpg,train,original,IMG_55920_brightness.jpg,train,resize,resized_duplicate,Supported,High,same filename; 404x303->640x480; LANCZOS RGB MAE=1.8387; 64x64 luminance correlation=0.999796
img_55920,IMG_55920_noise.jpg,train,original,IMG_55920_noise.jpg,train,resize,resized_duplicate,Supported,High,same filename; 404x303->640x480; LANCZOS RGB MAE=2.2558; 64x64 luminance correlation=0.999867
img_55930,IMG_55930.jpg,train,original,IMG_55930.jpg,train,resize,resized_duplicate,Supported,High,same filename; 404x303->640x480; LANCZOS RGB MAE=1.5077; 64x64 luminance correlation=0.999932
img_55930,IMG_55930_brightness.jpg,train,original,IMG_55930_brightness.jpg,train,resize,resized_duplicate,Supported,High,same filename; 404x303->640x480; LANCZOS RGB MAE=1.5124; 64x64 luminance correlation=0.999931
img_55940,IMG_55940.jpg,train,original,IMG_55940.jpg,train,resize,resized_duplicate,Supported,High,same filename; 404x303->640x480; LANCZOS RGB MAE=1.5789; 64x64 luminance correlation=0.999903
img_55950,IMG_55950.jpg,train,original,IMG_55950.jpg,train,resize,resized_duplicate,Supported,High,same filename; 404x303->640x480; LANCZOS RGB MAE=1.608; 64x64 luminance correlation=0.999796
img_55960,IMG_55960.jpg,train,original,IMG_55960.jpg,train,resize,resized_duplicate,Supported,High,same filename; 404x303->640x480; LANCZOS RGB MAE=1.6026; 64x64 luminance correlation=0.99989
img_55970,IMG_55970.jpg,train,original,IMG_55970.jpg,train,resize,resized_duplicate,Supported,High,same filename; 404x303->640x480; LANCZOS RGB MAE=1.5986; 64x64 luminance correlation=0.999886
img_55970,IMG_55970_brightness.jpg,train,original,IMG_55970_brightness.jpg,train,resize,resized_duplicate,Supported,High,same filename; 404x303->640x480; LANCZOS RGB MAE=1.5992; 64x64 luminance correlation=0.99983
img_55990,IMG_55990.jpg,train,original,IMG_55990.jpg,train,resize,resized_duplicate,Supported,High,same filename; 404x303->640x480; LANCZOS RGB MAE=1.8541; 64x64 luminance correlation=0.999698
img_56000,IMG_56000.jpg,train,original,IMG_56000.jpg,train,resize,resized_duplicate,Supported,High,same filename; 404x303->640x480; LANCZOS RGB MAE=1.2606; 64x64 luminance correlation=0.999903
img_56010,IMG_56010.jpg,train,original,IMG_56010.jpg,train,resize,resized_duplicate,Supported,High,same filename; 404x303->640x480; LANCZOS RGB MAE=1.1751; 64x64 luminance correlation=0.999954
img_56020,IMG_56020.jpg,train,original,IMG_56020.jpg,train,resize,resized_duplicate,Supported,High,same filename; 404x303->640x480; LANCZOS RGB MAE=1.2722; 64x64 luminance correlation=0.999947
img_56020,IMG_56020_brightness.jpg,train,original,IMG_56020_brightness.jpg,train,resize,resized_duplicate,Supported,High,same filename; 404x303->640x480; LANCZOS RGB MAE=1.2702; 64x64 luminance correlation=0.999926
img_5603,IMG_5603.jpg,train,original,IMG_5603.jpg,train,resize,resized_duplicate,Supported,High,same filename; 404x303->640x480; LANCZOS RGB MAE=1.268; 64x64 luminance correlation=0.999909
img_56040,IMG_56040.jpg,train,original,IMG_56040.jpg,train,resize,resized_duplicate,Supported,High,same filename; 404x303->640x480; LANCZOS RGB MAE=1.2663; 64x64 luminance correlation=0.999923
img_5607,IMG_5607.jpg,train,original,IMG_5607.jpg,train,resize,resized_duplicate,Supported,High,same filename; 404x303->640x480; LANCZOS RGB MAE=1.5292; 64x64 luminance correlation=0.999768
img_56080,IMG_56080.jpg,train,original,IMG_56080.jpg,train,resize,resized_duplicate,Supported,High,same filename; 404x303->640x480; LANCZOS RGB MAE=1.5187; 64x64 luminance correlation=0.999758
img_56090,IMG_56090.jpg,train,original,IMG_56090.jpg,train,resize,resized_duplicate,Supported,High,same filename; 404x303->640x480; LANCZOS RGB MAE=1.6845; 64x64 luminance correlation=0.999793
img_56120,IMG_56120.jpg,train,original,IMG_56120.jpg,train,resize,resized_duplicate,Supported,High,same filename; 404x303->640x480; LANCZOS RGB MAE=1.8435; 64x64 luminance correlation=0.999593
img_5615,IMG_5615.jpg,train,original,IMG_5615.jpg,train,resize,resized_duplicate,Supported,High,same filename; 404x303->640x480; LANCZOS RGB MAE=0.617; 64x64 luminance correlation=0.99998
img_56160,IMG_56160.jpg,train,original,IMG_56160.jpg,train,resize,resized_duplicate,Supported,High,same filename; 404x303->640x480; LANCZOS RGB MAE=1.4361; 64x64 luminance correlation=0.99994
img_56170,IMG_56170.jpg,train,original,IMG_56170.jpg,train,resize,resized_duplicate,Supported,High,same filename; 404x303->640x480; LANCZOS RGB MAE=1.4893; 64x64 luminance correlation=0.99983
img_56180,IMG_56180.jpg,train,original,IMG_56180.jpg,train,resize,resized_duplicate,Supported,High,same filename; 404x303->640x480; LANCZOS RGB MAE=1.5891; 64x64 luminance correlation=0.99987
img_56190,IMG_56190.jpg,train,original,IMG_56190.jpg,train,resize,resized_duplicate,Supported,High,same filename; 404x303->640x480; LANCZOS RGB MAE=1.4017; 64x64 luminance correlation=0.999935
img_56210,IMG_56210.jpg,train,original,IMG_56210.jpg,train,resize,resized_duplicate,Supported,High,same filename; 404x303->640x480; LANCZOS RGB MAE=1.323; 64x64 luminance correlation=0.999959
img_56230,IMG_56230.jpg,train,original,IMG_56230.jpg,train,resize,resized_duplicate,Supported,High,same filename; 404x303->640x480; LANCZOS RGB MAE=1.7018; 64x64 luminance correlation=0.999898
img_56240,IMG_56240.jpg,train,original,IMG_56240.jpg,train,resize,resized_duplicate,Supported,High,same filename; 404x303->640x480; LANCZOS RGB MAE=1.6873; 64x64 luminance correlation=0.999903
img_5625,IMG_5625.jpg,train,original,IMG_5625.jpg,train,resize,resized_duplicate,Supported,High,same filename; 404x303->640x480; LANCZOS RGB MAE=1.4358; 64x64 luminance correlation=0.999944
img_56260,IMG_56260.jpg,train,original,IMG_56260.jpg,train,resize,resized_duplicate,Supported,High,same filename; 404x303->640x480; LANCZOS RGB MAE=1.0527; 64x64 luminance correlation=0.999976
img_5627,IMG_5627.jpg,train,original,IMG_5627.jpg,train,resize,resized_duplicate,Supported,High,same filename; 404x303->640x480; LANCZOS RGB MAE=1.4511; 64x64 luminance correlation=0.999938
img_56280,IMG_56280.jpg,train,original,IMG_56280.jpg,train,resize,resized_duplicate,Supported,High,same filename; 404x303->640x480; LANCZOS RGB MAE=1.8308; 64x64 luminance correlation=0.999786
img_56290,IMG_56290.jpg,train,original,IMG_56290.jpg,train,resize,resized_duplicate,Supported,High,same filename; 404x303->640x480; LANCZOS RGB MAE=1.7585; 64x64 luminance correlation=0.999814
img_56320,IMG_56320.jpg,train,original,IMG_56320.jpg,train,resize,resized_duplicate,Supported,High,same filename; 404x303->640x480; LANCZOS RGB MAE=1.513; 64x64 luminance correlation=0.999913
img_5633,IMG_5633.jpg,train,original,IMG_5633.jpg,train,resize,resized_duplicate,Supported,High,same filename; 404x303->640x480; LANCZOS RGB MAE=1.4552; 64x64 luminance correlation=0.999881
img_56340,IMG_56340.jpg,train,original,IMG_56340.jpg,train,resize,resized_duplicate,Supported,High,same filename; 404x303->640x480; LANCZOS RGB MAE=1.448; 64x64 luminance correlation=0.999926
img_56350,IMG_56350.jpg,train,original,IMG_56350.jpg,train,resize,resized_duplicate,Supported,High,same filename; 404x303->640x480; LANCZOS RGB MAE=1.6299; 64x64 luminance correlation=0.999924
img_56360,IMG_56360.jpg,train,original,IMG_56360.jpg,train,resize,resized_duplicate,Supported,High,same filename; 404x303->640x480; LANCZOS RGB MAE=1.6493; 64x64 luminance correlation=0.999918
img_56360,IMG_56360_brightness.jpg,train,original,IMG_56360_brightness.jpg,train,resize,resized_duplicate,Supported,High,same filename; 404x303->640x480; LANCZOS RGB MAE=1.6686; 64x64 luminance correlation=0.99991
img_56370,IMG_56370.jpg,train,original,IMG_56370.jpg,train,resize,resized_duplicate,Supported,High,same filename; 404x303->640x480; LANCZOS RGB MAE=1.5449; 64x64 luminance correlation=0.999895
img_56380,IMG_56380.jpg,train,original,IMG_56380.jpg,train,resize,resized_duplicate,Supported,High,same filename; 404x303->640x480; LANCZOS RGB MAE=1.4217; 64x64 luminance correlation=0.999912
img_56390,IMG_56390.jpg,train,original,IMG_56390.jpg,train,resize,resized_duplicate,Supported,High,same filename; 404x303->640x480; LANCZOS RGB MAE=1.3457; 64x64 luminance correlation=0.999884
img_56410,IMG_56410.jpg,train,original,IMG_56410.jpg,train,resize,resized_duplicate,Supported,High,same filename; 404x303->640x480; LANCZOS RGB MAE=1.4379; 64x64 luminance correlation=0.999862
img_5642,IMG_5642.jpg,train,original,IMG_5642.jpg,train,resize,resized_duplicate,Supported,High,same filename; 404x303->640x480; LANCZOS RGB MAE=1.6564; 64x64 luminance correlation=0.999814
img_56430,IMG_56430.jpg,train,original,IMG_56430.jpg,train,resize,resized_duplicate,Supported,High,same filename; 404x303->640x480; LANCZOS RGB MAE=1.4794; 64x64 luminance correlation=0.999824
img_6760,IMG_6760.jpg,train,original,IMG_6760.jpg,train,resize,resized_duplicate,Supported,High,same filename; 369x277->640x480; LANCZOS RGB MAE=14.4494; 64x64 luminance correlation=0.997496
img_6761,IMG_6761.jpg,train,original,IMG_6761.jpg,train,resize,resized_duplicate,Supported,High,same filename; 369x277->640x480; LANCZOS RGB MAE=14.9854; 64x64 luminance correlation=0.998145
img_6762,IMG_6762.jpg,train,original,IMG_6762.jpg,train,resize,resized_duplicate,Supported,High,same filename; 369x277->640x480; LANCZOS RGB MAE=14.6889; 64x64 luminance correlation=0.998321
img_6763,IMG_6763.jpg,train,original,IMG_6763.jpg,train,resize,resized_duplicate,Supported,High,same filename; 369x277->640x480; LANCZOS RGB MAE=12.8927; 64x64 luminance correlation=0.99831
img_6764,IMG_6764.jpg,train,original,IMG_6764.jpg,train,resize,resized_duplicate,Supported,High,same filename; 369x277->640x480; LANCZOS RGB MAE=12.3108; 64x64 luminance correlation=0.998508
img_6765,IMG_6765.jpg,train,original,IMG_6765.jpg,train,resize,resized_duplicate,Supported,High,same filename; 369x277->640x480; LANCZOS RGB MAE=15.9036; 64x64 luminance correlation=0.99827
img_6770,IMG_6770.jpg,train,original,IMG_6770.jpg,train,resize,resized_duplicate,Supported,High,same filename; 369x277->640x480; LANCZOS RGB MAE=13.0729; 64x64 luminance correlation=0.998674
img_6773,IMG_6773.jpg,train,original,IMG_6773.jpg,train,resize,resized_duplicate,Supported,High,same filename; 369x277->640x480; LANCZOS RGB MAE=13.6849; 64x64 luminance correlation=0.998375
img_6775,IMG_6775.jpg,train,original,IMG_6775.jpg,train,resize,resized_duplicate,Supported,High,same filename; 369x277->640x480; LANCZOS RGB MAE=15.413; 64x64 luminance correlation=0.998043
img_6776,IMG_6776.jpg,train,original,IMG_6776.jpg,train,resize,resized_duplicate,Supported,High,same filename; 369x277->640x480; LANCZOS RGB MAE=14.565; 64x64 luminance correlation=0.998517
img_6777,IMG_6777.jpg,train,original,IMG_6777.jpg,train,resize,resized_duplicate,Supported,High,same filename; 369x277->640x480; LANCZOS RGB MAE=15.1187; 64x64 luminance correlation=0.998542
img_6783,IMG_6783.jpg,train,original,IMG_6783.jpg,train,resize,resized_duplicate,Supported,High,same filename; 369x277->640x480; LANCZOS RGB MAE=9.1353; 64x64 luminance correlation=0.998962
img_6785,IMG_6785.jpg,train,original,IMG_6785.jpg,train,resize,resized_duplicate,Supported,High,same filename; 369x277->640x480; LANCZOS RGB MAE=12.0412; 64x64 luminance correlation=0.998417
img_6786,IMG_6786.jpg,train,original,IMG_6786.jpg,train,resize,resized_duplicate,Supported,High,same filename; 369x277->640x480; LANCZOS RGB MAE=11.7228; 64x64 luminance correlation=0.998626
img_6788,IMG_6788.jpg,train,original,IMG_6788.jpg,train,resize,resized_duplicate,Supported,High,same filename; 369x277->640x480; LANCZOS RGB MAE=14.8782; 64x64 luminance correlation=0.998527
img_6789,IMG_6789.jpg,train,original,IMG_6789.jpg,train,resize,resized_duplicate,Supported,High,same filename; 369x277->640x480; LANCZOS RGB MAE=12.94; 64x64 luminance correlation=0.998317
img_6790,IMG_6790.jpg,train,original,IMG_6790.jpg,train,resize,resized_duplicate,Supported,High,same filename; 369x277->640x480; LANCZOS RGB MAE=11.9161; 64x64 luminance correlation=0.998458
img_6791,IMG_6791.jpg,train,original,IMG_6791.jpg,train,resize,resized_duplicate,Supported,High,same filename; 369x277->640x480; LANCZOS RGB MAE=12.9903; 64x64 luminance correlation=0.998308
img_6792,IMG_6792.jpg,train,original,IMG_6792.jpg,train,resize,resized_duplicate,Supported,High,same filename; 369x277->640x480; LANCZOS RGB MAE=14.4277; 64x64 luminance correlation=0.997662
img_6793,IMG_6793.jpg,train,original,IMG_6793.jpg,train,resize,resized_duplicate,Supported,High,same filename; 369x277->640x480; LANCZOS RGB MAE=14.0844; 64x64 luminance correlation=0.998287
img_6794,IMG_6794.jpg,train,original,IMG_6794.jpg,train,resize,resized_duplicate,Supported,High,same filename; 369x277->640x480; LANCZOS RGB MAE=13.8175; 64x64 luminance correlation=0.998362
img_6795,IMG_6795.jpg,train,original,IMG_6795.jpg,train,resize,resized_duplicate,Supported,High,same filename; 369x277->640x480; LANCZOS RGB MAE=11.9971; 64x64 luminance correlation=0.998407
img_6796,IMG_6796.jpg,train,original,IMG_6796.jpg,train,resize,resized_duplicate,Supported,High,same filename; 369x277->640x480; LANCZOS RGB MAE=9.1468; 64x64 luminance correlation=0.998935
img_6797,IMG_6797.jpg,train,original,IMG_6797.jpg,train,resize,resized_duplicate,Supported,High,same filename; 369x277->640x480; LANCZOS RGB MAE=11.2782; 64x64 luminance correlation=0.998651
img_6798,IMG_6798.jpg,train,original,IMG_6798.jpg,train,resize,resized_duplicate,Supported,High,same filename; 369x277->640x480; LANCZOS RGB MAE=12.7163; 64x64 luminance correlation=0.998362
img_6802,IMG_6802.jpg,train,original,IMG_6802.jpg,train,resize,resized_duplicate,Supported,High,same filename; 369x277->640x480; LANCZOS RGB MAE=10.8387; 64x64 luminance correlation=0.998704
img_6805,IMG_6805.jpg,train,original,IMG_6805.jpg,train,resize,resized_duplicate,Supported,High,same filename; 369x277->640x480; LANCZOS RGB MAE=12.2098; 64x64 luminance correlation=0.998758
img_6808,IMG_6808.jpg,train,original,IMG_6808.jpg,train,resize,resized_duplicate,Supported,High,same filename; 369x277->640x480; LANCZOS RGB MAE=9.7763; 64x64 luminance correlation=0.998396
img_6810,IMG_6810.jpg,train,original,IMG_6810.jpg,train,resize,resized_duplicate,Supported,High,same filename; 369x277->640x480; LANCZOS RGB MAE=9.7858; 64x64 luminance correlation=0.998885
img_6811,IMG_6811.jpg,train,original,IMG_6811.jpg,train,resize,resized_duplicate,Supported,High,same filename; 369x277->640x480; LANCZOS RGB MAE=10.176; 64x64 luminance correlation=0.998879
img_6813,IMG_6813.jpg,train,original,IMG_6813.jpg,train,resize,resized_duplicate,Supported,High,same filename; 369x277->640x480; LANCZOS RGB MAE=10.6419; 64x64 luminance correlation=0.998598
img_6814,IMG_6814.jpg,train,original,IMG_6814.jpg,train,resize,resized_duplicate,Supported,High,same filename; 369x277->640x480; LANCZOS RGB MAE=10.2626; 64x64 luminance correlation=0.998489
img_6817,IMG_6817.jpg,train,original,IMG_6817.jpg,train,resize,resized_duplicate,Supported,High,same filename; 369x277->640x480; LANCZOS RGB MAE=8.6621; 64x64 luminance correlation=0.998948
img_6818,IMG_6818.jpg,train,original,IMG_6818.jpg,train,resize,resized_duplicate,Supported,High,same filename; 369x277->640x480; LANCZOS RGB MAE=9.6212; 64x64 luminance correlation=0.998584
img_6820,IMG_6820.jpg,train,original,IMG_6820.jpg,train,resize,resized_duplicate,Supported,High,same filename; 369x277->640x480; LANCZOS RGB MAE=6.9845; 64x64 luminance correlation=0.999084
img_6822,IMG_6822.jpg,train,original,IMG_6822.jpg,train,resize,resized_duplicate,Supported,High,same filename; 369x277->640x480; LANCZOS RGB MAE=9.7994; 64x64 luminance correlation=0.998739
img_6823,IMG_6823.jpg,train,original,IMG_6823.jpg,train,resize,resized_duplicate,Supported,High,same filename; 369x277->640x480; LANCZOS RGB MAE=9.8376; 64x64 luminance correlation=0.998817
img_6824,IMG_6824.jpg,train,original,IMG_6824.jpg,train,resize,resized_duplicate,Supported,High,same filename; 369x277->640x480; LANCZOS RGB MAE=11.695; 64x64 luminance correlation=0.998713
img_6825,IMG_6825.jpg,train,original,IMG_6825.jpg,train,resize,resized_duplicate,Supported,High,same filename; 369x277->640x480; LANCZOS RGB MAE=8.6269; 64x64 luminance correlation=0.999155
img_6828,IMG_6828.jpg,train,original,IMG_6828.jpg,train,resize,resized_duplicate,Supported,High,same filename; 369x277->640x480; LANCZOS RGB MAE=9.9454; 64x64 luminance correlation=0.998727
img_6830,IMG_6830.jpg,train,original,IMG_6830.jpg,train,resize,resized_duplicate,Supported,High,same filename; 369x277->640x480; LANCZOS RGB MAE=12.1058; 64x64 luminance correlation=0.998703
img_6831,IMG_6831.jpg,train,original,IMG_6831.jpg,train,resize,resized_duplicate,Supported,High,same filename; 369x277->640x480; LANCZOS RGB MAE=11.3833; 64x64 luminance correlation=0.99851
img_6832,IMG_6832.jpg,train,original,IMG_6832.jpg,train,resize,resized_duplicate,Supported,High,same filename; 369x277->640x480; LANCZOS RGB MAE=11.1401; 64x64 luminance correlation=0.998898
img_6834,IMG_6834.jpg,train,original,IMG_6834.jpg,train,resize,resized_duplicate,Supported,High,same filename; 369x277->640x480; LANCZOS RGB MAE=7.0144; 64x64 luminance correlation=0.999206
img_6835,IMG_6835.jpg,train,original,IMG_6835.jpg,train,resize,resized_duplicate,Supported,High,same filename; 369x277->640x480; LANCZOS RGB MAE=8.8165; 64x64 luminance correlation=0.998602
img_6836,IMG_6836.jpg,train,original,IMG_6836.jpg,train,resize,resized_duplicate,Supported,High,same filename; 369x277->640x480; LANCZOS RGB MAE=7.8198; 64x64 luminance correlation=0.999323
img_6837,IMG_6837.jpg,train,original,IMG_6837.jpg,train,resize,resized_duplicate,Supported,High,same filename; 369x277->640x480; LANCZOS RGB MAE=7.8142; 64x64 luminance correlation=0.999365
img_6838,IMG_6838.jpg,train,original,IMG_6838.jpg,train,resize,resized_duplicate,Supported,High,same filename; 369x277->640x480; LANCZOS RGB MAE=7.3482; 64x64 luminance correlation=0.99919
img_6840,IMG_6840.jpg,train,original,IMG_6840.jpg,train,resize,resized_duplicate,Supported,High,same filename; 369x277->640x480; LANCZOS RGB MAE=6.5629; 64x64 luminance correlation=0.998999
img_6842,IMG_6842.jpg,train,original,IMG_6842.jpg,train,resize,resized_duplicate,Supported,High,same filename; 369x277->640x480; LANCZOS RGB MAE=13.6445; 64x64 luminance correlation=0.998522
img_6843,IMG_6843.jpg,train,original,IMG_6843.jpg,train,resize,resized_duplicate,Supported,High,same filename; 369x277->640x480; LANCZOS RGB MAE=16.0871; 64x64 luminance correlation=0.998491
img_6845,IMG_6845.jpg,train,original,IMG_6845.jpg,train,resize,resized_duplicate,Supported,High,same filename; 369x277->640x480; LANCZOS RGB MAE=16.6911; 64x64 luminance correlation=0.998158
img_6846,IMG_6846.jpg,train,original,IMG_6846.jpg,train,resize,resized_duplicate,Supported,High,same filename; 369x277->640x480; LANCZOS RGB MAE=11.1319; 64x64 luminance correlation=0.998787
img_6847,IMG_6847.jpg,train,original,IMG_6847.jpg,train,resize,resized_duplicate,Supported,High,same filename; 369x277->640x480; LANCZOS RGB MAE=13.267; 64x64 luminance correlation=0.998668
img_6848,IMG_6848.jpg,train,original,IMG_6848.jpg,train,resize,resized_duplicate,Supported,High,same filename; 369x277->640x480; LANCZOS RGB MAE=14.9575; 64x64 luminance correlation=0.998299
img_6849,IMG_6849.jpg,train,original,IMG_6849.jpg,train,resize,resized_duplicate,Supported,High,same filename; 369x277->640x480; LANCZOS RGB MAE=12.0691; 64x64 luminance correlation=0.998282
img_6850,IMG_6850.jpg,train,original,IMG_6850.jpg,train,resize,resized_duplicate,Supported,High,same filename; 369x277->640x480; LANCZOS RGB MAE=13.9512; 64x64 luminance correlation=0.998199
img_6851,IMG_6851.jpg,train,original,IMG_6851.jpg,train,resize,resized_duplicate,Supported,High,same filename; 369x277->640x480; LANCZOS RGB MAE=11.0776; 64x64 luminance correlation=0.998587
img_6854,IMG_6854.jpg,train,original,IMG_6854.jpg,train,resize,resized_duplicate,Supported,High,same filename; 369x277->640x480; LANCZOS RGB MAE=11.4261; 64x64 luminance correlation=0.998923
img_6856,IMG_6856.jpg,train,original,IMG_6856.jpg,train,resize,resized_duplicate,Supported,High,same filename; 369x277->640x480; LANCZOS RGB MAE=12.0055; 64x64 luminance correlation=0.99877
img_6858,IMG_6858.jpg,train,original,IMG_6858.jpg,train,resize,resized_duplicate,Supported,High,same filename; 369x277->640x480; LANCZOS RGB MAE=9.6338; 64x64 luminance correlation=0.999004
img_6860,IMG_6860.jpg,train,original,IMG_6860.jpg,train,resize,resized_duplicate,Supported,High,same filename; 369x277->640x480; LANCZOS RGB MAE=11.3401; 64x64 luminance correlation=0.998635
img_6862,IMG_6862.jpg,train,original,IMG_6862.jpg,train,resize,resized_duplicate,Supported,High,same filename; 369x277->640x480; LANCZOS RGB MAE=10.8534; 64x64 luminance correlation=0.998492
img_6863,IMG_6863.jpg,train,original,IMG_6863.jpg,train,resize,resized_duplicate,Supported,High,same filename; 369x277->640x480; LANCZOS RGB MAE=10.0394; 64x64 luminance correlation=0.998809
img_6864,IMG_6864.jpg,train,original,IMG_6864.jpg,train,resize,resized_duplicate,Supported,High,same filename; 369x277->640x480; LANCZOS RGB MAE=8.8781; 64x64 luminance correlation=0.998932
img_6865,IMG_6865.jpg,train,original,IMG_6865.jpg,train,resize,resized_duplicate,Supported,High,same filename; 369x277->640x480; LANCZOS RGB MAE=7.4718; 64x64 luminance correlation=0.999368
img_6866,IMG_6866.jpg,train,original,IMG_6866.jpg,train,resize,resized_duplicate,Supported,High,same filename; 369x277->640x480; LANCZOS RGB MAE=7.7492; 64x64 luminance correlation=0.999105
img_6867,IMG_6867.jpg,train,original,IMG_6867.jpg,train,resize,resized_duplicate,Supported,High,same filename; 369x277->640x480; LANCZOS RGB MAE=9.5048; 64x64 luminance correlation=0.998876
img_6870,IMG_6870.jpg,train,original,IMG_6870.jpg,train,resize,resized_duplicate,Supported,High,same filename; 369x277->640x480; LANCZOS RGB MAE=10.1002; 64x64 luminance correlation=0.999076
img_6871,IMG_6871.jpg,train,original,IMG_6871.jpg,train,resize,resized_duplicate,Supported,High,same filename; 369x277->640x480; LANCZOS RGB MAE=8.2497; 64x64 luminance correlation=0.999326
img_6872,IMG_6872.jpg,train,original,IMG_6872.jpg,train,resize,resized_duplicate,Supported,High,same filename; 369x277->640x480; LANCZOS RGB MAE=12.7286; 64x64 luminance correlation=0.99907
img_6874,IMG_6874.jpg,train,original,IMG_6874.jpg,train,resize,resized_duplicate,Supported,High,same filename; 369x277->640x480; LANCZOS RGB MAE=14.2014; 64x64 luminance correlation=0.99815
img_6875,IMG_6875.jpg,train,original,IMG_6875.jpg,train,resize,resized_duplicate,Supported,High,same filename; 369x277->640x480; LANCZOS RGB MAE=9.4992; 64x64 luminance correlation=0.998669
img_6876,IMG_6876.jpg,train,original,IMG_6876.jpg,train,resize,resized_duplicate,Supported,High,same filename; 369x277->640x480; LANCZOS RGB MAE=7.6112; 64x64 luminance correlation=0.999197
img_6877,IMG_6877.jpg,train,original,IMG_6877.jpg,train,resize,resized_duplicate,Supported,High,same filename; 369x277->640x480; LANCZOS RGB MAE=8.6689; 64x64 luminance correlation=0.999218
img_6878,IMG_6878.jpg,train,original,IMG_6878.jpg,train,resize,resized_duplicate,Supported,High,same filename; 369x277->640x480; LANCZOS RGB MAE=8.7368; 64x64 luminance correlation=0.99911
img_6880,IMG_6880.jpg,train,original,IMG_6880.jpg,train,resize,resized_duplicate,Supported,High,same filename; 369x277->640x480; LANCZOS RGB MAE=9.9891; 64x64 luminance correlation=0.99876
img_6881,IMG_6881.jpg,train,original,IMG_6881.jpg,train,resize,resized_duplicate,Supported,High,same filename; 369x277->640x480; LANCZOS RGB MAE=5.4563; 64x64 luminance correlation=0.999468
img_6884,IMG_6884.jpg,train,original,IMG_6884.jpg,train,resize,resized_duplicate,Supported,High,same filename; 369x277->640x480; LANCZOS RGB MAE=10.1528; 64x64 luminance correlation=0.998876
img_6886,IMG_6886.jpg,train,original,IMG_6886.jpg,train,resize,resized_duplicate,Supported,High,same filename; 369x277->640x480; LANCZOS RGB MAE=10.2222; 64x64 luminance correlation=0.998663
img_6887,IMG_6887.jpg,train,original,IMG_6887.jpg,train,resize,resized_duplicate,Supported,High,same filename; 369x277->640x480; LANCZOS RGB MAE=12.1957; 64x64 luminance correlation=0.998769
img_6888,IMG_6888.jpg,train,original,IMG_6888.jpg,train,resize,resized_duplicate,Supported,High,same filename; 369x277->640x480; LANCZOS RGB MAE=11.1892; 64x64 luminance correlation=0.998874
img_6889,IMG_6889.jpg,train,original,IMG_6889.jpg,train,resize,resized_duplicate,Supported,High,same filename; 369x277->640x480; LANCZOS RGB MAE=11.0147; 64x64 luminance correlation=0.99875
img_6890,IMG_6890.jpg,train,original,IMG_6890.jpg,train,resize,resized_duplicate,Supported,High,same filename; 369x277->640x480; LANCZOS RGB MAE=9.984; 64x64 luminance correlation=0.999451
img_6891,IMG_6891.jpg,train,original,IMG_6891.jpg,train,resize,resized_duplicate,Supported,High,same filename; 369x277->640x480; LANCZOS RGB MAE=10.2727; 64x64 luminance correlation=0.998255
img_6892,IMG_6892.jpg,train,original,IMG_6892.jpg,train,resize,resized_duplicate,Supported,High,same filename; 369x277->640x480; LANCZOS RGB MAE=8.6707; 64x64 luminance correlation=0.998572
img_6893,IMG_6893.jpg,train,original,IMG_6893.jpg,train,resize,resized_duplicate,Supported,High,same filename; 369x277->640x480; LANCZOS RGB MAE=14.2368; 64x64 luminance correlation=0.998383
img_6894,IMG_6894.jpg,train,original,IMG_6894.jpg,train,resize,resized_duplicate,Supported,High,same filename; 369x277->640x480; LANCZOS RGB MAE=14.8673; 64x64 luminance correlation=0.998385
img_6896,IMG_6896.jpg,train,original,IMG_6896.jpg,train,resize,resized_duplicate,Supported,High,same filename; 369x277->640x480; LANCZOS RGB MAE=11.5551; 64x64 luminance correlation=0.998585
img_6898,IMG_6898.jpg,train,original,IMG_6898.jpg,train,resize,resized_duplicate,Supported,High,same filename; 369x277->640x480; LANCZOS RGB MAE=5.0406; 64x64 luminance correlation=0.998786
img_6899,IMG_6899.jpg,train,original,IMG_6899.jpg,train,resize,resized_duplicate,Supported,High,same filename; 369x277->640x480; LANCZOS RGB MAE=7.9573; 64x64 luminance correlation=0.999007
img_6900,IMG_6900.jpg,train,original,IMG_6900.jpg,train,resize,resized_duplicate,Supported,High,same filename; 369x277->640x480; LANCZOS RGB MAE=11.0366; 64x64 luminance correlation=0.998661
img_6901,IMG_6901.jpg,train,original,IMG_6901.jpg,train,resize,resized_duplicate,Supported,High,same filename; 369x277->640x480; LANCZOS RGB MAE=12.6096; 64x64 luminance correlation=0.998448
img_6902,IMG_6902.jpg,train,original,IMG_6902.jpg,train,resize,resized_duplicate,Supported,High,same filename; 369x277->640x480; LANCZOS RGB MAE=13.0971; 64x64 luminance correlation=0.998169
img_6903,IMG_6903.jpg,train,original,IMG_6903.jpg,train,resize,resized_duplicate,Supported,High,same filename; 369x277->640x480; LANCZOS RGB MAE=12.318; 64x64 luminance correlation=0.998375
img_6904,IMG_6904.jpg,train,original,IMG_6904.jpg,train,resize,resized_duplicate,Supported,High,same filename; 369x277->640x480; LANCZOS RGB MAE=13.529; 64x64 luminance correlation=0.998584
img_6905,IMG_6905.jpg,train,original,IMG_6905.jpg,train,resize,resized_duplicate,Supported,High,same filename; 369x277->640x480; LANCZOS RGB MAE=10.3276; 64x64 luminance correlation=0.99876
img_6906,IMG_6906.jpg,train,original,IMG_6906.jpg,train,resize,resized_duplicate,Supported,High,same filename; 369x277->640x480; LANCZOS RGB MAE=13.3569; 64x64 luminance correlation=0.997954
img_6907,IMG_6907.jpg,train,original,IMG_6907.jpg,train,resize,resized_duplicate,Supported,High,same filename; 369x277->640x480; LANCZOS RGB MAE=15.2516; 64x64 luminance correlation=0.99819
img_6908,IMG_6908.jpg,train,original,IMG_6908.jpg,train,resize,resized_duplicate,Supported,High,same filename; 369x277->640x480; LANCZOS RGB MAE=15.9838; 64x64 luminance correlation=0.998111
img_6909,IMG_6909.jpg,train,original,IMG_6909.jpg,train,resize,resized_duplicate,Supported,High,same filename; 369x277->640x480; LANCZOS RGB MAE=6.8816; 64x64 luminance correlation=0.999117
img_6910,IMG_6910.jpg,train,original,IMG_6910.jpg,train,resize,resized_duplicate,Supported,High,same filename; 369x277->640x480; LANCZOS RGB MAE=11.6932; 64x64 luminance correlation=0.998462
img_6911,IMG_6911.jpg,train,original,IMG_6911.jpg,train,resize,resized_duplicate,Supported,High,same filename; 369x277->640x480; LANCZOS RGB MAE=10.4834; 64x64 luminance correlation=0.998749
img_6912,IMG_6912.jpg,train,original,IMG_6912.jpg,train,resize,resized_duplicate,Supported,High,same filename; 369x277->640x480; LANCZOS RGB MAE=10.8707; 64x64 luminance correlation=0.998992
img_6913,IMG_6913.jpg,train,original,IMG_6913.jpg,train,resize,resized_duplicate,Supported,High,same filename; 369x277->640x480; LANCZOS RGB MAE=10.6438; 64x64 luminance correlation=0.999014
img_6914,IMG_6914.jpg,train,original,IMG_6914.jpg,train,resize,resized_duplicate,Supported,High,same filename; 369x277->640x480; LANCZOS RGB MAE=10.07; 64x64 luminance correlation=0.999038
img_6915,IMG_6915.jpg,train,original,IMG_6915.jpg,train,resize,resized_duplicate,Supported,High,same filename; 369x277->640x480; LANCZOS RGB MAE=11.7461; 64x64 luminance correlation=0.999145
img_6916,IMG_6916.jpg,train,original,IMG_6916.jpg,train,resize,resized_duplicate,Supported,High,same filename; 369x277->640x480; LANCZOS RGB MAE=11.643; 64x64 luminance correlation=0.998676
img_6917,IMG_6917.jpg,train,original,IMG_6917.jpg,train,resize,resized_duplicate,Supported,High,same filename; 369x277->640x480; LANCZOS RGB MAE=12.2918; 64x64 luminance correlation=0.998386
img_6918,IMG_6918.jpg,train,original,IMG_6918.jpg,train,resize,resized_duplicate,Supported,High,same filename; 369x277->640x480; LANCZOS RGB MAE=11.8305; 64x64 luminance correlation=0.998317
img_6921,IMG_6921.jpg,train,original,IMG_6921.jpg,train,resize,resized_duplicate,Supported,High,same filename; 369x277->640x480; LANCZOS RGB MAE=15.4677; 64x64 luminance correlation=0.998246
img_6922,IMG_6922.jpg,train,original,IMG_6922.jpg,train,resize,resized_duplicate,Supported,High,same filename; 369x277->640x480; LANCZOS RGB MAE=13.7702; 64x64 luminance correlation=0.998504
img_6923,IMG_6923.jpg,train,original,IMG_6923.jpg,train,resize,resized_duplicate,Supported,High,same filename; 369x277->640x480; LANCZOS RGB MAE=7.873; 64x64 luminance correlation=0.99898
img_6924,IMG_6924.jpg,train,original,IMG_6924.jpg,train,resize,resized_duplicate,Supported,High,same filename; 369x277->640x480; LANCZOS RGB MAE=9.9966; 64x64 luminance correlation=0.998654
img_6925,IMG_6925.jpg,train,original,IMG_6925.jpg,train,resize,resized_duplicate,Supported,High,same filename; 369x277->640x480; LANCZOS RGB MAE=11.1996; 64x64 luminance correlation=0.998861
img_6926,IMG_6926.jpg,train,original,IMG_6926.jpg,train,resize,resized_duplicate,Supported,High,same filename; 369x277->640x480; LANCZOS RGB MAE=12.3313; 64x64 luminance correlation=0.998353
img_6927,IMG_6927.jpg,train,original,IMG_6927.jpg,train,resize,resized_duplicate,Supported,High,same filename; 369x277->640x480; LANCZOS RGB MAE=10.8532; 64x64 luminance correlation=0.998538
img_6928,IMG_6928.jpg,train,original,IMG_6928.jpg,train,resize,resized_duplicate,Supported,High,same filename; 369x277->640x480; LANCZOS RGB MAE=9.625; 64x64 luminance correlation=0.998604
img_6929,IMG_6929.jpg,train,original,IMG_6929.jpg,train,resize,resized_duplicate,Supported,High,same filename; 369x277->640x480; LANCZOS RGB MAE=9.6965; 64x64 luminance correlation=0.998516
img_6930,IMG_6930.jpg,train,original,IMG_6930.jpg,train,resize,resized_duplicate,Supported,High,same filename; 369x277->640x480; LANCZOS RGB MAE=8.7908; 64x64 luminance correlation=0.998757
img_6931,IMG_6931.jpg,train,original,IMG_6931.jpg,train,resize,resized_duplicate,Supported,High,same filename; 369x277->640x480; LANCZOS RGB MAE=9.8177; 64x64 luminance correlation=0.998601
img_6932,IMG_6932.jpg,train,original,IMG_6932.jpg,train,resize,resized_duplicate,Supported,High,same filename; 369x277->640x480; LANCZOS RGB MAE=9.8127; 64x64 luminance correlation=0.998588
img_6933,IMG_6933.jpg,train,original,IMG_6933.jpg,train,resize,resized_duplicate,Supported,High,same filename; 369x277->640x480; LANCZOS RGB MAE=12.4927; 64x64 luminance correlation=0.998161
img_6934,IMG_6934.jpg,train,original,IMG_6934.jpg,train,resize,resized_duplicate,Supported,High,same filename; 369x277->640x480; LANCZOS RGB MAE=11.1389; 64x64 luminance correlation=0.998788
img_6935,IMG_6935.jpg,train,original,IMG_6935.jpg,train,resize,resized_duplicate,Supported,High,same filename; 369x277->640x480; LANCZOS RGB MAE=10.4187; 64x64 luminance correlation=0.99909
img_6936,IMG_6936.jpg,train,original,IMG_6936.jpg,train,resize,resized_duplicate,Supported,High,same filename; 369x277->640x480; LANCZOS RGB MAE=10.1707; 64x64 luminance correlation=0.998415
img_6937,IMG_6937.jpg,train,original,IMG_6937.jpg,train,resize,resized_duplicate,Supported,High,same filename; 369x277->640x480; LANCZOS RGB MAE=10.6076; 64x64 luminance correlation=0.999269
img_6939,IMG_6939.jpg,train,original,IMG_6939.jpg,train,resize,resized_duplicate,Supported,High,same filename; 369x277->640x480; LANCZOS RGB MAE=10.1921; 64x64 luminance correlation=0.999229
img_6940,IMG_6940.jpg,train,original,IMG_6940.jpg,train,resize,resized_duplicate,Supported,High,same filename; 369x277->640x480; LANCZOS RGB MAE=7.6525; 64x64 luminance correlation=0.999485
img_6942,IMG_6942.jpg,train,original,IMG_6942.jpg,train,resize,resized_duplicate,Supported,High,same filename; 369x277->640x480; LANCZOS RGB MAE=7.8585; 64x64 luminance correlation=0.999312
img_6943,IMG_6943.jpg,train,original,IMG_6943.jpg,train,resize,resized_duplicate,Supported,High,same filename; 369x277->640x480; LANCZOS RGB MAE=12.5017; 64x64 luminance correlation=0.998967
img_6946,IMG_6946.jpg,train,original,IMG_6946.jpg,train,resize,resized_duplicate,Supported,High,same filename; 369x277->640x480; LANCZOS RGB MAE=7.6941; 64x64 luminance correlation=0.999487
img_6948,IMG_6948.jpg,train,original,IMG_6948.jpg,train,resize,resized_duplicate,Supported,High,same filename; 369x277->640x480; LANCZOS RGB MAE=12.306; 64x64 luminance correlation=0.998972
img_6950,IMG_6950.jpg,train,original,IMG_6950.jpg,train,resize,resized_duplicate,Supported,High,same filename; 369x277->640x480; LANCZOS RGB MAE=8.964; 64x64 luminance correlation=0.999106
img_6951,IMG_6951.jpg,train,original,IMG_6951.jpg,train,resize,resized_duplicate,Supported,High,same filename; 369x277->640x480; LANCZOS RGB MAE=14.4628; 64x64 luminance correlation=0.999112
img_6953,IMG_6953.jpg,train,original,IMG_6953.jpg,train,resize,resized_duplicate,Supported,High,same filename; 369x277->640x480; LANCZOS RGB MAE=6.3715; 64x64 luminance correlation=0.999342
img_6954,IMG_6954.jpg,train,original,IMG_6954.jpg,train,resize,resized_duplicate,Supported,High,same filename; 369x277->640x480; LANCZOS RGB MAE=10.7873; 64x64 luminance correlation=0.998903
img_6955,IMG_6955.jpg,train,original,IMG_6955.jpg,train,resize,resized_duplicate,Supported,High,same filename; 369x277->640x480; LANCZOS RGB MAE=12.1671; 64x64 luminance correlation=0.998507
img_6956,IMG_6956.jpg,train,original,IMG_6956.jpg,train,resize,resized_duplicate,Supported,High,same filename; 369x277->640x480; LANCZOS RGB MAE=9.5979; 64x64 luminance correlation=0.998807
img_6958,IMG_6958.jpg,train,original,IMG_6958.jpg,train,resize,resized_duplicate,Supported,High,same filename; 369x277->640x480; LANCZOS RGB MAE=11.6891; 64x64 luminance correlation=0.998384
img_6959,IMG_6959.jpg,train,original,IMG_6959.jpg,train,resize,resized_duplicate,Supported,High,same filename; 369x277->640x480; LANCZOS RGB MAE=11.0352; 64x64 luminance correlation=0.999079
img_6961,IMG_6961.jpg,train,original,IMG_6961.jpg,train,resize,resized_duplicate,Supported,High,same filename; 369x277->640x480; LANCZOS RGB MAE=11.9557; 64x64 luminance correlation=0.998387
img_6962,IMG_6962.jpg,train,original,IMG_6962.jpg,train,resize,resized_duplicate,Supported,High,same filename; 369x277->640x480; LANCZOS RGB MAE=8.0208; 64x64 luminance correlation=0.999173
img_6963,IMG_6963.jpg,train,original,IMG_6963.jpg,train,resize,resized_duplicate,Supported,High,same filename; 369x277->640x480; LANCZOS RGB MAE=8.107; 64x64 luminance correlation=0.999356
img_6964,IMG_6964.jpg,train,original,IMG_6964.jpg,train,resize,resized_duplicate,Supported,High,same filename; 369x277->640x480; LANCZOS RGB MAE=7.5116; 64x64 luminance correlation=0.999269
img_6965,IMG_6965.jpg,train,original,IMG_6965.jpg,train,resize,resized_duplicate,Supported,High,same filename; 369x277->640x480; LANCZOS RGB MAE=10.709; 64x64 luminance correlation=0.999161
img_6968,IMG_6968.jpg,train,original,IMG_6968.jpg,train,resize,resized_duplicate,Supported,High,same filename; 369x277->640x480; LANCZOS RGB MAE=13.1417; 64x64 luminance correlation=0.998844
img_6969,IMG_6969.jpg,train,original,IMG_6969.jpg,train,resize,resized_duplicate,Supported,High,same filename; 369x277->640x480; LANCZOS RGB MAE=10.6323; 64x64 luminance correlation=0.998654
img_6970,IMG_6970.jpg,train,original,IMG_6970.jpg,train,resize,resized_duplicate,Supported,High,same filename; 369x277->640x480; LANCZOS RGB MAE=12.2692; 64x64 luminance correlation=0.998511
img_6971,IMG_6971.jpg,train,original,IMG_6971.jpg,train,resize,resized_duplicate,Supported,High,same filename; 369x277->640x480; LANCZOS RGB MAE=12.8567; 64x64 luminance correlation=0.99851
img_6972,IMG_6972.jpg,train,original,IMG_6972.jpg,train,resize,resized_duplicate,Supported,High,same filename; 369x277->640x480; LANCZOS RGB MAE=13.4285; 64x64 luminance correlation=0.998381
img_6973,IMG_6973.jpg,train,original,IMG_6973.jpg,train,resize,resized_duplicate,Supported,High,same filename; 369x277->640x480; LANCZOS RGB MAE=16.3849; 64x64 luminance correlation=0.998101
img_6974,IMG_6974.jpg,train,original,IMG_6974.jpg,train,resize,resized_duplicate,Supported,High,same filename; 369x277->640x480; LANCZOS RGB MAE=11.385; 64x64 luminance correlation=0.998708
img_6983,IMG_6983.jpg,train,original,IMG_6983.jpg,train,resize,resized_duplicate,Supported,High,same filename; 369x277->640x480; LANCZOS RGB MAE=9.9637; 64x64 luminance correlation=0.998806
img_6984,IMG_6984.jpg,train,original,IMG_6984.jpg,train,resize,resized_duplicate,Supported,High,same filename; 369x277->640x480; LANCZOS RGB MAE=9.9343; 64x64 luminance correlation=0.998379
img_6985,IMG_6985.jpg,train,original,IMG_6985.jpg,train,resize,resized_duplicate,Supported,High,same filename; 369x277->640x480; LANCZOS RGB MAE=9.6658; 64x64 luminance correlation=0.999308
img_6987,IMG_6987.jpg,train,original,IMG_6987.jpg,train,resize,resized_duplicate,Supported,High,same filename; 369x277->640x480; LANCZOS RGB MAE=8.9029; 64x64 luminance correlation=0.99925
img_6988,IMG_6988.jpg,train,original,IMG_6988.jpg,train,resize,resized_duplicate,Supported,High,same filename; 369x277->640x480; LANCZOS RGB MAE=11.3101; 64x64 luminance correlation=0.998456
img_6990,IMG_6990.jpg,train,original,IMG_6990.jpg,train,resize,resized_duplicate,Supported,High,same filename; 369x277->640x480; LANCZOS RGB MAE=10.091; 64x64 luminance correlation=0.998923
img_6992,IMG_6992.jpg,train,original,IMG_6992.jpg,train,resize,resized_duplicate,Supported,High,same filename; 369x277->640x480; LANCZOS RGB MAE=8.8434; 64x64 luminance correlation=0.99908
img_6994,IMG_6994.jpg,train,original,IMG_6994.jpg,train,resize,resized_duplicate,Supported,High,same filename; 369x277->640x480; LANCZOS RGB MAE=7.8189; 64x64 luminance correlation=0.998874
img_6995,IMG_6995.jpg,train,original,IMG_6995.jpg,train,resize,resized_duplicate,Supported,High,same filename; 369x277->640x480; LANCZOS RGB MAE=7.3881; 64x64 luminance correlation=0.998708
img_6997,IMG_6997.jpg,train,original,IMG_6997.jpg,train,resize,resized_duplicate,Supported,High,same filename; 369x277->640x480; LANCZOS RGB MAE=8.0957; 64x64 luminance correlation=0.998844
img_6999,IMG_6999.jpg,train,original,IMG_6999.jpg,train,resize,resized_duplicate,Supported,High,same filename; 369x277->640x480; LANCZOS RGB MAE=11.1129; 64x64 luminance correlation=0.998892
img_7001,IMG_7001.jpg,train,original,IMG_7001.jpg,train,resize,resized_duplicate,Supported,High,same filename; 369x277->640x480; LANCZOS RGB MAE=10.5996; 64x64 luminance correlation=0.998828
img_7003,IMG_7003.jpg,train,original,IMG_7003.jpg,train,resize,resized_duplicate,Supported,High,same filename; 369x277->640x480; LANCZOS RGB MAE=13.0777; 64x64 luminance correlation=0.998245
img_7004,IMG_7004.jpg,train,original,IMG_7004.jpg,train,resize,resized_duplicate,Supported,High,same filename; 369x277->640x480; LANCZOS RGB MAE=9.0194; 64x64 luminance correlation=0.99874
img_7007,IMG_7007.jpg,train,original,IMG_7007.jpg,train,resize,resized_duplicate,Supported,High,same filename; 369x277->640x480; LANCZOS RGB MAE=9.875; 64x64 luminance correlation=0.998203
img_7009,IMG_7009.jpg,train,original,IMG_7009.jpg,train,resize,resized_duplicate,Supported,High,same filename; 369x277->640x480; LANCZOS RGB MAE=6.5936; 64x64 luminance correlation=0.999181
img_7010,IMG_7010.jpg,train,original,IMG_7010.jpg,train,resize,resized_duplicate,Supported,High,same filename; 369x277->640x480; LANCZOS RGB MAE=8.7174; 64x64 luminance correlation=0.998952
img_7012,IMG_7012.jpg,train,original,IMG_7012.jpg,train,resize,resized_duplicate,Supported,High,same filename; 369x277->640x480; LANCZOS RGB MAE=9.5793; 64x64 luminance correlation=0.9989
img_7015,IMG_7015.jpg,train,original,IMG_7015.jpg,train,resize,resized_duplicate,Supported,High,same filename; 369x277->640x480; LANCZOS RGB MAE=7.7526; 64x64 luminance correlation=0.999196
img_7017,IMG_7017.jpg,train,original,IMG_7017.jpg,train,resize,resized_duplicate,Supported,High,same filename; 369x277->640x480; LANCZOS RGB MAE=8.7384; 64x64 luminance correlation=0.999103
img_7018,IMG_7018.jpg,train,original,IMG_7018.jpg,train,resize,resized_duplicate,Supported,High,same filename; 369x277->640x480; LANCZOS RGB MAE=8.2723; 64x64 luminance correlation=0.999089
img_7019,IMG_7019.jpg,train,original,IMG_7019.jpg,train,resize,resized_duplicate,Supported,High,same filename; 369x277->640x480; LANCZOS RGB MAE=8.8453; 64x64 luminance correlation=0.999009
img_7021,IMG_7021.jpg,train,original,IMG_7021.jpg,train,resize,resized_duplicate,Supported,High,same filename; 369x277->640x480; LANCZOS RGB MAE=7.6438; 64x64 luminance correlation=0.999385
img_7022,IMG_7022.jpg,train,original,IMG_7022.jpg,train,resize,resized_duplicate,Supported,High,same filename; 369x277->640x480; LANCZOS RGB MAE=7.451; 64x64 luminance correlation=0.999313
img_7023,IMG_7023.jpg,train,original,IMG_7023.jpg,train,resize,resized_duplicate,Supported,High,same filename; 369x277->640x480; LANCZOS RGB MAE=8.8679; 64x64 luminance correlation=0.99912
img_7024,IMG_7024.jpg,train,original,IMG_7024.jpg,train,resize,resized_duplicate,Supported,High,same filename; 369x277->640x480; LANCZOS RGB MAE=10.185; 64x64 luminance correlation=0.998883
img_7025,IMG_7025.jpg,train,original,IMG_7025.jpg,train,resize,resized_duplicate,Supported,High,same filename; 369x277->640x480; LANCZOS RGB MAE=8.6669; 64x64 luminance correlation=0.998874
img_7027,IMG_7027.jpg,train,original,IMG_7027.jpg,train,resize,resized_duplicate,Supported,High,same filename; 369x277->640x480; LANCZOS RGB MAE=10.7736; 64x64 luminance correlation=0.99895
img_7028,IMG_7028.jpg,train,original,IMG_7028.jpg,train,resize,resized_duplicate,Supported,High,same filename; 369x277->640x480; LANCZOS RGB MAE=9.663; 64x64 luminance correlation=0.99919
img_7030,IMG_7030.jpg,train,original,IMG_7030.jpg,train,resize,resized_duplicate,Supported,High,same filename; 369x277->640x480; LANCZOS RGB MAE=6.7604; 64x64 luminance correlation=0.998833
img_7031,IMG_7031.jpg,train,original,IMG_7031.jpg,train,resize,resized_duplicate,Supported,High,same filename; 369x277->640x480; LANCZOS RGB MAE=10.0521; 64x64 luminance correlation=0.998968
img_7033,IMG_7033.jpg,train,original,IMG_7033.jpg,train,resize,resized_duplicate,Supported,High,same filename; 369x277->640x480; LANCZOS RGB MAE=8.0259; 64x64 luminance correlation=0.998597
img_7034,IMG_7034.jpg,train,original,IMG_7034.jpg,train,resize,resized_duplicate,Supported,High,same filename; 369x277->640x480; LANCZOS RGB MAE=7.4516; 64x64 luminance correlation=0.999232
img_7036,IMG_7036.jpg,train,original,IMG_7036.jpg,train,resize,resized_duplicate,Supported,High,same filename; 369x277->640x480; LANCZOS RGB MAE=7.8622; 64x64 luminance correlation=0.999219
img_7037,IMG_7037.jpg,train,original,IMG_7037.jpg,train,resize,resized_duplicate,Supported,High,same filename; 369x277->640x480; LANCZOS RGB MAE=7.8555; 64x64 luminance correlation=0.999275
img_7038,IMG_7038.jpg,train,original,IMG_7038.jpg,train,resize,resized_duplicate,Supported,High,same filename; 369x277->640x480; LANCZOS RGB MAE=7.6229; 64x64 luminance correlation=0.999353
img_7039,IMG_7039.jpg,train,original,IMG_7039.jpg,train,resize,resized_duplicate,Supported,High,same filename; 369x277->640x480; LANCZOS RGB MAE=7.357; 64x64 luminance correlation=0.999428
img_7040,IMG_7040.jpg,train,original,IMG_7040.jpg,train,resize,resized_duplicate,Supported,High,same filename; 369x277->640x480; LANCZOS RGB MAE=7.6661; 64x64 luminance correlation=0.999538
img_7042,IMG_7042.jpg,train,original,IMG_7042.jpg,train,resize,resized_duplicate,Supported,High,same filename; 369x277->640x480; LANCZOS RGB MAE=7.3934; 64x64 luminance correlation=0.999275
img_7043,IMG_7043.jpg,train,original,IMG_7043.jpg,train,resize,resized_duplicate,Supported,High,same filename; 369x277->640x480; LANCZOS RGB MAE=7.7323; 64x64 luminance correlation=0.999216
img_7046,IMG_7046.jpg,train,original,IMG_7046.jpg,train,resize,resized_duplicate,Supported,High,same filename; 369x277->640x480; LANCZOS RGB MAE=10.9129; 64x64 luminance correlation=0.998434
img_7047,IMG_7047.jpg,train,original,IMG_7047.jpg,train,resize,resized_duplicate,Supported,High,same filename; 369x277->640x480; LANCZOS RGB MAE=8.5502; 64x64 luminance correlation=0.999632
img_7048,IMG_7048.jpg,train,original,IMG_7048.jpg,train,resize,resized_duplicate,Supported,High,same filename; 369x277->640x480; LANCZOS RGB MAE=8.9695; 64x64 luminance correlation=0.999577
img_7050,IMG_7050.jpg,train,original,IMG_7050.jpg,train,resize,resized_duplicate,Supported,High,same filename; 369x277->640x480; LANCZOS RGB MAE=10.7278; 64x64 luminance correlation=0.998808
img_7052,IMG_7052.jpg,train,original,IMG_7052.jpg,train,resize,resized_duplicate,Supported,High,same filename; 369x277->640x480; LANCZOS RGB MAE=8.0095; 64x64 luminance correlation=0.998971
img_7052,IMG_7052_brightness.jpg,train,original,IMG_7052_brightness.jpg,train,resize,resized_duplicate,Supported,High,same filename; 369x277->640x480; LANCZOS RGB MAE=8.6807; 64x64 luminance correlation=0.999025
img_7054,IMG_7054.jpg,train,original,IMG_7054.jpg,train,resize,resized_duplicate,Supported,High,same filename; 369x277->640x480; LANCZOS RGB MAE=9.5932; 64x64 luminance correlation=0.998748
img_7055,IMG_7055.jpg,train,original,IMG_7055.jpg,train,resize,resized_duplicate,Supported,High,same filename; 369x277->640x480; LANCZOS RGB MAE=8.9209; 64x64 luminance correlation=0.998909
img_7056,IMG_7056.jpg,train,original,IMG_7056.jpg,train,resize,resized_duplicate,Supported,High,same filename; 369x277->640x480; LANCZOS RGB MAE=9.4106; 64x64 luminance correlation=0.998674
img_7058,IMG_7058.jpg,train,original,IMG_7058.jpg,train,resize,resized_duplicate,Supported,High,same filename; 369x277->640x480; LANCZOS RGB MAE=13.766; 64x64 luminance correlation=0.99887
img_7060,IMG_7060.jpg,train,original,IMG_7060.jpg,train,resize,resized_duplicate,Supported,High,same filename; 369x277->640x480; LANCZOS RGB MAE=13.7892; 64x64 luminance correlation=0.998073
img_7061,IMG_7061.jpg,train,original,IMG_7061.jpg,train,resize,resized_duplicate,Supported,High,same filename; 369x277->640x480; LANCZOS RGB MAE=14.052; 64x64 luminance correlation=0.997557
img_7063,IMG_7063.jpg,train,original,IMG_7063.jpg,train,resize,resized_duplicate,Supported,High,same filename; 369x277->640x480; LANCZOS RGB MAE=7.2257; 64x64 luminance correlation=0.999083
img_7065,IMG_7065.jpg,train,original,IMG_7065.jpg,train,resize,resized_duplicate,Supported,High,same filename; 369x277->640x480; LANCZOS RGB MAE=5.8178; 64x64 luminance correlation=0.999249
img_7066,IMG_7066.jpg,train,original,IMG_7066.jpg,train,resize,resized_duplicate,Supported,High,same filename; 369x277->640x480; LANCZOS RGB MAE=6.4406; 64x64 luminance correlation=0.999041
img_7067,IMG_7067.jpg,train,original,IMG_7067.jpg,train,resize,resized_duplicate,Supported,High,same filename; 369x277->640x480; LANCZOS RGB MAE=7.0045; 64x64 luminance correlation=0.998894
img_7069,IMG_7069.jpg,train,original,IMG_7069.jpg,train,resize,resized_duplicate,Supported,High,same filename; 369x277->640x480; LANCZOS RGB MAE=8.3801; 64x64 luminance correlation=0.99901
img_7070,IMG_7070.jpg,train,original,IMG_7070.jpg,train,resize,resized_duplicate,Supported,High,same filename; 369x277->640x480; LANCZOS RGB MAE=9.8059; 64x64 luminance correlation=0.998573
img_7073,IMG_7073.jpg,train,original,IMG_7073.jpg,train,resize,resized_duplicate,Supported,High,same filename; 369x277->640x480; LANCZOS RGB MAE=9.9611; 64x64 luminance correlation=0.999131
img_7075,IMG_7075.jpg,train,original,IMG_7075.jpg,train,resize,resized_duplicate,Supported,High,same filename; 369x277->640x480; LANCZOS RGB MAE=9.1358; 64x64 luminance correlation=0.998905
img_7359,IMG_7359.jpg,train,original,IMG_7359.jpg,train,resize,resized_duplicate,Supported,High,same filename; 369x277->640x480; LANCZOS RGB MAE=10.4625; 64x64 luminance correlation=0.998963
img_7360,IMG_7360.jpg,train,original,IMG_7360.jpg,train,resize,resized_duplicate,Supported,High,same filename; 369x277->640x480; LANCZOS RGB MAE=11.2918; 64x64 luminance correlation=0.998828
img_7361,IMG_7361.jpg,train,original,IMG_7361.jpg,train,resize,resized_duplicate,Supported,High,same filename; 369x277->640x480; LANCZOS RGB MAE=10.8407; 64x64 luminance correlation=0.998875
img_7362,IMG_7362.jpg,train,original,IMG_7362.jpg,train,resize,resized_duplicate,Supported,High,same filename; 369x277->640x480; LANCZOS RGB MAE=10.4823; 64x64 luminance correlation=0.999071
107,107.jpg,val,original,107.jpg,val,resize,resized_duplicate,Supported,High,same filename; 369x277->640x480; LANCZOS RGB MAE=8.4218; 64x64 luminance correlation=0.998501
1090,1090.jpg,val,original,1090.jpg,val,resize,resized_duplicate,Supported,High,same filename; 369x277->640x480; LANCZOS RGB MAE=6.4804; 64x64 luminance correlation=0.998954
111,111.jpg,val,original,111.jpg,val,resize,resized_duplicate,Supported,High,same filename; 369x277->640x480; LANCZOS RGB MAE=4.0035; 64x64 luminance correlation=0.99952
1130,1130.jpg,val,original,1130.jpg,val,resize,resized_duplicate,Supported,High,same filename; 369x277->640x480; LANCZOS RGB MAE=6.0159; 64x64 luminance correlation=0.999297
114,114.jpg,val,original,114.jpg,val,resize,resized_duplicate,Supported,High,same filename; 369x277->640x480; LANCZOS RGB MAE=4.6529; 64x64 luminance correlation=0.999369
1180,1180.jpg,val,original,1180.jpg,val,resize,resized_duplicate,Supported,High,same filename; 369x277->640x480; LANCZOS RGB MAE=3.4987; 64x64 luminance correlation=0.999766
1210,1210.jpg,val,original,1210.jpg,val,resize,resized_duplicate,Supported,High,same filename; 369x277->640x480; LANCZOS RGB MAE=5.5878; 64x64 luminance correlation=0.99959
1220,1220.jpg,val,original,1220.jpg,val,resize,resized_duplicate,Supported,High,same filename; 369x277->640x480; LANCZOS RGB MAE=9.8649; 64x64 luminance correlation=0.999204
1290,1290_noise.jpg,val,original,1290_noise.jpg,val,resize,resized_duplicate,Supported,High,same filename; 369x277->640x480; LANCZOS RGB MAE=7.8019; 64x64 luminance correlation=0.999127
1310,1310_noise.jpg,val,original,1310_noise.jpg,val,resize,resized_duplicate,Supported,High,same filename; 369x277->640x480; LANCZOS RGB MAE=6.4052; 64x64 luminance correlation=0.999494
1360,1360_brightness.jpg,val,original,1360_brightness.jpg,val,resize,resized_duplicate,Supported,High,same filename; 369x277->640x480; LANCZOS RGB MAE=9.196; 64x64 luminance correlation=0.999375
1400,1400_noise.jpg,val,original,1400_noise.jpg,val,resize,resized_duplicate,Supported,High,same filename; 369x277->640x480; LANCZOS RGB MAE=7.4924; 64x64 luminance correlation=0.999109
1450,1450_brightness.jpg,val,original,1450_brightness.jpg,val,resize,resized_duplicate,Supported,High,same filename; 369x277->640x480; LANCZOS RGB MAE=5.722; 64x64 luminance correlation=0.999606
1460,1460_noise.jpg,val,original,1460_noise.jpg,val,resize,resized_duplicate,Supported,High,same filename; 369x277->640x480; LANCZOS RGB MAE=5.5998; 64x64 luminance correlation=0.999609
1550,1550_noise.jpg,val,original,1550_noise.jpg,val,resize,resized_duplicate,Supported,High,same filename; 369x277->640x480; LANCZOS RGB MAE=8.5641; 64x64 luminance correlation=0.999499
1560,1560_brightness.jpg,val,original,1560_brightness.jpg,val,resize,resized_duplicate,Supported,High,same filename; 369x277->640x480; LANCZOS RGB MAE=4.2257; 64x64 luminance correlation=0.999674
1560,1560_noise.jpg,val,original,1560_noise.jpg,val,resize,resized_duplicate,Supported,High,same filename; 369x277->640x480; LANCZOS RGB MAE=5.4891; 64x64 luminance correlation=0.99966
166,166.jpg,val,original,166.jpg,val,resize,resized_duplicate,Supported,High,same filename; 369x277->640x480; LANCZOS RGB MAE=6.9962; 64x64 luminance correlation=0.999112
170,170.jpg,val,original,170.jpg,val,resize,resized_duplicate,Supported,High,same filename; 277x369->480x640; LANCZOS RGB MAE=7.3949; 64x64 luminance correlation=0.999403
172,172_noise.jpg,val,original,172_noise.jpg,val,resize,resized_duplicate,Unresolved,Unknown,same filename; 277x326->480x640; LANCZOS RGB MAE=36.4767; 64x64 luminance correlation=0.768708
1770,1770_noise.jpg,val,original,1770_noise.jpg,val,resize,resized_duplicate,Supported,High,same filename; 277x369->480x640; LANCZOS RGB MAE=10.125; 64x64 luminance correlation=0.999201
1870,1870.jpg,val,original,1870.jpg,val,resize,resized_duplicate,Supported,High,same filename; 277x369->480x640; LANCZOS RGB MAE=5.1729; 64x64 luminance correlation=0.999624
192,192_brightness.jpg,val,original,192_brightness.jpg,val,resize,resized_duplicate,Supported,High,same filename; 369x277->640x480; LANCZOS RGB MAE=10.84; 64x64 luminance correlation=0.998673
194,194_noise.jpg,val,original,194_noise.jpg,val,resize,resized_duplicate,Supported,High,same filename; 369x277->640x480; LANCZOS RGB MAE=7.6039; 64x64 luminance correlation=0.998837
2040,2040_brightness.jpg,val,original,2040_brightness.jpg,val,resize,resized_duplicate,Supported,High,same filename; 369x277->640x480; LANCZOS RGB MAE=6.0675; 64x64 luminance correlation=0.999384
207,207_noise.jpg,val,original,207_noise.jpg,val,resize,resized_duplicate,Supported,High,same filename; 369x277->640x480; LANCZOS RGB MAE=6.7197; 64x64 luminance correlation=0.999255
2150,2150_brightness.jpg,val,original,2150_brightness.jpg,val,resize,resized_duplicate,Supported,High,same filename; 369x277->640x480; LANCZOS RGB MAE=5.0122; 64x64 luminance correlation=0.999286
2150,2150_noise.jpg,val,original,2150_noise.jpg,val,resize,resized_duplicate,Supported,High,same filename; 369x277->640x480; LANCZOS RGB MAE=6.1768; 64x64 luminance correlation=0.999271
22000,22000.jpg,val,original,22000.jpg,val,resize,resized_duplicate,Supported,High,same filename; 369x277->640x480; LANCZOS RGB MAE=11.596; 64x64 luminance correlation=0.998844
2200,2200_brightness.jpg,val,original,2200_brightness.jpg,val,resize,resized_duplicate,Supported,High,same filename; 369x277->640x480; LANCZOS RGB MAE=5.2482; 64x64 luminance correlation=0.999373
2210,2210_brightness.jpg,val,original,2210_brightness.jpg,val,resize,resized_duplicate,Supported,High,same filename; 369x277->640x480; LANCZOS RGB MAE=4.9734; 64x64 luminance correlation=0.999541
223,223_noise.jpg,val,original,223_noise.jpg,val,resize,resized_duplicate,Supported,High,same filename; 369x277->640x480; LANCZOS RGB MAE=5.5758; 64x64 luminance correlation=0.999373
227,227_brightness.jpg,val,original,227_brightness.jpg,val,resize,resized_duplicate,Supported,High,same filename; 369x277->640x480; LANCZOS RGB MAE=6.2235; 64x64 luminance correlation=0.999532
2340,2340_noise.jpg,val,original,2340_noise.jpg,val,resize,resized_duplicate,Supported,High,same filename; 369x277->640x480; LANCZOS RGB MAE=5.942; 64x64 luminance correlation=0.999581
2400,2400_noise.jpg,val,original,2400_noise.jpg,val,resize,resized_duplicate,Supported,High,same filename; 369x277->640x480; LANCZOS RGB MAE=6.4269; 64x64 luminance correlation=0.999489
251,251_brightness.jpg,val,original,251_brightness.jpg,val,resize,resized_duplicate,Supported,High,same filename; 369x277->640x480; LANCZOS RGB MAE=4.9152; 64x64 luminance correlation=0.999147
2520,2520_brightness.jpg,val,original,2520_brightness.jpg,val,resize,resized_duplicate,Supported,High,same filename; 369x277->640x480; LANCZOS RGB MAE=10.2544; 64x64 luminance correlation=0.998936
256,256_noise.jpg,val,original,256_noise.jpg,val,resize,resized_duplicate,Supported,High,same filename; 369x277->640x480; LANCZOS RGB MAE=6.1016; 64x64 luminance correlation=0.999586
2590,2590_brightness.jpg,val,original,2590_brightness.jpg,val,resize,resized_duplicate,Supported,High,same filename; 369x277->640x480; LANCZOS RGB MAE=4.739; 64x64 luminance correlation=0.998965
2640,2640_brightness.jpg,val,original,2640_brightness.jpg,val,resize,resized_duplicate,Supported,High,same filename; 369x277->640x480; LANCZOS RGB MAE=4.1898; 64x64 luminance correlation=0.999698
2640,2640_noise.jpg,val,original,2640_noise.jpg,val,resize,resized_duplicate,Supported,High,same filename; 369x277->640x480; LANCZOS RGB MAE=5.4895; 64x64 luminance correlation=0.999684
266,266_noise.jpg,val,original,266_noise.jpg,val,resize,resized_duplicate,Supported,High,same filename; 369x277->640x480; LANCZOS RGB MAE=9.9859; 64x64 luminance correlation=0.999043
267,267_noise.jpg,val,original,267_noise.jpg,val,resize,resized_duplicate,Supported,High,same filename; 369x277->640x480; LANCZOS RGB MAE=6.1576; 64x64 luminance correlation=0.999376
2710,2710_brightness.jpg,val,original,2710_brightness.jpg,val,resize,resized_duplicate,Supported,High,same filename; 369x277->640x480; LANCZOS RGB MAE=7.282; 64x64 luminance correlation=0.999467
288,288_noise.jpg,val,original,288_noise.jpg,val,resize,resized_duplicate,Supported,High,same filename; 369x277->640x480; LANCZOS RGB MAE=11.9229; 64x64 luminance correlation=0.998915
2910,2910_brightness.jpg,val,original,2910_brightness.jpg,val,resize,resized_duplicate,Supported,High,same filename; 369x277->640x480; LANCZOS RGB MAE=6.168; 64x64 luminance correlation=0.999552
2950,2950_brightness.jpg,val,original,2950_brightness.jpg,val,resize,resized_duplicate,Supported,High,same filename; 369x277->640x480; LANCZOS RGB MAE=6.5648; 64x64 luminance correlation=0.999429
2950,2950_noise.jpg,val,original,2950_noise.jpg,val,resize,resized_duplicate,Supported,High,same filename; 369x277->640x480; LANCZOS RGB MAE=7.3968; 64x64 luminance correlation=0.999426
2970,2970_noise.jpg,val,original,2970_noise.jpg,val,resize,resized_duplicate,Supported,High,same filename; 277x369->480x640; LANCZOS RGB MAE=8.0007; 64x64 luminance correlation=0.999254
3110,3110_brightness.jpg,val,original,3110_brightness.jpg,val,resize,resized_duplicate,Supported,High,same filename; 369x277->640x480; LANCZOS RGB MAE=4.9977; 64x64 luminance correlation=0.999321
3210,3210.jpg,val,original,3210.jpg,val,resize,resized_duplicate,Supported,High,same filename; 369x277->640x480; LANCZOS RGB MAE=11.9841; 64x64 luminance correlation=0.99823
3310,3310.jpg,val,original,3310.jpg,val,resize,resized_duplicate,Supported,High,same filename; 369x277->640x480; LANCZOS RGB MAE=10.0329; 64x64 luminance correlation=0.998359
3320,3320.jpg,val,original,3320.jpg,val,resize,resized_duplicate,Supported,High,same filename; 369x277->640x480; LANCZOS RGB MAE=12.534; 64x64 luminance correlation=0.998418
336,336.jpg,val,original,336.jpg,val,resize,resized_duplicate,Supported,High,same filename; 277x369->480x640; LANCZOS RGB MAE=13.6851; 64x64 luminance correlation=0.998158
340,340.jpg,val,original,340.jpg,val,resize,resized_duplicate,Supported,High,same filename; 369x277->640x480; LANCZOS RGB MAE=6.0062; 64x64 luminance correlation=0.998365
3450,3450.jpg,val,original,3450.jpg,val,resize,resized_duplicate,Supported,High,same filename; 369x277->640x480; LANCZOS RGB MAE=9.0102; 64x64 luminance correlation=0.998511
3460,3460.jpg,val,original,3460.jpg,val,resize,resized_duplicate,Supported,High,same filename; 369x277->640x480; LANCZOS RGB MAE=6.4396; 64x64 luminance correlation=0.999238
3720,3720.jpg,val,original,3720.jpg,val,resize,resized_duplicate,Supported,High,same filename; 277x369->480x640; LANCZOS RGB MAE=7.1953; 64x64 luminance correlation=0.999284
379,379.jpg,val,original,379.jpg,val,resize,resized_duplicate,Supported,High,same filename; 277x369->480x640; LANCZOS RGB MAE=5.0781; 64x64 luminance correlation=0.99943
3810,3810.jpg,val,original,3810.jpg,val,resize,resized_duplicate,Supported,High,same filename; 277x369->480x640; LANCZOS RGB MAE=3.6995; 64x64 luminance correlation=0.999296
384,384.jpg,val,original,384.jpg,val,resize,resized_duplicate,Supported,High,same filename; 277x369->480x640; LANCZOS RGB MAE=11.1152; 64x64 luminance correlation=0.998759
385,385.jpg,val,original,385.jpg,val,resize,resized_duplicate,Supported,High,same filename; 369x277->640x480; LANCZOS RGB MAE=3.7739; 64x64 luminance correlation=0.999432
3860,3860.jpg,val,original,3860.jpg,val,resize,resized_duplicate,Supported,High,same filename; 277x369->480x640; LANCZOS RGB MAE=4.1628; 64x64 luminance correlation=0.999581
3870,3870.jpg,val,original,3870.jpg,val,resize,resized_duplicate,Supported,High,same filename; 277x369->480x640; LANCZOS RGB MAE=10.4884; 64x64 luminance correlation=0.998993
3880,3880.jpg,val,original,3880.jpg,val,resize,resized_duplicate,Supported,High,same filename; 277x369->480x640; LANCZOS RGB MAE=9.5942; 64x64 luminance correlation=0.999082
397,397.jpg,val,original,397.jpg,val,resize,resized_duplicate,Supported,High,same filename; 277x369->480x640; LANCZOS RGB MAE=7.3722; 64x64 luminance correlation=0.999266
411,411.jpg,val,original,411.jpg,val,resize,resized_duplicate,Supported,High,same filename; 369x277->640x480; LANCZOS RGB MAE=11.2635; 64x64 luminance correlation=0.999041
4141,4141.jpg,val,original,4141.jpg,val,resize,resized_duplicate,Supported,High,same filename; 277x369->480x640; LANCZOS RGB MAE=7.8919; 64x64 luminance correlation=0.999385
416,416.jpg,val,original,416.jpg,val,resize,resized_duplicate,Supported,High,same filename; 369x277->640x480; LANCZOS RGB MAE=4.2245; 64x64 luminance correlation=0.998636
78,78.jpg,val,original,78.jpg,val,resize,resized_duplicate,Supported,High,same filename; 277x369->480x640; LANCZOS RGB MAE=7.0682; 64x64 luminance correlation=0.998546
79,79.jpg,val,original,79.jpg,val,resize,resized_duplicate,Supported,High,same filename; 277x369->480x640; LANCZOS RGB MAE=8.2845; 64x64 luminance correlation=0.999144
8100,8100.jpg,val,original,8100.jpg,val,resize,resized_duplicate,Supported,High,same filename; 277x369->480x640; LANCZOS RGB MAE=11.207; 64x64 luminance correlation=0.998729
img_12330,IMG_12330.jpg,val,original,IMG_12330.jpg,val,resize,resized_duplicate,Supported,High,same filename; 404x303->640x480; LANCZOS RGB MAE=1.2641; 64x64 luminance correlation=0.999958
img_12400,IMG_12400.jpg,val,original,IMG_12400.jpg,val,resize,resized_duplicate,Supported,High,same filename; 404x303->640x480; LANCZOS RGB MAE=1.3743; 64x64 luminance correlation=0.999938
img_12460,IMG_12460.jpg,val,original,IMG_12460.jpg,val,resize,resized_duplicate,Supported,High,same filename; 404x303->640x480; LANCZOS RGB MAE=1.291; 64x64 luminance correlation=0.999965
img_12590,IMG_12590.jpg,val,original,IMG_12590.jpg,val,resize,resized_duplicate,Supported,High,same filename; 404x303->640x480; LANCZOS RGB MAE=1.4826; 64x64 luminance correlation=0.999832
img_1260,IMG_1260.jpg,val,original,IMG_1260.jpg,val,resize,resized_duplicate,Supported,High,same filename; 404x303->640x480; LANCZOS RGB MAE=1.3833; 64x64 luminance correlation=0.999896
img_12650,IMG_12650.jpg,val,original,IMG_12650.jpg,val,resize,resized_duplicate,Supported,High,same filename; 404x303->640x480; LANCZOS RGB MAE=1.4154; 64x64 luminance correlation=0.999932
img_12720,IMG_12720.jpg,val,original,IMG_12720.jpg,val,resize,resized_duplicate,Supported,High,same filename; 404x303->640x480; LANCZOS RGB MAE=1.356; 64x64 luminance correlation=0.999924
img_12810,IMG_12810.jpg,val,original,IMG_12810.jpg,val,resize,resized_duplicate,Supported,High,same filename; 404x303->640x480; LANCZOS RGB MAE=1.021; 64x64 luminance correlation=0.999974
img_13180,IMG_13180.jpg,val,original,IMG_13180.jpg,val,resize,resized_duplicate,Supported,High,same filename; 404x303->640x480; LANCZOS RGB MAE=1.3109; 64x64 luminance correlation=0.999969
img_13220,IMG_13220.jpg,val,original,IMG_13220.jpg,val,resize,resized_duplicate,Supported,High,same filename; 404x303->640x480; LANCZOS RGB MAE=1.2041; 64x64 luminance correlation=0.999952
img_13380,IMG_13380.jpg,val,original,IMG_13380.jpg,val,resize,resized_duplicate,Supported,High,same filename; 404x303->640x480; LANCZOS RGB MAE=1.208; 64x64 luminance correlation=0.99994
img_13650,IMG_13650_noise.jpg,val,original,IMG_13650_noise.jpg,val,resize,resized_duplicate,Supported,High,same filename; 404x303->640x480; LANCZOS RGB MAE=2.0769; 64x64 luminance correlation=0.999972
img_13700,IMG_13700.jpg,val,original,IMG_13700.jpg,val,resize,resized_duplicate,Supported,High,same filename; 404x303->640x480; LANCZOS RGB MAE=1.2488; 64x64 luminance correlation=0.999945
img_1381,IMG_1381.jpg,val,original,IMG_1381.jpg,val,resize,resized_duplicate,Supported,High,same filename; 404x303->640x480; LANCZOS RGB MAE=1.6064; 64x64 luminance correlation=0.999886
img_1387,IMG_1387_noise.jpg,val,original,IMG_1387_noise.jpg,val,resize,resized_duplicate,Supported,High,same filename; 404x303->640x480; LANCZOS RGB MAE=2.1221; 64x64 luminance correlation=0.999959
img_1390,IMG_1390_brightness.jpg,val,original,IMG_1390_brightness.jpg,val,resize,resized_duplicate,Supported,High,same filename; 404x303->640x480; LANCZOS RGB MAE=1.0401; 64x64 luminance correlation=0.999976
img_13930,IMG_13930.jpg,val,original,IMG_13930.jpg,val,resize,resized_duplicate,Supported,High,same filename; 404x303->640x480; LANCZOS RGB MAE=1.3092; 64x64 luminance correlation=0.999966
img_13960,IMG_13960.jpg,val,original,IMG_13960.jpg,val,resize,resized_duplicate,Supported,High,same filename; 404x303->640x480; LANCZOS RGB MAE=1.4176; 64x64 luminance correlation=0.999927
img_14040,IMG_14040.jpg,val,original,IMG_14040.jpg,val,resize,resized_duplicate,Supported,High,same filename; 404x303->640x480; LANCZOS RGB MAE=1.2082; 64x64 luminance correlation=0.999912
img_1406,IMG_1406_brightness.jpg,val,original,IMG_1406_brightness.jpg,val,resize,resized_duplicate,Supported,High,same filename; 404x303->640x480; LANCZOS RGB MAE=1.4741; 64x64 luminance correlation=0.999934
img_1419,IMG_1419_noise.jpg,val,original,IMG_1419_noise.jpg,val,resize,resized_duplicate,Supported,High,same filename; 404x303->640x480; LANCZOS RGB MAE=2.0569; 64x64 luminance correlation=0.999975
img_1459,IMG_1459.jpg,val,original,IMG_1459.jpg,val,resize,resized_duplicate,Supported,High,same filename; 404x303->640x480; LANCZOS RGB MAE=1.1192; 64x64 luminance correlation=0.999977
img_1460,IMG_1460.jpg,val,original,IMG_1460.jpg,val,resize,resized_duplicate,Supported,High,same filename; 404x303->640x480; LANCZOS RGB MAE=1.2271; 64x64 luminance correlation=0.999957
img_5385,IMG_5385.jpg,val,original,IMG_5385.jpg,val,resize,resized_duplicate,Supported,High,same filename; 404x303->640x480; LANCZOS RGB MAE=1.4182; 64x64 luminance correlation=0.999952
img_54130,IMG_54130.jpg,val,original,IMG_54130.jpg,val,resize,resized_duplicate,Supported,High,same filename; 404x303->640x480; LANCZOS RGB MAE=1.4142; 64x64 luminance correlation=0.999952
img_5441,IMG_5441.jpg,val,original,IMG_5441.jpg,val,resize,resized_duplicate,Supported,High,same filename; 404x303->640x480; LANCZOS RGB MAE=1.7892; 64x64 luminance correlation=0.999921
img_54500,IMG_54500.jpg,val,original,IMG_54500.jpg,val,resize,resized_duplicate,Supported,High,same filename; 404x303->640x480; LANCZOS RGB MAE=1.4967; 64x64 luminance correlation=0.999941
img_5467,IMG_5467.jpg,val,original,IMG_5467.jpg,val,resize,resized_duplicate,Supported,High,same filename; 404x303->640x480; LANCZOS RGB MAE=1.6902; 64x64 luminance correlation=0.999866
img_5480,IMG_5480.jpg,val,original,IMG_5480.jpg,val,resize,resized_duplicate,Supported,High,same filename; 404x303->640x480; LANCZOS RGB MAE=1.2726; 64x64 luminance correlation=0.999919
img_54920,IMG_54920.jpg,val,original,IMG_54920.jpg,val,resize,resized_duplicate,Supported,High,same filename; 404x303->640x480; LANCZOS RGB MAE=1.4448; 64x64 luminance correlation=0.999959
img_54940,IMG_54940.jpg,val,original,IMG_54940.jpg,val,resize,resized_duplicate,Supported,High,same filename; 404x303->640x480; LANCZOS RGB MAE=1.7457; 64x64 luminance correlation=0.999774
img_55120,IMG_55120.jpg,val,original,IMG_55120.jpg,val,resize,resized_duplicate,Supported,High,same filename; 404x303->640x480; LANCZOS RGB MAE=1.5791; 64x64 luminance correlation=0.999923
img_55140,IMG_55140.jpg,val,original,IMG_55140.jpg,val,resize,resized_duplicate,Supported,High,same filename; 404x303->640x480; LANCZOS RGB MAE=1.4791; 64x64 luminance correlation=0.999922
img_55210,IMG_55210.jpg,val,original,IMG_55210.jpg,val,resize,resized_duplicate,Supported,High,same filename; 404x303->640x480; LANCZOS RGB MAE=1.4424; 64x64 luminance correlation=0.999904
img_55230,IMG_55230.jpg,val,original,IMG_55230.jpg,val,resize,resized_duplicate,Supported,High,same filename; 404x303->640x480; LANCZOS RGB MAE=1.2513; 64x64 luminance correlation=0.999967
img_55260,IMG_55260.jpg,val,original,IMG_55260.jpg,val,resize,resized_duplicate,Supported,High,same filename; 404x303->640x480; LANCZOS RGB MAE=1.607; 64x64 luminance correlation=0.999863
img_55270,IMG_55270.jpg,val,original,IMG_55270.jpg,val,resize,resized_duplicate,Supported,High,same filename; 404x303->640x480; LANCZOS RGB MAE=1.2417; 64x64 luminance correlation=0.99996
img_55630,IMG_55630.jpg,val,original,IMG_55630.jpg,val,resize,resized_duplicate,Supported,High,same filename; 404x303->640x480; LANCZOS RGB MAE=1.7976; 64x64 luminance correlation=0.999791
img_55730,IMG_55730.jpg,val,original,IMG_55730.jpg,val,resize,resized_duplicate,Supported,High,same filename; 404x303->640x480; LANCZOS RGB MAE=1.4635; 64x64 luminance correlation=0.99995
img_55880,IMG_55880.jpg,val,original,IMG_55880.jpg,val,resize,resized_duplicate,Supported,High,same filename; 404x303->640x480; LANCZOS RGB MAE=1.9888; 64x64 luminance correlation=0.999598
img_56300,IMG_56300.jpg,val,original,IMG_56300.jpg,val,resize,resized_duplicate,Supported,High,same filename; 404x303->640x480; LANCZOS RGB MAE=1.8414; 64x64 luminance correlation=0.999874
img_56310,IMG_56310.jpg,val,original,IMG_56310.jpg,val,resize,resized_duplicate,Supported,High,same filename; 404x303->640x480; LANCZOS RGB MAE=1.8391; 64x64 luminance correlation=0.999875
img_6772,IMG_6772.jpg,val,original,IMG_6772.jpg,val,resize,resized_duplicate,Supported,High,same filename; 369x277->640x480; LANCZOS RGB MAE=12.9826; 64x64 luminance correlation=0.998509
img_6780,IMG_6780.jpg,val,original,IMG_6780.jpg,val,resize,resized_duplicate,Supported,High,same filename; 369x277->640x480; LANCZOS RGB MAE=10.6744; 64x64 luminance correlation=0.999107
img_6782,IMG_6782.jpg,val,original,IMG_6782.jpg,val,resize,resized_duplicate,Supported,High,same filename; 369x277->640x480; LANCZOS RGB MAE=9.1014; 64x64 luminance correlation=0.999101
img_6800,IMG_6800.jpg,val,original,IMG_6800.jpg,val,resize,resized_duplicate,Supported,High,same filename; 369x277->640x480; LANCZOS RGB MAE=14.8482; 64x64 luminance correlation=0.99832
img_6801,IMG_6801.jpg,val,original,IMG_6801.jpg,val,resize,resized_duplicate,Supported,High,same filename; 369x277->640x480; LANCZOS RGB MAE=14.7452; 64x64 luminance correlation=0.998217
img_6803,IMG_6803.jpg,val,original,IMG_6803.jpg,val,resize,resized_duplicate,Supported,High,same filename; 369x277->640x480; LANCZOS RGB MAE=7.9979; 64x64 luminance correlation=0.999161
img_6806,IMG_6806.jpg,val,original,IMG_6806.jpg,val,resize,resized_duplicate,Supported,High,same filename; 369x277->640x480; LANCZOS RGB MAE=10.8739; 64x64 luminance correlation=0.998835
img_6809,IMG_6809.jpg,val,original,IMG_6809.jpg,val,resize,resized_duplicate,Supported,High,same filename; 369x277->640x480; LANCZOS RGB MAE=7.5458; 64x64 luminance correlation=0.99869
img_6815,IMG_6815.jpg,val,original,IMG_6815.jpg,val,resize,resized_duplicate,Supported,High,same filename; 369x277->640x480; LANCZOS RGB MAE=9.2138; 64x64 luminance correlation=0.998718
img_6833,IMG_6833.jpg,val,original,IMG_6833.jpg,val,resize,resized_duplicate,Supported,High,same filename; 369x277->640x480; LANCZOS RGB MAE=11.2788; 64x64 luminance correlation=0.998993
img_6839,IMG_6839.jpg,val,original,IMG_6839.jpg,val,resize,resized_duplicate,Supported,High,same filename; 369x277->640x480; LANCZOS RGB MAE=8.0537; 64x64 luminance correlation=0.999019
img_6882,IMG_6882.jpg,val,original,IMG_6882.jpg,val,resize,resized_duplicate,Supported,High,same filename; 369x277->640x480; LANCZOS RGB MAE=5.3588; 64x64 luminance correlation=0.999445
108,108.jpg,test,original,108.jpg,test,resize,resized_duplicate,Supported,High,same filename; 369x277->640x480; LANCZOS RGB MAE=8.4843; 64x64 luminance correlation=0.999214
115,115.jpg,test,original,115.jpg,test,resize,resized_duplicate,Supported,High,same filename; 369x277->640x480; LANCZOS RGB MAE=4.5193; 64x64 luminance correlation=0.999607
1170,1170.jpg,test,original,1170.jpg,test,resize,resized_duplicate,Supported,High,same filename; 369x277->640x480; LANCZOS RGB MAE=4.4221; 64x64 luminance correlation=0.999633
123,123.jpg,test,original,123.jpg,test,resize,resized_duplicate,Supported,High,same filename; 369x277->640x480; LANCZOS RGB MAE=4.3245; 64x64 luminance correlation=0.999518
1240,1240.jpg,test,original,1240.jpg,test,resize,resized_duplicate,Supported,High,same filename; 369x277->640x480; LANCZOS RGB MAE=3.9557; 64x64 luminance correlation=0.999211
1270,1270.jpg,test,original,1270.jpg,test,resize,resized_duplicate,Supported,High,same filename; 369x277->640x480; LANCZOS RGB MAE=4.3556; 64x64 luminance correlation=0.999591
1290,1290.jpg,test,original,1290.jpg,test,resize,resized_duplicate,Supported,High,same filename; 369x277->640x480; LANCZOS RGB MAE=6.6436; 64x64 luminance correlation=0.999126
138,138.jpg,test,original,138.jpg,test,resize,resized_duplicate,Supported,High,same filename; 369x277->640x480; LANCZOS RGB MAE=4.4882; 64x64 luminance correlation=0.999064
1400,1400.jpg,test,original,1400.jpg,test,resize,resized_duplicate,Supported,High,same filename; 369x277->640x480; LANCZOS RGB MAE=6.3132; 64x64 luminance correlation=0.999126
1410,1410.jpg,test,original,1410.jpg,test,resize,resized_duplicate,Supported,High,same filename; 369x277->640x480; LANCZOS RGB MAE=4.0331; 64x64 luminance correlation=0.99969
1420,1420.jpg,test,original,1420.jpg,test,resize,resized_duplicate,Supported,High,same filename; 369x277->640x480; LANCZOS RGB MAE=4.3081; 64x64 luminance correlation=0.999653
143,143.jpg,test,original,143.jpg,test,resize,resized_duplicate,Supported,High,same filename; 369x277->640x480; LANCZOS RGB MAE=4.4766; 64x64 luminance correlation=0.999369
150,150.jpg,test,original,150.jpg,test,resize,resized_duplicate,Supported,High,same filename; 369x277->640x480; LANCZOS RGB MAE=4.7253; 64x64 luminance correlation=0.999074
1520,1520.jpg,test,original,1520.jpg,test,resize,resized_duplicate,Supported,High,same filename; 369x277->640x480; LANCZOS RGB MAE=7.0183; 64x64 luminance correlation=0.999284
158,158.jpg,test,original,158.jpg,test,resize,resized_duplicate,Supported,High,same filename; 369x277->640x480; LANCZOS RGB MAE=9.3693; 64x64 luminance correlation=0.999336
1600,1600.jpg,test,original,1600.jpg,test,resize,resized_duplicate,Supported,High,same filename; 369x277->640x480; LANCZOS RGB MAE=7.8527; 64x64 luminance correlation=0.998925
1710,1710.jpg,test,original,1710.jpg,test,resize,resized_duplicate,Supported,High,same filename; 277x369->480x640; LANCZOS RGB MAE=7.1816; 64x64 luminance correlation=0.999494
172,172.jpg,test,original,172.jpg,test,resize,resized_duplicate,Supported,High,same filename; 277x369->480x640; LANCZOS RGB MAE=4.3429; 64x64 luminance correlation=0.99963
175,175.jpg,test,original,175.jpg,test,resize,resized_duplicate,Supported,High,same filename; 277x369->480x640; LANCZOS RGB MAE=5.7622; 64x64 luminance correlation=0.999354
1760,1760.jpg,test,original,1760.jpg,test,resize,resized_duplicate,Supported,High,same filename; 277x369->480x640; LANCZOS RGB MAE=3.1614; 64x64 luminance correlation=0.99967
182,182.jpg,test,original,182.jpg,test,resize,resized_duplicate,Supported,High,same filename; 277x369->480x640; LANCZOS RGB MAE=6.4152; 64x64 luminance correlation=0.999496
1840,1840.jpg,test,original,1840.jpg,test,resize,resized_duplicate,Supported,High,same filename; 277x369->480x640; LANCZOS RGB MAE=6.1261; 64x64 luminance correlation=0.999566
2040,2040.jpg,test,original,2040.jpg,test,resize,resized_duplicate,Supported,High,same filename; 369x277->640x480; LANCZOS RGB MAE=5.4226; 64x64 luminance correlation=0.999445
2050,2050.jpg,test,original,2050.jpg,test,resize,resized_duplicate,Supported,High,same filename; 369x277->640x480; LANCZOS RGB MAE=7.4214; 64x64 luminance correlation=0.999232
206,206.jpg,test,original,206.jpg,test,resize,resized_duplicate,Supported,High,same filename; 369x277->640x480; LANCZOS RGB MAE=4.9687; 64x64 luminance correlation=0.999364
2150,2150.jpg,test,original,2150.jpg,test,resize,resized_duplicate,Supported,High,same filename; 369x277->640x480; LANCZOS RGB MAE=4.5743; 64x64 luminance correlation=0.999259
2210,2210.jpg,test,original,2210.jpg,test,resize,resized_duplicate,Supported,High,same filename; 369x277->640x480; LANCZOS RGB MAE=4.4998; 64x64 luminance correlation=0.999522
227,227.jpg,test,original,227.jpg,test,resize,resized_duplicate,Supported,High,same filename; 369x277->640x480; LANCZOS RGB MAE=5.6442; 64x64 luminance correlation=0.999517
232,232.jpg,test,original,232.jpg,test,resize,resized_duplicate,Supported,High,same filename; 369x277->640x480; LANCZOS RGB MAE=3.5404; 64x64 luminance correlation=0.999602
2360,2360.jpg,test,original,2360.jpg,test,resize,resized_duplicate,Supported,High,same filename; 369x277->640x480; LANCZOS RGB MAE=6.7001; 64x64 luminance correlation=0.99912
2410,2410.jpg,test,original,2410.jpg,test,resize,resized_duplicate,Supported,High,same filename; 369x277->640x480; LANCZOS RGB MAE=3.906; 64x64 luminance correlation=0.999408
2450,2450.jpg,test,original,2450.jpg,test,resize,resized_duplicate,Supported,High,same filename; 369x277->640x480; LANCZOS RGB MAE=4.3582; 64x64 luminance correlation=0.999287
250,250.jpg,test,original,250.jpg,test,resize,resized_duplicate,Supported,High,same filename; 369x277->640x480; LANCZOS RGB MAE=5.4867; 64x64 luminance correlation=0.999228
255,255.jpg,test,original,255.jpg,test,resize,resized_duplicate,Supported,High,same filename; 369x277->640x480; LANCZOS RGB MAE=6.3603; 64x64 luminance correlation=0.999271
257,257.jpg,test,original,257.jpg,test,resize,resized_duplicate,Supported,High,same filename; 369x277->640x480; LANCZOS RGB MAE=8.3943; 64x64 luminance correlation=0.999432
2640,2640.jpg,test,original,2640.jpg,test,resize,resized_duplicate,Supported,High,same filename; 369x277->640x480; LANCZOS RGB MAE=3.7214; 64x64 luminance correlation=0.999687
267,267.jpg,test,original,267.jpg,test,resize,resized_duplicate,Supported,High,same filename; 369x277->640x480; LANCZOS RGB MAE=4.4766; 64x64 luminance correlation=0.999369
27,27.jpg,test,original,27.jpg,test,resize,resized_duplicate,Supported,High,same filename; 369x277->640x480; LANCZOS RGB MAE=11.0268; 64x64 luminance correlation=0.998803
2720,2720.jpg,test,original,2720.jpg,test,resize,resized_duplicate,Supported,High,same filename; 369x277->640x480; LANCZOS RGB MAE=9.5519; 64x64 luminance correlation=0.999223
279,279.jpg,test,original,279.jpg,test,resize,resized_duplicate,Supported,High,same filename; 369x277->640x480; LANCZOS RGB MAE=4.7253; 64x64 luminance correlation=0.999074
2800,2800.jpg,test,original,2800.jpg,test,resize,resized_duplicate,Supported,High,same filename; 369x277->640x480; LANCZOS RGB MAE=5.1826; 64x64 luminance correlation=0.999188
2810,2810.jpg,test,original,2810.jpg,test,resize,resized_duplicate,Supported,High,same filename; 369x277->640x480; LANCZOS RGB MAE=4.5439; 64x64 luminance correlation=0.999275
2890,2890.jpg,test,original,2890.jpg,test,resize,resized_duplicate,Supported,High,same filename; 369x277->640x480; LANCZOS RGB MAE=5.5547; 64x64 luminance correlation=0.998781
2960,2960.jpg,test,original,2960.jpg,test,resize,resized_duplicate,Supported,High,same filename; 277x369->480x640; LANCZOS RGB MAE=8.123; 64x64 luminance correlation=0.999292
299,299.jpg,test,original,299.jpg,test,resize,resized_duplicate,Supported,High,same filename; 369x277->640x480; LANCZOS RGB MAE=3.5349; 64x64 luminance correlation=0.999417
302,302.jpg,test,original,302.jpg,test,resize,resized_duplicate,Supported,High,same filename; 277x369->480x640; LANCZOS RGB MAE=6.2366; 64x64 luminance correlation=0.999529
3030,3030.jpg,test,original,3030.jpg,test,resize,resized_duplicate,Supported,High,same filename; 369x277->640x480; LANCZOS RGB MAE=7.4688; 64x64 luminance correlation=0.999381
3100,3100.jpg,test,original,3100.jpg,test,resize,resized_duplicate,Supported,High,same filename; 369x277->640x480; LANCZOS RGB MAE=9.2218; 64x64 luminance correlation=0.999134
3110,3110.jpg,test,original,3110.jpg,test,resize,resized_duplicate,Supported,High,same filename; 369x277->640x480; LANCZOS RGB MAE=4.4735; 64x64 luminance correlation=0.999305
317,317.jpg,test,original,317.jpg,test,resize,resized_duplicate,Supported,High,same filename; 277x369->480x640; LANCZOS RGB MAE=13.1672; 64x64 luminance correlation=0.998084
3240,3240.jpg,test,original,3240.jpg,test,resize,resized_duplicate,Supported,High,same filename; 277x369->480x640; LANCZOS RGB MAE=6.465; 64x64 luminance correlation=0.998552
3250,3250.jpg,test,original,3250.jpg,test,resize,resized_duplicate,Supported,High,same filename; 369x277->640x480; LANCZOS RGB MAE=7.3161; 64x64 luminance correlation=0.998725
328,328.jpg,test,original,328.jpg,test,resize,resized_duplicate,Supported,High,same filename; 369x277->640x480; LANCZOS RGB MAE=5.381; 64x64 luminance correlation=0.999427
339,339.jpg,test,original,339.jpg,test,resize,resized_duplicate,Supported,High,same filename; 369x277->640x480; LANCZOS RGB MAE=3.3041; 64x64 luminance correlation=0.999712
3421,3421.jpg,test,original,3421.jpg,test,resize,resized_duplicate,Supported,High,same filename; 369x277->640x480; LANCZOS RGB MAE=7.0061; 64x64 luminance correlation=0.999032
343,343.jpg,test,original,343.jpg,test,resize,resized_duplicate,Supported,High,same filename; 369x277->640x480; LANCZOS RGB MAE=3.4895; 64x64 luminance correlation=0.999593
3480,3480.jpg,test,original,3480.jpg,test,resize,resized_duplicate,Supported,High,same filename; 369x277->640x480; LANCZOS RGB MAE=10.2748; 64x64 luminance correlation=0.998892
35,35.jpg,test,original,35.jpg,test,resize,resized_duplicate,Supported,High,same filename; 369x277->640x480; LANCZOS RGB MAE=12.799; 64x64 luminance correlation=0.998741
3820,3820.jpg,test,original,3820.jpg,test,resize,resized_duplicate,Supported,High,same filename; 277x369->480x640; LANCZOS RGB MAE=8.7141; 64x64 luminance correlation=0.99883
383,383.jpg,test,original,383.jpg,test,resize,resized_duplicate,Supported,High,same filename; 277x369->480x640; LANCZOS RGB MAE=4.6754; 64x64 luminance correlation=0.999521
390,390.jpg,test,original,390.jpg,test,resize,resized_duplicate,Supported,High,same filename; 277x369->480x640; LANCZOS RGB MAE=9.1858; 64x64 luminance correlation=0.999312
423-1,423-1.jpg,test,original,423-1.jpg,test,resize,resized_duplicate,Supported,High,same filename; 369x277->640x480; LANCZOS RGB MAE=7.7314; 64x64 luminance correlation=0.998981
43,43.jpg,test,original,43.jpg,test,resize,resized_duplicate,Supported,High,same filename; 369x277->640x480; LANCZOS RGB MAE=8.8795; 64x64 luminance correlation=0.99913
45,45.jpg,test,original,45.jpg,test,resize,resized_duplicate,Supported,High,same filename; 369x277->640x480; LANCZOS RGB MAE=14.1696; 64x64 luminance correlation=0.998625
65,65.jpg,test,original,65.jpg,test,resize,resized_duplicate,Supported,High,same filename; 277x369->480x640; LANCZOS RGB MAE=7.8538; 64x64 luminance correlation=0.999107
70000,70000.jpg,test,original,70000.jpg,test,resize,resized_duplicate,Supported,High,same filename; 369x277->640x480; LANCZOS RGB MAE=7.9608; 64x64 luminance correlation=0.99916
82,82.jpg,test,original,82.jpg,test,resize,resized_duplicate,Supported,High,same filename; 369x277->640x480; LANCZOS RGB MAE=10.581; 64x64 luminance correlation=0.998986
83,83.jpg,test,original,83.jpg,test,resize,resized_duplicate,Supported,High,same filename; 369x277->640x480; LANCZOS RGB MAE=12.2747; 64x64 luminance correlation=0.998779
img_12340,IMG_12340.jpg,test,original,IMG_12340.jpg,test,resize,resized_duplicate,Supported,High,same filename; 404x303->640x480; LANCZOS RGB MAE=1.5356; 64x64 luminance correlation=0.999901
img_1236,IMG_1236.jpg,test,original,IMG_1236.jpg,test,resize,resized_duplicate,Supported,High,same filename; 404x303->640x480; LANCZOS RGB MAE=1.2734; 64x64 luminance correlation=0.999933
img_12420,IMG_12420.jpg,test,original,IMG_12420.jpg,test,resize,resized_duplicate,Supported,High,same filename; 404x303->640x480; LANCZOS RGB MAE=1.3527; 64x64 luminance correlation=0.999931
img_12480,IMG_12480.jpg,test,original,IMG_12480.jpg,test,resize,resized_duplicate,Supported,High,same filename; 404x303->640x480; LANCZOS RGB MAE=1.2944; 64x64 luminance correlation=0.999948
img_1249,IMG_1249.jpg,test,original,IMG_1249.jpg,test,resize,resized_duplicate,Supported,High,same filename; 404x303->640x480; LANCZOS RGB MAE=1.0695; 64x64 luminance correlation=0.999974
img_12570,IMG_12570.jpg,test,original,IMG_12570.jpg,test,resize,resized_duplicate,Supported,High,same filename; 404x303->640x480; LANCZOS RGB MAE=1.5394; 64x64 luminance correlation=0.999924
img_12730,IMG_12730.jpg,test,original,IMG_12730.jpg,test,resize,resized_duplicate,Supported,High,same filename; 404x303->640x480; LANCZOS RGB MAE=1.3128; 64x64 luminance correlation=0.999922
img_12790,IMG_12790.jpg,test,original,IMG_12790.jpg,test,resize,resized_duplicate,Supported,High,same filename; 404x303->640x480; LANCZOS RGB MAE=1.3853; 64x64 luminance correlation=0.99995
img_1285,IMG_1285.jpg,test,original,IMG_1285.jpg,test,resize,resized_duplicate,Supported,High,same filename; 404x303->640x480; LANCZOS RGB MAE=1.0388; 64x64 luminance correlation=0.999971
img_1288,IMG_1288.jpg,test,original,IMG_1288.jpg,test,resize,resized_duplicate,Supported,High,same filename; 404x303->640x480; LANCZOS RGB MAE=1.0417; 64x64 luminance correlation=0.999956
img_1304,IMG_1304.jpg,test,original,IMG_1304.jpg,test,resize,resized_duplicate,Supported,High,same filename; 404x303->640x480; LANCZOS RGB MAE=1.3885; 64x64 luminance correlation=0.999966
img_13060,IMG_13060.jpg,test,original,IMG_13060.jpg,test,resize,resized_duplicate,Supported,High,same filename; 404x303->640x480; LANCZOS RGB MAE=1.1202; 64x64 luminance correlation=0.999968
img_13090,IMG_13090.jpg,test,original,IMG_13090.jpg,test,resize,resized_duplicate,Supported,High,same filename; 404x303->640x480; LANCZOS RGB MAE=1.5026; 64x64 luminance correlation=0.999889
img_13110,IMG_13110.jpg,test,original,IMG_13110.jpg,test,resize,resized_duplicate,Supported,High,same filename; 404x303->640x480; LANCZOS RGB MAE=1.3131; 64x64 luminance correlation=0.999948
img_13150,IMG_13150.jpg,test,original,IMG_13150.jpg,test,resize,resized_duplicate,Supported,High,same filename; 404x303->640x480; LANCZOS RGB MAE=1.2441; 64x64 luminance correlation=0.999955
img_13190,IMG_13190.jpg,test,original,IMG_13190.jpg,test,resize,resized_duplicate,Supported,High,same filename; 404x303->640x480; LANCZOS RGB MAE=1.5903; 64x64 luminance correlation=0.999936
img_13260,IMG_13260.jpg,test,original,IMG_13260.jpg,test,resize,resized_duplicate,Supported,High,same filename; 404x303->640x480; LANCZOS RGB MAE=1.7898; 64x64 luminance correlation=0.999839
img_13270,IMG_13270.jpg,test,original,IMG_13270.jpg,test,resize,resized_duplicate,Supported,High,same filename; 404x303->640x480; LANCZOS RGB MAE=1.5155; 64x64 luminance correlation=0.999941
img_13290,IMG_13290.jpg,test,original,IMG_13290.jpg,test,resize,resized_duplicate,Supported,High,same filename; 404x303->640x480; LANCZOS RGB MAE=1.2967; 64x64 luminance correlation=0.999938
img_13320,IMG_13320.jpg,test,original,IMG_13320.jpg,test,resize,resized_duplicate,Supported,High,same filename; 404x303->640x480; LANCZOS RGB MAE=1.3707; 64x64 luminance correlation=0.999938
img_13330,IMG_13330.jpg,test,original,IMG_13330.jpg,test,resize,resized_duplicate,Supported,High,same filename; 404x303->640x480; LANCZOS RGB MAE=1.3352; 64x64 luminance correlation=0.999944
img_13340,IMG_13340.jpg,test,original,IMG_13340.jpg,test,resize,resized_duplicate,Supported,High,same filename; 404x303->640x480; LANCZOS RGB MAE=1.2681; 64x64 luminance correlation=0.999958
img_13360,IMG_13360.jpg,test,original,IMG_13360.jpg,test,resize,resized_duplicate,Supported,High,same filename; 404x303->640x480; LANCZOS RGB MAE=1.5357; 64x64 luminance correlation=0.99994
img_1346,IMG_1346.jpg,test,original,IMG_1346.jpg,test,resize,resized_duplicate,Supported,High,same filename; 404x303->640x480; LANCZOS RGB MAE=1.4575; 64x64 luminance correlation=0.999943
img_1353,IMG_1353.jpg,test,original,IMG_1353.jpg,test,resize,resized_duplicate,Supported,High,same filename; 404x303->640x480; LANCZOS RGB MAE=1.3319; 64x64 luminance correlation=0.999946
img_13590,IMG_13590.jpg,test,original,IMG_13590.jpg,test,resize,resized_duplicate,Supported,High,same filename; 404x303->640x480; LANCZOS RGB MAE=1.3564; 64x64 luminance correlation=0.999969
img_13610,IMG_13610.jpg,test,original,IMG_13610.jpg,test,resize,resized_duplicate,Supported,High,same filename; 404x303->640x480; LANCZOS RGB MAE=1.5295; 64x64 luminance correlation=0.999916
img_13650,IMG_13650.jpg,test,original,IMG_13650.jpg,test,resize,resized_duplicate,Supported,High,same filename; 404x303->640x480; LANCZOS RGB MAE=1.3042; 64x64 luminance correlation=0.99997
img_1368,IMG_1368.jpg,test,original,IMG_1368.jpg,test,resize,resized_duplicate,Supported,High,same filename; 404x303->640x480; LANCZOS RGB MAE=1.4634; 64x64 luminance correlation=0.999958
img_13750,IMG_13750.jpg,test,original,IMG_13750.jpg,test,resize,resized_duplicate,Supported,High,same filename; 404x303->640x480; LANCZOS RGB MAE=1.5473; 64x64 luminance correlation=0.999917
img_13770,IMG_13770.jpg,test,original,IMG_13770.jpg,test,resize,resized_duplicate,Supported,High,same filename; 404x303->640x480; LANCZOS RGB MAE=1.6235; 64x64 luminance correlation=0.999928
img_1378,IMG_1378.jpg,test,original,IMG_1378.jpg,test,resize,resized_duplicate,Supported,High,same filename; 404x303->640x480; LANCZOS RGB MAE=1.3626; 64x64 luminance correlation=0.999941
img_13800,IMG_13800.jpg,test,original,IMG_13800.jpg,test,resize,resized_duplicate,Supported,High,same filename; 404x303->640x480; LANCZOS RGB MAE=1.3657; 64x64 luminance correlation=0.999955
img_13830,IMG_13830.jpg,test,original,IMG_13830.jpg,test,resize,resized_duplicate,Supported,High,same filename; 404x303->640x480; LANCZOS RGB MAE=1.6377; 64x64 luminance correlation=0.999892
img_13850,IMG_13850.jpg,test,original,IMG_13850.jpg,test,resize,resized_duplicate,Supported,High,same filename; 404x303->640x480; LANCZOS RGB MAE=1.0794; 64x64 luminance correlation=0.999966
img_1387,IMG_1387.jpg,test,original,IMG_1387.jpg,test,resize,resized_duplicate,Supported,High,same filename; 404x303->640x480; LANCZOS RGB MAE=1.4239; 64x64 luminance correlation=0.999952
img_13880,IMG_13880.jpg,test,original,IMG_13880.jpg,test,resize,resized_duplicate,Supported,High,same filename; 404x303->640x480; LANCZOS RGB MAE=1.5706; 64x64 luminance correlation=0.99994
img_1389,IMG_1389.jpg,test,original,IMG_1389.jpg,test,resize,resized_duplicate,Supported,High,same filename; 404x303->640x480; LANCZOS RGB MAE=1.474; 64x64 luminance correlation=0.999926
img_1390,IMG_1390.jpg,test,original,IMG_1390.jpg,test,resize,resized_duplicate,Supported,High,same filename; 404x303->640x480; LANCZOS RGB MAE=1.0464; 64x64 luminance correlation=0.999975
img_13920,IMG_13920.jpg,test,original,IMG_13920.jpg,test,resize,resized_duplicate,Supported,High,same filename; 404x303->640x480; LANCZOS RGB MAE=1.1799; 64x64 luminance correlation=0.999963
img_13940,IMG_13940.jpg,test,original,IMG_13940.jpg,test,resize,resized_duplicate,Supported,High,same filename; 404x303->640x480; LANCZOS RGB MAE=1.3157; 64x64 luminance correlation=0.999968
img_13950,IMG_13950.jpg,test,original,IMG_13950.jpg,test,resize,resized_duplicate,Supported,High,same filename; 404x303->640x480; LANCZOS RGB MAE=1.5963; 64x64 luminance correlation=0.999891
img_1398,IMG_1398.jpg,test,original,IMG_1398.jpg,test,resize,resized_duplicate,Supported,High,same filename; 404x303->640x480; LANCZOS RGB MAE=1.068; 64x64 luminance correlation=0.999975
img_14010,IMG_14010.jpg,test,original,IMG_14010.jpg,test,resize,resized_duplicate,Supported,High,same filename; 404x303->640x480; LANCZOS RGB MAE=1.0079; 64x64 luminance correlation=0.999978
img_14030,IMG_14030.jpg,test,original,IMG_14030.jpg,test,resize,resized_duplicate,Supported,High,same filename; 404x303->640x480; LANCZOS RGB MAE=0.9885; 64x64 luminance correlation=0.999976
img_14050,IMG_14050.jpg,test,original,IMG_14050.jpg,test,resize,resized_duplicate,Supported,High,same filename; 404x303->640x480; LANCZOS RGB MAE=1.3567; 64x64 luminance correlation=0.999925
img_1408,IMG_1408.jpg,test,original,IMG_1408.jpg,test,resize,resized_duplicate,Supported,High,same filename; 404x303->640x480; LANCZOS RGB MAE=1.2404; 64x64 luminance correlation=0.999958
img_14090,IMG_14090.jpg,test,original,IMG_14090.jpg,test,resize,resized_duplicate,Supported,High,same filename; 404x303->640x480; LANCZOS RGB MAE=1.3812; 64x64 luminance correlation=0.999963
img_14120,IMG_14120.jpg,test,original,IMG_14120.jpg,test,resize,resized_duplicate,Supported,High,same filename; 404x303->640x480; LANCZOS RGB MAE=1.5782; 64x64 luminance correlation=0.999955
img_1416,IMG_1416.jpg,test,original,IMG_1416.jpg,test,resize,resized_duplicate,Supported,High,same filename; 404x303->640x480; LANCZOS RGB MAE=1.125; 64x64 luminance correlation=0.999979
img_14170,IMG_14170.jpg,test,original,IMG_14170.jpg,test,resize,resized_duplicate,Supported,High,same filename; 404x303->640x480; LANCZOS RGB MAE=1.546; 64x64 luminance correlation=0.999934
img_1419,IMG_1419.jpg,test,original,IMG_1419.jpg,test,resize,resized_duplicate,Supported,High,same filename; 404x303->640x480; LANCZOS RGB MAE=1.1976; 64x64 luminance correlation=0.999972
img_14300,IMG_14300.jpg,test,original,IMG_14300.jpg,test,resize,resized_duplicate,Supported,High,same filename; 404x303->640x480; LANCZOS RGB MAE=1.3051; 64x64 luminance correlation=0.999969
img_14420,IMG_14420.jpg,test,original,IMG_14420.jpg,test,resize,resized_duplicate,Supported,High,same filename; 404x303->640x480; LANCZOS RGB MAE=1.146; 64x64 luminance correlation=0.999973
img_14430,IMG_14430.jpg,test,original,IMG_14430.jpg,test,resize,resized_duplicate,Supported,High,same filename; 404x303->640x480; LANCZOS RGB MAE=1.2467; 64x64 luminance correlation=0.999976
img_14460,IMG_14460.jpg,test,original,IMG_14460.jpg,test,resize,resized_duplicate,Supported,High,same filename; 404x303->640x480; LANCZOS RGB MAE=1.677; 64x64 luminance correlation=0.999961
img_1448,IMG_1448.jpg,test,original,IMG_1448.jpg,test,resize,resized_duplicate,Supported,High,same filename; 404x303->640x480; LANCZOS RGB MAE=1.283; 64x64 luminance correlation=0.999967
img_1450,IMG_1450.jpg,test,original,IMG_1450.jpg,test,resize,resized_duplicate,Supported,High,same filename; 404x303->640x480; LANCZOS RGB MAE=1.901; 64x64 luminance correlation=0.999796
img_1452,IMG_1452.jpg,test,original,IMG_1452.jpg,test,resize,resized_duplicate,Supported,High,same filename; 404x303->640x480; LANCZOS RGB MAE=1.4312; 64x64 luminance correlation=0.999955
img_1461,IMG_1461.jpg,test,original,IMG_1461.jpg,test,resize,resized_duplicate,Supported,High,same filename; 404x303->640x480; LANCZOS RGB MAE=1.2447; 64x64 luminance correlation=0.999944
img_1464,IMG_1464.jpg,test,original,IMG_1464.jpg,test,resize,resized_duplicate,Supported,High,same filename; 404x303->640x480; LANCZOS RGB MAE=1.1751; 64x64 luminance correlation=0.999957
img_14660,IMG_14660.jpg,test,original,IMG_14660.jpg,test,resize,resized_duplicate,Supported,High,same filename; 404x303->640x480; LANCZOS RGB MAE=1.3825; 64x64 luminance correlation=0.999931
img_14670,IMG_14670.jpg,test,original,IMG_14670.jpg,test,resize,resized_duplicate,Supported,High,same filename; 404x303->640x480; LANCZOS RGB MAE=1.2248; 64x64 luminance correlation=0.99994
img_1469,IMG_1469.jpg,test,original,IMG_1469.jpg,test,resize,resized_duplicate,Supported,High,same filename; 404x303->640x480; LANCZOS RGB MAE=1.5089; 64x64 luminance correlation=0.999931
img_1475,IMG_1475.jpg,test,original,IMG_1475.jpg,test,resize,resized_duplicate,Supported,High,same filename; 404x303->640x480; LANCZOS RGB MAE=1.1272; 64x64 luminance correlation=0.99996
img_15601,IMG_15601.jpg,test,original,IMG_15601.jpg,test,resize,resized_duplicate,Supported,High,same filename; 369x277->640x480; LANCZOS RGB MAE=4.7426; 64x64 luminance correlation=0.999575
img_5387,IMG_5387.jpg,test,original,IMG_5387.jpg,test,resize,resized_duplicate,Supported,High,same filename; 404x303->640x480; LANCZOS RGB MAE=1.5242; 64x64 luminance correlation=0.999907
img_53880,IMG_53880.jpg,test,original,IMG_53880.jpg,test,resize,resized_duplicate,Supported,High,same filename; 404x303->640x480; LANCZOS RGB MAE=1.4873; 64x64 luminance correlation=0.999929
img_53890,IMG_53890.jpg,test,original,IMG_53890.jpg,test,resize,resized_duplicate,Supported,High,same filename; 404x303->640x480; LANCZOS RGB MAE=1.4833; 64x64 luminance correlation=0.999949
img_5393,IMG_5393.jpg,test,original,IMG_5393.jpg,test,resize,resized_duplicate,Supported,High,same filename; 404x303->640x480; LANCZOS RGB MAE=1.2546; 64x64 luminance correlation=0.999947
img_53950,IMG_53950.jpg,test,original,IMG_53950.jpg,test,resize,resized_duplicate,Supported,High,same filename; 404x303->640x480; LANCZOS RGB MAE=1.4421; 64x64 luminance correlation=0.999944
img_53970,IMG_53970.jpg,test,original,IMG_53970.jpg,test,resize,resized_duplicate,Supported,High,same filename; 404x303->640x480; LANCZOS RGB MAE=1.3967; 64x64 luminance correlation=0.999947
img_5405,IMG_5405.jpg,test,original,IMG_5405.jpg,test,resize,resized_duplicate,Supported,High,same filename; 404x303->640x480; LANCZOS RGB MAE=1.0791; 64x64 luminance correlation=0.99997
img_5409,IMG_5409.jpg,test,original,IMG_5409.jpg,test,resize,resized_duplicate,Supported,High,same filename; 404x303->640x480; LANCZOS RGB MAE=1.4566; 64x64 luminance correlation=0.999939
img_54140,IMG_54140.jpg,test,original,IMG_54140.jpg,test,resize,resized_duplicate,Supported,High,same filename; 404x303->640x480; LANCZOS RGB MAE=1.3958; 64x64 luminance correlation=0.999944
img_54160,IMG_54160.jpg,test,original,IMG_54160.jpg,test,resize,resized_duplicate,Supported,High,same filename; 404x303->640x480; LANCZOS RGB MAE=1.2133; 64x64 luminance correlation=0.99997
img_5418,IMG_5418.jpg,test,original,IMG_5418.jpg,test,resize,resized_duplicate,Supported,High,same filename; 404x303->640x480; LANCZOS RGB MAE=1.2264; 64x64 luminance correlation=0.999969
img_54190,IMG_54190.jpg,test,original,IMG_54190.jpg,test,resize,resized_duplicate,Supported,High,same filename; 404x303->640x480; LANCZOS RGB MAE=1.341; 64x64 luminance correlation=0.999799
img_54280,IMG_54280.jpg,test,original,IMG_54280.jpg,test,resize,resized_duplicate,Supported,High,same filename; 404x303->640x480; LANCZOS RGB MAE=1.8689; 64x64 luminance correlation=0.999837
img_54290,IMG_54290.jpg,test,original,IMG_54290.jpg,test,resize,resized_duplicate,Supported,High,same filename; 404x303->640x480; LANCZOS RGB MAE=1.7346; 64x64 luminance correlation=0.999922
img_5430,IMG_5430.jpg,test,original,IMG_5430.jpg,test,resize,resized_duplicate,Supported,High,same filename; 404x303->640x480; LANCZOS RGB MAE=1.6371; 64x64 luminance correlation=0.999879
img_54350,IMG_54350.jpg,test,original,IMG_54350.jpg,test,resize,resized_duplicate,Supported,High,same filename; 404x303->640x480; LANCZOS RGB MAE=1.5531; 64x64 luminance correlation=0.999906
img_54370,IMG_54370.jpg,test,original,IMG_54370.jpg,test,resize,resized_duplicate,Supported,High,same filename; 404x303->640x480; LANCZOS RGB MAE=1.2588; 64x64 luminance correlation=0.999973
img_54420,IMG_54420.jpg,test,original,IMG_54420.jpg,test,resize,resized_duplicate,Supported,High,same filename; 404x303->640x480; LANCZOS RGB MAE=1.5716; 64x64 luminance correlation=0.99993
img_54440,IMG_54440.jpg,test,original,IMG_54440.jpg,test,resize,resized_duplicate,Supported,High,same filename; 404x303->640x480; LANCZOS RGB MAE=1.3504; 64x64 luminance correlation=0.999958
img_54450,IMG_54450.jpg,test,original,IMG_54450.jpg,test,resize,resized_duplicate,Supported,High,same filename; 404x303->640x480; LANCZOS RGB MAE=1.6882; 64x64 luminance correlation=0.999921
img_54470,IMG_54470.jpg,test,original,IMG_54470.jpg,test,resize,resized_duplicate,Supported,High,same filename; 404x303->640x480; LANCZOS RGB MAE=1.4942; 64x64 luminance correlation=0.999943
img_54550,IMG_54550.jpg,test,original,IMG_54550.jpg,test,resize,resized_duplicate,Supported,High,same filename; 303x404->480x640; LANCZOS RGB MAE=1.3123; 64x64 luminance correlation=0.999958
img_54560,IMG_54560.jpg,test,original,IMG_54560.jpg,test,resize,resized_duplicate,Supported,High,same filename; 303x404->480x640; LANCZOS RGB MAE=1.2189; 64x64 luminance correlation=0.999967
img_54690,IMG_54690.jpg,test,original,IMG_54690.jpg,test,resize,resized_duplicate,Supported,High,same filename; 404x303->640x480; LANCZOS RGB MAE=1.1521; 64x64 luminance correlation=0.999976
img_5472,IMG_5472.jpg,test,original,IMG_5472.jpg,test,resize,resized_duplicate,Supported,High,same filename; 404x303->640x480; LANCZOS RGB MAE=1.3805; 64x64 luminance correlation=0.999954
img_54910,IMG_54910.jpg,test,original,IMG_54910.jpg,test,resize,resized_duplicate,Supported,High,same filename; 404x303->640x480; LANCZOS RGB MAE=1.4094; 64x64 luminance correlation=0.999946
img_55060,IMG_55060.jpg,test,original,IMG_55060.jpg,test,resize,resized_duplicate,Supported,High,same filename; 404x303->640x480; LANCZOS RGB MAE=1.0891; 64x64 luminance correlation=0.999976
img_5546,IMG_5546.jpg,test,original,IMG_5546.jpg,test,resize,resized_duplicate,Supported,High,same filename; 404x303->640x480; LANCZOS RGB MAE=1.7226; 64x64 luminance correlation=0.99971
img_55800,IMG_55800.jpg,test,original,IMG_55800.jpg,test,resize,resized_duplicate,Supported,High,same filename; 404x303->640x480; LANCZOS RGB MAE=1.5965; 64x64 luminance correlation=0.99993
img_55890,IMG_55890.jpg,test,original,IMG_55890.jpg,test,resize,resized_duplicate,Supported,High,same filename; 404x303->640x480; LANCZOS RGB MAE=1.816; 64x64 luminance correlation=0.999843
img_55910,IMG_55910.jpg,test,original,IMG_55910.jpg,test,resize,resized_duplicate,Supported,High,same filename; 404x303->640x480; LANCZOS RGB MAE=2.1664; 64x64 luminance correlation=0.999807
img_55980,IMG_55980.jpg,test,original,IMG_55980.jpg,test,resize,resized_duplicate,Supported,High,same filename; 404x303->640x480; LANCZOS RGB MAE=1.5968; 64x64 luminance correlation=0.99989
img_5605,IMG_5605.jpg,test,original,IMG_5605.jpg,test,resize,resized_duplicate,Supported,High,same filename; 404x303->640x480; LANCZOS RGB MAE=1.4899; 64x64 luminance correlation=0.999942
img_5606,IMG_5606.jpg,test,original,IMG_5606.jpg,test,resize,resized_duplicate,Supported,High,same filename; 404x303->640x480; LANCZOS RGB MAE=1.7331; 64x64 luminance correlation=0.999844
img_56100,IMG_56100.jpg,test,original,IMG_56100.jpg,test,resize,resized_duplicate,Supported,High,same filename; 404x303->640x480; LANCZOS RGB MAE=1.7317; 64x64 luminance correlation=0.999753
img_56110,IMG_56110.jpg,test,original,IMG_56110.jpg,test,resize,resized_duplicate,Supported,High,same filename; 404x303->640x480; LANCZOS RGB MAE=1.6917; 64x64 luminance correlation=0.999797
img_56130,IMG_56130.jpg,test,original,IMG_56130.jpg,test,resize,resized_duplicate,Supported,High,same filename; 404x303->640x480; LANCZOS RGB MAE=1.6486; 64x64 luminance correlation=0.999885
img_5614,IMG_5614.jpg,test,original,IMG_5614.jpg,test,resize,resized_duplicate,Supported,High,same filename; 404x303->640x480; LANCZOS RGB MAE=0.7404; 64x64 luminance correlation=0.999982
img_56200,IMG_56200.jpg,test,original,IMG_56200.jpg,test,resize,resized_duplicate,Supported,High,same filename; 404x303->640x480; LANCZOS RGB MAE=1.5142; 64x64 luminance correlation=0.99994
img_56400,IMG_56400.jpg,test,original,IMG_56400.jpg,test,resize,resized_duplicate,Supported,High,same filename; 404x303->640x480; LANCZOS RGB MAE=1.542; 64x64 luminance correlation=0.999864
img_56440,IMG_56440.jpg,test,original,IMG_56440.jpg,test,resize,resized_duplicate,Supported,High,same filename; 404x303->640x480; LANCZOS RGB MAE=1.3579; 64x64 luminance correlation=0.999883
img_6766,IMG_6766.jpg,test,original,IMG_6766.jpg,test,resize,resized_duplicate,Supported,High,same filename; 369x277->640x480; LANCZOS RGB MAE=12.0725; 64x64 luminance correlation=0.998713
img_6771,IMG_6771.jpg,test,original,IMG_6771.jpg,test,resize,resized_duplicate,Supported,High,same filename; 369x277->640x480; LANCZOS RGB MAE=14.1543; 64x64 luminance correlation=0.998474
img_6774,IMG_6774.jpg,test,original,IMG_6774.jpg,test,resize,resized_duplicate,Supported,High,same filename; 369x277->640x480; LANCZOS RGB MAE=10.4626; 64x64 luminance correlation=0.998681
img_6778,IMG_6778.jpg,test,original,IMG_6778.jpg,test,resize,resized_duplicate,Supported,High,same filename; 369x277->640x480; LANCZOS RGB MAE=10.1482; 64x64 luminance correlation=0.999068
img_6779,IMG_6779.jpg,test,original,IMG_6779.jpg,test,resize,resized_duplicate,Supported,High,same filename; 369x277->640x480; LANCZOS RGB MAE=11.5766; 64x64 luminance correlation=0.998921
img_6781,IMG_6781.jpg,test,original,IMG_6781.jpg,test,resize,resized_duplicate,Supported,High,same filename; 369x277->640x480; LANCZOS RGB MAE=13.4545; 64x64 luminance correlation=0.998633
img_6784,IMG_6784.jpg,test,original,IMG_6784.jpg,test,resize,resized_duplicate,Supported,High,same filename; 369x277->640x480; LANCZOS RGB MAE=11.9238; 64x64 luminance correlation=0.99856
img_6787,IMG_6787.jpg,test,original,IMG_6787.jpg,test,resize,resized_duplicate,Supported,High,same filename; 369x277->640x480; LANCZOS RGB MAE=14.187; 64x64 luminance correlation=0.998064
img_6799,IMG_6799.jpg,test,original,IMG_6799.jpg,test,resize,resized_duplicate,Supported,High,same filename; 369x277->640x480; LANCZOS RGB MAE=13.1625; 64x64 luminance correlation=0.998503
img_6804,IMG_6804.jpg,test,original,IMG_6804.jpg,test,resize,resized_duplicate,Supported,High,same filename; 369x277->640x480; LANCZOS RGB MAE=12.65; 64x64 luminance correlation=0.998713
img_6807,IMG_6807.jpg,test,original,IMG_6807.jpg,test,resize,resized_duplicate,Supported,High,same filename; 369x277->640x480; LANCZOS RGB MAE=11.2228; 64x64 luminance correlation=0.998872
img_6812,IMG_6812.jpg,test,original,IMG_6812.jpg,test,resize,resized_duplicate,Supported,High,same filename; 369x277->640x480; LANCZOS RGB MAE=9.7947; 64x64 luminance correlation=0.998872
img_6816,IMG_6816.jpg,test,original,IMG_6816.jpg,test,resize,resized_duplicate,Supported,High,same filename; 369x277->640x480; LANCZOS RGB MAE=9.029; 64x64 luminance correlation=0.998873
img_6819,IMG_6819.jpg,test,original,IMG_6819.jpg,test,resize,resized_duplicate,Supported,High,same filename; 369x277->640x480; LANCZOS RGB MAE=7.8913; 64x64 luminance correlation=0.999118
img_6821,IMG_6821.jpg,test,original,IMG_6821.jpg,test,resize,resized_duplicate,Supported,High,same filename; 369x277->640x480; LANCZOS RGB MAE=10.4279; 64x64 luminance correlation=0.998888
img_6826,IMG_6826.jpg,test,original,IMG_6826.jpg,test,resize,resized_duplicate,Supported,High,same filename; 369x277->640x480; LANCZOS RGB MAE=6.8424; 64x64 luminance correlation=0.999515
img_6827,IMG_6827.jpg,test,original,IMG_6827.jpg,test,resize,resized_duplicate,Supported,High,same filename; 369x277->640x480; LANCZOS RGB MAE=10.0781; 64x64 luminance correlation=0.999015
img_6829,IMG_6829.jpg,test,original,IMG_6829.jpg,test,resize,resized_duplicate,Supported,High,same filename; 369x277->640x480; LANCZOS RGB MAE=9.0552; 64x64 luminance correlation=0.998846
img_6841,IMG_6841.jpg,test,original,IMG_6841.jpg,test,resize,resized_duplicate,Supported,High,same filename; 369x277->640x480; LANCZOS RGB MAE=6.9499; 64x64 luminance correlation=0.999123
img_6855,IMG_6855.jpg,test,original,IMG_6855.jpg,test,resize,resized_duplicate,Supported,High,same filename; 369x277->640x480; LANCZOS RGB MAE=10.5907; 64x64 luminance correlation=0.998329
img_6857,IMG_6857.jpg,test,original,IMG_6857.jpg,test,resize,resized_duplicate,Supported,High,same filename; 369x277->640x480; LANCZOS RGB MAE=9.2616; 64x64 luminance correlation=0.999181
img_6859,IMG_6859.jpg,test,original,IMG_6859.jpg,test,resize,resized_duplicate,Supported,High,same filename; 369x277->640x480; LANCZOS RGB MAE=10.5535; 64x64 luminance correlation=0.998766
img_6861,IMG_6861.jpg,test,original,IMG_6861.jpg,test,resize,resized_duplicate,Supported,High,same filename; 369x277->640x480; LANCZOS RGB MAE=14.885; 64x64 luminance correlation=0.998488
img_6873,IMG_6873.jpg,test,original,IMG_6873.jpg,test,resize,resized_duplicate,Supported,High,same filename; 369x277->640x480; LANCZOS RGB MAE=12.7405; 64x64 luminance correlation=0.999039
img_6879,IMG_6879.jpg,test,original,IMG_6879.jpg,test,resize,resized_duplicate,Supported,High,same filename; 369x277->640x480; LANCZOS RGB MAE=9.2872; 64x64 luminance correlation=0.999093
img_6883,IMG_6883.jpg,test,original,IMG_6883.jpg,test,resize,resized_duplicate,Supported,High,same filename; 369x277->640x480; LANCZOS RGB MAE=8.5728; 64x64 luminance correlation=0.999023
img_6885,IMG_6885.jpg,test,original,IMG_6885.jpg,test,resize,resized_duplicate,Supported,High,same filename; 369x277->640x480; LANCZOS RGB MAE=11.6061; 64x64 luminance correlation=0.99877
img_6895,IMG_6895.jpg,test,original,IMG_6895.jpg,test,resize,resized_duplicate,Supported,High,same filename; 369x277->640x480; LANCZOS RGB MAE=9.3765; 64x64 luminance correlation=0.999092
img_6897,IMG_6897.jpg,test,original,IMG_6897.jpg,test,resize,resized_duplicate,Supported,High,same filename; 369x277->640x480; LANCZOS RGB MAE=10.2486; 64x64 luminance correlation=0.999076
img_6938,IMG_6938.jpg,test,original,IMG_6938.jpg,test,resize,resized_duplicate,Supported,High,same filename; 369x277->640x480; LANCZOS RGB MAE=10.6889; 64x64 luminance correlation=0.998935
img_6941,IMG_6941.jpg,test,original,IMG_6941.jpg,test,resize,resized_duplicate,Supported,High,same filename; 369x277->640x480; LANCZOS RGB MAE=8.3754; 64x64 luminance correlation=0.999431
img_6944,IMG_6944.jpg,test,original,IMG_6944.jpg,test,resize,resized_duplicate,Supported,High,same filename; 369x277->640x480; LANCZOS RGB MAE=9.7464; 64x64 luminance correlation=0.999385
img_6945,IMG_6945.jpg,test,original,IMG_6945.jpg,test,resize,resized_duplicate,Supported,High,same filename; 369x277->640x480; LANCZOS RGB MAE=7.4203; 64x64 luminance correlation=0.999387
img_6947,IMG_6947.jpg,test,original,IMG_6947.jpg,test,resize,resized_duplicate,Supported,High,same filename; 369x277->640x480; LANCZOS RGB MAE=6.7753; 64x64 luminance correlation=0.999255
img_6949,IMG_6949.jpg,test,original,IMG_6949.jpg,test,resize,resized_duplicate,Supported,High,same filename; 369x277->640x480; LANCZOS RGB MAE=7.459; 64x64 luminance correlation=0.999283
img_6952,IMG_6952.jpg,test,original,IMG_6952.jpg,test,resize,resized_duplicate,Supported,High,same filename; 369x277->640x480; LANCZOS RGB MAE=12.0779; 64x64 luminance correlation=0.998966
img_6960,IMG_6960.jpg,test,original,IMG_6960.jpg,test,resize,resized_duplicate,Supported,High,same filename; 369x277->640x480; LANCZOS RGB MAE=10.547; 64x64 luminance correlation=0.998606
img_6967,IMG_6967.jpg,test,original,IMG_6967.jpg,test,resize,resized_duplicate,Supported,High,same filename; 369x277->640x480; LANCZOS RGB MAE=13.3462; 64x64 luminance correlation=0.998927
img_6986,IMG_6986.jpg,test,original,IMG_6986.jpg,test,resize,resized_duplicate,Supported,High,same filename; 369x277->640x480; LANCZOS RGB MAE=11.9398; 64x64 luminance correlation=0.998739
img_6989,IMG_6989.jpg,test,original,IMG_6989.jpg,test,resize,resized_duplicate,Supported,High,same filename; 369x277->640x480; LANCZOS RGB MAE=9.8794; 64x64 luminance correlation=0.998654
img_6993,IMG_6993.jpg,test,original,IMG_6993.jpg,test,resize,resized_duplicate,Supported,High,same filename; 369x277->640x480; LANCZOS RGB MAE=4.7964; 64x64 luminance correlation=0.998888
img_6996,IMG_6996.jpg,test,original,IMG_6996.jpg,test,resize,resized_duplicate,Supported,High,same filename; 369x277->640x480; LANCZOS RGB MAE=8.0514; 64x64 luminance correlation=0.99864
img_6998,IMG_6998.jpg,test,original,IMG_6998.jpg,test,resize,resized_duplicate,Supported,High,same filename; 369x277->640x480; LANCZOS RGB MAE=11.083; 64x64 luminance correlation=0.998985
img_7002,IMG_7002.jpg,test,original,IMG_7002.jpg,test,resize,resized_duplicate,Supported,High,same filename; 369x277->640x480; LANCZOS RGB MAE=12.4081; 64x64 luminance correlation=0.998437
img_7006,IMG_7006.jpg,test,original,IMG_7006.jpg,test,resize,resized_duplicate,Supported,High,same filename; 369x277->640x480; LANCZOS RGB MAE=9.7581; 64x64 luminance correlation=0.998415
img_7008,IMG_7008.jpg,test,original,IMG_7008.jpg,test,resize,resized_duplicate,Supported,High,same filename; 369x277->640x480; LANCZOS RGB MAE=9.9575; 64x64 luminance correlation=0.998859
img_7011,IMG_7011.jpg,test,original,IMG_7011.jpg,test,resize,resized_duplicate,Supported,High,same filename; 369x277->640x480; LANCZOS RGB MAE=7.8954; 64x64 luminance correlation=0.998861
img_7014,IMG_7014.jpg,test,original,IMG_7014.jpg,test,resize,resized_duplicate,Supported,High,same filename; 369x277->640x480; LANCZOS RGB MAE=7.8581; 64x64 luminance correlation=0.99932
img_7016,IMG_7016.jpg,test,original,IMG_7016.jpg,test,resize,resized_duplicate,Supported,High,same filename; 369x277->640x480; LANCZOS RGB MAE=8.9775; 64x64 luminance correlation=0.999002
img_7020,IMG_7020.jpg,test,original,IMG_7020.jpg,test,resize,resized_duplicate,Supported,High,same filename; 369x277->640x480; LANCZOS RGB MAE=8.3301; 64x64 luminance correlation=0.999148
img_7026,IMG_7026.jpg,test,original,IMG_7026.jpg,test,resize,resized_duplicate,Supported,High,same filename; 369x277->640x480; LANCZOS RGB MAE=10.3292; 64x64 luminance correlation=0.999091
img_7029,IMG_7029.jpg,test,original,IMG_7029.jpg,test,resize,resized_duplicate,Supported,High,same filename; 369x277->640x480; LANCZOS RGB MAE=8.0592; 64x64 luminance correlation=0.998983
img_7032,IMG_7032.jpg,test,original,IMG_7032.jpg,test,resize,resized_duplicate,Supported,High,same filename; 369x277->640x480; LANCZOS RGB MAE=10.9046; 64x64 luminance correlation=0.998958
img_7041,IMG_7041.jpg,test,original,IMG_7041.jpg,test,resize,resized_duplicate,Supported,High,same filename; 369x277->640x480; LANCZOS RGB MAE=8.3251; 64x64 luminance correlation=0.999431
img_7044,IMG_7044.jpg,test,original,IMG_7044.jpg,test,resize,resized_duplicate,Supported,High,same filename; 369x277->640x480; LANCZOS RGB MAE=10.7472; 64x64 luminance correlation=0.998946
img_7045,IMG_7045.jpg,test,original,IMG_7045.jpg,test,resize,resized_duplicate,Supported,High,same filename; 369x277->640x480; LANCZOS RGB MAE=11.1973; 64x64 luminance correlation=0.998228
img_7049,IMG_7049.jpg,test,original,IMG_7049.jpg,test,resize,resized_duplicate,Supported,High,same filename; 369x277->640x480; LANCZOS RGB MAE=9.3464; 64x64 luminance correlation=0.999142
img_7051,IMG_7051.jpg,test,original,IMG_7051.jpg,test,resize,resized_duplicate,Supported,High,same filename; 369x277->640x480; LANCZOS RGB MAE=9.4485; 64x64 luminance correlation=0.999067
img_7053,IMG_7053.jpg,test,original,IMG_7053.jpg,test,resize,resized_duplicate,Supported,High,same filename; 369x277->640x480; LANCZOS RGB MAE=8.1606; 64x64 luminance correlation=0.998891
img_7057,IMG_7057.jpg,test,original,IMG_7057.jpg,test,resize,resized_duplicate,Supported,High,same filename; 369x277->640x480; LANCZOS RGB MAE=9.158; 64x64 luminance correlation=0.99892
img_7059,IMG_7059.jpg,test,original,IMG_7059.jpg,test,resize,resized_duplicate,Supported,High,same filename; 369x277->640x480; LANCZOS RGB MAE=11.4287; 64x64 luminance correlation=0.9986
img_7062,IMG_7062.jpg,test,original,IMG_7062.jpg,test,resize,resized_duplicate,Supported,High,same filename; 369x277->640x480; LANCZOS RGB MAE=13.9892; 64x64 luminance correlation=0.998187
img_7064,IMG_7064.jpg,test,original,IMG_7064.jpg,test,resize,resized_duplicate,Supported,High,same filename; 369x277->640x480; LANCZOS RGB MAE=10.3738; 64x64 luminance correlation=0.99905
img_7068,IMG_7068.jpg,test,original,IMG_7068.jpg,test,resize,resized_duplicate,Supported,High,same filename; 369x277->640x480; LANCZOS RGB MAE=9.8404; 64x64 luminance correlation=0.998703
111,111_brightness.jpg,train,original,111.jpg,val,original,likely_augmented_derivative,Supported,High,64x64 luminance correlation=0.999042; identical region list=True
1180,1180_brightness.jpg,train,original,1180.jpg,val,original,likely_augmented_derivative,Supported,High,64x64 luminance correlation=0.996412; identical region list=True
1290,1290.jpg,test,original,1290_brightness.jpg,train,original,likely_augmented_derivative,Supported,High,64x64 luminance correlation=0.999001; identical region list=True
1290,1290.jpg,test,original,1290_noise.jpg,val,original,likely_augmented_derivative,Supported,High,64x64 luminance correlation=0.999297; identical region list=True
1290,1290_brightness.jpg,train,original,1290_noise.jpg,val,original,likely_augmented_derivative,Supported,High,64x64 luminance correlation=0.998487; identical region list=True
1310,1310.jpg,train,original,1310_noise.jpg,val,original,likely_augmented_derivative,Supported,High,64x64 luminance correlation=0.999550; identical region list=True
1310,1310_brightness.jpg,train,original,1310_noise.jpg,val,original,likely_augmented_derivative,Supported,High,64x64 luminance correlation=0.998194; identical region list=True
1360,1360.jpg,train,original,1360_brightness.jpg,val,original,likely_augmented_derivative,Supported,High,64x64 luminance correlation=0.996841; identical region list=True
1360,1360_noise.jpg,train,original,1360_brightness.jpg,val,original,likely_augmented_derivative,Supported,High,64x64 luminance correlation=0.997211; identical region list=True
138,138.jpg,test,original,138_brightness.jpg,train,original,likely_augmented_derivative,Supported,High,64x64 luminance correlation=0.996657; identical region list=True
138,138.jpg,test,original,138_noise.jpg,train,original,likely_augmented_derivative,Supported,High,64x64 luminance correlation=0.999535; identical region list=True
1400,1400.jpg,test,original,1400_brightness.jpg,train,original,likely_augmented_derivative,Supported,High,64x64 luminance correlation=0.998023; identical region list=True
1400,1400.jpg,test,original,1400_noise.jpg,val,original,likely_augmented_derivative,Supported,High,64x64 luminance correlation=0.999415; identical region list=True
1400,1400_brightness.jpg,train,original,1400_noise.jpg,val,original,likely_augmented_derivative,Supported,High,64x64 luminance correlation=0.997852; identical region list=True
1450,1450.jpg,train,original,1450_brightness.jpg,val,original,likely_augmented_derivative,Supported,High,64x64 luminance correlation=0.999135; identical region list=True
1450,1450_noise.jpg,train,original,1450_brightness.jpg,val,original,likely_augmented_derivative,Supported,High,64x64 luminance correlation=0.998807; identical region list=True
1460,1460.jpg,train,original,1460_noise.jpg,val,original,likely_augmented_derivative,Supported,High,64x64 luminance correlation=0.999566; identical region list=True
1460,1460_brightness.jpg,train,original,1460_noise.jpg,val,original,likely_augmented_derivative,Supported,High,64x64 luminance correlation=0.997880; identical region list=True
150,150.jpg,test,original,150_brightness.jpg,train,original,likely_augmented_derivative,Supported,High,64x64 luminance correlation=0.996950; identical region list=True
150,150.jpg,test,original,150_noise.jpg,train,original,likely_augmented_derivative,Supported,High,64x64 luminance correlation=0.999439; identical region list=True
1520,1520.jpg,test,original,1520_brightness.jpg,train,original,likely_augmented_derivative,Supported,High,64x64 luminance correlation=0.998710; identical region list=True
1520,1520.jpg,test,original,1520_noise.jpg,train,original,likely_augmented_derivative,Supported,High,64x64 luminance correlation=0.999497; identical region list=True
1550,1550.jpg,train,original,1550_noise.jpg,val,original,likely_augmented_derivative,Supported,High,64x64 luminance correlation=0.999569; identical region list=True
1550,1550_brightness.jpg,train,original,1550_noise.jpg,val,original,likely_augmented_derivative,Supported,High,64x64 luminance correlation=0.996601; identical region list=True
1560,1560.jpg,train,original,1560_brightness.jpg,val,original,likely_augmented_derivative,Supported,High,64x64 luminance correlation=0.999374; identical region list=True
1560,1560.jpg,train,original,1560_noise.jpg,val,original,likely_augmented_derivative,Supported,High,64x64 luminance correlation=0.999517; identical region list=True
172,172.jpg,test,original,172_brightness.jpg,train,original,naming_only_candidate,Candidate,Low,64x64 luminance correlation=0.844114; identical region list=False
172,172.jpg,test,original,172_noise.jpg,val,original,naming_only_candidate,Candidate,Low,64x64 luminance correlation=0.842810; identical region list=False
172,172_brightness.jpg,train,original,172_noise.jpg,val,original,likely_augmented_derivative,Supported,High,64x64 luminance correlation=0.999184; identical region list=True
1770,1770.jpg,train,original,1770_noise.jpg,val,original,likely_augmented_derivative,Supported,High,64x64 luminance correlation=0.999322; identical region list=True
1770,1770_brightness.jpg,train,original,1770_noise.jpg,val,original,likely_augmented_derivative,Supported,High,64x64 luminance correlation=0.995345; identical region list=True
192,192.jpg,train,original,192_brightness.jpg,val,original,likely_augmented_derivative,Supported,High,64x64 luminance correlation=0.998308; identical region list=True
192,192_noise.jpg,train,original,192_brightness.jpg,val,original,likely_augmented_derivative,Supported,High,64x64 luminance correlation=0.998297; identical region list=True
194,194.jpg,train,original,194_noise.jpg,val,original,likely_augmented_derivative,Supported,High,64x64 luminance correlation=0.999435; identical region list=True
194,194_brightness.jpg,train,original,194_noise.jpg,val,original,likely_augmented_derivative,Supported,High,64x64 luminance correlation=0.995840; identical region list=True
2040,2040.jpg,test,original,2040_noise.jpg,train,original,likely_augmented_derivative,Supported,High,64x64 luminance correlation=0.999466; identical region list=True
2040,2040.jpg,test,original,2040_brightness.jpg,val,original,likely_augmented_derivative,Supported,High,64x64 luminance correlation=0.996110; identical region list=True
2040,2040_noise.jpg,train,original,2040_brightness.jpg,val,original,likely_augmented_derivative,Supported,High,64x64 luminance correlation=0.995814; identical region list=True
207,207.jpg,train,original,207_noise.jpg,val,original,likely_augmented_derivative,Supported,High,64x64 luminance correlation=0.999406; identical region list=True
207,207_brightness.jpg,train,original,207_noise.jpg,val,original,likely_augmented_derivative,Supported,High,64x64 luminance correlation=0.998940; identical region list=True
2150,2150.jpg,test,original,2150_brightness.jpg,val,original,likely_augmented_derivative,Supported,High,64x64 luminance correlation=0.998266; identical region list=True
2150,2150.jpg,test,original,2150_noise.jpg,val,original,likely_augmented_derivative,Supported,High,64x64 luminance correlation=0.999412; identical region list=True
2200,2200.jpg,train,original,2200_brightness.jpg,val,original,likely_augmented_derivative,Supported,High,64x64 luminance correlation=0.998967; identical region list=True
2200,2200_noise.jpg,train,original,2200_brightness.jpg,val,original,likely_augmented_derivative,Supported,High,64x64 luminance correlation=0.998494; identical region list=True
2210,2210.jpg,test,original,2210_noise.jpg,train,original,likely_augmented_derivative,Supported,High,64x64 luminance correlation=0.999565; identical region list=True
2210,2210.jpg,test,original,2210_brightness.jpg,val,original,likely_augmented_derivative,Supported,High,64x64 luminance correlation=0.999273; identical region list=True
2210,2210_noise.jpg,train,original,2210_brightness.jpg,val,original,likely_augmented_derivative,Supported,High,64x64 luminance correlation=0.998905; identical region list=True
223,223.jpg,train,original,223_noise.jpg,val,original,likely_augmented_derivative,Supported,High,64x64 luminance correlation=0.999561; identical region list=True
223,223_brightness.jpg,train,original,223_noise.jpg,val,original,likely_augmented_derivative,Supported,High,64x64 luminance correlation=0.996808; identical region list=True
227,227.jpg,test,original,227_noise.jpg,train,original,likely_augmented_derivative,Supported,High,64x64 luminance correlation=0.999509; identical region list=True
227,227.jpg,test,original,227_brightness.jpg,val,original,likely_augmented_derivative,Supported,High,64x64 luminance correlation=0.998656; identical region list=True
227,227_noise.jpg,train,original,227_brightness.jpg,val,original,likely_augmented_derivative,Supported,High,64x64 luminance correlation=0.998302; identical region list=True
2340,2340.jpg,train,original,2340_noise.jpg,val,original,likely_augmented_derivative,Supported,High,64x64 luminance correlation=0.999515; identical region list=True
2340,2340_brightness.jpg,train,original,2340_noise.jpg,val,original,likely_augmented_derivative,Supported,High,64x64 luminance correlation=0.998849; identical region list=True
2360,2360.jpg,test,original,2360_brightness.jpg,train,original,likely_augmented_derivative,Supported,High,64x64 luminance correlation=0.998956; identical region list=True
2360,2360.jpg,test,original,2360_noise.jpg,train,original,likely_augmented_derivative,Supported,High,64x64 luminance correlation=0.999320; identical region list=True
2400,2400_brightness.jpg,train,original,2400_noise.jpg,val,original,likely_augmented_derivative,Supported,High,64x64 luminance correlation=0.998224; identical region list=True
2410,2410.jpg,test,original,2410_brightness.jpg,train,original,likely_augmented_derivative,Supported,High,64x64 luminance correlation=0.999592; identical region list=True
2410,2410.jpg,test,original,2410_noise.jpg,train,original,likely_augmented_derivative,Supported,High,64x64 luminance correlation=0.999529; identical region list=True
251,251.jpg,train,original,251_brightness.jpg,val,original,likely_augmented_derivative,Supported,High,64x64 luminance correlation=0.996657; identical region list=True
251,251_noise.jpg,train,original,251_brightness.jpg,val,original,likely_augmented_derivative,Supported,High,64x64 luminance correlation=0.996948; identical region list=True
2520,2520.jpg,train,original,2520_brightness.jpg,val,original,likely_augmented_derivative,Supported,High,64x64 luminance correlation=0.997637; identical region list=True
2520,2520_noise.jpg,train,original,2520_brightness.jpg,val,original,likely_augmented_derivative,Supported,High,64x64 luminance correlation=0.997325; identical region list=True
256,256.jpg,train,original,256_noise.jpg,val,original,likely_augmented_derivative,Supported,High,64x64 luminance correlation=0.999594; identical region list=True
256,256_brightness.jpg,train,original,256_noise.jpg,val,original,likely_augmented_derivative,Supported,High,64x64 luminance correlation=0.998898; identical region list=True
257,257.jpg,test,original,257_brightness.jpg,train,original,likely_augmented_derivative,Supported,High,64x64 luminance correlation=0.996486; identical region list=True
257,257.jpg,test,original,257_noise.jpg,train,original,likely_augmented_derivative,Supported,High,64x64 luminance correlation=0.999641; identical region list=True
2590,2590.jpg,train,original,2590_brightness.jpg,val,original,likely_augmented_derivative,Supported,High,64x64 luminance correlation=0.999415; identical region list=True
2590,2590_noise.jpg,train,original,2590_brightness.jpg,val,original,likely_augmented_derivative,Supported,High,64x64 luminance correlation=0.999016; identical region list=True
2640,2640.jpg,test,original,2640_brightness.jpg,val,original,likely_augmented_derivative,Supported,High,64x64 luminance correlation=0.999376; identical region list=True
2640,2640.jpg,test,original,2640_noise.jpg,val,original,likely_augmented_derivative,Supported,High,64x64 luminance correlation=0.999485; identical region list=True
266,266.jpg,train,original,266_noise.jpg,val,original,likely_augmented_derivative,Supported,High,64x64 luminance correlation=0.999401; identical region list=True
266,266_brightness.jpg,train,original,266_noise.jpg,val,original,likely_augmented_derivative,Supported,High,64x64 luminance correlation=0.996924; identical region list=True
267,267.jpg,test,original,267_brightness.jpg,train,original,likely_augmented_derivative,Supported,High,64x64 luminance correlation=0.998263; identical region list=True
267,267.jpg,test,original,267_noise.jpg,val,original,likely_augmented_derivative,Supported,High,64x64 luminance correlation=0.999505; identical region list=True
267,267_brightness.jpg,train,original,267_noise.jpg,val,original,likely_augmented_derivative,Supported,High,64x64 luminance correlation=0.998116; identical region list=True
2710,2710.jpg,train,original,2710_brightness.jpg,val,original,likely_augmented_derivative,Supported,High,64x64 luminance correlation=0.998719; identical region list=True
2710,2710_noise.jpg,train,original,2710_brightness.jpg,val,original,likely_augmented_derivative,Supported,High,64x64 luminance correlation=0.998246; identical region list=True
2720,2720.jpg,test,original,2720_brightness.jpg,train,original,likely_augmented_derivative,Supported,High,64x64 luminance correlation=0.997585; identical region list=True
2720,2720.jpg,test,original,2720_noise.jpg,train,original,likely_augmented_derivative,Supported,High,64x64 luminance correlation=0.999464; identical region list=True
288,288.jpg,train,original,288_noise.jpg,val,original,likely_augmented_derivative,Supported,High,64x64 luminance correlation=0.999484; identical region list=True
288,288_brightness.jpg,train,original,288_noise.jpg,val,original,likely_augmented_derivative,Supported,High,64x64 luminance correlation=0.998596; identical region list=True
2910,2910.jpg,train,original,2910_brightness.jpg,val,original,likely_augmented_derivative,Supported,High,64x64 luminance correlation=0.998472; identical region list=True
2910,2910_noise.jpg,train,original,2910_brightness.jpg,val,original,likely_augmented_derivative,Supported,High,64x64 luminance correlation=0.998329; identical region list=True
2950,2950.jpg,train,original,2950_brightness.jpg,val,original,likely_augmented_derivative,Supported,High,64x64 luminance correlation=0.998643; identical region list=True
2950,2950.jpg,train,original,2950_noise.jpg,val,original,likely_augmented_derivative,Supported,High,64x64 luminance correlation=0.999493; identical region list=True
2960,2960.jpg,test,original,2960_brightness.jpg,train,original,likely_augmented_derivative,Supported,High,64x64 luminance correlation=0.997949; identical region list=True
2960,2960.jpg,test,original,2960_noise.jpg,train,original,likely_augmented_derivative,Supported,High,64x64 luminance correlation=0.999502; identical region list=True
2970,2970.jpg,train,original,2970_noise.jpg,val,original,likely_augmented_derivative,Supported,High,64x64 luminance correlation=0.999395; identical region list=True
2970,2970_brightness.jpg,train,original,2970_noise.jpg,val,original,likely_augmented_derivative,Supported,High,64x64 luminance correlation=0.998567; identical region list=True
302,302.jpg,test,original,302_brightness.jpg,train,original,same_annotation_geometry,Candidate,Moderate,64x64 luminance correlation=0.994995; identical region list=True
302,302.jpg,test,original,302_noise.jpg,train,original,likely_augmented_derivative,Supported,High,64x64 luminance correlation=0.999542; identical region list=True
3110,3110.jpg,test,original,3110_noise.jpg,train,original,likely_augmented_derivative,Supported,High,64x64 luminance correlation=0.999444; identical region list=True
3110,3110.jpg,test,original,3110_brightness.jpg,val,original,likely_augmented_derivative,Supported,High,64x64 luminance correlation=0.999444; identical region list=True
3110,3110_noise.jpg,train,original,3110_brightness.jpg,val,original,likely_augmented_derivative,Supported,High,64x64 luminance correlation=0.998993; identical region list=True
img_12400,IMG_12400_brightness.jpg,train,original,IMG_12400.jpg,val,original,likely_augmented_derivative,Supported,High,64x64 luminance correlation=0.996802; identical region list=True
img_12460,IMG_12460_brightness.jpg,train,original,IMG_12460.jpg,val,original,likely_augmented_derivative,Supported,High,64x64 luminance correlation=0.998318; identical region list=True
img_12810,IMG_12810_brightness.jpg,train,original,IMG_12810.jpg,val,original,likely_augmented_derivative,Supported,High,64x64 luminance correlation=0.997151; identical region list=True
img_1304,IMG_1304.jpg,test,original,IMG_1304_brightness.jpg,train,original,likely_augmented_derivative,Supported,High,64x64 luminance correlation=0.997877; identical region list=True
img_1304,IMG_1304.jpg,test,original,IMG_1304_noise.jpg,train,original,likely_augmented_derivative,Supported,High,64x64 luminance correlation=0.999744; identical region list=True
img_13650,IMG_13650.jpg,test,original,IMG_13650_brightness.jpg,train,original,likely_augmented_derivative,Supported,High,64x64 luminance correlation=0.996408; identical region list=True
img_13650,IMG_13650.jpg,test,original,IMG_13650_noise.jpg,val,original,likely_augmented_derivative,Supported,High,64x64 luminance correlation=0.999718; identical region list=True
img_13650,IMG_13650_brightness.jpg,train,original,IMG_13650_noise.jpg,val,original,likely_augmented_derivative,Supported,High,64x64 luminance correlation=0.996511; identical region list=True
img_13700,IMG_13700_brightness.jpg,train,original,IMG_13700.jpg,val,original,likely_augmented_derivative,Supported,High,64x64 luminance correlation=0.995642; identical region list=True
img_1381,IMG_1381_brightness.jpg,train,original,IMG_1381.jpg,val,original,likely_augmented_derivative,Supported,High,64x64 luminance correlation=0.996648; identical region list=True
img_1387,IMG_1387.jpg,test,original,IMG_1387_brightness.jpg,train,original,likely_augmented_derivative,Supported,High,64x64 luminance correlation=0.997606; identical region list=True
img_1387,IMG_1387.jpg,test,original,IMG_1387_noise.jpg,val,original,likely_augmented_derivative,Supported,High,64x64 luminance correlation=0.999643; identical region list=True
img_1387,IMG_1387_brightness.jpg,train,original,IMG_1387_noise.jpg,val,original,likely_augmented_derivative,Supported,High,64x64 luminance correlation=0.997641; identical region list=True
img_1389,IMG_1389.jpg,test,original,IMG_1389_brightness.jpg,train,original,likely_augmented_derivative,Supported,High,64x64 luminance correlation=0.996890; identical region list=True
img_1389,IMG_1389.jpg,test,original,IMG_1389_noise.jpg,train,original,likely_augmented_derivative,Supported,High,64x64 luminance correlation=0.999524; identical region list=True
img_1390,IMG_1390.jpg,test,original,IMG_1390_noise.jpg,train,original,likely_augmented_derivative,Supported,High,64x64 luminance correlation=0.999694; identical region list=True
img_1390,IMG_1390.jpg,test,original,IMG_1390_brightness.jpg,val,original,likely_augmented_derivative,Supported,High,64x64 luminance correlation=0.996655; identical region list=True
img_1390,IMG_1390_noise.jpg,train,original,IMG_1390_brightness.jpg,val,original,likely_augmented_derivative,Supported,High,64x64 luminance correlation=0.996688; identical region list=True
img_13930,IMG_13930_brightness.jpg,train,original,IMG_13930.jpg,val,original,likely_augmented_derivative,Supported,High,64x64 luminance correlation=0.997448; identical region list=True
img_13960,IMG_13960_brightness.jpg,train,original,IMG_13960.jpg,val,original,same_annotation_geometry,Candidate,Moderate,64x64 luminance correlation=0.994468; identical region list=True
img_14040,IMG_14040_brightness.jpg,train,original,IMG_14040.jpg,val,original,same_annotation_geometry,Candidate,Moderate,64x64 luminance correlation=0.990993; identical region list=True
img_1406,IMG_1406.jpg,train,original,IMG_1406_brightness.jpg,val,original,likely_augmented_derivative,Supported,High,64x64 luminance correlation=0.996001; identical region list=True
img_1406,IMG_1406_noise.jpg,train,original,IMG_1406_brightness.jpg,val,original,likely_augmented_derivative,Supported,High,64x64 luminance correlation=0.996321; identical region list=True
img_1419,IMG_1419.jpg,test,original,IMG_1419_brightness.jpg,train,original,likely_augmented_derivative,Supported,High,64x64 luminance correlation=0.997893; identical region list=True
img_1419,IMG_1419.jpg,test,original,IMG_1419_noise.jpg,val,original,likely_augmented_derivative,Supported,High,64x64 luminance correlation=0.999801; identical region list=True
img_1419,IMG_1419_brightness.jpg,train,original,IMG_1419_noise.jpg,val,original,likely_augmented_derivative,Supported,High,64x64 luminance correlation=0.997922; identical region list=True
img_14420,IMG_14420.jpg,test,original,IMG_14420_brightness.jpg,train,original,likely_augmented_derivative,Supported,High,64x64 luminance correlation=0.998932; identical region list=True
img_14420,IMG_14420.jpg,test,original,IMG_14420_noise.jpg,train,original,likely_augmented_derivative,Supported,High,64x64 luminance correlation=0.999714; identical region list=True
img_1469,IMG_1469.jpg,test,original,IMG_1469_brightness.jpg,train,original,likely_augmented_derivative,Supported,High,64x64 luminance correlation=0.996951; identical region list=True
img_1469,IMG_1469.jpg,test,original,IMG_1469_noise.jpg,train,original,likely_augmented_derivative,Supported,High,64x64 luminance correlation=0.999494; identical region list=True
img_54160,IMG_54160.jpg,test,original,IMG_54160_noise.jpg,train,original,likely_augmented_derivative,Supported,High,64x64 luminance correlation=0.999723; identical region list=True
img_54190,IMG_54190.jpg,test,original,IMG_54190_noise.jpg,train,original,likely_augmented_derivative,Supported,High,64x64 luminance correlation=0.999557; identical region list=True
img_54370,IMG_54370.jpg,test,original,IMG_54370_brightness.jpg,train,original,likely_augmented_derivative,Supported,High,64x64 luminance correlation=0.997365; identical region list=True
img_54370,IMG_54370.jpg,test,original,IMG_54370_noise.jpg,train,original,likely_augmented_derivative,Supported,High,64x64 luminance correlation=0.999751; identical region list=True
img_54450,IMG_54450.jpg,test,original,IMG_54450_brightness.jpg,train,original,likely_augmented_derivative,Supported,High,64x64 luminance correlation=0.998055; identical region list=True
img_54450,IMG_54450.jpg,test,original,IMG_54450_noise.jpg,train,original,likely_augmented_derivative,Supported,High,64x64 luminance correlation=0.999635; identical region list=True
img_55910,IMG_55910.jpg,test,original,IMG_55910_brightness.jpg,train,original,likely_augmented_derivative,Supported,High,64x64 luminance correlation=0.997680; identical region list=True
img_55910,IMG_55910.jpg,test,original,IMG_55910_noise.jpg,train,original,likely_augmented_derivative,Supported,High,64x64 luminance correlation=0.999655; identical region list=True
sha256:7d579f7f2a9882fb,138.jpg,test,original,251.jpg,train,original,exact_duplicate,Confirmed,High,identical SHA256 7d579f7f2a9882fbab51e747b172da364d77556c89c026c9ec184da25b57a25d; identical region list=False
sha256:f68f5c4ee808f797,143.jpg,test,original,267.jpg,test,original,exact_duplicate,Confirmed,High,identical SHA256 f68f5c4ee808f79704fea6a317a07a73106356b5720f01f45d796b9a6c0da41b; identical region list=False
sha256:a80af98baf3ae6ec,150.jpg,test,original,279.jpg,test,original,exact_duplicate,Confirmed,High,identical SHA256 a80af98baf3ae6ec180981740c80bec0732065bdd3cdd3b973aa49609ca9d89c; identical region list=False
sha256:faa093dd26789579,137.jpg,train,original,256.jpg,train,original,exact_duplicate,Confirmed,High,identical SHA256 faa093dd267895795b949973cb66dbca06214670511a5740e9cc7fcbc6b87018; identical region list=False
sha256:a7e138f5bfd24dbc,137_brightness.jpg,train,original,256_brightness.jpg,train,original,exact_duplicate,Confirmed,High,identical SHA256 a7e138f5bfd24dbc625744eede912d61ff140b681bdb793f12da2b2e0bd998e5; identical region list=False
sha256:f81d8e3a53685a3a,138_brightness.jpg,train,original,251_brightness.jpg,val,original,exact_duplicate,Confirmed,High,identical SHA256 f81d8e3a53685a3a1935e4ddcb3d08c0fc57e7c6df69073fe9f2f8c77f63e2e2; identical region list=False
sha256:4563c298a1e19716,144.jpg,train,original,268.jpg,train,original,exact_duplicate,Confirmed,High,identical SHA256 4563c298a1e19716bedc66c9f9943af6a28a9f1be40ff8bc198da41ef2587bac; identical region list=False
sha256:82ea175c2e92ea81,144_brightness.jpg,train,original,268_brightness.jpg,train,original,exact_duplicate,Confirmed,High,identical SHA256 82ea175c2e92ea8140a79a04af1e700b106e8b49306309ece31b9978c4299c39; identical region list=False
sha256:57d43f59bf8f4565,149.jpg,train,original,285.jpg,train,original,exact_duplicate,Confirmed,High,identical SHA256 57d43f59bf8f456525b49602063d6a387e9ba92c0500166143f115b054557c52; identical region list=False
sha256:32e6e89701b6cf6a,398.jpg,train,original,166.jpg,val,original,exact_duplicate,Confirmed,High,identical SHA256 32e6e89701b6cf6a5af04e40e84116c26062602677e2565bd17599ae55d8954e; identical region list=False
visual:137|256,137.jpg,train,original,256_noise.jpg,val,original,likely_augmented_derivative,Supported,Moderate,256-bit dHash distance=3; 64x64 luminance correlation=0.999594; identical region list=False; different source names
visual:137|256,137_brightness.jpg,train,original,256_noise.jpg,val,original,likely_augmented_derivative,Supported,Moderate,256-bit dHash distance=0; 64x64 luminance correlation=0.998898; identical region list=False; different source names
visual:137|256,137_noise.jpg,train,original,256_noise.jpg,val,original,likely_augmented_derivative,Supported,Moderate,256-bit dHash distance=9; 64x64 luminance correlation=0.999275; identical region list=False; different source names
visual:138|251,138_noise.jpg,train,original,251_brightness.jpg,val,original,likely_augmented_derivative,Supported,Moderate,256-bit dHash distance=10; 64x64 luminance correlation=0.996999; identical region list=False; different source names
visual:1540|2590,1540.jpg,train,original,2590_brightness.jpg,val,original,likely_augmented_derivative,Supported,Moderate,256-bit dHash distance=2; 64x64 luminance correlation=0.999033; identical region list=False; different source names
visual:1540|2590,1540_brightness.jpg,train,original,2590_brightness.jpg,val,original,likely_augmented_derivative,Supported,Moderate,256-bit dHash distance=1; 64x64 luminance correlation=0.999615; identical region list=False; different source names
visual:1540|2590,1540_noise.jpg,train,original,2590_brightness.jpg,val,original,likely_augmented_derivative,Supported,Moderate,256-bit dHash distance=7; 64x64 luminance correlation=0.998643; identical region list=False; different source names
visual:1560|2640,1560.jpg,train,original,2640_brightness.jpg,val,original,likely_augmented_derivative,Supported,Moderate,256-bit dHash distance=4; 64x64 luminance correlation=0.996730; identical region list=False; different source names
visual:1560|2640,1560.jpg,train,original,2640_noise.jpg,val,original,likely_augmented_derivative,Supported,Moderate,256-bit dHash distance=7; 64x64 luminance correlation=0.996808; identical region list=False; different source names
visual:2360|1290,2360_noise.jpg,train,original,1290_noise.jpg,val,original,unresolved,Candidate,Low,256-bit dHash distance=11; 64x64 luminance correlation=0.976890; identical region list=False; different source names
visual:246|1400,246.jpg,train,original,1400_noise.jpg,val,original,unresolved,Candidate,Low,256-bit dHash distance=9; 64x64 luminance correlation=0.973173; identical region list=False; different source names
visual:257|1360,257_brightness.jpg,train,original,1360_brightness.jpg,val,original,likely_augmented_derivative,Supported,Moderate,256-bit dHash distance=6; 64x64 luminance correlation=0.996807; identical region list=False; different source names
visual:257|1360,257_noise.jpg,train,original,1360_brightness.jpg,val,original,unresolved,Candidate,Low,256-bit dHash distance=10; 64x64 luminance correlation=0.994195; identical region list=False; different source names
visual:2630|1460,2630.jpg,train,original,1460_noise.jpg,val,original,unresolved,Candidate,Low,256-bit dHash distance=11; 64x64 luminance correlation=0.992064; identical region list=False; different source names
visual:2650|1450,2650.jpg,train,original,1450_brightness.jpg,val,original,unresolved,Candidate,Low,256-bit dHash distance=9; 64x64 luminance correlation=0.988865; identical region list=False; different source names
visual:2650|1450,2650_brightness.jpg,train,original,1450_brightness.jpg,val,original,unresolved,Candidate,Low,256-bit dHash distance=8; 64x64 luminance correlation=0.989520; identical region list=False; different source names
visual:2650|1450,2650_noise.jpg,train,original,1450_brightness.jpg,val,original,unresolved,Candidate,Low,256-bit dHash distance=10; 64x64 luminance correlation=0.988595; identical region list=False; different source names
visual:1290|2360,1290_brightness.jpg,train,original,2360.jpg,test,original,unresolved,Candidate,Low,256-bit dHash distance=8; 64x64 luminance correlation=0.977151; identical region list=False; different source names
visual:1320|2410,1320.jpg,train,original,2410.jpg,test,original,unresolved,Candidate,Low,256-bit dHash distance=4; 64x64 luminance correlation=0.988444; identical region list=False; different source names
visual:1320|2410,1320_brightness.jpg,train,original,2410.jpg,test,original,unresolved,Candidate,Low,256-bit dHash distance=8; 64x64 luminance correlation=0.987980; identical region list=False; different source names
visual:1320|2410,1320_noise.jpg,train,original,2410.jpg,test,original,unresolved,Candidate,Low,256-bit dHash distance=10; 64x64 luminance correlation=0.987818; identical region list=False; different source names
visual:1360|257,1360.jpg,train,original,257.jpg,test,original,likely_augmented_derivative,Supported,Moderate,256-bit dHash distance=7; 64x64 luminance correlation=0.997164; identical region list=False; different source names
visual:1390|250,1390.jpg,train,original,250.jpg,test,original,unresolved,Candidate,Low,256-bit dHash distance=7; 64x64 luminance correlation=0.992268; identical region list=False; different source names
visual:1390|250,1390_brightness.jpg,train,original,250.jpg,test,original,unresolved,Candidate,Low,256-bit dHash distance=6; 64x64 luminance correlation=0.991099; identical region list=False; different source names
visual:1390|250,1390_noise.jpg,train,original,250.jpg,test,original,unresolved,Candidate,Low,256-bit dHash distance=10; 64x64 luminance correlation=0.991595; identical region list=False; different source names
visual:150|279,150_brightness.jpg,train,original,279.jpg,test,original,likely_augmented_derivative,Supported,Moderate,256-bit dHash distance=2; 64x64 luminance correlation=0.996950; identical region list=False; different source names
visual:150|279,150_noise.jpg,train,original,279.jpg,test,original,likely_augmented_derivative,Supported,Moderate,256-bit dHash distance=3; 64x64 luminance correlation=0.999439; identical region list=False; different source names
visual:151|2800,151.jpg,train,original,2800.jpg,test,original,unresolved,Candidate,Low,256-bit dHash distance=10; 64x64 luminance correlation=0.978110; identical region list=False; different source names
visual:151|2800,151_brightness.jpg,train,original,2800.jpg,test,original,unresolved,Candidate,Low,256-bit dHash distance=11; 64x64 luminance correlation=0.976088; identical region list=False; different source names
visual:1560|2640,1560.jpg,train,original,2640.jpg,test,original,likely_augmented_derivative,Supported,Moderate,256-bit dHash distance=2; 64x64 luminance correlation=0.997382; identical region list=False; different source names
visual:162|3030,162.jpg,train,original,3030.jpg,test,original,unresolved,Candidate,Low,256-bit dHash distance=11; 64x64 luminance correlation=0.966852; identical region list=False; different source names
visual:1640|3100,1640.jpg,train,original,3100.jpg,test,original,likely_augmented_derivative,Supported,Moderate,256-bit dHash distance=3; 64x64 luminance correlation=0.996983; identical region list=False; different source names
visual:2340|1270,2340.jpg,train,original,1270.jpg,test,original,likely_augmented_derivative,Supported,Moderate,256-bit dHash distance=7; 64x64 luminance correlation=0.995166; identical region list=False; different source names
visual:2340|1270,2340_brightness.jpg,train,original,1270.jpg,test,original,unresolved,Candidate,Low,256-bit dHash distance=8; 64x64 luminance correlation=0.994344; identical region list=False; different source names
visual:2360|1290,2360_brightness.jpg,train,original,1290.jpg,test,original,unresolved,Candidate,Low,256-bit dHash distance=9; 64x64 luminance correlation=0.977902; identical region list=False; different source names
visual:2370|2890,2370.jpg,train,original,2890.jpg,test,original,unresolved,Candidate,Low,256-bit dHash distance=1; 64x64 luminance correlation=0.980842; identical region list=False; different source names
visual:2370|2890,2370_brightness.jpg,train,original,2890.jpg,test,original,unresolved,Candidate,Low,256-bit dHash distance=5; 64x64 luminance correlation=0.981644; identical region list=False; different source names
visual:2370|2890,2370_noise.jpg,train,original,2890.jpg,test,original,unresolved,Candidate,Low,256-bit dHash distance=11; 64x64 luminance correlation=0.980462; identical region list=False; different source names
visual:246|1400,246.jpg,train,original,1400.jpg,test,original,unresolved,Candidate,Low,256-bit dHash distance=4; 64x64 luminance correlation=0.973521; identical region list=False; different source names
visual:251|138,251_noise.jpg,train,original,138.jpg,test,original,likely_augmented_derivative,Supported,Moderate,256-bit dHash distance=6; 64x64 luminance correlation=0.999551; identical region list=False; different source names
visual:267|143,267_brightness.jpg,train,original,143.jpg,test,original,likely_augmented_derivative,Supported,Moderate,256-bit dHash distance=3; 64x64 luminance correlation=0.998263; identical region list=False; different source names
visual:2690|1420,2690.jpg,train,original,1420.jpg,test,original,likely_augmented_derivative,Supported,Moderate,256-bit dHash distance=2; 64x64 luminance correlation=0.999409; identical region list=False; different source names
visual:2690|1420,2690_brightness.jpg,train,original,1420.jpg,test,original,likely_augmented_derivative,Supported,Moderate,256-bit dHash distance=5; 64x64 luminance correlation=0.999183; identical region list=False; different source names
visual:2690|1420,2690_noise.jpg,train,original,1420.jpg,test,original,likely_augmented_derivative,Supported,Moderate,256-bit dHash distance=6; 64x64 luminance correlation=0.999094; identical region list=False; different source names
visual:2760|1600,2760.jpg,train,original,1600.jpg,test,original,unresolved,Candidate,Low,256-bit dHash distance=11; 64x64 luminance correlation=0.955014; identical region list=False; different source names
visual:img_14130|img_14120,IMG_14130.jpg,train,original,IMG_14120.jpg,test,original,unresolved,Candidate,Low,256-bit dHash distance=8; 64x64 luminance correlation=0.982534; identical region list=False; different source names
visual:1360|257,1360_brightness.jpg,val,original,257.jpg,test,original,unresolved,Candidate,Low,256-bit dHash distance=10; 64x64 luminance correlation=0.993738; identical region list=False; different source names
visual:1560|2640,1560_brightness.jpg,val,original,2640.jpg,test,original,likely_augmented_derivative,Supported,Moderate,256-bit dHash distance=4; 64x64 luminance correlation=0.996712; identical region list=False; different source names
visual:1560|2640,1560_noise.jpg,val,original,2640.jpg,test,original,likely_augmented_derivative,Supported,Moderate,256-bit dHash distance=12; 64x64 luminance correlation=0.996898; identical region list=False; different source names
visual:251|138,251_brightness.jpg,val,original,138.jpg,test,original,likely_augmented_derivative,Supported,Moderate,256-bit dHash distance=5; 64x64 luminance correlation=0.996657; identical region list=False; different source names
visual:267|143,267_noise.jpg,val,original,143.jpg,test,original,likely_augmented_derivative,Supported,Moderate,256-bit dHash distance=11; 64x64 luminance correlation=0.999505; identical region list=False; different source names
