split,variant,filename,stem,extension,width,height,bytes,sha256,source_family,candidate_group_id,decode_status,image_format
test,original,108.jpg,108,.jpg,369,277,72226,74c2d9ed075a6f7018b11c56094c1ee8e1040cebf1773df3063a248f686dc5c5,108,candidate-0001,decoded,JPEG
test,original,115.jpg,115,.jpg,369,277,27953,c0d918ccc1a34d92c28f1fb398211a5cf2c273f69fb81be0ceb9b0d623cf678e,115,candidate-0002,decoded,JPEG
test,original,1170.jpg,1170,.jpg,369,277,23425,eb8f23cbcd8fdd6aad9bd06efab42775f407e0934f1cf76105bb9964626505ec,1170,candidate-0003,decoded,JPEG
test,original,123.jpg,123,.jpg,369,277,25258,14ca1e6cd018c4e525a52e653ad1e8a5e120bdeece389641fd5c45e794676c81,123,candidate-0004,decoded,JPEG
test,original,1240.jpg,1240,.jpg,369,277,20085,9b200d65bdac549a802ee7af555f7b00608637b78fc1d3f90718e5b78bb523fe,1240,candidate-0005,decoded,JPEG
test,original,1270.jpg,1270,.jpg,369,277,20735,7f2fec2e3e9014a9d388949e50089eb64db0bcaf41c37fc2e127670ea2ece73c,1270,candidate-0006,decoded,JPEG
test,original,1290.jpg,1290,.jpg,369,277,30145,006400ebbe3fb628c5cf10c51ba48517adcef0f8bab29396ab46a569b1c02907,1290,candidate-0007,decoded,JPEG
test,original,138.jpg,138,.jpg,369,277,25837,7d579f7f2a9882fbab51e747b172da364d77556c89c026c9ec184da25b57a25d,138,candidate-0008,decoded,JPEG
test,original,1400.jpg,1400,.jpg,369,277,29418,412f7eebdbe74a96436f66ebe2b7db1b2c4537aaddd56aa3c9523e59eaba9224,1400,candidate-0009,decoded,JPEG
test,original,1410.jpg,1410,.jpg,369,277,19225,ce9d66a934ac3390238212d8b615cf7405b73088fcdfe3c9fb46c1c4131262f0,1410,candidate-0010,decoded,JPEG
test,original,1420.jpg,1420,.jpg,369,277,19782,c2b37b5c4fb29324cb946ad8891065e594bdf7b4ec7d677d2f1ea812a45c6f6b,1420,candidate-0011,decoded,JPEG
test,original,143.jpg,143,.jpg,369,277,24764,f68f5c4ee808f79704fea6a317a07a73106356b5720f01f45d796b9a6c0da41b,143,candidate-0012,decoded,JPEG
test,original,150.jpg,150,.jpg,369,277,26593,a80af98baf3ae6ec180981740c80bec0732065bdd3cdd3b973aa49609ca9d89c,150,candidate-0013,decoded,JPEG
test,original,1520.jpg,1520,.jpg,369,277,34055,9df0c838c1a79d9d17d3af5adc69454f02e69936b420c1063c2f043d8870cd30,1520,candidate-0014,decoded,JPEG
test,original,158.jpg,158,.jpg,369,277,83770,75b84a5912b0caf4ff926943b1e66c0a93ed1521fcc89a3ebe573828447b17fd,158,candidate-0015,decoded,JPEG
test,original,1600.jpg,1600,.jpg,369,277,34173,d3245d207971753655ec03366a680b21dbee77213628afbb40875bd6e7b81fd3,1600,candidate-0016,decoded,JPEG
test,original,1710.jpg,1710,.jpg,277,369,31701,ea1a9f0de624344e0a392e5d41233a7e95e612cf077f413775089bbcf6c42924,1710,candidate-0017,decoded,JPEG
test,original,172.jpg,172,.jpg,277,369,60229,5c75076267431c59388da76127ca51395c715399d68972796845305a85c0e121,172,candidate-0018,decoded,JPEG
test,original,175.jpg,175,.jpg,277,369,31731,6623874e0ae3fe2d07a68ffa549b87519d90733649283fc45eeb5565bc1c6d26,175,candidate-0019,decoded,JPEG
test,original,1760.jpg,1760,.jpg,277,369,16887,5e44170c0744c74faec1195a103920416d642216384f262947a35fb3fc485b92,1760,candidate-0020,decoded,JPEG
test,original,182.jpg,182,.jpg,277,369,61286,c8f26de9972a7401f9b4132891c467a904c993a6868ba1d3342a6d8687c01c0e,182,candidate-0021,decoded,JPEG
test,original,1840.jpg,1840,.jpg,277,369,29222,4f77c2878e4ecb428b02b5c1eec11105c4215337ffd7f5bf190a8559f164ef69,1840,candidate-0022,decoded,JPEG
test,original,2040.jpg,2040,.jpg,369,277,27885,a715504d246b546405a74509d0bf47902161a0fe08175809b61481790443c48f,2040,candidate-0023,decoded,JPEG
test,original,2050.jpg,2050,.jpg,369,277,36129,15b553fe96b799db0813ed52e340d56994ecfcb14af71a6a7aea42bbac7a2c66,2050,candidate-0024,decoded,JPEG
test,original,206.jpg,206,.jpg,369,277,30071,73d6b7ecf561c02ef4be9ffc40db903f5bdb8b636d03f58b4e3b392ca07bb985,206,candidate-0025,decoded,JPEG
test,original,2150.jpg,2150,.jpg,369,277,20810,b6f94c6a13b83058ef1c48d34c34ae9c05f112824f6064f37fa906e4f75002c5,2150,candidate-0026,decoded,JPEG
test,original,2210.jpg,2210,.jpg,369,277,20369,34f8fe4d9a895f302375defffb790b88b6bd9ea8ce49e6a3723eb21b9024981e,2210,candidate-0027,decoded,JPEG
test,original,227.jpg,227,.jpg,369,277,58148,8f154110b1aadf3d086922a4eb59fe1183dcfe93a065f2c883144bf6478f3c1c,227,candidate-0028,decoded,JPEG
test,original,232.jpg,232,.jpg,369,277,46829,e4bf79a18f4272b3d295d67cb0b7102485e02d7950999b3f97ef55a4bcbcb2d9,232,candidate-0029,decoded,JPEG
test,original,2360.jpg,2360,.jpg,369,277,30520,296c307413e174e5982853ca3b06788572bdc8c670d014f6c9a0966667b44155,2360,candidate-0030,decoded,JPEG
test,original,2410.jpg,2410,.jpg,369,277,18663,a76f263b21c4dc919fafdc2c66f19f590011782d0d2f7b7bf5870ece3c1bf912,2410,candidate-0031,decoded,JPEG
test,original,2450.jpg,2450,.jpg,369,277,21924,85cc0b8f0993ae1ed8312a546ffbf10c5e490283c9c40ddb3159452bb71f4200,2450,candidate-0032,decoded,JPEG
test,original,250.jpg,250,.jpg,369,277,32103,52ef9757855f1a8ed25d852422c0364ff66a01ffc650ae1d80deeb9919d53625,250,candidate-0033,decoded,JPEG
test,original,255.jpg,255,.jpg,369,277,31550,b29460f2a7355ec8a1672081211838cc4a93dfc5073c43d27b83abe7faeb33ea,255,candidate-0034,decoded,JPEG
test,original,257.jpg,257,.jpg,369,277,38635,c28ee1db0a67a10245eb691a901a3c69343eda28d3a8d3ac7d4d4b6061a997b0,257,candidate-0035,decoded,JPEG
test,original,2640.jpg,2640,.jpg,369,277,18961,48a8d16402db8c191ea3ea49338f6547554672088ffa170729d8a356c30c2eb4,2640,candidate-0036,decoded,JPEG
test,original,267.jpg,267,.jpg,369,277,24764,f68f5c4ee808f79704fea6a317a07a73106356b5720f01f45d796b9a6c0da41b,267,candidate-0012,decoded,JPEG
test,original,27.jpg,27,.jpg,369,277,89339,9082848dd1f9fe56167c1239976ec701ac41af0c420669f275485b073a3e26de,27,candidate-0037,decoded,JPEG
test,original,2720.jpg,2720,.jpg,369,277,44314,9f547d451aa8b2321ea3bd3ab6166355bf67af42afdae7e34b609fd082304024,2720,candidate-0038,decoded,JPEG
test,original,279.jpg,279,.jpg,369,277,26593,a80af98baf3ae6ec180981740c80bec0732065bdd3cdd3b973aa49609ca9d89c,279,candidate-0013,decoded,JPEG
test,original,2800.jpg,2800,.jpg,369,277,22875,c63c9afeb1a6058a86a1d9ebe68bc2589056abbb7d0338e74d437c9f7f377f1e,2800,candidate-0039,decoded,JPEG
test,original,2810.jpg,2810,.jpg,369,277,20419,e3e5f884a2945118d4cbfa1cf6c992c2446766c8373bb6d98e7f0a02e728c8df,2810,candidate-0040,decoded,JPEG
test,original,2890.jpg,2890,.jpg,369,277,22937,f579c24dfc52f16cd0b8079621444fd16d9b67167d002f18fddcdf80c4ba5d89,2890,candidate-0041,decoded,JPEG
test,original,2960.jpg,2960,.jpg,277,369,38387,e7ef2322d29e6e51e3f51500acc90c93a4b61967b6b9f11bd68d5f3eeba52531,2960,candidate-0042,decoded,JPEG
test,original,299.jpg,299,.jpg,369,277,24676,c3a51741c3dd2f383533a4490b9663b752ad782dc655ca85c1937e73a41ab345,299,candidate-0043,decoded,JPEG
test,original,302.jpg,302,.jpg,277,369,30597,6fb668b474c6cca8d78888a53c84030e22f9a4a7412c49f03a11a448266f174f,302,candidate-0044,decoded,JPEG
test,original,3030.jpg,3030,.jpg,369,277,34396,8aca0d88946686ed17e2e9accac63736e986afd45cbe1990492a8b59627215c5,3030,candidate-0045,decoded,JPEG
test,original,3100.jpg,3100,.jpg,369,277,35336,07e058b083cfbeeeef5df903435c38d0292f283503ebe2f54540e56f2552ae52,3100,candidate-0046,decoded,JPEG
test,original,3110.jpg,3110,.jpg,369,277,20924,3d66607a05ee4e84683d416f9772a3e256ed6da3c7a4edf0e4601fc2e19cdbd6,3110,candidate-0047,decoded,JPEG
test,original,317.jpg,317,.jpg,277,369,46826,a0148988a3639973091f1ea1c04ee63d616aec2951ce2284d4bdf41bf3d14ec6,317,candidate-0048,decoded,JPEG
test,original,3240.jpg,3240,.jpg,277,369,25738,6cdfbfc76c8a5782631a95f88e28b2f52a252a2d81b57e708e42f063f6366483,3240,candidate-0049,decoded,JPEG
test,original,3250.jpg,3250,.jpg,369,277,32519,4dab0f593ba4f8542c9d3141317853d960a1aa2c7d4832408c4fdab491b6a802,3250,candidate-0050,decoded,JPEG
test,original,328.jpg,328,.jpg,369,277,28858,ea90013bd0bf177f79148f3fcad6262c934f181cc16968327bda69cf401571bd,328,candidate-0051,decoded,JPEG
test,original,339.jpg,339,.jpg,369,277,23941,488d4d522b1806a5a3e6f596dcf6fc258896a9cec470e1254001b8642711c573,339,candidate-0052,decoded,JPEG
test,original,3421.jpg,3421,.jpg,369,277,34533,19273b75308c22200ab7bf13ce20e22a666429f495bacf8ce78b3bbdfa9a8843,3421,candidate-0053,decoded,JPEG
test,original,343.jpg,343,.jpg,369,277,24099,35fd78b16401e482189ab5fafb003850d66293abe04a3df380c4f74523fd45ec,343,candidate-0054,decoded,JPEG
test,original,3480.jpg,3480,.jpg,369,277,45196,f8df3dfcc2762a9f491099195f086adf995bbeaaa6a7cb5ec7019ab242019b7c,3480,candidate-0055,decoded,JPEG
test,original,35.jpg,35,.jpg,369,277,109856,443f0a92dbe612ca3320c74ce82d53c5f69f5ba4e8200cf20780841b38332d10,35,candidate-0056,decoded,JPEG
test,original,3820.jpg,3820,.jpg,277,369,36369,edc2628eaf7def0cb5ddc674bee33d6d69cce2a44ded7f6f470fb2a965ae22fd,3820,candidate-0057,decoded,JPEG
test,original,383.jpg,383,.jpg,277,369,54232,dccc459e534369e16bed6fd4fd048e21d6fa32765a3d3af7090d6e48bc850266,383,candidate-0058,decoded,JPEG
test,original,390.jpg,390,.jpg,277,369,41724,d1176ff388a2b5e5bcc44aa3f9dcf9736377e7f191ffdedc2913c45ccf91aa56,390,candidate-0059,decoded,JPEG
test,original,423-1.jpg,423-1,.jpg,369,277,35078,6f265817102f01cd4bc23a79b4c43e575b9869746cd1870a1af4847273cf2dcc,423-1,candidate-0060,decoded,JPEG
test,original,43.jpg,43,.jpg,369,277,80434,b36a5602a5b46d7b95f30fa1b1cdd12adda6ddf95f26fa06e8610164d56e5ea6,43,candidate-0061,decoded,JPEG
test,original,45.jpg,45,.jpg,369,277,113866,e09a3375ce5ebcd7e6d068dbd57d95666455618aeb7fad24d2993f17fed1dd4e,45,candidate-0062,decoded,JPEG
test,original,65.jpg,65,.jpg,277,369,81663,166cbba59742bdcf68e038c3b9582e44cfd121da3974859f59a86799d6ea8d88,65,candidate-0063,decoded,JPEG
test,original,70000.jpg,70000,.jpg,369,277,35199,250b7d422e1a9693078c112aafe33f9ffc57712c92ee54b8f2f812bf62d9e4b7,70000,candidate-0064,decoded,JPEG
test,original,82.jpg,82,.jpg,369,277,91956,9c11c7b282cf12b8d5b7e072177f5b1ac5981abbb2cb5c9617cf57f5d13de4ca,82,candidate-0065,decoded,JPEG
test,original,83.jpg,83,.jpg,369,277,95263,e56214b65101d9dab7966e2445284189552e207775f16b78185d7fb71f59d491,83,candidate-0066,decoded,JPEG
test,original,IMG_12340.jpg,IMG_12340,.jpg,404,303,46473,408bb6ff3030255be5f690a633dab927cffd5637b7d096f74e1678c96da5e05e,img_12340,candidate-0067,decoded,JPEG
test,original,IMG_1236.jpg,IMG_1236,.jpg,404,303,36074,d6aaa9c7fecb222a7209e1abb31bac2ec8a441b6a2ad8a9de515eb016b994342,img_1236,candidate-0068,decoded,JPEG
test,original,IMG_12420.jpg,IMG_12420,.jpg,404,303,45130,55795bc56674d748307da98aeaec9b086635cd25281bfb8688ea775723ba3c53,img_12420,candidate-0069,decoded,JPEG
test,original,IMG_12480.jpg,IMG_12480,.jpg,404,303,27532,81c982cc863bddffa78a3ece88f28b1ca7be95d589b79d6bfb6989731b75dc86,img_12480,candidate-0070,decoded,JPEG
test,original,IMG_1249.jpg,IMG_1249,.jpg,404,303,29102,9f8533059165a2077d982d0a694dc3338c0d54b76f4d3bf71c22b4881b222713,img_1249,candidate-0071,decoded,JPEG
test,original,IMG_12570.jpg,IMG_12570,.jpg,404,303,47111,da96978b4d9af2c38899ebda50b21c5a1733fda10444448d1d144027bdd8e0cf,img_12570,candidate-0072,decoded,JPEG
test,original,IMG_12730.jpg,IMG_12730,.jpg,404,303,39226,dd4bc7592e43aca6a8879cbd10dc41129a13890f317d804d82207299bbb28643,img_12730,candidate-0073,decoded,JPEG
test,original,IMG_12790.jpg,IMG_12790,.jpg,404,303,38802,9406a544b943cf335c02e963713b3714e55e62d836f5ae55e62c802315c0d4df,img_12790,candidate-0074,decoded,JPEG
test,original,IMG_1285.jpg,IMG_1285,.jpg,404,303,28324,bdf40aebdce94e94e6683b012652919d2a4fce4910f1901369adc88bf4272356,img_1285,candidate-0075,decoded,JPEG
test,original,IMG_1288.jpg,IMG_1288,.jpg,404,303,27436,4adb81847987a4017e737eddd236586b4aa18d2def18ebf7b6d389cd1fb64215,img_1288,candidate-0076,decoded,JPEG
test,original,IMG_1304.jpg,IMG_1304,.jpg,404,303,39647,5b39bddcaebc754730292793e871bb14d34858853c14eb9d66e180b304ab110a,img_1304,candidate-0077,decoded,JPEG
test,original,IMG_13060.jpg,IMG_13060,.jpg,404,303,21155,8c2f66fe8fbfdcd5ddb482611992bb3cec17ff632e888663856bdab410e337fe,img_13060,candidate-0078,decoded,JPEG
test,original,IMG_13090.jpg,IMG_13090,.jpg,404,303,45016,c2e399bb2addb3271a87ba99d06cc2a57097ee13825add22917030aa323f528d,img_13090,candidate-0079,decoded,JPEG
test,original,IMG_13110.jpg,IMG_13110,.jpg,404,303,32095,060836546c11870ba885d92020629ca09b9f70992b10ce1cdc0e2c5b44e826cd,img_13110,candidate-0080,decoded,JPEG
test,original,IMG_13150.jpg,IMG_13150,.jpg,404,303,28887,eb7f393fb116cf4b6f0fcf7c8ea565ecbb0c9e91441b9e8e18453687dd4eb557,img_13150,candidate-0081,decoded,JPEG
test,original,IMG_13190.jpg,IMG_13190,.jpg,404,303,42781,7d2316be17744bfa69a73d92c1127ae0ebe865d0152481f6838527f33c370d3a,img_13190,candidate-0082,decoded,JPEG
test,original,IMG_13260.jpg,IMG_13260,.jpg,404,303,56658,1b6400776e846f6847cf4498526462ff698ee994184803232f9f6e2be24c0372,img_13260,candidate-0083,decoded,JPEG
test,original,IMG_13270.jpg,IMG_13270,.jpg,404,303,39528,56d91a5501bd791055b17e1e1189bb228c5ed3b5e6d20944bd71c8b17274cadd,img_13270,candidate-0084,decoded,JPEG
test,original,IMG_13290.jpg,IMG_13290,.jpg,404,303,25984,5ba847d2eab9c82a4a15d75b3c4f4800d0da5af9aa059e59fb9787a6aa8d3065,img_13290,candidate-0085,decoded,JPEG
test,original,IMG_13320.jpg,IMG_13320,.jpg,404,303,31249,810081354a07e471110ae99abe27b7b4999907418a6b55f64305048a1c8d1e57,img_13320,candidate-0086,decoded,JPEG
test,original,IMG_13330.jpg,IMG_13330,.jpg,404,303,35344,200d7cbefd37e14689ec74d40afda3b7950f250ecf24988da18d5b4cc247a11b,img_13330,candidate-0087,decoded,JPEG
test,original,IMG_13340.jpg,IMG_13340,.jpg,404,303,26574,48537f74cdc59f2d215ecb4ff8903cbbbcca348d5b5ff147a08b8beff7d7c601,img_13340,candidate-0088,decoded,JPEG
test,original,IMG_13360.jpg,IMG_13360,.jpg,404,303,41559,6cd9596c7613ec403062db674673c4ebbe3c0a7ba0879c3cf5f3edc892bfc33a,img_13360,candidate-0089,decoded,JPEG
test,original,IMG_1346.jpg,IMG_1346,.jpg,404,303,43462,c88a0dfdf97e6446f3edf3753b589476f0162fed8a420f99ab3a1655b7a49396,img_1346,candidate-0090,decoded,JPEG
test,original,IMG_1353.jpg,IMG_1353,.jpg,404,303,39172,6ac0a44acd601e86a498156360a9d314fd144987052aad94210f9ce96ff52274,img_1353,candidate-0091,decoded,JPEG
test,original,IMG_13590.jpg,IMG_13590,.jpg,404,303,32623,53b1f02579fecd39c8bb4460d022b3470f1ff281961c6fd53b815f3a65f8f69c,img_13590,candidate-0092,decoded,JPEG
test,original,IMG_13610.jpg,IMG_13610,.jpg,404,303,46208,97fce4a9f4ddfbcc6455a695b97c31a45f0fccf5ae688f51acd8240891702099,img_13610,candidate-0093,decoded,JPEG
test,original,IMG_13650.jpg,IMG_13650,.jpg,404,303,29417,2440880431a6b62fddb2de354c5d50f8e4c9cd1521369ccbe8f4ae3e3818875d,img_13650,candidate-0094,decoded,JPEG
test,original,IMG_1368.jpg,IMG_1368,.jpg,404,303,37989,6b09690a0c3176c63222a57f76915c2c87e031f6f278ca98de365c37cab66eac,img_1368,candidate-0095,decoded,JPEG
test,original,IMG_13750.jpg,IMG_13750,.jpg,404,303,46177,578943991f59440228a8bdd7ebdcf953d33aceeb62a089923ad678d7b40d74c6,img_13750,candidate-0096,decoded,JPEG
test,original,IMG_13770.jpg,IMG_13770,.jpg,404,303,48493,f7066f1fbb1643efc66b2eca37a196972ec876d508ba641bd204111deaa58a84,img_13770,candidate-0097,decoded,JPEG
test,original,IMG_1378.jpg,IMG_1378,.jpg,404,303,34292,fe108be205954cfcfd1780a18a6a9d0e668e46b11d8a47521c0d463acad519be,img_1378,candidate-0098,decoded,JPEG
test,original,IMG_13800.jpg,IMG_13800,.jpg,404,303,39923,347beeca9be031e53018d0c6ec4236169ecae09d9dbe75c2236bd2d98cea68f7,img_13800,candidate-0099,decoded,JPEG
test,original,IMG_13830.jpg,IMG_13830,.jpg,404,303,46672,f594e9d55abb2fe0ed6a1f701c15808f2354fb86310901e56faee51b8ebc1d1a,img_13830,candidate-0100,decoded,JPEG
test,original,IMG_13850.jpg,IMG_13850,.jpg,404,303,22532,2e146202ff115f8b2402c188ec4ff1f4a55c072d821479c6dd351b960c3233da,img_13850,candidate-0101,decoded,JPEG
test,original,IMG_1387.jpg,IMG_1387,.jpg,404,303,37710,33cc23d361117814733c73125f236814a165f4c7b47298c3cb57157c346a9ff6,img_1387,candidate-0102,decoded,JPEG
test,original,IMG_13880.jpg,IMG_13880,.jpg,404,303,43494,56424b179d8ea81fb3ef5140d7df0a1298303155149e308a1700edc2ce0ee2a4,img_13880,candidate-0103,decoded,JPEG
test,original,IMG_1389.jpg,IMG_1389,.jpg,404,303,43705,c4baed32e7b19dc1ec58ed21eda8dd9158ea7d447b60a78081bf74fe3fc92d71,img_1389,candidate-0104,decoded,JPEG
test,original,IMG_1390.jpg,IMG_1390,.jpg,404,303,25847,4b7cc67277298f5286b4247af320065e3dc1bd3c3e4c6adcc153722e830a6005,img_1390,candidate-0105,decoded,JPEG
test,original,IMG_13920.jpg,IMG_13920,.jpg,404,303,24556,c48b2fa8c4af7d9e7e70c8aefa2c4937adf963bff9082571eb2c4de6dd2b7e7f,img_13920,candidate-0106,decoded,JPEG
test,original,IMG_13940.jpg,IMG_13940,.jpg,404,303,30278,a3bb197995f0e5ce7e98fe829fe35c802f497a35adc7b668461b0916012a2669,img_13940,candidate-0107,decoded,JPEG
test,original,IMG_13950.jpg,IMG_13950,.jpg,404,303,39185,24d2f940c6ae92941614bd176805954beb338275a63ec7a677a683206896e546,img_13950,candidate-0108,decoded,JPEG
test,original,IMG_1398.jpg,IMG_1398,.jpg,404,303,25468,40e0dd86524b50e43411d893d1a3f2af325e723268a6eb9de0f2fc4f51b626cc,img_1398,candidate-0109,decoded,JPEG
test,original,IMG_14010.jpg,IMG_14010,.jpg,404,303,18601,eb717980c03c1712b463fb69f1c04e95a0551b8b5529b85b7a696941b7770b1c,img_14010,candidate-0110,decoded,JPEG
test,original,IMG_14030.jpg,IMG_14030,.jpg,404,303,17726,922bd58cb0d7dcffa86f83528c9f90ab0a7aacf0aa55e387b7afd2196db958e0,img_14030,candidate-0111,decoded,JPEG
test,original,IMG_14050.jpg,IMG_14050,.jpg,404,303,28089,381ac15c3e9450b21c319b9f8aa3a2077772eb2a31e8c222a0dd2bb4942ea136,img_14050,candidate-0112,decoded,JPEG
test,original,IMG_1408.jpg,IMG_1408,.jpg,404,303,33814,e059f6f3cfd7720b022d4868934fa3952bb3d2503ef804ca12ceb735810b5786,img_1408,candidate-0113,decoded,JPEG
test,original,IMG_14090.jpg,IMG_14090,.jpg,404,303,39002,15fed6a4658e1824cc5fff4d90995062e6728daad30581bc23f84b034f2e9046,img_14090,candidate-0114,decoded,JPEG
test,original,IMG_14120.jpg,IMG_14120,.jpg,404,303,39406,0d35e2741a4f9508cc7267d243ddc2733410d130215b77d2e3184cc87194b4c9,img_14120,candidate-0115,decoded,JPEG
test,original,IMG_1416.jpg,IMG_1416,.jpg,404,303,29960,f7d22454ae33d20c23f89682914fba63e98cc30b819482549bded25f45dcc4b6,img_1416,candidate-0116,decoded,JPEG
test,original,IMG_14170.jpg,IMG_14170,.jpg,404,303,46777,601ad104eb710cee6eaf2d94fce0ea3d59b7a2892747190b841c900025387218,img_14170,candidate-0117,decoded,JPEG
test,original,IMG_1419.jpg,IMG_1419,.jpg,404,303,33714,5f25f766471a3ca8b369698778123bd8aaf0054e5af64e1391ae098cb85032ec,img_1419,candidate-0118,decoded,JPEG
test,original,IMG_14300.jpg,IMG_14300,.jpg,404,303,33881,e4efc69cff14751793d15637d98e2bd9325a09cf46eff8b592a6f48a0753b831,img_14300,candidate-0119,decoded,JPEG
test,original,IMG_14420.jpg,IMG_14420,.jpg,404,303,24444,195b24bfdd99d352cdb8d0caf1a8560f89b319577dfeedadc7a4a4f3c6b32ba7,img_14420,candidate-0120,decoded,JPEG
test,original,IMG_14430.jpg,IMG_14430,.jpg,404,303,27102,ea5583b002712c6fcd74fd7647ee1438d03ce6ceffcf6d0f90ebc6293eb7c07e,img_14430,candidate-0121,decoded,JPEG
test,original,IMG_14460.jpg,IMG_14460,.jpg,404,303,37839,f78d8d9bae67e0c6a0a89566374b79cc4ba1ad37974b05cd427feeb9bc3facf0,img_14460,candidate-0122,decoded,JPEG
test,original,IMG_1448.jpg,IMG_1448,.jpg,404,303,37278,61a55e6185f677b8bdbbfb2905bef2ac580e4542eb10fdaa3fa4fe2930d90bd8,img_1448,candidate-0123,decoded,JPEG
test,original,IMG_1450.jpg,IMG_1450,.jpg,404,303,57819,a8335b2dedb832b0f37f87f1d33c57bcd482c969439f3408b4ab5593d9a8a874,img_1450,candidate-0124,decoded,JPEG
test,original,IMG_1452.jpg,IMG_1452,.jpg,404,303,41982,a404621500115549ec2adafec15b2b22ac65859f61c480615b740261de3397e7,img_1452,candidate-0125,decoded,JPEG
test,original,IMG_1461.jpg,IMG_1461,.jpg,404,303,36550,8d0a99aefe5e970fc89f355cd007c76938799af3fb0c283c5fe7b2697e6b6d10,img_1461,candidate-0126,decoded,JPEG
test,original,IMG_1464.jpg,IMG_1464,.jpg,404,303,33903,25aa9ecee462ef82c9c816f739d35b91e31b70be80443d3477f1c4ac754a3364,img_1464,candidate-0127,decoded,JPEG
test,original,IMG_14660.jpg,IMG_14660,.jpg,404,303,41273,9f2f72ccc1fcfbf8908bd4a346ddd969534083b58eee6d487e405e7c28a0d571,img_14660,candidate-0128,decoded,JPEG
test,original,IMG_14670.jpg,IMG_14670,.jpg,404,303,30431,39be8bc4860aa822150a95185c0099bcd7892609584ab874819bdb6da645d415,img_14670,candidate-0129,decoded,JPEG
test,original,IMG_1469.jpg,IMG_1469,.jpg,404,303,43699,77971f3d7e6fe90c7c18513d767061c301893ae2643342d5519dccc2470de113,img_1469,candidate-0130,decoded,JPEG
test,original,IMG_1475.jpg,IMG_1475,.jpg,404,303,30494,5d8c0a418855fb440d681032e8ec9b5fd362b714e133331695d617502f4c504c,img_1475,candidate-0131,decoded,JPEG
test,original,IMG_15601.jpg,IMG_15601,.jpg,369,277,21846,f6503d1bb9c15efedffcd101fa753c382b5898487a9299d63ea389b65a566c5e,img_15601,candidate-0132,decoded,JPEG
test,original,IMG_5387.jpg,IMG_5387,.jpg,404,303,49469,ef6315cc36092227b956eb10e1daca00ce2d599d2d5cf2499ad2aefe526b3bea,img_5387,candidate-0133,decoded,JPEG
test,original,IMG_53880.jpg,IMG_53880,.jpg,404,303,44465,b5b456784042adddd273a2803d38a72b94702918ce00965e037291fb313a622e,img_53880,candidate-0134,decoded,JPEG
test,original,IMG_53890.jpg,IMG_53890,.jpg,404,303,39377,9c661474fbb5615060a86efe5774a464f0c018284bcb047d12ccfe5d19c64b41,img_53890,candidate-0135,decoded,JPEG
test,original,IMG_5393.jpg,IMG_5393,.jpg,404,303,37432,dbbd7cd6c981b39865c5d7b82c3203755e86235cef54afc09c8f81f91527ea94,img_5393,candidate-0136,decoded,JPEG
test,original,IMG_53950.jpg,IMG_53950,.jpg,404,303,44881,53e52010e8598e197bb46ee025b7bf1bf0b26c0340e61b291d696b0174ec0d2d,img_53950,candidate-0137,decoded,JPEG
test,original,IMG_53970.jpg,IMG_53970,.jpg,404,303,44294,f11b0cdb4c647084bc959966d41c7c438dfc111132146476a6beb7de7f46b26f,img_53970,candidate-0138,decoded,JPEG
test,original,IMG_5405.jpg,IMG_5405,.jpg,404,303,30853,e8768bb88eeeac177d9d1cbdd2a2d80410db2b772ddee84a0fd0e94ba010aa45,img_5405,candidate-0139,decoded,JPEG
test,original,IMG_5409.jpg,IMG_5409,.jpg,404,303,45512,bcc04d1481099ee221b69ecb6c316c82d7976ddf4778f845650ee26cc156fc53,img_5409,candidate-0140,decoded,JPEG
test,original,IMG_54140.jpg,IMG_54140,.jpg,404,303,42351,d70b68cccef4602cad1a0d51a73f928557b01f7bc6dff0c9390fdca14dbbdf27,img_54140,candidate-0141,decoded,JPEG
test,original,IMG_54160.jpg,IMG_54160,.jpg,404,303,31978,14c91a3987708a3fea9b72f6c4bb6f0f34dd2474875f5e4dab78236860891f4c,img_54160,candidate-0142,decoded,JPEG
test,original,IMG_5418.jpg,IMG_5418,.jpg,404,303,34238,e8727e69ed3094fa4f4a97813997c2ad4a00ae1f05fb0c8b257a10de3a6ced88,img_5418,candidate-0143,decoded,JPEG
test,original,IMG_54190.jpg,IMG_54190,.jpg,404,303,54109,b69184a8663ab68575ec02a1394c1c09db593914cc1516ec57accc9b9f1f3371,img_54190,candidate-0144,decoded,JPEG
test,original,IMG_54280.jpg,IMG_54280,.jpg,404,303,62848,c63e39a7ecff8cb78ed105bcdca8e87d842f862978145b13f457e55b5e840fd6,img_54280,candidate-0145,decoded,JPEG
test,original,IMG_54290.jpg,IMG_54290,.jpg,404,303,52905,4003b7f689cd1aaee45ff8d19e5fb509777b166dea33c678c2f6e1cb0f39ceaa,img_54290,candidate-0146,decoded,JPEG
test,original,IMG_5430.jpg,IMG_5430,.jpg,404,303,56064,637420721dd04404d60695fb7b1b52c7ebe0756518bf5cedf0ba194137c66867,img_5430,candidate-0147,decoded,JPEG
test,original,IMG_54350.jpg,IMG_54350,.jpg,404,303,49348,afd3538438b7751515ba2ff3c44c568d12da55f566b51ff8d1e5373166a216a7,img_54350,candidate-0148,decoded,JPEG
test,original,IMG_54370.jpg,IMG_54370,.jpg,404,303,31464,41f0142184d0d5bc8798fc16d7a2829a53ce23daf99c810174a4b3abc082c7e7,img_54370,candidate-0149,decoded,JPEG
test,original,IMG_54420.jpg,IMG_54420,.jpg,404,303,46888,b936fffb2a0ec065d43299646a117e241b775154c120ca01541e9a89c14f3a9c,img_54420,candidate-0150,decoded,JPEG
test,original,IMG_54440.jpg,IMG_54440,.jpg,404,303,34028,db9dba133a86d9566e14be5617a07c36ccace8259b8b41633ac4e5a591ef2c4a,img_54440,candidate-0151,decoded,JPEG
test,original,IMG_54450.jpg,IMG_54450,.jpg,404,303,54169,7eb1b3e49a91f0a98e585db931de7033c8a69441fa25e30275980df773768ea1,img_54450,candidate-0152,decoded,JPEG
test,original,IMG_54470.jpg,IMG_54470,.jpg,404,303,39048,416279389b82a9c83315505e0c9d1f125987680a47a4fc88a72f52de403b19b9,img_54470,candidate-0153,decoded,JPEG
test,original,IMG_54550.jpg,IMG_54550,.jpg,303,404,72059,ec1049099906eaa0940a2d1aba592ecc47b82331680afb68f3b0c12003986aae,img_54550,candidate-0154,decoded,JPEG
test,original,IMG_54560.jpg,IMG_54560,.jpg,303,404,72822,3a3872cf2bfa479e8c6d7dddc9f248370326b182dbf35b66c84612037a792345,img_54560,candidate-0155,decoded,JPEG
test,original,IMG_54690.jpg,IMG_54690,.jpg,404,303,25260,1196057986e7ce3598afb7b8d67d77da91a7f2df1c97748575e29925c3380044,img_54690,candidate-0156,decoded,JPEG
test,original,IMG_5472.jpg,IMG_5472,.jpg,404,303,39448,cff3c7849cc31a6943cc78cdb757ecb30abd6e89087396f4f8345966cb14a75d,img_5472,candidate-0157,decoded,JPEG
test,original,IMG_54910.jpg,IMG_54910,.jpg,404,303,43957,6834f8728516452ebfb76a32256a6d8a1b0f655c48a1dbf819c603796d9bc94b,img_54910,candidate-0158,decoded,JPEG
test,original,IMG_55060.jpg,IMG_55060,.jpg,404,303,21780,d9959446cc546461fbd32fdd65879480e1cc30d494ccac6d953d2cf3dbd7fd1b,img_55060,candidate-0159,decoded,JPEG
test,original,IMG_5546.jpg,IMG_5546,.jpg,404,303,63038,136fd26c766cc2290b2f025918faef3cb020b4c3ca81121e33ee1a6b08143742,img_5546,candidate-0160,decoded,JPEG
test,original,IMG_55800.jpg,IMG_55800,.jpg,404,303,48254,b64ab4e4e26671b17eeebcbaeaf7f800064101bf1456019091f2e42b7a58a1f3,img_55800,candidate-0161,decoded,JPEG
test,original,IMG_55890.jpg,IMG_55890,.jpg,404,303,54812,e532d33eac7c47255d2a7ab6e195a97cc450afb4e2a71e82c00ff74305f381f0,img_55890,candidate-0162,decoded,JPEG
test,original,IMG_55910.jpg,IMG_55910,.jpg,404,303,69322,25a016ec36180723b4147c64338f0569bac0fcc0eb18ca2984d98abfd99c01ca,img_55910,candidate-0163,decoded,JPEG
test,original,IMG_55980.jpg,IMG_55980,.jpg,404,303,52149,6ec90ff4107c26686de0619262f86c9e6e052a2ede99e8164ce6e8dc54ea4d96,img_55980,candidate-0164,decoded,JPEG
test,original,IMG_5605.jpg,IMG_5605,.jpg,404,303,44018,1ec1077be40332bd2260bd49207d094947678423729675272d5f9d271861b18d,img_5605,candidate-0165,decoded,JPEG
test,original,IMG_5606.jpg,IMG_5606,.jpg,404,303,54921,b1f33a410d0c49b4e67f1c418c63db41ac81f6433fb9a1831a1d54ea46a048fa,img_5606,candidate-0166,decoded,JPEG
test,original,IMG_56100.jpg,IMG_56100,.jpg,404,303,71250,d6eaed934432e2afab5b252c43eb879aec5b0f80f70ae9bac68b3f1c962ed98f,img_56100,candidate-0167,decoded,JPEG
test,original,IMG_56110.jpg,IMG_56110,.jpg,404,303,68002,70ae6aa782670663ce0c34612d24d6ce009543bafef9adda3a483467751a996d,img_56110,candidate-0168,decoded,JPEG
test,original,IMG_56130.jpg,IMG_56130,.jpg,404,303,54810,0f931ebd8ed1d30d2410b018ef43726540b220367d7862c26036a12cd7b96733,img_56130,candidate-0169,decoded,JPEG
test,original,IMG_5614.jpg,IMG_5614,.jpg,404,303,20366,e45dcb918d29e0c56a1e930bb4a9cfa7823e56f2d256b745d3ff53c31d1b9b02,img_5614,candidate-0170,decoded,JPEG
test,original,IMG_56200.jpg,IMG_56200,.jpg,404,303,44619,422919039a8cb5275569e25a02c0055a6765dd00775936f9a4e45df9ff61077e,img_56200,candidate-0171,decoded,JPEG
test,original,IMG_56400.jpg,IMG_56400,.jpg,404,303,54858,fe77c79db754fc7f4b204ca16a4a5107708bd95303ebac8f24bec71cfba0d0b7,img_56400,candidate-0172,decoded,JPEG
test,original,IMG_56440.jpg,IMG_56440,.jpg,404,303,53265,a30d6ac28fe086d4232847e8e9195c393d17fc623958c4efa5e58abfba9286ab,img_56440,candidate-0173,decoded,JPEG
test,original,IMG_6766.jpg,IMG_6766,.jpg,369,277,51273,60a2f20c604278dfc3a6242efe09176c637af3a15964c14b67c5e2bfdd4513fa,img_6766,candidate-0174,decoded,JPEG
test,original,IMG_6771.jpg,IMG_6771,.jpg,369,277,56401,0b345d5a091c4bb251862c93e0d465a97595ec9977c3f23f5da2c41ca43104ef,img_6771,candidate-0175,decoded,JPEG
test,original,IMG_6774.jpg,IMG_6774,.jpg,369,277,48057,c04d7b02211064e911ccbe0fdcc58115dd94b539c572e9d912885d147bf9260c,img_6774,candidate-0176,decoded,JPEG
test,original,IMG_6778.jpg,IMG_6778,.jpg,369,277,44327,cfddd0b3eeee59d584a63f94a7bb23d863301898db0bb0581b45f4fd65cdecc7,img_6778,candidate-0177,decoded,JPEG
test,original,IMG_6779.jpg,IMG_6779,.jpg,369,277,47623,5729076fdea7e9ebd725e32e4492b529dc53a34dde8757244cc7ee3803f5a4f7,img_6779,candidate-0178,decoded,JPEG
test,original,IMG_6781.jpg,IMG_6781,.jpg,369,277,51838,d649f911133c5739411a29ea19bd76482cb8c99e7e30e2e47b4c115580faf454,img_6781,candidate-0179,decoded,JPEG
test,original,IMG_6784.jpg,IMG_6784,.jpg,369,277,50598,ecdaa45ab7588c2ac4c1103f22aa57b89057c85953765d4690859bf0043c7b27,img_6784,candidate-0180,decoded,JPEG
test,original,IMG_6787.jpg,IMG_6787,.jpg,369,277,55041,47cd541e69203eeeff5b02b3880e62c380e57443b925a3bda2c3d45493ba3b72,img_6787,candidate-0181,decoded,JPEG
test,original,IMG_6799.jpg,IMG_6799,.jpg,369,277,50333,e5154ebb0aed9841e5c1a242fe1c83393a8fd7667f04d32983a9498d27c4df99,img_6799,candidate-0182,decoded,JPEG
test,original,IMG_6804.jpg,IMG_6804,.jpg,369,277,49662,ec249c15dec763b0eb37a9c8aa6f0284ca394d20746edc92e53a87dface9562f,img_6804,candidate-0183,decoded,JPEG
test,original,IMG_6807.jpg,IMG_6807,.jpg,369,277,47546,c8354d43ce44542325b4ed92c404430d85efcad9f19d3d5a1f89ae944f5836bf,img_6807,candidate-0184,decoded,JPEG
test,original,IMG_6812.jpg,IMG_6812,.jpg,369,277,45660,0314933c883a76dc45be9caec2fd18cae80a57f0f1b6af750687a26298fe7cc5,img_6812,candidate-0185,decoded,JPEG
test,original,IMG_6816.jpg,IMG_6816,.jpg,369,277,38811,6fda06429b7ba8dcdc26da0d512283d87657f17c49bbf10696516bc4856c3473,img_6816,candidate-0186,decoded,JPEG
test,original,IMG_6819.jpg,IMG_6819,.jpg,369,277,36918,ce9cc1c31cc9984609f4ae3c982ea3b55699d0feade8b62216e123d8cf1e2f2a,img_6819,candidate-0187,decoded,JPEG
test,original,IMG_6821.jpg,IMG_6821,.jpg,369,277,43929,223d183d56e4f9df6683133f7f508241a4e88ac4cdc6b8e3ef1f66aa2e9f4296,img_6821,candidate-0188,decoded,JPEG
test,original,IMG_6826.jpg,IMG_6826,.jpg,369,277,36393,72e199cf13af83a5312375cfac7156643c1c3b1b0e42a243234dbb4a9564ba57,img_6826,candidate-0189,decoded,JPEG
test,original,IMG_6827.jpg,IMG_6827,.jpg,369,277,41543,b5be619f0fe2d22fd98c62241c0c69befce951303316433cc8e323e961556313,img_6827,candidate-0190,decoded,JPEG
test,original,IMG_6829.jpg,IMG_6829,.jpg,369,277,37746,388ee568f91fedacffc17a7bb6743ad40a57af4cafa73f4001ef12c0db3474b8,img_6829,candidate-0191,decoded,JPEG
test,original,IMG_6841.jpg,IMG_6841,.jpg,369,277,31605,80142c92790a57f28c3f835be77578b9ca10e420c6a8053dd381bce0e434141a,img_6841,candidate-0192,decoded,JPEG
test,original,IMG_6855.jpg,IMG_6855,.jpg,369,277,45719,07f41b57695b9b498b1f0534a62e9862e8c8967704929e73dc63d7413dedf179,img_6855,candidate-0193,decoded,JPEG
test,original,IMG_6857.jpg,IMG_6857,.jpg,369,277,41297,8eb01ae620772e8cc3f63102efce99a9aba5c15f9dc679269f477723782a69d0,img_6857,candidate-0194,decoded,JPEG
test,original,IMG_6859.jpg,IMG_6859,.jpg,369,277,45274,3860dae6860147ba3c0694558d6f4411f6e84a041474781d71efbcb0e737a299,img_6859,candidate-0195,decoded,JPEG
test,original,IMG_6861.jpg,IMG_6861,.jpg,369,277,54074,959f7d15d3390c613b0dfb129c0331925ad72a443f30fe885fb88e30ee753b09,img_6861,candidate-0196,decoded,JPEG
test,original,IMG_6873.jpg,IMG_6873,.jpg,369,277,48526,ba76a8e61095d531dd11855e39aa155055b7ee9b35f7b9743222f4cd7e401195,img_6873,candidate-0197,decoded,JPEG
test,original,IMG_6879.jpg,IMG_6879,.jpg,369,277,42449,2246ce848d3fbe6fdd77dd18e39797c810b0057a9fe5e765c3ecde3349bfea24,img_6879,candidate-0198,decoded,JPEG
test,original,IMG_6883.jpg,IMG_6883,.jpg,369,277,40525,c4572401c2d814b45f28559e0e98d4e2c5586881689235134e713aa86c418dc4,img_6883,candidate-0199,decoded,JPEG
test,original,IMG_6885.jpg,IMG_6885,.jpg,369,277,46591,88b2ac6e0f19925eab85811e3e57eaf65f85fea5cf284baebddc8df6f8f34939,img_6885,candidate-0200,decoded,JPEG
test,original,IMG_6895.jpg,IMG_6895,.jpg,369,277,45444,f02c4c4610760e6c7dc8f792fcb955ca74dc30f62ddcfcb530e5fcd976a9bebd,img_6895,candidate-0201,decoded,JPEG
test,original,IMG_6897.jpg,IMG_6897,.jpg,369,277,45439,278d6837fc81a9fbf088b11b214050f3f1126ad1b733e2876020ab231fad1cfc,img_6897,candidate-0202,decoded,JPEG
test,original,IMG_6938.jpg,IMG_6938,.jpg,369,277,43117,8ed4d92cff2e083fee212ca075bd68f525fc2e400e8a13409a1b8efe5e43af8f,img_6938,candidate-0203,decoded,JPEG
test,original,IMG_6941.jpg,IMG_6941,.jpg,369,277,40817,e5be328237335b65dc9dff8bc5c70e25a609ecd361fda5d9fe6d846b7668dae5,img_6941,candidate-0204,decoded,JPEG
test,original,IMG_6944.jpg,IMG_6944,.jpg,369,277,44707,f13bde6fb90c467fda7d3c49ce6004cf774cecfde322e22c93b9da5807c4abc7,img_6944,candidate-0205,decoded,JPEG
test,original,IMG_6945.jpg,IMG_6945,.jpg,369,277,35158,2e7b7e0eea7583931665b430a5e28c90b62b2afca886048a2289c66c86dba05c,img_6945,candidate-0206,decoded,JPEG
test,original,IMG_6947.jpg,IMG_6947,.jpg,369,277,35559,3ca1a48ae2e85eaa483503605c72f81f1f8a9f692f0913cc9bdbf47be5285a06,img_6947,candidate-0207,decoded,JPEG
test,original,IMG_6949.jpg,IMG_6949,.jpg,369,277,36702,2a44772585fbf073a495687ed025bbb8fcbdd6da7810fa6fa0a75bd212cd7efe,img_6949,candidate-0208,decoded,JPEG
test,original,IMG_6952.jpg,IMG_6952,.jpg,369,277,44821,151119731004edf0dbd35a775a67598eeb81d10b7c31455c307220b0dbe657e0,img_6952,candidate-0209,decoded,JPEG
test,original,IMG_6960.jpg,IMG_6960,.jpg,369,277,45340,7044531dff4e5b1822fd7e2f8ab28b67a4d09c9140e2183a95b668aa7a6a64ec,img_6960,candidate-0210,decoded,JPEG
test,original,IMG_6967.jpg,IMG_6967,.jpg,369,277,52743,178fad7b26aa596856529831c7e7c8e59b01721577862d75cea38c2c1e063e9f,img_6967,candidate-0211,decoded,JPEG
test,original,IMG_6986.jpg,IMG_6986,.jpg,369,277,50137,8af9056e4f8d986a35a1d9dfcebe48e4c0f0e90469d917cb52ec2c3100b96e2f,img_6986,candidate-0212,decoded,JPEG
test,original,IMG_6989.jpg,IMG_6989,.jpg,369,277,44708,caf4c760512d77d66e29a391a2e693824010d071830de2f8683f5aa07232b256,img_6989,candidate-0213,decoded,JPEG
test,original,IMG_6993.jpg,IMG_6993,.jpg,369,277,27383,59202d141aade037a555e7a55b8c05bb99a80c4d341c8a33c8b3f626d9c4466b,img_6993,candidate-0214,decoded,JPEG
test,original,IMG_6996.jpg,IMG_6996,.jpg,369,277,39338,e39b7b76f3c7814f57dc03d71b0745aa4f8ee622e92e956aac6ba6344113ca70,img_6996,candidate-0215,decoded,JPEG
test,original,IMG_6998.jpg,IMG_6998,.jpg,369,277,45588,d049a9d91fe686a07b8a9b842fb4074516617f046aab5722eaccabe74fd717d4,img_6998,candidate-0216,decoded,JPEG
test,original,IMG_7002.jpg,IMG_7002,.jpg,369,277,50207,6aaf11b3ef2edc1d4596d28d03df658d10d215e06f7d080d56d4eec39fc21370,img_7002,candidate-0217,decoded,JPEG
test,original,IMG_7006.jpg,IMG_7006,.jpg,369,277,44138,e2955e92612966880df75034f501cfd4771b61f656cf26b0ba7b1c1325ddac80,img_7006,candidate-0218,decoded,JPEG
test,original,IMG_7008.jpg,IMG_7008,.jpg,369,277,44995,86e0f873e5aedda6e4de3781d25c95e5b0d3a3cbe04b7c2c8803d2fd877973eb,img_7008,candidate-0219,decoded,JPEG
test,original,IMG_7011.jpg,IMG_7011,.jpg,369,277,36151,9ef8cd3038702a10fc4fc8648ef687a601221b5bea97b3dfd780027ebcf82ef4,img_7011,candidate-0220,decoded,JPEG
test,original,IMG_7014.jpg,IMG_7014,.jpg,369,277,36981,a1af1fb05702c4890f676f63ac1f9a9afb344bb78674d89b9ab8141c73e058a5,img_7014,candidate-0221,decoded,JPEG
test,original,IMG_7016.jpg,IMG_7016,.jpg,369,277,38524,d0e49ce0d9d3a4a042c8b0026071edf85c5c78ab208abaa627af68940fe395a8,img_7016,candidate-0222,decoded,JPEG
test,original,IMG_7020.jpg,IMG_7020,.jpg,369,277,39366,4628978970fd0d9faccbe60be491d9a9ee1f3785b68407decfdc6c8f24dee021,img_7020,candidate-0223,decoded,JPEG
test,original,IMG_7026.jpg,IMG_7026,.jpg,369,277,41928,2465bde80e92152a477835f0e741411203e57bef1f7d6ad2c04281626f9ebee4,img_7026,candidate-0224,decoded,JPEG
test,original,IMG_7029.jpg,IMG_7029,.jpg,369,277,38667,62aa0a0adb489e039fd93cd5204d223eb5284e4e3d6ee4b977742cd81c5229a1,img_7029,candidate-0225,decoded,JPEG
test,original,IMG_7032.jpg,IMG_7032,.jpg,369,277,40515,78c71cc500bbe961ba707d5698068d68c7e77af91bfc9ff8a2f72777d86fa978,img_7032,candidate-0226,decoded,JPEG
test,original,IMG_7041.jpg,IMG_7041,.jpg,369,277,40605,01a51791f47347e6b3ae11e2a1d8d48c93f341522347b6545c72eccf15124268,img_7041,candidate-0227,decoded,JPEG
test,original,IMG_7044.jpg,IMG_7044,.jpg,369,277,46577,f047359e9394c3559f9d89a14525084d439fa6ce2332916b8054def9b0d56ca5,img_7044,candidate-0228,decoded,JPEG
test,original,IMG_7045.jpg,IMG_7045,.jpg,369,277,47225,fead327194fd5aef7010f3e129d76723ed7996cb5a71580884ec73048ffa4bc6,img_7045,candidate-0229,decoded,JPEG
test,original,IMG_7049.jpg,IMG_7049,.jpg,369,277,42963,0a146a4c020d6b00322594fb8ff869b779000001c9e305198f5c0212d72119ba,img_7049,candidate-0230,decoded,JPEG
test,original,IMG_7051.jpg,IMG_7051,.jpg,369,277,39671,03854be8b8b04a937de60d67e5326c01a8c66fbfaf3b24e0de1e23389771c13c,img_7051,candidate-0231,decoded,JPEG
test,original,IMG_7053.jpg,IMG_7053,.jpg,369,277,39559,1bc6f6ae9eb940d033e01dccbf03679716a34468f542bc495c3a77716334c829,img_7053,candidate-0232,decoded,JPEG
test,original,IMG_7057.jpg,IMG_7057,.jpg,369,277,42769,f6b461a85381740cbe8bfd2a1285aec3dbc305d0418de72d1cb23a0789d33bd9,img_7057,candidate-0233,decoded,JPEG
test,original,IMG_7059.jpg,IMG_7059,.jpg,369,277,44827,ee396d4c2cc4f3d3b3783165812747464848b51103136f2a1587247b78ed0da3,img_7059,candidate-0234,decoded,JPEG
test,original,IMG_7062.jpg,IMG_7062,.jpg,369,277,55795,7d5bf689b13795491b787ac03f0afa713d9ae5d2217c88e8fc19e92990d12d26,img_7062,candidate-0235,decoded,JPEG
test,original,IMG_7064.jpg,IMG_7064,.jpg,369,277,45262,b95fd17d4789f74b18c02df8e25a0377dcc16dbf7e28c94d98b1545ca5413cb1,img_7064,candidate-0236,decoded,JPEG
test,original,IMG_7068.jpg,IMG_7068,.jpg,369,277,44592,925c489836194446dd2e8c88acc21a4203ff67269aea47114521b63097195198,img_7068,candidate-0237,decoded,JPEG
test,resize,108.jpg,108,.jpg,640,480,150996,f0a5f1a34ba3f1b544e08b3128d34b915081a2c322331b27659bb050a3501d8a,108,candidate-0001,decoded,JPEG
test,resize,115.jpg,115,.jpg,640,480,121240,8658dfcb3f602e249b0278114f203c736f7f5ef4fe8970a55821f6cbde34aa31,115,candidate-0002,decoded,JPEG
test,resize,1170.jpg,1170,.jpg,640,480,121641,d3c53c68d10597f829077dd9fb75a9b0e3dcb8ef20fad043fd5c32176a3ebe0f,1170,candidate-0003,decoded,JPEG
test,resize,123.jpg,123,.jpg,640,480,111940,597b86f5520711bc062f88e9fa492791867234de2bd6467f537ed4f2e1aec812,123,candidate-0004,decoded,JPEG
test,resize,1240.jpg,1240,.jpg,640,480,112376,c770c19807d902c378a0a6b166028155e90d593438c88b1468f2435e1f85da5c,1240,candidate-0005,decoded,JPEG
test,resize,1270.jpg,1270,.jpg,640,480,114857,c8b416b462ed3e674dfb54467e22caef82d9df33a9b0a36aca8251a38b92b5eb,1270,candidate-0006,decoded,JPEG
test,resize,1290.jpg,1290,.jpg,640,480,139227,de51561c7bae8137fdadcd7181f1b6f66d7c86d6cb13586e71c46f07f73d2a3a,1290,candidate-0007,decoded,JPEG
test,resize,138.jpg,138,.jpg,640,480,111380,6693cbc7ccf3388886811dd42d5b116e7f731d4dea248c4236c3078d45e63e9f,138,candidate-0008,decoded,JPEG
test,resize,1400.jpg,1400,.jpg,640,480,137363,f90abf982cab9c35e73ca2db4eb8148affd058f02a16845f015536ee24aae8f2,1400,candidate-0009,decoded,JPEG
test,resize,1410.jpg,1410,.jpg,640,480,110385,4f1cc6193a5a1704d23cedc0b1a09138d9520ee4a028450b6ae9202d004689c8,1410,candidate-0010,decoded,JPEG
test,resize,1420.jpg,1420,.jpg,640,480,109531,8f6a77adc1c8787ba1eb6250f97b203d1be2a51eb00cfb8e576ca849a313b2f7,1420,candidate-0011,decoded,JPEG
test,resize,143.jpg,143,.jpg,640,480,109447,449ee4461c57facc5f250e7c6c9592555ae4278c403d5cdd1b82bcec22c562f4,143,candidate-0012,decoded,JPEG
test,resize,150.jpg,150,.jpg,640,480,115228,9acd93013b26716412540f149264f1f02ea687bdffc2cbf0091de1c82979ce2c,150,candidate-0013,decoded,JPEG
test,resize,1520.jpg,1520,.jpg,640,480,148119,9e5326ada6ea95c3815657a68f8d34131eef36d6040e700e0a12bace23152347,1520,candidate-0014,decoded,JPEG
test,resize,158.jpg,158,.jpg,640,480,169172,3ce1611b981edc237f3777f32892615ed44ff1cf4daca08e4a1df74be6aa0197,158,candidate-0015,decoded,JPEG
test,resize,1600.jpg,1600,.jpg,640,480,140111,aeab275d8bc937ccda4e3db50bf919c43ae0dddbb5ea080af53396feaa67d940,1600,candidate-0016,decoded,JPEG
test,resize,1710.jpg,1710,.jpg,480,640,141995,1002d025e4c9116f62f6a032601f4cf42033ff624f19db04e9e598721fa74ac1,1710,candidate-0017,decoded,JPEG
test,resize,172.jpg,172,.jpg,480,640,117946,b229b0833084f51a5631adbe883b60efab47e55d5c537588c3c7fe2624da3dfb,172,candidate-0018,decoded,JPEG
test,resize,175.jpg,175,.jpg,480,640,134742,78faed82b29135ff330845beada7e1f359476da1b6dbab155cac9450ead3cd11,175,candidate-0019,decoded,JPEG
test,resize,1760.jpg,1760,.jpg,480,640,99303,b40b0ffa130bd8a03771f09964efc36b3306bb550d20c65544861531360c6d27,1760,candidate-0020,decoded,JPEG
test,resize,182.jpg,182,.jpg,480,640,137065,928f7944e45be0f6b370acc9171e7e49891f3055701138eba2cee17c285b2119,182,candidate-0021,decoded,JPEG
test,resize,1840.jpg,1840,.jpg,480,640,136844,ded047a0da906156340d5fdd06ec0a0ab39e8442cf94dc0d0d345ad5062beedd,1840,candidate-0022,decoded,JPEG
test,resize,2040.jpg,2040,.jpg,640,480,126971,f648162219b4da2d4650422ffff332171fccc794a457ef9798e0dbc4e12c566f,2040,candidate-0023,decoded,JPEG
test,resize,2050.jpg,2050,.jpg,640,480,153782,0dd14124f910313246d419b254003454d450b2ace1476e4c47285c0e370d2429,2050,candidate-0024,decoded,JPEG
test,resize,206.jpg,206,.jpg,640,480,127616,280c886a60384cef147dd314d65b4719c90db6bb1ee0ee35bd991b0d3e879a33,206,candidate-0025,decoded,JPEG
test,resize,2150.jpg,2150,.jpg,640,480,113758,309209d635c17c8d44255f373b121c8917a18db63ff746aa3ecff781559c6528,2150,candidate-0026,decoded,JPEG
test,resize,2210.jpg,2210,.jpg,640,480,111146,52919684690df16c71dba76624dad215e867d1c417c77a264fe1fd1220afcb56,2210,candidate-0027,decoded,JPEG
test,resize,227.jpg,227,.jpg,640,480,130269,65e647cc66b1608063d9a10a36d46ecb462dab473f5b282b495ba54ad0ffefc5,227,candidate-0028,decoded,JPEG
test,resize,232.jpg,232,.jpg,640,480,108003,7c16d7edc1edc5cd6cfd04a9e8e2673aad40d80afaff0b6ef334e539df52de07,232,candidate-0029,decoded,JPEG
test,resize,2360.jpg,2360,.jpg,640,480,140054,9953c5863af472ce3f6596a726793a4b74d84a2ea55d453ccc5cc81c069eef90,2360,candidate-0030,decoded,JPEG
test,resize,2410.jpg,2410,.jpg,640,480,108016,38897cb9c016737f6b907ebda5718004a727a84958252410396f520202e0beae,2410,candidate-0031,decoded,JPEG
test,resize,2450.jpg,2450,.jpg,640,480,117723,89f32258175f48a24b26ed8992bacf09c851d61077d48b39624d8a95c8f367ec,2450,candidate-0032,decoded,JPEG
test,resize,250.jpg,250,.jpg,640,480,131713,8a8f023f6408ed35c6a800b6d09e717f9cab59fb648192f4f3fa660cae238a46,250,candidate-0033,decoded,JPEG
test,resize,255.jpg,255,.jpg,640,480,131022,04be056a193b03c2ee273ea5366f89742484946752bd6a61260f4af7e326aa98,255,candidate-0034,decoded,JPEG
test,resize,257.jpg,257,.jpg,640,480,152082,4a5d420488b20d911e6342b757e362457f00d25db48b83eb1c7e6bd5b7040916,257,candidate-0035,decoded,JPEG
test,resize,2640.jpg,2640,.jpg,640,480,108986,0a498ffd474146aac88c8e6b0695fecb7fb49aaf9ac84cd733e890a05ae8f97e,2640,candidate-0036,decoded,JPEG
test,resize,267.jpg,267,.jpg,640,480,109447,449ee4461c57facc5f250e7c6c9592555ae4278c403d5cdd1b82bcec22c562f4,267,candidate-0012,decoded,JPEG
test,resize,27.jpg,27,.jpg,640,480,177753,323728be4f5e28fd5abfc972ea26f6191e98bb8d34df32b17fd5eeebc3799a61,27,candidate-0037,decoded,JPEG
test,resize,2720.jpg,2720,.jpg,640,480,168448,e72330aa109b581b4cc016aa4523aec331ff94f16c7e9190467a2915b84217cf,2720,candidate-0038,decoded,JPEG
test,resize,279.jpg,279,.jpg,640,480,115228,9acd93013b26716412540f149264f1f02ea687bdffc2cbf0091de1c82979ce2c,279,candidate-0013,decoded,JPEG
test,resize,2800.jpg,2800,.jpg,640,480,119605,c56440f186bb98c5f2a5665a4eef750154fc870fdb8e4f7d2eef207d182d484e,2800,candidate-0039,decoded,JPEG
test,resize,2810.jpg,2810,.jpg,640,480,112102,3cef0877eb50a5007cb0c384f0a19f1603081573f64bde9154e997eb984765c1,2810,candidate-0040,decoded,JPEG
test,resize,2890.jpg,2890,.jpg,640,480,119382,3119fef317150205ca85302135a3a817fb31bda733dc97a8b61ff2258560d1f9,2890,candidate-0041,decoded,JPEG
test,resize,2960.jpg,2960,.jpg,480,640,157560,9d27e0014cce21da0fe2aa5315eb693bd9cc3c022db2ed4167c5efee54919da4,2960,candidate-0042,decoded,JPEG
test,resize,299.jpg,299,.jpg,640,480,108754,fca752687fd863b1f6047bfe01aa51b61acf50e009a21fdc5fe26b97c03bb224,299,candidate-0043,decoded,JPEG
test,resize,302.jpg,302,.jpg,480,640,128729,cb20ee82566947a8ba1da93b9bc2d28a670177d78f55c6923b1a9c89d4d76ec6,302,candidate-0044,decoded,JPEG
test,resize,3030.jpg,3030,.jpg,640,480,149153,9e17c6c7893b2b6bb363a2c1a2b55db306784e9427d226c8519d5475a6251b12,3030,candidate-0045,decoded,JPEG
test,resize,3100.jpg,3100,.jpg,640,480,145968,0f90ed86977fa3926ae4b925b99d18ea8d82a707a249e42fbc4841ffbe3b3909,3100,candidate-0046,decoded,JPEG
test,resize,3110.jpg,3110,.jpg,640,480,114777,930ed8f4a10b9d4065cb7a77d8a487d35b4940646fbb253b39fc4174f9298c22,3110,candidate-0047,decoded,JPEG
test,resize,317.jpg,317,.jpg,480,640,178471,c898f88f948c46b66ec65feb8a3f4ace458252525d532ddb6a9d0e717a39fb2c,317,candidate-0048,decoded,JPEG
test,resize,3240.jpg,3240,.jpg,480,640,129966,8f082e7bd5e0f8ffc3229268a500313451a5fae47b3752ab8a80df0845b6fded,3240,candidate-0049,decoded,JPEG
test,resize,3250.jpg,3250,.jpg,640,480,144419,6e9575d16070b9d1598922ae02ed6139e48b16add3180758fda6fb06c7d11917,3250,candidate-0050,decoded,JPEG
test,resize,328.jpg,328,.jpg,640,480,123611,de15540bc253db5095cd0bc8fc46c8a308065ecf7ef16365043d0b89de155bf1,328,candidate-0051,decoded,JPEG
test,resize,339.jpg,339,.jpg,640,480,106456,d188cfa22e78aa1bdbb1e7f68da48e55c4cd09ac6ce4586ad44f6b08411ef826,339,candidate-0052,decoded,JPEG
test,resize,3421.jpg,3421,.jpg,640,480,149793,a6596e05d05fea65894bea19e6d0424b595dfbad02427bfc593e71a3668b3954,3421,candidate-0053,decoded,JPEG
test,resize,343.jpg,343,.jpg,640,480,107482,98ea16e26d9aeebc9293a595ffe9156d5647b97cef004c8ef6505a1e6d15be7a,343,candidate-0054,decoded,JPEG
test,resize,3480.jpg,3480,.jpg,640,480,165716,cd5170f37b88076ac0770ac9b29392360a40911c4f7aca1c90464addd05f9fcf,3480,candidate-0055,decoded,JPEG
test,resize,35.jpg,35,.jpg,640,480,203996,0f47a0aeeef194c70200eb60f5e64a81798f86f919a08d7227b70afdd67df8fb,35,candidate-0056,decoded,JPEG
test,resize,3820.jpg,3820,.jpg,480,640,153475,0c70d0f98091a885061e935fdbb53232ed75132eeb0e9dac184587ded8ebca67,3820,candidate-0057,decoded,JPEG
test,resize,383.jpg,383,.jpg,480,640,123290,789939f4b00af20006d6ab98b41fc2175461d19f79fbf196bed063bdbd0cafbd,383,candidate-0058,decoded,JPEG
test,resize,390.jpg,390,.jpg,480,640,165467,6192c31a46b36b6101e39749effba7317c6b279a9f6a36a59da2fbbf10f765b6,390,candidate-0059,decoded,JPEG
test,resize,423-1.jpg,423-1,.jpg,640,480,146304,9e67acdc7aa947a97e25fd3a1be9fc302ef4cfbb44be7bd8d34bbf903e44ce75,423-1,candidate-0060,decoded,JPEG
test,resize,43.jpg,43,.jpg,640,480,163976,27e61c3f9193ecaf3f0bbdba73696a44b3f018bda42eda5771a16909122c81d2,43,candidate-0061,decoded,JPEG
test,resize,45.jpg,45,.jpg,640,480,210686,22c12c088f5d048bc20c4238a36ee5066b9c90513df70a0376e0fbfd223b262b,45,candidate-0062,decoded,JPEG
test,resize,65.jpg,65,.jpg,480,640,163403,14e241d97ae4b4be57eb4f144f377c2d590c10238eddb6fae4f945959bdd8ed1,65,candidate-0063,decoded,JPEG
test,resize,70000.jpg,70000,.jpg,640,480,151388,44d6748921f0332378c4922ad77f026acda1413727dd90c9ccd1e825c25fc051,70000,candidate-0064,decoded,JPEG
test,resize,82.jpg,82,.jpg,640,480,177128,d9056a90233dee407260ba35d2a598bdc1f0bb65e0599d2cc2161d2099544b96,82,candidate-0065,decoded,JPEG
test,resize,83.jpg,83,.jpg,640,480,181024,a9d592fef98089df8b3e4340e40060550ab52739af5ef4d8f583b0a60a6e97ca,83,candidate-0066,decoded,JPEG
test,resize,IMG_12340.jpg,IMG_12340,.jpg,640,480,167906,0d7a50e698ff345e9e75ab56ba57c66cc7a9121b27fff441923683c9b4bcce4d,img_12340,candidate-0067,decoded,JPEG
test,resize,IMG_1236.jpg,IMG_1236,.jpg,640,480,135504,4d25b975b697816151ad2903f2991defce77ef91141a10a5d4e0b792f09fc66a,img_1236,candidate-0068,decoded,JPEG
test,resize,IMG_12420.jpg,IMG_12420,.jpg,640,480,161845,8015182d0c55d5405ce8f23c8995e9f35809e3b4b3be733c9fb71115882a696c,img_12420,candidate-0069,decoded,JPEG
test,resize,IMG_12480.jpg,IMG_12480,.jpg,640,480,128486,48f4f6c36b2591e70a7e28643875d943efcc2d72cfd90cade1c48831f5aa9307,img_12480,candidate-0070,decoded,JPEG
test,resize,IMG_1249.jpg,IMG_1249,.jpg,640,480,112537,a51536dbf929d5c555f0192d09815a133f721ba21fcee97342780e1c78999d58,img_1249,candidate-0071,decoded,JPEG
test,resize,IMG_12570.jpg,IMG_12570,.jpg,640,480,165703,ad331972f84c24dec4bd0517773a592f4b27c94090935ae7136a8403e122ee3b,img_12570,candidate-0072,decoded,JPEG
test,resize,IMG_12730.jpg,IMG_12730,.jpg,640,480,145733,7bee21e27f1438961e832c1f7ca0e1bcb1a1b8c93b1e3f275dc3eaa43feabed3,img_12730,candidate-0073,decoded,JPEG
test,resize,IMG_12790.jpg,IMG_12790,.jpg,640,480,152222,eed00620fdf707bba7994929e627d62a051b5aaa610ac7b4dfe0ae84837a6e7b,img_12790,candidate-0074,decoded,JPEG
test,resize,IMG_1285.jpg,IMG_1285,.jpg,640,480,108927,1e4c8e3da2c72102bb6be776fabc1d36b34737b9b32ef04aad93f85d8e033b9f,img_1285,candidate-0075,decoded,JPEG
test,resize,IMG_1288.jpg,IMG_1288,.jpg,640,480,107131,f36d8dd43339bff70643e970665d1286283785c12a8fa10d978cd554aa117553,img_1288,candidate-0076,decoded,JPEG
test,resize,IMG_1304.jpg,IMG_1304,.jpg,640,480,147955,39f115b98ec4cffe03725ce822dc9fa36a87671fb9d3daa998847eccf0425f40,img_1304,candidate-0077,decoded,JPEG
test,resize,IMG_13060.jpg,IMG_13060,.jpg,640,480,111970,4761d5e03bb4ec0b9d3e0e38161aa0e30d6c9e89431852e59610283f7fa0c020,img_13060,candidate-0078,decoded,JPEG
test,resize,IMG_13090.jpg,IMG_13090,.jpg,640,480,160810,c0f10aba495bfa2069255dedb6b0522e26bebf22b843b15c920e244d97f78dc6,img_13090,candidate-0079,decoded,JPEG
test,resize,IMG_13110.jpg,IMG_13110,.jpg,640,480,135940,251125262450a2e28ebf05b48539ffa2bb3cd4734c4eb180a4278e85892e9a2f,img_13110,candidate-0080,decoded,JPEG
test,resize,IMG_13150.jpg,IMG_13150,.jpg,640,480,129407,0bd5715194f8392bdc95a6b413107f460f721588b5d6c4e36ec91e72dd7446fd,img_13150,candidate-0081,decoded,JPEG
test,resize,IMG_13190.jpg,IMG_13190,.jpg,640,480,161425,6251db4cf1416f9d1ffc2a346838cb95bd10ce83c1377d6e7bfe9942bb59d5a2,img_13190,candidate-0082,decoded,JPEG
test,resize,IMG_13260.jpg,IMG_13260,.jpg,640,480,187943,3d329e64148831408c1de37cd6ea8044451231ac64044b930707563972207ec9,img_13260,candidate-0083,decoded,JPEG
test,resize,IMG_13270.jpg,IMG_13270,.jpg,640,480,154731,cc3de1c0a3eecdf597247b50c298a1562cea8e038c847925fac3c661f9d7a0a8,img_13270,candidate-0084,decoded,JPEG
test,resize,IMG_13290.jpg,IMG_13290,.jpg,640,480,125530,54e100d0d096920d30d8385c853e4aa9402e75b005bf77cb8c77c2ef98f220e2,img_13290,candidate-0085,decoded,JPEG
test,resize,IMG_13320.jpg,IMG_13320,.jpg,640,480,136311,b6fdfc42d40a28bd7dabcda49693756ac811bf7a18010f0281597f5ad1640ee9,img_13320,candidate-0086,decoded,JPEG
test,resize,IMG_13330.jpg,IMG_13330,.jpg,640,480,142023,2ac77181b0a4c8cce6c2a60a7f07b3bb539bce299721e01cdbf99681db1e9f92,img_13330,candidate-0087,decoded,JPEG
test,resize,IMG_13340.jpg,IMG_13340,.jpg,640,480,126302,39f665b858d829d0404257e0bc5d4b224289c5f7483d37dec857d923f225f40e,img_13340,candidate-0088,decoded,JPEG
test,resize,IMG_13360.jpg,IMG_13360,.jpg,640,480,159231,ebc9bc47c458d0387f511ed841c5d506d19ccf3485be795d5353fa83b7763e64,img_13360,candidate-0089,decoded,JPEG
test,resize,IMG_1346.jpg,IMG_1346,.jpg,640,480,153540,03a703f62ddf1185ec871d33ee9812f8e00d17f249b0a385e9cb1f00c815f686,img_1346,candidate-0090,decoded,JPEG
test,resize,IMG_1353.jpg,IMG_1353,.jpg,640,480,142742,f104a87d26d90f76a6c6e27fde63ad0b79648c567046d2715c0ca65aa83cfb06,img_1353,candidate-0091,decoded,JPEG
test,resize,IMG_13590.jpg,IMG_13590,.jpg,640,480,138537,62160014565e57f6ce0fbf13baf6f1b4620e66f6a056145a7561f44d38348b5d,img_13590,candidate-0092,decoded,JPEG
test,resize,IMG_13610.jpg,IMG_13610,.jpg,640,480,167662,80b2923783f03b69a97f06ecba21d08a058896be10572a7eaf4ab46970ffadd6,img_13610,candidate-0093,decoded,JPEG
test,resize,IMG_13650.jpg,IMG_13650,.jpg,640,480,131647,4d9a59d4245dba8c117282f8933cc6b182001afc2935681d74d1814c239d57e3,img_13650,candidate-0094,decoded,JPEG
test,resize,IMG_1368.jpg,IMG_1368,.jpg,640,480,142895,cab35ada537008c17129fa1d60acf69cf43b0adc860abc08a4ba859b3a1962ad,img_1368,candidate-0095,decoded,JPEG
test,resize,IMG_13750.jpg,IMG_13750,.jpg,640,480,168093,ca5484314cc67748c975c463b7befc7cfe87182ce007128b1cfa9899bf431ec3,img_13750,candidate-0096,decoded,JPEG
test,resize,IMG_13770.jpg,IMG_13770,.jpg,640,480,172139,42a2e6a9987281913e763bc8313ee6d3d91e5c86b250b92410ebcc47fafde526,img_13770,candidate-0097,decoded,JPEG
test,resize,IMG_1378.jpg,IMG_1378,.jpg,640,480,129525,51e5783c2850f9fce590e14074c1ec76a0f6b147eb2aac9b1ad8c03265072f0d,img_1378,candidate-0098,decoded,JPEG
test,resize,IMG_13800.jpg,IMG_13800,.jpg,640,480,151787,7da2860fdb747cda1d69fe6647f6c4c5fe51567dbd7c29e7d1b854abf4b147fd,img_13800,candidate-0099,decoded,JPEG
test,resize,IMG_13830.jpg,IMG_13830,.jpg,640,480,170278,cd4a8fc5b1d33f13ca81326579ce24203319046bb8f62175ff2d1add2fb1db2e,img_13830,candidate-0100,decoded,JPEG
test,resize,IMG_13850.jpg,IMG_13850,.jpg,640,480,111051,3be08e4b85f942c4cc33bbaa6861f7487e9bca6bc9ae7ab7832ec87e154adbcb,img_13850,candidate-0101,decoded,JPEG
test,resize,IMG_1387.jpg,IMG_1387,.jpg,640,480,140578,f3505e115bb36ef86c1b83fc4aade3700b704da0ab51fd3afd536be04a087726,img_1387,candidate-0102,decoded,JPEG
test,resize,IMG_13880.jpg,IMG_13880,.jpg,640,480,164501,c991f374f3673c22a1e20b8a632d7885bbacdd8336dfbea3ac6ae94738c06565,img_13880,candidate-0103,decoded,JPEG
test,resize,IMG_1389.jpg,IMG_1389,.jpg,640,480,156632,8b5e1ef4959b54cffb41b888fdd72ec670cda526917b50942cbf300afbb1d537,img_1389,candidate-0104,decoded,JPEG
test,resize,IMG_1390.jpg,IMG_1390,.jpg,640,480,102845,7f1d67ee006120ca8e214c7bd0aa074e0568d30cd6b8fbdea5c2468334e0f886,img_1390,candidate-0105,decoded,JPEG
test,resize,IMG_13920.jpg,IMG_13920,.jpg,640,480,116809,810ea8d7419377e17ae9e118a914c9c90e869817483d7428f83b21224f76f7a9,img_13920,candidate-0106,decoded,JPEG
test,resize,IMG_13940.jpg,IMG_13940,.jpg,640,480,132430,6e621c5a2562b05399fbde32aaf01ab364f85cffc56d2633098326c342af99d1,img_13940,candidate-0107,decoded,JPEG
test,resize,IMG_13950.jpg,IMG_13950,.jpg,640,480,156383,fcb4e044069664745a4b01b573de53fe14de0330ad4d9c37dfd6b0959087c32e,img_13950,candidate-0108,decoded,JPEG
test,resize,IMG_1398.jpg,IMG_1398,.jpg,640,480,101775,a32883141e202ed393de95e4c296f4a17074d254543cd0869766185aef2b1afc,img_1398,candidate-0109,decoded,JPEG
test,resize,IMG_14010.jpg,IMG_14010,.jpg,640,480,100610,ed8ab338f10fe5600f4825b86a68f3fb9cd3d10ce211d7e0b55378c2e976e29e,img_14010,candidate-0110,decoded,JPEG
test,resize,IMG_14030.jpg,IMG_14030,.jpg,640,480,98472,0b4e23428288e9f04c5fa43ffd78bb362f1ea969ac9315127cf967bbcdeb703c,img_14030,candidate-0111,decoded,JPEG
test,resize,IMG_14050.jpg,IMG_14050,.jpg,640,480,131200,8b06ed6227afeec4ae9aa67e79b645519427d3d75b84e4d6f1720d0a724aa67a,img_14050,candidate-0112,decoded,JPEG
test,resize,IMG_1408.jpg,IMG_1408,.jpg,640,480,128664,47a6d19ee09f47b0b5bb5955f971d7759ab0595d2f3a0d0697579e551276d0f1,img_1408,candidate-0113,decoded,JPEG
test,resize,IMG_14090.jpg,IMG_14090,.jpg,640,480,152994,a2a0566c3cfde4cb40a280c195ae380fe438d24c82cd8c25a0a27ca23feddf3c,img_14090,candidate-0114,decoded,JPEG
test,resize,IMG_14120.jpg,IMG_14120,.jpg,640,480,153274,af70ae1249ee5f542eb21cbbef02c9cf81ee816e5df1a74b98b504ef50ab2b7d,img_14120,candidate-0115,decoded,JPEG
test,resize,IMG_1416.jpg,IMG_1416,.jpg,640,480,118182,46428dfe2213e45836ed065faf01bef0e932cd87f488ba9b3a5fe61b48b13750,img_1416,candidate-0116,decoded,JPEG
test,resize,IMG_14170.jpg,IMG_14170,.jpg,640,480,168818,f9f767d31c01a26f924f447e75b0af8eba01819dd2727a4038d93e608524df08,img_14170,candidate-0117,decoded,JPEG
test,resize,IMG_1419.jpg,IMG_1419,.jpg,640,480,127332,95fe6a66f7734f790a03d8bcac8b33e1a894291fdde761275e7bd57d4c1492b7,img_1419,candidate-0118,decoded,JPEG
test,resize,IMG_14300.jpg,IMG_14300,.jpg,640,480,142340,3ef0e756d0b3b82bb91dc7d8638169b74675918b236a6f0165e6d60094d9f829,img_14300,candidate-0119,decoded,JPEG
test,resize,IMG_14420.jpg,IMG_14420,.jpg,640,480,118515,5d04378f121f171efe5a148e5d6a3d8051d1ff0ae34d6340c4f864cde6a65d36,img_14420,candidate-0120,decoded,JPEG
test,resize,IMG_14430.jpg,IMG_14430,.jpg,640,480,125720,0f538d2dba03dde4be229db46718ba2d56f5250d30319168ed9e3a8a335f2a36,img_14430,candidate-0121,decoded,JPEG
test,resize,IMG_14460.jpg,IMG_14460,.jpg,640,480,149735,eff6ab84ab00d58f23ca3477709c34b4aafb4114036ae3dd00506490a21d3643,img_14460,candidate-0122,decoded,JPEG
test,resize,IMG_1448.jpg,IMG_1448,.jpg,640,480,138906,afcab22185073610af20706bdf80ce60cf665a95dac7b0391ab82428ab446c8d,img_1448,candidate-0123,decoded,JPEG
test,resize,IMG_1450.jpg,IMG_1450,.jpg,640,480,197431,e87c4fe9541e1f1bb098a79f27d7729676a4fddaabee8cc93f095c8b01b998d8,img_1450,candidate-0124,decoded,JPEG
test,resize,IMG_1452.jpg,IMG_1452,.jpg,640,480,149462,5dbd4005b25fb5bfbab45086b6a91477d15b2441cce4068a8ea5a02e4c2556c9,img_1452,candidate-0125,decoded,JPEG
test,resize,IMG_1461.jpg,IMG_1461,.jpg,640,480,135778,da85abfa48fdf57f602a17d940a0ee0ab275d06dd0d0e1ba95744fd8d4e51a66,img_1461,candidate-0126,decoded,JPEG
test,resize,IMG_1464.jpg,IMG_1464,.jpg,640,480,127483,5006620b7f83d2b724fa47681d13b8746136408f2a41b2951dc523dea0ee2b85,img_1464,candidate-0127,decoded,JPEG
test,resize,IMG_14660.jpg,IMG_14660,.jpg,640,480,155197,2b01d1ebd50eaeb0ce1608412adceaffd73214ba02b6ad561496ec7a05f19cf4,img_14660,candidate-0128,decoded,JPEG
test,resize,IMG_14670.jpg,IMG_14670,.jpg,640,480,131390,857bef00008b7416c6ce3b2b22447f2760bad1fe0f23b54af8c267798e1a8d72,img_14670,candidate-0129,decoded,JPEG
test,resize,IMG_1469.jpg,IMG_1469,.jpg,640,480,157565,46277b0cdd00c659970f33993d130f60295aff31b39d9d2f055d436d3b0f5dc5,img_1469,candidate-0130,decoded,JPEG
test,resize,IMG_1475.jpg,IMG_1475,.jpg,640,480,118103,256301fa5abece0887154f07b8f3215a47b1ad4874bf8732b773cbdc0f993b44,img_1475,candidate-0131,decoded,JPEG
test,resize,IMG_15601.jpg,IMG_15601,.jpg,640,480,117260,148f47ff03e730cc0096cbd4e134509243cf0f8a18f3f5990a30413b3b0f9df8,img_15601,candidate-0132,decoded,JPEG
test,resize,IMG_5387.jpg,IMG_5387,.jpg,640,480,170221,7c749934b8d054c1bff2107dd430af3523ecaa36a2e3dcf5c419dc9e728ca415,img_5387,candidate-0133,decoded,JPEG
test,resize,IMG_53880.jpg,IMG_53880,.jpg,640,480,164356,4f1f88b478844e8d497841dbb0c3b4ab01c52aecb020a3dee26e8546d86cfea1,img_53880,candidate-0134,decoded,JPEG
test,resize,IMG_53890.jpg,IMG_53890,.jpg,640,480,153888,8966fa36c868e910f21b7f92df15485602c8bd5670e85c6c0d2c0dedf1c71202,img_53890,candidate-0135,decoded,JPEG
test,resize,IMG_5393.jpg,IMG_5393,.jpg,640,480,138509,49c466bbb769a255410a29bc113a7752f3d61ef000dc847add97ac8a8d2c52fd,img_5393,candidate-0136,decoded,JPEG
test,resize,IMG_53950.jpg,IMG_53950,.jpg,640,480,162551,263344b0f30ca8aaa77116459259cfee3679f04ab8b3b12a67f40290f9280c64,img_53950,candidate-0137,decoded,JPEG
test,resize,IMG_53970.jpg,IMG_53970,.jpg,640,480,160368,9a53f7e32c1a32043363a0ecd64023414b6dae37c60886bb64a24697afe8c58b,img_53970,candidate-0138,decoded,JPEG
test,resize,IMG_5405.jpg,IMG_5405,.jpg,640,480,116201,7c30cddfd649594843a853496939302987a3c562c0f0eed6154e5a7cb595ee85,img_5405,candidate-0139,decoded,JPEG
test,resize,IMG_5409.jpg,IMG_5409,.jpg,640,480,160943,539e127935bdbe518b888a86f42bebf7b6c23c41a5e4fe63141aac685a085f8e,img_5409,candidate-0140,decoded,JPEG
test,resize,IMG_54140.jpg,IMG_54140,.jpg,640,480,158253,f7c7084184d3778891d79e60be328fb1e03b20a1acb683caaef473406255cd2e,img_54140,candidate-0141,decoded,JPEG
test,resize,IMG_54160.jpg,IMG_54160,.jpg,640,480,134232,2335d1f509b6419313d54a354ad6ecbc80cd0bea3914a759859d9ca25dd01e83,img_54160,candidate-0142,decoded,JPEG
test,resize,IMG_5418.jpg,IMG_5418,.jpg,640,480,129901,9384aec805963727fb400ccf31d3fc99d7ef3c575ca7f10546b10818578b1a0f,img_5418,candidate-0143,decoded,JPEG
test,resize,IMG_54190.jpg,IMG_54190,.jpg,640,480,172103,bf6a4f75fd2d980d33bb878454a8c7d695b0da6a8559398632cef84707906cab,img_54190,candidate-0144,decoded,JPEG
test,resize,IMG_54280.jpg,IMG_54280,.jpg,640,480,199337,dc680599fc425364a3744c2044cf133b0d03fa4a44c0e9efe9adf3c7ff7fce60,img_54280,candidate-0145,decoded,JPEG
test,resize,IMG_54290.jpg,IMG_54290,.jpg,640,480,181302,f13e6ce4832279ac4dcab0616c80082c81f071574cea0425ffc96d800af5433f,img_54290,candidate-0146,decoded,JPEG
test,resize,IMG_5430.jpg,IMG_5430,.jpg,640,480,187833,89be52459b35a561b42ae14ced6f035ab89913bfc99df798c0f6314cd2e8c0f4,img_5430,candidate-0147,decoded,JPEG
test,resize,IMG_54350.jpg,IMG_54350,.jpg,640,480,174200,69047c32967c400ec3c4d3eae6de4379d02b293de3c7e8f93c1977fef9c1e7d3,img_54350,candidate-0148,decoded,JPEG
test,resize,IMG_54370.jpg,IMG_54370,.jpg,640,480,135345,561eb8bddd9351cbc8ba59c0810717101cd433053a7ca6bf5bef9289f95baa80,img_54370,candidate-0149,decoded,JPEG
test,resize,IMG_54420.jpg,IMG_54420,.jpg,640,480,169613,93234e77c70ea4fce2197e24b22dab7dc0aed56dbad81c94c4923ce05c57a14c,img_54420,candidate-0150,decoded,JPEG
test,resize,IMG_54440.jpg,IMG_54440,.jpg,640,480,143675,883a1616cb12122e1f37de076fdeecb2557967b52b8a215273dddab83abe273f,img_54440,candidate-0151,decoded,JPEG
test,resize,IMG_54450.jpg,IMG_54450,.jpg,640,480,184013,07b91c7d8926ed16865dd7f9c6bba1dfd0228c99a8ab16c8846881fdfd80b4be,img_54450,candidate-0152,decoded,JPEG
test,resize,IMG_54470.jpg,IMG_54470,.jpg,640,480,154635,f6c99f4d42fd8d8679d168a08c32a13ca633f62f6fdc9221782d42c55d37c20a,img_54470,candidate-0153,decoded,JPEG
test,resize,IMG_54550.jpg,IMG_54550,.jpg,480,640,128673,84740cb41e97605d755a28e96c30a9b81fd898a124c7505596f6625431494ac8,img_54550,candidate-0154,decoded,JPEG
test,resize,IMG_54560.jpg,IMG_54560,.jpg,480,640,127543,42043539ea1b79e9c99399d94072b6bead274f92e5e88d37677dfc2c24dd8ce3,img_54560,candidate-0155,decoded,JPEG
test,resize,IMG_54690.jpg,IMG_54690,.jpg,640,480,119996,ca5b785a6038fa72d60422202169f243dd663669898911b0cacb4814dcf9f26e,img_54690,candidate-0156,decoded,JPEG
test,resize,IMG_5472.jpg,IMG_5472,.jpg,640,480,146864,8245876df17644d93cf87a225f94578390e06583f905437c98795b6da1c01861,img_5472,candidate-0157,decoded,JPEG
test,resize,IMG_54910.jpg,IMG_54910,.jpg,640,480,160335,cf146b0213d0f5ee4e75cdab65ebb219d80c7a3dadc06e783cfd62815fac1811,img_54910,candidate-0158,decoded,JPEG
test,resize,IMG_55060.jpg,IMG_55060,.jpg,640,480,109036,7f11f10e15a6af27dd70345c67701e0103a0c87be255bc9a1f566ccf700bb62e,img_55060,candidate-0159,decoded,JPEG
test,resize,IMG_5546.jpg,IMG_5546,.jpg,640,480,208815,6674969148886e137a9d29eb674fafa13e2c022a3dd89817f9ce37f91fa9d050,img_5546,candidate-0160,decoded,JPEG
test,resize,IMG_55800.jpg,IMG_55800,.jpg,640,480,171991,5638d7ed17b8dee5ebce35497f8b18c7768cb84eead1f52901721beed57cea23,img_55800,candidate-0161,decoded,JPEG
test,resize,IMG_55890.jpg,IMG_55890,.jpg,640,480,183162,a00aef44c34b3a187d9d000db6f3c5a944bee1e9555f1498b7731aec75b3d781,img_55890,candidate-0162,decoded,JPEG
test,resize,IMG_55910.jpg,IMG_55910,.jpg,640,480,214805,e502481015d57edf6b564995448ad34627bcb1a74feb970cc988ef61206977cd,img_55910,candidate-0163,decoded,JPEG
test,resize,IMG_55980.jpg,IMG_55980,.jpg,640,480,178937,fe1001a6114624da4e6e4d71351a095e621f1abf86424cfbed72db253b08da5b,img_55980,candidate-0164,decoded,JPEG
test,resize,IMG_5605.jpg,IMG_5605,.jpg,640,480,157525,969ab6983d90c046ccfdb0d38a95377038dcc109a1ae4c689f0845d3335654d8,img_5605,candidate-0165,decoded,JPEG
test,resize,IMG_5606.jpg,IMG_5606,.jpg,640,480,186382,e4869df4bbdc7039a6166e8a54be01150d01d63124e68c589b313bcfed21941b,img_5606,candidate-0166,decoded,JPEG
test,resize,IMG_56100.jpg,IMG_56100,.jpg,640,480,212931,0c0fa361a859114a6ad9976f174f18cb6cd83f45d1b778fe8f493114dd57b632,img_56100,candidate-0167,decoded,JPEG
test,resize,IMG_56110.jpg,IMG_56110,.jpg,640,480,207603,0ecc7e2914995e053e791efd590ccc03a8a03a85a2578963ce5204b39ab60c4d,img_56110,candidate-0168,decoded,JPEG
test,resize,IMG_56130.jpg,IMG_56130,.jpg,640,480,182717,8660fc83d0aec38d4cdf6200714b579ddcee8c3686e6ac2cbeba0b9b00ea0504,img_56130,candidate-0169,decoded,JPEG
test,resize,IMG_5614.jpg,IMG_5614,.jpg,640,480,88249,4d11f97e0140daa763665b7ea4207b181c9c9fc5435b11cf94307a5adc1dca30,img_5614,candidate-0170,decoded,JPEG
test,resize,IMG_56200.jpg,IMG_56200,.jpg,640,480,165184,b838422d440ff289848db17f7b2296d5ff2a5a025d5f087ac05780f5271f97e0,img_56200,candidate-0171,decoded,JPEG
test,resize,IMG_56400.jpg,IMG_56400,.jpg,640,480,182290,71f25a3418abeb5bf3a649542f0ffebd612e22895a56a7a39e68bb2cce8b2b62,img_56400,candidate-0172,decoded,JPEG
test,resize,IMG_56440.jpg,IMG_56440,.jpg,640,480,176539,b5bf5edb0d05af86ea25b935529aef5c2f2c865f2aecf0e69384b8bf73e85b45,img_56440,candidate-0173,decoded,JPEG
test,resize,IMG_6766.jpg,IMG_6766,.jpg,640,480,193662,89ba7e283b5ba1561cc23e11e25978cc41e3c2014c555d0f487a1787c4acafb9,img_6766,candidate-0174,decoded,JPEG
test,resize,IMG_6771.jpg,IMG_6771,.jpg,640,480,207315,93e40f5568c8acab33ee52c94072646ac94ed55d111155e244b68cd8261c86f0,img_6771,candidate-0175,decoded,JPEG
test,resize,IMG_6774.jpg,IMG_6774,.jpg,640,480,180664,11721b07939995b9406fa2227a7b1a505756e41845f815097ce5f1ade48fc77e,img_6774,candidate-0176,decoded,JPEG
test,resize,IMG_6778.jpg,IMG_6778,.jpg,640,480,170796,24353c1869b15227c22797ad284af020438cd6205ea4774bc15a5bbad4159979,img_6778,candidate-0177,decoded,JPEG
test,resize,IMG_6779.jpg,IMG_6779,.jpg,640,480,176326,bec098ed62e92418bca465ade64da2d6447c6dad973773bdef90a44e40793d73,img_6779,candidate-0178,decoded,JPEG
test,resize,IMG_6781.jpg,IMG_6781,.jpg,640,480,191799,c79d4c3e6cc99e440e5a5f9d21c264882c3b807af3e45f20ef3d3396dbcdc5b7,img_6781,candidate-0179,decoded,JPEG
test,resize,IMG_6784.jpg,IMG_6784,.jpg,640,480,182589,446d8f2e4ffab0f92a970d50a3208441079f7c5abb1042747ae7bfaa256107ac,img_6784,candidate-0180,decoded,JPEG
test,resize,IMG_6787.jpg,IMG_6787,.jpg,640,480,193107,b9ecd9b3e1a14f85e501019762123efa8f0207a8638496b306d6fc6a2e302722,img_6787,candidate-0181,decoded,JPEG
test,resize,IMG_6799.jpg,IMG_6799,.jpg,640,480,190202,5edec3b1e5971bbec323f47801eab765a5cabc4b0d93841462bd3e1ff18c1d47,img_6799,candidate-0182,decoded,JPEG
test,resize,IMG_6804.jpg,IMG_6804,.jpg,640,480,180932,74dfd9d2e4aaaceec6ad1a4429e63003bc30acef5bf2edc165995f54a1f3ee0f,img_6804,candidate-0183,decoded,JPEG
test,resize,IMG_6807.jpg,IMG_6807,.jpg,640,480,176321,073c51fd0a11ff6ff1899625a49f5d6b99173d0d73fd33cb9450bfab96d84569,img_6807,candidate-0184,decoded,JPEG
test,resize,IMG_6812.jpg,IMG_6812,.jpg,640,480,174997,df840cdc3a3e9d0231d54e0a961f384a6bcdd7adae03171f144757c8978acc0b,img_6812,candidate-0185,decoded,JPEG
test,resize,IMG_6816.jpg,IMG_6816,.jpg,640,480,155871,e7e0880a2328d283832287ffcb890dacf9bcebbed077bbd2a6716f1e81524025,img_6816,candidate-0186,decoded,JPEG
test,resize,IMG_6819.jpg,IMG_6819,.jpg,640,480,148182,86b29f8c499b07ff8081bc369b46eab38d333c2fd6b0062461af7a17045aaff3,img_6819,candidate-0187,decoded,JPEG
test,resize,IMG_6821.jpg,IMG_6821,.jpg,640,480,174823,8d697b2723380b16f191002e2a2dff52372f433e8aa062c0e76ceac372a66db7,img_6821,candidate-0188,decoded,JPEG
test,resize,IMG_6826.jpg,IMG_6826,.jpg,640,480,148448,b66c1beaccf611be2c3a7abf99bf03943dc64c5b4d57a169513e1a99e1bd0073,img_6826,candidate-0189,decoded,JPEG
test,resize,IMG_6827.jpg,IMG_6827,.jpg,640,480,163243,8d4e4944cd8aaec2613fd2b6694f47aaa35ee995cf56078573d181325a413f6a,img_6827,candidate-0190,decoded,JPEG
test,resize,IMG_6829.jpg,IMG_6829,.jpg,640,480,150370,faaf9d16c1d574231e8eef812262b997d2466b87ae2ee2d81ed8835e3e7d2491,img_6829,candidate-0191,decoded,JPEG
test,resize,IMG_6841.jpg,IMG_6841,.jpg,640,480,136465,579a4b4181d1005d923329e905b20306b5b2f519a71acab929abd6f6cbac0059,img_6841,candidate-0192,decoded,JPEG
test,resize,IMG_6855.jpg,IMG_6855,.jpg,640,480,178792,6aa93b08d90bddd6145d6aa0b2f6985f3d49c577a20da32712953b9b446b0a75,img_6855,candidate-0193,decoded,JPEG
test,resize,IMG_6857.jpg,IMG_6857,.jpg,640,480,165932,7f8e524b1fcc6c77a789418fdf2a45a1246428a0bbdc5b31b27a302a16f8103b,img_6857,candidate-0194,decoded,JPEG
test,resize,IMG_6859.jpg,IMG_6859,.jpg,640,480,177120,738ac596858344b3fdaf0413b98a31de45e7a99cbf2ecad08856455afaca1778,img_6859,candidate-0195,decoded,JPEG
test,resize,IMG_6861.jpg,IMG_6861,.jpg,640,480,203638,1f2300f8ba2340dcdd0964d987337945dcaa94e232b89d5e65bca290c2eeba49,img_6861,candidate-0196,decoded,JPEG
test,resize,IMG_6873.jpg,IMG_6873,.jpg,640,480,185628,bbf6e8c713f0348c87a6902f1b8b4d83f85271bc85e4d93671de026642cb5577,img_6873,candidate-0197,decoded,JPEG
test,resize,IMG_6879.jpg,IMG_6879,.jpg,640,480,162787,fb339ff9b10e67682b4cf68f3522145991f8d22c43e6073fb68ecebe86a8bec5,img_6879,candidate-0198,decoded,JPEG
test,resize,IMG_6883.jpg,IMG_6883,.jpg,640,480,160392,d4423bff84816fc598d3fbe4adff68af313a1a5b8f797b82567e9a8f3ceba3f0,img_6883,candidate-0199,decoded,JPEG
test,resize,IMG_6885.jpg,IMG_6885,.jpg,640,480,178747,f6a1c2c9738a6d016b3a0c49c400bc81a9caa35aaa73b09caff362d14e2bb7a9,img_6885,candidate-0200,decoded,JPEG
test,resize,IMG_6895.jpg,IMG_6895,.jpg,640,480,171312,cb031268f22a84f9242a035ce4a1c40edd1b02ddb7591f32ffbecc9d4eb1a8c0,img_6895,candidate-0201,decoded,JPEG
test,resize,IMG_6897.jpg,IMG_6897,.jpg,640,480,172852,d2b899ed3cc7f9cdff48295e27a83e74baab0027bcb27d244438875e44f176d3,img_6897,candidate-0202,decoded,JPEG
test,resize,IMG_6938.jpg,IMG_6938,.jpg,640,480,165485,043010078a81fe4ca02cb90cfe7929f0a5b9fc72384ec96fec55788ef834bbc3,img_6938,candidate-0203,decoded,JPEG
test,resize,IMG_6941.jpg,IMG_6941,.jpg,640,480,164316,1fe23a2dd64eb964479bf61808cafbf4a5e98314f49e94a6e10e0f94f6aa34c1,img_6941,candidate-0204,decoded,JPEG
test,resize,IMG_6944.jpg,IMG_6944,.jpg,640,480,168852,ad86d0884335313765a965456cbb77d495428d07b6b601a2bfac421196635302,img_6944,candidate-0205,decoded,JPEG
test,resize,IMG_6945.jpg,IMG_6945,.jpg,640,480,147276,723521def0d560151324cb9e092992166b1c182736cc2499abf9e7628666c503,img_6945,candidate-0206,decoded,JPEG
test,resize,IMG_6947.jpg,IMG_6947,.jpg,640,480,147777,6456c953688d0ab14209e9c855eba6d06f866d18c91ef04ae42a8b5e43ad5f85,img_6947,candidate-0207,decoded,JPEG
test,resize,IMG_6949.jpg,IMG_6949,.jpg,640,480,151301,0c4bc1b58d79c7ccdd85453b4c274bf3193f5439287af45ae25ac73acfbef995,img_6949,candidate-0208,decoded,JPEG
test,resize,IMG_6952.jpg,IMG_6952,.jpg,640,480,178411,2848c21badb62707c5a3582c1a565555f2665983ac09b6a2c527a47566ea95eb,img_6952,candidate-0209,decoded,JPEG
test,resize,IMG_6960.jpg,IMG_6960,.jpg,640,480,176806,d618056498702a34185a2a0f124737e698df608b9e555d063135d431c87d7bcc,img_6960,candidate-0210,decoded,JPEG
test,resize,IMG_6967.jpg,IMG_6967,.jpg,640,480,188353,095e36f0cfeb34793eb19f552f3bf9c1af30d0059951fa2be00b8c4a551a5994,img_6967,candidate-0211,decoded,JPEG
test,resize,IMG_6986.jpg,IMG_6986,.jpg,640,480,182993,4cad4e926e6feff68822284d3483a0cb20986b5baa133bfaaaee94ea21c4edac,img_6986,candidate-0212,decoded,JPEG
test,resize,IMG_6989.jpg,IMG_6989,.jpg,640,480,169512,324fd583b0e5c394c13d7712ba27d251a716c27dab2104139eb660c76781a019,img_6989,candidate-0213,decoded,JPEG
test,resize,IMG_6993.jpg,IMG_6993,.jpg,640,480,119266,55fb89527ec6d7403ce758d98f2cf5bb97b350e036c71ee8340d32dd00565594,img_6993,candidate-0214,decoded,JPEG
test,resize,IMG_6996.jpg,IMG_6996,.jpg,640,480,158433,7984c65f141b7aa1bd0072729e59c690b38b9cd79a387fd2fe0cdbeef2584e8c,img_6996,candidate-0215,decoded,JPEG
test,resize,IMG_6998.jpg,IMG_6998,.jpg,640,480,175384,50337d804e1a731eb0f19bd2b5ed30d6bb1bd6725e36c6b83e1b0b2520557dcf,img_6998,candidate-0216,decoded,JPEG
test,resize,IMG_7002.jpg,IMG_7002,.jpg,640,480,182108,d00355396532b1a741b47455de5df8a5e4237553eee27bc9565662bb59e3d834,img_7002,candidate-0217,decoded,JPEG
test,resize,IMG_7006.jpg,IMG_7006,.jpg,640,480,169992,71b8228be2c5bd1049d03def4774be37ca45c47f304699b5b1c8c1b0990985dd,img_7006,candidate-0218,decoded,JPEG
test,resize,IMG_7008.jpg,IMG_7008,.jpg,640,480,171500,780e62c4a2fc0ceff953d481476851669ff53654f1fe110801d5c0d20b5a812c,img_7008,candidate-0219,decoded,JPEG
test,resize,IMG_7011.jpg,IMG_7011,.jpg,640,480,151616,3ee98b024eeece3c0c54e7b3ca55bd58222ceadaa6871df086680d5604184f82,img_7011,candidate-0220,decoded,JPEG
test,resize,IMG_7014.jpg,IMG_7014,.jpg,640,480,150461,9c45f1ed60a479b3529ed904e3f0fc00432ed412d8b4f5976f202898d73ff228,img_7014,candidate-0221,decoded,JPEG
test,resize,IMG_7016.jpg,IMG_7016,.jpg,640,480,157222,58cafce3a68854f105044ebb7dceb20c8955548b244c50146bc32d1f68b55390,img_7016,candidate-0222,decoded,JPEG
test,resize,IMG_7020.jpg,IMG_7020,.jpg,640,480,158602,2149231a1085c3b26f56e7aa5940939ae36c4cb1ccc5658a15f9e36fcd453671,img_7020,candidate-0223,decoded,JPEG
test,resize,IMG_7026.jpg,IMG_7026,.jpg,640,480,167368,38b51aafb4fcdcee23e2b1528ff41d39c8e773df3ad9f6dc5c64ba0d0ea4aa7f,img_7026,candidate-0224,decoded,JPEG
test,resize,IMG_7029.jpg,IMG_7029,.jpg,640,480,155918,98146a68006e4a4318d2a370af71a7f64f3440a8f2ee7d647d16d1422a1b2824,img_7029,candidate-0225,decoded,JPEG
test,resize,IMG_7032.jpg,IMG_7032,.jpg,640,480,159203,49902fc552056fa44daffccfc8cd607f9587a0bbd492c6e88af3b7341fe7e7fb,img_7032,candidate-0226,decoded,JPEG
test,resize,IMG_7041.jpg,IMG_7041,.jpg,640,480,160788,12cd07a407baf7b16bedc28fbf4a80191397788bc0eb3a6834ea37f1d61a0c79,img_7041,candidate-0227,decoded,JPEG
test,resize,IMG_7044.jpg,IMG_7044,.jpg,640,480,180369,2fc880b74a68e965ca515f4a529cebcf8b3aa908e31493425ffbd2a5513fe1eb,img_7044,candidate-0228,decoded,JPEG
test,resize,IMG_7045.jpg,IMG_7045,.jpg,640,480,181370,fccf73aa5945b7338f85532daaebe5ae2dbb44df3792fb2a4c6d859403ce4b51,img_7045,candidate-0229,decoded,JPEG
test,resize,IMG_7049.jpg,IMG_7049,.jpg,640,480,169160,88fcbd04442874adfc1020dce9034e7a8013b225b7f3214665f6e95f5deee478,img_7049,candidate-0230,decoded,JPEG
test,resize,IMG_7051.jpg,IMG_7051,.jpg,640,480,159330,281eea2c662d0ef0469a6f100016e58d6419c3867da6733fefbf6104550dd773,img_7051,candidate-0231,decoded,JPEG
test,resize,IMG_7053.jpg,IMG_7053,.jpg,640,480,158167,a35b9cbedad79fc6826c82cf9449d3ff08a109cbf747db6e0b20857af09b81c4,img_7053,candidate-0232,decoded,JPEG
test,resize,IMG_7057.jpg,IMG_7057,.jpg,640,480,167827,3d0a65ebf66571dcd28bbccc3f7a038a4f88ed57067531da51c0a7bcd350ad46,img_7057,candidate-0233,decoded,JPEG
test,resize,IMG_7059.jpg,IMG_7059,.jpg,640,480,171115,8e498329ac058bc81af3c2381446c68ccd80e625915aa8ace93accb001506ad2,img_7059,candidate-0234,decoded,JPEG
test,resize,IMG_7062.jpg,IMG_7062,.jpg,640,480,195161,fdd3f794c9aaf97f9820b8b4cc3d101a439d03709b6f67eb2f0425f61e0cb453,img_7062,candidate-0235,decoded,JPEG
test,resize,IMG_7064.jpg,IMG_7064,.jpg,640,480,173142,702a0aeb3beebec6629748c112fca879b83161964cf2f2a3a8308230aae00698,img_7064,candidate-0236,decoded,JPEG
test,resize,IMG_7068.jpg,IMG_7068,.jpg,640,480,174087,cfde1afce918ee7c28c0650cde70defe5257984870ebabb057425525350bc92c,img_7068,candidate-0237,decoded,JPEG
train,original,100.jpg,100,.jpg,369,277,68739,0473db663f7a72277654aaeddf62296c1b9e7fe234668bf11542c2bdec8eced0,100,candidate-0238,decoded,JPEG
train,original,10000.jpg,10000,.jpg,369,277,52405,ed9beff0d6aff7e8ebc3e20f908146398af1e3f727efdc054cf1e0179321aaac,10000,candidate-0239,decoded,JPEG
train,original,1000000.jpg,1000000,.jpg,369,277,41940,62fb21a3f16bd30f210b79d69d2d83bcb299c20a76f01845aa73831956fbf47c,1000000,candidate-0240,decoded,JPEG
train,original,1000000_brightness.jpg,1000000_brightness,.jpg,369,277,79661,da8984fe37b57b79f2836470de812856955eecf6cf81d2d5be5f0adaf50ccc6b,1000000,candidate-0240,decoded,JPEG
train,original,100_brightness.jpg,100_brightness,.jpg,369,277,68383,b06b1b51fc7d1e8c8eaed76fa6374e5bdd06235b6dad57a3a9c88f5df476c099,100,candidate-0238,decoded,JPEG
train,original,101.jpg,101,.jpg,277,369,77636,965b1648038219241e5fcea588ed4160c14644abb463d08110d77df899754a00,101,candidate-0241,decoded,JPEG
train,original,1020.jpg,1020,.jpg,277,369,21183,e1bd612d8aee63101764c107d32fb603873974f03d2bc0e58d2064a4d8760476,1020,candidate-0242,decoded,JPEG
train,original,1050.jpg,1050,.jpg,369,277,38969,8748c24f050abbfd75f5de088df18bb3cc50748b2672884bdfded6499b0d5f34,1050,candidate-0243,decoded,JPEG
train,original,1060.jpg,1060,.jpg,369,277,27994,861685128365a3e4e9e61fd6ec85a74ea399c29e05626476d12e9eabd994e778,1060,candidate-0244,decoded,JPEG
train,original,1100.jpg,1100,.jpg,369,277,34970,c74b10dd7ad83a0b3c13f69e82054260a909b7535bbf3a4d95a7e2abaa27d73f,1100,candidate-0245,decoded,JPEG
train,original,111_brightness.jpg,111_brightness,.jpg,369,277,51896,2d0cea3c2f76b6461594106edcfacab7f977589bd8364aea106c8151ed23842f,111,candidate-0246,decoded,JPEG
train,original,1120.jpg,1120,.jpg,369,277,32001,f90d28b486f8b63c6ffa02c216426ff2dc9de377f58ec638ee83edf2689137ea,1120,candidate-0247,decoded,JPEG
train,original,1120_brightness.jpg,1120_brightness,.jpg,369,277,64267,19a1e2eef823060d15ee15483129a410b26355f4f5c0b2abb30e5792471ac4b4,1120,candidate-0247,decoded,JPEG
train,original,1160.jpg,1160,.jpg,369,277,15534,fea011dd2772202833ab781dbfe82ecd7f4aee1b630fe1dd86b96578e4ace02e,1160,candidate-0248,decoded,JPEG
train,original,1160_brightness.jpg,1160_brightness,.jpg,369,277,37310,e773c05392727cc9fc9273ed99ccdadec17667cdfad4e69cc26e18b867aeb06a,1160,candidate-0248,decoded,JPEG
train,original,1180_brightness.jpg,1180_brightness,.jpg,369,277,45443,845755cb45ed56675129022e9748520c6a4089d731d350a0ba16f4d236ed16d0,1180,candidate-0249,decoded,JPEG
train,original,1190.jpg,1190,.jpg,369,277,31713,706ec0ca5694862c86c3380163c16e46f999aca08c6550ca2ccf26bb30a624ab,1190,candidate-0250,decoded,JPEG
train,original,12.jpg,12,.jpg,369,277,97173,8cf02a55285a7c7c234417707559c25868d7cc63fe15a73998bf2a5070bdbea3,12,candidate-0251,decoded,JPEG
train,original,1200.jpg,1200,.jpg,369,277,27486,1646375612d29944613908ad3de2d6c24007dc4b8f1d804a3ce036172f4d4dba,1200,candidate-0252,decoded,JPEG
train,original,1250.jpg,1250,.jpg,369,277,19846,e6588531d42d341d9a4af7d5d52739e42ae95ad8d9ee3664a9297dc46b314e80,1250,candidate-0253,decoded,JPEG
train,original,1250_brightness.jpg,1250_brightness,.jpg,369,277,45810,a522b8966974b2a6ecd217dd0f6387ae18462d81e47d422169f287b590306545,1250,candidate-0253,decoded,JPEG
train,original,1250_noise.jpg,1250_noise,.jpg,369,277,76056,efaf2b5d27a4331f031cc97dcf4f57fe2ab0ad95fc54f3df83ff20f2b9f4bbdb,1250,candidate-0253,decoded,JPEG
train,original,1260.jpg,1260,.jpg,369,277,21454,d967ca299b000739eba0c8387993246b4132e86357b4bd6a0d625c30878a1ce6,1260,candidate-0254,decoded,JPEG
train,original,1260_brightness.jpg,1260_brightness,.jpg,369,277,48050,ef77fd2664fa9ed47655f85dfccfe47ffd2ba23dd4a2894a8c401d4f19b2cea4,1260,candidate-0254,decoded,JPEG
train,original,1260_noise.jpg,1260_noise,.jpg,369,277,76830,f2f3125df79ec80cd5d2b6f98b6708723bc2af70238725655c699b6cfcc8b0b9,1260,candidate-0254,decoded,JPEG
train,original,128.jpg,128,.jpg,369,277,24663,019ae068e25f1d12b32291ac4de8e1054266191fb2cb2fec71c039cba02b4c73,128,candidate-0255,decoded,JPEG
train,original,1290_brightness.jpg,1290_brightness,.jpg,369,277,63341,b6d91752abd5fb6e9da13db333b9053b8b6ccf970b8a68b00cfa144cf92066c1,1290,candidate-0007,decoded,JPEG
train,original,12_brightness.jpg,12_brightness,.jpg,369,277,89581,884cf3feb32a67f32b48cf57d686709a3f39713e9bec5571c0dde508bb0b3099,12,candidate-0251,decoded,JPEG
train,original,13.jpg,13,.jpg,277,369,98410,64acf53405534bae4e29ac622444fc0f9325e0edac5d70aec6e4b6865790ac96,13,candidate-0256,decoded,JPEG
train,original,130.jpg,130,.jpg,369,277,30489,d08ec1fd10fc67f5aea9277c0d030de01d976a32402d7446c372fdc42e92f082,130,candidate-0257,decoded,JPEG
train,original,130_brightness.jpg,130_brightness,.jpg,369,277,59750,eb3e377ad4cb30443a6ed44484525ad8cab5c8138c0bae4a504df992e085e59d,130,candidate-0257,decoded,JPEG
train,original,130_noise.jpg,130_noise,.jpg,369,277,81769,a105185283d1956f3cb924dbcf2853c163bfa16bdc4a94dbdc563222d28e3bba,130,candidate-0257,decoded,JPEG
train,original,1310.jpg,1310,.jpg,369,277,25102,f1cb127b5e2304fbaa8a5c2580e13fb5bad3017e1f2a34045e994b02210ba5ce,1310,candidate-0258,decoded,JPEG
train,original,1310_brightness.jpg,1310_brightness,.jpg,369,277,55628,5ea5344fd7517509fe334eb76b6fef671d170fa90d711806a3c1f0e488d0318d,1310,candidate-0258,decoded,JPEG
train,original,1320.jpg,1320,.jpg,369,277,18700,220e50cfc90540f59435bcf7d7b90224552cf4c448eba526ba450cc272d8d2d5,1320,candidate-0259,decoded,JPEG
train,original,1320_brightness.jpg,1320_brightness,.jpg,369,277,44110,ba1fb6dcec65ee46e665804d5354bb15f264d261601cf6bea7196a7ae99cd35c,1320,candidate-0259,decoded,JPEG
train,original,1320_noise.jpg,1320_noise,.jpg,369,277,75299,dcf694121d9dd2817a61b4eb755e38c6370464933140b35d0435adb20f70bf9e,1320,candidate-0259,decoded,JPEG
train,original,1330.jpg,1330,.jpg,369,277,42389,a19ecf950579d58eacaf645a57b19edd4f0caf365d34ff9154fa448677e2b0ef,1330,candidate-0260,decoded,JPEG
train,original,1330_brightness.jpg,1330_brightness,.jpg,369,277,78564,18e7dc80551a7bd984ac47afc8f0fd50864b63a88ff1e5120caf670b6e76a986,1330,candidate-0260,decoded,JPEG
train,original,1330_noise.jpg,1330_noise,.jpg,369,277,92783,2fbe7b82a4562d7653158570cc96af4ce0796185f41997579878890e69ff784a,1330,candidate-0260,decoded,JPEG
train,original,1340.jpg,1340,.jpg,369,277,28431,49c3b7497db276988726d6d875ed393ad7202f3bec87467358f678036f3e2822,1340,candidate-0261,decoded,JPEG
train,original,1340_brightness.jpg,1340_brightness,.jpg,369,277,58358,6811dc5e9a77e9565600f34ba93a67fc58ec9663c3bc9fa84d69da36c22cee91,1340,candidate-0261,decoded,JPEG
train,original,1340_noise.jpg,1340_noise,.jpg,369,277,82241,2554d27263e71d9925fef646bc749d20e7d98b4e21f3642211ae1fbed4a4429c,1340,candidate-0261,decoded,JPEG
train,original,1350.jpg,1350,.jpg,369,277,20440,e41eab3a972b34d27b96023ae177aa5ee398c10349ff4cdebcfe3b0393c897e1,1350,candidate-0262,decoded,JPEG
train,original,1360.jpg,1360,.jpg,369,277,36697,2ef4017c825f672a3642b86f16b889c345ed3152080eb6e661f9d12b833b89b9,1360,candidate-0035,decoded,JPEG
train,original,1360_noise.jpg,1360_noise,.jpg,369,277,88976,25571189c60d415aa6d6e168b9a11ba85acfd0eff92e8a9f2ee2cee4f769b536,1360,candidate-0035,decoded,JPEG
train,original,137.jpg,137,.jpg,369,277,27476,faa093dd267895795b949973cb66dbca06214670511a5740e9cc7fcbc6b87018,137,candidate-0263,decoded,JPEG
train,original,137_brightness.jpg,137_brightness,.jpg,369,277,54076,a7e138f5bfd24dbc625744eede912d61ff140b681bdb793f12da2b2e0bd998e5,137,candidate-0263,decoded,JPEG
train,original,137_noise.jpg,137_noise,.jpg,369,277,78869,3678de3b03758e222427a31cae13fc5186da201925a8fc0899634361be74df32,137,candidate-0263,decoded,JPEG
train,original,138_brightness.jpg,138_brightness,.jpg,369,277,50751,f81d8e3a53685a3a1935e4ddcb3d08c0fc57e7c6df69073fe9f2f8c77f63e2e2,138,candidate-0008,decoded,JPEG
train,original,138_noise.jpg,138_noise,.jpg,369,277,77728,2fef9187200075b6efeffdce1d9ebb59be96a64329955e647c72c9a91b2db078,138,candidate-0008,decoded,JPEG
train,original,1390.jpg,1390,.jpg,369,277,27617,2111682c00a6b4fe257982042331d9740a1af3c2dbf7f442d592a6a41d4559a1,1390,candidate-0264,decoded,JPEG
train,original,1390_brightness.jpg,1390_brightness,.jpg,369,277,60403,2142118c8a42f6d65874e391974a7cdede6b1f795d5971ce20c4ee5c9a0078ea,1390,candidate-0264,decoded,JPEG
train,original,1390_noise.jpg,1390_noise,.jpg,369,277,83478,075ba718e89ccf18598d1e31da3f09a1dcd5151bcf025a84a592cfebab0dd7c1,1390,candidate-0264,decoded,JPEG
train,original,1400_brightness.jpg,1400_brightness,.jpg,369,277,62878,94887036d08f0dbbe3ebca773a988b16f2c58fcbe515b466a97e1780dae3f769,1400,candidate-0009,decoded,JPEG
train,original,144.jpg,144,.jpg,369,277,26443,4563c298a1e19716bedc66c9f9943af6a28a9f1be40ff8bc198da41ef2587bac,144,candidate-0265,decoded,JPEG
train,original,144_brightness.jpg,144_brightness,.jpg,369,277,51963,82ea175c2e92ea8140a79a04af1e700b106e8b49306309ece31b9978c4299c39,144,candidate-0265,decoded,JPEG
train,original,144_noise.jpg,144_noise,.jpg,369,277,78422,154e6b9461eea3e7ada17aac27850873659fe0077c27a1b82f8946a0d939af71,144,candidate-0265,decoded,JPEG
train,original,1450.jpg,1450,.jpg,369,277,23497,6368febd80c743f3242076ff4710b778ff5fa7c7303700c08c31a19a58f79952,1450,candidate-0266,decoded,JPEG
train,original,1450_noise.jpg,1450_noise,.jpg,369,277,79002,532aea2adbd487bca3c7b459671b26c06db0ec15d5b367b998c6358283392af9,1450,candidate-0266,decoded,JPEG
train,original,1460.jpg,1460,.jpg,369,277,19804,3dacef507a92deb594cb6b8c2d4df33c41899a2b0c4a8015224b716408c0a522,1460,candidate-0267,decoded,JPEG
train,original,1460_brightness.jpg,1460_brightness,.jpg,369,277,45188,5ecaded58eaea2fc30fb0831a962efee2e6a891cf9f1e881307f396278193bfd,1460,candidate-0267,decoded,JPEG
train,original,1480.jpg,1480,.jpg,369,277,35024,625564488976ba7216fbb52246a069867c0467369458f679d92bfccf59b5f179,1480,candidate-0268,decoded,JPEG
train,original,1480_brightness.jpg,1480_brightness,.jpg,369,277,69118,cefc568a44eee22ee6a042b375a8182d1e4c17f56d53b0e24db5289b21a5d3e8,1480,candidate-0268,decoded,JPEG
train,original,1480_noise.jpg,1480_noise,.jpg,369,277,87748,e15156bbb3dec8b29c4f0fe4b02fb3cc492f9b751bb4519b8f32e59637d5e2eb,1480,candidate-0268,decoded,JPEG
train,original,149.jpg,149,.jpg,369,277,33019,57d43f59bf8f456525b49602063d6a387e9ba92c0500166143f115b054557c52,149,candidate-0269,decoded,JPEG
train,original,15.jpg,15,.jpg,277,369,100406,3b005a05e755e1951dfba920b2e4fbde66acb6c25b7c3403864c7a87131586f6,15,candidate-0270,decoded,JPEG
train,original,150_brightness.jpg,150_brightness,.jpg,369,277,51966,aac434af0540be0669db12e3e4dc4c8fc1c68cbfc479e41af162790ee06a7737,150,candidate-0013,decoded,JPEG
train,original,150_noise.jpg,150_noise,.jpg,369,277,78214,e20f314eda765abbe1ac00a72eb6647c3879ef80cafd9b967fffbd8cc45172c0,150,candidate-0013,decoded,JPEG
train,original,151.jpg,151,.jpg,369,277,54047,6c0063434e410b83c16123fb26b5937436bf2515927bf2aee9efbcdccade35e7,151,candidate-0271,decoded,JPEG
train,original,151_brightness.jpg,151_brightness,.jpg,369,277,54453,ddde68b6b9ae8d8739bdaa6d5c98e45bb4b9aa1b4e10a756bdd6771738619d6d,151,candidate-0271,decoded,JPEG
train,original,151_noise.jpg,151_noise,.jpg,369,277,78786,80c18bf497895091b14f0b47ba3c7461ec3c07c93fdfcdb55401ee2694193a87,151,candidate-0271,decoded,JPEG
train,original,1520_brightness.jpg,1520_brightness,.jpg,369,277,68739,26602cc7f5c2708a4786f0a30c421bf917f116910837f4435ff210ae016cad0b,1520,candidate-0014,decoded,JPEG
train,original,1520_noise.jpg,1520_noise,.jpg,369,277,87434,fe78ee43c8da08ef9f625c083faf5916794c78de75538fa8bb8426f2fecedf3f,1520,candidate-0014,decoded,JPEG
train,original,153.jpg,153,.jpg,369,277,51229,131f82f5107867aea4e09844fe808da9e6587fd415d58506a7b5dd21ecaaecff,153,candidate-0272,decoded,JPEG
train,original,153_brightness.jpg,153_brightness,.jpg,369,277,52151,a29ffbe3971bcb2dfbde78d1a99eb64dc24b5648793b4a465d25ed6a2c7dd295,153,candidate-0272,decoded,JPEG
train,original,153_noise.jpg,153_noise,.jpg,369,277,77574,ddeaf1f5452706ba8f8e4736e215678a5b5f04b59fff2b32fd25b098a2b34d61,153,candidate-0272,decoded,JPEG
train,original,1540.jpg,1540,.jpg,369,277,19441,484903174932549a4d48be1cac7552eb1025b674e774d22de031bbeef5d8bb0d,1540,candidate-0273,decoded,JPEG
train,original,1540_brightness.jpg,1540_brightness,.jpg,369,277,45288,7a5a53fb2f2105b3e44377112a8aac01f229562ef32e99a6b14a18fd031901ea,1540,candidate-0273,decoded,JPEG
train,original,1540_noise.jpg,1540_noise,.jpg,369,277,75619,21b12f2c704016428a14e6a59613ef0f6b34acec559e1567598d69d44d3013d6,1540,candidate-0273,decoded,JPEG
train,original,1550.jpg,1550,.jpg,369,277,34816,9d024a92edd64e109b6fea236db115c634b3e1fb7e57acf67b630cd191987868,1550,candidate-0274,decoded,JPEG
train,original,1550_brightness.jpg,1550_brightness,.jpg,369,277,68827,f8e894443324fb5f3440338740c3e64ad4264b3da5fbbac6c3d767d7c87fd241,1550,candidate-0274,decoded,JPEG
train,original,1560.jpg,1560,.jpg,369,277,19049,749009db3450ae9639c923cbe1c0fcffdb3ce4da408c6484128e7bd158cd485e,1560,candidate-0036,decoded,JPEG
train,original,1570.jpg,1570,.jpg,369,277,37608,2053d3b3082ea205e34d68097c78aa8b3733a4124125096393a6dc761b48adca,1570,candidate-0275,decoded,JPEG
train,original,159.jpg,159,.jpg,369,277,26508,40815741618aa8ef7860d901bc8325dfdb62703907caf86fc0f8388f3d226dbc,159,candidate-0276,decoded,JPEG
train,original,159_brightness.jpg,159_brightness,.jpg,369,277,52108,b4ddd23e76d2881dbff17421b591f9213a6f5f26001c0cbd10cc484f5eaa7469,159,candidate-0276,decoded,JPEG
train,original,159_noise.jpg,159_noise,.jpg,369,277,77922,f43edd3f5543ac7d7e7bee178b637dced317334d64054c72c6df9e2e2d8f2f40,159,candidate-0276,decoded,JPEG
train,original,1610.jpg,1610,.jpg,369,277,42791,9cf6df9e894a71d685df7c60e2470d13283277af5b3a27b46e70bcdf1126b958,1610,candidate-0277,decoded,JPEG
train,original,1610_brightness.jpg,1610_brightness,.jpg,369,277,76539,2e49862e920d226c7df85aa7e9f2a07c68fc468ed2f641249f0204c2f23a148e,1610,candidate-0277,decoded,JPEG
train,original,1610_noise.jpg,1610_noise,.jpg,369,277,94607,40a5de588175a3cc802fc99e579f57970ea9de8694e107df01562d2fd9d2d0e8,1610,candidate-0277,decoded,JPEG
train,original,162.jpg,162,.jpg,369,277,73075,0593c30d85292271cd050c90f4d21eb570a60c9e82cd85953443d9d5bfa72719,162,candidate-0278,decoded,JPEG
train,original,162_brightness.jpg,162_brightness,.jpg,369,277,72260,abb26a3bbaf48179ebb58e0ea925cbf7d42dd4ada27e50865f60d6e50de45467,162,candidate-0278,decoded,JPEG
train,original,162_noise.jpg,162_noise,.jpg,369,277,88236,a0196f9b3281790dcb627bacb258e55995efc8b3765a176e3577ad80cd02a33e,162,candidate-0278,decoded,JPEG
train,original,163.jpg,163,.jpg,369,277,64352,117a09fdd1de9b9d29eabe03b957e75ea7393772e641756c8f28a5017409bab2,163,candidate-0279,decoded,JPEG
train,original,163_brightness.jpg,163_brightness,.jpg,369,277,65160,63e2c0bbffeccaf597c40c8a46e58c5da1f7ade44e338ec1a05ede5b9a9dc90e,163,candidate-0279,decoded,JPEG
train,original,163_noise.jpg,163_noise,.jpg,369,277,85250,3ea4421882efcc98fd4302d188babefdb61d3cbdd207ec374000735d8af371c6,163,candidate-0279,decoded,JPEG
train,original,1640.jpg,1640,.jpg,369,277,35187,3613825407c49ea7a216414cbbdc218b8d5373094c4b8e569fdb6c872bd648c3,1640,candidate-0046,decoded,JPEG
train,original,165.jpg,165,.jpg,277,369,61157,b36e571421eee47e511c13b4529248e25e342e7f5bebb311cd13dbeaaf171ec9,165,candidate-0280,decoded,JPEG
train,original,167.jpg,167,.jpg,277,369,32824,58edf2ee9ed06756ca06011a27de48ea1a33aaec381e82244ec76f78c0087672,167,candidate-0281,decoded,JPEG
train,original,168.jpg,168,.jpg,277,369,43322,abe37ec4986c4d0b3652342a0b6e08a12bab5594f5d4ec3c01fea6523fe186a9,168,candidate-0282,decoded,JPEG
train,original,1690.jpg,1690,.jpg,277,369,28606,d282acdce157a86251c874302ea8f6d401b2789cfd036fc0b67b4352566895b5,1690,candidate-0283,decoded,JPEG
train,original,17.jpg,17,.jpg,369,277,88276,e71a90e0fb14d3cba607899ec11853fbc6777bcd9869cf0e1868d489f6e2f5e7,17,candidate-0284,decoded,JPEG
train,original,172_brightness.jpg,172_brightness,.jpg,277,326,53832,6d1bd02613cc9497679f1c240a4648aa0853629bcf9145ae535103b4f79f4366,172,candidate-0018,decoded,JPEG
train,original,173.jpg,173,.jpg,277,369,50575,40eb01921f64f2b8fd9acebdce8b71e665640d47b3a59ec7fa7ad47e0d992217,173,candidate-0285,decoded,JPEG
train,original,1740.jpg,1740,.jpg,277,369,23901,42fd462647b07e52ca823c5559d39ab2af09597cdf1af889927dcdeaddd2bc57,1740,candidate-0286,decoded,JPEG
train,original,1740_brightness.jpg,1740_brightness,.jpg,277,369,51625,c166005474a30603f677b9873684dc4216ed6028eb4c3cf41d42445ddde254a7,1740,candidate-0286,decoded,JPEG
train,original,1740_noise.jpg,1740_noise,.jpg,277,369,77942,a1645c5596a7d1add7ed7ae8c125fbdc9daaf297c97865d453cbf6e7011f745c,1740,candidate-0286,decoded,JPEG
train,original,1770.jpg,1770,.jpg,277,369,44134,ff313bf91350f32b2c7a06344dcd202a72cb22d2c44ca9b9fdc1bfc53fffafc5,1770,candidate-0287,decoded,JPEG
train,original,1770_brightness.jpg,1770_brightness,.jpg,277,369,81322,e2ab289b1db1c6eefa2e70376775092a763f13c37071e94a48804f456464e815,1770,candidate-0287,decoded,JPEG
train,original,1780.jpg,1780,.jpg,277,369,27879,0fd5c3ded3ad10655aa6eef0d817da4f360fb0fe5f0643542c19d6ec68293dcb,1780,candidate-0288,decoded,JPEG
train,original,1780_brightness.jpg,1780_brightness,.jpg,277,369,58293,4f5ee3d500c92cd00271a091e4cd93e34e72ce5952ac3420d1ce35c42e848cab,1780,candidate-0288,decoded,JPEG
train,original,1780_noise.jpg,1780_noise,.jpg,277,369,81035,1d56c3f24528ede6cd65837a3b037b80ef81d13995b8e62c759fe47a33fd213f,1780,candidate-0288,decoded,JPEG
train,original,1790.jpg,1790,.jpg,277,369,31947,bec441f20cdecb850a8df8889efc62181de6115b2ec0f198c4ba8f93d543bad9,1790,candidate-0289,decoded,JPEG
train,original,1790_brightness.jpg,1790_brightness,.jpg,277,369,64026,2a59c3ea1de1c16597e64343bd116870a184b73c3409367d5841992d492ca84b,1790,candidate-0289,decoded,JPEG
train,original,1790_noise.jpg,1790_noise,.jpg,277,369,84260,3e8c1865035d3da3432f6a9bf984ec717ae1406cd16f607e1cd365f0641c428a,1790,candidate-0289,decoded,JPEG
train,original,1800.jpg,1800,.jpg,277,369,29044,7bd6eb40a12e8f053c24a4737e60da074fcb7d1bb9f3a619f95644be5e70b49c,1800,candidate-0290,decoded,JPEG
train,original,1810.jpg,1810,.jpg,277,369,36943,ed620a394ae4172b6dbb5dd9a67500d22fd1d4936c7abc2751c302c6a36d6bbe,1810,candidate-0291,decoded,JPEG
train,original,1830.jpg,1830,.jpg,277,369,19000,14679ce90e816dba4f8cab7e4288fcffd23cbe8e3545265fa5df50cfdcd4ae66,1830,candidate-0292,decoded,JPEG
train,original,1830_brightness.jpg,1830_brightness,.jpg,277,369,45845,56aecc2eb63d48b85f0674b980ddea255ed72a75b2a3870891acc63da25b2c0c,1830,candidate-0292,decoded,JPEG
train,original,185.jpg,185,.jpg,277,369,30539,69135ca5093cbbd4c3c3c1172597b3d0fc71a7a274a46c010821e0494a9a272b,185,candidate-0293,decoded,JPEG
train,original,186.jpg,186,.jpg,277,369,59410,476a4d8ad53706031e4cef2cbbb9d1b99830734930081431fa064805a3c0223b,186,candidate-0294,decoded,JPEG
train,original,1880.jpg,1880,.jpg,369,277,28951,e66614951fdbe1cc742ba1d3f3607abf3e53171b8e0c5592e577ea440d7cfdd1,1880,candidate-0295,decoded,JPEG
train,original,189.jpg,189,.jpg,277,369,29731,1894cf73ebe9c5fde41d997bf2031bd2f9c671101f6062c28f1a7ad36b344f3e,189,candidate-0296,decoded,JPEG
train,original,19.jpg,19,.jpg,369,277,91290,876782468e0cd63da2b6c9243c3f7a442128e21ca1022d9e55ae574f7bf5ea24,19,candidate-0297,decoded,JPEG
train,original,190.jpg,190,.jpg,277,369,86558,c8b3c9743367e97bf6e56d836ed95f8743da4a1cfce76b87ee3e47bcadf7acae,190,candidate-0298,decoded,JPEG
train,original,1910.jpg,1910,.jpg,277,369,47014,bb0ebf939b1b2406b4bcd7e47793684d51fe7f30be8426cbf5c8200160f4ef88,1910,candidate-0299,decoded,JPEG
train,original,1910_brightness.jpg,1910_brightness,.jpg,277,369,84304,4e6a9b519f3bf8cf8bf3939b596bc4c1e4416f03b32aa280b9aca582c851e996,1910,candidate-0299,decoded,JPEG
train,original,192.jpg,192,.jpg,369,277,38330,426cabf049a4760ba29a653d82743c6ab5452791669be96c8d68feecb5301345,192,candidate-0300,decoded,JPEG
train,original,192_noise.jpg,192_noise,.jpg,369,277,91569,83cc718d692d2590b923faccb533a7d24ae7504e9fea0b17e13d6b46177766a2,192,candidate-0300,decoded,JPEG
train,original,193.jpg,193,.jpg,369,277,59099,87d0934978e3e9d7453f7724791a631aeab46b61815b99bb7d5236493971d9c5,193,candidate-0301,decoded,JPEG
train,original,194.jpg,194,.jpg,369,277,33418,aec905fa317b9e8c22377b4a303bda9197cf62201577eb6503a4808e494a3e2c,194,candidate-0302,decoded,JPEG
train,original,194_brightness.jpg,194_brightness,.jpg,369,277,65539,6e9a0b26c2ea4823fa8d4d7a886e837e5ee3f3496fbb035c367316f053765b68,194,candidate-0302,decoded,JPEG
train,original,195.jpg,195,.jpg,369,277,73150,36bde7981b39d11392de392d3f2819c931fadcd2a90284453393d326e05c7f32,195,candidate-0303,decoded,JPEG
train,original,196.jpg,196,.jpg,277,369,83888,a903f3dcda6205e9c64177a857ea06329443d6b78fca5f3e38fa085991b3a4c8,196,candidate-0304,decoded,JPEG
train,original,1970.jpg,1970,.jpg,277,369,27260,8d35efcd2959450554d11accf552baee96f6adf3ef288ad2d90ec3f6cfb26414,1970,candidate-0305,decoded,JPEG
train,original,1980.jpg,1980,.jpg,277,369,33515,427ca8467e95c4075fb39ab834aeaec360fba7d424441898f23a91040f08ed55,1980,candidate-0306,decoded,JPEG
train,original,1990.jpg,1990,.jpg,277,369,31751,d880ed324b87608f593aeb7b16cd0e60c718490e242b36262ac37bb8dbd13625,1990,candidate-0307,decoded,JPEG
train,original,19_brightness.jpg,19_brightness,.jpg,369,277,90578,fdd26e82e562400e1a95f499989a5dd1285019aad5ca09fc6e0cd1a9bf329077,19,candidate-0297,decoded,JPEG
train,original,20.jpg,20,.jpg,369,277,82739,7c9c6b199ad0e6743e890bd127a4ee67781b3ea8680bbf2b42177374a03c1357,20,candidate-0308,decoded,JPEG
train,original,200.jpg,200,.jpg,277,369,78020,acca07537bcb10d948d85d16140b8e3aefe4f738f7b742d08fcbce837f1a3aa7,200,candidate-0309,decoded,JPEG
train,original,20000.jpg,20000,.jpg,369,277,36305,d53679dc6606ace39caeb8504c0168bfa69086b710293acb6eaf0edead14995f,20000,candidate-0310,decoded,JPEG
train,original,2010.jpg,2010,.jpg,277,369,37617,a0f03bb708576a992a652a90358b9d020e8f063b0490d07be48ba381e538a5ff,2010,candidate-0311,decoded,JPEG
train,original,2030.jpg,2030,.jpg,277,369,35968,29f2e2eb5f9df0f188bfa7baf97e3704b597e7e7dda02a703d7923263ec9f3df,2030,candidate-0312,decoded,JPEG
train,original,2040_noise.jpg,2040_noise,.jpg,369,277,81729,7d0959f2ddbc0f9081ec022e6dc63cbfd8920e8e09b749e262f84d26bbb905f6,2040,candidate-0023,decoded,JPEG
train,original,207.jpg,207,.jpg,369,277,57669,e40c3b7575c2ab174f560a4de8d9dfd62d24bb8d08b48d016ebe9887cb804ab6,207,candidate-0313,decoded,JPEG
train,original,207_brightness.jpg,207_brightness,.jpg,369,277,57562,5b1202dc4ce4483b6f48c7c59a391538a5dbadc0770963bc6181a683c895e913,207,candidate-0313,decoded,JPEG
train,original,2080.jpg,2080,.jpg,369,277,40178,3feb892cfee1da8c7e9d02145c8f72ab538d31fd42db3c74a1372ede2c973aa2,2080,candidate-0314,decoded,JPEG
train,original,2080_brightness.jpg,2080_brightness,.jpg,369,277,72126,a00a1c5d2bf7beefddf395052e55ceb43878dd94e6065645399f3bc9f4a922ee,2080,candidate-0314,decoded,JPEG
train,original,2080_noise.jpg,2080_noise,.jpg,369,277,92537,6ff8d5bbaff0fee93eaf0caf4b9a110f411721feebd83daa15fabb414fc0cd54,2080,candidate-0314,decoded,JPEG
train,original,209.jpg,209,.jpg,369,277,72216,fd7afeb4a3ac579d9c69556d55f0b3458c083e219a238dc5866dfb0d84de319a,209,candidate-0315,decoded,JPEG
train,original,21.jpg,21,.jpg,369,277,85780,3f7564fcd74131ba7024432f489a4ee5a4a52b85ae331191268d5cbdf1c05e11,21,candidate-0316,decoded,JPEG
train,original,2110.jpg,2110,.jpg,369,277,30459,1cc9ab632acaa528cc4ae7b7cc7de4e0a921b161e62a63d9907ab8d193536e62,2110,candidate-0317,decoded,JPEG
train,original,2120.jpg,2120,.jpg,369,277,35789,13ca273cf48444a2d450300b56ce24b701a6c4b0cbe3360f44c4cd090dcc6009,2120,candidate-0318,decoded,JPEG
train,original,213.jpg,213,.jpg,369,277,35604,8c4c2358cd362567b0b8004f4ab8d41c7cdc84f0e40885bbd7ac78d2c203e559,213,candidate-0319,decoded,JPEG
train,original,214.jpg,214,.jpg,369,277,43178,e7b4432338109f8b0b830656406fb2750e10349200021ab54f4c4d2ed06d689a,214,candidate-0320,decoded,JPEG
train,original,216.jpg,216,.jpg,369,277,32995,e15f4c088ebb81907b55d8562044694ab9c9bdd39931b828f5cdc7e578adc1b6,216,candidate-0321,decoded,JPEG
train,original,2170.jpg,2170,.jpg,369,277,19819,948e6dcea002f239e3f0f524d4d613a3dcc180f9074ff6d47940e2820098b315,2170,candidate-0322,decoded,JPEG
train,original,2170_brightness.jpg,2170_brightness,.jpg,369,277,45850,c57b009b3916bf84fcc0b7f4b04367bf7155de9a59a6e57e0ee076ee959b4d6e,2170,candidate-0322,decoded,JPEG
train,original,2170_noise.jpg,2170_noise,.jpg,369,277,76039,9b9789b964208e8aa6adb11fdf22d42290ce0e0e1bc594deaf982bee305093c2,2170,candidate-0322,decoded,JPEG
train,original,2180.jpg,2180,.jpg,369,277,20240,b9d443dd3cce884d59bac5e01d41e23ab9694162dfa4b3dc3f8c34848cd58e9d,2180,candidate-0323,decoded,JPEG
train,original,2190.jpg,2190,.jpg,369,277,25330,adccabb047316894c4371f196ce2001b7b955f6eb54493047a3124fd11521c67,2190,candidate-0324,decoded,JPEG
train,original,2190_brightness.jpg,2190_brightness,.jpg,369,277,55691,d10d0438188df9afb7ac24272335d776bb99480e70c26f38db1927ce99795f1e,2190,candidate-0324,decoded,JPEG
train,original,2190_noise.jpg,2190_noise,.jpg,369,277,81162,053e7c7a6db3fda625fbb550656e1309773030da016b7fefad96caf5cc331cee,2190,candidate-0324,decoded,JPEG
train,original,21_brightness.jpg,21_brightness,.jpg,369,277,86097,06d4c4ead941ff6ee47634fd9c011e5cccf63c8d658ebf08534841f8f25406ea,21,candidate-0316,decoded,JPEG
train,original,2200.jpg,2200,.jpg,369,277,23380,ff067c75599c0288f2d73633efe92f27eadf2d0b108d8be5bae0d52ade6c9bc9,2200,candidate-0325,decoded,JPEG
train,original,2200_noise.jpg,2200_noise,.jpg,369,277,78099,bbd9509030723f45605c0d3a32e1eefcfe02830cfc48b33a0aaa7b977c2d4e1f,2200,candidate-0325,decoded,JPEG
train,original,2210_noise.jpg,2210_noise,.jpg,369,277,76672,34152642500d13a6dab5de8dec362532b7bf09a3927c18bec2b78be89fb5b5cc,2210,candidate-0027,decoded,JPEG
train,original,2220.jpg,2220,.jpg,369,277,27219,eeaa51eff7f041793bc061883beade5476018a637d16b1d3d8ca638c34d60003,2220,candidate-0326,decoded,JPEG
train,original,2220_brightness.jpg,2220_brightness,.jpg,369,277,57762,88b3e6caa19b1b0666b5b06e474a6847df2af11f3ce9b04b0b04ed3001968827,2220,candidate-0326,decoded,JPEG
train,original,2220_noise.jpg,2220_noise,.jpg,369,277,81575,2667058c9f04e425ed5f337190e7d802aa93956b276e97ff125e8ff0b50ec353,2220,candidate-0326,decoded,JPEG
train,original,223.jpg,223,.jpg,369,277,44853,bed729a2ddd542e5a98057b9a155f9175a950d9d9bf07314a24dde214dcfa2df,223,candidate-0327,decoded,JPEG
train,original,223_brightness.jpg,223_brightness,.jpg,369,277,46109,df0e1e344ad0b4354b4f754acf1d1b31c98aacfb616ada6b98c3d846875149c9,223,candidate-0327,decoded,JPEG
train,original,2240.jpg,2240,.jpg,369,277,50227,833aa105b86b43ce043717f186a7fb044f4eb6ddd0d052e4ddaf7c87545cfb5d,2240,candidate-0328,decoded,JPEG
train,original,2240_brightness.jpg,2240_brightness,.jpg,369,277,88294,7bb86053a3bce9d30e13d9f3e5df62016457d57b515c52115da4711661c71f64,2240,candidate-0328,decoded,JPEG
train,original,2240_noise.jpg,2240_noise,.jpg,369,277,99522,f3d5cd6c2c9c366d91dc8bdd2e1304ab3f570a665b4d4fd519a7616b1523cd5c,2240,candidate-0328,decoded,JPEG
train,original,2250.jpg,2250,.jpg,369,277,24725,83d220a69caef65f169b8b298a3fea52b8b1eb2a076064dd6c011da3da5162fe,2250,candidate-0329,decoded,JPEG
train,original,2250_brightness.jpg,2250_brightness,.jpg,369,277,53709,4382d4b5dc8f66cb13c24c16690384b23421e718ce3cd97e78c768dd31f23c4c,2250,candidate-0329,decoded,JPEG
train,original,2250_noise.jpg,2250_noise,.jpg,369,277,79123,a03571f74718131c9cfdb77f1c1349d02a9a818a8e4fdf8f2f449a0e44ec90ff,2250,candidate-0329,decoded,JPEG
train,original,226.jpg,226,.jpg,369,277,59633,07d46c260852c20dc49887619706fd24de915c96d6a8b70ba027cfbfa903ff9e,226,candidate-0330,decoded,JPEG
train,original,226_brightness.jpg,226_brightness,.jpg,369,277,60781,a44e63996f85fe5d8768424340b46f51c05db0eb7be4f8c83236e63311cd117b,226,candidate-0330,decoded,JPEG
train,original,226_noise.jpg,226_noise,.jpg,369,277,84891,33a00b847743b9864a2b0f2cee759d301e549551fe749de51c1c9796ba80b245,226,candidate-0330,decoded,JPEG
train,original,227_noise.jpg,227_noise,.jpg,369,277,81366,7eb13d44c738eb26fe7bf877d9801547048018ecd85d5bb1c36d7306014b2d72,227,candidate-0028,decoded,JPEG
train,original,2280.jpg,2280,.jpg,369,277,29663,abbf8b79b5b516320ed99afdd48f7640b07d58fa4bb6a330b8459b8170bd6b6a,2280,candidate-0331,decoded,JPEG
train,original,2280_brightness.jpg,2280_brightness,.jpg,369,277,57513,f08123373c527505b60b2544f11cf4caf11d42e3ee09fcc01cc30f475b9f5350,2280,candidate-0331,decoded,JPEG
train,original,2280_noise.jpg,2280_noise,.jpg,369,277,84704,4037b2b16a9202e139621dd4fb39b13fc0b125df51033f0dee21741ad1a2eabc,2280,candidate-0331,decoded,JPEG
train,original,2300.jpg,2300,.jpg,369,277,32410,3900d25ef189c7bc8af02fc4971209802332a9f2d7800b610eae1b92452dabad,2300,candidate-0332,decoded,JPEG
train,original,23000.jpg,23000,.jpg,369,277,44818,c016389e83c68019abfac05f689f82ed690b9cd034e9b033e3d5255271ef0456,23000,candidate-0333,decoded,JPEG
train,original,231.jpg,231,.jpg,369,277,78687,74cb1a713b590ca69a2f25d63e794080a2b41fdec9706533ca30ce6cb4179a58,231,candidate-0334,decoded,JPEG
train,original,2330.jpg,2330,.jpg,369,277,21714,c2f82a3773371bd862d678e556f75903b37e54b61c6a684d2dd0d9350a36cc8d,2330,candidate-0335,decoded,JPEG
train,original,2330_brightness.jpg,2330_brightness,.jpg,369,277,48459,9a6519b35c1f17738341d719a9f8ab1568e27f52dabb744d2ba36c353ea96dd8,2330,candidate-0335,decoded,JPEG
train,original,2330_noise.jpg,2330_noise,.jpg,369,277,77007,5f68dfdb7f96ed945c6d4320a77936696c481e5e4ff462acd837dea9d38a1fd5,2330,candidate-0335,decoded,JPEG
train,original,2340.jpg,2340,.jpg,369,277,20872,1b2a92c6c488de5cce86f824d8f1c5d1ca26ccfd02407f90b44405f2c3dd7c95,2340,candidate-0006,decoded,JPEG
train,original,2340_brightness.jpg,2340_brightness,.jpg,369,277,47851,5d3944239c5ba97042d38f75bcd5139f8ad4565c12795f2877f348a14539be92,2340,candidate-0006,decoded,JPEG
train,original,2350.jpg,2350,.jpg,369,277,19845,beca81bfe9419beca9a31ee13aceb9e2b6d4c803894fcc8d800a9cfdaaa4e278,2350,candidate-0336,decoded,JPEG
train,original,2360_brightness.jpg,2360_brightness,.jpg,369,277,63799,f330391f5d5c6f86a01da23094e3d777e40483fec0dfbc7ca9c369f3ad45aeab,2360,candidate-0030,decoded,JPEG
train,original,2360_noise.jpg,2360_noise,.jpg,369,277,84901,dc2c6cae99acc8910ea86d31fadf3d08534b0c05ea32f6e2bdc7c012099b404d,2360,candidate-0030,decoded,JPEG
train,original,2370.jpg,2370,.jpg,369,277,23242,71185e91099f99e7748b32ac2e10b50591a41a7f9a30ddab6a0888504168dfcc,2370,candidate-0337,decoded,JPEG
train,original,2370_brightness.jpg,2370_brightness,.jpg,369,277,52232,85f418d68ccbfed122ce43cc8650295dedc5cb54f21bce82a28d3828340f93a9,2370,candidate-0337,decoded,JPEG
train,original,2370_noise.jpg,2370_noise,.jpg,369,277,79826,ed970796205eb658a80067a8a0555c30e74656bd74af90a63c7d63cb517cf78a,2370,candidate-0337,decoded,JPEG
train,original,2380.jpg,2380,.jpg,369,277,35970,a03182dded08afaf1d5d4c092de5713b55b4786a8e06f70ae343f4739fa7ca83,2380,candidate-0338,decoded,JPEG
train,original,24000.jpg,24000,.jpg,369,277,50000,8b69e810bd813d8f676bcb03e081eeaa5f39473c4b2d1e6418c159841fc95948,24000,candidate-0339,decoded,JPEG
train,original,24000_brightness.jpg,24000_brightness,.jpg,369,277,86596,e3b45d265d676547b07c10e27d99856985bd3ece198da87e86f8e37cf46bdbad,24000,candidate-0339,decoded,JPEG
train,original,2400_brightness.jpg,2400_brightness,.jpg,369,277,55814,7f9cc5b4378548bc3d206dc7097179b3150390276539761b6904c39e94d4bd31,2400,candidate-0340,decoded,JPEG
train,original,2410_brightness.jpg,2410_brightness,.jpg,369,277,44062,aa8df259c31c6a0fa5b282e57e1f1cb17ea2141ac60e72845e4ea4b128d09844,2410,candidate-0031,decoded,JPEG
train,original,2410_noise.jpg,2410_noise,.jpg,369,277,75212,553f223b759134fa8cd1496e0f25a03619a6bca792cb00013c7b16a462ef2d5f,2410,candidate-0031,decoded,JPEG
train,original,2430.jpg,2430,.jpg,369,277,42603,191786dceaa0c988e4cd00900f90e900a154863f9a12167acd2a432fd5478bef,2430,candidate-0341,decoded,JPEG
train,original,2430_brightness.jpg,2430_brightness,.jpg,369,277,78909,a09f7a1c526875e93f21a965d9cb99fee38ba483b8bafbf5665d4a191c91de0b,2430,candidate-0341,decoded,JPEG
train,original,2430_noise.jpg,2430_noise,.jpg,369,277,92901,e1c17d1025db9e274a6afd98c330c18eb6124e6a39d6a233cab3c9c05d03cc0e,2430,candidate-0341,decoded,JPEG
train,original,2440.jpg,2440,.jpg,369,277,28641,d12130bec0c93135440910ea72196b458dae62c667c120c61f9ceb09055f72eb,2440,candidate-0342,decoded,JPEG
train,original,2440_brightness.jpg,2440_brightness,.jpg,369,277,58695,eafcd22597a0c937061efc5eaf87f7a411f0d894c6eacce97bd990dbfc926576,2440,candidate-0342,decoded,JPEG
train,original,2440_noise.jpg,2440_noise,.jpg,369,277,82247,9a02224265eac96aae09ab4c97a87611876b5ef1eba8ba081bc5e7e29f2c288b,2440,candidate-0342,decoded,JPEG
train,original,246.jpg,246,.jpg,369,277,33482,8e3bbfceb204b1587880e68423cbfa68391e7582f09874b1c3375c707fb2a758,246,candidate-0343,decoded,JPEG
train,original,2480.jpg,2480,.jpg,369,277,44641,7c8490956459ee65dd7de4e84b7e1ef37a8662f775d59d946e9de74ef4d6a7d3,2480,candidate-0344,decoded,JPEG
train,original,249.jpg,249,.jpg,369,277,30285,05f3fbe44e483b35f933e6405a4c1e5a44a59c88abca87475ff07157e60a84ad,249,candidate-0345,decoded,JPEG
train,original,249_brightness.jpg,249_brightness,.jpg,369,277,59044,c804feedefc94c4e8e51268b20ce21b173ca91e988eddba86bef2f4b6f1a06f8,249,candidate-0345,decoded,JPEG
train,original,249_noise.jpg,249_noise,.jpg,369,277,82135,e79a213feb0003e0a096e3ac135a1d461f72b516c6828a7453987bb3231f2f29,249,candidate-0345,decoded,JPEG
train,original,25.jpg,25,.jpg,277,369,90219,ef0c04a8c20e4c8b0c255fd2409a33121a41564684d0bf5f4c32f6624d17c2fd,25,candidate-0346,decoded,JPEG
train,original,251.jpg,251,.jpg,369,277,25837,7d579f7f2a9882fbab51e747b172da364d77556c89c026c9ec184da25b57a25d,251,candidate-0008,decoded,JPEG
train,original,251_noise.jpg,251_noise,.jpg,369,277,77719,1ef91323249a7c6c986a6799fd6b7780fb12619946790d01358df75f0e35dc0a,251,candidate-0008,decoded,JPEG
train,original,2520.jpg,2520,.jpg,369,277,40442,331e9e9b5d50d7f3228e0b18bd142ccd06bc65a1ea1f16aec045b735e2c2fc19,2520,candidate-0347,decoded,JPEG
train,original,2520_noise.jpg,2520_noise,.jpg,369,277,91353,b5c5eee3bd23144487612913c442d78edb3c579bb34caf09a1551b37e5768e89,2520,candidate-0347,decoded,JPEG
train,original,253.jpg,253,.jpg,369,277,24488,b358cd9422e97dbbb1353e1cb58ab7ffc57767ab6025c4bdc9595c3c21a5bc4c,253,candidate-0348,decoded,JPEG
train,original,253_brightness.jpg,253_brightness,.jpg,369,277,48126,ff33b3494c8b2ca43a48f4ac2d030f006a1eb7246e26426d4efe71af4eb4430b,253,candidate-0348,decoded,JPEG
train,original,253_noise.jpg,253_noise,.jpg,369,277,76220,edcdc7342ac1ef8bf986aa2788ab7cd6bc541e8d4d0068f225e4ab9c1b5753fb,253,candidate-0348,decoded,JPEG
train,original,2540.jpg,2540,.jpg,369,277,38718,2edbd3e99e84d96713d5ad9ca627d0d906adae7bb2afb1ee46a3285972cbb385,2540,candidate-0349,decoded,JPEG
train,original,2540_brightness.jpg,2540_brightness,.jpg,369,277,70523,4f36b9a67f30f2fded72c2377f6d43999c68c3368c9418527816cd4b74aba510,2540,candidate-0349,decoded,JPEG
train,original,2540_noise.jpg,2540_noise,.jpg,369,277,89826,71e90c21c2b044839b13d5fe69119628a2d2a03742b47e85609ca9fb05d51a91,2540,candidate-0349,decoded,JPEG
train,original,256.jpg,256,.jpg,369,277,27476,faa093dd267895795b949973cb66dbca06214670511a5740e9cc7fcbc6b87018,256,candidate-0263,decoded,JPEG
train,original,256_brightness.jpg,256_brightness,.jpg,369,277,54076,a7e138f5bfd24dbc625744eede912d61ff140b681bdb793f12da2b2e0bd998e5,256,candidate-0263,decoded,JPEG
train,original,257_brightness.jpg,257_brightness,.jpg,369,277,74068,76838132fdb2de827536eab14d5099b3eeb24cafa57d42c404747cdc8af92d54,257,candidate-0035,decoded,JPEG
train,original,257_noise.jpg,257_noise,.jpg,369,277,90374,2254185da98a9f011dc0f9ceeee3022b9af1853df9bbae917c808d6eb0f87025,257,candidate-0035,decoded,JPEG
train,original,258.jpg,258,.jpg,369,277,38933,84e71fc078e2898b13a26f21eab49dc018d0264d5f72aaa9cea823e3bbd76c23,258,candidate-0350,decoded,JPEG
train,original,2590.jpg,2590,.jpg,369,277,19534,06c75877be4efc4723a5a295061d49c671448a6ba43df36ca2da5506eff32fba,2590,candidate-0273,decoded,JPEG
train,original,2590_noise.jpg,2590_noise,.jpg,369,277,75748,fb06f38788c7edb53f5c334c20cd807c3daf9bc7c571dfb4086627accf375063,2590,candidate-0273,decoded,JPEG
train,original,2600.jpg,2600,.jpg,369,277,20659,012c7f3de141e9656c7d292fddec677729c3029e053fbfc5d1e8e361ec154f64,2600,candidate-0351,decoded,JPEG
train,original,26000.jpg,26000,.jpg,369,277,57944,ddec33d886b41e8aa7cd9ebc5fb5f9d4368039eda64e56ba2ad63fd9179cd051,26000,candidate-0352,decoded,JPEG
train,original,2610.jpg,2610,.jpg,369,277,34153,fb599c7641a2659db630fb5e05840acd6130f4b9ef69a8b3deb291a88a813c73,2610,candidate-0353,decoded,JPEG
train,original,2630.jpg,2630,.jpg,369,277,20030,08db44e79d29ea4e2ba7291190002921e25b788d93fcc2bca71d3e1c92009f57,2630,candidate-0354,decoded,JPEG
train,original,2630_brightness.jpg,2630_brightness,.jpg,369,277,45625,e9b61270c36fe53d2fd29339277c6d3986e4b8ad8a135aacbb0739b0e0cff6b8,2630,candidate-0354,decoded,JPEG
train,original,2630_noise.jpg,2630_noise,.jpg,369,277,76055,260a1116070bedc509222ff4fb469d0394a45fc56a5e8a03ea1d9f98eaa4c7e3,2630,candidate-0354,decoded,JPEG
train,original,2650.jpg,2650,.jpg,369,277,23607,4ec8620943830ecc7bfcf1c53f7946ada5aaedf26757be0915e8de958d0512d6,2650,candidate-0355,decoded,JPEG
train,original,2650_brightness.jpg,2650_brightness,.jpg,369,277,52552,b73e3ac48c2b78f314561b3386d7840c203f0331601f8722e9edc57ab2e54fff,2650,candidate-0355,decoded,JPEG
train,original,2650_noise.jpg,2650_noise,.jpg,369,277,79122,df0bad1c2a19a8772c304e6125f74be542419b957989c5a42ad6233a1b89a71f,2650,candidate-0355,decoded,JPEG
train,original,266.jpg,266,.jpg,369,277,42600,ccd33c2d00d033aedccfc33f7eb8e688da3ea661628e3afb920dcd7e82df337d,266,candidate-0356,decoded,JPEG
train,original,266_brightness.jpg,266_brightness,.jpg,369,277,79336,dda4253810eb0a34f164fdd5c410b9edb403105b6db1bcf1e746123642a069bd,266,candidate-0356,decoded,JPEG
train,original,267_brightness.jpg,267_brightness,.jpg,369,277,48925,ae424875c93d69d18a961fc93ad34e3f1ec9f60c0ce35c5f811c21e67cccb234,267,candidate-0012,decoded,JPEG
train,original,268.jpg,268,.jpg,369,277,26443,4563c298a1e19716bedc66c9f9943af6a28a9f1be40ff8bc198da41ef2587bac,268,candidate-0265,decoded,JPEG
train,original,268_brightness.jpg,268_brightness,.jpg,369,277,51963,82ea175c2e92ea8140a79a04af1e700b106e8b49306309ece31b9978c4299c39,268,candidate-0265,decoded,JPEG
train,original,268_noise.jpg,268_noise,.jpg,369,277,78409,4d98100c64cff2cef60e4adcd649642c68bba00b120fdff3e7154100cfbaec66,268,candidate-0265,decoded,JPEG
train,original,2690.jpg,2690,.jpg,369,277,19880,5f441e391bdc1d4a308c5928e7fa6b1a69a2944bfb653ff4acdb25795bfdfcec,2690,candidate-0011,decoded,JPEG
train,original,2690_brightness.jpg,2690_brightness,.jpg,369,277,44904,3cd8501a82dd0ae9287385f5c190e2052c43fbd309ff88e138fea727793040b9,2690,candidate-0011,decoded,JPEG
train,original,2690_noise.jpg,2690_noise,.jpg,369,277,75504,0937f39ac0cc13faa5f828e459cf51c07258458d0fd4e73fc130d45a85252a50,2690,candidate-0011,decoded,JPEG
train,original,2710.jpg,2710,.jpg,369,277,30305,c56895f131626bf9b386d36f792d399b591f6ba4f9913910370f069249e26982,2710,candidate-0357,decoded,JPEG
train,original,2710_noise.jpg,2710_noise,.jpg,369,277,84766,a5ba9de3a1ff8028dcd5426400858c3f0511a4cde9e3ab8ab14285abd961605e,2710,candidate-0357,decoded,JPEG
train,original,2720_brightness.jpg,2720_brightness,.jpg,369,277,80668,9b61c26f2618b038f0e127482b852fe8f7f272c5ea7598d790ec33f4e3ec0f47,2720,candidate-0038,decoded,JPEG
train,original,2720_noise.jpg,2720_noise,.jpg,369,277,95409,3f30d7116d64ee33c8eee5d3e388ae998ee28076d8f027c777bfbbef154cbebe,2720,candidate-0038,decoded,JPEG
train,original,2740.jpg,2740,.jpg,369,277,42931,a6969651134545e7d85b946f192f6a464f384ffdecd1d25a5cf003fb8064eac0,2740,candidate-0358,decoded,JPEG
train,original,2740_brightness.jpg,2740_brightness,.jpg,369,277,81265,676e6d11dadb301ac5ee6d985dd873bab283028522bbdf3495aafa498bdff7cd,2740,candidate-0358,decoded,JPEG
train,original,2740_noise.jpg,2740_noise,.jpg,369,277,94343,0f6cff857e914776f5099dc4155582fe7f3275f9f2030f41e07e9f29bb5b927e,2740,candidate-0358,decoded,JPEG
train,original,2760.jpg,2760,.jpg,369,277,33450,6e7ea8204a26db13cbbe4a530df21ca2fe3e0eff263fdd2c274ffb1606b5784c,2760,candidate-0359,decoded,JPEG
train,original,2760_brightness.jpg,2760_brightness,.jpg,369,277,62629,285642963a5eeba54346c07ec647f080e4adbe547f19df5b301bb27c366447b0,2760,candidate-0359,decoded,JPEG
train,original,2760_noise.jpg,2760_noise,.jpg,369,277,88016,f75e70d6d6a641ac2ce848ddeaf46dcb828d5196ab56f3747ead4a2f4f8ac1ed,2760,candidate-0359,decoded,JPEG
train,original,2780.jpg,2780,.jpg,369,277,20894,84ef20e126b21798f54e7fb61cadd954092feb57dc602aa0bde69dcbce59703c,2780,candidate-0360,decoded,JPEG
train,original,28.jpg,28,.jpg,369,277,100592,c4ddbe76afa21ac43bc77099d5a08e99cf5d66cab06117d53cb38e65dcb8860b,28,candidate-0361,decoded,JPEG
train,original,282.jpg,282,.jpg,369,277,24059,c388fa723b4a3e596eed856df1b56fd11b7c4e6fb137609300ab70158d6329db,282,candidate-0362,decoded,JPEG
train,original,2830.jpg,2830,.jpg,369,277,18672,7ea20f66c139a29ba26b8672ab72fb738f42d5dcc427fec285791ff53f663570,2830,candidate-0363,decoded,JPEG
train,original,2830_brightness.jpg,2830_brightness,.jpg,369,277,43982,53f4d05cef528e03fbdc3636131d782b547256323b80a4c4bee6af2f54b6f679,2830,candidate-0363,decoded,JPEG
train,original,2830_noise.jpg,2830_noise,.jpg,369,277,75330,c1c050bb510a0f342a92be2e60ad9f926bdb7bd38730cb584ea8d54ae590cd89,2830,candidate-0363,decoded,JPEG
train,original,285.jpg,285,.jpg,369,277,33019,57d43f59bf8f456525b49602063d6a387e9ba92c0500166143f115b054557c52,285,candidate-0269,decoded,JPEG
train,original,288.jpg,288,.jpg,369,277,81668,2a93b9af38a7c34850cd9b70690806eac34ee2545eb99d626c2add877388d3de,288,candidate-0364,decoded,JPEG
train,original,288_brightness.jpg,288_brightness,.jpg,369,277,81757,1215a030ce358a2743a9c12b2266e462d2e8d564b1fe659840ab8e8011f762a9,288,candidate-0364,decoded,JPEG
train,original,29000.jpg,29000,.jpg,369,277,42787,58f035be37e4645d8b218f32627792f4d0118e497ea162a32c359c980e51d6d7,29000,candidate-0365,decoded,JPEG
train,original,2901.jpg,2901,.jpg,369,277,34018,2aec84f2eeb22c704e0755cffab1c5d6ce93bf7da153f4758dd3af0a51d971d6,2901,candidate-0366,decoded,JPEG
train,original,2910.jpg,2910,.jpg,369,277,27583,715588c45410f99e88b15ad54ff471da1d21b2e75d5165edc454d04a928ccd58,2910,candidate-0367,decoded,JPEG
train,original,2910_noise.jpg,2910_noise,.jpg,369,277,82085,a9720fe14e4539a6e21faaca8ad4695d8344529a82560005f93d218a154ece93,2910,candidate-0367,decoded,JPEG
train,original,2950.jpg,2950,.jpg,369,277,29140,c9d087bb86fb0dc97831bc65309c88b85628eb6bf263f59787d855cc48f89989,2950,candidate-0368,decoded,JPEG
train,original,2960_brightness.jpg,2960_brightness,.jpg,277,369,72888,f9c33451d1bc0f0f2ec3105958bf0cd1619f3eabd614e9a03da326a9b25e9f57,2960,candidate-0042,decoded,JPEG
train,original,2960_noise.jpg,2960_noise,.jpg,277,369,89128,a92c44551e0371bd84fcbc635843850c4e1ddb5e5114a64e0104bfb3c0dffb65,2960,candidate-0042,decoded,JPEG
train,original,2970.jpg,2970,.jpg,277,369,34131,2a471dbf0ba0b5ec62fbd55a26a048a6cf44878f509d30e60218bd4153624cc3,2970,candidate-0369,decoded,JPEG
train,original,2970_brightness.jpg,2970_brightness,.jpg,277,369,67750,a64a38e2628370d5649ed2114ba8563b5aa7a824c97e9554e7480ff4d3f1fc9e,2970,candidate-0369,decoded,JPEG
train,original,3.jpg,3,.jpg,369,277,102825,355389f6c8416c9307fd22ec952a6a9bbcd6b556db10e16ebecda5d8b21f6ea7,3,candidate-0370,decoded,JPEG
train,original,300.jpg,300,.jpg,369,277,49370,2b11081acb1e269743ad3fe35366455d13849a578c3f4f47ed852e73ccbb0640,300,candidate-0371,decoded,JPEG
train,original,300_brightness.jpg,300_brightness,.jpg,369,277,50185,7b9d73e9bb91ac85565456c87cfa51dbb66450f1b79ffeee74539af40006be22,300,candidate-0371,decoded,JPEG
train,original,300_noise.jpg,300_noise,.jpg,369,277,76727,665dc7a80256c9e9317790e4330c23db37f90bb617edb41875f49982f2286e61,300,candidate-0371,decoded,JPEG
train,original,301.jpg,301,.jpg,369,277,33236,2db5b788a33fa4d1c63e5baa8bbc7134985d5672af1c68b148d228388f741186,301,candidate-0372,decoded,JPEG
train,original,301_brightness.jpg,301_brightness,.jpg,369,277,64340,1d1b386a27034db8f098557e20d09254768c390e9d68de6d21a16155021356bc,301,candidate-0372,decoded,JPEG
train,original,301_noise.jpg,301_noise,.jpg,369,277,84255,47924f02bf21b7ca254f4304a0c617530d2fff71a0458efadc115bee4d4b5698,301,candidate-0372,decoded,JPEG
train,original,302_brightness.jpg,302_brightness,.jpg,277,369,59490,b3cdbda88d22ca99bd708afd537b4a3d8c5c8a43049c4ed7afbc6e47f85539f1,302,candidate-0044,decoded,JPEG
train,original,302_noise.jpg,302_noise,.jpg,277,369,81938,58e7859f5a2e0eec4ffe5c6dcf6d03c85b9cbd90b279da15d3ce4b5619c29a3e,302,candidate-0044,decoded,JPEG
train,original,3040.jpg,3040,.jpg,369,277,32160,86474f127269b3bda3c8cdb1d73a40d751ce27ec428ae627804bd85926a111ed,3040,candidate-0373,decoded,JPEG
train,original,3050.jpg,3050,.jpg,369,277,42651,14364c5b3f46acb0884d37ab400989ade1a8b8ff507949d24097e4019f732c0b,3050,candidate-0374,decoded,JPEG
train,original,3050_brightness.jpg,3050_brightness,.jpg,369,277,76405,4a4542b19a72f5fc6d48e74f3715975720f3e9efc41e2eb2e691a268a1f245e2,3050,candidate-0374,decoded,JPEG
train,original,3050_noise.jpg,3050_noise,.jpg,369,277,94501,08fba9c0c54bf1594d576bc253354cb511d6f46021e88361e62978ec00cabc45,3050,candidate-0374,decoded,JPEG
train,original,3060.jpg,3060,.jpg,369,277,39161,f7f2dda8ba926f521b835a158d12e76564dda573c6eca3b7ab7e0ee5d53f072e,3060,candidate-0375,decoded,JPEG
train,original,3060_brightness.jpg,3060_brightness,.jpg,369,277,70751,42e457774040070738aafc3f5a8227ff7c17317ba4a9122a490f3b50c2e0cdfd,3060,candidate-0375,decoded,JPEG
train,original,3060_noise.jpg,3060_noise,.jpg,369,277,91387,489c4cea1e7ff40351b620917a9ac24637631be70fbf56b1a7cea027a63b522b,3060,candidate-0375,decoded,JPEG
train,original,3080.jpg,3080,.jpg,369,277,45167,6780e6ef05050f9a48ba3c7ac01703466119429fce5ea74de882133d3e3ffeee,3080,candidate-0376,decoded,JPEG
train,original,31.jpg,31,.jpg,369,277,49229,a0a6d47904b10eceecc99e234724d6df8c2e08d25f831a72afd41cb377eabfdb,31,candidate-0377,decoded,JPEG
train,original,3110_noise.jpg,3110_noise,.jpg,369,277,77418,4affb4e72529416d0f89bc3553922feeb86fe91aac92dfba92f175921e5840af,3110,candidate-0047,decoded,JPEG
train,original,3120.jpg,3120,.jpg,369,277,30677,3da6d031ebb4c7af08946703254716e86d4be36cbef4c906f0d16dc84da41845,3120,candidate-0378,decoded,JPEG
train,original,313.jpg,313,.jpg,277,369,51740,147163ba4a91130c26deaa2f6532eff97e908689eb0fa5c6ceeff5f595aee8dc,313,candidate-0379,decoded,JPEG
train,original,314.jpg,314,.jpg,277,369,53402,9cd46e8fc36753338c3037d685a021b48b7894c66733f682ca6f9f5dfaf30c79,314,candidate-0380,decoded,JPEG
train,original,315.jpg,315,.jpg,277,369,46876,8c3b2743882d77fbd5139586432b75812436cd0402821a1a64f249e7cfb08d07,315,candidate-0381,decoded,JPEG
train,original,315_brightness.jpg,315_brightness,.jpg,277,369,88748,20324c31297330918c9aa1ff54e44afe4de5f9581cb900db16f58874b67f3cfd,315,candidate-0381,decoded,JPEG
train,original,316.jpg,316,.jpg,277,369,40996,eb013bb95bd11d4f11a5438af13cd54c1ed903b0aa0d5eb28934c6698e77ab8a,316,candidate-0382,decoded,JPEG
train,original,3190.jpg,3190,.jpg,369,277,25425,a7c47a07133a1469bc9777d3a272a2f84cf41d5914585e6b48c9734cf206d170,3190,candidate-0383,decoded,JPEG
train,original,32.jpg,32,.jpg,369,277,84289,006531f0156bda2654aa3f85312b3ddbf9a7b5202c670aa1b9b460456c701eb4,32,candidate-0384,decoded,JPEG
train,original,3200.jpg,3200,.jpg,369,277,90213,728da6ccb60afb54c084dc425f09fecb1bd2752d73c14e93f1ea9bc6bb185aa0,3200,candidate-0385,decoded,JPEG
train,original,3230.jpg,3230,.jpg,369,277,29731,0d8c3664a9eb8c2c524c6e8d8d8c8ca6f3e15de2be7f0093e09ea7ec1e4a6131,3230,candidate-0386,decoded,JPEG
train,original,3260.jpg,3260,.jpg,369,277,50642,3ce28a48911d72663cc096050e4014f2afac52bbd2babadd0e00b3ecd87dd3f2,3260,candidate-0387,decoded,JPEG
train,original,327.jpg,327,.jpg,327,254,29916,8810b1772359fcb2bc8b5199e5a06d9bdaa20a8875d8649d211cf1c033ce7b8b,327,candidate-0388,decoded,JPEG
train,original,329.jpg,329,.jpg,369,277,30908,b3d929b91b4e9872652b8542a0321edc5cf5f420d3c93fea1d4e9af2615ff42a,329,candidate-0389,decoded,JPEG
train,original,33.jpg,33,.jpg,369,277,77367,6cc268e781efccd95127cc5bc9027d16463da5d9b7f49bf8d05c49c7ebac092a,33,candidate-0390,decoded,JPEG
train,original,3300.jpg,3300,.jpg,277,369,34421,2ffbe710b4e7e8c90ce93dd20c6d0dfd9d250b74450dda27d03bce4344914218,3300,candidate-0391,decoded,JPEG
train,original,3330.jpg,3330,.jpg,369,277,19888,85d6322069944ccd6d848ace4a135ef4305ccf2f510bd82d8bfded35712ccd21,3330,candidate-0392,decoded,JPEG
train,original,334.jpg,334,.jpg,277,369,26371,4bb6e6f8754fbb01a6015d4cc86934a563552316111a0af9fa046ff9c5c27b81,334,candidate-0393,decoded,JPEG
train,original,334_brightness.jpg,334_brightness,.jpg,277,369,62220,d16c8cbf5548f0c16c7fb6977308a9fead94045341afb4ab3c1ac096dac50be7,334,candidate-0393,decoded,JPEG
train,original,3370.jpg,3370,.jpg,277,369,16370,8ad4d023c68a53d5419b4b8934039f4f6dd458adfa7e15b9e5a163616c24a6f1,3370,candidate-0394,decoded,JPEG
train,original,338.jpg,338,.jpg,277,369,31086,2546265d5caf1040c708b970dd7c53aaf62d1534517b2596e961c74de97323a7,338,candidate-0395,decoded,JPEG
train,original,33_brightness.jpg,33_brightness,.jpg,369,277,71754,e9945e29b93062e1cf206fadf91a4383231c5a0663bad59462b1c79b0cbd869f,33,candidate-0390,decoded,JPEG
train,original,34.jpg,34,.jpg,369,277,95111,5cbdcd8c03054126891bf2dd55c782ab316cfc0d35f3f68c2d92948ada51cd05,34,candidate-0396,decoded,JPEG
train,original,3410.jpg,3410,.jpg,369,277,40076,1abc94798f425a3212426a53b8d225f49f0b226aabd774139efbe3d6c0d3244d,3410,candidate-0397,decoded,JPEG
train,original,3440.jpg,3440,.jpg,369,277,29223,8a94fe465a66c1f0eefa57fd87420c681cd8f13bdee068063a1e68d50c7abec6,3440,candidate-0398,decoded,JPEG
train,original,3470.jpg,3470,.jpg,369,277,42772,0d5648dbe38e90528134597d667534cd71563092f64e7b0a653bff73681ac2f5,3470,candidate-0399,decoded,JPEG
train,original,36.jpg,36,.jpg,369,277,89075,5c847c71a15a88eb98bf06997ddf4e2d9c4cad914a19d4bb0058b18e8001180a,36,candidate-0400,decoded,JPEG
train,original,37.jpg,37,.jpg,369,277,99637,af2ebfaafc661c6c098251ee9e727a54fe484c3d05cac60f8e637025d8661169,37,candidate-0401,decoded,JPEG
train,original,3740.jpg,3740,.jpg,277,369,36604,0e666e279f35869173a3e95a1786a62072e1b9a900756d13caaa7bc92a4fc8f7,3740,candidate-0402,decoded,JPEG
train,original,375.jpg,375,.jpg,277,369,32785,c1ef3e63a986c2aab7c1e22e47c9c86048349bd32a728874799296ee063aa182,375,candidate-0403,decoded,JPEG
train,original,3760.jpg,3760,.jpg,277,369,22595,590c66f2c55d2ad852a431348cacac007e612e2595f80ae9054cc6a4ee960db5,3760,candidate-0404,decoded,JPEG
train,original,377.jpg,377,.jpg,277,369,44197,f4a690523eadeecb9d910b5d3788bac16f51775fc68d7ee6473a9a1dd49d39b9,377,candidate-0405,decoded,JPEG
train,original,3780.jpg,3780,.jpg,277,369,30292,c589bfd899453a30a6d1fe7eb467a5474749572dd08ce686fe7afb1621ba648b,3780,candidate-0406,decoded,JPEG
train,original,38.jpg,38,.jpg,369,277,112189,b3fe6068ee2e9e9c28da0b9bbaa647204ef40dbaa62eb99bec8b5416549d5cac,38,candidate-0407,decoded,JPEG
train,original,380.jpg,380,.jpg,277,369,28745,728123eba438b124dc8e4c89a9377376f2998fa5e08f373cad209c8a8faf6241,380,candidate-0408,decoded,JPEG
train,original,389.jpg,389,.jpg,277,369,23274,914d4d0c50fd0f98fd4f4149fc58856c6d3c99e78168cf09d5fccfaf942940d2,389,candidate-0409,decoded,JPEG
train,original,39000.jpg,39000,.jpg,369,277,41908,f147a062bc9049ea51745093c63856657eb687f244c9e0ea767b349ff56c87ea,39000,candidate-0410,decoded,JPEG
train,original,39000_brightness.jpg,39000_brightness,.jpg,369,277,79284,b276c767e73ee784a5b199985a64f5c3b24085c0978873783db6e57ef337842c,39000,candidate-0410,decoded,JPEG
train,original,3910.jpg,3910,.jpg,277,369,24556,281ec8d57b4f621606e78641af6782b262f858e5f5c6a68203f168b8d25c12be,3910,candidate-0411,decoded,JPEG
train,original,3910_brightness.jpg,3910_brightness,.jpg,277,369,57453,7a39dae48ed0ca54da9779efe9e116db59bca0c5b6b1c17a2ad1e2485b9158ad,3910,candidate-0411,decoded,JPEG
train,original,3910_noise.jpg,3910_noise,.jpg,277,369,83678,ac2d40170d92103bfa10cd2d206d9b05574b67b35b09aaed20861ce7a4ca37a8,3910,candidate-0411,decoded,JPEG
train,original,3920.jpg,3920,.jpg,277,369,43968,34a5d0569e25ef5f225e041a88b8f48597fb4bb4ef58b4b8b1534cb0994aa93a,3920,candidate-0412,decoded,JPEG
train,original,393.jpg,393,.jpg,277,369,51498,3d1dbc728870e5284020a8ee414d5dc8dfef9ef7bf5ded9517387487bc12aede,393,candidate-0413,decoded,JPEG
train,original,3940.jpg,3940,.jpg,277,369,33419,c5bcb18e94df0786a5c421efa12b4b8b4035f7fdee8c154b6e2c98a5c339ba68,3940,candidate-0414,decoded,JPEG
train,original,3950.jpg,3950,.jpg,277,369,47878,e29cda7b2dac6536138810a0c8e84d1955219f42a1e853d55b135c4fd8c51123,3950,candidate-0415,decoded,JPEG
train,original,396.jpg,396,.jpg,277,369,40784,e8b4d8db4ad8353904788810de2f911b94ec1f83f85d604e368d496bfba02666,396,candidate-0416,decoded,JPEG
train,original,398.jpg,398,.jpg,369,277,32911,32e6e89701b6cf6a5af04e40e84116c26062602677e2565bd17599ae55d8954e,398,candidate-0417,decoded,JPEG
train,original,399.jpg,399,.jpg,369,277,75331,bebb7e04198fab892cb3ec3fba39b4728741f529c72ea7352bd68115c801df45,399,candidate-0418,decoded,JPEG
train,original,40000.jpg,40000,.jpg,369,277,50842,7f7cd2e638efe45bbcf0928753e67649a61f40d0b869f5791c2c6421b8cf4e3c,40000,candidate-0419,decoded,JPEG
train,original,40000_brightness.jpg,40000_brightness,.jpg,369,277,89577,9944779871149a20c17569f92fc17a6ef0b4ced5592d3e7cf50a489003d11bff,40000,candidate-0419,decoded,JPEG
train,original,40001.jpg,40001,.jpg,369,277,58184,f5f27b43d373a5039ec85ce9437457e84ad8b53d4a379048d90058b5a8693688,40001,candidate-0420,decoded,JPEG
train,original,401.jpg,401,.jpg,277,369,52639,30f3c627040362f92194ef1ade0fe3b8771e676608f997663829b0f0f2b6a432,401,candidate-0421,decoded,JPEG
train,original,4020.jpg,4020,.jpg,277,369,52370,491480778eaaff02c1483e7cd874fdd9899b2bea8c28037a940b8a4b9678442b,4020,candidate-0422,decoded,JPEG
train,original,403.jpg,403,.jpg,277,369,77392,50cbc64bb7c6c5d79790415f6bfd308955356d0cb273ab6444b175a862902b7e,403,candidate-0423,decoded,JPEG
train,original,403_brightness.jpg,403_brightness,.jpg,277,369,76885,d4b4bfdc1bbc52dd817a154055e15f49b746bfbdd756f8a8a31f1aa3e2324c21,403,candidate-0423,decoded,JPEG
train,original,404.jpg,404,.jpg,277,369,41443,a7c1948e1398a6b6fe616c501bf66e656d8b2ed03dfdd51f7b4ec9efbbb8066b,404,candidate-0424,decoded,JPEG
train,original,405.jpg,405,.jpg,277,369,42585,cfefadd10f805805e8c9f038e292bc73885e671e7519f00793bb1690b7e47f55,405,candidate-0425,decoded,JPEG
train,original,4060.jpg,4060,.jpg,369,277,34511,c5e24ebaee303ec647849b4f10d03a4955e4af4fa90625eacbbec1593bf0782b,4060,candidate-0426,decoded,JPEG
train,original,4070.jpg,4070,.jpg,369,277,35798,3290be453ec131fab49a01f0b280136084a78f3eec75a59e730e38584a476d3f,4070,candidate-0427,decoded,JPEG
train,original,4070_brightness.jpg,4070_brightness,.jpg,369,277,73131,521dbce78c6f4a2ff26a2075821a9d0df71bf0194d6e24eaf5cbbdfe33392649,4070,candidate-0427,decoded,JPEG
train,original,408.jpg,408,.jpg,369,277,78870,06eabd86276c3e904ff91e44b1d5f35847d1c8cf94fe87f0001fc501a822dccc,408,candidate-0428,decoded,JPEG
train,original,408_brightness.jpg,408_brightness,.jpg,369,277,79842,15bc7765562af353767835eb5840cb400e46504f63e5ce68f78557dfdde771b6,408,candidate-0428,decoded,JPEG
train,original,409.jpg,409,.jpg,369,277,46122,633124f397753d1fbf4d03f05e7cfaea79e4a79dc530d883e341c8fbdc66a82c,409,candidate-0429,decoded,JPEG
train,original,4100.jpg,4100,.jpg,277,369,20639,a0dd8f3146b9fa81c40429e28ebaf7b322a996d1a8b8ac8a5d73ed2632f85cdc,4100,candidate-0430,decoded,JPEG
train,original,41000.jpg,41000,.jpg,369,277,45785,a425a0e5dde6cf2a53e1f1b9659ec03e90fc88b748a72dac34f215f66f55a19f,41000,candidate-0431,decoded,JPEG
train,original,4120.jpg,4120,.jpg,369,277,32954,3e072cfb06b64d1863044af444c856a73e795f35082f4ba766ec9dba8839ae8b,4120,candidate-0432,decoded,JPEG
train,original,4120_brightness.jpg,4120_brightness,.jpg,369,277,67013,ef075183679e13bf607a0e2f6be2d713a56f401af2a2da6c35c2b38fa21213ca,4120,candidate-0432,decoded,JPEG
train,original,4151.jpg,4151,.jpg,369,277,26528,8d8eee71c6c464caa76db48b206f6b9c1a9a8634847ec5e9a171c055f20fd286,4151,candidate-0433,decoded,JPEG
train,original,417.jpg,417,.jpg,369,277,65107,1de324e47ace30b9db5d95ab96044a7f3163b7228de1339d1e40d0edcc40d145,417,candidate-0434,decoded,JPEG
train,original,4180.jpg,4180,.jpg,277,369,31140,3f69d8a1c61178e4df528ea0ed2156e985d62f091ba86e6862629ad5318c34f2,4180,candidate-0435,decoded,JPEG
train,original,419.jpg,419,.jpg,369,277,38530,928dfc1083790da7f280fecdbabd1da0ed358c16f9bae6d252443d422972931e,419,candidate-0436,decoded,JPEG
train,original,42000.jpg,42000,.jpg,369,277,46487,a9fbb7ab6ea41beb2600e3d25c70368154a6e5ad979544379b0a6c001e9f25ad,42000,candidate-0437,decoded,JPEG
train,original,4201.jpg,4201,.jpg,369,277,28181,4e0ce43a462793d1863004dce17b0f380213a633bb7dbbe86194d5d9390f3805,4201,candidate-0438,decoded,JPEG
train,original,4210.jpg,4210,.jpg,277,369,35115,9588d6ab2cf3f9c00e8dd236edd592243de98313db8977f8175d68bc2f20323a,4210,candidate-0439,decoded,JPEG
train,original,4220.jpg,4220,.jpg,277,369,28453,594e044f37ba7e572c73acce6cc632a02ece953b30f6c0939111b2dbbc77a52f,4220,candidate-0440,decoded,JPEG
train,original,424-1.jpg,424-1,.jpg,277,369,28827,44f7732bfe6f7d131162acb478c45d68438129df115aa21992357ef746b07ea2,424-1,candidate-0441,decoded,JPEG
train,original,4250.jpg,4250,.jpg,277,369,40588,0e577ef88efcb041bbe18d37145fbd411aac40c3b7c94a3bc91b969ff80021f2,4250,candidate-0442,decoded,JPEG
train,original,4250_brightness.jpg,4250_brightness,.jpg,277,369,75463,cf30d886233d8fa50ebd359994c6b8de0196d355676a0e72a72ccf3cac7dc073,4250,candidate-0442,decoded,JPEG
train,original,4250_noise.jpg,4250_noise,.jpg,277,369,92667,23c7b651450e940ab892f6dde0597402232b91fea7885d8a9062550731930251,4250,candidate-0442,decoded,JPEG
train,original,426-1.jpg,426-1,.jpg,277,369,41662,f5f0fe28b1d1f95e828e51cfe2d44938f95303b6d514e47a75e0ecaa18a94e24,426-1,candidate-0443,decoded,JPEG
train,original,44.jpg,44,.jpg,369,277,112625,ea4501a54208250abc61217edad6c1d6e63729de04fe16b4a8682b1059367181,44,candidate-0444,decoded,JPEG
train,original,46.jpg,46,.jpg,369,277,107713,dcd632c2e08de4d4f225956ec37cd3e1c76249f303abbf18dbab91887694ddc7,46,candidate-0445,decoded,JPEG
train,original,47.jpg,47,.jpg,369,277,107738,c8970f371a1975c5c20baaabaca3b58f11194ed3dd7c62ee7b754f5791917a46,47,candidate-0446,decoded,JPEG
train,original,48.jpg,48,.jpg,369,277,73033,5b56df2d29ee7eb551d736b27815a43d7a0c4575cea6522a5ed562c1eb71cc25,48,candidate-0447,decoded,JPEG
train,original,49000.jpg,49000,.jpg,369,277,42936,476cbfd5b798d9a9ce0d4b910386f88bf4a58d28466ebcbe7b787ca770bc19fa,49000,candidate-0448,decoded,JPEG
train,original,50.jpg,50,.jpg,369,277,66896,d298d8273c2f461d2b47f227509ce319657e68fde98b79b22d2e0f241ff4455f,50,candidate-0449,decoded,JPEG
train,original,51.jpg,51,.jpg,277,369,119504,3c9010025e3c84ef98df22e231c4e3449db0f250c78c75aa97e8ab2da7481a79,51,candidate-0450,decoded,JPEG
train,original,52.jpg,52,.jpg,277,369,122413,34dfb8bcabb3d7c8044587053e3fa3ee266a978f0ca3db0a75f605d530bdcce6,52,candidate-0451,decoded,JPEG
train,original,53.jpg,53,.jpg,369,277,98336,61edc1416934e00d9d8dcaca818d1df14915878b082c52078e774f25317a2da9,53,candidate-0452,decoded,JPEG
train,original,54.jpg,54,.jpg,369,277,92480,740a9a135fe3b1f30d8560db68283cd38da1b426b86ef5617056bae285d1df25,54,candidate-0453,decoded,JPEG
train,original,55000.jpg,55000,.jpg,369,277,57046,c58d1460093bf16d5eba41dde8a109f9723fdd420ab26e26546ea8a5182678b4,55000,candidate-0454,decoded,JPEG
train,original,56.jpg,56,.jpg,369,277,38054,35298ae97d55900e98d9eefbd8854e348c485664d2e71e87fd77d15aa0877464,56,candidate-0455,decoded,JPEG
train,original,57.jpg,57,.jpg,369,277,87946,5316ff0b618dd6b26000490cc640422a4212565c3e5144c0da63b6f758e74c8b,57,candidate-0456,decoded,JPEG
train,original,58.jpg,58,.jpg,277,369,69468,f3855cba2da9397df3bfe98f7de24cae6f6b3fbd240469120e8a6fcc271655bf,58,candidate-0457,decoded,JPEG
train,original,6.jpg,6,.jpg,369,277,108978,04d7459e96980bfd3be7e1d92456baa0028cf1b58ef11c61f9466aeb75274478,6,candidate-0458,decoded,JPEG
train,original,60000.jpg,60000,.jpg,369,277,26331,496af6f43206a53a421fcc033aac584d0764ad4f411171fc1796f101d3addf4e,60000,candidate-0459,decoded,JPEG
train,original,61.jpg,61,.jpg,369,277,59518,d4b53b9d2300e84fad269f34a1f20d5fc11e7e6770fdddc0f8e8b552b2858e5e,61,candidate-0460,decoded,JPEG
train,original,62.jpg,62,.jpg,369,277,112915,3de3d21a6a7052fca287c754285058a8b67b097b487600bba9f9dcdfb358b326,62,candidate-0461,decoded,JPEG
train,original,63000.jpg,63000,.jpg,369,277,46083,37b5596f1085f7ab6d7f219c0ccf28efc796a5d70f492fcb894be9d204bdd19f,63000,candidate-0462,decoded,JPEG
train,original,64.jpg,64,.jpg,369,277,106256,e726e2f21db1405bf2c377eec1755bb0ec9ceaeb45204a661fc0b04be50c2952,64,candidate-0463,decoded,JPEG
train,original,66000.jpg,66000,.jpg,369,277,34799,8edbfc379ed489ceaf25bbd714c03db270fc84505d8771b97a24a3ab0c2cad64,66000,candidate-0464,decoded,JPEG
train,original,68.jpg,68,.jpg,369,277,74544,736f42171b6ca35b15e0489147eb1d98e7f4bb7ef906b5362ec1070054bd8e32,68,candidate-0465,decoded,JPEG
train,original,6_brightness.jpg,6_brightness,.jpg,369,277,102676,991661ace4704cf3939c3ea570e9706a6cf09f4feb34f3fef13ff29e4b438841,6,candidate-0458,decoded,JPEG
train,original,700000.jpg,700000,.jpg,369,277,28009,ee9c48764eee8387df3d33fab121c711da4bfcef236d72cb29ea8bd4a2e7c56d,700000,candidate-0466,decoded,JPEG
train,original,73.jpg,73,.jpg,277,369,80759,9db0f1da510d53e024ef939cddddea70ce23c9e07949cfdd6ac620528aeab464,73,candidate-0467,decoded,JPEG
train,original,74.jpg,74,.jpg,369,277,86975,5d04327a06bb423feea5b85fdc01623e98d6528862a8cd3f903d8e65f8516fa0,74,candidate-0468,decoded,JPEG
train,original,7500.jpg,7500,.jpg,369,277,54068,6a7a6f4d4e6fada785b1f625efda529c0ad2dda7e2cb683a73dd6c493c79ecfe,7500,candidate-0469,decoded,JPEG
train,original,7600.jpg,7600,.jpg,369,277,49138,ddb9af190eed43d7f697c6175697bfd2ced018c1232637741748c86533550ceb,7600,candidate-0470,decoded,JPEG
train,original,7600_brightness.jpg,7600_brightness,.jpg,369,277,87187,57df3b114d7e3cb440a6861fe089828632eb35dddd54011368d24ca6bf5f4c2d,7600,candidate-0470,decoded,JPEG
train,original,77.jpg,77,.jpg,277,369,46040,70ea07892bdaf750b0f6ea0454d94eb0cb62786112eee359152970fc47e8e2f1,77,candidate-0471,decoded,JPEG
train,original,77_brightness.jpg,77_brightness,.jpg,277,369,89273,aed27fbde7a30a846701217f381fa80203bade562a4a4212e0e946b096ee917f,77,candidate-0471,decoded,JPEG
train,original,8000.jpg,8000,.jpg,369,277,43680,5c454a2da21cef791889bb9db30bd542b9b86aa6027366506da1658d2566e6b8,8000,candidate-0472,decoded,JPEG
train,original,8400.jpg,8400,.jpg,369,277,36909,f3805d53271149a4cbca54c7119bbebe8dba3183070dc0f16de5189b7b5f16a3,8400,candidate-0473,decoded,JPEG
train,original,8500.jpg,8500,.jpg,369,277,55088,1e41a1da14f10f48845b3bc0eb671575f9dac590cc6372cf87a28b8674769c17,8500,candidate-0474,decoded,JPEG
train,original,8700.jpg,8700,.jpg,369,277,37653,4570beb604877e735631172cdef1a765bb1ac8757fe95f828cbcc4a293a5ab29,8700,candidate-0475,decoded,JPEG
train,original,89.jpg,89,.jpg,369,277,89749,86801daaa37dcc1f405746f7e115069dd5b14e363c021b0bd728553928ad547a,89,candidate-0476,decoded,JPEG
train,original,9.jpg,9,.jpg,277,369,83584,25f59f932fc4bda567a66def13892da466c875286f65e3e5886611352a5fa87c,9,candidate-0477,decoded,JPEG
train,original,9000.jpg,9000,.jpg,277,369,32243,e487abe8afe7af5af8a47701fc70d4f884a3e0424f80ff4ae8b4feef42936b30,9000,candidate-0478,decoded,JPEG
train,original,9_brightness.jpg,9_brightness,.jpg,277,369,77487,dfebb013475edb541bf8756bd66536d0c586a73a7442d0d3048459cbf8d6d03d,9,candidate-0477,decoded,JPEG
train,original,IMG_12320.jpg,IMG_12320,.jpg,404,303,38134,8e7c07cbd2991b1e1783f62cb8c1f0314c43a9dbe34f703444096e253c48de41,img_12320,candidate-0479,decoded,JPEG
train,original,IMG_12350.jpg,IMG_12350,.jpg,404,303,36657,7157ca525557b68d1504cb547f70b88419d51ce0179103a3273b8efec7ac8fd7,img_12350,candidate-0480,decoded,JPEG
train,original,IMG_1237.jpg,IMG_1237,.jpg,404,303,40946,ca9ef853f73a5de7ed8748aa03b309c5ea4d48750a530a96f0323ab35bc3363d,img_1237,candidate-0481,decoded,JPEG
train,original,IMG_1237_brightness.jpg,IMG_1237_brightness,.jpg,404,303,79228,72e2afa98cb856955c6d03148f32206cd8b9a563f8f38b02283939208f44463a,img_1237,candidate-0481,decoded,JPEG
train,original,IMG_12380.jpg,IMG_12380,.jpg,404,303,46778,9f77447e0f3e132d7985ff98e08f778826576262b059c9d809048a50c5348557,img_12380,candidate-0482,decoded,JPEG
train,original,IMG_12390.jpg,IMG_12390,.jpg,404,303,30815,b8df25642841634fc0cbc96b6068644a58114204b2e1dcc94bf6736706c278b5,img_12390,candidate-0483,decoded,JPEG
train,original,IMG_12400_brightness.jpg,IMG_12400_brightness,.jpg,404,303,80542,ed8aa061a8e7e776355fa189d3181e36f02414d3eefe2dc6489098d1653ccf0e,img_12400,candidate-0484,decoded,JPEG
train,original,IMG_12410.jpg,IMG_12410,.jpg,404,303,43010,a67be0e3353a81f89f9ac871543c13abda69420531497ea4bec17d24110979da,img_12410,candidate-0485,decoded,JPEG
train,original,IMG_12430.jpg,IMG_12430,.jpg,404,303,45490,f578974a58b973b7e909f78563917d9c6324922b523c007bba25b158b8bebf98,img_12430,candidate-0486,decoded,JPEG
train,original,IMG_12440.jpg,IMG_12440,.jpg,404,303,47369,46ecfc3e74706202aae5bc0cdb5c624c38e0012868ad64beb120fe4a69b70968,img_12440,candidate-0487,decoded,JPEG
train,original,IMG_12450.jpg,IMG_12450,.jpg,404,303,34036,a8b25e261739416443561622a54a5649c4b999b87f46a9ff81875bfeb01aad28,img_12450,candidate-0488,decoded,JPEG
train,original,IMG_12450_brightness.jpg,IMG_12450_brightness,.jpg,404,303,69285,75ec4e66933bb43a9fb1aea04d09d2996626e95ec79a928e528e34500de1833d,img_12450,candidate-0488,decoded,JPEG
train,original,IMG_12460_brightness.jpg,IMG_12460_brightness,.jpg,404,303,71931,85c8955f354e63a1f8f1739b41a43341a64df42fb51f18b0b949825dfb5b6546,img_12460,candidate-0489,decoded,JPEG
train,original,IMG_12470.jpg,IMG_12470,.jpg,404,303,31102,f774d7bd831758df6d8f1246de4208f74429aa718ca5ad82f13c25b9997e7237,img_12470,candidate-0490,decoded,JPEG
train,original,IMG_12470_brightness.jpg,IMG_12470_brightness,.jpg,404,303,66461,837051e9eb4b8c0c18520d1efebf497cc8bc8ae4942745aa716669f4e5f8259f,img_12470,candidate-0490,decoded,JPEG
train,original,IMG_1250.jpg,IMG_1250,.jpg,404,303,32209,4ed20c6d346a2a3da4df3ddc40a914740bc85b4795d07f81c484012cef05cc3c,img_1250,candidate-0491,decoded,JPEG
train,original,IMG_1251.jpg,IMG_1251,.jpg,404,303,30774,e34e3d3e66331049334cdaaa5c60afc49c257c53cda786ed77c33335b7b595d8,img_1251,candidate-0492,decoded,JPEG
train,original,IMG_1252.jpg,IMG_1252,.jpg,404,303,48280,7f4e888b22bc5ca46dbb853bf908019632c8f2bddaf2bd193d0e729f78a294d6,img_1252,candidate-0493,decoded,JPEG
train,original,IMG_12530.jpg,IMG_12530,.jpg,404,303,33746,5fc79915437d58c343dd0296f610dec25020c00a0931dbf25805cf24b3947eaf,img_12530,candidate-0494,decoded,JPEG
train,original,IMG_12540.jpg,IMG_12540,.jpg,404,303,33288,461c847371e640d877be38b391bce54d348e8e6f7fedf72917ed6a6eceda540a,img_12540,candidate-0495,decoded,JPEG
train,original,IMG_1255.jpg,IMG_1255,.jpg,404,303,42620,8e2b08a3fe931426bbb2c71d1cb94cb2fcff30423c1659ab6d9aacc8faf51364,img_1255,candidate-0496,decoded,JPEG
train,original,IMG_1256.jpg,IMG_1256,.jpg,404,303,41668,a50c0cb2d00934b6c4dca22259a67fe02aaea988e2ecd16860086ae4b686468a,img_1256,candidate-0497,decoded,JPEG
train,original,IMG_12580.jpg,IMG_12580,.jpg,404,303,49188,2468092cbc9b7be7dc78f384bdd26f4953fb42567bd4ba97f8d7ebc10aa6bd3b,img_12580,candidate-0498,decoded,JPEG
train,original,IMG_1261.jpg,IMG_1261,.jpg,404,303,43917,8060d989bb93879c295a23f90c08ac45ec127f158fdb5296156fc1f1a377222b,img_1261,candidate-0499,decoded,JPEG
train,original,IMG_1261_brightness.jpg,IMG_1261_brightness,.jpg,404,303,84271,2c04823abde2c8fe317ae66bb90c6a9770d11454f916c62335930c244049bebd,img_1261,candidate-0499,decoded,JPEG
train,original,IMG_1262.jpg,IMG_1262,.jpg,404,303,46589,e511650df38cab0e30f99dbbde51aaa184f90d1cafa68413ece1aacc809cb29e,img_1262,candidate-0500,decoded,JPEG
train,original,IMG_1263.jpg,IMG_1263,.jpg,404,303,47448,c8710164b238168b6ec47da27bbc9e52273b85c548311a1097d2da5c6175f236,img_1263,candidate-0501,decoded,JPEG
train,original,IMG_12640.jpg,IMG_12640,.jpg,404,303,39762,e10be74fe45b8f1e56afd0d88f5678739549dfa084d6e7d10293bd7dfce80758,img_12640,candidate-0502,decoded,JPEG
train,original,IMG_12700.jpg,IMG_12700,.jpg,404,303,49807,ff3075d4c02cd65d867b80716bf0476a91828613346033d4ed024e65fef9511c,img_12700,candidate-0503,decoded,JPEG
train,original,IMG_12710.jpg,IMG_12710,.jpg,404,303,52882,a07146672f7a9ad9236c43d9b3f3ce8f0e2ed52a3f5cb3a3f2923c4832d0a0c4,img_12710,candidate-0504,decoded,JPEG
train,original,IMG_12740.jpg,IMG_12740,.jpg,404,303,34636,3217890dbccf818e1960d32354f6bd9d1b5771b7e31781ce2ab5a43e12d356b5,img_12740,candidate-0505,decoded,JPEG
train,original,IMG_12750.jpg,IMG_12750,.jpg,404,303,37496,1ebb9efee4f1a90018232ca6677185df8d7f8f77e1873df6ec9206df5b5f26b2,img_12750,candidate-0506,decoded,JPEG
train,original,IMG_1276.jpg,IMG_1276,.jpg,404,303,34610,b30cc1d83aac5e02c3cb1d6a11fe6c8935c3eccbe0ff96737f72a6f72d2b2581,img_1276,candidate-0507,decoded,JPEG
train,original,IMG_12780.jpg,IMG_12780,.jpg,404,303,37982,b091b88bbbee80383ff9ab65884a075e53bbea5a357f0cb8fe7c9488863913f8,img_12780,candidate-0508,decoded,JPEG
train,original,IMG_12800.jpg,IMG_12800,.jpg,404,303,22466,d9f6d0628c12607c005046f10c24e5170ec89c5891faa3c66c2d2d18403194e5,img_12800,candidate-0509,decoded,JPEG
train,original,IMG_12810_brightness.jpg,IMG_12810_brightness,.jpg,404,303,50887,0fa673e6300ef9c4d7d8c5456b84fe6997b5c91f0fb6fd15213e9cbaaa2a942f,img_12810,candidate-0510,decoded,JPEG
train,original,IMG_1282.jpg,IMG_1282,.jpg,404,303,50539,3eeaea867b1fddde6714e31c1326e92f400526a7fef5d5e796855fd59cd92743,img_1282,candidate-0511,decoded,JPEG
train,original,IMG_1284.jpg,IMG_1284,.jpg,404,303,32101,6dcdf694df5b3ae00c3934c8797a0430ff3bfe2d60b7cdae983aea9140476e19,img_1284,candidate-0512,decoded,JPEG
train,original,IMG_1284_brightness.jpg,IMG_1284_brightness,.jpg,404,303,62825,4eb941c375f52ce591b3c1d3bd19aa13242a2ca1ea8c23ad2a24f9bd0f7a46c4,img_1284,candidate-0512,decoded,JPEG
train,original,IMG_1286.jpg,IMG_1286,.jpg,404,303,26511,88a32869a45266731496fdc1f49de0c40f2961fc7d758f87dba5b8832d951172,img_1286,candidate-0513,decoded,JPEG
train,original,IMG_1286_brightness.jpg,IMG_1286_brightness,.jpg,404,303,51848,bb25e65797cf256634f0f0dc075205253b5c14e97e314a26b4a9887ec2d4a490,img_1286,candidate-0513,decoded,JPEG
train,original,IMG_1287.jpg,IMG_1287,.jpg,404,303,30187,7bba5337d01120e797d990dc5cc514561c620bcb7ae1500ff7e5c362b08866b9,img_1287,candidate-0514,decoded,JPEG
train,original,IMG_1287_brightness.jpg,IMG_1287_brightness,.jpg,404,303,58684,4adf5497caa5424e7fb495ece50118adb2fca8bbb6e6a49cb5aef1b9dcf680ec,img_1287,candidate-0514,decoded,JPEG
train,original,IMG_12890.jpg,IMG_12890,.jpg,404,303,39927,c541aab824ac5e7edd8a52cdea8ef8246cbd2d62e477d4c9febc5435fc75c55f,img_12890,candidate-0515,decoded,JPEG
train,original,IMG_12900.jpg,IMG_12900,.jpg,404,303,39001,70a34a336e4ffbbeff5e99b6d4327fd6affa55f714f8387e9c88e5bb991563b9,img_12900,candidate-0516,decoded,JPEG
train,original,IMG_12910.jpg,IMG_12910,.jpg,404,303,27228,a031409d43adbae3bcada0f4f639bf0875efb24e07f5b0505264f249af876d86,img_12910,candidate-0517,decoded,JPEG
train,original,IMG_12920.jpg,IMG_12920,.jpg,404,303,25175,f27ab255c5eb43e1a21d14581f25f9798c1c9b33bc44fb677d519aa35aad8305,img_12920,candidate-0518,decoded,JPEG
train,original,IMG_12940.jpg,IMG_12940,.jpg,404,303,51858,427e472a39c4e73dc8f1b307fdbb2902a926ac11cfb5358d04fbc929e42b16b7,img_12940,candidate-0519,decoded,JPEG
train,original,IMG_12950.jpg,IMG_12950,.jpg,404,303,36751,c210c070cea1bf3424dcfb0b5ff93ea3e1dda23d5204c6e312e9aaa78106dba1,img_12950,candidate-0520,decoded,JPEG
train,original,IMG_12950_brightness.jpg,IMG_12950_brightness,.jpg,404,303,76710,a18d4adf687ee65c1114124a07ecd25a750bc92aab3544e94a72ec711d079614,img_12950,candidate-0520,decoded,JPEG
train,original,IMG_12960.jpg,IMG_12960,.jpg,404,303,37277,7504d98f7e9d4a8ce32f212e6b6afd1d1622322aa104c044b40141c089fec6cc,img_12960,candidate-0521,decoded,JPEG
train,original,IMG_12960_brightness.jpg,IMG_12960_brightness,.jpg,404,303,77093,23e783e232b96448a45c9a4c130cd1c35840fb55c5f04c83b849a5fa6af19e18,img_12960,candidate-0521,decoded,JPEG
train,original,IMG_12970.jpg,IMG_12970,.jpg,404,303,43770,69cfaf690f8d8ba43a42cc40c2c4103464b90e009f64a3c61a8b7f9101b90926,img_12970,candidate-0522,decoded,JPEG
train,original,IMG_12970_brightness.jpg,IMG_12970_brightness,.jpg,404,303,81326,d9b02f87138794012c13829b58c565a3e0fb98ec07011e7f5fde7b496895af11,img_12970,candidate-0522,decoded,JPEG
train,original,IMG_12980.jpg,IMG_12980,.jpg,404,303,41116,b4088d7e746d4e5c3edcdd6bfcaa122272069461e0daa35c42c58986dc703105,img_12980,candidate-0523,decoded,JPEG
train,original,IMG_12980_brightness.jpg,IMG_12980_brightness,.jpg,404,303,77505,76a88d6cb5756cb189c94347b735270b28e1fb1e8e2941899b0683ea501ff921,img_12980,candidate-0523,decoded,JPEG
train,original,IMG_12990.jpg,IMG_12990,.jpg,404,303,25945,c2300348b7a100fe507bed8d9645720ff492d2005421a71e44d1d58c3ec78e90,img_12990,candidate-0524,decoded,JPEG
train,original,IMG_13000.jpg,IMG_13000,.jpg,404,303,25325,cd6108fa48b72680b1e31741550765939a574cde2957bae727f31c60ea438256,img_13000,candidate-0525,decoded,JPEG
train,original,IMG_13010.jpg,IMG_13010,.jpg,404,303,28425,6a84cbd15ae4936528a4a1765b3ee298fbbe3bc071630f10e4b311a14f8e2b36,img_13010,candidate-0526,decoded,JPEG
train,original,IMG_13020.jpg,IMG_13020,.jpg,404,303,27243,7326685cf2f9b2eab26d8f2ce7b27a2f175c153a8cedd3f7713f311c71bd2eaa,img_13020,candidate-0527,decoded,JPEG
train,original,IMG_13030.jpg,IMG_13030,.jpg,404,303,30686,f7f3aeccb9942d9e1d9c361f619889e1b5337ea534da34862c29ac89732cea94,img_13030,candidate-0528,decoded,JPEG
train,original,IMG_13030_brightness.jpg,IMG_13030_brightness,.jpg,404,303,67725,b0e2ca8311c1ef1d66b0220cb497ef567727f2c41728c16e0623f2fafdb0ad75,img_13030,candidate-0528,decoded,JPEG
train,original,IMG_13030_noise.jpg,IMG_13030_noise,.jpg,404,303,96689,aa0f1a60976b7fd4fa7ad80f0db7ea1be99abccd43cd1bed5063f042cfbd67d4,img_13030,candidate-0528,decoded,JPEG
train,original,IMG_1304_brightness.jpg,IMG_1304_brightness,.jpg,404,303,76326,ee654a8e4bc6cf86db9a30872cfe609bc4a2e72d9fa29b302729b2edbf246b75,img_1304,candidate-0077,decoded,JPEG
train,original,IMG_1304_noise.jpg,IMG_1304_noise,.jpg,404,303,100457,d4d63536ab67ff7c7c6ff23e32e348d2131496a2ac0eb573b590f19dbafcdefe,img_1304,candidate-0077,decoded,JPEG
train,original,IMG_1305.jpg,IMG_1305,.jpg,404,303,36176,4a9412a743ad18990f126759bfcaf96be8610595b7c508eb58ab096668e60790,img_1305,candidate-0529,decoded,JPEG
train,original,IMG_1305_brightness.jpg,IMG_1305_brightness,.jpg,404,303,69656,cfb9ebc6bb4cd610aaac863b67441edab422bfdc2e5f30f69ee3c3adef6ce27d,img_1305,candidate-0529,decoded,JPEG
train,original,IMG_1305_noise.jpg,IMG_1305_noise,.jpg,404,303,97481,f956967efde19626148c9fc134147d8d04850ebbcf5bc2698891fca907620413,img_1305,candidate-0529,decoded,JPEG
train,original,IMG_13070.jpg,IMG_13070,.jpg,404,303,31995,9fff54b0bb0a816cdc59aa0ccf504761e53312ccd16eb6aa4bbcbff4fa7f94b7,img_13070,candidate-0530,decoded,JPEG
train,original,IMG_13080.jpg,IMG_13080,.jpg,404,303,25134,9daac8e4c444724dc922f53ddb3df705df9032dcd1d5f76e6308babed568fae4,img_13080,candidate-0531,decoded,JPEG
train,original,IMG_13080_brightness.jpg,IMG_13080_brightness,.jpg,404,303,56441,2ab2dd1c496cfa3e5d6d0ab275045c3a4c1e5ffa9704bed109f63e346024d436,img_13080,candidate-0531,decoded,JPEG
train,original,IMG_13080_noise.jpg,IMG_13080_noise,.jpg,404,303,91972,0dbc65995f61a07b7463a2d4e89612895b11bc0c2a831ef59c102c56f8dc48e0,img_13080,candidate-0531,decoded,JPEG
train,original,IMG_13100.jpg,IMG_13100,.jpg,404,303,36893,f9dc1a6661f21db484ca6d63cc59e2a02fa7b85a2032760b39000354f564c407,img_13100,candidate-0532,decoded,JPEG
train,original,IMG_13120.jpg,IMG_13120,.jpg,404,303,26594,45c106b5abab240d332797a6478a614f208278a573c7b627983312b03d9c183e,img_13120,candidate-0533,decoded,JPEG
train,original,IMG_13140.jpg,IMG_13140,.jpg,404,303,34643,27d75497d8494d059783163e33972da0b1ea64a37984e908e9b818a5acc1eb92,img_13140,candidate-0534,decoded,JPEG
train,original,IMG_13160.jpg,IMG_13160,.jpg,404,303,30081,214e418917ea3679ebc71f6388b3719fbb100d3e5f30fc6931343c0547866156,img_13160,candidate-0535,decoded,JPEG
train,original,IMG_13170.jpg,IMG_13170,.jpg,404,303,30734,af81202915e79796867039417c32dae9968dad24d25cb0e1dd4649ba7d37aa43,img_13170,candidate-0536,decoded,JPEG
train,original,IMG_13200.jpg,IMG_13200,.jpg,404,303,25844,845aaf29978a21048a296c898730a217cf93ac49ddcffb85e3e7cc1b1866eec9,img_13200,candidate-0537,decoded,JPEG
train,original,IMG_13210.jpg,IMG_13210,.jpg,404,303,27072,2abb4abf8e7ac29e64859101c5611795a91b38aba3d65cf88b7b2be52ac084f6,img_13210,candidate-0538,decoded,JPEG
train,original,IMG_13230.jpg,IMG_13230,.jpg,404,303,34920,53fc19972ef31545dd23fdbaadf6fddbe0dd1ab5cb0b0401b6b5be92972e8802,img_13230,candidate-0539,decoded,JPEG
train,original,IMG_13240.jpg,IMG_13240,.jpg,404,303,37828,ac2b507e16c1330327dbcdc2093eca5438adb844abedc263053ae33937d274b2,img_13240,candidate-0540,decoded,JPEG
train,original,IMG_13250.jpg,IMG_13250,.jpg,404,303,31611,b56ad0ef8ceabf2f57cf521634fb897d62ed2c2da77a8d815db4abe4cb4dd50c,img_13250,candidate-0541,decoded,JPEG
train,original,IMG_13300.jpg,IMG_13300,.jpg,404,303,35114,0c67326d85ddf27040fc0d10be58dd441e2d873098e3451d1de254fce92a35fd,img_13300,candidate-0542,decoded,JPEG
train,original,IMG_13350.jpg,IMG_13350,.jpg,404,303,33948,f26527a09d934cfaca814ff0ef231e7434220f6d78dd653bab7c0b4282203d6c,img_13350,candidate-0543,decoded,JPEG
train,original,IMG_13370.jpg,IMG_13370,.jpg,404,303,26496,69a86a21ffcbec90d9784643dd7cc49569e203fe5e362bea123059c481135be6,img_13370,candidate-0544,decoded,JPEG
train,original,IMG_13390.jpg,IMG_13390,.jpg,404,303,31506,3115fc58d36f75f614881f504f59cea798ccf7a72b89fcd269d867e4b544623e,img_13390,candidate-0545,decoded,JPEG
train,original,IMG_13450.jpg,IMG_13450,.jpg,404,303,41094,4a33e6155def86c2dfda2d341ed5861111ee6755f17c9ebccaedd3d6f032f2be,img_13450,candidate-0546,decoded,JPEG
train,original,IMG_13470.jpg,IMG_13470,.jpg,404,303,35793,b4486a2c962b5825a5153606e70e0e23e40a480ae69714515a61aeddd43f8475,img_13470,candidate-0547,decoded,JPEG
train,original,IMG_13470_brightness.jpg,IMG_13470_brightness,.jpg,404,303,73650,c0cb8e52ff58ea105743adab39a7b05ecf0598bfe220d064407190f84114e765,img_13470,candidate-0547,decoded,JPEG
train,original,IMG_13480.jpg,IMG_13480,.jpg,404,303,40321,747cc872058d8746af9ad43d80427665094adc63a307eb359bc9ad27e8fe36bf,img_13480,candidate-0548,decoded,JPEG
train,original,IMG_13490.jpg,IMG_13490,.jpg,404,303,33215,c6774bb5d14b834cb84c6519713876501848902422a50e863f1cb3d64d485552,img_13490,candidate-0549,decoded,JPEG
train,original,IMG_1350.jpg,IMG_1350,.jpg,404,303,42223,5c217a8fcd56a36fef90f868a8a06a21262eb09c56d8c1030f2c6c0f950723cc,img_1350,candidate-0550,decoded,JPEG
train,original,IMG_1351.jpg,IMG_1351,.jpg,404,303,37788,5cac01cc69ec6dacc40b04d78e501963d1d340bae4776dab7290f0fb59d32e82,img_1351,candidate-0551,decoded,JPEG
train,original,IMG_1352.jpg,IMG_1352,.jpg,404,303,37492,4511ebe4b2594ff32e9ae46c95ff15c6fa73f26c876f37255075e48dd53dd8c4,img_1352,candidate-0552,decoded,JPEG
train,original,IMG_1352_brightness.jpg,IMG_1352_brightness,.jpg,404,303,72719,ebaeea604d4851b15df5f03b3e705219b13b50a1dc0b8659441a2cd40a83ca67,img_1352,candidate-0552,decoded,JPEG
train,original,IMG_1352_noise.jpg,IMG_1352_noise,.jpg,404,303,98750,4ea6bcc35075c15d8daad3fe954d4a7494efc90e6884c20d01b26187f8c27f6d,img_1352,candidate-0552,decoded,JPEG
train,original,IMG_1354.jpg,IMG_1354,.jpg,404,303,35981,55f9d538e63bc5bf474ded17bf1dc43a711f21be3e30c4afb02a27a25106eb03,img_1354,candidate-0553,decoded,JPEG
train,original,IMG_1354_brightness.jpg,IMG_1354_brightness,.jpg,404,303,70107,0dd4ed5ec719961058a62c5818ff34c2957cffbd982b32c49ebbd7b7a316a01f,img_1354,candidate-0553,decoded,JPEG
train,original,IMG_13550.jpg,IMG_13550,.jpg,404,303,61305,b544eff5c40e4c9789712fce2f28c70223e53bd7ff0dcb9e161302a677b704ac,img_13550,candidate-0554,decoded,JPEG
train,original,IMG_13560.jpg,IMG_13560,.jpg,404,303,62891,4286ddf6b11aa691426c911d0b8d65f714d8281eec407f0dffb6df7792baa7eb,img_13560,candidate-0555,decoded,JPEG
train,original,IMG_13570.jpg,IMG_13570,.jpg,404,303,60769,03e40653561823c3d5be3811914d2af405ef6e1003451309630a9a90eec24692,img_13570,candidate-0556,decoded,JPEG
train,original,IMG_13580.jpg,IMG_13580,.jpg,404,303,61141,f1abb9458ddbfec5c94adc538128bbb06e3d1cf9a7e1d135b09227d4c31eeaa7,img_13580,candidate-0557,decoded,JPEG
train,original,IMG_13600.jpg,IMG_13600,.jpg,404,303,33953,0a41e6177a153b33b87af83666b4c938031c6fbb47a8a93cba5de6a328d8b7cf,img_13600,candidate-0558,decoded,JPEG
train,original,IMG_13620.jpg,IMG_13620,.jpg,404,303,46890,3b0c201b68086906256b3ed78c687a1e51bbdb8f598faa7b8ae3be61b84a6e2b,img_13620,candidate-0559,decoded,JPEG
train,original,IMG_13630.jpg,IMG_13630,.jpg,404,303,36540,97b852a5b6ea095af02b0786926a768082d8b748990817b2c5b91c62254b3bec,img_13630,candidate-0560,decoded,JPEG
train,original,IMG_13640.jpg,IMG_13640,.jpg,404,303,37483,8643c66eceb06d29ab40c8ef1613a9cc6ba914e32656c3a23a52faf4c957eb90,img_13640,candidate-0561,decoded,JPEG
train,original,IMG_13650_brightness.jpg,IMG_13650_brightness,.jpg,404,303,65273,e6a5314905e8e847927045054f61e67ee7f3d9f61f0c4539d429a3057430ce79,img_13650,candidate-0094,decoded,JPEG
train,original,IMG_13660.jpg,IMG_13660,.jpg,404,303,36744,21482adbe921f631a84e05f64a896b360552ae909fd23beb784019ed191cfb12,img_13660,candidate-0562,decoded,JPEG
train,original,IMG_13670.jpg,IMG_13670,.jpg,404,303,30996,8d67c2d32fad163466b55403fda5e77de9a7d6b33836359f972c29afad57aa5f,img_13670,candidate-0563,decoded,JPEG
train,original,IMG_1369.jpg,IMG_1369,.jpg,404,303,40749,36c3f93d41b649e73f35d9aff3f7e821bcc1f312f679591a035bda63bd6b0d5a,img_1369,candidate-0564,decoded,JPEG
train,original,IMG_13700_brightness.jpg,IMG_13700_brightness,.jpg,404,303,60356,f2bfe596fa02290fc3860090f156b565befbb8e2b4ff12f6edfaf5f59407d392,img_13700,candidate-0565,decoded,JPEG
train,original,IMG_1371.jpg,IMG_1371,.jpg,404,303,53963,ba4482e04eaaa89eacab789778baf0b844e0e94678f09d7c021f78942bb13c79,img_1371,candidate-0566,decoded,JPEG
train,original,IMG_13720.jpg,IMG_13720,.jpg,404,303,31340,ac741d834e7deaada6ebdd9a9680f7e7be46a1a88f6d22dd52c0329f5d04429a,img_13720,candidate-0567,decoded,JPEG
train,original,IMG_13730.jpg,IMG_13730,.jpg,404,303,42590,ccbb6bda4da26989c76cfe14c89e84639b23e8531d2d190632fc31ac4c3e018a,img_13730,candidate-0568,decoded,JPEG
train,original,IMG_13740.jpg,IMG_13740,.jpg,404,303,46985,884e0fd78ea430456e9e40a8c2ec01422f3d6204d8e836514c79146373cf6d64,img_13740,candidate-0569,decoded,JPEG
train,original,IMG_13740_brightness.jpg,IMG_13740_brightness,.jpg,404,303,89875,91671918e3d9692a378c8ef35b376bac98334a37cbd1c121f1585978185df8ac,img_13740,candidate-0569,decoded,JPEG
train,original,IMG_13760.jpg,IMG_13760,.jpg,404,303,53306,49809df4f92fa95f633566e16cdc2461348008c4b7aa565b7b06708d1e3281bd,img_13760,candidate-0570,decoded,JPEG
train,original,IMG_13790.jpg,IMG_13790,.jpg,404,303,38219,fbdd3d59363cf85cfe8b2c67417fb402c866eebfe64553036a144d7bcec11c95,img_13790,candidate-0571,decoded,JPEG
train,original,IMG_13790_brightness.jpg,IMG_13790_brightness,.jpg,404,303,75376,12ea6c3bb6470876634911dd655e64bc6bc3f3570436cbde28b5865a2bf35866,img_13790,candidate-0571,decoded,JPEG
train,original,IMG_1381_brightness.jpg,IMG_1381_brightness,.jpg,404,303,94430,afdcbca3bf597bb0453c3130e9c1e5e4ba23212f78bfb638319b7049f211a8f9,img_1381,candidate-0572,decoded,JPEG
train,original,IMG_1382.jpg,IMG_1382,.jpg,404,303,46454,18c0e078016344bfeb17bcb934b151aec147359fe061c7c149112f0bdc54f69f,img_1382,candidate-0573,decoded,JPEG
train,original,IMG_1382_brightness.jpg,IMG_1382_brightness,.jpg,404,303,89669,3e841c3cc91a26c6d805b2a3287bc1616b489f70248d52d3ab58456c8b710e93,img_1382,candidate-0573,decoded,JPEG
train,original,IMG_13840.jpg,IMG_13840,.jpg,404,303,26133,0f3c7c557f23db0f9416eb30d5e3037cf8907ab5864ce9fe4342d0f6b61fc764,img_13840,candidate-0574,decoded,JPEG
train,original,IMG_13860.jpg,IMG_13860,.jpg,404,303,38128,9bc6e71fa917fdfbebd903c77910e802fabad908b1df77f2b1ae7eb062dcb630,img_13860,candidate-0575,decoded,JPEG
train,original,IMG_1387_brightness.jpg,IMG_1387_brightness,.jpg,404,303,73997,335a34520464519544dc62b39487152bde0ec24feecfb2c6282bda6ff7756dc8,img_1387,candidate-0102,decoded,JPEG
train,original,IMG_1389_brightness.jpg,IMG_1389_brightness,.jpg,404,303,84650,331910dd9e764145747636c1c0dded7b0351b80249c0d4ffe174f83d7b9f0066,img_1389,candidate-0104,decoded,JPEG
train,original,IMG_1389_noise.jpg,IMG_1389_noise,.jpg,404,303,105242,a3e23cbfc08fdd27d52e834723548056527098ae931f6ad431b4208ab1c24ab1,img_1389,candidate-0104,decoded,JPEG
train,original,IMG_1390_noise.jpg,IMG_1390_noise,.jpg,404,303,88044,2f8498aed3030672475415eee0c982909139b7c6c2b9ca64e85967dffcb6ad92,img_1390,candidate-0105,decoded,JPEG
train,original,IMG_13910.jpg,IMG_13910,.jpg,404,303,26681,fcd497ee2b5385261a10e92ca0532d8dc859962532623e31824f7d5a8964d981,img_13910,candidate-0576,decoded,JPEG
train,original,IMG_13930_brightness.jpg,IMG_13930_brightness,.jpg,404,303,69727,b24262e1706243b2e22b96248d22442b204fcd9fe76f598d47d09cc84f1fe0ac,img_13930,candidate-0577,decoded,JPEG
train,original,IMG_13960_brightness.jpg,IMG_13960_brightness,.jpg,404,303,71522,cb428155ca7766a328e8f20e8632cf4871655d99fbffa2754b38548110930b2a,img_13960,candidate-0578,decoded,JPEG
train,original,IMG_1397.jpg,IMG_1397,.jpg,404,303,27663,a63663e62bb7433213736c50def46aba1e8608ddf21ba31ca6bd5d8e7dd7608f,img_1397,candidate-0579,decoded,JPEG
train,original,IMG_1399.jpg,IMG_1399,.jpg,404,303,40189,e379866ba4682024dd18f6603ebd1b6d2b65b8396a3958261000dda807874404,img_1399,candidate-0580,decoded,JPEG
train,original,IMG_14000.jpg,IMG_14000,.jpg,404,303,19795,7b7bf122e4dc364dad4d994a5e70aeecf3094071be5c8de9ffee99bdfcc004dd,img_14000,candidate-0581,decoded,JPEG
train,original,IMG_14020.jpg,IMG_14020,.jpg,404,303,19079,04c88210ba9bc9dd8234fdc347c54b1d93091388f793950a39d09790bc99bab7,img_14020,candidate-0582,decoded,JPEG
train,original,IMG_14040_brightness.jpg,IMG_14040_brightness,.jpg,404,303,51700,f77847afe7bdecb19717a44ef3e146b838367cb0ed82578f87a12622465d26d1,img_14040,candidate-0583,decoded,JPEG
train,original,IMG_1406.jpg,IMG_1406,.jpg,404,303,39791,b315dda5b3558f00ef26b4960baff05241e7e299debf6f6c5ab061aef4535bf3,img_1406,candidate-0584,decoded,JPEG
train,original,IMG_1406_noise.jpg,IMG_1406_noise,.jpg,404,303,100867,4a53df23fe5120c5eb9c0e5d30674b695dd37051a52e147333a200c9e78b727f,img_1406,candidate-0584,decoded,JPEG
train,original,IMG_1407.jpg,IMG_1407,.jpg,404,303,37427,2a84c6b9697cbd5c430a84f9d0dcd1bcc40e2c3eaad41fdd6df3c25efdd8656d,img_1407,candidate-0585,decoded,JPEG
train,original,IMG_1407_brightness.jpg,IMG_1407_brightness,.jpg,404,303,72999,7558a40079d4c7b556394c6141622b6328b3bd5b341c5bcfd5c706b5d9327de4,img_1407,candidate-0585,decoded,JPEG
train,original,IMG_1407_noise.jpg,IMG_1407_noise,.jpg,404,303,99003,55cbb8732b1ba645fb9babf0d47a7ab94e3d1723cbc364f05316fb8ab02a612a,img_1407,candidate-0585,decoded,JPEG
train,original,IMG_14100.jpg,IMG_14100,.jpg,404,303,38151,622ef8befa9866523be10c25fde76605e35b1fd05086d9bc40ae6588b7ce45e3,img_14100,candidate-0586,decoded,JPEG
train,original,IMG_14110.jpg,IMG_14110,.jpg,404,303,38505,9142b03239e8e8e3c744b6ef19960232c79e8db3c95375ae0e9098291fe9eb1a,img_14110,candidate-0587,decoded,JPEG
train,original,IMG_14130.jpg,IMG_14130,.jpg,404,303,42271,1e0249a0a599b8907bab225036ee2d1fb039b13a6c6d19c7034bf95c9b494032,img_14130,candidate-0588,decoded,JPEG
train,original,IMG_1414.jpg,IMG_1414,.jpg,404,303,32257,227814d0bc03b9bf2e9957540b2055213042d7b1831ff6dab888871a92aa561f,img_1414,candidate-0589,decoded,JPEG
train,original,IMG_14150.jpg,IMG_14150,.jpg,404,303,31544,327d7c7c48295765fd0b5d6c3da0e1a41fc41be0e6647e567fd1edf8ba299b76,img_14150,candidate-0590,decoded,JPEG
train,original,IMG_1418.jpg,IMG_1418,.jpg,404,303,33941,4cd73c7adc1d5bde34eafcd008f0e3a48dbd213cbeca019767f4c2231f9eb693,img_1418,candidate-0591,decoded,JPEG
train,original,IMG_1418_brightness.jpg,IMG_1418_brightness,.jpg,404,303,66553,5425875715a024621efa070dcbc55b987495f60bdc79d30a88cfdc69f5dc900b,img_1418,candidate-0591,decoded,JPEG
train,original,IMG_1418_noise.jpg,IMG_1418_noise,.jpg,404,303,94910,7caaaba80058f0778da5b1e6d2881ac5c21554153552778cfe2f8646f0847429,img_1418,candidate-0591,decoded,JPEG
train,original,IMG_1419_brightness.jpg,IMG_1419_brightness,.jpg,404,303,65797,1a0c4f8fbebe799220a437ac998707f4b5ef34d27fec51cfd8f52be4f2144037,img_1419,candidate-0118,decoded,JPEG
train,original,IMG_1420.jpg,IMG_1420,.jpg,404,303,30079,96d25d1ab37f19f96de0f1bbf4411c53cfa82c677ffcfa80331157cd007d6d08,img_1420,candidate-0592,decoded,JPEG
train,original,IMG_1421.jpg,IMG_1421,.jpg,404,303,34618,8725af3a9542345d2cad904eb42da8d7a34358c40c1b21727da297360647bf3f,img_1421,candidate-0593,decoded,JPEG
train,original,IMG_1422.jpg,IMG_1422,.jpg,404,303,45690,90917d38eca1c9564f27399aa51e19dc223ffaf6033e4d6e7730492776f6209c,img_1422,candidate-0594,decoded,JPEG
train,original,IMG_1423.jpg,IMG_1423,.jpg,404,303,45903,0070ea041bdc22eb5e1852e96f60d972a99ede0908c3c6c2725a5693bef603a5,img_1423,candidate-0595,decoded,JPEG
train,original,IMG_14240.jpg,IMG_14240,.jpg,404,303,25359,fac498482962a435aceec10f44b8f0cc62e0443f6304998f555c4ba31b71ed07,img_14240,candidate-0596,decoded,JPEG
train,original,IMG_14250.jpg,IMG_14250,.jpg,404,303,42697,ca9674b45395952f9837d17375a40bf51866009077a15f1e74da05b7e1dde6dc,img_14250,candidate-0597,decoded,JPEG
train,original,IMG_14260.jpg,IMG_14260,.jpg,404,303,44388,128da6e9dfdf8e955549ae81ea4ed36c676b652f345603a37004762fd50a097e,img_14260,candidate-0598,decoded,JPEG
train,original,IMG_14270.jpg,IMG_14270,.jpg,404,303,25691,6127fabbf1a63a23df0784da98065187cab39887cf954ad915ec193d60b2db63,img_14270,candidate-0599,decoded,JPEG
train,original,IMG_14280.jpg,IMG_14280,.jpg,404,303,27665,a10c5b15646b2d11ae9b2dbb0c3bebeba541af17f34f5084ebf13c15c43f6ebb,img_14280,candidate-0600,decoded,JPEG
train,original,IMG_1429.jpg,IMG_1429,.jpg,404,303,42295,800e6ae6646c7cbec9c6c91a12e5de3f65339808e3471491adbf934775e9e2f5,img_1429,candidate-0601,decoded,JPEG
train,original,IMG_14310.jpg,IMG_14310,.jpg,404,303,31885,adff46e5f46a7f967cf1963e3ec0c5254289788a7ca5f5e231b482c678ddaae3,img_14310,candidate-0602,decoded,JPEG
train,original,IMG_1432.jpg,IMG_1432,.jpg,404,303,28612,cc8808fcbf6e4ed31c886165d47672c9ff2be0f8a27188574b63a85ee2fc2dc8,img_1432,candidate-0603,decoded,JPEG
train,original,IMG_14330.jpg,IMG_14330,.jpg,404,303,37181,8fe86e7cfc064edde8cb9deabb7c4eff5cd8e905ec7b0371e4149ef1501e33c8,img_14330,candidate-0604,decoded,JPEG
train,original,IMG_1434.jpg,IMG_1434,.jpg,404,303,28778,76c52714603d0b72ce4bd2763e742d4657a29a5ef8cfda3b8ec4754ea01167c2,img_1434,candidate-0605,decoded,JPEG
train,original,IMG_14350.jpg,IMG_14350,.jpg,404,303,40049,b0fe75b146ecc8811d557e11820baa346251a7667d98ef1e221ca140c70f7eb6,img_14350,candidate-0606,decoded,JPEG
train,original,IMG_14360.jpg,IMG_14360,.jpg,404,303,27105,1bece40704bc6ac63bae16a75b3955b45c691000ed793c4e51353c3270872d65,img_14360,candidate-0607,decoded,JPEG
train,original,IMG_14360_noise.jpg,IMG_14360_noise,.jpg,404,303,93492,929424bd2aaf550ccd8a355311171bc7b2db40380f1c556d3f6a5af6238063c2,img_14360,candidate-0607,decoded,JPEG
train,original,IMG_1437.jpg,IMG_1437,.jpg,404,303,27740,9d18ffef300a00926a8b177de83817245c0b1628629f3937f2bf26aff046469c,img_1437,candidate-0608,decoded,JPEG
train,original,IMG_14380.jpg,IMG_14380,.jpg,404,303,30662,ef7c697b25ab6fdae7dc5e7ba47e665b30df2aa540f53c7e3a0a81e955b03c01,img_14380,candidate-0609,decoded,JPEG
train,original,IMG_14390.jpg,IMG_14390,.jpg,404,303,43572,8d62811a551bcf7b9603dbe9258dce3dc5439026ef05ec1394e5784db8d2fa18,img_14390,candidate-0610,decoded,JPEG
train,original,IMG_1440.jpg,IMG_1440,.jpg,404,303,29443,8f778a45cfff6e641b38c44ad7a8bbe19841d3014c7e50ea93007a55cff1b750,img_1440,candidate-0611,decoded,JPEG
train,original,IMG_14410.jpg,IMG_14410,.jpg,404,303,30592,8151e3088b8859cb21b1486749559ae2ee20aac6a465d4ab1284ae85147f7429,img_14410,candidate-0612,decoded,JPEG
train,original,IMG_14410_brightness.jpg,IMG_14410_brightness,.jpg,404,303,65388,44d59c124d0503a3327f375afb08d62deff8dd7870afc92683af883df4adf541,img_14410,candidate-0612,decoded,JPEG
train,original,IMG_14410_noise.jpg,IMG_14410_noise,.jpg,404,303,95460,f29e041a746068df92902bbef74d557e71b545a717ad0e11bea4207a8ff4b1b7,img_14410,candidate-0612,decoded,JPEG
train,original,IMG_14420_brightness.jpg,IMG_14420_brightness,.jpg,404,303,55146,43c444d9a9286afcaaceb2860ea30a2b0401d523eee5ea7e9b03b7a02b9705d2,img_14420,candidate-0120,decoded,JPEG
train,original,IMG_14420_noise.jpg,IMG_14420_noise,.jpg,404,303,91000,66128a7c5d72b5a595dfe8b7645836ae0ea9221f33e4282cda2e8b5adf528f79,img_14420,candidate-0120,decoded,JPEG
train,original,IMG_14440.jpg,IMG_14440,.jpg,404,303,26354,1590e774dbfbe4cca422ec6e622cea7ed3fab6be9eb18ab56e7f3ab3d6cfcb52,img_14440,candidate-0613,decoded,JPEG
train,original,IMG_1447.jpg,IMG_1447,.jpg,404,303,31842,05f36a3c9459afe441c29a431b2021ed248126496965bce9c3682eda761e0d29,img_1447,candidate-0614,decoded,JPEG
train,original,IMG_1449.jpg,IMG_1449,.jpg,404,303,50891,bebae8862077ed9f36ac3c6609e81687dacc6278b50b0d6926a8fcb67672f932,img_1449,candidate-0615,decoded,JPEG
train,original,IMG_1451.jpg,IMG_1451,.jpg,404,303,29916,ad536ed8546ca0c8e0c75bb7f7d98bb794fc6a98331e41dd0fe8e85f42fedbe9,img_1451,candidate-0616,decoded,JPEG
train,original,IMG_14530.jpg,IMG_14530,.jpg,404,303,32189,5aa9e1af11d1190956d84e18ab7afca0f8e3f3d2af13db7a2798d34087f66daa,img_14530,candidate-0617,decoded,JPEG
train,original,IMG_1454.jpg,IMG_1454,.jpg,404,303,30773,4d0d72a11de6e3bc3d9a5775f2c619cc8bc7a60397a39041189ed8c819e7f896,img_1454,candidate-0618,decoded,JPEG
train,original,IMG_1455.jpg,IMG_1455,.jpg,404,303,54124,9a5960b9924148c38598dd791b3940b398770312161fcb8874e1c903cc502341,img_1455,candidate-0619,decoded,JPEG
train,original,IMG_14550.jpg,IMG_14550,.jpg,404,303,57959,4c5a1d958b8dc3004326675356f52a8ef2443656349f25b250554b026fffed05,img_14550,candidate-0620,decoded,JPEG
train,original,IMG_1457.jpg,IMG_1457,.jpg,404,303,35864,e52e0a054a9d21cfc06cb1539429d07b5597b8fa803d957236cfed9a533f9395,img_1457,candidate-0621,decoded,JPEG
train,original,IMG_1458.jpg,IMG_1458,.jpg,404,303,33111,c7000a3fe2134ba4b1e1ea8230791ce94c5991848611e0d8d98da2f4bacb5113,img_1458,candidate-0622,decoded,JPEG
train,original,IMG_1458_brightness.jpg,IMG_1458_brightness,.jpg,404,303,63470,fc6e2105377c391f1d881a2795e11a090818ec56852639534ad23c600d7cd894,img_1458,candidate-0622,decoded,JPEG
train,original,IMG_1462.jpg,IMG_1462,.jpg,404,303,31423,53eaeae80dfca29e804b1fb016baf3fbb01d428eff1feb7e5b3474c5d2771aba,img_1462,candidate-0623,decoded,JPEG
train,original,IMG_1463.jpg,IMG_1463,.jpg,404,303,32662,9695b369e371e38ac3b039a4b05fca7a189b550721db8ce0d65f68aacc59f2f2,img_1463,candidate-0624,decoded,JPEG
train,original,IMG_14650.jpg,IMG_14650,.jpg,404,303,42037,436ba061dc112dfc7954ba9aa9fcad7449d583ae4ebf12ed49e30ae40e0ab46d,img_14650,candidate-0625,decoded,JPEG
train,original,IMG_1468.jpg,IMG_1468,.jpg,404,303,26761,8f2545df60c3a386cd68b603f7c446027b390b6f7721267c0d68c662e24a87ed,img_1468,candidate-0626,decoded,JPEG
train,original,IMG_1469_brightness.jpg,IMG_1469_brightness,.jpg,404,303,84317,ebd7bfd2ebae2b2410d7a2f4269e5841929c4aea948a068495822faa28d8100d,img_1469,candidate-0130,decoded,JPEG
train,original,IMG_1469_noise.jpg,IMG_1469_noise,.jpg,404,303,104962,03841e3a9ce1ac1b1b0ef3b38330f86a93434911cf9ca6cd4c76c0b7bb1e20c2,img_1469,candidate-0130,decoded,JPEG
train,original,IMG_14710.jpg,IMG_14710,.jpg,404,303,27560,aebd1089725767d3140d0cbf16b9ac6dcc009cdce9f0bd468fba7b6d4a1ef079,img_14710,candidate-0627,decoded,JPEG
train,original,IMG_1472.jpg,IMG_1472,.jpg,404,303,37238,6aa29dc2e5de8aa5977b9322515fffef14abb37e77164965144d8bb0d22a8b13,img_1472,candidate-0628,decoded,JPEG
train,original,IMG_14730.jpg,IMG_14730,.jpg,404,303,36363,0833d28dd468bc045b7c30a67e7503de25e7dde4403b03c0621fbeb2231cd4c6,img_14730,candidate-0629,decoded,JPEG
train,original,IMG_1474.jpg,IMG_1474,.jpg,404,303,36879,3a98a84240fd911e3df72b45329c9df00ad242d178aa3a497db484bffa9cf4c8,img_1474,candidate-0630,decoded,JPEG
train,original,IMG_1476.jpg,IMG_1476,.jpg,404,303,25634,c69d1347974e7d29d2e99b2d290937eba29f254e691de0684d7b82bc8cc7c3a3,img_1476,candidate-0631,decoded,JPEG
train,original,IMG_1477.jpg,IMG_1477,.jpg,404,303,20607,eb099f83ca951355095ded998be5d2afe2c5dcc8ab8c27a5454abbb1497a28ff,img_1477,candidate-0632,decoded,JPEG
train,original,IMG_15621.jpg,IMG_15621,.jpg,369,277,20479,f7947613651d7c3f5c3a1b53fe11427a031be1735f6dcfd92805f54f0f7e9283,img_15621,candidate-0633,decoded,JPEG
train,original,IMG_5384.jpg,IMG_5384,.jpg,404,303,52200,ca9effb79151ab8b7b663cc8d0d05e9c07a6f1cf539ea96a6f1c0b3e18ffde2f,img_5384,candidate-0634,decoded,JPEG
train,original,IMG_5386.jpg,IMG_5386,.jpg,404,303,49940,e2def5745b02830599c406c93c75b47af75b2fa388d71234dc24f08963a15d69,img_5386,candidate-0635,decoded,JPEG
train,original,IMG_5390.jpg,IMG_5390,.jpg,404,303,51000,3fe41ef5617ff3142b429004c4e0b7aa04b8be8c7d2a38580d823c05450af888,img_5390,candidate-0636,decoded,JPEG
train,original,IMG_53910.jpg,IMG_53910,.jpg,404,303,38328,9de745f19efb40b70c53e3da6ba9d7d2f4b12d12ba4491eb09256ad0339c8339,img_53910,candidate-0637,decoded,JPEG
train,original,IMG_5392.jpg,IMG_5392,.jpg,404,303,36820,41eeffbafffb5c5422ed723524716dd02bf1db1965e733ada2ed3f876e4ae853,img_5392,candidate-0638,decoded,JPEG
train,original,IMG_53940.jpg,IMG_53940,.jpg,404,303,48257,a6e39dd99226f3929e20a2f69563721790576df163c817c7170a503b1d95d6f3,img_53940,candidate-0639,decoded,JPEG
train,original,IMG_53960.jpg,IMG_53960,.jpg,404,303,29195,b8d190618fbe4be05b5d5134ac796b5158c94779fd490e40674ec4b3f4be1839,img_53960,candidate-0640,decoded,JPEG
train,original,IMG_53980.jpg,IMG_53980,.jpg,404,303,46512,36c46568f9ba4a4a7cdbe895b49e23fd3d646f1841861c242d225407051b6013,img_53980,candidate-0641,decoded,JPEG
train,original,IMG_53990.jpg,IMG_53990,.jpg,404,303,61518,a3620dba35e11712af8e7248fea75fa8d3c790914fcfdf0521f608ca94d07b3b,img_53990,candidate-0642,decoded,JPEG
train,original,IMG_54000.jpg,IMG_54000,.jpg,404,303,40115,472390fe38b7f9ff15d2454acd4443c22a361f0d541c59816f088d8e6f7eaf4f,img_54000,candidate-0643,decoded,JPEG
train,original,IMG_5401.jpg,IMG_5401,.jpg,404,303,34606,6050eabe56135726ff1cf627a89c281b4157a002f82324e787d4f11af9594583,img_5401,candidate-0644,decoded,JPEG
train,original,IMG_5402.jpg,IMG_5402,.jpg,404,303,31159,a215720e5f0e8e5d0a3544e7b3375f13172e3e6c92d01c0a1f89afae447c2904,img_5402,candidate-0645,decoded,JPEG
train,original,IMG_54030.jpg,IMG_54030,.jpg,404,303,34449,017f1b14da1ae0a0a30fed0c0c545ea951321653263275fa9b487803732d662c,img_54030,candidate-0646,decoded,JPEG
train,original,IMG_5404.jpg,IMG_5404,.jpg,404,303,36944,498b346b713c2eb6377cf1c1a8a1665e3eefd91368efc36504e9aef51d04c2cf,img_5404,candidate-0647,decoded,JPEG
train,original,IMG_5406.jpg,IMG_5406,.jpg,404,303,35528,919084a1eeb50b81bec481cc9cc1078215b607063858fe7661bfc1ed38cbd4f4,img_5406,candidate-0648,decoded,JPEG
train,original,IMG_5407.jpg,IMG_5407,.jpg,404,303,37627,bab1ab1e12128fdbc1494af44279c7e37fd02c180630082bb624653b9365eb8c,img_5407,candidate-0649,decoded,JPEG
train,original,IMG_5408.jpg,IMG_5408,.jpg,404,303,51943,cf33771285c4533013a2529eb7405927b925b88658928a835ea457f7d3cb6799,img_5408,candidate-0650,decoded,JPEG
train,original,IMG_54100.jpg,IMG_54100,.jpg,404,303,35706,5d2984be5e8dbb3311c259e0089025af1475534e6181daf73285c9af3e4024c7,img_54100,candidate-0651,decoded,JPEG
train,original,IMG_54100_brightness.jpg,IMG_54100_brightness,.jpg,404,303,72297,0226ced6e2e4aadd3bedcdbedeeb8a72b7d0344ce14b05650868ea9c6f232ef4,img_54100,candidate-0651,decoded,JPEG
train,original,IMG_54110.jpg,IMG_54110,.jpg,404,303,44939,3b20134406c168f557a5d22fab00ea74c007289e68b5225fe54a4ec54965d489,img_54110,candidate-0652,decoded,JPEG
train,original,IMG_54120.jpg,IMG_54120,.jpg,404,303,31666,811cc7175d965f1a1aa8c8ba7fac1b64ddc0223ae7dc1fcedee70ffa309bf1b8,img_54120,candidate-0653,decoded,JPEG
train,original,IMG_54150.jpg,IMG_54150,.jpg,404,303,45823,58dab10db2088fa1510358bd5031afadf7d63e4fe56b797e2d0540da2d54c7d1,img_54150,candidate-0654,decoded,JPEG
train,original,IMG_54160_noise.jpg,IMG_54160_noise,.jpg,404,303,97171,b178f34a10c3d574a1944f91bf5eaa39e2c21935dfd316c46f5b8279f7b7ab54,img_54160,candidate-0142,decoded,JPEG
train,original,IMG_5417.jpg,IMG_5417,.jpg,404,303,44544,238c3272b4a54ad82c567496822951681b952bb3466c969c6fbdce857e8b719f,img_5417,candidate-0655,decoded,JPEG
train,original,IMG_54190_noise.jpg,IMG_54190_noise,.jpg,404,303,115202,457a765c3d1991cd0d030e49715126a15030241edf6cbc9af04ba28459b3856c,img_54190,candidate-0144,decoded,JPEG
train,original,IMG_54200.jpg,IMG_54200,.jpg,404,303,44989,4682515a1596efd9d25d89ec73ac563402a0c0680207db7b495d2df499b9a9d0,img_54200,candidate-0656,decoded,JPEG
train,original,IMG_54200_brightness.jpg,IMG_54200_brightness,.jpg,404,303,87421,8b3750e3d9d965f3c131831b67b9b8c9874a41f7ebde3e7e6659abe06c056e05,img_54200,candidate-0656,decoded,JPEG
train,original,IMG_54200_noise.jpg,IMG_54200_noise,.jpg,404,303,107766,c355239417e59101d49252d0ee9d92197a733fcf6c083108ab28f1a43add5b4b,img_54200,candidate-0656,decoded,JPEG
train,original,IMG_54210.jpg,IMG_54210,.jpg,404,303,53844,19ebc4cde255193f4ddb19240ee247d21eace729a757d9e90915ef583c7a7e73,img_54210,candidate-0657,decoded,JPEG
train,original,IMG_54220.jpg,IMG_54220,.jpg,404,303,45507,b95606e69f53720035979d26ae1a85deca93473dd414b1cabf04335b6b6998ac,img_54220,candidate-0658,decoded,JPEG
train,original,IMG_54230.jpg,IMG_54230,.jpg,404,303,51114,35bd075a75764ab5db8205d18bd214d882152fca06b0fafe18b34b8a1de08887,img_54230,candidate-0659,decoded,JPEG
train,original,IMG_54240.jpg,IMG_54240,.jpg,404,303,46124,964912a96da3b757b0a3543ec317b550fadbf25900d3329c837a5a214929ec6e,img_54240,candidate-0660,decoded,JPEG
train,original,IMG_5425.jpg,IMG_5425,.jpg,404,303,29679,476074d36c1926ed50efc5bbff34cee280decaf3090fb9c40635345979e0cec0,img_5425,candidate-0661,decoded,JPEG
train,original,IMG_54260.jpg,IMG_54260,.jpg,404,303,65309,18b1a91acbe151690feaa295ad69d970da82553a37d67e489f5dd3a7c3a2845f,img_54260,candidate-0662,decoded,JPEG
train,original,IMG_54270.jpg,IMG_54270,.jpg,404,303,69180,4d5d54d24cd9172135a8b63f5680a91bf16e7ef6cd670ca77bc6565cc5d4c7d4,img_54270,candidate-0663,decoded,JPEG
train,original,IMG_5431.jpg,IMG_5431,.jpg,404,303,47043,9e20f37cb25d945b4b06e1289ef6f0431b9635dfd70de41cabe41bc928998291,img_5431,candidate-0664,decoded,JPEG
train,original,IMG_54320.jpg,IMG_54320,.jpg,404,303,40720,d7ef9c3aed9fa930cd411a06df6bda242ed9dedc2768792014e891508b9b164c,img_54320,candidate-0665,decoded,JPEG
train,original,IMG_54330.jpg,IMG_54330,.jpg,404,303,57674,10ed34af4e5871937cff9ae0f3f407684c495d1aef891f39377913185aa1b483,img_54330,candidate-0666,decoded,JPEG
train,original,IMG_54340.jpg,IMG_54340,.jpg,404,303,34470,2d283cb5ed49c0a2ff4c8b03097996a45a4f13ffbb13c71468f7268a724c005f,img_54340,candidate-0667,decoded,JPEG
train,original,IMG_54360.jpg,IMG_54360,.jpg,404,303,37652,75334962a4cf0335d3c393b611bc88af0b09e55c5f6ce7934a388d52189d39c4,img_54360,candidate-0668,decoded,JPEG
train,original,IMG_54370_brightness.jpg,IMG_54370_brightness,.jpg,404,303,68029,cb62f5343fa9bb6e7adbe97a2ef66f37efb2ef3295e74af23cc02fb96c536486,img_54370,candidate-0149,decoded,JPEG
train,original,IMG_54370_noise.jpg,IMG_54370_noise,.jpg,404,303,98396,6141163e68cd70106a28f2a54dc63b117eaf3bf9e83f7e582f31410b84320f9f,img_54370,candidate-0149,decoded,JPEG
train,original,IMG_54380.jpg,IMG_54380,.jpg,404,303,70837,562f69d4385c89b0139fb51a6343f0b4b3df73830bb02cb0c3464bf3712ac24f,img_54380,candidate-0669,decoded,JPEG
train,original,IMG_5439.jpg,IMG_5439,.jpg,404,303,46987,481579ee16f816896976d4b0aad914b157e9f67c46a2bcf878538551f4935a6c,img_5439,candidate-0670,decoded,JPEG
train,original,IMG_54400.jpg,IMG_54400,.jpg,404,303,55223,4daf04428f39a8971f15516656e5bf2572ebfa962393b94129845fc1057bd2d6,img_54400,candidate-0671,decoded,JPEG
train,original,IMG_5443.jpg,IMG_5443,.jpg,404,303,50554,205eb95c6c7f3cb0b21ebd810a12fa21bc27c8894fcce959ae6e2b61aeb23f47,img_5443,candidate-0672,decoded,JPEG
train,original,IMG_54450_brightness.jpg,IMG_54450_brightness,.jpg,404,303,99555,4477969ee1e7d0cace9c69f75336ce3b1836b608d8e245e0f1876b4ce0860aa4,img_54450,candidate-0152,decoded,JPEG
train,original,IMG_54450_noise.jpg,IMG_54450_noise,.jpg,404,303,114842,112c12c8d604514909ad8acd6eff05333ac5e84cb17002d921c9fc1a7de36ab3,img_54450,candidate-0152,decoded,JPEG
train,original,IMG_54460.jpg,IMG_54460,.jpg,404,303,51890,1780a2be6205c0d8c241d22584fcf264e3da472360ffb36228a593f05eda5479,img_54460,candidate-0673,decoded,JPEG
train,original,IMG_54480.jpg,IMG_54480,.jpg,404,303,49867,508df5fa3171712cf70b0d6a84b4f033b7cf1028e8898528d41f6e5ab47630ab,img_54480,candidate-0674,decoded,JPEG
train,original,IMG_5449.jpg,IMG_5449,.jpg,404,303,51454,00d19cc97cf199ccb05af6bee81995cd07c64fa415245de4118e139f527fc6b9,img_5449,candidate-0675,decoded,JPEG
train,original,IMG_5451.jpg,IMG_5451,.jpg,404,303,44116,7bffdcc9ea4e9feaefdb26ce04f37b87a5b99205b2c7cfc126a5e8f605d100a6,img_5451,candidate-0676,decoded,JPEG
train,original,IMG_5452.jpg,IMG_5452,.jpg,404,303,63159,b0c52e9d9a5708300e0efd14e397503cb43caa08bc17e6a5cfc7b166375dfc06,img_5452,candidate-0677,decoded,JPEG
train,original,IMG_54530.jpg,IMG_54530,.jpg,404,303,44163,26afc71c4c7fb4788e687da3375e67f764edea52728fdde47ecfd389d142d4b8,img_54530,candidate-0678,decoded,JPEG
train,original,IMG_54570.jpg,IMG_54570,.jpg,404,303,42202,8439a6576b94bc1146b07a96bcea173a6ec9b873fbef88ee0238728cf68223e5,img_54570,candidate-0679,decoded,JPEG
train,original,IMG_54580.jpg,IMG_54580,.jpg,404,303,39368,26e6212d9185e3ff44eeccc45c119cf6fd2cee8ef54ab8e1f9d71c0b2fa7ba07,img_54580,candidate-0680,decoded,JPEG
train,original,IMG_54590.jpg,IMG_54590,.jpg,404,303,68959,5db744dab2870a94c809375e2ae72de1bbbabc93582040edc7be43e42b0c9edb,img_54590,candidate-0681,decoded,JPEG
train,original,IMG_54600.jpg,IMG_54600,.jpg,404,303,37172,6f74db839bac642a374439dde3b7f46eb73b98f2282580764d5cd9486a184d30,img_54600,candidate-0682,decoded,JPEG
train,original,IMG_54610.jpg,IMG_54610,.jpg,404,303,43194,e7f3786c35ec788add3008a018a0631b6b93923895c96eb84b458fef2a76edd3,img_54610,candidate-0683,decoded,JPEG
train,original,IMG_54620.jpg,IMG_54620,.jpg,404,303,57401,97af327b7a56753f006c735eadd11891c5b9fa903afa174384da08c826bc212d,img_54620,candidate-0684,decoded,JPEG
train,original,IMG_54630.jpg,IMG_54630,.jpg,404,303,37886,20aa033eb3c664e12589f46abe0833bcf3102f854b4ac50c0d2b8f067cfd02cf,img_54630,candidate-0685,decoded,JPEG
train,original,IMG_5464.jpg,IMG_5464,.jpg,404,303,39396,93897e02cb8aec2b71ffe47ee84d92f68f210e2d6c0f9a99d3d7aca0da3bc73b,img_5464,candidate-0686,decoded,JPEG
train,original,IMG_54650.jpg,IMG_54650,.jpg,404,303,35454,5c24b16ca099e39cad6b679a7450afd14bfe2415e09ab45d61f727ea71dfb23c,img_54650,candidate-0687,decoded,JPEG
train,original,IMG_5471.jpg,IMG_5471,.jpg,404,303,33888,cbfdbe03a4b8198d8337bbb342d1bf0fbfc2a07d7de2a2df9565b4507ba86fe4,img_5471,candidate-0688,decoded,JPEG
train,original,IMG_5473.jpg,IMG_5473,.jpg,404,303,57699,92149521c9c774544b9172d346ba57ceabaaa59bae5f72295e5a9d0a580df793,img_5473,candidate-0689,decoded,JPEG
train,original,IMG_54740.jpg,IMG_54740,.jpg,404,303,45207,29f89b8a088b291680582ec5d4b99e23972043f604d31fd880fe99cb3f01207c,img_54740,candidate-0690,decoded,JPEG
train,original,IMG_5475.jpg,IMG_5475,.jpg,404,303,44519,96de6fc4776a41ca62e165ee563cec2c5df0783064c4c8245333ef836db999b0,img_5475,candidate-0691,decoded,JPEG
train,original,IMG_54760.jpg,IMG_54760,.jpg,404,303,42003,d1e457869af49524fadc987d7b9187de1ed0a6e974ab3a59485031a443097c20,img_54760,candidate-0692,decoded,JPEG
train,original,IMG_54770.jpg,IMG_54770,.jpg,404,303,30286,ded2a0dc2db453885fee6bcc5f237d364f7e4ea2262626b810a146a84cfd667d,img_54770,candidate-0693,decoded,JPEG
train,original,IMG_54780.jpg,IMG_54780,.jpg,404,303,50342,29cdd8ac2e06b85584f1be77d14041c5785444b4f3452ec6d6841850943e98fe,img_54780,candidate-0694,decoded,JPEG
train,original,IMG_54790.jpg,IMG_54790,.jpg,404,303,55821,adffbb4781982292984744377751c227a0bf4f087801a819b0df89d22920710e,img_54790,candidate-0695,decoded,JPEG
train,original,IMG_54810.jpg,IMG_54810,.jpg,404,303,47710,891473de19eb5aafe7d5bada9d9208e77b0e02ebe142842fe70c705ea877ebbe,img_54810,candidate-0696,decoded,JPEG
train,original,IMG_5482.jpg,IMG_5482,.jpg,404,303,41592,dba2d0e6bf06d185d774f41950612d1b91d7cdb11879e36fd3f012973de33e37,img_5482,candidate-0697,decoded,JPEG
train,original,IMG_5483.jpg,IMG_5483,.jpg,404,303,42058,6e9f847159a9f001b719733c1f7c7070e26d79eb70b2317547b1d107b022046f,img_5483,candidate-0698,decoded,JPEG
train,original,IMG_54840.jpg,IMG_54840,.jpg,404,303,44282,92466428681082a858b0c3495f0bcf4737fae6aa88a2c572dc9348b2793c051b,img_54840,candidate-0699,decoded,JPEG
train,original,IMG_5485.jpg,IMG_5485,.jpg,404,303,40330,2e1e1a3da0e46369ce8b2fea5558b22bd1cd0b52a555b937ca92f93ec0005c7e,img_5485,candidate-0700,decoded,JPEG
train,original,IMG_54860.jpg,IMG_54860,.jpg,404,303,58355,64f735cc77e06b6c7b54137425cb90e391630f56d6ada72b04fcacee0be84065,img_54860,candidate-0701,decoded,JPEG
train,original,IMG_54870.jpg,IMG_54870,.jpg,404,303,35576,5cca8b7b4e585c3ed36eb8a109a7258e8a2f3cf963e4bd6ea614b1b217890b09,img_54870,candidate-0702,decoded,JPEG
train,original,IMG_54870_brightness.jpg,IMG_54870_brightness,.jpg,404,303,73446,5cfa6ece21ade7e51bbce86a45068446a2fa016367f45a8a948fdb7c9a551ae0,img_54870,candidate-0702,decoded,JPEG
train,original,IMG_54880.jpg,IMG_54880,.jpg,404,303,51894,550a92f6e50bfb19514b58695ba8b73d724beccfe9c57648e9a17242dcfac98e,img_54880,candidate-0703,decoded,JPEG
train,original,IMG_54890.jpg,IMG_54890,.jpg,404,303,50803,5697ad25214d58e729b4cbc5f388afac71a869cf4a711682cdf5b15b3981c252,img_54890,candidate-0704,decoded,JPEG
train,original,IMG_54900.jpg,IMG_54900,.jpg,404,303,31552,919e785dd4877fa3e07ed23b32ed76905995e02518c88a5bb142bc1cb1857362,img_54900,candidate-0705,decoded,JPEG
train,original,IMG_54930.jpg,IMG_54930,.jpg,404,303,41712,d55c9e99c5530ce622d05516cd64cda97919bcb93072f26c87bc2b9aa9dd043f,img_54930,candidate-0706,decoded,JPEG
train,original,IMG_54950.jpg,IMG_54950,.jpg,404,303,36514,b130ccd7767d4966e92e70070dd757c128d493e3ef52a3a5e0e367eb11523bc1,img_54950,candidate-0707,decoded,JPEG
train,original,IMG_54980.jpg,IMG_54980,.jpg,404,303,50682,ac36eaa5225051448afaeaad37f0c9e435b1e7bf044ef59295738eaa5fd9535b,img_54980,candidate-0708,decoded,JPEG
train,original,IMG_54990.jpg,IMG_54990,.jpg,404,303,52242,01561764504a57b7f33cb2ffe294d8687672d9d027a111f26cbd47a96660bd4f,img_54990,candidate-0709,decoded,JPEG
train,original,IMG_55000.jpg,IMG_55000,.jpg,404,303,45257,ae515633d88272e6a6ea6de32f385fa937b766e26697311ffa2a16be05cc6b83,img_55000,candidate-0710,decoded,JPEG
train,original,IMG_55010.jpg,IMG_55010,.jpg,404,303,45489,125c612300084a1753bac43f4f341662d1988579deb3c9b6af4db93dbae4ff35,img_55010,candidate-0711,decoded,JPEG
train,original,IMG_55020.jpg,IMG_55020,.jpg,404,303,34691,cb0eda2766e2c106f5ad68bd9a0284cfb0d61c01cb53bd696580a109a6a8a0e3,img_55020,candidate-0712,decoded,JPEG
train,original,IMG_55030.jpg,IMG_55030,.jpg,404,303,36361,af0bb9a7be4abdf2f0cd728628c7577baef50e54281af880b1a66edc64b20f10,img_55030,candidate-0713,decoded,JPEG
train,original,IMG_5504.jpg,IMG_5504,.jpg,404,303,50966,da354f6a3819cd0bb6e14c31a2b1f517e37e5101094194bda4064dc001aea9ff,img_5504,candidate-0714,decoded,JPEG
train,original,IMG_55050.jpg,IMG_55050,.jpg,404,303,37437,7ab993c21f9e986c27ecf84c2456c988992308b3da2156c5f059084b7613fed6,img_55050,candidate-0715,decoded,JPEG
train,original,IMG_55070.jpg,IMG_55070,.jpg,404,303,41485,639d1bda8b644d7336aea071cb2da7ded468448ea9572cd6c7e268e452a997c8,img_55070,candidate-0716,decoded,JPEG
train,original,IMG_55080.jpg,IMG_55080,.jpg,404,303,60213,2737d44121b7f80a920389cb03654bda5866cdb767b0bece7f0ad686253cd6ed,img_55080,candidate-0717,decoded,JPEG
train,original,IMG_55090.jpg,IMG_55090,.jpg,404,303,33849,d9d5078ea7f87476783321f4742f24ce0a68251a88f06f5957346e0430894e9a,img_55090,candidate-0718,decoded,JPEG
train,original,IMG_55100.jpg,IMG_55100,.jpg,404,303,39648,b89a23016c8790f471423dcc6ab42d4c67f94582335f010b1a363574cfce932c,img_55100,candidate-0719,decoded,JPEG
train,original,IMG_55110.jpg,IMG_55110,.jpg,404,303,47443,1e151410b46164c65c4d9066b912115b323106681cb59e3a55b2b8b3d0c86f32,img_55110,candidate-0720,decoded,JPEG
train,original,IMG_55130.jpg,IMG_55130,.jpg,404,303,36204,233822ce7bb4cf100b41bb227c43b51715bf79f8ac10cfd80c4c20848fbb73e2,img_55130,candidate-0721,decoded,JPEG
train,original,IMG_55150.jpg,IMG_55150,.jpg,404,303,23535,f6e9679654c48569fd9cc500ec83a48589bf5f2f9b698442590b16f6ff7a42ab,img_55150,candidate-0722,decoded,JPEG
train,original,IMG_5516.jpg,IMG_5516,.jpg,404,303,47654,cc67ce7ef075854ce73cc6680349dffa925617f14f6feee6cf25a2602dd95e86,img_5516,candidate-0723,decoded,JPEG
train,original,IMG_55170.jpg,IMG_55170,.jpg,404,303,24191,b0e42e48a281863ca7781485dc182c52e09667aaff975eb7261efe849a2d244e,img_55170,candidate-0724,decoded,JPEG
train,original,IMG_55180.jpg,IMG_55180,.jpg,404,303,33153,974e44e4dd93fcb85b9e4fcd88e1d75849f1fb4d6f9ee733cf3282735ba98eaf,img_55180,candidate-0725,decoded,JPEG
train,original,IMG_55190.jpg,IMG_55190,.jpg,404,303,73310,7124be408a7ae0d79c360a33fb1d616b459cc1ce35d1e85c59332f6c486aa0e4,img_55190,candidate-0726,decoded,JPEG
train,original,IMG_55200.jpg,IMG_55200,.jpg,404,303,64427,b9d42c6cdb30ace25cb4e38d846a32f3810129deea6cad9dc4844718ab720aa4,img_55200,candidate-0727,decoded,JPEG
train,original,IMG_55220.jpg,IMG_55220,.jpg,404,303,32424,0ac488ec2fc5d92a9d4a2a9fc556255328d19630454a81ef3d0ceeb9b71ed822,img_55220,candidate-0728,decoded,JPEG
train,original,IMG_55240.jpg,IMG_55240,.jpg,404,303,40198,1c57f803ce599517a76865d3b8d529cf8e84d4388299862d28287c7664a35f97,img_55240,candidate-0729,decoded,JPEG
train,original,IMG_55250.jpg,IMG_55250,.jpg,404,303,47246,e58479965b30ab35358e8e62a8e87bb1d0ea57b90500f50529bb379ea132a66a,img_55250,candidate-0730,decoded,JPEG
train,original,IMG_55280.jpg,IMG_55280,.jpg,404,303,48464,6ce854b9f5a0365660a985dcdd745d5e1ba94e25ace265c95d9eefe65a7788d1,img_55280,candidate-0731,decoded,JPEG
train,original,IMG_55290.jpg,IMG_55290,.jpg,404,303,49978,53aaf9e80db6684c282d2ecd4653ffcafc804abc120265ce75aeeb22de3ef75a,img_55290,candidate-0732,decoded,JPEG
train,original,IMG_55290_noise.jpg,IMG_55290_noise,.jpg,404,303,110524,59f43f977f19b971fbe55cd3e58da4f87c59bacb2d53d223a81e9804780d8e5c,img_55290,candidate-0732,decoded,JPEG
train,original,IMG_55300.jpg,IMG_55300,.jpg,404,303,47282,7dc1657431498e1ec3b667a81e21c3b904e9cef2f2f9b1c56ad8cd54018f8e1c,img_55300,candidate-0733,decoded,JPEG
train,original,IMG_55310.jpg,IMG_55310,.jpg,404,303,36821,21beb0fb815e5ef2f1e3668ed377d4ac964373649c269c838d42df71c7e51f3a,img_55310,candidate-0734,decoded,JPEG
train,original,IMG_55350.jpg,IMG_55350,.jpg,404,303,74013,f485ad8543086f6f4e2f79da82deda1a204b9f5ac43142969de8f5c52c6aa908,img_55350,candidate-0735,decoded,JPEG
train,original,IMG_55360.jpg,IMG_55360,.jpg,404,303,65693,b08d3bba18b84bcf6d47b61060a791bbba389429820329d2a3edbda931f2ba4a,img_55360,candidate-0736,decoded,JPEG
train,original,IMG_55370.jpg,IMG_55370,.jpg,404,303,49387,90a5e840fc5bfdcf8c7022676b07999009cbb0aa91d84622a46192a47317cb10,img_55370,candidate-0737,decoded,JPEG
train,original,IMG_55380.jpg,IMG_55380,.jpg,404,303,70450,8fb93d5b846fd2159a77ac84e4e38a19b703d149a341414a1e41ebeecf995d01,img_55380,candidate-0738,decoded,JPEG
train,original,IMG_55390.jpg,IMG_55390,.jpg,404,303,71979,a0c1a760cad837b4f3e51a2c81909d9a8a4b6dbe82182c6e8a1a42dc9c1dc040,img_55390,candidate-0739,decoded,JPEG
train,original,IMG_55400.jpg,IMG_55400,.jpg,404,303,62452,9aab1db083f6dca2241f564cadf9749bee4386e3e4f16d820581462821be5503,img_55400,candidate-0740,decoded,JPEG
train,original,IMG_5541.jpg,IMG_5541,.jpg,404,303,70514,2ee7c41acd92ad188b367958c7e01fb5e4fba4c10b2717680c5bcf33747c9223,img_5541,candidate-0741,decoded,JPEG
train,original,IMG_5542.jpg,IMG_5542,.jpg,404,303,62836,82a9add3db830e822dde77ba4ea8f11dc1452d93a3933f7917a1650d0cfef607,img_5542,candidate-0742,decoded,JPEG
train,original,IMG_5543.jpg,IMG_5543,.jpg,404,303,66720,d52e13014184a4634c1db7c6f7301b50770b1db3c1056a534314b6d3c4c42a89,img_5543,candidate-0743,decoded,JPEG
train,original,IMG_5544.jpg,IMG_5544,.jpg,404,303,62515,23c2a865627f9880f1586fecd432878659820bb00e514e6a52ebff8d7dec5d9a,img_5544,candidate-0744,decoded,JPEG
train,original,IMG_55450.jpg,IMG_55450,.jpg,404,303,71884,291ed7bbaca1054dd3c37df7292dbf62880e0d7f80291023bee7b8bd3fea9ba2,img_55450,candidate-0745,decoded,JPEG
train,original,IMG_55470.jpg,IMG_55470,.jpg,404,303,68122,f3dc34d6c5325bbed94a3fdd1c4e604efd5ba11b8cf43d99498a3c709783ed62,img_55470,candidate-0746,decoded,JPEG
train,original,IMG_55480.jpg,IMG_55480,.jpg,404,303,40738,4a0d8dbdecaf651d2d2ccc47d9afce5a16552a327f46e24a818e2738abad9995,img_55480,candidate-0747,decoded,JPEG
train,original,IMG_55490.jpg,IMG_55490,.jpg,404,303,60119,65d961ad380784460b35a490239ff1b588385625571a67d2f9150333f358bda3,img_55490,candidate-0748,decoded,JPEG
train,original,IMG_55510.jpg,IMG_55510,.jpg,404,303,42099,d13c676d1f44bdad60a7c46ae29fbe109cfd1e493a873598653c1b71158b7ab6,img_55510,candidate-0749,decoded,JPEG
train,original,IMG_55520.jpg,IMG_55520,.jpg,404,303,42465,6193dee4dc1246ab456921795b39be90bc755418baa46da48213326ed0c56daa,img_55520,candidate-0750,decoded,JPEG
train,original,IMG_55530.jpg,IMG_55530,.jpg,404,303,51841,021df44ee32434d6c4e31d8eeada9f9434463a9718e280254fa035247f90265f,img_55530,candidate-0751,decoded,JPEG
train,original,IMG_55560.jpg,IMG_55560,.jpg,404,303,54626,29d763fe65973f16e66ada5d82a3e9423bf0884d0578a381ee3c3c0fe391fa4b,img_55560,candidate-0752,decoded,JPEG
train,original,IMG_55570.jpg,IMG_55570,.jpg,404,303,60925,6110735b8b17c049cf6728f79550f9bc6d211ca5cc3d784268a356c9dd06dc89,img_55570,candidate-0753,decoded,JPEG
train,original,IMG_55580.jpg,IMG_55580,.jpg,404,303,70103,277c4bf49daf1ff2e35bbd259c1a50ab555692e57b741ad06bc4a09bba7be820,img_55580,candidate-0754,decoded,JPEG
train,original,IMG_55590.jpg,IMG_55590,.jpg,404,303,66402,86005239b886724d271c9aecccec60e8994ed72561debdf1e882a4d61917d878,img_55590,candidate-0755,decoded,JPEG
train,original,IMG_55610.jpg,IMG_55610,.jpg,404,303,34256,c12f57149e849a308029e33976ea2219ca978e331b4bba48dacc986c31a8d609,img_55610,candidate-0756,decoded,JPEG
train,original,IMG_55620.jpg,IMG_55620,.jpg,404,303,48760,5d309c0162e2ef483d0b6332eb83bfa94dd916d3d962f8d5de8de6bf6281acb3,img_55620,candidate-0757,decoded,JPEG
train,original,IMG_5564.jpg,IMG_5564,.jpg,404,303,65898,af08d3a482c89ab1727fcd3f0ce93c4d7bc60aaff3390bb5d156a7106975562a,img_5564,candidate-0758,decoded,JPEG
train,original,IMG_55650.jpg,IMG_55650,.jpg,404,303,68863,de89b01fa8a96f03cfdc3786bd422c0241bafc93f23289e238a34f931d5d71e0,img_55650,candidate-0759,decoded,JPEG
train,original,IMG_55660.jpg,IMG_55660,.jpg,404,303,52794,6d6c6f25aa89ad021f8b53d6177d42d9ef8971f6b01b904e8f033d7701b19ac1,img_55660,candidate-0760,decoded,JPEG
train,original,IMG_55670.jpg,IMG_55670,.jpg,404,303,59601,fca511bcdb893df316840154d64ea5f65942a2400cf1ffce6eefc40315eff55e,img_55670,candidate-0761,decoded,JPEG
train,original,IMG_55680.jpg,IMG_55680,.jpg,404,303,59391,6137f36b85ef3d0d97e5553b59f403f8895885c1c1deb3cf27519fe59616ad09,img_55680,candidate-0762,decoded,JPEG
train,original,IMG_55690.jpg,IMG_55690,.jpg,404,303,58376,744ee2d51ab1a8507f743c6921342df28894402bae9b5fff39c600d69731ec08,img_55690,candidate-0763,decoded,JPEG
train,original,IMG_55700.jpg,IMG_55700,.jpg,404,303,47082,a147cdf838f60bd72b41b202f831439e147d4ea0a7a02e4d509c4b1a9c7fce31,img_55700,candidate-0764,decoded,JPEG
train,original,IMG_55710.jpg,IMG_55710,.jpg,404,303,53730,62bd78b80665bbaa78b39a298ece894e237a6b5eba685268fc03fb2996d3215c,img_55710,candidate-0765,decoded,JPEG
train,original,IMG_55720.jpg,IMG_55720,.jpg,404,303,56231,20f107f0db255a866609f2aca8fee80ef4a9913a6474eb3a5e0bdc9638b2a790,img_55720,candidate-0766,decoded,JPEG
train,original,IMG_55740.jpg,IMG_55740,.jpg,404,303,55909,8feb99864b18cbea946bbd32a63f0808ddf3cd4d9e194d84c2f871c43d7cf5aa,img_55740,candidate-0767,decoded,JPEG
train,original,IMG_55750.jpg,IMG_55750,.jpg,404,303,75041,f520b8b00469fd7bb0ac2ba06f1be8236b4243866f5183c36a16d71cdf129a63,img_55750,candidate-0768,decoded,JPEG
train,original,IMG_55760.jpg,IMG_55760,.jpg,404,303,49485,9a08056cca78490aeecd2320e15f76b46a7402971cf524365ee34852c8b70a80,img_55760,candidate-0769,decoded,JPEG
train,original,IMG_55770.jpg,IMG_55770,.jpg,404,303,78754,ba86d0e5a8bbf3e26a7fea70193835221dcb57a75624b494b6d5a50c4a5b5f84,img_55770,candidate-0770,decoded,JPEG
train,original,IMG_55780.jpg,IMG_55780,.jpg,404,303,75172,759cb7ccc7b1f76ec584fe19a78f2ca2fdecc562e64cc76503d8f60c78476859,img_55780,candidate-0771,decoded,JPEG
train,original,IMG_55790.jpg,IMG_55790,.jpg,404,303,73440,6f6661a5c68d4f13470bd492b226d1ffad930424da463df0c6b217d1f67022cb,img_55790,candidate-0772,decoded,JPEG
train,original,IMG_55810.jpg,IMG_55810,.jpg,404,303,67886,1395ec77632b58d8cfb5404bdd3bc4835a314f97489dbe66175cc6807869c196,img_55810,candidate-0773,decoded,JPEG
train,original,IMG_55820.jpg,IMG_55820,.jpg,404,303,36414,7d676a3bfac9f10b8ba46941293b5ec224377478f7098dc64c2f06d2c7b3d389,img_55820,candidate-0774,decoded,JPEG
train,original,IMG_55830.jpg,IMG_55830,.jpg,404,303,71677,e73515378ac02599ce0c3d3be67e90e45c956e2f5e129827c88922607a0a11fa,img_55830,candidate-0775,decoded,JPEG
train,original,IMG_55840.jpg,IMG_55840,.jpg,404,303,66824,6a73214d0edd4126c3bfd1d8e79a277991b89f637285af4b30a881c2fb3822fa,img_55840,candidate-0776,decoded,JPEG
train,original,IMG_55850.jpg,IMG_55850,.jpg,404,303,67225,a834926fcca9fa8e6edf46fb1dca0c59e273512910bdb874f01a829287255173,img_55850,candidate-0777,decoded,JPEG
train,original,IMG_5586.jpg,IMG_5586,.jpg,404,303,53384,d08ca4f939ae46551dc6df5d85ace88339d9a93413a13e42027e03ae6d4bd25f,img_5586,candidate-0778,decoded,JPEG
train,original,IMG_55900.jpg,IMG_55900,.jpg,404,303,59513,ae0b8d5dd490b10eee6e406dcd8afce843d3b4726cce37d06c7dbe1143875570,img_55900,candidate-0779,decoded,JPEG
train,original,IMG_55900_brightness.jpg,IMG_55900_brightness,.jpg,404,303,103708,5ab041a269ae86f9d5135d190e099723fa2f0b8bcefacf957da2d19ec87d4099,img_55900,candidate-0779,decoded,JPEG
train,original,IMG_55900_noise.jpg,IMG_55900_noise,.jpg,404,303,118605,6c33b15061ed8ac01ee4a5ecacb5ae0e8591a371d47c9bb6bb6ac5a1a246b777,img_55900,candidate-0779,decoded,JPEG
train,original,IMG_55910_brightness.jpg,IMG_55910_brightness,.jpg,404,303,116466,10d7f7bfd15cb33b017dc77c53e1b02dc165940b1e780df9ff43cbeff0dd2478,img_55910,candidate-0163,decoded,JPEG
train,original,IMG_55910_noise.jpg,IMG_55910_noise,.jpg,404,303,127371,2b2e24f58dc94597dc12852953bede89ee649c0f082ba656b0d5c95f0f184dfb,img_55910,candidate-0163,decoded,JPEG
train,original,IMG_55920.jpg,IMG_55920,.jpg,404,303,61214,3824713c6ed1fba94d97e8c59b1288680f6361632d01994b0a4de09b864f9319,img_55920,candidate-0780,decoded,JPEG
train,original,IMG_55920_brightness.jpg,IMG_55920_brightness,.jpg,404,303,106144,7b9ea5d49191329c75f3c1120714bd02a7795eaf3953eaa12beba0456dcf7d5d,img_55920,candidate-0780,decoded,JPEG
train,original,IMG_55920_noise.jpg,IMG_55920_noise,.jpg,404,303,121292,4d8f0f3147d0d06af3a177d4cbcd0065ca8d563bee7ee70ec86e0738d7fe1bd2,img_55920,candidate-0780,decoded,JPEG
train,original,IMG_55930.jpg,IMG_55930,.jpg,404,303,43045,8fb30f476c3f6f90a2fbcbfbdb4c43dcf9497b4a44b7ef0ac4c3076cfed42283,img_55930,candidate-0781,decoded,JPEG
train,original,IMG_55930_brightness.jpg,IMG_55930_brightness,.jpg,404,303,85854,9c6f0baf48ead32f71ae4585dab8c486615c2c23b7d618421f7c691e79b8c155,img_55930,candidate-0781,decoded,JPEG
train,original,IMG_55940.jpg,IMG_55940,.jpg,404,303,53300,a8c6b2736c2909f86542537984995b79a7528ec4f3c465c4903c598db4e9c569,img_55940,candidate-0782,decoded,JPEG
train,original,IMG_55950.jpg,IMG_55950,.jpg,404,303,63600,31fbe5c1e6fe391d0568742636547405e332052b7abaa259c84157d246f51142,img_55950,candidate-0783,decoded,JPEG
train,original,IMG_55960.jpg,IMG_55960,.jpg,404,303,60587,45a6f756f39ef6aa72e68eeef1b029e508b046a7b718f1fee265bc73e5f9aa55,img_55960,candidate-0784,decoded,JPEG
train,original,IMG_55970.jpg,IMG_55970,.jpg,404,303,60558,cf0bf38ce58ac727490d47bb3600581b54e16b3c02a592557520ebaf11b17bca,img_55970,candidate-0785,decoded,JPEG
train,original,IMG_55970_brightness.jpg,IMG_55970_brightness,.jpg,404,303,105828,a88c112468d45fc1e7fb8c08e6dc9327c0d9fda236d45497d4c24018a7c83e10,img_55970,candidate-0785,decoded,JPEG
train,original,IMG_55990.jpg,IMG_55990,.jpg,404,303,70535,db201e647de872dd3cc873a9125d7b5dfb9c76a779bfe36ebd79f5c6efeb388e,img_55990,candidate-0786,decoded,JPEG
train,original,IMG_56000.jpg,IMG_56000,.jpg,404,303,49951,6f3d6c6dd997b0276f4c9932f042fbb28c505ceec36402f3cd9f7949de40f2e9,img_56000,candidate-0787,decoded,JPEG
train,original,IMG_56010.jpg,IMG_56010,.jpg,404,303,34692,4050c0ca1b81c876067a054230244d35924534f5555e6c9ad38823030c436167,img_56010,candidate-0788,decoded,JPEG
train,original,IMG_56020.jpg,IMG_56020,.jpg,404,303,40749,05aac897a531f26e998af83466553a6ae08e2e0f069653ad7858ecb5c3845fb2,img_56020,candidate-0789,decoded,JPEG
train,original,IMG_56020_brightness.jpg,IMG_56020_brightness,.jpg,404,303,76121,daf144ae10af2580d302a6d2173fdf3ad09ff8edf8d3e5ab96fd5d33774537ef,img_56020,candidate-0789,decoded,JPEG
train,original,IMG_5603.jpg,IMG_5603,.jpg,404,303,42508,56c985c4febc1c5556a4aa408f36728e0397d98752aa50a8fbb0e4658dbeb306,img_5603,candidate-0790,decoded,JPEG
train,original,IMG_56040.jpg,IMG_56040,.jpg,404,303,47107,91df6c6db08178e49d1d2ec2c971028d42a1d9b2d92545c4f9cbeb44ff6132fa,img_56040,candidate-0791,decoded,JPEG
train,original,IMG_5607.jpg,IMG_5607,.jpg,404,303,57111,407f00ae866ce2f49c25d8543e1eb4c5824fddb6dbd26c6eb2b84dad385a6b46,img_5607,candidate-0792,decoded,JPEG
train,original,IMG_56080.jpg,IMG_56080,.jpg,404,303,63082,8c8877099ff30a27b9e6b954285c2ba401a08d659b59ced7e76aef0fab98696b,img_56080,candidate-0793,decoded,JPEG
train,original,IMG_56090.jpg,IMG_56090,.jpg,404,303,66838,18c1b4e8a1bc1a4fa42bd6456c30676a9fc356c9d4866ad6697707c5bd2b9539,img_56090,candidate-0794,decoded,JPEG
train,original,IMG_56120.jpg,IMG_56120,.jpg,404,303,74619,91f0a1af5cc1aee9161e5d906b9ed1952aced5d23a6878f5b03cecd0ffc66c77,img_56120,candidate-0795,decoded,JPEG
train,original,IMG_5615.jpg,IMG_5615,.jpg,404,303,16201,2fb970e6d96938034aa0250d060ffe4770c110841ed7260e761b4fbd14c3fb79,img_5615,candidate-0796,decoded,JPEG
train,original,IMG_56160.jpg,IMG_56160,.jpg,404,303,43598,08fdb87b99d06af2b7f61179f4ac6e51aeaeab7db62adcf41d166ef683d19a31,img_56160,candidate-0797,decoded,JPEG
train,original,IMG_56170.jpg,IMG_56170,.jpg,404,303,52664,6b6133850c198bdd336983fd2ec9023cba27577bfb2b8b2f6eedce45f86c78d2,img_56170,candidate-0798,decoded,JPEG
train,original,IMG_56180.jpg,IMG_56180,.jpg,404,303,54435,084a0dbf140825751e8156012fc83dc8a477fad05641d5328efdf9fde018b398,img_56180,candidate-0799,decoded,JPEG
train,original,IMG_56190.jpg,IMG_56190,.jpg,404,303,41872,3073410b4ca5a61ef47fe38ffea6b88b07fd793c97ec0ecd977824bd5ef9b2a7,img_56190,candidate-0800,decoded,JPEG
train,original,IMG_56210.jpg,IMG_56210,.jpg,404,303,42295,26eca34fc84966a245818a5345ac5243707c7169c2baf218e3a4567b98154d28,img_56210,candidate-0801,decoded,JPEG
train,original,IMG_56230.jpg,IMG_56230,.jpg,404,303,60009,3feb0adcbbbcb8c5eef0d6f9759d709a154a8076ae368c2d8e3293ceb757712a,img_56230,candidate-0802,decoded,JPEG
train,original,IMG_56240.jpg,IMG_56240,.jpg,404,303,59069,0ca9f77a7c48efd0f2bf7462e074d67edc557274cce5739c99dc5708b8c0c4ce,img_56240,candidate-0803,decoded,JPEG
train,original,IMG_5625.jpg,IMG_5625,.jpg,404,303,47041,6e819190da22f0558d0bb0303fc6ad991de33975742d7c21ff6baf6f7b5feaf3,img_5625,candidate-0804,decoded,JPEG
train,original,IMG_56260.jpg,IMG_56260,.jpg,404,303,30135,c3b005d164cf30a4856caeeea7bf945d9894aa82fb247a73cfd54387d9cd4374,img_56260,candidate-0805,decoded,JPEG
train,original,IMG_5627.jpg,IMG_5627,.jpg,404,303,45734,0d6c9091ac324daaf91934e0aee5ece48656179e2951fa98e80de78129af44aa,img_5627,candidate-0806,decoded,JPEG
train,original,IMG_56280.jpg,IMG_56280,.jpg,404,303,65762,157067205702432ad28d98dc6b15c5104f79c65e6a9fa2abc35867626152ae28,img_56280,candidate-0807,decoded,JPEG
train,original,IMG_56290.jpg,IMG_56290,.jpg,404,303,61709,8ce0ee814b654acbd8a27373d21a85523fedfd0d35f96b68780c5961f7b6df0c,img_56290,candidate-0808,decoded,JPEG
train,original,IMG_56320.jpg,IMG_56320,.jpg,404,303,53664,eb62805589f0014e65fc3bfc75527c131e77d53d729ef272443ce4bad7e12cd9,img_56320,candidate-0809,decoded,JPEG
train,original,IMG_5633.jpg,IMG_5633,.jpg,404,303,49758,64d7ff8ffe91fd8787e0892f932c6a07d48e956fd1e76cc0d64d5e2e2b0b5f0c,img_5633,candidate-0810,decoded,JPEG
train,original,IMG_56340.jpg,IMG_56340,.jpg,404,303,42471,569f3814be0f8203617b5406c3884ca236db0280afe56b2b86aa8392fcd75c08,img_56340,candidate-0811,decoded,JPEG
train,original,IMG_56350.jpg,IMG_56350,.jpg,404,303,55934,5005f0fae4a98f315fa3a0818c6910343898178460445d531c44e18e0aaa02c7,img_56350,candidate-0812,decoded,JPEG
train,original,IMG_56360.jpg,IMG_56360,.jpg,404,303,59642,9412010252e920b81156138e5a14043772c5b2c010b190fdb345a203f32bb78a,img_56360,candidate-0813,decoded,JPEG
train,original,IMG_56360_brightness.jpg,IMG_56360_brightness,.jpg,404,303,105869,0d706e8a5d3fb194b43141cf7cc701dd6dc4b1e25e22b95f78b7273ef40cf981,img_56360,candidate-0813,decoded,JPEG
train,original,IMG_56370.jpg,IMG_56370,.jpg,404,303,53836,3d512a3182ab091b91f6a3faed8413e9326c3b9e66a7e02f1de336ee89ce0850,img_56370,candidate-0814,decoded,JPEG
train,original,IMG_56380.jpg,IMG_56380,.jpg,404,303,51354,53d19f43a872ac0612ebb3e58369c2db75fc332bf9cadb8dca49baaa4048a0e8,img_56380,candidate-0815,decoded,JPEG
train,original,IMG_56390.jpg,IMG_56390,.jpg,404,303,44522,18db0d23ceb63427f3f71fc4904abefde6f0cab634ae833c55f7ca2de2344034,img_56390,candidate-0816,decoded,JPEG
train,original,IMG_56410.jpg,IMG_56410,.jpg,404,303,54314,54156634f2a9c08d6d23cecd06840e58adf2e8744eae97448d6496efe5523ee3,img_56410,candidate-0817,decoded,JPEG
train,original,IMG_5642.jpg,IMG_5642,.jpg,404,303,54041,7bacffcf6482f390fbb780e84ed2ccd36c58f07166388547a3e7a9e2bd95bbb4,img_5642,candidate-0818,decoded,JPEG
train,original,IMG_56430.jpg,IMG_56430,.jpg,404,303,56852,a8065700b9422baeb2468f02e5686dd8f716ebeaf54741881f3961db26e98c14,img_56430,candidate-0819,decoded,JPEG
train,original,IMG_6760.jpg,IMG_6760,.jpg,369,277,54408,36c70935f89378dc8eb8d46d612b011fc11af10e41302ea416fabf5162b9c76a,img_6760,candidate-0820,decoded,JPEG
train,original,IMG_6761.jpg,IMG_6761,.jpg,369,277,53798,dd84c5b728af43a365508dba8e20208a5dcd034291f22a6169c1c1c0d69698c0,img_6761,candidate-0821,decoded,JPEG
train,original,IMG_6762.jpg,IMG_6762,.jpg,369,277,53054,33eb8f36606dfb0c05d68e5c9ad55fb16549a64ebe49ff95dccf1e13b4be5f55,img_6762,candidate-0822,decoded,JPEG
train,original,IMG_6763.jpg,IMG_6763,.jpg,369,277,54644,3b169068f3450fafa4b2ceca932beb4066550f407a9fb5b652143efb11396ccf,img_6763,candidate-0823,decoded,JPEG
train,original,IMG_6764.jpg,IMG_6764,.jpg,369,277,52040,5816c7a2f9edd2db22908bd0e475b8068c4ee82494c1e25dcc141ce9914681b4,img_6764,candidate-0824,decoded,JPEG
train,original,IMG_6765.jpg,IMG_6765,.jpg,369,277,61560,bc11f10926b2f0679495fe28a1a976b57de52c05a4c03488f2cf2f8763d1ab78,img_6765,candidate-0825,decoded,JPEG
train,original,IMG_6770.jpg,IMG_6770,.jpg,369,277,54750,f081d8f96d7ccb95ccad3143014cbaf4f9fb8000f65ed0f6db30d8494a0d2f0a,img_6770,candidate-0826,decoded,JPEG
train,original,IMG_6773.jpg,IMG_6773,.jpg,369,277,56991,34439f4c6364a5404a73d661da881c7f98913f09e546e727c770acbf8cd60ed7,img_6773,candidate-0827,decoded,JPEG
train,original,IMG_6775.jpg,IMG_6775,.jpg,369,277,57869,cd1763c3218ee41f79ef9c16bcbd776f7fa157c4540ef646308fe007f4eb82ec,img_6775,candidate-0828,decoded,JPEG
train,original,IMG_6776.jpg,IMG_6776,.jpg,369,277,52843,c69788465383c76c75d8bbbd43313087593d9b50bf15b972cdc8fe050e2c3205,img_6776,candidate-0829,decoded,JPEG
train,original,IMG_6777.jpg,IMG_6777,.jpg,369,277,58334,cc76f4991fff604433af00db0a43abb3aca67cec15379ca703e7c58303bf9467,img_6777,candidate-0830,decoded,JPEG
train,original,IMG_6783.jpg,IMG_6783,.jpg,369,277,43144,0e7124208507ecc04db66d075201db47d6ae99d6e7721f7ad3c32848494b6e8a,img_6783,candidate-0831,decoded,JPEG
train,original,IMG_6785.jpg,IMG_6785,.jpg,369,277,50249,a4de10f9250baa28ae68367369ab1500aa544fd1d2735680dab0f098404cb8a0,img_6785,candidate-0832,decoded,JPEG
train,original,IMG_6786.jpg,IMG_6786,.jpg,369,277,48807,53dcf5c1759de6fdd785f4bfdbac062507dc0a63ff1dec957130def971d5f014,img_6786,candidate-0833,decoded,JPEG
train,original,IMG_6788.jpg,IMG_6788,.jpg,369,277,56157,864a3b17d2d4a4c17bab4e65fc32cc344913cbf3688f9359eb49065e91610f17,img_6788,candidate-0834,decoded,JPEG
train,original,IMG_6789.jpg,IMG_6789,.jpg,369,277,51786,78c1052f26eb26ac77d3df714a0892de35d9a3a01613547b063c8c8950bdf210,img_6789,candidate-0835,decoded,JPEG
train,original,IMG_6790.jpg,IMG_6790,.jpg,369,277,47958,07ab44c1079dd38164d7cc522192fa22ce3e3839e6a75a0375b12e0edb111587,img_6790,candidate-0836,decoded,JPEG
train,original,IMG_6791.jpg,IMG_6791,.jpg,369,277,50984,4acd902492d7364f6d42221409809bffb3729f440db7684422f5be62c2e8f11f,img_6791,candidate-0837,decoded,JPEG
train,original,IMG_6792.jpg,IMG_6792,.jpg,369,277,54139,73d287427e954d1fa0b1085a48a3c83960ff397892ddcae58ba4a66971105367,img_6792,candidate-0838,decoded,JPEG
train,original,IMG_6793.jpg,IMG_6793,.jpg,369,277,51535,85f8ee8e8f0b53a84bd76fbd219685e8c3d25f7b765b83255989859f9fa4ceb6,img_6793,candidate-0839,decoded,JPEG
train,original,IMG_6794.jpg,IMG_6794,.jpg,369,277,54036,5f3a3af975f6e6817d4c145a178dd2ec89bf0948c4997780ad0e4552990ac6eb,img_6794,candidate-0840,decoded,JPEG
train,original,IMG_6795.jpg,IMG_6795,.jpg,369,277,48169,c8fbbc34e9e84b30f2c30ab7d860c41bcbfe3badacd06fab53eb460a1299a811,img_6795,candidate-0841,decoded,JPEG
train,original,IMG_6796.jpg,IMG_6796,.jpg,369,277,43067,1912ff300b806fadb409cb45c5720d0dace418037fbe6ea09c65ca6c7da56d90,img_6796,candidate-0842,decoded,JPEG
train,original,IMG_6797.jpg,IMG_6797,.jpg,369,277,49611,e5129456dc3f43b3eb8aaa617631263bb5b331cc892949b974ef450efdc67a7f,img_6797,candidate-0843,decoded,JPEG
train,original,IMG_6798.jpg,IMG_6798,.jpg,369,277,50358,84f8c2a61a825cbd1ba78e2146170749a90131e71b034e08176ef9b0cb7ae074,img_6798,candidate-0844,decoded,JPEG
train,original,IMG_6802.jpg,IMG_6802,.jpg,369,277,48391,027e49a10bb9304c947b6812539308386b6e606bf855ef540849e4bd3f992b59,img_6802,candidate-0845,decoded,JPEG
train,original,IMG_6805.jpg,IMG_6805,.jpg,369,277,48760,f6ac79f440da9bf9201c6b43a5818265d344299638edcdf015e22d25353cfc37,img_6805,candidate-0846,decoded,JPEG
train,original,IMG_6808.jpg,IMG_6808,.jpg,369,277,45018,0c627e84dd59101dbbc6a30d4e765cfcbc063ebd47c9cda10746807506fe08cc,img_6808,candidate-0847,decoded,JPEG
train,original,IMG_6810.jpg,IMG_6810,.jpg,369,277,46305,529ddb20f65ad70c8393651aa8e2540b93669dd6b036d4f034b8db9b5560025e,img_6810,candidate-0848,decoded,JPEG
train,original,IMG_6811.jpg,IMG_6811,.jpg,369,277,45336,62747fcf8ad922e7406907b348172f4af3c0f6b69ffd2da99542e73b2f687513,img_6811,candidate-0849,decoded,JPEG
train,original,IMG_6813.jpg,IMG_6813,.jpg,369,277,42788,1f8f6e32c7f5b19db6149fe1fcda24d3f818d0224ad0406035dccee6fbe1e40e,img_6813,candidate-0850,decoded,JPEG
train,original,IMG_6814.jpg,IMG_6814,.jpg,369,277,43762,2ad0eae84824075870542db9662f89b0c9d72ff974cf67f17996f143d363c1ab,img_6814,candidate-0851,decoded,JPEG
train,original,IMG_6817.jpg,IMG_6817,.jpg,369,277,40937,35babdd36fbc9051a7212775dc640ab99770a2ce8bc6fb08177cbb2235fa8622,img_6817,candidate-0852,decoded,JPEG
train,original,IMG_6818.jpg,IMG_6818,.jpg,369,277,42179,854b0d43c8d04796a996966895660be8fc5343b874fcfaca6ca8757cf8f34963,img_6818,candidate-0853,decoded,JPEG
train,original,IMG_6820.jpg,IMG_6820,.jpg,369,277,32949,ddb4317120513411be19763dc3665be9ecf4b09f50f2bd261df857fe25bd036d,img_6820,candidate-0854,decoded,JPEG
train,original,IMG_6822.jpg,IMG_6822,.jpg,369,277,44861,f34679113c64be117ca378611397ddcd49af8549dea36f357a0d1353b49d6a7e,img_6822,candidate-0855,decoded,JPEG
train,original,IMG_6823.jpg,IMG_6823,.jpg,369,277,42104,3697cf724e9cb79b2e65c2185979610a1f80e95bd8fc4b44c6b507fe461598e0,img_6823,candidate-0856,decoded,JPEG
train,original,IMG_6824.jpg,IMG_6824,.jpg,369,277,45253,b4f13b5e4747574b293a01f488a6687aa972d6a17b0c99988ec8868237bc1380,img_6824,candidate-0857,decoded,JPEG
train,original,IMG_6825.jpg,IMG_6825,.jpg,369,277,41388,cfebe2d92845222a931dd54e36b76a49ea2b3dc0e821b9233860145a998b1728,img_6825,candidate-0858,decoded,JPEG
train,original,IMG_6828.jpg,IMG_6828,.jpg,369,277,38873,70157a5341c74b28fa604d2b33f15d77139c6bebe9e27884d8f3b337b8b25c2e,img_6828,candidate-0859,decoded,JPEG
train,original,IMG_6830.jpg,IMG_6830,.jpg,369,277,47471,f25bba49121363eb878c0e71451efe48f5897f79b2aa09960c95ea1c6188d3df,img_6830,candidate-0860,decoded,JPEG
train,original,IMG_6831.jpg,IMG_6831,.jpg,369,277,41905,cf28b6f0d86d177b913a44346da3ee004832f087f4786e653117bf69cecbfddd,img_6831,candidate-0861,decoded,JPEG
train,original,IMG_6832.jpg,IMG_6832,.jpg,369,277,52011,81399fcdcff9afa4dc8d4ae5d18a890ca17f1aec5f4645dff9f1b23e025636fa,img_6832,candidate-0862,decoded,JPEG
train,original,IMG_6834.jpg,IMG_6834,.jpg,369,277,38452,8547e9b9ad4f523461e2a629b5a73431ee34994e27cfe85d25e502608ee1ab51,img_6834,candidate-0863,decoded,JPEG
train,original,IMG_6835.jpg,IMG_6835,.jpg,369,277,39691,e6ba8c17c7b8cdbc703adecdeffe26e9fc55b1f90cc9cda556f2ef422eab7252,img_6835,candidate-0864,decoded,JPEG
train,original,IMG_6836.jpg,IMG_6836,.jpg,369,277,41879,00c654024104ac6f560feaf802f567b6f5a09fe143716015a349e1dd2417a800,img_6836,candidate-0865,decoded,JPEG
train,original,IMG_6837.jpg,IMG_6837,.jpg,369,277,41349,f042e00798d366766ab3f850c6b20bce2282a65f59db088f2f8d2e4f54dc0281,img_6837,candidate-0866,decoded,JPEG
train,original,IMG_6838.jpg,IMG_6838,.jpg,369,277,34049,7cf2fc62096ef0cc6d5dca0bc5b5e7c13cc020e7f923423a51588f52c5823351,img_6838,candidate-0867,decoded,JPEG
train,original,IMG_6840.jpg,IMG_6840,.jpg,369,277,28831,33128b8143750a579b878081ac33a07490d79a56746dcbc099d3ff98722ec6bb,img_6840,candidate-0868,decoded,JPEG
train,original,IMG_6842.jpg,IMG_6842,.jpg,369,277,54581,ea760ac6f50c6c49775ba897c5dfab138720acfa98c977b05a9a40daa575765d,img_6842,candidate-0869,decoded,JPEG
train,original,IMG_6843.jpg,IMG_6843,.jpg,369,277,58514,2e32f84bf1080daf0d47fc14dd4a28de42c7c737bc45ed2879d815641bc25b00,img_6843,candidate-0870,decoded,JPEG
train,original,IMG_6845.jpg,IMG_6845,.jpg,369,277,59385,88398193f6d15acd1ed89058d5d85af06ed1318d85a4224ecd9c730294fc7fc1,img_6845,candidate-0871,decoded,JPEG
train,original,IMG_6846.jpg,IMG_6846,.jpg,369,277,49847,8ed4949090615d4d0725cb300c625008e49deb83479dc068eade38b8690b59d1,img_6846,candidate-0872,decoded,JPEG
train,original,IMG_6847.jpg,IMG_6847,.jpg,369,277,56852,72041672af07fbb10e6d672bea6c9b093c9979996f686ec51a6b40d6b369db22,img_6847,candidate-0873,decoded,JPEG
train,original,IMG_6848.jpg,IMG_6848,.jpg,369,277,55534,89dfd670962c7120769423ea7dda4cbe90849ca0b7e88f3718e3339b801f2bf4,img_6848,candidate-0874,decoded,JPEG
train,original,IMG_6849.jpg,IMG_6849,.jpg,369,277,50927,52600c7205d3297fb6a25f668c042748247927f947f84d751f3ee38ebcb9a26d,img_6849,candidate-0875,decoded,JPEG
train,original,IMG_6850.jpg,IMG_6850,.jpg,369,277,54594,f273acd07ef4bcca4bfd7d1fc523d665e46dd0932d6da0b30233747fab7ecb47,img_6850,candidate-0876,decoded,JPEG
train,original,IMG_6851.jpg,IMG_6851,.jpg,369,277,49144,5a2cd122ad90301219d3c5a47deb1fb81b1a37f1c1f54b2fb22b66937d97c5c3,img_6851,candidate-0877,decoded,JPEG
train,original,IMG_6854.jpg,IMG_6854,.jpg,369,277,47101,82a414aa49a194ab77b1c195634c62ec36e3d258dc730210844491f39e6fcd90,img_6854,candidate-0878,decoded,JPEG
train,original,IMG_6856.jpg,IMG_6856,.jpg,369,277,48675,6e7dd6535184b2232c573a8467a78998a49487d21fa36ef8aa179ca4104713cf,img_6856,candidate-0879,decoded,JPEG
train,original,IMG_6858.jpg,IMG_6858,.jpg,369,277,44790,3dd76fd7ca5a6f365470c188c6b8a82964849d4f9fb004651b68c1f0fe0125ba,img_6858,candidate-0880,decoded,JPEG
train,original,IMG_6860.jpg,IMG_6860,.jpg,369,277,48274,c013c604083aadac2e69e17fc81fd0f61d453abbd9f78cc53bd76cc5be7669dc,img_6860,candidate-0881,decoded,JPEG
train,original,IMG_6862.jpg,IMG_6862,.jpg,369,277,45820,66eff1fc4280be25a9223d8aa33a73c3bb0f4377ad85aaba7f01faa3d2a7e4f3,img_6862,candidate-0882,decoded,JPEG
train,original,IMG_6863.jpg,IMG_6863,.jpg,369,277,43906,9bcd0e2b50441c5b64ad07e57bbaff27e521bece99c29e92a36253be053efc9d,img_6863,candidate-0883,decoded,JPEG
train,original,IMG_6864.jpg,IMG_6864,.jpg,369,277,44291,eb940842b2013a826be5a6d4d66ae95d2774743e3920cea4f573ee4bbaf847d5,img_6864,candidate-0884,decoded,JPEG
train,original,IMG_6865.jpg,IMG_6865,.jpg,369,277,39274,dc9013568e7cb6de2d70efa762ccde60690734308e85d6287d8dddfba8a60231,img_6865,candidate-0885,decoded,JPEG
train,original,IMG_6866.jpg,IMG_6866,.jpg,369,277,38051,1c78fbcb6c4721395286692a2dead922e04876d4f7aa1a0d36fe82b106be65f1,img_6866,candidate-0886,decoded,JPEG
train,original,IMG_6867.jpg,IMG_6867,.jpg,369,277,42606,464812c2f78945323b4688d3a3b3d0dfabe4758dd1b036ded20bae07511593dc,img_6867,candidate-0887,decoded,JPEG
train,original,IMG_6870.jpg,IMG_6870,.jpg,369,277,43510,5a649da28ebead30e21249fd3b60988aee2a052cdc823e8e6d6821bded4612f1,img_6870,candidate-0888,decoded,JPEG
train,original,IMG_6871.jpg,IMG_6871,.jpg,369,277,39794,223ebf046cd0b882cb21ecb2e6fa891c6a130c646e873d65fe44898486b2e449,img_6871,candidate-0889,decoded,JPEG
train,original,IMG_6872.jpg,IMG_6872,.jpg,369,277,46942,5a4a9c562582248acaec338daa153af14f05695c37ae8384ff1db5109e4ace0f,img_6872,candidate-0890,decoded,JPEG
train,original,IMG_6874.jpg,IMG_6874,.jpg,369,277,54267,dfa54deeee7ce872a76383452ca5ccdfae314391c52608645306d9cbdb9d2c5c,img_6874,candidate-0891,decoded,JPEG
train,original,IMG_6875.jpg,IMG_6875,.jpg,369,277,45145,304fd3a07b9f869aff41240e0cb8d05a34fd0e5867f748220574d3827171a72b,img_6875,candidate-0892,decoded,JPEG
train,original,IMG_6876.jpg,IMG_6876,.jpg,369,277,36351,a26f779e03444987da97dede7734f7506e64568c966e6fb7ef64506f14a7ea6d,img_6876,candidate-0893,decoded,JPEG
train,original,IMG_6877.jpg,IMG_6877,.jpg,369,277,40007,5e54e16efdc92091ac9f1e4dd6db1f53df211e71961f485d82124612b64f238f,img_6877,candidate-0894,decoded,JPEG
train,original,IMG_6878.jpg,IMG_6878,.jpg,369,277,35168,608ba70862d9846fc940b6e3851c8f8f6b27466f1c5864fb3d1cd54cea6ee99a,img_6878,candidate-0895,decoded,JPEG
train,original,IMG_6880.jpg,IMG_6880,.jpg,369,277,43171,5b453c22403d5e1364e807d8105c76baa727f6176fd10b3fb4f77d50285b41c3,img_6880,candidate-0896,decoded,JPEG
train,original,IMG_6881.jpg,IMG_6881,.jpg,369,277,30378,a0a0845a0ed80248b313d9060186a25cf96df0ffdabe126e78cadc5f4ed37d70,img_6881,candidate-0897,decoded,JPEG
train,original,IMG_6884.jpg,IMG_6884,.jpg,369,277,43667,c8121905b929826ad11eed0ab7ea3256499a151f50029161c5ea6014340e7ff7,img_6884,candidate-0898,decoded,JPEG
train,original,IMG_6886.jpg,IMG_6886,.jpg,369,277,45597,35ead1060e16fa2351f6ad34ec490bd03f87b2ffa93d2224a44ace04bad9e88c,img_6886,candidate-0899,decoded,JPEG
train,original,IMG_6887.jpg,IMG_6887,.jpg,369,277,47546,7b523fdf72417007b989bf7ab47dc8a7965fe1648dce12a87e0112eb5e488935,img_6887,candidate-0900,decoded,JPEG
train,original,IMG_6888.jpg,IMG_6888,.jpg,369,277,46385,b91a9ebc0ced95da126d14a86b0d0a5293b140782227bb8dcff2640fb1b7fcda,img_6888,candidate-0901,decoded,JPEG
train,original,IMG_6889.jpg,IMG_6889,.jpg,369,277,44330,d53a490b353c2faa87417e228e95c82c917353a6a246ed59808080555778b424,img_6889,candidate-0902,decoded,JPEG
train,original,IMG_6890.jpg,IMG_6890,.jpg,369,277,38380,761b25e69b464bc6261779cd4eb9450391b281cebe1dadd5072c22bd0cd846a3,img_6890,candidate-0903,decoded,JPEG
train,original,IMG_6891.jpg,IMG_6891,.jpg,369,277,42730,d78cfda185d19533ce517e3bd6b7ecf8e2db051af1629a0e25ed6f0cf5f0fe46,img_6891,candidate-0904,decoded,JPEG
train,original,IMG_6892.jpg,IMG_6892,.jpg,369,277,40295,fe5d184a071184dfd8f6ef65b9c95489920b5c8b9e6d687578d6694d28cee1f9,img_6892,candidate-0905,decoded,JPEG
train,original,IMG_6893.jpg,IMG_6893,.jpg,369,277,50959,17fb0ce6901ec67aa2238fa138242b302f1fe1dfa139aa43615f4e1a3b32db0d,img_6893,candidate-0906,decoded,JPEG
train,original,IMG_6894.jpg,IMG_6894,.jpg,369,277,51505,5baf028d900200b0e2b57bb83ce685b7bbabc438a1d89eb7b3a862eb8615f241,img_6894,candidate-0907,decoded,JPEG
train,original,IMG_6896.jpg,IMG_6896,.jpg,369,277,48713,49195dbbe124ac40d3bb98a8634b148536508c8278782bd897d025e6be322e55,img_6896,candidate-0908,decoded,JPEG
train,original,IMG_6898.jpg,IMG_6898,.jpg,369,277,31046,736be3a3f0fe9d2ffbd6d3170244ce0bdf02683b0cf27ded7e331a8927ea6aab,img_6898,candidate-0909,decoded,JPEG
train,original,IMG_6899.jpg,IMG_6899,.jpg,369,277,41170,d6eeecfdfaeeb3277feb7987a44f13483c79280ea2902083894d01849c5cdfca,img_6899,candidate-0910,decoded,JPEG
train,original,IMG_6900.jpg,IMG_6900,.jpg,369,277,49258,b0bef9968b2dd8719c8d5665940129f7bad1163c47bb8c0ff393fdee03d05d00,img_6900,candidate-0911,decoded,JPEG
train,original,IMG_6901.jpg,IMG_6901,.jpg,369,277,51761,a6c2f1832a9e24507d08d3945122507bb313dc23d1dc59639171502fffe54516,img_6901,candidate-0912,decoded,JPEG
train,original,IMG_6902.jpg,IMG_6902,.jpg,369,277,57223,455362a2b4857acc63bb4898090fb31e931d3ca3410c60e88de5591c7224e9ed,img_6902,candidate-0913,decoded,JPEG
train,original,IMG_6903.jpg,IMG_6903,.jpg,369,277,47941,b95f540a009ebd85344b772582846833f29fb4261152f5616da0b39283f2af10,img_6903,candidate-0914,decoded,JPEG
train,original,IMG_6904.jpg,IMG_6904,.jpg,369,277,48007,b14c3fe60b77886cc17793fd2d9d4ad978be3ac9893af4ef69fde9417792995c,img_6904,candidate-0915,decoded,JPEG
train,original,IMG_6905.jpg,IMG_6905,.jpg,369,277,41404,3218e30f7acc9cbd587e1c538040de76fce87b06cc61a60d4d02df20fb5ee603,img_6905,candidate-0916,decoded,JPEG
train,original,IMG_6906.jpg,IMG_6906,.jpg,369,277,48905,56db21637f792437d89706da190812160aba08f0a74eabf475fbd8689a9ea3b1,img_6906,candidate-0917,decoded,JPEG
train,original,IMG_6907.jpg,IMG_6907,.jpg,369,277,53830,7058b76ac9b09adb6abf4d983928ea003391a82d49b9a4e28891cf161b674aaf,img_6907,candidate-0918,decoded,JPEG
train,original,IMG_6908.jpg,IMG_6908,.jpg,369,277,55439,028d88aa915163a4480e4c17414d1d1d77f9966cfa250d1a340a22d6b86e6888,img_6908,candidate-0919,decoded,JPEG
train,original,IMG_6909.jpg,IMG_6909,.jpg,369,277,36311,8af0a9dfe83b687169fd0f398005c2ebbc38bf0f11ffa80a60b4d7ed3ca61106,img_6909,candidate-0920,decoded,JPEG
train,original,IMG_6910.jpg,IMG_6910,.jpg,369,277,49565,4c1713efce4df8eeb03fc825d85aafbda558ff6b2fa89cdc593fac909e38dace,img_6910,candidate-0921,decoded,JPEG
train,original,IMG_6911.jpg,IMG_6911,.jpg,369,277,44938,cd86c56d01c819f6c2e20b57e1f233041b0640be948ffd292fac4d3e40413576,img_6911,candidate-0922,decoded,JPEG
train,original,IMG_6912.jpg,IMG_6912,.jpg,369,277,44353,2e4e4e245bd131767b48ec9235a45781d9dd833d2529f62886e02f29c67c2833,img_6912,candidate-0923,decoded,JPEG
train,original,IMG_6913.jpg,IMG_6913,.jpg,369,277,45076,237ba33f41297f728d174d684507443c68ce5c9e75f351213a0167310129b6a6,img_6913,candidate-0924,decoded,JPEG
train,original,IMG_6914.jpg,IMG_6914,.jpg,369,277,46003,cf5de5bcb0d98ff1dd3e562c3e9bcdd1191af7fdf500356d46b49bb5c159daee,img_6914,candidate-0925,decoded,JPEG
train,original,IMG_6915.jpg,IMG_6915,.jpg,369,277,51280,8c475b464ef0fb0fa9584e206b821acc80ab7005ded97d59f05c68c65cf306f2,img_6915,candidate-0926,decoded,JPEG
train,original,IMG_6916.jpg,IMG_6916,.jpg,369,277,48738,da0d3fb87f809eded21fe8ce6199cb751d85ca277ad200d180f28f085c01ef59,img_6916,candidate-0927,decoded,JPEG
train,original,IMG_6917.jpg,IMG_6917,.jpg,369,277,46892,a5e002f96badc6da6f870516d96c710cb7ea202bd00755de52b3569a558d1685,img_6917,candidate-0928,decoded,JPEG
train,original,IMG_6918.jpg,IMG_6918,.jpg,369,277,46481,a547b075a9e6505b80ed1b7aec2894b3f6664cd98ff5f28f6b850b3b8b2c81b3,img_6918,candidate-0929,decoded,JPEG
train,original,IMG_6921.jpg,IMG_6921,.jpg,369,277,58400,db04f6f04aeaa98bd90af75eca6af5fc8607ed0d38bd72ff69081d7c0052d2a2,img_6921,candidate-0930,decoded,JPEG
train,original,IMG_6922.jpg,IMG_6922,.jpg,369,277,57139,5c546b4db83735c85d6fa10017ef62ea9cffaad1fb8be02234886edfbb962078,img_6922,candidate-0931,decoded,JPEG
train,original,IMG_6923.jpg,IMG_6923,.jpg,369,277,38815,f0f9ed95769fbdd3dae8bd65564ec2aeb755c5e99daa593d05368deb23e6583c,img_6923,candidate-0932,decoded,JPEG
train,original,IMG_6924.jpg,IMG_6924,.jpg,369,277,42269,5f827fc344a62e0c55b3ea68d989af26267941b8aad592e43aab880ab1e8829d,img_6924,candidate-0933,decoded,JPEG
train,original,IMG_6925.jpg,IMG_6925,.jpg,369,277,42899,54515b7036dd8161ea63353b0d376de10672f0a522981649483985e708b91f3a,img_6925,candidate-0934,decoded,JPEG
train,original,IMG_6926.jpg,IMG_6926,.jpg,369,277,48225,bcfee33c5e3e42275a7b6410923b465d6619aa685bfae80298f4fed7fbacfd4f,img_6926,candidate-0935,decoded,JPEG
train,original,IMG_6927.jpg,IMG_6927,.jpg,369,277,48700,16b5f365df83f20be61d41c2a70014fa777a55476e4ae94150f4c640fabf120e,img_6927,candidate-0936,decoded,JPEG
train,original,IMG_6928.jpg,IMG_6928,.jpg,369,277,42740,3fb51774943d9a4aee8667cd2df3046327c4e6281c9d86c983e75f6e0e5f4478,img_6928,candidate-0937,decoded,JPEG
train,original,IMG_6929.jpg,IMG_6929,.jpg,369,277,42279,e9a3cb64f9a219ade58833dc9b47141f42e6e83a1f642362f35e52c05a5586ff,img_6929,candidate-0938,decoded,JPEG
train,original,IMG_6930.jpg,IMG_6930,.jpg,369,277,41154,eef23c848d72b12b19e8237c3a7935c0711f8f3b715b86c2e9ebfe5efcda6598,img_6930,candidate-0939,decoded,JPEG
train,original,IMG_6931.jpg,IMG_6931,.jpg,369,277,44616,428031ddbb0c923fe8426cb88f371b2bd6216d5d61db38a4a7259c4dfb72bbd1,img_6931,candidate-0940,decoded,JPEG
train,original,IMG_6932.jpg,IMG_6932,.jpg,369,277,44711,aba0c3b38f70a588b8a63929b736a9675ac8928b00b8bee7a48e5fe43bbd2df1,img_6932,candidate-0941,decoded,JPEG
train,original,IMG_6933.jpg,IMG_6933,.jpg,369,277,50336,7a3b075e1f8a17e0bfbe55ecebd845135b88ff7cfebde44534c3d0c0669c1ee6,img_6933,candidate-0942,decoded,JPEG
train,original,IMG_6934.jpg,IMG_6934,.jpg,369,277,46426,eba0ee07bd1f7231ab4b45c286a959384a75ff684d1389bd84a674085b8ee2a1,img_6934,candidate-0943,decoded,JPEG
train,original,IMG_6935.jpg,IMG_6935,.jpg,369,277,45808,a97cfdff2ad5ed39ff9a3e8aa2b041d44156d151a33ff6af74bc304cb8550da2,img_6935,candidate-0944,decoded,JPEG
train,original,IMG_6936.jpg,IMG_6936,.jpg,369,277,48479,dd61513b3cc220faa3003f61bad7664740c9e09d2292cc4d6c73b31741e5c65b,img_6936,candidate-0945,decoded,JPEG
train,original,IMG_6937.jpg,IMG_6937,.jpg,369,277,45206,ffa8ce838380445e98d6ce97059f210ee142c7412d9932d7c3ab5c0837109a2c,img_6937,candidate-0946,decoded,JPEG
train,original,IMG_6939.jpg,IMG_6939,.jpg,369,277,47911,4338f001959b2bcb9f2f12453dca6e8aa22225c6b63d643fb838c15009d09157,img_6939,candidate-0947,decoded,JPEG
train,original,IMG_6940.jpg,IMG_6940,.jpg,369,277,38347,ab2876321bcff1ec1734a06b432fa4f10760f38d22bc80b4393c312d2b81ed17,img_6940,candidate-0948,decoded,JPEG
train,original,IMG_6942.jpg,IMG_6942,.jpg,369,277,35638,9e26a919f95cae54805695d07726df83e65c1700ff52211d3b2cdb52c33c6cd3,img_6942,candidate-0949,decoded,JPEG
train,original,IMG_6943.jpg,IMG_6943,.jpg,369,277,48171,134d4005ce7c204433561e9e2f1c5043ec0c157b3b8c3dc6ff2a725a794c8de0,img_6943,candidate-0950,decoded,JPEG
train,original,IMG_6946.jpg,IMG_6946,.jpg,369,277,34633,7113b42347a6179b50cd0be93db28e20ae0ede2755859f976444bda168e505dd,img_6946,candidate-0951,decoded,JPEG
train,original,IMG_6948.jpg,IMG_6948,.jpg,369,277,48285,ee420644d1296006e7e045f586b34f888ad3aa8d4109adeff85ede8706127afe,img_6948,candidate-0952,decoded,JPEG
train,original,IMG_6950.jpg,IMG_6950,.jpg,369,277,38287,ac700feec7b9ba0ba037e94e46f4e6e6c50889d79835348045bdf18635d1c243,img_6950,candidate-0953,decoded,JPEG
train,original,IMG_6951.jpg,IMG_6951,.jpg,369,277,49362,013e11dd56aa425704fdeda901cb62f63246a44d00835748ae609ec032935669,img_6951,candidate-0954,decoded,JPEG
train,original,IMG_6953.jpg,IMG_6953,.jpg,369,277,34896,76d3a891aaffe7e1d05e826d0522ae5661927878b93f32452854d9b4000d0b75,img_6953,candidate-0955,decoded,JPEG
train,original,IMG_6954.jpg,IMG_6954,.jpg,369,277,48350,4dbf05e769ddd7fb08af707bc419cb4262040e4444d38de1944442a5b6c57f28,img_6954,candidate-0956,decoded,JPEG
train,original,IMG_6955.jpg,IMG_6955,.jpg,369,277,52373,61984268ff2760620692f9a9f02f2555912381a7aa9e5d46391cbe440b7d2886,img_6955,candidate-0957,decoded,JPEG
train,original,IMG_6956.jpg,IMG_6956,.jpg,369,277,41839,eea51008ce747d85bab180549427d9b047ee244fab673665aa6663ecbc33f431,img_6956,candidate-0958,decoded,JPEG
train,original,IMG_6958.jpg,IMG_6958,.jpg,369,277,47695,15f488a7e06fb4aca2c1def074167bb499ee26a24f8c4cfeb6d398c86d70f8ce,img_6958,candidate-0959,decoded,JPEG
train,original,IMG_6959.jpg,IMG_6959,.jpg,369,277,46640,91f0318049288d594ee5ee0edaa189effb0eadb0c0c54387d87cddf78c349f95,img_6959,candidate-0960,decoded,JPEG
train,original,IMG_6961.jpg,IMG_6961,.jpg,369,277,49044,ef77001dc63b2d651a3d0d44d94a705b231bc119544996edb91d99661f88fb41,img_6961,candidate-0961,decoded,JPEG
train,original,IMG_6962.jpg,IMG_6962,.jpg,369,277,40065,f2acd4429638bf44d28e536027f2ac8937b48eb842bd7d9b667b27bbd7b09a4f,img_6962,candidate-0962,decoded,JPEG
train,original,IMG_6963.jpg,IMG_6963,.jpg,369,277,36788,38d0b059e8e4d5f221af9bc4d08d7041655471c564e8af41070fcbf8a40a6c6b,img_6963,candidate-0963,decoded,JPEG
train,original,IMG_6964.jpg,IMG_6964,.jpg,369,277,35224,fe166e917dbf8c96f6a64a0257c8fab27f4a56e777d3450291c19020e3e02ac6,img_6964,candidate-0964,decoded,JPEG
train,original,IMG_6965.jpg,IMG_6965,.jpg,369,277,43470,2b94ca5575cec1ec1bab83a2baca3490919b5f47f5137fd18f36b7a97427268d,img_6965,candidate-0965,decoded,JPEG
train,original,IMG_6968.jpg,IMG_6968,.jpg,369,277,55842,2f909581a8719d0f0b7058c370104171ae753c592bb8a0ed2dccd20a65034fa1,img_6968,candidate-0966,decoded,JPEG
train,original,IMG_6969.jpg,IMG_6969,.jpg,369,277,47157,54372341988456ca97b1469f4500ae1496740d8f9fed7773ee4e3027e53bfc94,img_6969,candidate-0967,decoded,JPEG
train,original,IMG_6970.jpg,IMG_6970,.jpg,369,277,48511,bc123c3908b59db0237f8199e04721ecf5ca949b908b41775927dc736b74881e,img_6970,candidate-0968,decoded,JPEG
train,original,IMG_6971.jpg,IMG_6971,.jpg,369,277,48444,4462aa6b07e766beb8ad69df8958a80ac23605bf7ce0ee350a9fcf35c00d4c90,img_6971,candidate-0969,decoded,JPEG
train,original,IMG_6972.jpg,IMG_6972,.jpg,369,277,50525,cc54c619454681d305dd881423882c750bb0abbc8cf5ed77fdaf889a56e0d5f9,img_6972,candidate-0970,decoded,JPEG
train,original,IMG_6973.jpg,IMG_6973,.jpg,369,277,54969,9ad39b10d7c9cd710b12d1514088f13b41f8ee4b5496eeb86a98aede1b67036a,img_6973,candidate-0971,decoded,JPEG
train,original,IMG_6974.jpg,IMG_6974,.jpg,369,277,50412,f343663bab7a3a53179683cf9c9a5f619bf64a42236a54ef0a1ddb18aff5387b,img_6974,candidate-0972,decoded,JPEG
train,original,IMG_6983.jpg,IMG_6983,.jpg,369,277,44180,14407e7831aa3497d5e7faf6d16047c6dff587f5cfbf9c0fe9c96183bed5defa,img_6983,candidate-0973,decoded,JPEG
train,original,IMG_6984.jpg,IMG_6984,.jpg,369,277,45314,0d3b24c046b8b0c35c7b35abdedaa400cdfe57a1e081b50fd50831a60e1dfa3f,img_6984,candidate-0974,decoded,JPEG
train,original,IMG_6985.jpg,IMG_6985,.jpg,369,277,43129,ccdb738fddf5402ef15a57e7fc95b9cd2c30af35b251e3b56f9daac2045cea4c,img_6985,candidate-0975,decoded,JPEG
train,original,IMG_6987.jpg,IMG_6987,.jpg,369,277,41289,d539e52c4e7b7aa413d008db5a9df9d9af4114fba6320e1e689b5f8b3f149dfe,img_6987,candidate-0976,decoded,JPEG
train,original,IMG_6988.jpg,IMG_6988,.jpg,369,277,48514,b0dbd2e8a659161d0e4ade1ffc35a0092064cb925901924cf2ab7e8c83436b74,img_6988,candidate-0977,decoded,JPEG
train,original,IMG_6990.jpg,IMG_6990,.jpg,369,277,44133,eabf0215ca7a7b9f7a261e5fc2b3f07dcf829623f24278ffcd8e753f43609d2a,img_6990,candidate-0978,decoded,JPEG
train,original,IMG_6992.jpg,IMG_6992,.jpg,369,277,39866,fea56f9b957176f3c5d25d050d22f0f64979b6d8b042150379f1df606f6942c1,img_6992,candidate-0979,decoded,JPEG
train,original,IMG_6994.jpg,IMG_6994,.jpg,369,277,34220,15fd13f4a738dc833d61a0bd7883f8f0756bbf5e36da77399b8fb217a0bd2670,img_6994,candidate-0980,decoded,JPEG
train,original,IMG_6995.jpg,IMG_6995,.jpg,369,277,37316,5cdbc44bfc163803d2812525e8f4370a7fc88a18f0aa77812152824c9f9feaa1,img_6995,candidate-0981,decoded,JPEG
train,original,IMG_6997.jpg,IMG_6997,.jpg,369,277,39641,32f2d25eefc807b33b9cb42238a2ce08f9e8a64dbb7493746efdf197b8103ee1,img_6997,candidate-0982,decoded,JPEG
train,original,IMG_6999.jpg,IMG_6999,.jpg,369,277,45370,0414b45973651692b0eaaaf5844428992884dddbdb37df875cd3464c831ab41b,img_6999,candidate-0983,decoded,JPEG
train,original,IMG_7001.jpg,IMG_7001,.jpg,369,277,46914,a1aec0a07475bbe5d8f92a7329771bd5e88cd82e54dbbf40291f1f3cadd9fea2,img_7001,candidate-0984,decoded,JPEG
train,original,IMG_7003.jpg,IMG_7003,.jpg,369,277,51472,422ea3b6c63657e931e74e8290160daec66879609869aadbf82d691c583b7448,img_7003,candidate-0985,decoded,JPEG
train,original,IMG_7004.jpg,IMG_7004,.jpg,369,277,40302,2845f156d6b3ed005b641c43525ede547458457cf7e596e4d044541f8f4d4726,img_7004,candidate-0986,decoded,JPEG
train,original,IMG_7007.jpg,IMG_7007,.jpg,369,277,45320,1657bb3e7f3036796a9e5ca52642f17801e44903fae61cede6f282fe3967a419,img_7007,candidate-0987,decoded,JPEG
train,original,IMG_7009.jpg,IMG_7009,.jpg,369,277,34585,c06a8c9fcbf64ab1dc83586a315cca6b93514b3269189fc6f8d76cd7f2037398,img_7009,candidate-0988,decoded,JPEG
train,original,IMG_7010.jpg,IMG_7010,.jpg,369,277,38901,f6e39361314fa9ea6a27e695d8aaa9ccecd8dfb159f7b3a12d1b72c767066923,img_7010,candidate-0989,decoded,JPEG
train,original,IMG_7012.jpg,IMG_7012,.jpg,369,277,39150,7d595b058430e35a88e148d3deacaecb47e0ee0954d3e4cc17c267fcdfe717d8,img_7012,candidate-0990,decoded,JPEG
train,original,IMG_7015.jpg,IMG_7015,.jpg,369,277,35059,2dd4849a957d123c547fc4644334eff5e3d05432ba71cf1f8b6c80fc3ccc2a4d,img_7015,candidate-0991,decoded,JPEG
train,original,IMG_7017.jpg,IMG_7017,.jpg,369,277,41587,7bf5bae6557daabd5ee1a5f3b7b30aac91815ee77e68772076cd2b3149aa9bd4,img_7017,candidate-0992,decoded,JPEG
train,original,IMG_7018.jpg,IMG_7018,.jpg,369,277,40417,5c53b78c60a06914c315786ddd431088764418da8fc535c35239e0be648401a4,img_7018,candidate-0993,decoded,JPEG
train,original,IMG_7019.jpg,IMG_7019,.jpg,369,277,41624,98d2038bc9ab50fb26caffaa1f98ae18f827a5c7865180039a727b5e9105ce1f,img_7019,candidate-0994,decoded,JPEG
train,original,IMG_7021.jpg,IMG_7021,.jpg,369,277,37936,ad110c9214353225a5719a636da3c96a9332d79b3d0c1b50cfa5f360aa902bd4,img_7021,candidate-0995,decoded,JPEG
train,original,IMG_7022.jpg,IMG_7022,.jpg,369,277,37740,3c81aed067f21f19ccafbb6130ee098c353841217a799624592e18da59c393c6,img_7022,candidate-0996,decoded,JPEG
train,original,IMG_7023.jpg,IMG_7023,.jpg,369,277,41524,947ea360c672cd946837634493051bc0d004b4fc1c8b37eec2cd8fdaac362f39,img_7023,candidate-0997,decoded,JPEG
train,original,IMG_7024.jpg,IMG_7024,.jpg,369,277,41323,029a3642c39123416019c8d6336f54598e182e72fe2b852d47d436c0bcadbafa,img_7024,candidate-0998,decoded,JPEG
train,original,IMG_7025.jpg,IMG_7025,.jpg,369,277,38595,7f6de09622a190fee460dfd8a82381710228628a854733636a4ce424efb2b566,img_7025,candidate-0999,decoded,JPEG
train,original,IMG_7027.jpg,IMG_7027,.jpg,369,277,42458,5efc7a65d5d2cd6058e101aa7f9bed3a772b923c172c407c4db682a1b54541b8,img_7027,candidate-1000,decoded,JPEG
train,original,IMG_7028.jpg,IMG_7028,.jpg,369,277,42216,16f84916b697c9b84a57364231bb71543a0531c870f1b07766f11f60269f4ffd,img_7028,candidate-1001,decoded,JPEG
train,original,IMG_7030.jpg,IMG_7030,.jpg,369,277,32754,73d3e6c945ccf7a340139d3a12cc138ab0db74c0eb91ed42ccefd130b343c2fb,img_7030,candidate-1002,decoded,JPEG
train,original,IMG_7031.jpg,IMG_7031,.jpg,369,277,40707,fcffa76008be5bd660a369f5984ba3f8102f44f07baf8802d65b1bd5a6b5b7ea,img_7031,candidate-1003,decoded,JPEG
train,original,IMG_7033.jpg,IMG_7033,.jpg,369,277,36293,8eda5eeea442beedeb6ace3b386de9bfc80267f4ce638a0c5b8cea5704b1a1b6,img_7033,candidate-1004,decoded,JPEG
train,original,IMG_7034.jpg,IMG_7034,.jpg,369,277,35658,54235dc8c5d622402fe3cc1a1b043590981697f55d01e091fc14e2f909d835e5,img_7034,candidate-1005,decoded,JPEG
train,original,IMG_7036.jpg,IMG_7036,.jpg,369,277,37753,1cb23ef5013bc8cf5dc386244787570296545e103adb3b28b44d72fab766380c,img_7036,candidate-1006,decoded,JPEG
train,original,IMG_7037.jpg,IMG_7037,.jpg,369,277,38278,23314cc70866d417311f14d130c990aeb3e509aa7f7e97827cece3c07bfb56db,img_7037,candidate-1007,decoded,JPEG
train,original,IMG_7038.jpg,IMG_7038,.jpg,369,277,34716,de46f342c8e8517d84ed3bb4c91c5e977986f7e9c622229e408523526ed11de2,img_7038,candidate-1008,decoded,JPEG
train,original,IMG_7039.jpg,IMG_7039,.jpg,369,277,38336,0e6627aabc395977b011472daf494a1cf7774e703241f8cc0bace1370755ade7,img_7039,candidate-1009,decoded,JPEG
train,original,IMG_7040.jpg,IMG_7040,.jpg,369,277,40148,df0db0702ecda7e49c7602965fd7dba9015784e750ecaa1e2ea3b774fbab533a,img_7040,candidate-1010,decoded,JPEG
train,original,IMG_7042.jpg,IMG_7042,.jpg,369,277,39439,bf0e869904e1689f9b319b4641e6d229f3cd74559d83ac188ce7df81020afdad,img_7042,candidate-1011,decoded,JPEG
train,original,IMG_7043.jpg,IMG_7043,.jpg,369,277,41162,8d5bbd6d3a5cc49d46df0702421b4c1e6cd4e49859afb6635a65e6241e4d1896,img_7043,candidate-1012,decoded,JPEG
train,original,IMG_7046.jpg,IMG_7046,.jpg,369,277,47469,bebd1aa53ffb916f30fec30ff09e78d51b9cda21067348122352d5998aa7113b,img_7046,candidate-1013,decoded,JPEG
train,original,IMG_7047.jpg,IMG_7047,.jpg,369,277,34686,be7a53ea80b777dc5f726e1df8a02d580b2ad15a419c5243e3475b6f19221cb6,img_7047,candidate-1014,decoded,JPEG
train,original,IMG_7048.jpg,IMG_7048,.jpg,369,277,39232,72a33efeb6305844fb42b58f67e80cc8aa95a55e0fdbc25d6a16481a427f553c,img_7048,candidate-1015,decoded,JPEG
train,original,IMG_7050.jpg,IMG_7050,.jpg,369,277,47635,dc5ca6ac721e03e15d2dc91021a0063a4203a3d7d5c3e2562e2b7ac0637c0e94,img_7050,candidate-1016,decoded,JPEG
train,original,IMG_7052.jpg,IMG_7052,.jpg,369,277,38673,63f6aa84c68a3302c3f91269f702449bfe148a0d7f771b894458598a03905ac5,img_7052,candidate-1017,decoded,JPEG
train,original,IMG_7052_brightness.jpg,IMG_7052_brightness,.jpg,369,277,71459,25c0577d13ed1ed488bfa31e6a925eb0ccd8217f9d46ad26186510c9ba8b40ed,img_7052,candidate-1017,decoded,JPEG
train,original,IMG_7054.jpg,IMG_7054,.jpg,369,277,43466,b32502907600b6855bd0416bfe5394a84e2212015b10f1a5169788af4c6d7964,img_7054,candidate-1018,decoded,JPEG
train,original,IMG_7055.jpg,IMG_7055,.jpg,369,277,42400,a8540b45aa91d92083369b94d6b3f2dd752e4e6ed743cc333d3349cc928fccab,img_7055,candidate-1019,decoded,JPEG
train,original,IMG_7056.jpg,IMG_7056,.jpg,369,277,43086,67bb7f76eaa64a8cdebffee3bd849fe72cb4b6b6a1c56c078ad351135f1d3fef,img_7056,candidate-1020,decoded,JPEG
train,original,IMG_7058.jpg,IMG_7058,.jpg,369,277,47767,35ebccdb346faddea9bc9f9cb3d6f155458345814b29c68d6f199b55b138c65a,img_7058,candidate-1021,decoded,JPEG
train,original,IMG_7060.jpg,IMG_7060,.jpg,369,277,52979,a79a03464747d9877c4c3fd3f5cbd339b42421b3aa635f6f8c17b4386f9b4637,img_7060,candidate-1022,decoded,JPEG
train,original,IMG_7061.jpg,IMG_7061,.jpg,369,277,56864,e3a9b8385491b19276554968358c368fefe193cfb1bb1ffffae5717035f86c6d,img_7061,candidate-1023,decoded,JPEG
train,original,IMG_7063.jpg,IMG_7063,.jpg,369,277,36959,0c32d566843c8bb9d476396c05d5d231194fcad87e089d7364b32313ca2f2f05,img_7063,candidate-1024,decoded,JPEG
train,original,IMG_7065.jpg,IMG_7065,.jpg,369,277,33021,d43a37eade360e02413a28e16fb8ec2bf75741a9ff66dc07624723a5e2bf4edd,img_7065,candidate-1025,decoded,JPEG
train,original,IMG_7066.jpg,IMG_7066,.jpg,369,277,35233,dc94f68c8a4ec58698c4629235919e7dccaa500b08cd5ed9ce860960cea34f2b,img_7066,candidate-1026,decoded,JPEG
train,original,IMG_7067.jpg,IMG_7067,.jpg,369,277,36331,12176dfcf447b83908b2b655bf9bc53942919e6ffeaa88c4280b69e12a3c8afd,img_7067,candidate-1027,decoded,JPEG
train,original,IMG_7069.jpg,IMG_7069,.jpg,369,277,39334,e993b8cbde892aefbfec96f65dee09342610df9ba395a594aa5e0e71feb17887,img_7069,candidate-1028,decoded,JPEG
train,original,IMG_7070.jpg,IMG_7070,.jpg,369,277,42783,d1e172e624e9c83b27affddd28c6de3eee442ec2f69c637a6f723aa2c3619d40,img_7070,candidate-1029,decoded,JPEG
train,original,IMG_7073.jpg,IMG_7073,.jpg,369,277,45337,32b478b62c8504afb9a9663804fb0f6ccb285432a807d658ff09bc84870addf8,img_7073,candidate-1030,decoded,JPEG
train,original,IMG_7075.jpg,IMG_7075,.jpg,369,277,43452,cce3f828063135e8e144066441a4dbcbad8786dc0589a0a48f0ba334d778abcb,img_7075,candidate-1031,decoded,JPEG
train,original,IMG_7359.jpg,IMG_7359,.jpg,369,277,48315,a886c90dd140f58100c03253423f8f0cca38d98c2ab756913139479a258cebb8,img_7359,candidate-1032,decoded,JPEG
train,original,IMG_7360.jpg,IMG_7360,.jpg,369,277,50103,4d3d4c6078fce260ca8aab92dbcd9c831434e38b85c7b99ccd1e348a3cd3ce94,img_7360,candidate-1033,decoded,JPEG
train,original,IMG_7361.jpg,IMG_7361,.jpg,369,277,45720,a61081e120394632a75ffd2a7dc960079fc043ed364b9712d7167c866fbea19b,img_7361,candidate-1034,decoded,JPEG
train,original,IMG_7362.jpg,IMG_7362,.jpg,369,277,46863,b65cd547ce495f97b7caed60c807ba4618964cc0177bc8531c83e82f92b41308,img_7362,candidate-1035,decoded,JPEG
train,resize,100.jpg,100,.jpg,640,480,127614,89c5b9955f12b1cce11639471709cbd41241817d71556932e2af601eb7df775b,100,candidate-0238,decoded,JPEG
train,resize,10000.jpg,10000,.jpg,640,480,188914,31feeb3205f2c2defbcbc85590f01ccebe512463d919b3a9c0392e5b4ae5a6dd,10000,candidate-0239,decoded,JPEG
train,resize,1000000.jpg,1000000,.jpg,640,480,167539,1891f2e9487dec522bff2741ca0cf24d24f877017bf33fbf745ce8be5b73296d,1000000,candidate-0240,decoded,JPEG
train,resize,1000000_brightness.jpg,1000000_brightness,.jpg,640,480,170373,09a8b24778ce62ea0ba0d9631f3ce52eb542721a6f8a109b724b7bb8f065bdd3,1000000,candidate-0240,decoded,JPEG
train,resize,100_brightness.jpg,100_brightness,.jpg,640,480,130118,1fa4f83d6bd2b8e9eaea5e79db77f836453e664b0fdaa7bb203eebc712ea4009,100,candidate-0238,decoded,JPEG
train,resize,101.jpg,101,.jpg,480,640,144018,c0e12f81394499c6427bb550ec9550003615910378127d385b7f26c85ee9123f,101,candidate-0241,decoded,JPEG
train,resize,1020.jpg,1020,.jpg,480,640,113981,964ad8333fecbe7186ac490fa15abfd771f2a6b7844330eb4d1db6c97a3c46bf,1020,candidate-0242,decoded,JPEG
train,resize,1050.jpg,1050,.jpg,640,480,159498,c379c630cf2971ecc010136f9ce41e26a722ee1a42e42f90c934b24a80f5d7aa,1050,candidate-0243,decoded,JPEG
train,resize,1060.jpg,1060,.jpg,640,480,133349,9d09e747adebf37f7510d9abecbc98cd56652a8378f5b00aee78565a86f89e81,1060,candidate-0244,decoded,JPEG
train,resize,1100.jpg,1100,.jpg,640,480,145952,699548a1a79c9f587a4725266c220b0d1ca85ac51a10cb8058edb7c2f71a9081,1100,candidate-0245,decoded,JPEG
train,resize,111_brightness.jpg,111_brightness,.jpg,640,480,120075,741c386c0031fa23437d10566916bedb4040c6ff748ed41f2f316a098a3af1bd,111,candidate-0246,decoded,JPEG
train,resize,1120.jpg,1120,.jpg,640,480,141157,5f6929e80fd0676fc7f578068fc7dd3643287d5b54d9e7097514fd5203d27cc9,1120,candidate-0247,decoded,JPEG
train,resize,1120_brightness.jpg,1120_brightness,.jpg,640,480,144828,ad4ead5a0a5bae79ec35ad86e83638a37b3036620a20cfd8fcdc9f8fa87f24dd,1120,candidate-0247,decoded,JPEG
train,resize,1160.jpg,1160,.jpg,640,480,98115,358b0ea2f6ea3286df1a4d0d3a0f61a38ec1cbe89d535d8e21d78843953eea9a,1160,candidate-0248,decoded,JPEG
train,resize,1160_brightness.jpg,1160_brightness,.jpg,640,480,100296,8104ad0b4f22719c394d65f0208c72dbd50e0ec1fb24d67b6393340d27f7ef21,1160,candidate-0248,decoded,JPEG
train,resize,1180_brightness.jpg,1180_brightness,.jpg,640,480,113034,f184da1c2ead08d043a60ac5be6c49f92b180cd59cb8d9c00596c14deb30e7d6,1180,candidate-0249,decoded,JPEG
train,resize,1190.jpg,1190,.jpg,640,480,142917,6519b3a63b155d5a0ebb3ca9c133c9f55fb344c4a8181d2ef2b8f9185b885af4,1190,candidate-0250,decoded,JPEG
train,resize,12.jpg,12,.jpg,640,480,185758,14f10862374eaa1c37dbc7fe7b8c23798074cffc4e071dd348caf1493c5fa6a5,12,candidate-0251,decoded,JPEG
train,resize,1200.jpg,1200,.jpg,640,480,127581,a04eded4fa8198a57dbae7e00bfd965bc220f2d55bbc6060ba8a2c3554d45630,1200,candidate-0252,decoded,JPEG
train,resize,1250.jpg,1250,.jpg,640,480,110674,a8bda80e3450513f90267973df1157fe8fc0ca16c16dcad932f35710179f0bc4,1250,candidate-0253,decoded,JPEG
train,resize,1250_brightness.jpg,1250_brightness,.jpg,640,480,115659,2171fca62d7961377b7c6c48f48808c372ad344be816326f67367695af211052,1250,candidate-0253,decoded,JPEG
train,resize,1250_noise.jpg,1250_noise,.jpg,640,480,147550,6a49f4ade25d834468cf751918250917a8b00b7d87a9a8abb12adf7754182a57,1250,candidate-0253,decoded,JPEG
train,resize,1260.jpg,1260,.jpg,640,480,116067,504d879c0cb1a8b14a204b2dfac941bd69067ddc1b882a6a76210a6604562216,1260,candidate-0254,decoded,JPEG
train,resize,1260_brightness.jpg,1260_brightness,.jpg,640,480,120195,4c2ffb637e99af751fe04eac72bbaff1c70a46e2c9b3b6c690f8cd3b00fd8102,1260,candidate-0254,decoded,JPEG
train,resize,1260_noise.jpg,1260_noise,.jpg,640,480,149377,71eadf61d7f919dafe745fd9e9c6a4dcd30f1fd0cb68f96850b659ff1ff981d6,1260,candidate-0254,decoded,JPEG
train,resize,128.jpg,128,.jpg,640,480,109066,1f10fa79858a82eca71ea62cec696f0dbb88d3e31edb5339ebcffba0f6d2a089,128,candidate-0255,decoded,JPEG
train,resize,1290_brightness.jpg,1290_brightness,.jpg,640,480,144611,99311fac57942fd0b341afc4b4d8ce59fb5e5d3ff1f60bb7d12149ede61394d8,1290,candidate-0007,decoded,JPEG
train,resize,12_brightness.jpg,12_brightness,.jpg,640,480,186391,584385c53d709da67adfa5235d0ea5884259515d313965d4e6cb3e6becd819c3,12,candidate-0251,decoded,JPEG
train,resize,13.jpg,13,.jpg,480,640,195255,697be5ab42fb1e85c2279c71141f8b164adb360ae8321a14d7c714e8f65e6f36,13,candidate-0256,decoded,JPEG
train,resize,130.jpg,130,.jpg,640,480,130372,7b283a343c3cf56338f6596487fcef1657ee68d1d83237b9293e47b1315133a8,130,candidate-0257,decoded,JPEG
train,resize,130_brightness.jpg,130_brightness,.jpg,640,480,134716,1caf36ca8e5fbfe4c14104ddb71b02076c046523c8887aefbead94b07d20716b,130,candidate-0257,decoded,JPEG
train,resize,130_noise.jpg,130_noise,.jpg,640,480,157481,2d9ef551451e2627410a6f0de6a174ddc9089a188f9c9febd28f672223bab1bb,130,candidate-0257,decoded,JPEG
train,resize,1310.jpg,1310,.jpg,640,480,126425,bb4d35e7e0d9fe795ae80f5e176265bd62c405c7524a0947969ab92fbfad2d2f,1310,candidate-0258,decoded,JPEG
train,resize,1310_brightness.jpg,1310_brightness,.jpg,640,480,130187,7eeaf93e693961615b88c204f3d935ed553ec9e901030338927adee8ff8bdf6a,1310,candidate-0258,decoded,JPEG
train,resize,1320.jpg,1320,.jpg,640,480,108136,d1e1021959ba7876a058aa5ab59deff9368433007043cc1a5d259f8d65be0ef1,1320,candidate-0259,decoded,JPEG
train,resize,1320_brightness.jpg,1320_brightness,.jpg,640,480,112247,919005f177d0426c3a7058562647e1f0b5e7cd5618bf19ea91c131855d1a5677,1320,candidate-0259,decoded,JPEG
train,resize,1320_noise.jpg,1320_noise,.jpg,640,480,145971,f156b21858c518bd999b3b3a22104c31e9f64dda337a45c57e7869e599dc871d,1320,candidate-0259,decoded,JPEG
train,resize,1330.jpg,1330,.jpg,640,480,166299,0889d6a45655cdbf59539138ace448682ca7dd79f71a87dee3d8b29666b476d3,1330,candidate-0260,decoded,JPEG
train,resize,1330_brightness.jpg,1330_brightness,.jpg,640,480,171667,7471e8f177e0914472b0437f85661c90389aed10d60da94b5ed16360b8ac6847,1330,candidate-0260,decoded,JPEG
train,resize,1330_noise.jpg,1330_noise,.jpg,640,480,181136,ec9a340d645a962ebd1dbb5296f1a494ddd9439cc5a253e8630d2d97d46157e9,1330,candidate-0260,decoded,JPEG
train,resize,1340.jpg,1340,.jpg,640,480,132805,7d2924d7d250f21ec0d32c49ac6ebe9b9e782931a5df4071009824a9d7c39167,1340,candidate-0261,decoded,JPEG
train,resize,1340_brightness.jpg,1340_brightness,.jpg,640,480,138004,db68d814552431d4d2577bf3738fd2b6fff02213c056c1a7002151cdc83f8445,1340,candidate-0261,decoded,JPEG
train,resize,1340_noise.jpg,1340_noise,.jpg,640,480,159565,2bcb04d04618a3320fad549a1cbdac82da7ce32e268325dc9f19ae4d1b65843c,1340,candidate-0261,decoded,JPEG
train,resize,1350.jpg,1350,.jpg,640,480,112787,387e8fe5680505d964694098e7b6fdbf7ed56e5c90804193f09872a2de7e8c73,1350,candidate-0262,decoded,JPEG
train,resize,1360.jpg,1360,.jpg,640,480,151579,e25fd43087acb462398ad8ce2412a1f7fd0c51ffa2299c4b20948375c9e2f798,1360,candidate-0035,decoded,JPEG
train,resize,1360_noise.jpg,1360_noise,.jpg,640,480,170757,960d6a545438b1bc482e1e3e5d564360163edc0febe74d46f264e6e894264d7c,1360,candidate-0035,decoded,JPEG
train,resize,137.jpg,137,.jpg,640,480,119069,ea07f8a11237f54e7c99fe05cfa1682455b2a1bc1189a06c7ad31737a04f8ecb,137,candidate-0263,decoded,JPEG
train,resize,137_brightness.jpg,137_brightness,.jpg,640,480,124300,c1b6fe91ead12ac675033bcdfb06cbf5c52110c17b583fca10f9b37c0dd9205c,137,candidate-0263,decoded,JPEG
train,resize,137_noise.jpg,137_noise,.jpg,640,480,152325,b8a6377f35571a80ab46f1357d3f44fdb50b56afbaf47e6ffcca830ab0a26e1e,137,candidate-0263,decoded,JPEG
train,resize,138_brightness.jpg,138_brightness,.jpg,640,480,115955,feadfec78f2e44f4edd2092e8b328eec68525076433562242f39ffc18e5538a7,138,candidate-0008,decoded,JPEG
train,resize,138_noise.jpg,138_noise,.jpg,640,480,148972,4225e82a6bfbbed85e7f1bca36b5420f09c61058cc3491ccf6618169cc0bad05,138,candidate-0008,decoded,JPEG
train,resize,1390.jpg,1390,.jpg,640,480,132753,ac4459eb3cd35a6424e0129eaa68a790eed7e70d59b73a846ffaf986750775d1,1390,candidate-0264,decoded,JPEG
train,resize,1390_brightness.jpg,1390_brightness,.jpg,640,480,137765,c8e25a471d983b4a3a295321a3842a18a1bf9e7fbc8b92e1bd24ff80528c5722,1390,candidate-0264,decoded,JPEG
train,resize,1390_noise.jpg,1390_noise,.jpg,640,480,158149,cb3521bc1f7fa2cf00209f225c396ffff07deb0f287126dc9f31e14226a63b66,1390,candidate-0264,decoded,JPEG
train,resize,1400_brightness.jpg,1400_brightness,.jpg,640,480,142123,c9bcbe8fc11b27921b4800663d5107726b3cc801938088d4a3ca3781490d04f5,1400,candidate-0009,decoded,JPEG
train,resize,144.jpg,144,.jpg,640,480,113969,20c1d8c10c3ed4ed1ce06f931c69ff7f883838c2679066196539aef0d6366248,144,candidate-0265,decoded,JPEG
train,resize,144_brightness.jpg,144_brightness,.jpg,640,480,118590,d44817c68dcaf4cf409db820e68eb6266c10f072cb74cd89ac3d0c9bdd06ccf8,144,candidate-0265,decoded,JPEG
train,resize,144_noise.jpg,144_noise,.jpg,640,480,150383,aaf3ff1666f8b4e627788d7a5a1a4b68c6d69b7b5926d8da5424b05fad9344be,144,candidate-0265,decoded,JPEG
train,resize,1450.jpg,1450,.jpg,640,480,121696,9010e559e4603668bac97f0af138ee024fec117de2ca61e97b7156516f728feb,1450,candidate-0266,decoded,JPEG
train,resize,1450_noise.jpg,1450_noise,.jpg,640,480,152523,3c769d1925b2227ecf1ebdc5964db86318a0e4ab95eb57489ff011dbaaa7c31a,1450,candidate-0266,decoded,JPEG
train,resize,1460.jpg,1460,.jpg,640,480,111409,3fea92e8117834bbd6d44f55487ba08a66685480455a599604c969174b273736,1460,candidate-0267,decoded,JPEG
train,resize,1460_brightness.jpg,1460_brightness,.jpg,640,480,115391,75a632d17e88cf00517374533211ce38e01d4ac239adc866d121df21e3532da1,1460,candidate-0267,decoded,JPEG
train,resize,1480.jpg,1480,.jpg,640,480,149713,97d915cbf960042ee57ddf2300a90d80ae1b891b6958b3d56f4b4d1c6e165111,1480,candidate-0268,decoded,JPEG
train,resize,1480_brightness.jpg,1480_brightness,.jpg,640,480,153587,5a686e110de4f3503f180d7876990bc342e55cb9f9dbf489f175eb55c4be1952,1480,candidate-0268,decoded,JPEG
train,resize,1480_noise.jpg,1480_noise,.jpg,640,480,169407,f01c85352e633c4ff126e116b01746d3688c89ae1df3c5ed341b71929c956b4b,1480,candidate-0268,decoded,JPEG
train,resize,149.jpg,149,.jpg,640,480,136200,9f342c1e16c48b9dd6eae3132bf1ba69c9895464e818146e8e84617e77b1c1c1,149,candidate-0269,decoded,JPEG
train,resize,15.jpg,15,.jpg,480,640,198949,def269670ec551c7f8f101df7754dcfd521fbacdb39987d14efcb742dec3248e,15,candidate-0270,decoded,JPEG
train,resize,150_brightness.jpg,150_brightness,.jpg,640,480,119647,13c2eadcccc369b06ca277e1fc364a4f9837aed006135f7292508583b7c20202,150,candidate-0013,decoded,JPEG
train,resize,150_noise.jpg,150_noise,.jpg,640,480,150195,74628b9d1ff71922b0a168a273ed6d310ed257d958f0eed0cb7b41e64e60c238,150,candidate-0013,decoded,JPEG
train,resize,151.jpg,151,.jpg,640,480,120451,c1335ea431b47806636ee297a930c83f1738bb44490742fb4139f2ac05dc62a7,151,candidate-0271,decoded,JPEG
train,resize,151_brightness.jpg,151_brightness,.jpg,640,480,123669,7d804d25bc3baf782187c5943d889a5c0b7ca43d6fb6252513675e7077f5fa9b,151,candidate-0271,decoded,JPEG
train,resize,151_noise.jpg,151_noise,.jpg,640,480,152151,c8d7b65ff357f1f9630057c7022bea6887a75f86b266c83a9b1e345a73615739,151,candidate-0271,decoded,JPEG
train,resize,1520_brightness.jpg,1520_brightness,.jpg,640,480,153220,6e29a8c91129ccca76b99d2948cbfe4085ddd6ccd24fa0279e9d7feb912771cb,1520,candidate-0014,decoded,JPEG
train,resize,1520_noise.jpg,1520_noise,.jpg,640,480,167649,f921b81056c8801e76bb84015372942691acea824a27eda972aeed7561031f5c,1520,candidate-0014,decoded,JPEG
train,resize,153.jpg,153,.jpg,640,480,117431,768fa2299383ef49610edea7eccb8489a47a016d43485321e08bea715380fea9,153,candidate-0272,decoded,JPEG
train,resize,153_brightness.jpg,153_brightness,.jpg,640,480,122029,047fca6ba17dc0c1e9f0114f5af4251594a6828631865a0e0bf1803eb4dbb349,153,candidate-0272,decoded,JPEG
train,resize,153_noise.jpg,153_noise,.jpg,640,480,150275,21620e0050ab47f50130141f1670d5a2472bab0ef994186ea71a5053b63e7c93,153,candidate-0272,decoded,JPEG
train,resize,1540.jpg,1540,.jpg,640,480,110966,b239543fd20a8d15d757ab79140fc6d35ec6960815712771da568462d96d8ec7,1540,candidate-0273,decoded,JPEG
train,resize,1540_brightness.jpg,1540_brightness,.jpg,640,480,116365,a268cd3f33fef8c639784c47baed2f9fd05314dcd853ce96f04e765443337413,1540,candidate-0273,decoded,JPEG
train,resize,1540_noise.jpg,1540_noise,.jpg,640,480,146580,e1273d93e67699ac6b7036bc8d6ccfe378cc32b94c478f889ae1bf868ece1c92,1540,candidate-0273,decoded,JPEG
train,resize,1550.jpg,1550,.jpg,640,480,151555,8325066174dda274092b2d6a6faeb5dece187715d00e59fe7a6e92abdbb29ed0,1550,candidate-0274,decoded,JPEG
train,resize,1550_brightness.jpg,1550_brightness,.jpg,640,480,154004,01c913a97689b6c45019c3c19aabc5be41fa82f7f19be14b90a7b13afa632319,1550,candidate-0274,decoded,JPEG
train,resize,1560.jpg,1560,.jpg,640,480,109290,15301159ed7bb6d0d1a47808f50b962c97db1660df8cbb25b5228e5fa50689d8,1560,candidate-0036,decoded,JPEG
train,resize,1570.jpg,1570,.jpg,640,480,155502,068687e7dc28038f1e894e40ac9f255f8ac87b01cad0ea0fbc9c772e6ed549ac,1570,candidate-0275,decoded,JPEG
train,resize,159.jpg,159,.jpg,640,480,116380,d771d20126957314dc9035379fc7e860878dbc2687d2b2788c28e366e7cd3836,159,candidate-0276,decoded,JPEG
train,resize,159_brightness.jpg,159_brightness,.jpg,640,480,120342,1b6071e58ad4817c61958479bc61757617791d7f397bf7fbb87858f7ae779f09,159,candidate-0276,decoded,JPEG
train,resize,159_noise.jpg,159_noise,.jpg,640,480,150331,935f87f61e8665d2ab8aae8de8cfa92529c4fc27aa3f294abf49e2f8eeb341a8,159,candidate-0276,decoded,JPEG
train,resize,1610.jpg,1610,.jpg,640,480,163528,a6d52450c9e6df71a16a35776834b7241da7424dd3e5457c25dbf50a1165dce9,1610,candidate-0277,decoded,JPEG
train,resize,1610_brightness.jpg,1610_brightness,.jpg,640,480,168700,b6a6ecacede4d9a41c0a75c1d5f6d66071d9152889035a5f06088905acba678b,1610,candidate-0277,decoded,JPEG
train,resize,1610_noise.jpg,1610_noise,.jpg,640,480,185129,b0caa7a83c7ee353415008ce6832000b9a7e0d3eb665d3048cd895f55932283f,1610,candidate-0277,decoded,JPEG
train,resize,162.jpg,162,.jpg,640,480,154456,5e514a836a85649895d6148f3ba19a4bbf55c646eee5dddd98cf763adda62f5c,162,candidate-0278,decoded,JPEG
train,resize,162_brightness.jpg,162_brightness,.jpg,640,480,157496,3a207d2076bfafac5e512857fcd415f957cb0acb669554499583bc27b612bd77,162,candidate-0278,decoded,JPEG
train,resize,162_noise.jpg,162_noise,.jpg,640,480,170833,a9643586aa645ed7577287e276e380c5d878bc190cb05b1f1e7b4f7c93137d55,162,candidate-0278,decoded,JPEG
train,resize,163.jpg,163,.jpg,640,480,139087,444531060c21c702714e9baae306684a4c64dac57e6578d31669b41bee6c0343,163,candidate-0279,decoded,JPEG
train,resize,163_brightness.jpg,163_brightness,.jpg,640,480,143722,b2b936630883166cfeefeb9ee5206ab65fc6b06886d89aa6156f8a5c112a30e1,163,candidate-0279,decoded,JPEG
train,resize,163_noise.jpg,163_noise,.jpg,640,480,163765,4cba486922bc95cb575cad2c1cdd844c2933c93fdba429cd4182077ecb84cbfb,163,candidate-0279,decoded,JPEG
train,resize,1640.jpg,1640,.jpg,640,480,145727,a9c131a66cd0f08e7cad5c70c94fe0eb3426f7129fc895318ffd7a9c19f62d8c,1640,candidate-0046,decoded,JPEG
train,resize,165.jpg,165,.jpg,480,640,116260,c4d65552b8e63dd97ca63cb02c1fbf5bdfe6d2357b76cd47872bfab7bd6d4f26,165,candidate-0280,decoded,JPEG
train,resize,167.jpg,167,.jpg,480,640,135426,65430605f929b88ce981633eafc8aecff0c451e44b2b3efbf93298f46c567f6e,167,candidate-0281,decoded,JPEG
train,resize,168.jpg,168,.jpg,480,640,171854,438ad2ae8c6427c5d863e78102b97009c882e7f784b732851ff48ba666494199,168,candidate-0282,decoded,JPEG
train,resize,1690.jpg,1690,.jpg,480,640,138155,5c37730d607ed4ec4d5a14bb1907bb9ad4ae52083448ef9f0ad5daa828f5e39b,1690,candidate-0283,decoded,JPEG
train,resize,17.jpg,17,.jpg,640,480,169553,a5fec5ab91240bfe84a4caddf846380f4a13d4e40a5cd562a91d661aebe98eb4,17,candidate-0284,decoded,JPEG
train,resize,172_brightness.jpg,172_brightness,.jpg,480,640,124094,7729b804a0d009beed102b18d60cc98648c3cdd99457e70b88554407c46aa2bc,172,candidate-0018,decoded,JPEG
train,resize,173.jpg,173,.jpg,480,640,117678,b7648b85a02f150be6d614716ad17ac18be9a7ad78f620c51c07b54035fd376f,173,candidate-0285,decoded,JPEG
train,resize,1740.jpg,1740,.jpg,480,640,121548,d801a53d25da488feeeb4b4dac51be2e94caad6b5f8565417053bd77845278fa,1740,candidate-0286,decoded,JPEG
train,resize,1740_brightness.jpg,1740_brightness,.jpg,480,640,126641,e3f6489d21c25f6563d60a1dfcd0cc08e359de392418e620b93de9f778dd578a,1740,candidate-0286,decoded,JPEG
train,resize,1740_noise.jpg,1740_noise,.jpg,480,640,152335,97d31490988bc81b149282cb61780dce21840fc09bf0b923d2db9b6489d82b03,1740,candidate-0286,decoded,JPEG
train,resize,1770.jpg,1770,.jpg,480,640,171426,389bf39989c7e5125958832c525c2e79562963a4a6efea2723eb4e6986876b90,1770,candidate-0287,decoded,JPEG
train,resize,1770_brightness.jpg,1770_brightness,.jpg,480,640,176297,a256efaf8d7f3534baf929749e29a7a7837dc5c24c621443da552ee8e2c6ede1,1770,candidate-0287,decoded,JPEG
train,resize,1780.jpg,1780,.jpg,480,640,132185,4389001a874cff47bfc55d456b10ee9c0b1bfa5ae95d6bc92605e121bb8d603a,1780,candidate-0288,decoded,JPEG
train,resize,1780_brightness.jpg,1780_brightness,.jpg,480,640,137913,4f71bd8709c410c0e159c97783f826a1ce343c4c44fe0819c727eade25e41024,1780,candidate-0288,decoded,JPEG
train,resize,1780_noise.jpg,1780_noise,.jpg,480,640,157391,09e63fe36771809f27d008c3f8182efb61dca3a95de2cb26e4380f16c3b1b13f,1780,candidate-0288,decoded,JPEG
train,resize,1790.jpg,1790,.jpg,480,640,140848,9ab6472be0e657a921accdfd4108c8539cc78b301780e8c8793d7d32221c8e60,1790,candidate-0289,decoded,JPEG
train,resize,1790_brightness.jpg,1790_brightness,.jpg,480,640,147000,3791c806a59ff3f3af447f064cf6be519064351d2fd1aeb40939daaa87633c3c,1790,candidate-0289,decoded,JPEG
train,resize,1790_noise.jpg,1790_noise,.jpg,480,640,163771,006f58a15031e69bc14c886a9f87e47bc789166f5c4d857bd6d3ee50bdc9964b,1790,candidate-0289,decoded,JPEG
train,resize,1800.jpg,1800,.jpg,480,640,138459,bf8df7b8c37f2e83fc14cac716b79e01a869e4090092e22d7bb7318dc76a1584,1800,candidate-0290,decoded,JPEG
train,resize,1810.jpg,1810,.jpg,480,640,156566,934f54f66e4dc72f53cc56ad0b1644465912bb2ed3c33da543575af0ff09108b,1810,candidate-0291,decoded,JPEG
train,resize,1830.jpg,1830,.jpg,480,640,108895,efd1d8ffeb6d28798eaa35d75c034f2e1be591badeed2b10dd960345d5cf02d7,1830,candidate-0292,decoded,JPEG
train,resize,1830_brightness.jpg,1830_brightness,.jpg,480,640,112493,67683ae7f949b55a17cc1513fec4ab6ef63d9f0256f54b210963a9a46a60d8e6,1830,candidate-0292,decoded,JPEG
train,resize,185.jpg,185,.jpg,480,640,131005,c2c08a3b2d02e6815ef5a2b37db138f413232dd6ce04c69eff8c2c86fa1eb9c2,185,candidate-0293,decoded,JPEG
train,resize,186.jpg,186,.jpg,480,640,116664,143de4df025010bb9608503315a1ea7b8a22d05d72dad83f132370793ecf83ff,186,candidate-0294,decoded,JPEG
train,resize,1880.jpg,1880,.jpg,640,480,124714,4082a3b5b5cbd0f85ea678f58e3759538fadf07ea6f5c92e3ebda0a196a3f04e,1880,candidate-0295,decoded,JPEG
train,resize,189.jpg,189,.jpg,480,640,126655,b394a6ce5d967dcadbc6dec850517ec4ff4e9fc773fb30b624d722500b268283,189,candidate-0296,decoded,JPEG
train,resize,19.jpg,19,.jpg,640,480,184464,dde4f7fefa89ae6ee2ce201f703ddd61a07d915731a5885f85222d8ba3b181f6,19,candidate-0297,decoded,JPEG
train,resize,190.jpg,190,.jpg,480,640,177371,4039e9c1344acff50716a84a575b677a45a7dae02b9c34b4767a8aa5a3b75865,190,candidate-0298,decoded,JPEG
train,resize,1910.jpg,1910,.jpg,480,640,178494,b7cc74431d11dd903883470b35abbb9c1a6ae07c6e617da750d1c7bb24cf3d26,1910,candidate-0299,decoded,JPEG
train,resize,1910_brightness.jpg,1910_brightness,.jpg,480,640,183640,004b87764c13492f88dd68819d4e639806d7fed803a411af402d4a27a2a6005c,1910,candidate-0299,decoded,JPEG
train,resize,192.jpg,192,.jpg,640,480,154302,ceae629fb01b68f72cde49a7889130aa4ee4defead74b6334500dff194481849,192,candidate-0300,decoded,JPEG
train,resize,192_noise.jpg,192_noise,.jpg,640,480,176415,d90d218f768ff8fd739c0de2610b93f4400cac3c12679b7c5f00f2db160114fe,192,candidate-0300,decoded,JPEG
train,resize,193.jpg,193,.jpg,640,480,114436,698a05770f7f0de461059b62e77cd6297a3926a06a8acf93c956aa3f901f7d6c,193,candidate-0301,decoded,JPEG
train,resize,194.jpg,194,.jpg,640,480,140834,8148049b60407bb85cf40c9bf6b4ca6fe3b4c481b339127d6297de0463c78617,194,candidate-0302,decoded,JPEG
train,resize,194_brightness.jpg,194_brightness,.jpg,640,480,146344,9edd1a64f23816e248138ebfe08fd1cd5877371641646946354cc830afe6f5c9,194,candidate-0302,decoded,JPEG
train,resize,195.jpg,195,.jpg,640,480,156140,4550851089bbae7f3aca39810b58094c245c671abad895f8319035c4c79efa70,195,candidate-0303,decoded,JPEG
train,resize,196.jpg,196,.jpg,480,640,169447,f02acd6f03769aac88da3a2c76fe78c50d46c89861ab1e964d2e9a56bb2866a2,196,candidate-0304,decoded,JPEG
train,resize,1970.jpg,1970,.jpg,480,640,133080,0203f59ac3717981e2c885b650f7795215fe306a924d2910ad42e1be10b7e4f2,1970,candidate-0305,decoded,JPEG
train,resize,1980.jpg,1980,.jpg,480,640,147519,38743f90c94a6acedc3981359a3416b0b3e402a993dd5d0b157c461c893e6753,1980,candidate-0306,decoded,JPEG
train,resize,1990.jpg,1990,.jpg,480,640,145562,8bff0c02378edb880bc00b4f103614052d317c6babc823f47c031d1c69521791,1990,candidate-0307,decoded,JPEG
train,resize,19_brightness.jpg,19_brightness,.jpg,640,480,187360,f83fba1d92aab67f34247b59f6390ba5687e5ad5d40ab4d09768470c8a97a2bf,19,candidate-0297,decoded,JPEG
train,resize,20.jpg,20,.jpg,640,480,171145,aaf1de9e6be5a57a6c66bcb9d4e9bff6eb1cd0abff886b38650e6e025c3949f4,20,candidate-0308,decoded,JPEG
train,resize,200.jpg,200,.jpg,480,640,162570,ed0f640e7a6ef31ce88de9329a4fc2b23d93c3b15b4da0311e97e2fd6da82610,200,candidate-0309,decoded,JPEG
train,resize,20000.jpg,20000,.jpg,640,480,154562,3dd5822a7bff0e83a37f2ea6bcaf0997e7af89c12c6023b93c2a91c304401b3d,20000,candidate-0310,decoded,JPEG
train,resize,2010.jpg,2010,.jpg,480,640,154478,d29561311609daa1d15bbf7f57b272a48d01047bff213b8d48fe5f1aad1d11a1,2010,candidate-0311,decoded,JPEG
train,resize,2030.jpg,2030,.jpg,480,640,150373,c1d0738755de0299c58a50c22262811972aad7bd2e72ec24d86c805909293047,2030,candidate-0312,decoded,JPEG
train,resize,2040_noise.jpg,2040_noise,.jpg,640,480,161390,4161689c2724ab3f5917f5f30ab82e3a8df74125f7292ba6dec49193f9778dd6,2040,candidate-0023,decoded,JPEG
train,resize,207.jpg,207,.jpg,640,480,125309,e3a434361e89d18435dfba834d76d7d2d3595b046adb0020712b1333a92fb91b,207,candidate-0313,decoded,JPEG
train,resize,207_brightness.jpg,207_brightness,.jpg,640,480,129712,3bb07b645b54f891efdfa2ef13cada550c63ab83553de335bd340f9995f484b1,207,candidate-0313,decoded,JPEG
train,resize,2080.jpg,2080,.jpg,640,480,157069,7c7071da5bba9c8561228af26eb6f84277ae3bc6d900e76acb35a7e22fa55053,2080,candidate-0314,decoded,JPEG
train,resize,2080_brightness.jpg,2080_brightness,.jpg,640,480,161570,b0b2d8996bcd5924d5f85aa0f1115faae781cd4dac4015ac76c8f56818e0ae12,2080,candidate-0314,decoded,JPEG
train,resize,2080_noise.jpg,2080_noise,.jpg,640,480,181114,c3e78642573d60c10a3208bde4b8615679a8fd6348981bd79961b938325345d9,2080,candidate-0314,decoded,JPEG
train,resize,209.jpg,209,.jpg,640,480,149974,8016b0c81a1d0e438d15339a796975c021be8d16f34ca6b76848c615216640be,209,candidate-0315,decoded,JPEG
train,resize,21.jpg,21,.jpg,640,480,175011,1a5e915a86d373cc53a1e652ea5cc0886f38e66d7585bcbf933fea8507198783,21,candidate-0316,decoded,JPEG
train,resize,2110.jpg,2110,.jpg,640,480,137646,8686ef1ecd35f37524e0ec042781afb2c726c08fd0ac3c1f81a2f49bcd00cc91,2110,candidate-0317,decoded,JPEG
train,resize,2120.jpg,2120,.jpg,640,480,151601,47e23f354ff2ad5356b6290c71743e6b3d216084b87aea3b4df7c8e4b23d59bf,2120,candidate-0318,decoded,JPEG
train,resize,213.jpg,213,.jpg,640,480,146077,3ecd4427f7471992b4e71d2a11d7822260be0267ac8f046f0a904b927c817949,213,candidate-0319,decoded,JPEG
train,resize,214.jpg,214,.jpg,640,480,168842,400ea26f03cfd9073cd47b979e1570965f3f2e52fa73ce846e0d1f97fbe9c0c8,214,candidate-0320,decoded,JPEG
train,resize,216.jpg,216,.jpg,640,480,137308,0108739128e57e998e5548023b5a9f86fc30ff46f5ee1608b8b855121b4659dd,216,candidate-0321,decoded,JPEG
train,resize,2170.jpg,2170,.jpg,640,480,110704,ee947ce71004124f66a90c02c5af3a570dc86b75a15c6966a32052b98004f44e,2170,candidate-0322,decoded,JPEG
train,resize,2170_brightness.jpg,2170_brightness,.jpg,640,480,115693,94963124f2a05ba9a219a35042f145e1aaffb4ed7102289c8dc1b97d7541daea,2170,candidate-0322,decoded,JPEG
train,resize,2170_noise.jpg,2170_noise,.jpg,640,480,147777,d49f6d516b1c19f5ea2e520611214caeddc7434617e8bb8b98f688ce7e35e587,2170,candidate-0322,decoded,JPEG
train,resize,2180.jpg,2180,.jpg,640,480,112114,0fae74720a439f823a7825f663da3b32ce090a81a7624ef9af0bf92d14d73eb8,2180,candidate-0323,decoded,JPEG
train,resize,2190.jpg,2190,.jpg,640,480,126891,fdc8f57ac810a9056c4c8c6d46bdf3096c78294937c1104a57ac086c355a89e6,2190,candidate-0324,decoded,JPEG
train,resize,2190_brightness.jpg,2190_brightness,.jpg,640,480,131877,f3d1e6418328bcb2b9b90e3e8abc8e201da5befeeb2469274aa0a21059859c86,2190,candidate-0324,decoded,JPEG
train,resize,2190_noise.jpg,2190_noise,.jpg,640,480,155703,032ae4df64de42a110f0ad4dc1366825e8800a49c263463c2e569bdae7864396,2190,candidate-0324,decoded,JPEG
train,resize,21_brightness.jpg,21_brightness,.jpg,640,480,177834,4f6dbe8f77254d8d583339f21896d861444867ef38e6eae22832193c523aed8b,21,candidate-0316,decoded,JPEG
train,resize,2200.jpg,2200,.jpg,640,480,122460,252e6c70c7450fcbae1583e71bbb1c588c23dd68c7eb4a815cc51608d1fd2c97,2200,candidate-0325,decoded,JPEG
train,resize,2200_noise.jpg,2200_noise,.jpg,640,480,152265,18c139668b3f13f47e03860a9d3fb1e872e88a9d46e51cafca7a081d35e264f7,2200,candidate-0325,decoded,JPEG
train,resize,2210_noise.jpg,2210_noise,.jpg,640,480,149031,1b68c2c9ae4cbdb5af9b909b7389025b81644306bbbc892998697e5052943e7f,2210,candidate-0027,decoded,JPEG
train,resize,2220.jpg,2220,.jpg,640,480,131830,fa98d17b7b4ba1f344c81957505c28ef3081c55b6b45d837c285bd91ca3207a2,2220,candidate-0326,decoded,JPEG
train,resize,2220_brightness.jpg,2220_brightness,.jpg,640,480,135792,c574b3de21d76ed95aaae6650dd54f9859cbf8a19f147d668821e16d3015e2bc,2220,candidate-0326,decoded,JPEG
train,resize,2220_noise.jpg,2220_noise,.jpg,640,480,158081,dbcb9fef80223017c1be25658d7f9cc2213bb5c3908e72bb4c0c4561084a8835,2220,candidate-0326,decoded,JPEG
train,resize,223.jpg,223,.jpg,640,480,104857,f1a93c128206b1b77e78cf68411dabd6b8659f1aa8d88de3a9653e1afa41a992,223,candidate-0327,decoded,JPEG
train,resize,223_brightness.jpg,223_brightness,.jpg,640,480,108575,467795c5159e1cfb98997d2bb50f887dd997975d95c4420b38a24e13918726cc,223,candidate-0327,decoded,JPEG
train,resize,2240.jpg,2240,.jpg,640,480,184257,b3c1c66ab0800d1513352aebf1446e4739b3d3a4f115f89c3fcdad3a8ed6c97c,2240,candidate-0328,decoded,JPEG
train,resize,2240_brightness.jpg,2240_brightness,.jpg,640,480,188792,e5a75f1f98421ce15d51b4ea4ee02f6f14346254954eb3dfa1aead43446964e0,2240,candidate-0328,decoded,JPEG
train,resize,2240_noise.jpg,2240_noise,.jpg,640,480,194921,6acb1bbb55586f539715a55aaf68499149e28a75422454f5ab9d23b508a40b7a,2240,candidate-0328,decoded,JPEG
train,resize,2250.jpg,2250,.jpg,640,480,125320,b9f22fb11f790386ff455a0293f7e2b005e4950e33cf6d102ec58f5c63a9accf,2250,candidate-0329,decoded,JPEG
train,resize,2250_brightness.jpg,2250_brightness,.jpg,640,480,130088,7246b456ad45338e36de8cfb09423ef241cc95a194d537d8b0ec8191c2fb29b9,2250,candidate-0329,decoded,JPEG
train,resize,2250_noise.jpg,2250_noise,.jpg,640,480,154352,1b1c4bc2554b28e0a579c5b33680daf5533e40ef73c185ea77e3fa4e132f7ca8,2250,candidate-0329,decoded,JPEG
train,resize,226.jpg,226,.jpg,640,480,130653,a777c3c86db4f93ad74918e0e7d2d2addf9320f3f6699749499bec3a9757a1cf,226,candidate-0330,decoded,JPEG
train,resize,226_brightness.jpg,226_brightness,.jpg,640,480,134638,b78b0ec43d9da7075660321ac95e84ee5d7dccfdc3ddff0f56d292d3a519f258,226,candidate-0330,decoded,JPEG
train,resize,226_noise.jpg,226_noise,.jpg,640,480,164805,83e664302ea09ecda6985100a32f363aa59b19853ffd0ef496ec0ba65ef5e101,226,candidate-0330,decoded,JPEG
train,resize,227_noise.jpg,227_noise,.jpg,640,480,156753,a5f6b216c5438a2ebced2d6209b21f64b97c55a9647a270fbbc90b0ffafa2dfe,227,candidate-0028,decoded,JPEG
train,resize,2280.jpg,2280,.jpg,640,480,130923,4400c3614c9073293386734eff06ae628bfea8000b166ca7ea9f5f2010cfea9d,2280,candidate-0331,decoded,JPEG
train,resize,2280_brightness.jpg,2280_brightness,.jpg,640,480,135357,bae59f322f65cf2c9fc6b80e3b532dcba4d2f496da8764bc5867aad3483c0a62,2280,candidate-0331,decoded,JPEG
train,resize,2280_noise.jpg,2280_noise,.jpg,640,480,164900,11c7b3329c34a99b10e681a77678cf501ccab646d1bd9694212f5263f3dffb57,2280,candidate-0331,decoded,JPEG
train,resize,2300.jpg,2300,.jpg,640,480,140720,60fe2f136f0f10f080dc26a3bc8984af5e52ead13b8c69ab869320c23f5aa456,2300,candidate-0332,decoded,JPEG
train,resize,23000.jpg,23000,.jpg,640,480,171036,c10950ccccf913111efb95b7c1ae83b1b16c68ed870821137dbbee05c84774d5,23000,candidate-0333,decoded,JPEG
train,resize,231.jpg,231,.jpg,640,480,161635,ed75ed831b16e81400a45c4a7bcede1fb54e6ba945fc275705db70f7153422b1,231,candidate-0334,decoded,JPEG
train,resize,2330.jpg,2330,.jpg,640,480,117065,64540059f0b8135f16f25b953155ae58bd12c500e0f1d7c0b8844d30a3700a93,2330,candidate-0335,decoded,JPEG
train,resize,2330_brightness.jpg,2330_brightness,.jpg,640,480,121196,4f045ccdf11c8b1194c8bac300f176427ef944053861bc9b77125cf5711b83e3,2330,candidate-0335,decoded,JPEG
train,resize,2330_noise.jpg,2330_noise,.jpg,640,480,150209,4118b3900023b73e7dd58c73f87f609fd3345bd4635d47b28f5675c73a7517b8,2330,candidate-0335,decoded,JPEG
train,resize,2340.jpg,2340,.jpg,640,480,115420,503004f1072b67d6bf49c2d8cb1fd7c4f0eab6271f627f3e4cd4b82d6752412b,2340,candidate-0006,decoded,JPEG
train,resize,2340_brightness.jpg,2340_brightness,.jpg,640,480,120616,a58a1440d0c213d0736193644d3df3e3233d3964a7e399bc426979463e0027f5,2340,candidate-0006,decoded,JPEG
train,resize,2350.jpg,2350,.jpg,640,480,110398,c181f2d306e1add4cf104124020958ea8154cc6e7998febf6f80581604b70285,2350,candidate-0336,decoded,JPEG
train,resize,2360_brightness.jpg,2360_brightness,.jpg,640,480,145389,230b804344d9192b9256d2044fe347f8af41bb68b656c566a5b7b977e79a13c2,2360,candidate-0030,decoded,JPEG
train,resize,2360_noise.jpg,2360_noise,.jpg,640,480,162820,3c62f99ea2ad5e8ddaf9972640ee406e8a08fbeed3c496b3a80ad6e1f8e5fdc0,2360,candidate-0030,decoded,JPEG
train,resize,2370.jpg,2370,.jpg,640,480,120259,a09cbde926cdf6f04b6a7813bd1a4b2be0fcb17a3227fb703778d0e722f5e200,2370,candidate-0337,decoded,JPEG
train,resize,2370_brightness.jpg,2370_brightness,.jpg,640,480,125163,f45fb8a1e59183efafee2f453feaad82b3eebfc4dea6082cd89a58910e9b31cc,2370,candidate-0337,decoded,JPEG
train,resize,2370_noise.jpg,2370_noise,.jpg,640,480,152869,b9a74353c337e4e535554d8d4ad1d3d5ceb220769cf7a02f146a4566909897a6,2370,candidate-0337,decoded,JPEG
train,resize,2380.jpg,2380,.jpg,640,480,145011,f47472bae40f669f198d1f05291ee54238f9601b7eea66cf5be27dd22f56dae8,2380,candidate-0338,decoded,JPEG
train,resize,24000.jpg,24000,.jpg,640,480,181101,3286b2401aea45a9c0c74081db6b4252a25cee187256fc3f58774ac2f425d92e,24000,candidate-0339,decoded,JPEG
train,resize,24000_brightness.jpg,24000_brightness,.jpg,640,480,185956,5120bdc967816bec8bb2e8da939427f4a0a48cfa404ab62e6f8ef257c223e476,24000,candidate-0339,decoded,JPEG
train,resize,2400_brightness.jpg,2400_brightness,.jpg,640,480,130751,5c581de5ecc97e47a6ae1fa173c09ba90b84f315d49431d5cb8bdcaf0944a431,2400,candidate-0340,decoded,JPEG
train,resize,2410_brightness.jpg,2410_brightness,.jpg,640,480,112144,8dc312c1e8ff69ca72e1f71cdefe0684a54890b1d1ae5c0460185b19398f28a0,2410,candidate-0031,decoded,JPEG
train,resize,2410_noise.jpg,2410_noise,.jpg,640,480,145742,47161a8b6bb63874201d40dfacfd1307ba53d7dac5b712af00e9812884e91e0b,2410,candidate-0031,decoded,JPEG
train,resize,2430.jpg,2430,.jpg,640,480,166710,4c41d11344b4c2f7c36a8f99fd964090e4854739880fe1f90634d5ed2133f8a0,2430,candidate-0341,decoded,JPEG
train,resize,2430_brightness.jpg,2430_brightness,.jpg,640,480,172073,d9f683ddca2dbbf380cf12e4c43259f8a8d286b26aad181a02a140552fc8c336,2430,candidate-0341,decoded,JPEG
train,resize,2430_noise.jpg,2430_noise,.jpg,640,480,181386,2b8bbe6889159903ca8727f28299d88950d62b9a92df9c3fd745fa3b918bfb85,2430,candidate-0341,decoded,JPEG
train,resize,2440.jpg,2440,.jpg,640,480,133263,513f0388d44a333f922ec9a3e36ae034aef15360814ff47f3c9722d217ad3313,2440,candidate-0342,decoded,JPEG
train,resize,2440_brightness.jpg,2440_brightness,.jpg,640,480,138441,653f10c33e99e94daeb15a82af8fa7ea4268e108a629cee9e5b759808a8ac63b,2440,candidate-0342,decoded,JPEG
train,resize,2440_noise.jpg,2440_noise,.jpg,640,480,159586,97bb4c1ff5d5ab46924c2a59c294ab257825e79122c58f7a26f02178da836c67,2440,candidate-0342,decoded,JPEG
train,resize,246.jpg,246,.jpg,640,480,136228,55bff6ab0c86f6809e8d8499c9988d9408728eefe78f6fdca54fa7a86c873d8c,246,candidate-0343,decoded,JPEG
train,resize,2480.jpg,2480,.jpg,640,480,170627,557222307d3fbba55cdb8db278a81ecd3649217fc71fc7e0b8f37e895fdf4445,2480,candidate-0344,decoded,JPEG
train,resize,249.jpg,249,.jpg,640,480,126192,18e3448841f64f0611f736855612e271665e46788735b522235bb4b7b3be3499,249,candidate-0345,decoded,JPEG
train,resize,249_brightness.jpg,249_brightness,.jpg,640,480,131212,37c7c7e32c8da22af854f81c4a2cfe1384791effec8ac25ef64316feea424c66,249,candidate-0345,decoded,JPEG
train,resize,249_noise.jpg,249_noise,.jpg,640,480,156904,d568a47d02df2592583423d049d5f7ec0f15a24af423accfac6c5e4248bde5fd,249,candidate-0345,decoded,JPEG
train,resize,25.jpg,25,.jpg,480,640,174564,44a603aed2d3e7d26a91c504c67fdc48110bb3b580cbb3f95ae085e4644fa657,25,candidate-0346,decoded,JPEG
train,resize,251.jpg,251,.jpg,640,480,111380,6693cbc7ccf3388886811dd42d5b116e7f731d4dea248c4236c3078d45e63e9f,251,candidate-0008,decoded,JPEG
train,resize,251_noise.jpg,251_noise,.jpg,640,480,149025,115a0073dad7671a5f2b1cb2de466e43ee1316c5165e0753d76f17bdd50b9b4e,251,candidate-0008,decoded,JPEG
train,resize,2520.jpg,2520,.jpg,640,480,156957,663a2c85cd87c95700bfdacde2eb6e26756ea2422dc9bcd053cde551bdb436e2,2520,candidate-0347,decoded,JPEG
train,resize,2520_noise.jpg,2520_noise,.jpg,640,480,179261,5d96a1d2f6d30c355cebe2f9742898ce05673a67fd0b2bccef3cbeecc1f8f374,2520,candidate-0347,decoded,JPEG
train,resize,253.jpg,253,.jpg,640,480,108281,0be7f6de31904ee02250eed6003a8fae4b7d42a3271fd6d21b4f1b57669a043c,253,candidate-0348,decoded,JPEG
train,resize,253_brightness.jpg,253_brightness,.jpg,640,480,113303,ae41d4949e2ce8676bfec627032dd8721440555d6818066d941236af6f6478d1,253,candidate-0348,decoded,JPEG
train,resize,253_noise.jpg,253_noise,.jpg,640,480,146643,7bf34b9a344bbc027e2087010c8a0e4ec2d4aca4ac7cc7eae4c2c3695753b3c2,253,candidate-0348,decoded,JPEG
train,resize,2540.jpg,2540,.jpg,640,480,152620,fdb5119b580e7c8929af4a933bf0dbc1715be72899e561b46d7d7880f59e755d,2540,candidate-0349,decoded,JPEG
train,resize,2540_brightness.jpg,2540_brightness,.jpg,640,480,157869,279a5b04f0807936bb0281a15c10887a4389eb0c3ea469e04c8c8779a37c8bb7,2540,candidate-0349,decoded,JPEG
train,resize,2540_noise.jpg,2540_noise,.jpg,640,480,176666,7f694dc4d52086048f7cda35cb04ed051f73bf697c38db7fe28285883f861fc6,2540,candidate-0349,decoded,JPEG
train,resize,256.jpg,256,.jpg,640,480,119069,ea07f8a11237f54e7c99fe05cfa1682455b2a1bc1189a06c7ad31737a04f8ecb,256,candidate-0263,decoded,JPEG
train,resize,256_brightness.jpg,256_brightness,.jpg,640,480,124300,c1b6fe91ead12ac675033bcdfb06cbf5c52110c17b583fca10f9b37c0dd9205c,256,candidate-0263,decoded,JPEG
train,resize,257_brightness.jpg,257_brightness,.jpg,640,480,156480,fb043403f7b35827878cc59aeefafcc692f12ca90b2b33b8471f350f4fc0f818,257,candidate-0035,decoded,JPEG
train,resize,257_noise.jpg,257_noise,.jpg,640,480,171450,712d229ffcfdc354c1b69bf75c1be9b21a1146f9e07552fce55cfeb2db3204b2,257,candidate-0035,decoded,JPEG
train,resize,258.jpg,258,.jpg,640,480,154805,9d8bd3c324b9ea5a72c3bd3a4a59a8b79618cdcb42dd1e3856ff6ca1d31511a2,258,candidate-0350,decoded,JPEG
train,resize,2590.jpg,2590,.jpg,640,480,111244,e0c68cc67ae1520dcfae5a8c62efdcf3d36165d1dcb7d62c73a0d3cd0f97bdd9,2590,candidate-0273,decoded,JPEG
train,resize,2590_noise.jpg,2590_noise,.jpg,640,480,146881,83b98e6826ca876829b8c11e616c1393b90fea73c7273ac670c955afb741a547,2590,candidate-0273,decoded,JPEG
train,resize,2600.jpg,2600,.jpg,640,480,113575,4869f3cd634ce4c0a9ad40a7ef3b60cd50c66ea33afd9d827fa734bbd3cf8615,2600,candidate-0351,decoded,JPEG
train,resize,26000.jpg,26000,.jpg,640,480,201945,442648235b7e60455c64211c877c197b9566c2ad00a861b379f94a23e10bfccd,26000,candidate-0352,decoded,JPEG
train,resize,2610.jpg,2610,.jpg,640,480,144890,527c25f1e46f0a1f7ea5e492da728f8954807f8fc7cc057d6619c1fbfc33676a,2610,candidate-0353,decoded,JPEG
train,resize,2630.jpg,2630,.jpg,640,480,112081,41e2580473f34800fbfafe58d65ffbcd7b4b5a1c2745e98900893f204e531963,2630,candidate-0354,decoded,JPEG
train,resize,2630_brightness.jpg,2630_brightness,.jpg,640,480,115785,3089fbc08569eb3fc429db089c89cd539c84956139d4ff50d5a36f34b638abbb,2630,candidate-0354,decoded,JPEG
train,resize,2630_noise.jpg,2630_noise,.jpg,640,480,147457,21c1e890a3628f4a823fe08c84d2d603509778bd0128cce10a7e3fc2c53097e6,2630,candidate-0354,decoded,JPEG
train,resize,2650.jpg,2650,.jpg,640,480,121894,dc91acefa6f9279f2b1d58cb134b690dcda97c1332459ba03d486f64cc83dea6,2650,candidate-0355,decoded,JPEG
train,resize,2650_brightness.jpg,2650_brightness,.jpg,640,480,126115,8dc76825c441d4c636a4091f30f6e9bbf2edb89880c76c7c172846081c922b52,2650,candidate-0355,decoded,JPEG
train,resize,2650_noise.jpg,2650_noise,.jpg,640,480,152365,3bedf70737ea2d6821faa97083e4a899faaba8874b8ee3c81654905d5b66dc44,2650,candidate-0355,decoded,JPEG
train,resize,266.jpg,266,.jpg,640,480,167116,1d7656ead98e29849518d0c04e8447015d8957fe4d92d6a06a964836d65dda4e,266,candidate-0356,decoded,JPEG
train,resize,266_brightness.jpg,266_brightness,.jpg,640,480,172346,395a1dd1889ebcfaef634cd60f0c6413236bd6f643d77d87248f48b6ce11a0da,266,candidate-0356,decoded,JPEG
train,resize,267_brightness.jpg,267_brightness,.jpg,640,480,114403,1692da34ce59f227ed33f1a3dabd1e6df763e690e7a59733ff010a4bb3422a17,267,candidate-0012,decoded,JPEG
train,resize,268.jpg,268,.jpg,640,480,113969,20c1d8c10c3ed4ed1ce06f931c69ff7f883838c2679066196539aef0d6366248,268,candidate-0265,decoded,JPEG
train,resize,268_brightness.jpg,268_brightness,.jpg,640,480,118590,d44817c68dcaf4cf409db820e68eb6266c10f072cb74cd89ac3d0c9bdd06ccf8,268,candidate-0265,decoded,JPEG
train,resize,268_noise.jpg,268_noise,.jpg,640,480,150357,499a9e3d3c728d63e2ef15fb2799d57a5b39389ddb551baa742498679a4c6246,268,candidate-0265,decoded,JPEG
train,resize,2690.jpg,2690,.jpg,640,480,109849,06fa41d0153471e28e1edccee7e6578f2b7c942428eb976eef4643b791e2c379,2690,candidate-0011,decoded,JPEG
train,resize,2690_brightness.jpg,2690_brightness,.jpg,640,480,114744,dd3a6f854b2645002ae968b94d0288bd9d8dc71d4de687f4b56675657977d5f9,2690,candidate-0011,decoded,JPEG
train,resize,2690_noise.jpg,2690_noise,.jpg,640,480,146950,700bb4b2a6a92941603b61c9e982b40eaa3e97c61c3ecdab6c82941dd29cd288,2690,candidate-0011,decoded,JPEG
train,resize,2710.jpg,2710,.jpg,640,480,132060,00f5f04a312ee0a3f3dd36cdd2c20eccb6d2989697ae061dc81bb5868198d9f4,2710,candidate-0357,decoded,JPEG
train,resize,2710_noise.jpg,2710_noise,.jpg,640,480,168823,034d227bbf66b5d0448c7cb5a69cee51db4c54292a7c33fc2f22b3be82a94a4a,2710,candidate-0357,decoded,JPEG
train,resize,2720_brightness.jpg,2720_brightness,.jpg,640,480,172907,0368222204c75df3a6ada9117e3945144e2afed40c4b4c031fffa9b4033693f5,2720,candidate-0038,decoded,JPEG
train,resize,2720_noise.jpg,2720_noise,.jpg,640,480,185022,f79e3dec3b54736570dc557cec07a690c139953eec662a2db510fcff0c846c0d,2720,candidate-0038,decoded,JPEG
train,resize,2740.jpg,2740,.jpg,640,480,171049,60a7095a5a42f8289caad020acb866739d8a3d37e697f2dcdd84430af5cde6e0,2740,candidate-0358,decoded,JPEG
train,resize,2740_brightness.jpg,2740_brightness,.jpg,640,480,176196,59888913e6059eacd2847c5032b5804ef49e5d9b7b8e40ad698d5f137d1c694e,2740,candidate-0358,decoded,JPEG
train,resize,2740_noise.jpg,2740_noise,.jpg,640,480,182437,bc744ea2f6f617954142819f002cf638a287e8f160abf39e31e41f7982757e15,2740,candidate-0358,decoded,JPEG
train,resize,2760.jpg,2760,.jpg,640,480,138101,fc8675f7e199d8c5bcf64dced9592fccbd1b6014b58700a5d87c1068d96678c4,2760,candidate-0359,decoded,JPEG
train,resize,2760_brightness.jpg,2760_brightness,.jpg,640,480,142426,f08a35e425a3dd8d941555f3ceb0f0a7240b6d296ef608169753ed3d9ec1a1ac,2760,candidate-0359,decoded,JPEG
train,resize,2760_noise.jpg,2760_noise,.jpg,640,480,170926,aba2a25ca08c79ad33da63dfb63380c02fd601ed6e7876abf1356043c94ec201,2760,candidate-0359,decoded,JPEG
train,resize,2780.jpg,2780,.jpg,640,480,113143,0b7bb63b5190e368bb17c3b72f7fb11fb9366e2e05d4294a582ab9637c89c3ca,2780,candidate-0360,decoded,JPEG
train,resize,28.jpg,28,.jpg,640,480,197445,0b1d23216be03184eea3b5ff502df039316aefdcac59ff1678d44d62336a8f47,28,candidate-0361,decoded,JPEG
train,resize,282.jpg,282,.jpg,640,480,106891,e0e21e333646962df668d30af5dabb2a6973ea9027f4ed061b536a5562672a1b,282,candidate-0362,decoded,JPEG
train,resize,2830.jpg,2830,.jpg,640,480,108804,1e5a4fe227fcf4ab6fe2f019d68525188a4a59da51cab09fd14a65e783518e1b,2830,candidate-0363,decoded,JPEG
train,resize,2830_brightness.jpg,2830_brightness,.jpg,640,480,112860,429a802cf0863e8f0f6045d87e1f0a50fbd99537a009d66e7a6432be922dff05,2830,candidate-0363,decoded,JPEG
train,resize,2830_noise.jpg,2830_noise,.jpg,640,480,146043,6b6d412e61b4c4bfd511c380adfaed1474aa54f5937b977d68a871a8ad7c2465,2830,candidate-0363,decoded,JPEG
train,resize,285.jpg,285,.jpg,640,480,136200,9f342c1e16c48b9dd6eae3132bf1ba69c9895464e818146e8e84617e77b1c1c1,285,candidate-0269,decoded,JPEG
train,resize,288.jpg,288,.jpg,640,480,168265,25c87485a701eabcd40157acd551106c3d3d452b19863c5913ae486c16ed8b7b,288,candidate-0364,decoded,JPEG
train,resize,288_brightness.jpg,288_brightness,.jpg,640,480,172278,5e94c7d64443ca366c20cee34e2dbad889d738bccaf4eac33394c799a604c8e0,288,candidate-0364,decoded,JPEG
train,resize,29000.jpg,29000,.jpg,640,480,169014,9380cdf25311e32351ec5e3ee3b7a0e370ce86a59bc4943ffebbeccc4098c6fd,29000,candidate-0365,decoded,JPEG
train,resize,2901.jpg,2901,.jpg,640,480,145978,28fe544da148acbbcdc179b940a665605182582fbeffe8f5da0b8fbcae3eb90a,2901,candidate-0366,decoded,JPEG
train,resize,2910.jpg,2910,.jpg,640,480,131021,d9be5561477427e7fe1073495a9b183c19303de909b64acef19d5dc1f88e6a26,2910,candidate-0367,decoded,JPEG
train,resize,2910_noise.jpg,2910_noise,.jpg,640,480,156842,bc8a65f30d186be7b944b7aac9eeee290faff46ce4d59b4c7e98c2dcd7518709,2910,candidate-0367,decoded,JPEG
train,resize,2950.jpg,2950,.jpg,640,480,131948,b0995f3a07e5b8bb6d66ee51d2b4eac42f7917fbde4ecc73e5d8b14dc75c528a,2950,candidate-0368,decoded,JPEG
train,resize,2960_brightness.jpg,2960_brightness,.jpg,480,640,162495,ff1d3a8e33e5d304820ad1bd6cdc08b1df6b149b1f52d3fbbf9dfaacf0d084b2,2960,candidate-0042,decoded,JPEG
train,resize,2960_noise.jpg,2960_noise,.jpg,480,640,174536,6ee6ee41b94c4042323b241568fd527f6113074fd3b58ac249b4d242383933bd,2960,candidate-0042,decoded,JPEG
train,resize,2970.jpg,2970,.jpg,480,640,147388,800bc58004b0941246fe57e8c35f0a489ac11a5596c8373691e0fca2d89e1787,2970,candidate-0369,decoded,JPEG
train,resize,2970_brightness.jpg,2970_brightness,.jpg,480,640,153434,263dcd51d3f6e6d7e86e05991b85d0882442d218ad4ee4f90b1a3386ef4a838a,2970,candidate-0369,decoded,JPEG
train,resize,3.jpg,3,.jpg,640,480,200585,3de7869493f8cc9f62c370fc611b6f66f88c79a6e808ccd17f248ff90b750c61,3,candidate-0370,decoded,JPEG
train,resize,300.jpg,300,.jpg,640,480,110686,f4cc4aa11237269634fed56506472288964e437ca7d05d52c1ef970f30e29030,300,candidate-0371,decoded,JPEG
train,resize,300_brightness.jpg,300_brightness,.jpg,640,480,115137,fad2a6fe002af68fc9200bab8bd348243b8421bdb240361598521b91a918cb70,300,candidate-0371,decoded,JPEG
train,resize,300_noise.jpg,300_noise,.jpg,640,480,146704,1e8a130c8037985dfa516aff3be672f67d9ab4aef00ad2968495bb3bc995cab4,300,candidate-0371,decoded,JPEG
train,resize,301.jpg,301,.jpg,640,480,137106,43f6c284ae5a2d9562eeb748c64fb7555a3d9b23479a20787d392192d3be6a9b,301,candidate-0372,decoded,JPEG
train,resize,301_brightness.jpg,301_brightness,.jpg,640,480,141794,23fb601d36871e64e5c98a24f2f0c84ade19f1513156c0cd15c80536780c6cb8,301,candidate-0372,decoded,JPEG
train,resize,301_noise.jpg,301_noise,.jpg,640,480,162764,ef166f1054385d0fc20fb501e952ad76841b4ab2a7f8b5249c273dadd7c146fc,301,candidate-0372,decoded,JPEG
train,resize,302_brightness.jpg,302_brightness,.jpg,480,640,133580,fb658035e67879507cb4e1965b9afaec0fea2341041bb811e780d8a8e14d09eb,302,candidate-0044,decoded,JPEG
train,resize,302_noise.jpg,302_noise,.jpg,480,640,158676,6a4828f2b5ea82df0cfd77e7e1c98e4644755a0b7bf2b04df6b47cdb4c320f79,302,candidate-0044,decoded,JPEG
train,resize,3040.jpg,3040,.jpg,640,480,144107,366bdb169086cbb183b06f5cf83c00c159b486f94d43453d9ea2ae73605cc8be,3040,candidate-0373,decoded,JPEG
train,resize,3050.jpg,3050,.jpg,640,480,163250,46ac2d2becd5516af0e95258cc9d34fe4be880b5233381d33d951260dd4774dd,3050,candidate-0374,decoded,JPEG
train,resize,3050_brightness.jpg,3050_brightness,.jpg,640,480,168364,a4e254fc6c8f409b33ad078838dfccaf3db270cbb9f29475c9f5808581fb16b1,3050,candidate-0374,decoded,JPEG
train,resize,3050_noise.jpg,3050_noise,.jpg,640,480,184816,418a434f69a6be3c52a68ae68acf2670b36df93962fcd65b88a526c13b8841d4,3050,candidate-0374,decoded,JPEG
train,resize,3060.jpg,3060,.jpg,640,480,152826,3d7a86a0e3dd88c98e53242e320a2677f119a4da03a1d4d45367772a11d9d507,3060,candidate-0375,decoded,JPEG
train,resize,3060_brightness.jpg,3060_brightness,.jpg,640,480,158013,0a26e5cd66ebf7145c4e01a1b276f93de6991305f9ee10d1443a218d81a9b06a,3060,candidate-0375,decoded,JPEG
train,resize,3060_noise.jpg,3060_noise,.jpg,640,480,179222,d732d2949c1b44a988232d998b1fb7e53066f3d2616c740321cdf29321dfdaf3,3060,candidate-0375,decoded,JPEG
train,resize,3080.jpg,3080,.jpg,640,480,170316,1987287b1b39402167da1018d565a9ae84beac4be2eedfbf274cff102141b8b5,3080,candidate-0376,decoded,JPEG
train,resize,31.jpg,31,.jpg,640,480,193088,f72bcd6de00142f138a7052a9ddcc989dc611927a8433ae61749691cee493919,31,candidate-0377,decoded,JPEG
train,resize,3110_noise.jpg,3110_noise,.jpg,640,480,149667,5264894f6c7ea204e7075b513b309b371a1daba055504699cc99caa4e6bd94e3,3110,candidate-0047,decoded,JPEG
train,resize,3120.jpg,3120,.jpg,640,480,134198,b453efceea69d1c00d6a968a1ae1aefe630f347f3064d240076c41228edcbc1f,3120,candidate-0378,decoded,JPEG
train,resize,313.jpg,313,.jpg,480,640,195114,a8fb50acd6ff99219e19c95517b80c54a23a3cf1e3d16d1c6ba39f0d13279b7d,313,candidate-0379,decoded,JPEG
train,resize,314.jpg,314,.jpg,480,640,202202,40ff02518b796a5bf77447925a25f411fddde84eea8a5df9bcd70ddcc89ef271,314,candidate-0380,decoded,JPEG
train,resize,315.jpg,315,.jpg,480,640,179943,8efe06c4799982ad24d877a80032faaa7548a07d5aab82473718ad50c87e1d93,315,candidate-0381,decoded,JPEG
train,resize,315_brightness.jpg,315_brightness,.jpg,480,640,184389,880a809bfb990a0295f922846ab0c65ae7caf51d30f588c8140fbdb869546250,315,candidate-0381,decoded,JPEG
train,resize,316.jpg,316,.jpg,480,640,159669,7b0f1bed676ec6d4e98a2f16d9f9ac42b17e1d3f1a82e906055caf826ee5f12d,316,candidate-0382,decoded,JPEG
train,resize,3190.jpg,3190,.jpg,640,480,129316,9aed4a2e7b252a08313cf7478bd60a350f86e98496da4618e3dd4348fab524b5,3190,candidate-0383,decoded,JPEG
train,resize,32.jpg,32,.jpg,640,480,167588,e82bfe4ae058a27e89e6dcdcad94d2f48786d48ecef4bd5a76dce49469120e8f,32,candidate-0384,decoded,JPEG
train,resize,3200.jpg,3200,.jpg,640,480,165593,a0cb70ce428cbfd37a3c5e2e406afbd7e24ffeb4859bfdbfe9909fd73546a565,3200,candidate-0385,decoded,JPEG
train,resize,3230.jpg,3230,.jpg,640,480,141285,1e7e78895b981dd5c28e5b00e77949bae223793b8f57f542d7ee77c164fd5529,3230,candidate-0386,decoded,JPEG
train,resize,3260.jpg,3260,.jpg,640,480,184245,ef83d02bfae0ebbd57585c2e3a07dd1620021e2386d3cfb65d12925dac4c2224,3260,candidate-0387,decoded,JPEG
train,resize,327.jpg,327,.jpg,640,480,138049,5b7f52c61147559bd056b57cfecbf9288d12760927fdba3a79b67ef33ef23f6d,327,candidate-0388,decoded,JPEG
train,resize,329.jpg,329,.jpg,640,480,129609,808cac4a2c17716dffae321955a8bf982db8c56f1e0e12d76e25b8ac2a56d45b,329,candidate-0389,decoded,JPEG
train,resize,33.jpg,33,.jpg,640,480,153554,501cc9b4068e3f5b2544b4a22c9b31339c5b3f51281dd7937899f0059b34d83c,33,candidate-0390,decoded,JPEG
train,resize,3300.jpg,3300,.jpg,480,640,153864,de13fa7d1a91958137f7e7bdb092616c73b51bc10f1bbb18b08b114b9a827dd2,3300,candidate-0391,decoded,JPEG
train,resize,3330.jpg,3330,.jpg,640,480,111355,0fe2d333653eae0e631540bc7aba36ca817261aec748e0c05bd2765042fd60c8,3330,candidate-0392,decoded,JPEG
train,resize,334.jpg,334,.jpg,480,640,131723,fab54136d7e8c034fb1e8df65d39b6137df27b2f9f2abd6e25d88a08027a2290,334,candidate-0393,decoded,JPEG
train,resize,334_brightness.jpg,334_brightness,.jpg,480,640,136981,c44b70eabb281eb03d10a999e2f78f2acb965a2f844ec7188a969261df777ca2,334,candidate-0393,decoded,JPEG
train,resize,3370.jpg,3370,.jpg,480,640,98634,3f1e0f2ee95e3192a471a6bac474c3509dc3d768a34320dd61fffb4c2da1f00b,3370,candidate-0394,decoded,JPEG
train,resize,338.jpg,338,.jpg,480,640,130763,61913eb73a3970c708899d796385208d5001bb1719effbf7b996895b38523d1d,338,candidate-0395,decoded,JPEG
train,resize,33_brightness.jpg,33_brightness,.jpg,640,480,151736,97020999e0debc9a1beada7f0fb482814d99f61f5860ac962a916e8ac3440f84,33,candidate-0390,decoded,JPEG
train,resize,34.jpg,34,.jpg,640,480,182318,4e074e788b2fcd3f4f550a5a865b0533a1fc5c14c78540d262b31caf902ef306,34,candidate-0396,decoded,JPEG
train,resize,3410.jpg,3410,.jpg,640,480,155489,960846e0c8d554e1c517203398582f4c5e15f60d3f154301a750132e568a399f,3410,candidate-0397,decoded,JPEG
train,resize,3440.jpg,3440,.jpg,640,480,132460,fa5bc7a614331e34493e5a033f8c76a5dd4a91fc88b736ef6aa6ba031b4ce432,3440,candidate-0398,decoded,JPEG
train,resize,3470.jpg,3470,.jpg,640,480,166411,b1e47391c5262680c273574034205a6cdd2b151fc16d491086c9fc16f4542cc0,3470,candidate-0399,decoded,JPEG
train,resize,36.jpg,36,.jpg,640,480,173656,4f282d297f7ddf6fcc91a5aae0a7a76994dccf863e73fb64e4fd392be528ea0f,36,candidate-0400,decoded,JPEG
train,resize,37.jpg,37,.jpg,640,480,192825,99db25b461683f737eb01637523b5affa1423807b884939960d869b1e89af354,37,candidate-0401,decoded,JPEG
train,resize,3740.jpg,3740,.jpg,480,640,152866,f3243edb2817978e073846b8c488f3ef41369b2404500a12fc2cf968dec36282,3740,candidate-0402,decoded,JPEG
train,resize,375.jpg,375,.jpg,480,640,135511,9e29eea37ecd3da999dc30896a7ad83a22985acef9d58db925995d14654f1ab3,375,candidate-0403,decoded,JPEG
train,resize,3760.jpg,3760,.jpg,480,640,120331,2369ce5111d17f00080dec222e7ae6b013e0489c83f316b8a9c171153af9a9bf,3760,candidate-0404,decoded,JPEG
train,resize,377.jpg,377,.jpg,480,640,125256,ab1d0552089b81356645f36cc0a31442d6bbd17d1c192fa87f69a2b5b3f558b5,377,candidate-0405,decoded,JPEG
train,resize,3780.jpg,3780,.jpg,480,640,138777,652d0a03d498ef0ae35893c56f05ba49985214cc7c168a565fe0064b33265133,3780,candidate-0406,decoded,JPEG
train,resize,38.jpg,38,.jpg,640,480,209432,f4b949644605125b569c30ccd4aaa3e1b92f6ce186b9410eb4467e475e048479,38,candidate-0407,decoded,JPEG
train,resize,380.jpg,380,.jpg,480,640,90021,9772207a6b8607167e715a8cc17f17d32456dc213549004f0c80b3bc7d4d03df,380,candidate-0408,decoded,JPEG
train,resize,389.jpg,389,.jpg,480,640,100714,c30394240e68bcba883dffd5fee7928173115d5660d78c5a158ee284744d12ca,389,candidate-0409,decoded,JPEG
train,resize,39000.jpg,39000,.jpg,640,480,166680,8d3bb4660fdc2412eb647c7f09bde28a3fceb1a1f3ed905a4249b07c23039415,39000,candidate-0410,decoded,JPEG
train,resize,39000_brightness.jpg,39000_brightness,.jpg,640,480,172037,3a10f2ba591b0d036a6515aaa9b73604852e25366f74af00cf1ac20e989bb210,39000,candidate-0410,decoded,JPEG
train,resize,3910.jpg,3910,.jpg,480,640,124630,003714e2e54a42cf0f9dd40dbf232ff9a438ac61416dc475fee27fc7fa45d341,3910,candidate-0411,decoded,JPEG
train,resize,3910_brightness.jpg,3910_brightness,.jpg,480,640,130097,df144988f93d808d7a1ac689f1257c7996921182760e2a50c91556c82b34dcd0,3910,candidate-0411,decoded,JPEG
train,resize,3910_noise.jpg,3910_noise,.jpg,480,640,156652,60ad8a4c7aeb5206a0abc98f9145c1ec2b573b2a8c435b7cfd69eed32743410c,3910,candidate-0411,decoded,JPEG
train,resize,3920.jpg,3920,.jpg,480,640,168423,728ae232d84498cdf4233ff84e4bdb680168b3a5e5d81402635705a965ab3138,3920,candidate-0412,decoded,JPEG
train,resize,393.jpg,393,.jpg,480,640,141260,e5114cc6bb0a2b97f34403ef5177c187c9c918011509be9697f2017f307a1c5c,393,candidate-0413,decoded,JPEG
train,resize,3940.jpg,3940,.jpg,480,640,148331,3968484c247254754d3d0535a1fe101f306eef87cd46d8b259ed1a62a40f6065,3940,candidate-0414,decoded,JPEG
train,resize,3950.jpg,3950,.jpg,480,640,176192,7a6456b383da09c9c86ea0725d2ddcb3b993480acff39a0ca19f5afc80bfa2d5,3950,candidate-0415,decoded,JPEG
train,resize,396.jpg,396,.jpg,480,640,118523,f3385fab318744049507ad325ca900118c26f31d3de75633961ba15301777172,396,candidate-0416,decoded,JPEG
train,resize,398.jpg,398,.jpg,640,480,136950,b2e58d715cbaa1597020654e500f255934310cccc1d3dffaafb50427d6dbc8a0,398,candidate-0417,decoded,JPEG
train,resize,399.jpg,399,.jpg,640,480,137072,9d8f71fee7818022f5ed4a1d634b43b6430729ef75f4c972c13cfec4a703b665,399,candidate-0418,decoded,JPEG
train,resize,40000.jpg,40000,.jpg,640,480,184731,8d1e533715da17d4cde936ceb59b5869ff7f7529e7a7d43890f651b871939465,40000,candidate-0419,decoded,JPEG
train,resize,40000_brightness.jpg,40000_brightness,.jpg,640,480,189441,db5cfc2e96dbb96c60b52d494eaad5b85c279070e3051b970a3e38e5811885dc,40000,candidate-0419,decoded,JPEG
train,resize,40001.jpg,40001,.jpg,640,480,206143,4e0c0659319b60c4edb696acac39f4f7d7a7b799e72b01991d854075a6f9ed29,40001,candidate-0420,decoded,JPEG
train,resize,401.jpg,401,.jpg,480,640,146087,e5724033ff805beffa1325f859c7bba74078560695a1d8cc750d185d5a19435b,401,candidate-0421,decoded,JPEG
train,resize,4020.jpg,4020,.jpg,480,640,187653,6e81d666869a2b48ddfc3afe95c510631c32e74cb8f58323c8b0a70cfe0c3067,4020,candidate-0422,decoded,JPEG
train,resize,403.jpg,403,.jpg,480,640,141163,d2cde83e1a3f5b3303e765f6142a1f5262ab57782c6248bf007ee646e99ef209,403,candidate-0423,decoded,JPEG
train,resize,403_brightness.jpg,403_brightness,.jpg,480,640,144725,d3d87d5840df41bc29423f5446610b3361c553a8a7911a9e62c7a7c9b6b910e3,403,candidate-0423,decoded,JPEG
train,resize,404.jpg,404,.jpg,480,640,162511,f1d5b6bc58b34b33593bcae3d3b6165e572ea84a9dcf01c30bb2b68929277161,404,candidate-0424,decoded,JPEG
train,resize,405.jpg,405,.jpg,480,640,166082,843c7ca9a7806374e5eb0b2765ee57923d8962b44a9fbdc52d7ac13ce0f1128a,405,candidate-0425,decoded,JPEG
train,resize,4060.jpg,4060,.jpg,640,480,152981,175ab6541f80ead715dc2a72d8e0c22b4173e50404ca5b75561fdefcd8df1f59,4060,candidate-0426,decoded,JPEG
train,resize,4070.jpg,4070,.jpg,640,480,153524,9a4679e7dfa21edc3fb6c2aff38b7c912ffb14cd1754232795de6b6339a99f3f,4070,candidate-0427,decoded,JPEG
train,resize,4070_brightness.jpg,4070_brightness,.jpg,640,480,159156,60d29cf8dd8684bddc47e494649cd9fc28ff176727dbb7655bceb2f7bb35def9,4070,candidate-0427,decoded,JPEG
train,resize,408.jpg,408,.jpg,640,480,144679,339a388c2351411f14e29a1cd7760846e9f5d5d8d26b063fd731cfb94c1a603f,408,candidate-0428,decoded,JPEG
train,resize,408_brightness.jpg,408_brightness,.jpg,640,480,149523,170c725cae943a2ec7ab81fd46d9aae591ce7fefccb084df43010650b69164c9,408,candidate-0428,decoded,JPEG
train,resize,409.jpg,409,.jpg,640,480,104289,8f0c55fa61dbb1710f55882775eb88284f22a4b4d4acc0899b3fc887bf69f6ea,409,candidate-0429,decoded,JPEG
train,resize,4100.jpg,4100,.jpg,480,640,116207,aef63e93b6bfeab5ac224ecd0a9f78d693b64d0d2faf7c5f34ffb292c97b66c7,4100,candidate-0430,decoded,JPEG
train,resize,41000.jpg,41000,.jpg,640,480,176558,6bb7944635a8155a4f717678944988b0a4c09cabffd83dc7d60a4a68c7e75c5b,41000,candidate-0431,decoded,JPEG
train,resize,4120.jpg,4120,.jpg,640,480,145434,256a84f329034541f8de482ebdc6a015177e4112bc97035b2d3c9d76ff363416,4120,candidate-0432,decoded,JPEG
train,resize,4120_brightness.jpg,4120_brightness,.jpg,640,480,149711,f4b0765f10fcd81adb2370134011987ed1665e74cda9490446fd7ab956cab755,4120,candidate-0432,decoded,JPEG
train,resize,4151.jpg,4151,.jpg,640,480,129842,12aee6bdfb331bf837305d32654632084866233b979c381c274b36452d59591d,4151,candidate-0433,decoded,JPEG
train,resize,417.jpg,417,.jpg,640,480,121885,dd842df27cde3a0bf48d1e2c30e3940f108b2a9cc5fb18e731b022c444df577f,417,candidate-0434,decoded,JPEG
train,resize,4180.jpg,4180,.jpg,480,640,144481,50c9ac5b9f1dceaa644e552820fde16554e608040d769391db39a26e2818a398,4180,candidate-0435,decoded,JPEG
train,resize,419.jpg,419,.jpg,640,480,153485,a42d2e296670bdd790108733a9cb2939b60ef9db19df7bea958918ed2828ff6d,419,candidate-0436,decoded,JPEG
train,resize,42000.jpg,42000,.jpg,640,480,178958,ec57c8124713807d5a46699577df9a59b144c0686fb47c327a9aefe71f694224,42000,candidate-0437,decoded,JPEG
train,resize,4201.jpg,4201,.jpg,640,480,133342,df3ba47f19bdbc5220f0361bde7cf1b530789c3f8c02533e46e93828be616cef,4201,candidate-0438,decoded,JPEG
train,resize,4210.jpg,4210,.jpg,480,640,150062,2f226d8a75aeb27bfe1b606645e41a80df836ffcd50df87979b3a2ce720233d1,4210,candidate-0439,decoded,JPEG
train,resize,4220.jpg,4220,.jpg,480,640,132370,203860e7eb36c73ccf9094b8d63a5a6949d63f4bcce2aa804a6152faf5c777e1,4220,candidate-0440,decoded,JPEG
train,resize,424-1.jpg,424-1,.jpg,480,640,134191,489863adf461e8e5730e2f5e5015bb808c3dd5c5ea8bb8f98653b8d21602c4b2,424-1,candidate-0441,decoded,JPEG
train,resize,4250.jpg,4250,.jpg,480,640,160233,dab501671a55227f5183876d04f86322440c6df49b4e418b520cfc792e98f2bf,4250,candidate-0442,decoded,JPEG
train,resize,4250_brightness.jpg,4250_brightness,.jpg,480,640,164943,28b5e51a24d3c3160323f7793558843833fc67e35efe932df2640b40297243e3,4250,candidate-0442,decoded,JPEG
train,resize,4250_noise.jpg,4250_noise,.jpg,480,640,178503,234cdd77219b5327ea057ca6472e96f530eecbc07a020135f6a222fb211b0ac1,4250,candidate-0442,decoded,JPEG
train,resize,426-1.jpg,426-1,.jpg,480,640,164129,397ce4cd787d9816e0c53ec545379b54f846b741e61f7f5f9f9576e84e447e66,426-1,candidate-0443,decoded,JPEG
train,resize,44.jpg,44,.jpg,640,480,209358,aa1f1d0bf8c3d8c672774baf6927628c3a6c252da01d66cc3cde1b3fe324e8c9,44,candidate-0444,decoded,JPEG
train,resize,46.jpg,46,.jpg,640,480,202531,b8e4e388a062e10cf5e2980912baa768488ed553ee621298a8361b63115238d7,46,candidate-0445,decoded,JPEG
train,resize,47.jpg,47,.jpg,640,480,203634,f3bc5cb5c38a6f6ab852efd0c832f061fdf13378ea18312c676929b41b47b8ce,47,candidate-0446,decoded,JPEG
train,resize,48.jpg,48,.jpg,640,480,146765,dd3cf1d472a480771056b465eefe42cfaaa758c56ef0d78dfb87955b69fdbe67,48,candidate-0447,decoded,JPEG
train,resize,49000.jpg,49000,.jpg,640,480,169712,857db79a22165236c00c1dd282f53a5d73a0a5f0f565037b589d1b45c0a2bc56,49000,candidate-0448,decoded,JPEG
train,resize,50.jpg,50,.jpg,640,480,143562,13464d6fe0097d9d6028d66038045f6604e587c5c7f78761a0b894fd78fa81fc,50,candidate-0449,decoded,JPEG
train,resize,51.jpg,51,.jpg,480,640,214479,92c6b69e90c53b8baafb969deab6c0b27bf64fcad6bb7056ee99e4f8ff7d17ee,51,candidate-0450,decoded,JPEG
train,resize,52.jpg,52,.jpg,480,640,218188,9d6d5c8f072dbfa4f485411bd4b01a3ec1e7a1eb33a8c058be1626204190629e,52,candidate-0451,decoded,JPEG
train,resize,53.jpg,53,.jpg,640,480,185627,278d9575c94b519a449602b6d4095605f0e333caaed0c20705066dc15c8b7606,53,candidate-0452,decoded,JPEG
train,resize,54.jpg,54,.jpg,640,480,176631,827a072e99eada0e7e7c5358db564485c3a66417a9aeb4915dd781a8677cd49a,54,candidate-0453,decoded,JPEG
train,resize,55000.jpg,55000,.jpg,640,480,202540,482c4117339cede9e01cddbbc31b22f72d8fba05684d47b84e6ca92765ad607c,55000,candidate-0454,decoded,JPEG
train,resize,56.jpg,56,.jpg,640,480,154268,be4d22245015a2104555a3225e411fcdcf46cde4100a0bd4ef74c018c7b6961e,56,candidate-0455,decoded,JPEG
train,resize,57.jpg,57,.jpg,640,480,174500,cf0f63ae3b05613ee1a8e23dc456d1045205f4aefa6cfee6507bc18f04e778c9,57,candidate-0456,decoded,JPEG
train,resize,58.jpg,58,.jpg,480,640,145207,c96228bebdeb062d3e6ff320486745fd80f896c03327cb432900a8dad524e85b,58,candidate-0457,decoded,JPEG
train,resize,6.jpg,6,.jpg,640,480,209527,174b70463b7d022804647e429ab89fc8f495a49d53981f79ba82ff57dfe2cdab,6,candidate-0458,decoded,JPEG
train,resize,60000.jpg,60000,.jpg,640,480,127467,a3c64a09217803f3f39954232ea35ac055be107c549d59454fc517fa954b8c7b,60000,candidate-0459,decoded,JPEG
train,resize,61.jpg,61,.jpg,640,480,128135,fe921139f6561afba1100baf296fe9cd6be424bad1f2f8513c3218bf1491a3ab,61,candidate-0460,decoded,JPEG
train,resize,62.jpg,62,.jpg,640,480,203360,932917519b67c2d79b81167efa10408b95ce8490894a6743e9d5c9a9d58d3d9f,62,candidate-0461,decoded,JPEG
train,resize,63000.jpg,63000,.jpg,640,480,177612,c16bed610222d9472197f8c76c08c25e7f81f6815024952b5562761878e8afd4,63000,candidate-0462,decoded,JPEG
train,resize,64.jpg,64,.jpg,640,480,196354,28dca5705092ae918c8d5cbefedca86865e8d7aadf6d22deb1cc35427d41752e,64,candidate-0463,decoded,JPEG
train,resize,66000.jpg,66000,.jpg,640,480,152941,ecf57d0a0d9e77773bd194b0a7d9bb3648a2b7d444c4f5411bdb349dc68ef6b3,66000,candidate-0464,decoded,JPEG
train,resize,68.jpg,68,.jpg,640,480,151106,cc7c53d2db751723f91339512916a281dd95f87161ab0f043d1f08bb7dc2381b,68,candidate-0465,decoded,JPEG
train,resize,6_brightness.jpg,6_brightness,.jpg,640,480,209798,44173468f8f9bb39e15b27ccd3055f09c1f43e015d996541bcb80e8cb16ba526,6,candidate-0458,decoded,JPEG
train,resize,700000.jpg,700000,.jpg,640,480,134888,97378aae014fd5b69a37dba865e375767a72245393c227f915568508caad55c9,700000,candidate-0466,decoded,JPEG
train,resize,73.jpg,73,.jpg,480,640,162057,45c303274b6c65bce60b9caac52b168fa41930cfe79dbdbbfc06d96978204ede,73,candidate-0467,decoded,JPEG
train,resize,74.jpg,74,.jpg,640,480,170352,9af860b74b95b542a13c70b613d2eb5dfb84cac0d7e18c2dec079c9218c999fa,74,candidate-0468,decoded,JPEG
train,resize,7500.jpg,7500,.jpg,640,480,195493,a33667e7cf57d8839ee9116512b9ceed0eefd93b9d2d4cfa00fc59f8a3e16c26,7500,candidate-0469,decoded,JPEG
train,resize,7600.jpg,7600,.jpg,640,480,182187,144678d1bb99dadf7e27c2b4eb160c5d69b5b958ee9c37d8fa9a5d1a6994ea08,7600,candidate-0470,decoded,JPEG
train,resize,7600_brightness.jpg,7600_brightness,.jpg,640,480,185441,9152382adb12ae85b8d5ec36fd36224fea4bbc6bb5128b9f05f505e9d99462d6,7600,candidate-0470,decoded,JPEG
train,resize,77.jpg,77,.jpg,480,640,184056,e787c8eaad9237b51ba21d62799bb183bb2255c97dc1b046e38c7226766c0fd1,77,candidate-0471,decoded,JPEG
train,resize,77_brightness.jpg,77_brightness,.jpg,480,640,187689,a672b591ea8dbd1a7ad7588312d87863a29216565e1181d61d68c45a00f2dd5e,77,candidate-0471,decoded,JPEG
train,resize,8000.jpg,8000,.jpg,640,480,173392,32fb8dd2a4e8ef1300dd2c165cf62fd6bc4fbc6a762edf95a15ef356f95be0bc,8000,candidate-0472,decoded,JPEG
train,resize,8400.jpg,8400,.jpg,640,480,156734,c97c5afdd73da51217c78c6b6c098d1ec7a3c02d3c5f0977c8557026f18d07de,8400,candidate-0473,decoded,JPEG
train,resize,8500.jpg,8500,.jpg,640,480,194633,b18f764a37335c04fa682d71f3b3767b9909b1f77befe7fd3ecc852b8e96b448,8500,candidate-0474,decoded,JPEG
train,resize,8700.jpg,8700,.jpg,640,480,156482,a26c6a6d5bac8527457fa65c645315097f4403d80da39814793ceded54afc6d3,8700,candidate-0475,decoded,JPEG
train,resize,89.jpg,89,.jpg,640,480,166761,1c453041000bc85c9d818b50a93d2ab1e08b90f31466cd8dc18e4bcaf10d28c2,89,candidate-0476,decoded,JPEG
train,resize,9.jpg,9,.jpg,480,640,162913,474a0edf6a28bfe9e6aad0bcf3dd242a82379083e0316354615d9a59f7418c4e,9,candidate-0477,decoded,JPEG
train,resize,9000.jpg,9000,.jpg,480,640,146629,f61ecbba74d5da096574df4f00adff9c816a308d3fd1eedb0626168d1ceadde7,9000,candidate-0478,decoded,JPEG
train,resize,9_brightness.jpg,9_brightness,.jpg,480,640,162568,2625aa7b85d56cb74f5741cae48f4196f5504b3c43cfc9a21ecc5733b9fb0c20,9,candidate-0477,decoded,JPEG
train,resize,IMG_12320.jpg,IMG_12320,.jpg,640,480,151593,997078c275899ee07906f8843ca4e6761f899d19bf32f17b9346cc4c4ed75d88,img_12320,candidate-0479,decoded,JPEG
train,resize,IMG_12350.jpg,IMG_12350,.jpg,640,480,147984,809980d3ce229f43a219cb71c7de306e51ee56f352c77353b89fa2755cfad961,img_12350,candidate-0480,decoded,JPEG
train,resize,IMG_1237.jpg,IMG_1237,.jpg,640,480,150321,55b2dbbb9a5c616aaac47738f3bb31b30e585f17a99571d92dd36d391f5ff941,img_1237,candidate-0481,decoded,JPEG
train,resize,IMG_1237_brightness.jpg,IMG_1237_brightness,.jpg,640,480,153786,9667dd2f8b977ff68187f955cd8805c9f18d2d87f0db44e7539b7e609faf039b,img_1237,candidate-0481,decoded,JPEG
train,resize,IMG_12380.jpg,IMG_12380,.jpg,640,480,164992,e49a06fe5260849540d942ae9dbfa21f9dbf37ab36d6ddbbd056e56191b7bf77,img_12380,candidate-0482,decoded,JPEG
train,resize,IMG_12390.jpg,IMG_12390,.jpg,640,480,131933,a3e1f11675aca188547018448d8556b52179e50d1279ce0d742008277737de26,img_12390,candidate-0483,decoded,JPEG
train,resize,IMG_12400_brightness.jpg,IMG_12400_brightness,.jpg,640,480,161001,4f45d671e82b7e9549723623249334ff58abeb23ef80ccc96146292266725da0,img_12400,candidate-0484,decoded,JPEG
train,resize,IMG_12410.jpg,IMG_12410,.jpg,640,480,157698,9d5f825c084eb77598bdee86617d8bfb0c1c3b951d582722a270c21b84ec855a,img_12410,candidate-0485,decoded,JPEG
train,resize,IMG_12430.jpg,IMG_12430,.jpg,640,480,163715,a4d1d5ad046288ab473995cb8600adb16a13e448550f5300c4ff5a3de9a97f27,img_12430,candidate-0486,decoded,JPEG
train,resize,IMG_12440.jpg,IMG_12440,.jpg,640,480,168806,4cca8234c094020f783f307d55a84b8de9964f72e67c40dc26d688e4ad634265,img_12440,candidate-0487,decoded,JPEG
train,resize,IMG_12450.jpg,IMG_12450,.jpg,640,480,138536,af69b908f7581d2f3b9059781a8c94e145ed0213fc523639386cd14278bc0149,img_12450,candidate-0488,decoded,JPEG
train,resize,IMG_12450_brightness.jpg,IMG_12450_brightness,.jpg,640,480,143194,4c77ce2e7163916ca41f2f8fc467251f69e1e32c8152bf5f78c74a0d90a4026e,img_12450,candidate-0488,decoded,JPEG
train,resize,IMG_12460_brightness.jpg,IMG_12460_brightness,.jpg,640,480,147520,d3224749bd23d94cd805356428a70f0febd8e05673cbd692c5d6caff404ed6d6,img_12460,candidate-0489,decoded,JPEG
train,resize,IMG_12470.jpg,IMG_12470,.jpg,640,480,135148,e51305cd43f4c18cafb2efd1c681dac60a31e9dba72494bfcd42329232998ebe,img_12470,candidate-0490,decoded,JPEG
train,resize,IMG_12470_brightness.jpg,IMG_12470_brightness,.jpg,640,480,137734,9df2ab251ace4377c472d99e23e263bfe22dbabde9c3176603dd2f05ce599d29,img_12470,candidate-0490,decoded,JPEG
train,resize,IMG_1250.jpg,IMG_1250,.jpg,640,480,122286,1e71c9a222ccd4ae2faba324a4d46a121893600c48ef171603a5da0c473c7096,img_1250,candidate-0491,decoded,JPEG
train,resize,IMG_1251.jpg,IMG_1251,.jpg,640,480,119214,9303a20786f6215ff0f05e8404d1a0c88bbd5c2db00db28ae33134db51f54cf0,img_1251,candidate-0492,decoded,JPEG
train,resize,IMG_1252.jpg,IMG_1252,.jpg,640,480,166616,c2d87a2b1192236ffe8a696b64218cfccbfbd4b2dfdbc9739067ab3f4fa0848c,img_1252,candidate-0493,decoded,JPEG
train,resize,IMG_12530.jpg,IMG_12530,.jpg,640,480,137593,9b7d3e1c1b1a8120e86b1014964873f61f0c903a26b3c4fb46308dbff134b5a1,img_12530,candidate-0494,decoded,JPEG
train,resize,IMG_12540.jpg,IMG_12540,.jpg,640,480,137554,c8af2a914f24735402efd5cefc76b8c04777ad8559a6cabbfa713a8cd3ee42f6,img_12540,candidate-0495,decoded,JPEG
train,resize,IMG_1255.jpg,IMG_1255,.jpg,640,480,151377,8d48b144071f57774d05fbbfecefcc0ec36f45a8bb8910c4dad76c8a28d277dc,img_1255,candidate-0496,decoded,JPEG
train,resize,IMG_1256.jpg,IMG_1256,.jpg,640,480,148205,369597a55422c7e9419528398b71af93a27c5c2bc132859fd49b8497e4658533,img_1256,candidate-0497,decoded,JPEG
train,resize,IMG_12580.jpg,IMG_12580,.jpg,640,480,167120,1fef064f6dd48ec4369178960f4d5d28c44ea794b055435ceef4c9d09d9e2f2b,img_12580,candidate-0498,decoded,JPEG
train,resize,IMG_1261.jpg,IMG_1261,.jpg,640,480,154470,5d0ed63b666293153f1102a38d6ef26baa2e52bb26efd3ac6b69169e023d328a,img_1261,candidate-0499,decoded,JPEG
train,resize,IMG_1261_brightness.jpg,IMG_1261_brightness,.jpg,640,480,159265,813c4480159f460f97401808c4f164f7131bcefbfae15f5b881d288f89635894,img_1261,candidate-0499,decoded,JPEG
train,resize,IMG_1262.jpg,IMG_1262,.jpg,640,480,161570,7313ff5014ac1a718a4524effe5db55f37f46e00d7204dd4fa7b6e1a9f364cd4,img_1262,candidate-0500,decoded,JPEG
train,resize,IMG_1263.jpg,IMG_1263,.jpg,640,480,165181,c5b8401291f5d2288fab5b79577dce6336fa1ec3d29ef1feaa4c2c2a2fb7f6ec,img_1263,candidate-0501,decoded,JPEG
train,resize,IMG_12640.jpg,IMG_12640,.jpg,640,480,146883,2a5f5763753824e5b2a8df700267d0ef0ee7316298edb71a95cf4eb52b42b062,img_12640,candidate-0502,decoded,JPEG
train,resize,IMG_12700.jpg,IMG_12700,.jpg,640,480,170761,0dd1851191b54f39e4eedb0910c582b0ab09f299249ed7ac93ee76761d7c5e8d,img_12700,candidate-0503,decoded,JPEG
train,resize,IMG_12710.jpg,IMG_12710,.jpg,640,480,178407,f36bf58aa83c34db7ef0de8974ad96608643581cc2193728d191f8ccb4f23a2c,img_12710,candidate-0504,decoded,JPEG
train,resize,IMG_12740.jpg,IMG_12740,.jpg,640,480,140799,dbf729b9333971b01a7878633f06d7bfe44c1b8c7827604bc8643c4f46290252,img_12740,candidate-0505,decoded,JPEG
train,resize,IMG_12750.jpg,IMG_12750,.jpg,640,480,147854,15a9ebfee4bcef4247e28086734c5963c5fd7043f9cf5721b305f816b5730dca,img_12750,candidate-0506,decoded,JPEG
train,resize,IMG_1276.jpg,IMG_1276,.jpg,640,480,128161,be7397d6580855e338601721267f03375a113d50513abab6d58e103f460e70a2,img_1276,candidate-0507,decoded,JPEG
train,resize,IMG_12780.jpg,IMG_12780,.jpg,640,480,150198,608211148311f9b9a6b3eca128d0339199f6779069583296fd6f615305b2651c,img_12780,candidate-0508,decoded,JPEG
train,resize,IMG_12800.jpg,IMG_12800,.jpg,640,480,109507,20b24046eda08b05f165389bdcfe95b4adfa16da60281f1a844a9ef53c85d575,img_12800,candidate-0509,decoded,JPEG
train,resize,IMG_12810_brightness.jpg,IMG_12810_brightness,.jpg,640,480,114229,746bf841d98f054ea2863c9e3e06a6b0da974ab67e4fc7b361c02eb9868c296f,img_12810,candidate-0510,decoded,JPEG
train,resize,IMG_1282.jpg,IMG_1282,.jpg,640,480,174579,10a4caa16350063ad47b3301bf18540c3880f8aa74a05ace991be8705c54f55a,img_1282,candidate-0511,decoded,JPEG
train,resize,IMG_1284.jpg,IMG_1284,.jpg,640,480,121951,d1664f0837d2496b17a912ad1a6afe500691db869fc677c6d45d3387372e879f,img_1284,candidate-0512,decoded,JPEG
train,resize,IMG_1284_brightness.jpg,IMG_1284_brightness,.jpg,640,480,124717,4084f3a555a4a782b6300676480343c0d0cc33661e69fd4e00db8c411e7e39b9,img_1284,candidate-0512,decoded,JPEG
train,resize,IMG_1286.jpg,IMG_1286,.jpg,640,480,103606,6d184fd059bfb60158494803681be52aa129ee36bb36ecb61246328da3211ae4,img_1286,candidate-0513,decoded,JPEG
train,resize,IMG_1286_brightness.jpg,IMG_1286_brightness,.jpg,640,480,106755,0fd94a68cb69fc9f1d2ef759c7c36afe3415c365e2ebbbd005b7601523eac899,img_1286,candidate-0513,decoded,JPEG
train,resize,IMG_1287.jpg,IMG_1287,.jpg,640,480,115167,1111e932cbe8179b05afb9a8603085cadd8983aaa32e84e1ba3ab752afe2e9a8,img_1287,candidate-0514,decoded,JPEG
train,resize,IMG_1287_brightness.jpg,IMG_1287_brightness,.jpg,640,480,118125,784ff2a6a4b0509b9a2258aac34eeade62352813f92fc65c8b5a0da85256c3b0,img_1287,candidate-0514,decoded,JPEG
train,resize,IMG_12890.jpg,IMG_12890,.jpg,640,480,146613,cd6a5a6bb26b014e07c6c80a7674551dd5f8e86ab95ea1752a8b91a1f1cd8892,img_12890,candidate-0515,decoded,JPEG
train,resize,IMG_12900.jpg,IMG_12900,.jpg,640,480,146353,ade1176a0221232a9b31d263c1a1d474f9731e45c2caceadffde644f87930457,img_12900,candidate-0516,decoded,JPEG
train,resize,IMG_12910.jpg,IMG_12910,.jpg,640,480,122378,ee19b8029cf92fcb394f7d1367089807430b968d4ca99b89d9a0cad951266e76,img_12910,candidate-0517,decoded,JPEG
train,resize,IMG_12920.jpg,IMG_12920,.jpg,640,480,116645,aa30e6336774360c5cf30376c9827cf8a9fb39573f58ed2c8807b6cbe3806376,img_12920,candidate-0518,decoded,JPEG
train,resize,IMG_12940.jpg,IMG_12940,.jpg,640,480,175947,13a976e3d1fea1c5a5599cc34a0122f3df87616515719494a84a8a8056df7495,img_12940,candidate-0519,decoded,JPEG
train,resize,IMG_12950.jpg,IMG_12950,.jpg,640,480,146362,3cccfbec897e174b370bf07064c49209ce442e68d62c050d8c682de99b4dd776,img_12950,candidate-0520,decoded,JPEG
train,resize,IMG_12950_brightness.jpg,IMG_12950_brightness,.jpg,640,480,152028,3c5ffee0b39c860a6cbffb4a488b07a7b72280469a54c1e87e6bfaad0e152e8d,img_12950,candidate-0520,decoded,JPEG
train,resize,IMG_12960.jpg,IMG_12960,.jpg,640,480,148321,729bc4dc6995cdda02a8ee9f952391fd43884cb13b03530cd2e189ac0bdea38e,img_12960,candidate-0521,decoded,JPEG
train,resize,IMG_12960_brightness.jpg,IMG_12960_brightness,.jpg,640,480,153991,f3d8c4feeb37d31a54a481dad65e09db92a95cf50d27a24d82dc8cff2e7e6729,img_12960,candidate-0521,decoded,JPEG
train,resize,IMG_12970.jpg,IMG_12970,.jpg,640,480,155921,83541564fba5736b3be36165c0a20b255bc176721840ab0848c26164582c4097,img_12970,candidate-0522,decoded,JPEG
train,resize,IMG_12970_brightness.jpg,IMG_12970_brightness,.jpg,640,480,160736,0615bd4546caff068205dcf8e53fb7b29d33ac0b4efca7375a6191d47aba05a7,img_12970,candidate-0522,decoded,JPEG
train,resize,IMG_12980.jpg,IMG_12980,.jpg,640,480,149745,a5c36e27a19dd0432f393a3f1adcf949f4a9d5673f4a7cf8a061f94b74c3ef55,img_12980,candidate-0523,decoded,JPEG
train,resize,IMG_12980_brightness.jpg,IMG_12980_brightness,.jpg,640,480,154458,260611895fe97a9f2fc84f48d1f53e4512c90a2760718112a19680f5670ddecd,img_12980,candidate-0523,decoded,JPEG
train,resize,IMG_12990.jpg,IMG_12990,.jpg,640,480,117281,d0c8448fda5a38b8b63b67e55acd245a27e01379ebacfbf05402de839ac08d86,img_12990,candidate-0524,decoded,JPEG
train,resize,IMG_13000.jpg,IMG_13000,.jpg,640,480,116245,ef22d378eff3598a48adf99b863a38173098d2e95286c543bd93d20d919c3eec,img_13000,candidate-0525,decoded,JPEG
train,resize,IMG_13010.jpg,IMG_13010,.jpg,640,480,128530,2987d1e633f963162a5fd446243ce8955db619231878019a125c40ebcf6fb528,img_13010,candidate-0526,decoded,JPEG
train,resize,IMG_13020.jpg,IMG_13020,.jpg,640,480,125202,08ba92cfb12e26a5961f4326f68732f6f7137da70567866a26ec089328fcb8d7,img_13020,candidate-0527,decoded,JPEG
train,resize,IMG_13030.jpg,IMG_13030,.jpg,640,480,135994,b24ab324ad3c50910b68a80c82964d763c3b0bf5a251599271160d053dee5db8,img_13030,candidate-0528,decoded,JPEG
train,resize,IMG_13030_brightness.jpg,IMG_13030_brightness,.jpg,640,480,139187,d12fa201f9ee2cd43c98d8a875c011468be2d48bfc149dc07548dc4ddc772a21,img_13030,candidate-0528,decoded,JPEG
train,resize,IMG_13030_noise.jpg,IMG_13030_noise,.jpg,640,480,165413,70ebb8e2855dc39443587e3f4a2db5301f8470ee76bbc11eeb22e2a3422fde40,img_13030,candidate-0528,decoded,JPEG
train,resize,IMG_1304_brightness.jpg,IMG_1304_brightness,.jpg,640,480,149730,5d0a89747cfbf18996cb52ae08be3da16c08365f4505ac3d9d95bc967588e594,img_1304,candidate-0077,decoded,JPEG
train,resize,IMG_1304_noise.jpg,IMG_1304_noise,.jpg,640,480,173216,c4a988d5cf9c432db4a1e4c5640973484a20f93b784cd7a423e6ec48bb1ff255,img_1304,candidate-0077,decoded,JPEG
train,resize,IMG_1305.jpg,IMG_1305,.jpg,640,480,135949,87add8cf0e85e054d63bbfaf77fa9e1778b3e2a84148a6df8d44c3eea2883931,img_1305,candidate-0529,decoded,JPEG
train,resize,IMG_1305_brightness.jpg,IMG_1305_brightness,.jpg,640,480,137948,a8475c76111ec78731e2a3ae03010ace9d7c4beddc3c429894de84f2c8028fb1,img_1305,candidate-0529,decoded,JPEG
train,resize,IMG_1305_noise.jpg,IMG_1305_noise,.jpg,640,480,167456,95b16cc654c0be010a208b0c9a62ab9bd9ee30bfa2c18293fc5fd0c027d295e2,img_1305,candidate-0529,decoded,JPEG
train,resize,IMG_13070.jpg,IMG_13070,.jpg,640,480,136875,6c7b9389e0438029eaa25d5d59492ff8fa40bae7587e39af50c1826dc19769f2,img_13070,candidate-0530,decoded,JPEG
train,resize,IMG_13080.jpg,IMG_13080,.jpg,640,480,120619,1c0664cfbb1d2fa4520ca7846610ce7128fefbd286d2a25f63590d8ff9255f2f,img_13080,candidate-0531,decoded,JPEG
train,resize,IMG_13080_brightness.jpg,IMG_13080_brightness,.jpg,640,480,122507,d04c93fd12ba8a6cd5a3549fe78a21a031ba7513517230c06073095a09d0a612,img_13080,candidate-0531,decoded,JPEG
train,resize,IMG_13080_noise.jpg,IMG_13080_noise,.jpg,640,480,159251,03d97ed9256852f519b7387dda5444c7ac808aa49c9ea84725fca6ccd6bc5811,img_13080,candidate-0531,decoded,JPEG
train,resize,IMG_13100.jpg,IMG_13100,.jpg,640,480,149076,f8695bfe8aafa1207966dbe1847fe30c791e7fe141e1f964231cceaec20baa2f,img_13100,candidate-0532,decoded,JPEG
train,resize,IMG_13120.jpg,IMG_13120,.jpg,640,480,122454,886f64327cd05512ad0e49681205c29fe068d56f37bd6bfe3b43be0612fb2f41,img_13120,candidate-0533,decoded,JPEG
train,resize,IMG_13140.jpg,IMG_13140,.jpg,640,480,143751,b43c16d7914d767ac65788ed7d4cbdce09ea8dc497d61222942e5c9b60855aad,img_13140,candidate-0534,decoded,JPEG
train,resize,IMG_13160.jpg,IMG_13160,.jpg,640,480,133752,e2e3377742772107f204ae0667257ea24d2221141d661e5f4be2d4516daad4db,img_13160,candidate-0535,decoded,JPEG
train,resize,IMG_13170.jpg,IMG_13170,.jpg,640,480,135034,244697389178ac9e0226c5a45aee5f020862103d6b17f3768104c63c169bbc4d,img_13170,candidate-0536,decoded,JPEG
train,resize,IMG_13200.jpg,IMG_13200,.jpg,640,480,123325,478d800ee2e9f2a259b03565e814840048d675d517c0815c348c42362497bb61,img_13200,candidate-0537,decoded,JPEG
train,resize,IMG_13210.jpg,IMG_13210,.jpg,640,480,125490,02291eb79c1098469c38ae05c7f803012533f96b11d5fbd097655795844af125,img_13210,candidate-0538,decoded,JPEG
train,resize,IMG_13230.jpg,IMG_13230,.jpg,640,480,144084,fda9308b33363a213c185d697abaf74aac3b666fbba8141f8c1ba152c7e7497d,img_13230,candidate-0539,decoded,JPEG
train,resize,IMG_13240.jpg,IMG_13240,.jpg,640,480,152118,6a96d12b0623010a379ce3317ce06dcccae51d5089c1f190d96204ffe87b4367,img_13240,candidate-0540,decoded,JPEG
train,resize,IMG_13250.jpg,IMG_13250,.jpg,640,480,138695,2cd8d0e391509825f523cb003e70e0e5c1da5c07b6222bc2ea32d98fbe6867d2,img_13250,candidate-0541,decoded,JPEG
train,resize,IMG_13300.jpg,IMG_13300,.jpg,640,480,144462,5d67e6079524d1b7abd7273e15e688d31be502f38a81f5c01f22e547f457d2d2,img_13300,candidate-0542,decoded,JPEG
train,resize,IMG_13350.jpg,IMG_13350,.jpg,640,480,143018,d171ccc854b2e553d8a350f562d35a13f4db553fedb9621158687c979c90c3fb,img_13350,candidate-0543,decoded,JPEG
train,resize,IMG_13370.jpg,IMG_13370,.jpg,640,480,126715,9dc03db5455d2a19c07c952774fc4447acfdd4c062398bb97c1d31d60205c0d6,img_13370,candidate-0544,decoded,JPEG
train,resize,IMG_13390.jpg,IMG_13390,.jpg,640,480,132002,22bb4d21b82887acd802b37efbeb2f1dd68b26b6f591b82a902996b96a9a2562,img_13390,candidate-0545,decoded,JPEG
train,resize,IMG_13450.jpg,IMG_13450,.jpg,640,480,159478,d7d181decd5750ec801a2085b35b656f2b7442b52d284379aa96d731298b031b,img_13450,candidate-0546,decoded,JPEG
train,resize,IMG_13470.jpg,IMG_13470,.jpg,640,480,146615,cdd8bf17a41a5d15e4ecfa8439b2eefc087a992469cf75940c7c655b22dd92d4,img_13470,candidate-0547,decoded,JPEG
train,resize,IMG_13470_brightness.jpg,IMG_13470_brightness,.jpg,640,480,148930,04e080757c8abe8408097ab422a5a32e8009bcb05b4acb49f49bae3719bf8a21,img_13470,candidate-0547,decoded,JPEG
train,resize,IMG_13480.jpg,IMG_13480,.jpg,640,480,156468,d3f95bd269a1afcc190fa5ad73a9c04764184c314e9de6e8d247f10b89887c95,img_13480,candidate-0548,decoded,JPEG
train,resize,IMG_13490.jpg,IMG_13490,.jpg,640,480,140771,51f832cf1ae129d504c833735d1867e8360e0aaeadcd091184dc6b800673a2c0,img_13490,candidate-0549,decoded,JPEG
train,resize,IMG_1350.jpg,IMG_1350,.jpg,640,480,153357,c4d3b8cd98f14ba4b37dd663ed1749235b72118ea4ff588465ecc7a63130f2bf,img_1350,candidate-0550,decoded,JPEG
train,resize,IMG_1351.jpg,IMG_1351,.jpg,640,480,140723,494ffab18d285ca03f515eb2c4a09708f14128b9586cc6d805a41210926e3ba5,img_1351,candidate-0551,decoded,JPEG
train,resize,IMG_1352.jpg,IMG_1352,.jpg,640,480,138336,8010be06ada6eacc91cda58b2ef5a63ff9b6f591a7908e19a9cc07abd1ba03fe,img_1352,candidate-0552,decoded,JPEG
train,resize,IMG_1352_brightness.jpg,IMG_1352_brightness,.jpg,640,480,142515,c03fa026e88a206f86b3279eec9e0bfd95e38f8a65c0628fad0ffd520927bdf6,img_1352,candidate-0552,decoded,JPEG
train,resize,IMG_1352_noise.jpg,IMG_1352_noise,.jpg,640,480,167577,8e794129541becafa7bf93820ec59cd9e25b975f335c393d3a9bbf3584a79e79,img_1352,candidate-0552,decoded,JPEG
train,resize,IMG_1354.jpg,IMG_1354,.jpg,640,480,136712,653180cb2421cf2da36f817e1bf29159872583dcc5a5e8ed932e3b7d15a95cc0,img_1354,candidate-0553,decoded,JPEG
train,resize,IMG_1354_brightness.jpg,IMG_1354_brightness,.jpg,640,480,139486,0525066b66ab7858bf60af8c6bb6c25aecc746ad87b91f57a945b000efa3e2b9,img_1354,candidate-0553,decoded,JPEG
train,resize,IMG_13550.jpg,IMG_13550,.jpg,640,480,195693,0e232b1210b90086455e480f764538c669409c814e40c29c9ba70129ee11afdc,img_13550,candidate-0554,decoded,JPEG
train,resize,IMG_13560.jpg,IMG_13560,.jpg,640,480,200343,211a5d79ca436dfd5d7cc6d26c181c9531a040b85b13e6350385977d320198c1,img_13560,candidate-0555,decoded,JPEG
train,resize,IMG_13570.jpg,IMG_13570,.jpg,640,480,195993,8ea6e7057e50a5c10498a8df9aeca30100403794925d8bde235ec00c98b75271,img_13570,candidate-0556,decoded,JPEG
train,resize,IMG_13580.jpg,IMG_13580,.jpg,640,480,196950,8670d84927e52730b555d41bee4bb2fdadfc98887dfec885caa1e6be6563c061,img_13580,candidate-0557,decoded,JPEG
train,resize,IMG_13600.jpg,IMG_13600,.jpg,640,480,140533,d733fb632dff352136b3bc52fe9f70321def8fd0c8ee2c918d8529142e5f60e6,img_13600,candidate-0558,decoded,JPEG
train,resize,IMG_13620.jpg,IMG_13620,.jpg,640,480,168740,4dbdd14597ff35d317be29c0797654239f22b76e5c6762ed8fd92ac6ab77f3f5,img_13620,candidate-0559,decoded,JPEG
train,resize,IMG_13630.jpg,IMG_13630,.jpg,640,480,147104,f6c759297e1a2e632a397684b818807f0914bd294457d4544481bfc5a1303cac,img_13630,candidate-0560,decoded,JPEG
train,resize,IMG_13640.jpg,IMG_13640,.jpg,640,480,148266,155fe640c0e739f21b97a7b0087124ea0519bcf51d7113d956f881ea484df388,img_13640,candidate-0561,decoded,JPEG
train,resize,IMG_13650_brightness.jpg,IMG_13650_brightness,.jpg,640,480,134478,6174ec13dda5c4a7064289477c0bdae360f031251e42d2bfc2c0a4a1fba159cd,img_13650,candidate-0094,decoded,JPEG
train,resize,IMG_13660.jpg,IMG_13660,.jpg,640,480,149480,241323c23154ca4270e78719cd74e9b0d40a0863e2391f9cc0a2fa00f1909b09,img_13660,candidate-0562,decoded,JPEG
train,resize,IMG_13670.jpg,IMG_13670,.jpg,640,480,135608,a1792518fcb01070e14a2902c7314a6f3a58965e1e5f37c7e6cca6c3285ceaec,img_13670,candidate-0563,decoded,JPEG
train,resize,IMG_1369.jpg,IMG_1369,.jpg,640,480,148932,d509b0186fa421ee9c9a32eb8cca4535ed0a6fec7d61645018b291550653cd4b,img_1369,candidate-0564,decoded,JPEG
train,resize,IMG_13700_brightness.jpg,IMG_13700_brightness,.jpg,640,480,127360,b485a9ebe862bf9951d48a0cce95b899302470d191492b89d8612f5a44d9d79a,img_13700,candidate-0565,decoded,JPEG
train,resize,IMG_1371.jpg,IMG_1371,.jpg,640,480,184611,d90cfca0ce9bd8647182b8f98efc5b14c6b074f85c6cf3ba5982bd89124a8cda,img_1371,candidate-0566,decoded,JPEG
train,resize,IMG_13720.jpg,IMG_13720,.jpg,640,480,137794,ae3a6da48065a5d776115508ace06eb1b2a454f8317126b707c96f0baac00907,img_13720,candidate-0567,decoded,JPEG
train,resize,IMG_13730.jpg,IMG_13730,.jpg,640,480,161544,639285f0213e01ad924455d528ff016941aac0de6368600ba8c42da4bb5d5e19,img_13730,candidate-0568,decoded,JPEG
train,resize,IMG_13740.jpg,IMG_13740,.jpg,640,480,167993,87579cdff7a09409e8eaf81a5cb80a6e4444155750b0a4de6431fd8f3df06ca3,img_13740,candidate-0569,decoded,JPEG
train,resize,IMG_13740_brightness.jpg,IMG_13740_brightness,.jpg,640,480,172681,d11b6ef02d00a6ef4ff67afe987ce99b2d9618902afe92558e1c4c06a8de5cc1,img_13740,candidate-0569,decoded,JPEG
train,resize,IMG_13760.jpg,IMG_13760,.jpg,640,480,181040,d0712e21e340ba217f42342cb87496cb15d075db84db8e6c457f00aac1847c63,img_13760,candidate-0570,decoded,JPEG
train,resize,IMG_13790.jpg,IMG_13790,.jpg,640,480,147591,dfc8e084f9484f82f9020f30fa7119034fa714bb51258bada1e9995b5f408865,img_13790,candidate-0571,decoded,JPEG
train,resize,IMG_13790_brightness.jpg,IMG_13790_brightness,.jpg,640,480,151467,a0e97cda69468fe695d81ce71751d570b9d509db6e6ffe872ef3c2fbd5144032,img_13790,candidate-0571,decoded,JPEG
train,resize,IMG_1381_brightness.jpg,IMG_1381_brightness,.jpg,640,480,177007,df058013edd47d784a023291d3b77f1845da95f16a970e525a680579c48530d1,img_1381,candidate-0572,decoded,JPEG
train,resize,IMG_1382.jpg,IMG_1382,.jpg,640,480,166134,41fea0f81603562cc9c9aa41135a361d4274465ed29d9893f577f9596e2ace68,img_1382,candidate-0573,decoded,JPEG
train,resize,IMG_1382_brightness.jpg,IMG_1382_brightness,.jpg,640,480,170464,56385281919f91d676a6d4a3aea2ee56eb421d76b1d87c8541e212832b12bd84,img_1382,candidate-0573,decoded,JPEG
train,resize,IMG_13840.jpg,IMG_13840,.jpg,640,480,122540,46f0f9dac5cf685bc3b86d6563542dd8794c936c30a74bf730bb51fbf35b207f,img_13840,candidate-0574,decoded,JPEG
train,resize,IMG_13860.jpg,IMG_13860,.jpg,640,480,152876,feac99fb85a0de74b8b1f9b7854dded24bafd7ccbd10ef4a7a5d57f14040a0a5,img_13860,candidate-0575,decoded,JPEG
train,resize,IMG_1387_brightness.jpg,IMG_1387_brightness,.jpg,640,480,144212,3a4dc41715b710ce2df5c321be029f514fbee398453d17db3ac52bb02f6b9640,img_1387,candidate-0102,decoded,JPEG
train,resize,IMG_1389_brightness.jpg,IMG_1389_brightness,.jpg,640,480,160826,bd1e12217a88edf34f798300ecbeb4aab21a539d665cc63202895a40a9e36076,img_1389,candidate-0104,decoded,JPEG
train,resize,IMG_1389_noise.jpg,IMG_1389_noise,.jpg,640,480,177695,c6a13a41b2f7818c49becdaa2a87de44736f4e087a6a2b0f463b45a160d64001,img_1389,candidate-0104,decoded,JPEG
train,resize,IMG_1390_noise.jpg,IMG_1390_noise,.jpg,640,480,151024,198087b3bdbfaec69c6064941d195d439c7dd37569c218803824689e441c2fe1,img_1390,candidate-0105,decoded,JPEG
train,resize,IMG_13910.jpg,IMG_13910,.jpg,640,480,124037,61a940b2be1d3bb6e6f1df7137ffc518528a06548d89cc7fdf18f38c7f5cbee5,img_13910,candidate-0576,decoded,JPEG
train,resize,IMG_13930_brightness.jpg,IMG_13930_brightness,.jpg,640,480,142976,92a3815381cf0d2573aae9f677ba2c7728441238e1b1455966619d0a0c9405ce,img_13930,candidate-0577,decoded,JPEG
train,resize,IMG_13960_brightness.jpg,IMG_13960_brightness,.jpg,640,480,145633,83f59f69c3a5498ba379a7124512d12f3c4c5a96373d71f8a8505b51828e9ed7,img_13960,candidate-0578,decoded,JPEG
train,resize,IMG_1397.jpg,IMG_1397,.jpg,640,480,109703,cc783f98214c32df3b998aae6ee7341ed4336db857c321478bd34262fdd6e099,img_1397,candidate-0579,decoded,JPEG
train,resize,IMG_1399.jpg,IMG_1399,.jpg,640,480,146725,e96f2e5689239b47e58d03ee9f5eb00049b392c656d70808806021fcfe98c89a,img_1399,candidate-0580,decoded,JPEG
train,resize,IMG_14000.jpg,IMG_14000,.jpg,640,480,105328,e6c1a49bce9ca94c8407c988c96d8d634184fe5a959d3d985a314aeba93227bd,img_14000,candidate-0581,decoded,JPEG
train,resize,IMG_14020.jpg,IMG_14020,.jpg,640,480,103188,1e8b121184b8d3bd4ddd4580f067862e09f33b98823a7d2f0ff329564d5ed592,img_14020,candidate-0582,decoded,JPEG
train,resize,IMG_14040_brightness.jpg,IMG_14040_brightness,.jpg,640,480,113626,cd34abb80844d2555f73a36e421ff307efcd59756efbe0e91f4f5caebf0de9df,img_14040,candidate-0583,decoded,JPEG
train,resize,IMG_1406.jpg,IMG_1406,.jpg,640,480,148022,6892f76a8b0449d54f23a532e3c7693788e6afca8c4df3dbca17a1aee2b42812,img_1406,candidate-0584,decoded,JPEG
train,resize,IMG_1406_noise.jpg,IMG_1406_noise,.jpg,640,480,173374,669c26b2f4b72354858e340c2e2325b21f465ab80201b19f9df845d0820ee744,img_1406,candidate-0584,decoded,JPEG
train,resize,IMG_1407.jpg,IMG_1407,.jpg,640,480,140575,a7397e6b94c119a0083f7b6407ed93559c0431e8b02af2b49912c5faf02f4922,img_1407,candidate-0585,decoded,JPEG
train,resize,IMG_1407_brightness.jpg,IMG_1407_brightness,.jpg,640,480,144358,81055888dfa7cf57adea8c66331ceeeb6006d88b3659de182b1ce654c0bae7f9,img_1407,candidate-0585,decoded,JPEG
train,resize,IMG_1407_noise.jpg,IMG_1407_noise,.jpg,640,480,170290,f58de3fdb0e53c422e1594389af720a37a16649e00c2fe5b98c9840624fbb3e7,img_1407,candidate-0585,decoded,JPEG
train,resize,IMG_14100.jpg,IMG_14100,.jpg,640,480,148194,7259b7af3431f56ea03cc67e45cbad495a090b685bee90211e78af69d68b1495,img_14100,candidate-0586,decoded,JPEG
train,resize,IMG_14110.jpg,IMG_14110,.jpg,640,480,150312,87007dda54b98ce4a663547117f993c7b8da8fa3f5ab0fd2ce84124bcba7345f,img_14110,candidate-0587,decoded,JPEG
train,resize,IMG_14130.jpg,IMG_14130,.jpg,640,480,159337,cc1be0f2061b7b566b64cba1d6e0918206c4dcfe17e2e0e0db8048964dd99e76,img_14130,candidate-0588,decoded,JPEG
train,resize,IMG_1414.jpg,IMG_1414,.jpg,640,480,123927,6e90b9a3b9f52fcea15602c90c10dca1ff6a8010325ae419fbf24e4114868d13,img_1414,candidate-0589,decoded,JPEG
train,resize,IMG_14150.jpg,IMG_14150,.jpg,640,480,135805,1aab1dcc9e19c24a4fda746a7e6645b578cab622f21655d861dcd119b0d9bc9d,img_14150,candidate-0590,decoded,JPEG
train,resize,IMG_1418.jpg,IMG_1418,.jpg,640,480,129422,0de68b30816ae1e73149ab21d4e6772372b81d50c29e5f96801e2a7c7811b551,img_1418,candidate-0591,decoded,JPEG
train,resize,IMG_1418_brightness.jpg,IMG_1418_brightness,.jpg,640,480,133452,364632ea47434cad9f752eadd1d0cec6bc796d34ca95a4aa0fa2dbc2635b2b53,img_1418,candidate-0591,decoded,JPEG
train,resize,IMG_1418_noise.jpg,IMG_1418_noise,.jpg,640,480,163859,2f446f2302bcd6edc2fd844f0ea8aa1f2b4a2337c22f50151cb96b3065c44334,img_1418,candidate-0591,decoded,JPEG
train,resize,IMG_1419_brightness.jpg,IMG_1419_brightness,.jpg,640,480,130962,47a35c4cee97945f1884c2c3c6a6af0eadf9f1c40a422438ae1381c1d163f92d,img_1419,candidate-0118,decoded,JPEG
train,resize,IMG_1420.jpg,IMG_1420,.jpg,640,480,117742,c66b3b31275e2b9259d69b993d24a6d05a756b9f3bd3c84b7579532975065e43,img_1420,candidate-0592,decoded,JPEG
train,resize,IMG_1421.jpg,IMG_1421,.jpg,640,480,133632,10e0e573ddf8858f287fd2257f231823127c2c6f3d62de894727687233bf1db9,img_1421,candidate-0593,decoded,JPEG
train,resize,IMG_1422.jpg,IMG_1422,.jpg,640,480,163918,4c22cdc8d5c982416ecd30509483b6650ad4e935ff0e54d3ee29888e602bf4ae,img_1422,candidate-0594,decoded,JPEG
train,resize,IMG_1423.jpg,IMG_1423,.jpg,640,480,161687,b6b65ddb7936a53da060de3d6984d9ebe67a4ce3faf577a9b2379b03910f2c19,img_1423,candidate-0595,decoded,JPEG
train,resize,IMG_14240.jpg,IMG_14240,.jpg,640,480,119620,e74cc4ffc9a9cc8af94a15899d713e193864da7fcd5b49c16d71c34e8de2c27f,img_14240,candidate-0596,decoded,JPEG
train,resize,IMG_14250.jpg,IMG_14250,.jpg,640,480,153058,def96cfb95160fde11cac45f3ecde37db2fd7a4c67003546992746d404e03bdc,img_14250,candidate-0597,decoded,JPEG
train,resize,IMG_14260.jpg,IMG_14260,.jpg,640,480,156809,2761d91e48b3c40352072798bf2ca5b34f1ce5d06d5195b1ad768f1f040cf7e9,img_14260,candidate-0598,decoded,JPEG
train,resize,IMG_14270.jpg,IMG_14270,.jpg,640,480,121332,bf0ffb4e2305d219f75d099567ab79663c1cec03d2bc898c68f259543cc88fb0,img_14270,candidate-0599,decoded,JPEG
train,resize,IMG_14280.jpg,IMG_14280,.jpg,640,480,128244,39b43f62b2e97b1f5cc34ed86235f98132c5b6f1dec1547d32a57daf677b7e3c,img_14280,candidate-0600,decoded,JPEG
train,resize,IMG_1429.jpg,IMG_1429,.jpg,640,480,147632,b7285cda42a58c7d09ae068337a32a6bcfaf76f0a81b8baf6d031e04c1ad75fa,img_1429,candidate-0601,decoded,JPEG
train,resize,IMG_14310.jpg,IMG_14310,.jpg,640,480,138663,64aa8b1e486952ed8d0cbfeb4af2ce457f3a5002d6aaa80cf145650d4df37838,img_14310,candidate-0602,decoded,JPEG
train,resize,IMG_1432.jpg,IMG_1432,.jpg,640,480,113995,d14d345a132e8c1ae0594c8d7c9405c1b2edf45068a25559c0814840b7929bd7,img_1432,candidate-0603,decoded,JPEG
train,resize,IMG_14330.jpg,IMG_14330,.jpg,640,480,149599,0c8e082a59886af9bb21665eddb33947a090cef3b75b2388a101d1a158c57400,img_14330,candidate-0604,decoded,JPEG
train,resize,IMG_1434.jpg,IMG_1434,.jpg,640,480,111458,2cfb5f1150049138ab0a2746329df25687187335a7a3462159a19d1fbb6c6cc8,img_1434,candidate-0605,decoded,JPEG
train,resize,IMG_14350.jpg,IMG_14350,.jpg,640,480,157418,4b998be6052dcd47d0d53a076bda540b12b832d0e9c1c2ffbb18d44da9a57a05,img_14350,candidate-0606,decoded,JPEG
train,resize,IMG_14360.jpg,IMG_14360,.jpg,640,480,122982,7fb6f64c8ef0ba32b7ec96e3bb8a419cb6322ecb1e054512400425fe23bbf0b7,img_14360,candidate-0607,decoded,JPEG
train,resize,IMG_14360_noise.jpg,IMG_14360_noise,.jpg,640,480,161253,99bb892327f4d1b1885987a067861a33af6b2cdaac3d31c8e9419725bf3e847e,img_14360,candidate-0607,decoded,JPEG
train,resize,IMG_1437.jpg,IMG_1437,.jpg,640,480,111385,994e61668847665821ca702fd4116b319ac5484db5c5a1b687219647f7870e17,img_1437,candidate-0608,decoded,JPEG
train,resize,IMG_14380.jpg,IMG_14380,.jpg,640,480,134033,c01164ac4c013d0587397ed13939fc2115543cae9f74c78e3be631826a597a70,img_14380,candidate-0609,decoded,JPEG
train,resize,IMG_14390.jpg,IMG_14390,.jpg,640,480,160295,54371382036cd791654817ee7e04c29bf98c321581d90706223f1f5991966db1,img_14390,candidate-0610,decoded,JPEG
train,resize,IMG_1440.jpg,IMG_1440,.jpg,640,480,115114,30ffbbd9509579413654d2c6d9ad04b5d0e00155356b821e22addc2b3a0af93a,img_1440,candidate-0611,decoded,JPEG
train,resize,IMG_14410.jpg,IMG_14410,.jpg,640,480,134198,21a88c9e053208d829e825ecd11bd4dba4a9894bb38942e67451a3abfb567e78,img_14410,candidate-0612,decoded,JPEG
train,resize,IMG_14410_brightness.jpg,IMG_14410_brightness,.jpg,640,480,136460,5091c391ad7b7df08ec48843405beccffa4ab3261a88071c7ba10cfc82b90078,img_14410,candidate-0612,decoded,JPEG
train,resize,IMG_14410_noise.jpg,IMG_14410_noise,.jpg,640,480,165462,87fdf5f85b41a745b601bba4aaa3599ff05d0e58354f64a72aa61d16981566cd,img_14410,candidate-0612,decoded,JPEG
train,resize,IMG_14420_brightness.jpg,IMG_14420_brightness,.jpg,640,480,123215,848401a865eac2cf8e68f1fdb181730a97f7d70ca2a7247ccbfa9c8371629b7e,img_14420,candidate-0120,decoded,JPEG
train,resize,IMG_14420_noise.jpg,IMG_14420_noise,.jpg,640,480,158608,28e18fe45873b6e25096637c2d120b97fe5d09159b92494e74d156941827076e,img_14420,candidate-0120,decoded,JPEG
train,resize,IMG_14440.jpg,IMG_14440,.jpg,640,480,123699,ed0413dc97440f59ad072e5accb4ca7507866609153db1e92ee05a95494ac9cf,img_14440,candidate-0613,decoded,JPEG
train,resize,IMG_1447.jpg,IMG_1447,.jpg,640,480,122791,ad4208fd5f53d61c174b1d192b3c33d98f7b30d56b3b910b0756ca0a972270bc,img_1447,candidate-0614,decoded,JPEG
train,resize,IMG_1449.jpg,IMG_1449,.jpg,640,480,173827,5103e4bb48a7d6e63ebd81f1df74ada60baa8fc827b5151f37bebbfdee606351,img_1449,candidate-0615,decoded,JPEG
train,resize,IMG_1451.jpg,IMG_1451,.jpg,640,480,114998,6643fd3b2b539d70a83dc4e2fc7b26e1e3967a3b293fbcf1151339d83f1547b0,img_1451,candidate-0616,decoded,JPEG
train,resize,IMG_14530.jpg,IMG_14530,.jpg,640,480,138323,dc157bd474ce8d88fc57aa3dbe3d375393f8f5cf20ceb57b091877620dc3ccb6,img_14530,candidate-0617,decoded,JPEG
train,resize,IMG_1454.jpg,IMG_1454,.jpg,640,480,119227,e34c749260d12ce92294c399d4b83d71779bec1260e70c3c797722e34bd43527,img_1454,candidate-0618,decoded,JPEG
train,resize,IMG_1455.jpg,IMG_1455,.jpg,640,480,184285,b48d2a4d602d7294f139ca0865d2bb7b6a2c93c2899748e673c127c077f17416,img_1455,candidate-0619,decoded,JPEG
train,resize,IMG_14550.jpg,IMG_14550,.jpg,640,480,184036,73ce7682ba99468aec3f76ab0eab0a9742f38db21864dd0b95b412a1d29c434d,img_14550,candidate-0620,decoded,JPEG
train,resize,IMG_1457.jpg,IMG_1457,.jpg,640,480,133967,b75bd4d524e2f9862431cb8ac89e4eda44af08e89adc8375e511b8dd685ed391,img_1457,candidate-0621,decoded,JPEG
train,resize,IMG_1458.jpg,IMG_1458,.jpg,640,480,126377,e612fd1de4553a3371d5076a48b27318bd3155c18dc6d00cc6fbb951623d5af9,img_1458,candidate-0622,decoded,JPEG
train,resize,IMG_1458_brightness.jpg,IMG_1458_brightness,.jpg,640,480,126646,d7359860959013a766c97d0092f47c8fd702b42868985f3ebd0c19207ae02bde,img_1458,candidate-0622,decoded,JPEG
train,resize,IMG_1462.jpg,IMG_1462,.jpg,640,480,119635,40b621dd18535c9700b8b24fc23d4e9d71345452ec2f1a4c442e2bb99a3a2825,img_1462,candidate-0623,decoded,JPEG
train,resize,IMG_1463.jpg,IMG_1463,.jpg,640,480,124502,61894cd29f8b084299dbed9a65e5af54241f9c54e3b6cfb6d3f8943ab82ff22d,img_1463,candidate-0624,decoded,JPEG
train,resize,IMG_14650.jpg,IMG_14650,.jpg,640,480,150098,9afe17005dfa2271c199c475c2972eee322a82abdb88a089a96ed1cb9cc4aba3,img_14650,candidate-0625,decoded,JPEG
train,resize,IMG_1468.jpg,IMG_1468,.jpg,640,480,107632,03751ee05fa1f3e4d77727ecb8b2d2f9318542cb530a16c2a73ea008bb54a831,img_1468,candidate-0626,decoded,JPEG
train,resize,IMG_1469_brightness.jpg,IMG_1469_brightness,.jpg,640,480,160931,78d31bbf1ee78a3a06654a08735faf79d4fff8dc08294cc26f51974fb1257124,img_1469,candidate-0130,decoded,JPEG
train,resize,IMG_1469_noise.jpg,IMG_1469_noise,.jpg,640,480,178393,959c8d8bdfec594f43b1c28c342fbe7081a2e93d1842ba41a1ff69c5661187c6,img_1469,candidate-0130,decoded,JPEG
train,resize,IMG_14710.jpg,IMG_14710,.jpg,640,480,128708,c9a40050f6be443cd4b5477498537b37c8877080d3a8947f0c6bb296836c81af,img_14710,candidate-0627,decoded,JPEG
train,resize,IMG_1472.jpg,IMG_1472,.jpg,640,480,138688,424ef6991de63d85bbb679efd9376ae5b08d62080ae9f0415c9a053258fe6bf4,img_1472,candidate-0628,decoded,JPEG
train,resize,IMG_14730.jpg,IMG_14730,.jpg,640,480,146355,e863ba00ba2d94ae75240c213c7ed1a944ac5946ab5e7490d9b4befea492441e,img_14730,candidate-0629,decoded,JPEG
train,resize,IMG_1474.jpg,IMG_1474,.jpg,640,480,136893,1b412daddff970afde758e8fba6fdbbdf88c1b2d8885e32cdccdf894d53a6647,img_1474,candidate-0630,decoded,JPEG
train,resize,IMG_1476.jpg,IMG_1476,.jpg,640,480,102452,a07f0b2c580ecee5cf2e71d0c1641f04610298d8e643b87a5d3dc706a0a1fa14,img_1476,candidate-0631,decoded,JPEG
train,resize,IMG_1477.jpg,IMG_1477,.jpg,640,480,85504,0dab6e018300761cb9f25f23621f1498e50ee02df109a28fc94164c0356b1277,img_1477,candidate-0632,decoded,JPEG
train,resize,IMG_15621.jpg,IMG_15621,.jpg,640,480,115596,bcd929718ac36169cb1bdc5610a39f16ffc52008d20ba88483f006ecf745e7ba,img_15621,candidate-0633,decoded,JPEG
train,resize,IMG_5384.jpg,IMG_5384,.jpg,640,480,179023,bf13fb3999a1aa74e4de25240bcae8edda0675d076d01ded0ef2f513909b85fa,img_5384,candidate-0634,decoded,JPEG
train,resize,IMG_5386.jpg,IMG_5386,.jpg,640,480,172571,360be45d629846ef582dd6beb67d10812a3a82ce81ac5a05c9a609e95c970048,img_5386,candidate-0635,decoded,JPEG
train,resize,IMG_5390.jpg,IMG_5390,.jpg,640,480,176198,f2cdef176ece92cab521f4bcc94211fcdfbf6ae081ffa5591e5d10faff217202,img_5390,candidate-0636,decoded,JPEG
train,resize,IMG_53910.jpg,IMG_53910,.jpg,640,480,151868,83c4a09fd60467a96081d147936d3a73b1c87e78b65744b4ea0977eb70b80ebe,img_53910,candidate-0637,decoded,JPEG
train,resize,IMG_5392.jpg,IMG_5392,.jpg,640,480,136058,3bb1d9ca522534028136c3f098a5765ce0ea57b3f4f8eb4b995223bc764e7e5f,img_5392,candidate-0638,decoded,JPEG
train,resize,IMG_53940.jpg,IMG_53940,.jpg,640,480,170015,85d1ec6218d34a971dcff98105234446dcdbf457da09f18b705d40fc72cea07a,img_53940,candidate-0639,decoded,JPEG
train,resize,IMG_53960.jpg,IMG_53960,.jpg,640,480,125405,c529ca30be2a7e09c765c2cf4a51bcd5193e2be379c33756f9e8e190fc7d4da9,img_53960,candidate-0640,decoded,JPEG
train,resize,IMG_53980.jpg,IMG_53980,.jpg,640,480,167630,f3e4f1d11d10e4335b265898e2a86abc41006975e6bc5cb9a3e62582c1749187,img_53980,candidate-0641,decoded,JPEG
train,resize,IMG_53990.jpg,IMG_53990,.jpg,640,480,195726,cba50a59adbc5521cf772207fdb7dfde90ac0706c8a30775fdc2bd85107cb25f,img_53990,candidate-0642,decoded,JPEG
train,resize,IMG_54000.jpg,IMG_54000,.jpg,640,480,150777,57cc6ee231289772cddbdd2c1101eda8c39edcabec105a71738a204c3fb4300f,img_54000,candidate-0643,decoded,JPEG
train,resize,IMG_5401.jpg,IMG_5401,.jpg,640,480,131020,c5fded2559e77cf8c71e89101cad7aa7982fdc440ca6f4d9e9445e2133665c27,img_5401,candidate-0644,decoded,JPEG
train,resize,IMG_5402.jpg,IMG_5402,.jpg,640,480,116489,34374e7e1d5151f8917ec52e79a77b6fdd6440801064c2ffdb53c5e6f63c0b14,img_5402,candidate-0645,decoded,JPEG
train,resize,IMG_54030.jpg,IMG_54030,.jpg,640,480,142171,c01e2ecf4a8ba10163faaa15c9f5cd3a1e500d3153174e3f7fec5d38bf6ea0cb,img_54030,candidate-0646,decoded,JPEG
train,resize,IMG_5404.jpg,IMG_5404,.jpg,640,480,134608,73e13d34380d558af8ed4d0448abd20ef6d49cd89c75f5b86074dd50d4e50802,img_5404,candidate-0647,decoded,JPEG
train,resize,IMG_5406.jpg,IMG_5406,.jpg,640,480,131054,1cbcff81eea0e1def55c591de32a6212fab450a36777d374a554eb77e3ddf4e5,img_5406,candidate-0648,decoded,JPEG
train,resize,IMG_5407.jpg,IMG_5407,.jpg,640,480,137768,df696f594197f75965cde71be5326a8bc810c57ad06b7c20ced5f6f0a055d4f0,img_5407,candidate-0649,decoded,JPEG
train,resize,IMG_5408.jpg,IMG_5408,.jpg,640,480,176927,3fd97c3cb75d9d6a58863606ba572a60540a887faf5cadd14dadcb95c67179aa,img_5408,candidate-0650,decoded,JPEG
train,resize,IMG_54100.jpg,IMG_54100,.jpg,640,480,143845,62128cd37f2c78fcdd8a5145ce6a9779b95fe9b1644fa90bad0ba807e4099015,img_54100,candidate-0651,decoded,JPEG
train,resize,IMG_54100_brightness.jpg,IMG_54100_brightness,.jpg,640,480,146516,0e98e147e3f656da330bccd7d52085e33f16e62883c98daf277403f8a664f820,img_54100,candidate-0651,decoded,JPEG
train,resize,IMG_54110.jpg,IMG_54110,.jpg,640,480,160299,0819ee3ffe458c65c5832064c2fff522ba28604d2c65afcf8874815d5af0afe8,img_54110,candidate-0652,decoded,JPEG
train,resize,IMG_54120.jpg,IMG_54120,.jpg,640,480,136456,8d976656fe7ec0e859cf19d0f51a132d7fd76fe587c85518a42e244ac643c7b9,img_54120,candidate-0653,decoded,JPEG
train,resize,IMG_54150.jpg,IMG_54150,.jpg,640,480,165688,c7c4bda705fb0cb16df64d421647aa44c1ce1a3f8175bb6c02b04baceecafa12,img_54150,candidate-0654,decoded,JPEG
train,resize,IMG_54160_noise.jpg,IMG_54160_noise,.jpg,640,480,168199,52cabbcd652ede72adec9fba32b5138c2040081b564b5d84eab64258d37c467e,img_54160,candidate-0142,decoded,JPEG
train,resize,IMG_5417.jpg,IMG_5417,.jpg,640,480,158667,1d87a7c51c2d750177f5b812f10947b0a7b4e55fdbb141d0d8a4eb60e7165a77,img_5417,candidate-0655,decoded,JPEG
train,resize,IMG_54190_noise.jpg,IMG_54190_noise,.jpg,640,480,199951,b4a8dcb90edc5a9ce3914d95ecd1ebbde5b5e1d64e2e08df2db098f176a80d6c,img_54190,candidate-0144,decoded,JPEG
train,resize,IMG_54200.jpg,IMG_54200,.jpg,640,480,162999,5bfb4b7876a57ab3bfd2a60ae793e5e38cad970d584bb69f3c17c8ab2db981cc,img_54200,candidate-0656,decoded,JPEG
train,resize,IMG_54200_brightness.jpg,IMG_54200_brightness,.jpg,640,480,168300,4566d81a67ca8abd652403e78aa9867223e9d0d5e00360d504c8452a15373774,img_54200,candidate-0656,decoded,JPEG
train,resize,IMG_54200_noise.jpg,IMG_54200_noise,.jpg,640,480,182613,f6492ff78bd7d464eb4327d5c544e37b51221144d1ffda973bc6ed7546aca731,img_54200,candidate-0656,decoded,JPEG
train,resize,IMG_54210.jpg,IMG_54210,.jpg,640,480,177936,7ff31a4c5867405f11a55e0242f34c73290d95913d50ae4782bc80ee04dd3ecc,img_54210,candidate-0657,decoded,JPEG
train,resize,IMG_54220.jpg,IMG_54220,.jpg,640,480,166673,eebe654f8167820f4a4f73d26dccb286c27e267819833a6e76380ad1524b5885,img_54220,candidate-0658,decoded,JPEG
train,resize,IMG_54230.jpg,IMG_54230,.jpg,640,480,175686,e5d16f0755fef32b3fc600277eb59f1bdb113959656287d8b406a66f0dbcbaa6,img_54230,candidate-0659,decoded,JPEG
train,resize,IMG_54240.jpg,IMG_54240,.jpg,640,480,168136,8ab70ce24ce12338deed3b1f3112ad1beeb1fe9523d8326c40b6427d44555505,img_54240,candidate-0660,decoded,JPEG
train,resize,IMG_5425.jpg,IMG_5425,.jpg,640,480,114038,7293a1e6e74ff7b8a5c16dae72894bfef2f9c755059bce1c1da3ab6b765aee48,img_5425,candidate-0661,decoded,JPEG
train,resize,IMG_54260.jpg,IMG_54260,.jpg,640,480,204277,aaced59a64d9e93a91be3a376b2ae7ee93f9f0f0cdd4adb38d07db7016b5d2c5,img_54260,candidate-0662,decoded,JPEG
train,resize,IMG_54270.jpg,IMG_54270,.jpg,640,480,212370,03ae2ed4e5db2ed09a42b791628fc7439ed4c40f80e5af72161b2eaa5537e7ed,img_54270,candidate-0663,decoded,JPEG
train,resize,IMG_5431.jpg,IMG_5431,.jpg,640,480,161865,4a00c37ffbd5d248b60f073ad9da47976761addb70944a79e76bff71df1fcfe9,img_5431,candidate-0664,decoded,JPEG
train,resize,IMG_54320.jpg,IMG_54320,.jpg,640,480,157975,28d3b3b6b88db694cb05fd6fe74dc2f39dfcd0eca53fee9b4ccce32cd542429e,img_54320,candidate-0665,decoded,JPEG
train,resize,IMG_54330.jpg,IMG_54330,.jpg,640,480,191798,0bb0b310ab673eb8a6d4365c129aa867683e6594f6e05ea13109f933dce630ef,img_54330,candidate-0666,decoded,JPEG
train,resize,IMG_54340.jpg,IMG_54340,.jpg,640,480,144632,b39127fde866d9140b473f18762a1324d4e673e527cf321915baf0a68ed0e08d,img_54340,candidate-0667,decoded,JPEG
train,resize,IMG_54360.jpg,IMG_54360,.jpg,640,480,149815,6c5de15db09ea97aaba009ac672a61532f1251a3bfcfae14160c9149c215f3b3,img_54360,candidate-0668,decoded,JPEG
train,resize,IMG_54370_brightness.jpg,IMG_54370_brightness,.jpg,640,480,137679,76e2ab37c3362c32b51fbb4c7d0b5390149c4a1aceed26a3b017987d7bddd47f,img_54370,candidate-0149,decoded,JPEG
train,resize,IMG_54370_noise.jpg,IMG_54370_noise,.jpg,640,480,167202,907e8b3fbf0dd4125c8a892f051c3a4f95bd647a1eee4c624dacef7ae65748b3,img_54370,candidate-0149,decoded,JPEG
train,resize,IMG_54380.jpg,IMG_54380,.jpg,640,480,215760,474c9a4748a4f6fd53c25da2438a61ea4534bfb89608540bb06e7629ad8e633d,img_54380,candidate-0669,decoded,JPEG
train,resize,IMG_5439.jpg,IMG_5439,.jpg,640,480,165373,68908feb3be66da0cd509898b6b4bbe7d0b139a882175012806060145decf038,img_5439,candidate-0670,decoded,JPEG
train,resize,IMG_54400.jpg,IMG_54400,.jpg,640,480,181925,8339e95fdc81992312eae739a313957eea1738914f003a14cf71de9746411a58,img_54400,candidate-0671,decoded,JPEG
train,resize,IMG_5443.jpg,IMG_5443,.jpg,640,480,173979,a9c9a43a3042a6979990f52c0458e39819fe1153685b3f76a920091402c7b049,img_5443,candidate-0672,decoded,JPEG
train,resize,IMG_54450_brightness.jpg,IMG_54450_brightness,.jpg,640,480,188669,3af3341402562b4fb1935363e18f83a4fd792488a6221e09eabab53ea4e3c9aa,img_54450,candidate-0152,decoded,JPEG
train,resize,IMG_54450_noise.jpg,IMG_54450_noise,.jpg,640,480,196734,e746266aa0ba66a8acaa6d678e1870950a5672e7f0609b17ab7edaf80f94d13f,img_54450,candidate-0152,decoded,JPEG
train,resize,IMG_54460.jpg,IMG_54460,.jpg,640,480,180965,34444973c6705d8879e37dfc55f18e29730317727bec2b851263dd89039034b5,img_54460,candidate-0673,decoded,JPEG
train,resize,IMG_54480.jpg,IMG_54480,.jpg,640,480,173544,c5d9cc21d036eac8fbaf54df997a506328957ca837f31e5fffdefb39797f68a4,img_54480,candidate-0674,decoded,JPEG
train,resize,IMG_5449.jpg,IMG_5449,.jpg,640,480,174954,ff81d27c0b8a4685857f45394d546b4ebe0bc5c6aa32607a82c06cfc0ce8df8d,img_5449,candidate-0675,decoded,JPEG
train,resize,IMG_5451.jpg,IMG_5451,.jpg,640,480,156343,6729406c36a8b7d601993ae4568c7d87c2dbe81222c4b1fba9ae7702b89a9e8d,img_5451,candidate-0676,decoded,JPEG
train,resize,IMG_5452.jpg,IMG_5452,.jpg,640,480,208892,c03354fb1064a332f6171df18e4f651777078664a4ff101de9f5dba405c130d7,img_5452,candidate-0677,decoded,JPEG
train,resize,IMG_54530.jpg,IMG_54530,.jpg,640,480,165629,360b0d5f4ebf47aab5383518f35f4b5aec38fc4cf1c2782cdd8d6f3582fba314,img_54530,candidate-0678,decoded,JPEG
train,resize,IMG_54570.jpg,IMG_54570,.jpg,640,480,159749,04eaa56a28b59d5500515ac56345b367797d4f11f9687ba5df32bd11a725a95e,img_54570,candidate-0679,decoded,JPEG
train,resize,IMG_54580.jpg,IMG_54580,.jpg,640,480,154034,63433c40fac479b71f4a74ab5d104eb8f707b4a3a9050e84304e069c786a7f7b,img_54580,candidate-0680,decoded,JPEG
train,resize,IMG_54590.jpg,IMG_54590,.jpg,640,480,208625,808db796cb56e220987199774c98c42a035570e9b37663d15dc886de81b84b0d,img_54590,candidate-0681,decoded,JPEG
train,resize,IMG_54600.jpg,IMG_54600,.jpg,640,480,149851,38607ae8147bd64567302dd139b999c7e4afd834d152023ed1add4d6ea0d72ae,img_54600,candidate-0682,decoded,JPEG
train,resize,IMG_54610.jpg,IMG_54610,.jpg,640,480,161881,423ea5bd20f34651f18ee14dbbf453ff745134857aa1ec1826f43e7491937411,img_54610,candidate-0683,decoded,JPEG
train,resize,IMG_54620.jpg,IMG_54620,.jpg,640,480,189372,3551ee47499368b985a66d705d3739686ccd9588f6993de200c282ff914153e4,img_54620,candidate-0684,decoded,JPEG
train,resize,IMG_54630.jpg,IMG_54630,.jpg,640,480,150894,eaa83c7392461dd5f7b6ae4ac01179495632c58cd477531c34b1d2c4eadef95c,img_54630,candidate-0685,decoded,JPEG
train,resize,IMG_5464.jpg,IMG_5464,.jpg,640,480,145253,9d7fe74891e1f9d3df2b49dd4d72969c53b851d7ee3fc4f720b90b9c3cc5ae40,img_5464,candidate-0686,decoded,JPEG
train,resize,IMG_54650.jpg,IMG_54650,.jpg,640,480,143280,2b971c0eae1363c26b325e8ff95ef6f5a90a34b7a243e019c20c476f8546f5c1,img_54650,candidate-0687,decoded,JPEG
train,resize,IMG_5471.jpg,IMG_5471,.jpg,640,480,129605,0536f2b1aeb5dc603da3d2c8b92df21f2edb9b757738197801daa12ef5eee355,img_5471,candidate-0688,decoded,JPEG
train,resize,IMG_5473.jpg,IMG_5473,.jpg,640,480,194781,225bb8da3850f97841836c6cb79e2accd547a30c3a05f776f96476b8388ce7d8,img_5473,candidate-0689,decoded,JPEG
train,resize,IMG_54740.jpg,IMG_54740,.jpg,640,480,165445,72c9f007628621507b9ad7219318e34f6cd01d2f60be961ea8af1bbce67d0269,img_54740,candidate-0690,decoded,JPEG
train,resize,IMG_5475.jpg,IMG_5475,.jpg,640,480,158756,3c767debbdfee68bf1ba0dfc74e8b3c38f6fd6fb57a16911b873fca79016369e,img_5475,candidate-0691,decoded,JPEG
train,resize,IMG_54760.jpg,IMG_54760,.jpg,640,480,154907,0da9f0e4ac3c430dffc31d0e00309ff4109d4fb48ec4a05147540cee2f17abe3,img_54760,candidate-0692,decoded,JPEG
train,resize,IMG_54770.jpg,IMG_54770,.jpg,640,480,131078,fb48cadf3a21f657f961e997be5c7c83ab63a0b69e200118f0c51f449229815a,img_54770,candidate-0693,decoded,JPEG
train,resize,IMG_54780.jpg,IMG_54780,.jpg,640,480,173342,36610b6eeed984b1e421a98a53eb5e5992a1ca8d9ad470c4f5fc7c0b9d1aaca0,img_54780,candidate-0694,decoded,JPEG
train,resize,IMG_54790.jpg,IMG_54790,.jpg,640,480,180200,e692efa7c6aca9b85894c0907128a10483b27a49cb584518eae45e97db98a9a5,img_54790,candidate-0695,decoded,JPEG
train,resize,IMG_54810.jpg,IMG_54810,.jpg,640,480,166814,07867c066f1b2480b1254bcf960981cc6e88e2ccb368e6356a19cebed16bada2,img_54810,candidate-0696,decoded,JPEG
train,resize,IMG_5482.jpg,IMG_5482,.jpg,640,480,147794,c8f78dcc749f48b6f2e3f9bbf356008c27457a2d36b38ac715a668ba5c79885b,img_5482,candidate-0697,decoded,JPEG
train,resize,IMG_5483.jpg,IMG_5483,.jpg,640,480,148060,397f1256363aa9c82aa9521c8422f6fe7ee77e2fd0e1ead80d9d88cc3c1c56ef,img_5483,candidate-0698,decoded,JPEG
train,resize,IMG_54840.jpg,IMG_54840,.jpg,640,480,162107,f6f4434f06601e6bd5e3fa8f7fa16ac895fe95800fc0531856edd655dcd18539,img_54840,candidate-0699,decoded,JPEG
train,resize,IMG_5485.jpg,IMG_5485,.jpg,640,480,147641,2ebc83b382d2ea77a1c4566e4e2cf52c8cff33d3f1537765c65867e40ddc9a03,img_5485,candidate-0700,decoded,JPEG
train,resize,IMG_54860.jpg,IMG_54860,.jpg,640,480,189805,634ea400f0a2a0b0d720bc8f7b0569b7a2d289abac64c38a39e44a3e0188d613,img_54860,candidate-0701,decoded,JPEG
train,resize,IMG_54870.jpg,IMG_54870,.jpg,640,480,144332,992334ec3bfd93e20acb479668364190b8de424a7403140a974824678b25ce6e,img_54870,candidate-0702,decoded,JPEG
train,resize,IMG_54870_brightness.jpg,IMG_54870_brightness,.jpg,640,480,148939,536464cfcd94ce4678b48eef15fe5f8175d1c2096bcabf8621aa8924c911c605,img_54870,candidate-0702,decoded,JPEG
train,resize,IMG_54880.jpg,IMG_54880,.jpg,640,480,170769,8a39b4e0757b3f3e5e4117f38f44efd65cc5bb5545dccaaf6a63e675c99b4156,img_54880,candidate-0703,decoded,JPEG
train,resize,IMG_54890.jpg,IMG_54890,.jpg,640,480,170638,d6c8021de7ab8d4217181d2545118f4c5a48e6ce6243999513c4ecedb2546e31,img_54890,candidate-0704,decoded,JPEG
train,resize,IMG_54900.jpg,IMG_54900,.jpg,640,480,137061,adeb2831c8f71ad2f6fe8e57708d7d17b307156dd8a1a908ed09a480e2a26bd5,img_54900,candidate-0705,decoded,JPEG
train,resize,IMG_54930.jpg,IMG_54930,.jpg,640,480,156531,f4b5d60eb2348f1dad96e0d001f8b12578321378593aa51459f8390f81affab3,img_54930,candidate-0706,decoded,JPEG
train,resize,IMG_54950.jpg,IMG_54950,.jpg,640,480,146646,0fd53e0df92eccc057203ac4878beecc9ae2b08f5eda3508a0fb41ec4442a007,img_54950,candidate-0707,decoded,JPEG
train,resize,IMG_54980.jpg,IMG_54980,.jpg,640,480,173672,881ae68ad53d9f61f7e34da963b6954551ad9e32a9fa63159fcb3a67ffddd67c,img_54980,candidate-0708,decoded,JPEG
train,resize,IMG_54990.jpg,IMG_54990,.jpg,640,480,177472,3d8928f6b8a001fc26a478b1fe81f19bb35477843b811efc1cbdcc50d289039b,img_54990,candidate-0709,decoded,JPEG
train,resize,IMG_55000.jpg,IMG_55000,.jpg,640,480,165119,79827be15346a3dcec63a7c779b3b84ff26f73ddca9c9232e83cdd0eda5c8799,img_55000,candidate-0710,decoded,JPEG
train,resize,IMG_55010.jpg,IMG_55010,.jpg,640,480,166890,d387baeb1ed6c9474ed9a6395c99548b3eba57feaea8a410532d6ca65af5eb05,img_55010,candidate-0711,decoded,JPEG
train,resize,IMG_55020.jpg,IMG_55020,.jpg,640,480,140289,2c0c2b9c4719e99a4e8a9bce0e3bfb39061458648b3ad0926c9f9b911417f099,img_55020,candidate-0712,decoded,JPEG
train,resize,IMG_55030.jpg,IMG_55030,.jpg,640,480,145742,58c2be33601f42ba08c061f7d42d0e5cf86a86bb446566c945439470211ef7b4,img_55030,candidate-0713,decoded,JPEG
train,resize,IMG_5504.jpg,IMG_5504,.jpg,640,480,175957,786fd1751368d92fb60ca6e2323ad096942498d5e96b04f4b4e89d56fc1562de,img_5504,candidate-0714,decoded,JPEG
train,resize,IMG_55050.jpg,IMG_55050,.jpg,640,480,148949,89e00974952e0a60209bd45293e5207f212290fd81f6c7ebfc8b63a28891d874,img_55050,candidate-0715,decoded,JPEG
train,resize,IMG_55070.jpg,IMG_55070,.jpg,640,480,158881,89449c79899b90b273598cab1da2120d996d7c8a8b3e821ed91a7f571b94b3fc,img_55070,candidate-0716,decoded,JPEG
train,resize,IMG_55080.jpg,IMG_55080,.jpg,640,480,190776,43ebe39f293465bf4ef2e4d9958ba032bb1276d0dd676156d6b1092c623cee95,img_55080,candidate-0717,decoded,JPEG
train,resize,IMG_55090.jpg,IMG_55090,.jpg,640,480,139294,f29f1433a1cdcf0912137afc2703072770129b10f99dcd1c6b95fd64218fec7a,img_55090,candidate-0718,decoded,JPEG
train,resize,IMG_55100.jpg,IMG_55100,.jpg,640,480,154157,d27b12ef336f5e26c6cfd4f87634ab592e574c23dc73eb981c2bef7e706d6cbc,img_55100,candidate-0719,decoded,JPEG
train,resize,IMG_55110.jpg,IMG_55110,.jpg,640,480,168839,0ade105676c5ee74242dadc96bfa2349132665d3b09a8fcafaced495b7bdeae7,img_55110,candidate-0720,decoded,JPEG
train,resize,IMG_55130.jpg,IMG_55130,.jpg,640,480,142436,a347a5284a9605a23d5cc2eba41d6831343c34db996e04129c8d53c7f281e6e0,img_55130,candidate-0721,decoded,JPEG
train,resize,IMG_55150.jpg,IMG_55150,.jpg,640,480,114401,abb215ca46e059eab9c373b4326531f49d8ef816c70f4597efa5d460bc9ab88d,img_55150,candidate-0722,decoded,JPEG
train,resize,IMG_5516.jpg,IMG_5516,.jpg,640,480,162889,fcc4d9a7f3cc519eca27718597fe540ff3b42d5ac04cde44cb6e8b2eee464884,img_5516,candidate-0723,decoded,JPEG
train,resize,IMG_55170.jpg,IMG_55170,.jpg,640,480,118983,16eba514a5129756569d46f12c11e5c587b7ed846162182b1887e113e408b8d7,img_55170,candidate-0724,decoded,JPEG
train,resize,IMG_55180.jpg,IMG_55180,.jpg,640,480,138794,0fde4a4237a94fc91ad712f0b2366bca6f484d3b3416879660ae2b86b246aeef,img_55180,candidate-0725,decoded,JPEG
train,resize,IMG_55190.jpg,IMG_55190,.jpg,640,480,219057,714bac0d4103d61f11c50a6acef181a84ad24d9a297516cb7b613e6c57db004a,img_55190,candidate-0726,decoded,JPEG
train,resize,IMG_55200.jpg,IMG_55200,.jpg,640,480,201788,6fbd6e90eb390114f41098320f299d12332e8a206e1d5457033c1cc80d3d60df,img_55200,candidate-0727,decoded,JPEG
train,resize,IMG_55220.jpg,IMG_55220,.jpg,640,480,138883,f97fb2117d520c3179dfebdbff24f74760b2e84f37a48541f1ae837cc8ba39e8,img_55220,candidate-0728,decoded,JPEG
train,resize,IMG_55240.jpg,IMG_55240,.jpg,640,480,152164,b3d697e43d0037c595760bb0a0eeb3476364936bd8efa73f6052b03f25d430f8,img_55240,candidate-0729,decoded,JPEG
train,resize,IMG_55250.jpg,IMG_55250,.jpg,640,480,169057,5afd7ecdfc7c8656c95505438c049fb3642d80c2c3f55e1798c927e17ca08468,img_55250,candidate-0730,decoded,JPEG
train,resize,IMG_55280.jpg,IMG_55280,.jpg,640,480,171717,0c8a3e640144db5a9838207c27fdc1d96b7c6a7fe2e07b481f116d97cab11e19,img_55280,candidate-0731,decoded,JPEG
train,resize,IMG_55290.jpg,IMG_55290,.jpg,640,480,174842,f8cccd11e6b43c5ea2c3de45a26cc3fde66006962d149354bbd9e97b5f1a0521,img_55290,candidate-0732,decoded,JPEG
train,resize,IMG_55290_noise.jpg,IMG_55290_noise,.jpg,640,480,191120,22844b63d79cf70aa72e77b9b98e906e9c94055bcc8732bb199f409f34fe70d2,img_55290,candidate-0732,decoded,JPEG
train,resize,IMG_55300.jpg,IMG_55300,.jpg,640,480,171099,609b0eaa4e98b6e844bf7de6f56f5e50aeca503375b34401437aa8dde0614265,img_55300,candidate-0733,decoded,JPEG
train,resize,IMG_55310.jpg,IMG_55310,.jpg,640,480,147147,b23016cc08b9f5f1fd2900367cf8ee9f5b2272c3245adb82cd36f976b9da74ba,img_55310,candidate-0734,decoded,JPEG
train,resize,IMG_55350.jpg,IMG_55350,.jpg,640,480,223341,ecaf049cd5f71704eebf6d3fb0c7f2f4857daaacd9f4df8f4f683dba8302457f,img_55350,candidate-0735,decoded,JPEG
train,resize,IMG_55360.jpg,IMG_55360,.jpg,640,480,207747,b2101cb16011c10d99df4d7c022a5119fe823578b5844f44cd559e1562a8fbe3,img_55360,candidate-0736,decoded,JPEG
train,resize,IMG_55370.jpg,IMG_55370,.jpg,640,480,171316,68bdfebc8135fb63ee765932d10ae2a1f87dac75fe5de0f3aa46fd3a3fbadd30,img_55370,candidate-0737,decoded,JPEG
train,resize,IMG_55380.jpg,IMG_55380,.jpg,640,480,215225,409b4f59be73780709e1beba6a78d651f3d71f0403621952ca322c9adbfb3e37,img_55380,candidate-0738,decoded,JPEG
train,resize,IMG_55390.jpg,IMG_55390,.jpg,640,480,218680,f2b5b86d62bff68fddb3d33506ceaa53ecc3d44b65261cb4aaf04c2c8a35c496,img_55390,candidate-0739,decoded,JPEG
train,resize,IMG_55400.jpg,IMG_55400,.jpg,640,480,201609,71c923185895fa08e379a5f571400f44ad454849af6b6b71e7a7fad005cef9a5,img_55400,candidate-0740,decoded,JPEG
train,resize,IMG_5541.jpg,IMG_5541,.jpg,640,480,234922,d796bfb186ac14c2220704428081baf500a2bb010cf40bbdf76ab04ad0c617ca,img_5541,candidate-0741,decoded,JPEG
train,resize,IMG_5542.jpg,IMG_5542,.jpg,640,480,209147,090f9c545a3845d12c8795a6a48eccd86a02e4572e006da1b418e6e753e7b202,img_5542,candidate-0742,decoded,JPEG
train,resize,IMG_5543.jpg,IMG_5543,.jpg,640,480,219850,ae865b256f1217987d664b18b36f6753f8ef960860ac64fd2903e86ea0c3b3dd,img_5543,candidate-0743,decoded,JPEG
train,resize,IMG_5544.jpg,IMG_5544,.jpg,640,480,207406,7d85a1442a9ff520e66c2f74bc17d80ea85af5bb56611fc93d5b586565065e16,img_5544,candidate-0744,decoded,JPEG
train,resize,IMG_55450.jpg,IMG_55450,.jpg,640,480,216074,08d838a06d9cdcf9cf4de97c1f721fed7d6acb7dacdb1deea5926a3b47ae3915,img_55450,candidate-0745,decoded,JPEG
train,resize,IMG_55470.jpg,IMG_55470,.jpg,640,480,209116,569f8080080e2b03e7dca1ca8bb58750350602e2fc25c03f70c8cc27dd665869,img_55470,candidate-0746,decoded,JPEG
train,resize,IMG_55480.jpg,IMG_55480,.jpg,640,480,156142,f01c652f9062c0ed85f3e948fb18e7c6739d9dedcefb29da7b170e0486956ccc,img_55480,candidate-0747,decoded,JPEG
train,resize,IMG_55490.jpg,IMG_55490,.jpg,640,480,194681,f0d198aa70e229ea487e8bab4b9fdbeecc0706ed868748de4fdba5314dededac,img_55490,candidate-0748,decoded,JPEG
train,resize,IMG_55510.jpg,IMG_55510,.jpg,640,480,155752,7a690cfad8cf34c9355d1dabb690eea079b21e4c53ddb8ae28b0f145b053ffcd,img_55510,candidate-0749,decoded,JPEG
train,resize,IMG_55520.jpg,IMG_55520,.jpg,640,480,155304,9e7e678270d1d5c08b87fd92146cb18abbb81d72258a6eead4dbeae97c95622e,img_55520,candidate-0750,decoded,JPEG
train,resize,IMG_55530.jpg,IMG_55530,.jpg,640,480,175040,cdca983b57a1a26b1aeb75cbd1df8cbe3feeb9869ac18927f468c73b1e5b9c84,img_55530,candidate-0751,decoded,JPEG
train,resize,IMG_55560.jpg,IMG_55560,.jpg,640,480,182123,e0ed60d9e7163259a777c42f05de5ea1e5bc57d11504e8cf7015e9d93ef21d64,img_55560,candidate-0752,decoded,JPEG
train,resize,IMG_55570.jpg,IMG_55570,.jpg,640,480,193401,3f2ca63bd48cab5ac4364f72653a3e29efbb27580a7029d32ee16fde2e6a7727,img_55570,candidate-0753,decoded,JPEG
train,resize,IMG_55580.jpg,IMG_55580,.jpg,640,480,214300,53cf2b5eacb23da7bd2c06fc7340c8ec19f1b66986e12226a2b362bb4b517145,img_55580,candidate-0754,decoded,JPEG
train,resize,IMG_55590.jpg,IMG_55590,.jpg,640,480,204003,fc2a6b3567646110c5ae6cce9c2d56af07d79bc923b0d5d85b9e8638514fdc75,img_55590,candidate-0755,decoded,JPEG
train,resize,IMG_55610.jpg,IMG_55610,.jpg,640,480,143006,d5a2dcca4250a235683dcddc19b6c106468638470558b638e6444b242e2c1474,img_55610,candidate-0756,decoded,JPEG
train,resize,IMG_55620.jpg,IMG_55620,.jpg,640,480,170802,2d90402876a63c3372ab5de245838cf1899b33301b8b8498f7f3964dbe66440a,img_55620,candidate-0757,decoded,JPEG
train,resize,IMG_5564.jpg,IMG_5564,.jpg,640,480,217519,950fb34dd2b2ab42c41db75817a353854e651aefdccf70c0e7104ff644182921,img_5564,candidate-0758,decoded,JPEG
train,resize,IMG_55650.jpg,IMG_55650,.jpg,640,480,209965,4163d2b520e01243012e2dfbcfe3043c19a0ea85080606b1b79d10401f8eeec4,img_55650,candidate-0759,decoded,JPEG
train,resize,IMG_55660.jpg,IMG_55660,.jpg,640,480,175287,a173b4f7a3aaffc00d2adbf4571a35ff6d7ebc6368ca6d025eb42ccfed64fcdc,img_55660,candidate-0760,decoded,JPEG
train,resize,IMG_55670.jpg,IMG_55670,.jpg,640,480,187578,bbf59835602f36e0935e3c5ab6a7c4e4a168c15f783f593c7b180eaac98f8686,img_55670,candidate-0761,decoded,JPEG
train,resize,IMG_55680.jpg,IMG_55680,.jpg,640,480,187635,3c87ac32ee49306b0c1250e481e083f842f423d5dc1a5b51ee05daa80d2c5f1e,img_55680,candidate-0762,decoded,JPEG
train,resize,IMG_55690.jpg,IMG_55690,.jpg,640,480,190576,26745b46c612859658f241034f0d7cdb393249a802497f42cf904444e9d49c20,img_55690,candidate-0763,decoded,JPEG
train,resize,IMG_55700.jpg,IMG_55700,.jpg,640,480,166488,9978084c4c2d5f381a0d3565ea24d8b35b6c17983288b9b2065887d1cd360268,img_55700,candidate-0764,decoded,JPEG
train,resize,IMG_55710.jpg,IMG_55710,.jpg,640,480,177917,25977152ec499b44296912f4baef8f284d9d344b5327118db71cf0f96f883a53,img_55710,candidate-0765,decoded,JPEG
train,resize,IMG_55720.jpg,IMG_55720,.jpg,640,480,181526,24d92d72b101bbb55fd70785e371832aa3a4c99c699ede359aefdf3b3b05e186,img_55720,candidate-0766,decoded,JPEG
train,resize,IMG_55740.jpg,IMG_55740,.jpg,640,480,187634,a9d8e6b9d40032859392ac8eef8417c033ae80a3313dcfd4411075abc4c1ab97,img_55740,candidate-0767,decoded,JPEG
train,resize,IMG_55750.jpg,IMG_55750,.jpg,640,480,221406,791b6516a9457254d2c14abae2703ee6a3afe6555db7ff735d2d72d6eaab6926,img_55750,candidate-0768,decoded,JPEG
train,resize,IMG_55760.jpg,IMG_55760,.jpg,640,480,174552,0c8f70747351bd1458f95d0a0178e75e213675fd63311e81dc513194186850f9,img_55760,candidate-0769,decoded,JPEG
train,resize,IMG_55770.jpg,IMG_55770,.jpg,640,480,229949,cec2bc6b27bbf9e63da459d4f95f63ab624a7fc31bcf0c58e26159ed4ef34e17,img_55770,candidate-0770,decoded,JPEG
train,resize,IMG_55780.jpg,IMG_55780,.jpg,640,480,221843,5e0e8f480584e4f42e224b1e755c08300b8d095ca7404a56a904ad56b1a497d2,img_55780,candidate-0771,decoded,JPEG
train,resize,IMG_55790.jpg,IMG_55790,.jpg,640,480,218599,c7cee53f570aadf6dafb42a93139118f59573ec2c9b6a16d16d02241b73d1b91,img_55790,candidate-0772,decoded,JPEG
train,resize,IMG_55810.jpg,IMG_55810,.jpg,640,480,209081,37682eb50dd4e77cd009b501896cf8b256e95d55d3182fa02a7fdb235b4594f1,img_55810,candidate-0773,decoded,JPEG
train,resize,IMG_55820.jpg,IMG_55820,.jpg,640,480,140530,91478a271598ef496b6eff2d1138855c8d94f9ef459d21698e9648db511feace,img_55820,candidate-0774,decoded,JPEG
train,resize,IMG_55830.jpg,IMG_55830,.jpg,640,480,218311,1a1b5a3fb6939c5864679d1216cd57e95a1c52f250587c4f96f643982b536803,img_55830,candidate-0775,decoded,JPEG
train,resize,IMG_55840.jpg,IMG_55840,.jpg,640,480,208949,39c2687c60afca165547a00e85fe82916493eb3f370ce5871ded0e3e0e3a8d2e,img_55840,candidate-0776,decoded,JPEG
train,resize,IMG_55850.jpg,IMG_55850,.jpg,640,480,210289,337f68fe5b96c2931550aee81e8ac1250a3c207f6eee0c1b46af28cc1b33e799,img_55850,candidate-0777,decoded,JPEG
train,resize,IMG_5586.jpg,IMG_5586,.jpg,640,480,183360,caffd9ca4818b993b06f8dff47f9e194800069c257fab7b59c6c0d3bac22eea3,img_5586,candidate-0778,decoded,JPEG
train,resize,IMG_55900.jpg,IMG_55900,.jpg,640,480,193524,2c94ea18d462c1f02f7e8224c2b1642145ec5d0a3d1927bfb51a4087589f0119,img_55900,candidate-0779,decoded,JPEG
train,resize,IMG_55900_brightness.jpg,IMG_55900_brightness,.jpg,640,480,197283,8cfc448b74928d40349e735008a4fdbf19614942cac5080a7424b0504921c39a,img_55900,candidate-0779,decoded,JPEG
train,resize,IMG_55900_noise.jpg,IMG_55900_noise,.jpg,640,480,205670,0b12b3e862deb426b344a9e25a0be778f63cd59c97f5b509a5fc520c15566300,img_55900,candidate-0779,decoded,JPEG
train,resize,IMG_55910_brightness.jpg,IMG_55910_brightness,.jpg,640,480,218314,c67b726c29ea6623c28b3d79f90eee89c455cee91f4ef9125f8107099e13e57f,img_55910,candidate-0163,decoded,JPEG
train,resize,IMG_55910_noise.jpg,IMG_55910_noise,.jpg,640,480,222089,ee4c9ffd28e85f4aae1a1b470f86b5858c81e9e5f4aa80e8839ff05bc3ea85e5,img_55910,candidate-0163,decoded,JPEG
train,resize,IMG_55920.jpg,IMG_55920,.jpg,640,480,196180,f775c67d4ac23857baedc9dabcc47f4ff50c3631fa96befbc7d85fd637886a14,img_55920,candidate-0780,decoded,JPEG
train,resize,IMG_55920_brightness.jpg,IMG_55920_brightness,.jpg,640,480,199681,b1e61ff8850af3e1e5b7b0b20ab351268409d7e9d9732ad80e34b09e8afbde3d,img_55920,candidate-0780,decoded,JPEG
train,resize,IMG_55920_noise.jpg,IMG_55920_noise,.jpg,640,480,208103,588bd3e0bacc3fe9d87dd519c23e1c10b2793251c1dd67091cc4303d915d76a1,img_55920,candidate-0780,decoded,JPEG
train,resize,IMG_55930.jpg,IMG_55930,.jpg,640,480,162736,b4c97ee3787aec71953f472b8b5fba69b970e39a4a4bda9c6bc5392e94394f58,img_55930,candidate-0781,decoded,JPEG
train,resize,IMG_55930_brightness.jpg,IMG_55930_brightness,.jpg,640,480,166582,26e0498c487d448b9fd76576f76aa50ce101ce26fae8d97e220a18198875078c,img_55930,candidate-0781,decoded,JPEG
train,resize,IMG_55940.jpg,IMG_55940,.jpg,640,480,180260,76f7ba633c05c82ca3c7052a8a357f395eaa7e6bce37e82093e892d0f60028cd,img_55940,candidate-0782,decoded,JPEG
train,resize,IMG_55950.jpg,IMG_55950,.jpg,640,480,196658,f6b50e2c7239c3aaceab73c43d79b470c4eb7b4339ba97293e37f2ce84f8b9a7,img_55950,candidate-0783,decoded,JPEG
train,resize,IMG_55960.jpg,IMG_55960,.jpg,640,480,191531,b6f7f99ba4487288856ddcf425e20ac32f1a1c28c626e704cfd08d3f3dcea7dc,img_55960,candidate-0784,decoded,JPEG
train,resize,IMG_55970.jpg,IMG_55970,.jpg,640,480,191370,bc0a711ad5c0938bc18567fc666c03cd5e5b2d28e5b1a238b26729c367b973e4,img_55970,candidate-0785,decoded,JPEG
train,resize,IMG_55970_brightness.jpg,IMG_55970_brightness,.jpg,640,480,195563,6e4100c31bbe8da4acbf8c74077cc6a8c9f8f4e3a4d09568868a4521473c203f,img_55970,candidate-0785,decoded,JPEG
train,resize,IMG_55990.jpg,IMG_55990,.jpg,640,480,214485,30055246ecd5843fb92700ed1e6df6049927dbc08dbff4c11ac38aa606434e79,img_55990,candidate-0786,decoded,JPEG
train,resize,IMG_56000.jpg,IMG_56000,.jpg,640,480,165980,cba197321ebfeb5687ea4c0d3f4d51002749aa24a1c9935a77622d76b05bc911,img_56000,candidate-0787,decoded,JPEG
train,resize,IMG_56010.jpg,IMG_56010,.jpg,640,480,136683,8411e8f907c90d45b2a3b9bb8fef701000a86d029da17405c672f2b9427cc9ee,img_56010,candidate-0788,decoded,JPEG
train,resize,IMG_56020.jpg,IMG_56020,.jpg,640,480,149095,d574ab93efdec3db939620f1cde7fbbd13cdbb7c67d528c083f80389d07a835e,img_56020,candidate-0789,decoded,JPEG
train,resize,IMG_56020_brightness.jpg,IMG_56020_brightness,.jpg,640,480,152250,f37aa51a7745db57eab6fb9b79d0ed854bb93de7354ddd0fcec182af5b844037,img_56020,candidate-0789,decoded,JPEG
train,resize,IMG_5603.jpg,IMG_5603,.jpg,640,480,151707,618a0237bffbd25d993eb009dffd39e89a3f85a9e06a9286aaeba8a0e2a0bf7e,img_5603,candidate-0790,decoded,JPEG
train,resize,IMG_56040.jpg,IMG_56040,.jpg,640,480,161695,451e46cfcab97600aa3f0218d1ec690fc484a9aeeab57e08327af9e139a87e8f,img_56040,candidate-0791,decoded,JPEG
train,resize,IMG_5607.jpg,IMG_5607,.jpg,640,480,192443,75277b71e960e92c45d54a5946822fb2bfcf546e50ebe7b50d511def0d476fbf,img_5607,candidate-0792,decoded,JPEG
train,resize,IMG_56080.jpg,IMG_56080,.jpg,640,480,196091,43164b645ec146fae31945991bf4a42635e002504020b4cfa7726904302965da,img_56080,candidate-0793,decoded,JPEG
train,resize,IMG_56090.jpg,IMG_56090,.jpg,640,480,205966,e8506e9f9490bfd51751475cf365b811bd1b455569df90344fdf8a71c909a1db,img_56090,candidate-0794,decoded,JPEG
train,resize,IMG_56120.jpg,IMG_56120,.jpg,640,480,221984,d344d3fd0d0b29be4e71d886b97b5167ec4c9ea914ee02c3eed592222347b69f,img_56120,candidate-0795,decoded,JPEG
train,resize,IMG_5615.jpg,IMG_5615,.jpg,640,480,74137,64b05f08ef83573d93e4b802cdd83bf5bbb355068f0f868031dd685363c670dd,img_5615,candidate-0796,decoded,JPEG
train,resize,IMG_56160.jpg,IMG_56160,.jpg,640,480,162195,de6972f00599140fb77446e0617d7d9171772022c3d9b67b678d3a33b196321c,img_56160,candidate-0797,decoded,JPEG
train,resize,IMG_56170.jpg,IMG_56170,.jpg,640,480,176046,b5c9fb607ec96dd5f14102a03a8fab422bd3b656f3ecfeba9e91d0f8c116b3c8,img_56170,candidate-0798,decoded,JPEG
train,resize,IMG_56180.jpg,IMG_56180,.jpg,640,480,181277,8141704a54e0d4fcc6543a8601d346cc0d239024ee3b3dd7c55259edb6aff02d,img_56180,candidate-0799,decoded,JPEG
train,resize,IMG_56190.jpg,IMG_56190,.jpg,640,480,157433,331983e57e98bad4cb945936f875e82de714f1f42592fb98b18dbb6fc901996d,img_56190,candidate-0800,decoded,JPEG
train,resize,IMG_56210.jpg,IMG_56210,.jpg,640,480,152162,1187f3465679edec73c40b9422e058c1de12333ab9512aadf7258371387abdf1,img_56210,candidate-0801,decoded,JPEG
train,resize,IMG_56230.jpg,IMG_56230,.jpg,640,480,192145,e199044bf7f6d9e11fdab129fb1502196dcc987da89b13cbf0de4f3796408b52,img_56230,candidate-0802,decoded,JPEG
train,resize,IMG_56240.jpg,IMG_56240,.jpg,640,480,189327,7f3ab21aeed1ac164e8fe06edb68594fc1afdb4d03a2346f136cbcfd13dc0572,img_56240,candidate-0803,decoded,JPEG
train,resize,IMG_5625.jpg,IMG_5625,.jpg,640,480,161930,b2a3f20c3ab7ac5bd71902bf661aff79dec960b9f3dff3d17d70fc46f28e2cfb,img_5625,candidate-0804,decoded,JPEG
train,resize,IMG_56260.jpg,IMG_56260,.jpg,640,480,120745,e80b4cf046a1809f468cd7366ea5b0ba0afcd6959f818fc98eece0e1841b8623,img_56260,candidate-0805,decoded,JPEG
train,resize,IMG_5627.jpg,IMG_5627,.jpg,640,480,161442,b91c06d80c273ebbdc4d2e5696be131f710ccf662cb5ef44dd68f7f75dc9565a,img_5627,candidate-0806,decoded,JPEG
train,resize,IMG_56280.jpg,IMG_56280,.jpg,640,480,204263,b7f2a311db2e4d720ea8fe8c19881a1f1f902a2b2d60e302b36d6dc043c18376,img_56280,candidate-0807,decoded,JPEG
train,resize,IMG_56290.jpg,IMG_56290,.jpg,640,480,196580,cf28ea5244d521a49790f87b6b71d61032723fdba4393489ee9784e2cfd34df6,img_56290,candidate-0808,decoded,JPEG
train,resize,IMG_56320.jpg,IMG_56320,.jpg,640,480,179385,a34fb754c2e7de559495e921064647a45ff9c9dd2d388d790bb5fcdd670255ca,img_56320,candidate-0809,decoded,JPEG
train,resize,IMG_5633.jpg,IMG_5633,.jpg,640,480,171040,d7251a7baf990059b811d8f27281e4d11af33a04b9e4804d903d3ecf1fc088e9,img_5633,candidate-0810,decoded,JPEG
train,resize,IMG_56340.jpg,IMG_56340,.jpg,640,480,161598,f6132fe63c02d4448ccb9032724ecabc36f101b6e69fb9b2dbd15cc2cc9d5ae0,img_56340,candidate-0811,decoded,JPEG
train,resize,IMG_56350.jpg,IMG_56350,.jpg,640,480,186706,833d145205a2e0b9b7062a71288aee0d34e83d4055aa0fe44a92081a0b9fef01,img_56350,candidate-0812,decoded,JPEG
train,resize,IMG_56360.jpg,IMG_56360,.jpg,640,480,193250,85fd83a15a7de5bba3ed70656fb0758635d1f17a7ac63c5af5b166578f67aa2b,img_56360,candidate-0813,decoded,JPEG
train,resize,IMG_56360_brightness.jpg,IMG_56360_brightness,.jpg,640,480,196990,79d539fa91caa216919364f18f4078bb43f50369f95927bdcf72b65db3310dc0,img_56360,candidate-0813,decoded,JPEG
train,resize,IMG_56370.jpg,IMG_56370,.jpg,640,480,181704,765b0ab0b60069d0034d94376288a036018d8a6135b803a21091ca53eaff7b1b,img_56370,candidate-0814,decoded,JPEG
train,resize,IMG_56380.jpg,IMG_56380,.jpg,640,480,174869,75c14dd0d5d5f439e19d37222664a82e12159562fa9fc5c808af9d29bfe89b34,img_56380,candidate-0815,decoded,JPEG
train,resize,IMG_56390.jpg,IMG_56390,.jpg,640,480,161633,bc6eda27c9f93a3794168f78ba473c0dbe3c4841f16c1339efba4a87bc9b12dd,img_56390,candidate-0816,decoded,JPEG
train,resize,IMG_56410.jpg,IMG_56410,.jpg,640,480,179056,92310b63da802e0eda895219b1bfbf8661ebf486ed843ea7a959b2b848f5a72b,img_56410,candidate-0817,decoded,JPEG
train,resize,IMG_5642.jpg,IMG_5642,.jpg,640,480,186230,9d169d56034060129e0b195bbfdedd1c0a34ca1424d360444a9499cf632d30df,img_5642,candidate-0818,decoded,JPEG
train,resize,IMG_56430.jpg,IMG_56430,.jpg,640,480,184642,09b90db7e7527f5ccda9f2779c674f12d497ab5d253a0f11cbbefe492198b21e,img_56430,candidate-0819,decoded,JPEG
train,resize,IMG_6760.jpg,IMG_6760,.jpg,640,480,203564,740061dece1cfcdf679b95c04a4f7c503a172915c07da2f346b24387f027009e,img_6760,candidate-0820,decoded,JPEG
train,resize,IMG_6761.jpg,IMG_6761,.jpg,640,480,198750,b165efc07388b3cbb2591448ab7f9a8589c1ff9f0344d475bdeaec0e2de2c4a1,img_6761,candidate-0821,decoded,JPEG
train,resize,IMG_6762.jpg,IMG_6762,.jpg,640,480,197813,6c855ea06cc06ea475c2180c384fa8228212f69344c3de5f61a86de3506133de,img_6762,candidate-0822,decoded,JPEG
train,resize,IMG_6763.jpg,IMG_6763,.jpg,640,480,192128,6afa1754aab367acb7685c6dc2a123b6fcf646442dc6f8d015f677c0925bf4b2,img_6763,candidate-0823,decoded,JPEG
train,resize,IMG_6764.jpg,IMG_6764,.jpg,640,480,195397,b8f58b477ba0ec8dbbb39218fb31ca2951bf66b2dcf72540b0595d4f140d0e64,img_6764,candidate-0824,decoded,JPEG
train,resize,IMG_6765.jpg,IMG_6765,.jpg,640,480,208759,27a5ae74f0b7f5f9ddcfa3f890bb1e43bc0d4a9b0300a25639e7e2bb959836b3,img_6765,candidate-0825,decoded,JPEG
train,resize,IMG_6770.jpg,IMG_6770,.jpg,640,480,192778,74af0c53c0a033e9f91593438280b4b18f61513d79cd40c8693e12ba3805a460,img_6770,candidate-0826,decoded,JPEG
train,resize,IMG_6773.jpg,IMG_6773,.jpg,640,480,198917,ffdc0d3c76e36ca9f6cd2392588382b70dc585c8636a8d2e802863b31934b77a,img_6773,candidate-0827,decoded,JPEG
train,resize,IMG_6775.jpg,IMG_6775,.jpg,640,480,214216,03137a7fa800304eb37f7ecf1af1867a4f54c9b800fd26e511092425548570d8,img_6775,candidate-0828,decoded,JPEG
train,resize,IMG_6776.jpg,IMG_6776,.jpg,640,480,199205,b32a465b7a553fdf696ebbf0a8c56e6755cd0b41186a7d959bd991c1a0443a17,img_6776,candidate-0829,decoded,JPEG
train,resize,IMG_6777.jpg,IMG_6777,.jpg,640,480,201646,73dc2735c8b177a1930ff174e619d37f688f98117ca6a2e4e79701eb58b43d07,img_6777,candidate-0830,decoded,JPEG
train,resize,IMG_6783.jpg,IMG_6783,.jpg,640,480,166091,b66e48347b14d673a7ca9c89cb1aea35d312bc8ffe5d9ca4bf5f0667d8668e8f,img_6783,candidate-0831,decoded,JPEG
train,resize,IMG_6785.jpg,IMG_6785,.jpg,640,480,180836,460eca0166acfa345f137a87feeec58ed6c5ff5d3ae4b97bc479e8c3dd8476fd,img_6785,candidate-0832,decoded,JPEG
train,resize,IMG_6786.jpg,IMG_6786,.jpg,640,480,180187,af627422c987ec33f440f66be41a41c7bd57831f4ae0d8efcd8ae6ec20140f17,img_6786,candidate-0833,decoded,JPEG
train,resize,IMG_6788.jpg,IMG_6788,.jpg,640,480,195017,8941dbb31589cb69535fa531d644c1657255d1f143071e4d13b079f6557e145c,img_6788,candidate-0834,decoded,JPEG
train,resize,IMG_6789.jpg,IMG_6789,.jpg,640,480,186509,1d0d55121f4cb9660ba0f5277a5c4934341f0e764a9fffca380f34bfdc2c054e,img_6789,candidate-0835,decoded,JPEG
train,resize,IMG_6790.jpg,IMG_6790,.jpg,640,480,181391,8f8694597146325d3baa053a2bedb1354d974f07c5d277c03bd5e5b0540cccb3,img_6790,candidate-0836,decoded,JPEG
train,resize,IMG_6791.jpg,IMG_6791,.jpg,640,480,193238,044655adfc9154dff4e27add17c8be9e77b6d7eb667c862550359304615e7f58,img_6791,candidate-0837,decoded,JPEG
train,resize,IMG_6792.jpg,IMG_6792,.jpg,640,480,202671,0152cac049f9fcb243f4b308a2652e4ce687fe60c0e43d5430628ed1b17f5c9f,img_6792,candidate-0838,decoded,JPEG
train,resize,IMG_6793.jpg,IMG_6793,.jpg,640,480,193769,2290e6a6b161894a1e8fa8739d722e2f0beb7b1c0ddbd4e2081baf048fdc9b53,img_6793,candidate-0839,decoded,JPEG
train,resize,IMG_6794.jpg,IMG_6794,.jpg,640,480,202600,d5aa3e2201c126d577b6a17159302a9100a3b5ecd46fd07cf04df7268659e8fa,img_6794,candidate-0840,decoded,JPEG
train,resize,IMG_6795.jpg,IMG_6795,.jpg,640,480,185624,e2817c172edfc271115c26afa4091839efc8f68ac5503d435866341c74912195,img_6795,candidate-0841,decoded,JPEG
train,resize,IMG_6796.jpg,IMG_6796,.jpg,640,480,166002,8cf27e83656f58a17cbe27180c020850806e466ee0171c8277c8ec284a5d4a52,img_6796,candidate-0842,decoded,JPEG
train,resize,IMG_6797.jpg,IMG_6797,.jpg,640,480,185283,aa2d3b88b6275ce23e311dbd0998dd2a8164072574b9235eee206d259d214880,img_6797,candidate-0843,decoded,JPEG
train,resize,IMG_6798.jpg,IMG_6798,.jpg,640,480,191344,65cb2e410fac78074216f4774c7321d10d98d228af91832ea5ab048f7282639d,img_6798,candidate-0844,decoded,JPEG
train,resize,IMG_6802.jpg,IMG_6802,.jpg,640,480,182695,2114cbf5ebba6acb1de92dba0966cabf71e4d5db60f6ce2936bfb96f3dfe451e,img_6802,candidate-0845,decoded,JPEG
train,resize,IMG_6805.jpg,IMG_6805,.jpg,640,480,179408,65c563d71f5450ef7b998edc74a6867efe5ac679a8ffd6ca13e26a0edd435d04,img_6805,candidate-0846,decoded,JPEG
train,resize,IMG_6808.jpg,IMG_6808,.jpg,640,480,174720,ab99c25deac49d77a8b0a21d260dad24415f908ccb08e28b2f3e72bca66f899e,img_6808,candidate-0847,decoded,JPEG
train,resize,IMG_6810.jpg,IMG_6810,.jpg,640,480,174168,34b8f69d8a86e05484567b4e2346e299b90898fb5b4d94ddca5379b1e8eb82db,img_6810,candidate-0848,decoded,JPEG
train,resize,IMG_6811.jpg,IMG_6811,.jpg,640,480,171589,f945f1ec69e82cc18c1d32f93d9f64f17fe94acfe50f3959dcfba40886f091f7,img_6811,candidate-0849,decoded,JPEG
train,resize,IMG_6813.jpg,IMG_6813,.jpg,640,480,168739,064db42ce402477cf4e09173d4d2a010c478809aa208117d0d6101cd2708b65b,img_6813,candidate-0850,decoded,JPEG
train,resize,IMG_6814.jpg,IMG_6814,.jpg,640,480,168965,0ba21fdfac2478a5ad8e93881af0be30f71810d4605c97a02301f7cd3bb07e86,img_6814,candidate-0851,decoded,JPEG
train,resize,IMG_6817.jpg,IMG_6817,.jpg,640,480,162465,a9a1b4e50efad606026e38578a48b5a80173be2a383a5a5a415e66a65c192212,img_6817,candidate-0852,decoded,JPEG
train,resize,IMG_6818.jpg,IMG_6818,.jpg,640,480,164833,7494015d7d8f7ec6ab938b49d955d018f65f849375d96e4b91bfca748992458e,img_6818,candidate-0853,decoded,JPEG
train,resize,IMG_6820.jpg,IMG_6820,.jpg,640,480,141195,a73d13d89cffe1eb38a44f45dcad655452b069e8299b1ad7cc318f35b77e4970,img_6820,candidate-0854,decoded,JPEG
train,resize,IMG_6822.jpg,IMG_6822,.jpg,640,480,176306,6ba92f4f6984181136cec27b13a8e239ad60b1e6e29edbd6c20893dec60416fc,img_6822,candidate-0855,decoded,JPEG
train,resize,IMG_6823.jpg,IMG_6823,.jpg,640,480,165911,e79e39c2db7148b6cda67fa77c7e54e08b661275fc7cc16af41f9c5acb05f78c,img_6823,candidate-0856,decoded,JPEG
train,resize,IMG_6824.jpg,IMG_6824,.jpg,640,480,174714,3f16f8bd8b430f614aab82771b605cbe7cad349255f488feb62bbfece094f42e,img_6824,candidate-0857,decoded,JPEG
train,resize,IMG_6825.jpg,IMG_6825,.jpg,640,480,161658,1d87e94e4f3ca7fc3770099227cca2767a2f19ac80a2298af78662056a2a7d85,img_6825,candidate-0858,decoded,JPEG
train,resize,IMG_6828.jpg,IMG_6828,.jpg,640,480,154794,93b0ebcb96c6f9d32e3f29857f43595500063b3535f2cb4080f5eb7e36ee4c8f,img_6828,candidate-0859,decoded,JPEG
train,resize,IMG_6830.jpg,IMG_6830,.jpg,640,480,175290,df6579efe367542c22b384dd73928e599e1b8a9dc6d3e454b3b072393cffe1f3,img_6830,candidate-0860,decoded,JPEG
train,resize,IMG_6831.jpg,IMG_6831,.jpg,640,480,161774,1ddc81b0aac15762f9b2acc86ceccbd63ac4af82fc8ac0388397eecb06f12669,img_6831,candidate-0861,decoded,JPEG
train,resize,IMG_6832.jpg,IMG_6832,.jpg,640,480,186684,fb74d2fcc2a1f6bc19760e8342ba7dd6efe363064302c86038d2d3383789c3af,img_6832,candidate-0862,decoded,JPEG
train,resize,IMG_6834.jpg,IMG_6834,.jpg,640,480,153656,2e74a12a4ec7592b0921d67a482d03a37029a3f7795afd34805c987c3babaed3,img_6834,candidate-0863,decoded,JPEG
train,resize,IMG_6835.jpg,IMG_6835,.jpg,640,480,157673,5963c42f6997f1fe06685978f54fbaea4f7743df02e85ce5055c84c4960e1418,img_6835,candidate-0864,decoded,JPEG
train,resize,IMG_6836.jpg,IMG_6836,.jpg,640,480,161458,db3d03920a688cf3c8609c2e99d0807ac1e4fb3ebd95a6bb9b7e2d8941543ac9,img_6836,candidate-0865,decoded,JPEG
train,resize,IMG_6837.jpg,IMG_6837,.jpg,640,480,160187,cdfdb3f2632998bfc0d9100a95b4cc2383062a4f635effd85465e3b99d5ffb2b,img_6837,candidate-0866,decoded,JPEG
train,resize,IMG_6838.jpg,IMG_6838,.jpg,640,480,144892,11f228acb9fa96e13e4d26df33e77ccbf4bb54595e872301ce6d2c55842195fc,img_6838,candidate-0867,decoded,JPEG
train,resize,IMG_6840.jpg,IMG_6840,.jpg,640,480,120641,5775ac45c9ca3b91bf3ea7ecf636f0c7193f9d7a2e2889031b5c77ec8eb278cd,img_6840,candidate-0868,decoded,JPEG
train,resize,IMG_6842.jpg,IMG_6842,.jpg,640,480,202542,6d34c59d4553fd3df6ad3384c6086ef31c6e3ce01d7d570e01d4cc80a23fb518,img_6842,candidate-0869,decoded,JPEG
train,resize,IMG_6843.jpg,IMG_6843,.jpg,640,480,215690,9be78c1b52eeacdfbae3068cd6becd25cb859dfe90b4afdc5a380d511b3d93e5,img_6843,candidate-0870,decoded,JPEG
train,resize,IMG_6845.jpg,IMG_6845,.jpg,640,480,218978,098654b310488b957b476b8e673f701396110c1a5b29a9132b9f9b6b3a2a18d3,img_6845,candidate-0871,decoded,JPEG
train,resize,IMG_6846.jpg,IMG_6846,.jpg,640,480,187543,c3112ee126b5f3e33fe85638d6cdabf8e6f792d2d6cc8d4c487ce524a4e28cc9,img_6846,candidate-0872,decoded,JPEG
train,resize,IMG_6847.jpg,IMG_6847,.jpg,640,480,197344,07aa086ca1caac9fdb2ba125abac0752b87940f822ebf1bbb91e2144d6909813,img_6847,candidate-0873,decoded,JPEG
train,resize,IMG_6848.jpg,IMG_6848,.jpg,640,480,206331,df617986281553e68c72b7119542a461eb407d3edf5016d22d6af1e49492735e,img_6848,candidate-0874,decoded,JPEG
train,resize,IMG_6849.jpg,IMG_6849,.jpg,640,480,184006,327ec2c05259ef638a875ef66d4ac669b8a401f7a90e6259e14ccd0052f96851,img_6849,candidate-0875,decoded,JPEG
train,resize,IMG_6850.jpg,IMG_6850,.jpg,640,480,202597,dd4b5071c8dbc87e07e802960826a037e5f92e5a5475c04bb73fd4a3bfcb9231,img_6850,candidate-0876,decoded,JPEG
train,resize,IMG_6851.jpg,IMG_6851,.jpg,640,480,184295,0f5a6846fca7b07cd05ab92c5a9d78aa41fccc2221cc54b208abae67f5875dfb,img_6851,candidate-0877,decoded,JPEG
train,resize,IMG_6854.jpg,IMG_6854,.jpg,640,480,181336,f0ca3a627aa0f5fcabae34b878f5f7d10ce3008af881dd3ad0d1b77426702e87,img_6854,candidate-0878,decoded,JPEG
train,resize,IMG_6856.jpg,IMG_6856,.jpg,640,480,188137,93cce1f21d914990be5c305d153dbada4bece6a1e0d877c43c91097741fbf37e,img_6856,candidate-0879,decoded,JPEG
train,resize,IMG_6858.jpg,IMG_6858,.jpg,640,480,174179,46af1c85afc08af7793e18a649878594b185f26d733b2a828754463b619dac4e,img_6858,candidate-0880,decoded,JPEG
train,resize,IMG_6860.jpg,IMG_6860,.jpg,640,480,186377,da8af16214b1f163d89e00f05045d0e570ccd6d36ac19c6a0c5fba1092d07ee9,img_6860,candidate-0881,decoded,JPEG
train,resize,IMG_6862.jpg,IMG_6862,.jpg,640,480,174061,33ab87a40379fec08e1df6aa0c4f04e3ef5eff9a00e2d1553cd75ae22755555f,img_6862,candidate-0882,decoded,JPEG
train,resize,IMG_6863.jpg,IMG_6863,.jpg,640,480,169360,40e319c840c90190ac7dde22f4419f36b01993c8933da127d072b8fa589abd07,img_6863,candidate-0883,decoded,JPEG
train,resize,IMG_6864.jpg,IMG_6864,.jpg,640,480,170369,f9b4ffb411389426114b7b8044113fd5ad0a714cc10958f88279d6c460029cc1,img_6864,candidate-0884,decoded,JPEG
train,resize,IMG_6865.jpg,IMG_6865,.jpg,640,480,158552,207553e841c611bb59ea45ff8ce35526a75e61624dabad8c890ec32d2314e1a8,img_6865,candidate-0885,decoded,JPEG
train,resize,IMG_6866.jpg,IMG_6866,.jpg,640,480,155772,b3c0d290354cf041bb75a379e9ebd15c4eef4e1747b8edccb018f253ad8ad4a8,img_6866,candidate-0886,decoded,JPEG
train,resize,IMG_6867.jpg,IMG_6867,.jpg,640,480,167036,0e4047fbded8287570d037ec4b50afc82f0330a713a05f9e3aaac25aa949f416,img_6867,candidate-0887,decoded,JPEG
train,resize,IMG_6870.jpg,IMG_6870,.jpg,640,480,166218,44f916ca3ba159ef38bac1b2655f0826798f76389263509e7a7fa2009b0d5299,img_6870,candidate-0888,decoded,JPEG
train,resize,IMG_6871.jpg,IMG_6871,.jpg,640,480,157577,b3a75ee53f1e37a1b054809e0a72d8153618639b4def9d4f56df3faec0052749,img_6871,candidate-0889,decoded,JPEG
train,resize,IMG_6872.jpg,IMG_6872,.jpg,640,480,181148,c20e3ed8900915c4827695cc5c7e7bb48d7a334378a31544b384ae21fa0de6e3,img_6872,candidate-0890,decoded,JPEG
train,resize,IMG_6874.jpg,IMG_6874,.jpg,640,480,203867,0e3bcbfd8655f0810ea8ad70bcd346177297450760b1fbf01f3a3ea56b1073ea,img_6874,candidate-0891,decoded,JPEG
train,resize,IMG_6875.jpg,IMG_6875,.jpg,640,480,173605,88451b27944579f0a2a54a44b3be2376ff29e509cad1e4cf90b33a9786eeceee,img_6875,candidate-0892,decoded,JPEG
train,resize,IMG_6876.jpg,IMG_6876,.jpg,640,480,150366,308d25a3db2ad534acffef0ca155891f830fb982d4d92ed3783b08d4043991a8,img_6876,candidate-0893,decoded,JPEG
train,resize,IMG_6877.jpg,IMG_6877,.jpg,640,480,158572,d396a6fbd7dda42983b83eeb115a617d699de44ba89e6084676aa981094f8c84,img_6877,candidate-0894,decoded,JPEG
train,resize,IMG_6878.jpg,IMG_6878,.jpg,640,480,142456,4e416e2d344a53707b6b40469dce84e64a739cc6849cbc91574e4aa65d5e46fb,img_6878,candidate-0895,decoded,JPEG
train,resize,IMG_6880.jpg,IMG_6880,.jpg,640,480,165598,e39b057ce439676a6a6abe8f2166f6df7bb503e937e1363900c4e7c998e12e4a,img_6880,candidate-0896,decoded,JPEG
train,resize,IMG_6881.jpg,IMG_6881,.jpg,640,480,127050,2a009c119a620732d27420162854dd21700b6f42273916df63411dbdb7647f8f,img_6881,candidate-0897,decoded,JPEG
train,resize,IMG_6884.jpg,IMG_6884,.jpg,640,480,169169,517b3f7f82dd734ec28cc480fe078e4f1d5f97c9983f1de49fd9114796a3d3dd,img_6884,candidate-0898,decoded,JPEG
train,resize,IMG_6886.jpg,IMG_6886,.jpg,640,480,172115,2d11fa127bd5dc65d0932cdfa45617d9bf57edcbb457e3195a548b7de142931a,img_6886,candidate-0899,decoded,JPEG
train,resize,IMG_6887.jpg,IMG_6887,.jpg,640,480,182245,52d04b632ef0033ed563ebe5b29351b35c72f9bfe1a57d7fdfe95ba6be2133a8,img_6887,candidate-0900,decoded,JPEG
train,resize,IMG_6888.jpg,IMG_6888,.jpg,640,480,181800,ef0670f53f276e95b34f2948ee948f3e2631e157310cb6a89816bb9ede07f054,img_6888,candidate-0901,decoded,JPEG
train,resize,IMG_6889.jpg,IMG_6889,.jpg,640,480,176972,9a4e67744a4dfc50465558a5f17e7c73bbf5940176c94262979421dc760467b7,img_6889,candidate-0902,decoded,JPEG
train,resize,IMG_6890.jpg,IMG_6890,.jpg,640,480,159062,3dc97f5894092f88acb9a3a13cc79d35d5ff52697e8cb66d2f726928c9f77d4c,img_6890,candidate-0903,decoded,JPEG
train,resize,IMG_6891.jpg,IMG_6891,.jpg,640,480,166521,e8b49cb04858351ac52ae2ee9d77ab11717783eeabbd466a40f718cf37b49bf7,img_6891,candidate-0904,decoded,JPEG
train,resize,IMG_6892.jpg,IMG_6892,.jpg,640,480,159409,72530b221da978cd446f66a493283cf9da928aaea493cd5ca7684d48778bf0e7,img_6892,candidate-0905,decoded,JPEG
train,resize,IMG_6893.jpg,IMG_6893,.jpg,640,480,191826,97bc26120acb4a21c6efd4a50c86177afe00fad6cd7ca75b2b0ae810f8868211,img_6893,candidate-0906,decoded,JPEG
train,resize,IMG_6894.jpg,IMG_6894,.jpg,640,480,195847,89909253a9c473fed13ad421f5c8622ed2821293661901a004e0315bb065e4ba,img_6894,candidate-0907,decoded,JPEG
train,resize,IMG_6896.jpg,IMG_6896,.jpg,640,480,185977,88be37e63a1d91879c0075d2f85a4e762a712c6b34ac101b07719a058a7de98b,img_6896,candidate-0908,decoded,JPEG
train,resize,IMG_6898.jpg,IMG_6898,.jpg,640,480,127689,1fee751252642c5d02d1d24455c550bcfc5eed378e78c1326f502a21971ec4f8,img_6898,candidate-0909,decoded,JPEG
train,resize,IMG_6899.jpg,IMG_6899,.jpg,640,480,160464,0feef9b4b76bf42dfe0479cf5a174b69359784e684a5d727699758cd5b0664ea,img_6899,candidate-0910,decoded,JPEG
train,resize,IMG_6900.jpg,IMG_6900,.jpg,640,480,186420,6e46276b7e0db4f46c2d14b560b99787f650d0091844dc50f4346d9cf5fb0873,img_6900,candidate-0911,decoded,JPEG
train,resize,IMG_6901.jpg,IMG_6901,.jpg,640,480,195425,7379f2ecafe8ac546d1a16fde76b9a8b4106f00d584ee17b04af66d19badf678,img_6901,candidate-0912,decoded,JPEG
train,resize,IMG_6902.jpg,IMG_6902,.jpg,640,480,199130,0a14446adab62711c00d1d0178e9ee1d5f3b65eae5e8009d0c623a22389b1a08,img_6902,candidate-0913,decoded,JPEG
train,resize,IMG_6903.jpg,IMG_6903,.jpg,640,480,183772,a830556119e00fcd7f124c8afea913bf0c72036416f74356b8bd50bd0059da7b,img_6903,candidate-0914,decoded,JPEG
train,resize,IMG_6904.jpg,IMG_6904,.jpg,640,480,184926,09fc77c5932a17576675f3cf28f3a9b9aa7ccdfe95c2c1c15dff5794290a960c,img_6904,candidate-0915,decoded,JPEG
train,resize,IMG_6905.jpg,IMG_6905,.jpg,640,480,164178,3d3975cfefa1d499bb2ed395e1a15efff8e731e9816886f75b96649ba0b3a6cf,img_6905,candidate-0916,decoded,JPEG
train,resize,IMG_6906.jpg,IMG_6906,.jpg,640,480,184250,d3d360f386171eefd8d5f93cd041986bb666a660b6c0d308a4aaa6d0ee8f5160,img_6906,candidate-0917,decoded,JPEG
train,resize,IMG_6907.jpg,IMG_6907,.jpg,640,480,203505,d7a1f11e1b57ea8e9d1e5babe5dc81d85b8dc85b736950f8e8817ffe24c81306,img_6907,candidate-0918,decoded,JPEG
train,resize,IMG_6908.jpg,IMG_6908,.jpg,640,480,207768,751afc8eddaf724bf508ad469427d841d92ab09bb96a61fed899d3f49c4d5457,img_6908,candidate-0919,decoded,JPEG
train,resize,IMG_6909.jpg,IMG_6909,.jpg,640,480,148664,2ad33ac6e552681a11c2fe390c72bddfedbe5ae444385084287a2a9ff7a72687,img_6909,candidate-0920,decoded,JPEG
train,resize,IMG_6910.jpg,IMG_6910,.jpg,640,480,181534,fab84c0091a00fe7f906719dc57e31db366b85741b8bdea32bea5057d1d720f8,img_6910,candidate-0921,decoded,JPEG
train,resize,IMG_6911.jpg,IMG_6911,.jpg,640,480,176423,319542583bda43ee916f55ff85c84bc74b6d08a12948aefbc7bea8fce9e7fd9f,img_6911,candidate-0922,decoded,JPEG
train,resize,IMG_6912.jpg,IMG_6912,.jpg,640,480,173521,00fa8931105de7855e2f196232cdcd908e57f51a8663eddc587a4eb9c8f97661,img_6912,candidate-0923,decoded,JPEG
train,resize,IMG_6913.jpg,IMG_6913,.jpg,640,480,171132,a66f080a27235f9c7bcbb0a323f83a4df9ec2d37dd94b2c652c3e74349250aa6,img_6913,candidate-0924,decoded,JPEG
train,resize,IMG_6914.jpg,IMG_6914,.jpg,640,480,174400,ece73e6f79e2a4d7c6e98d26338f1fe2a07d8ad97d4c74a7706ddd9b92ea474d,img_6914,candidate-0925,decoded,JPEG
train,resize,IMG_6915.jpg,IMG_6915,.jpg,640,480,194871,6663540268dba72e8ec90e8d53c3c917a4c10639e881603bdae2054311704771,img_6915,candidate-0926,decoded,JPEG
train,resize,IMG_6916.jpg,IMG_6916,.jpg,640,480,178729,067728fb5484faa0cb1a2893402ce496affb6543a4afe388783dc822cb9a5e31,img_6916,candidate-0927,decoded,JPEG
train,resize,IMG_6917.jpg,IMG_6917,.jpg,640,480,179227,d4385b0194fd1504b1a93adb3ac0c139ca77dbba69818472f73cf3fdd31b4f78,img_6917,candidate-0928,decoded,JPEG
train,resize,IMG_6918.jpg,IMG_6918,.jpg,640,480,179356,f8b866c3cfada7c6f216d071a981a6bbea766053e7304747260a42a6e8ef07b0,img_6918,candidate-0929,decoded,JPEG
train,resize,IMG_6921.jpg,IMG_6921,.jpg,640,480,201650,76d220a56eed73705771139ddd46b9138b030a73abcb25cad48cc74b383cf786,img_6921,candidate-0930,decoded,JPEG
train,resize,IMG_6922.jpg,IMG_6922,.jpg,640,480,199896,f2ec49ea84b68329db35872a53ff4043b2325238bdce68b12af709892a07e0b3,img_6922,candidate-0931,decoded,JPEG
train,resize,IMG_6923.jpg,IMG_6923,.jpg,640,480,155509,9df4f49d48ba57355f0f7f2865cc4ae23019273c43fd77aeb66f3c50b634160f,img_6923,candidate-0932,decoded,JPEG
train,resize,IMG_6924.jpg,IMG_6924,.jpg,640,480,165278,1901e82b51013eae7dbd245f732c56ca64ebc5ebd5c3066f7d8f00ae825a5d34,img_6924,candidate-0933,decoded,JPEG
train,resize,IMG_6925.jpg,IMG_6925,.jpg,640,480,163731,548416162719145054ebfe53978e06993b79c40eb726c16dac023fe81d09b78c,img_6925,candidate-0934,decoded,JPEG
train,resize,IMG_6926.jpg,IMG_6926,.jpg,640,480,178603,eaba1b6ef218b9a88270b8fb871f5c671ed1bd89dbbd5aed5b63606c7f3283c3,img_6926,candidate-0935,decoded,JPEG
train,resize,IMG_6927.jpg,IMG_6927,.jpg,640,480,179564,9fb5d7fe321623976aa158e77213913693668a5b309c5d738720fddcc455cd73,img_6927,candidate-0936,decoded,JPEG
train,resize,IMG_6928.jpg,IMG_6928,.jpg,640,480,166841,faf0d4dd97cb55d7dae78d59ab0219ee9d307a366ddc45dd5665acb413a3c2b4,img_6928,candidate-0937,decoded,JPEG
train,resize,IMG_6929.jpg,IMG_6929,.jpg,640,480,169052,09e62a868c970ed8412dcea0437cfa9a1e81f5c6dd6c9c3069d794e2f0301407,img_6929,candidate-0938,decoded,JPEG
train,resize,IMG_6930.jpg,IMG_6930,.jpg,640,480,164529,4cf27aaeffd3224b9439050d8ff3022a06a869c693ddd09ab80eba0cf43f37a1,img_6930,candidate-0939,decoded,JPEG
train,resize,IMG_6931.jpg,IMG_6931,.jpg,640,480,169671,dae069ddeb4e83d3555bc18c0a978547bc3ae60a7c9113af6722e84263b4b209,img_6931,candidate-0940,decoded,JPEG
train,resize,IMG_6932.jpg,IMG_6932,.jpg,640,480,169239,6f570b3dc7b72f937492c0ae5c2f6feeda61cd3c0203a2574e8e5cc87b2713b1,img_6932,candidate-0941,decoded,JPEG
train,resize,IMG_6933.jpg,IMG_6933,.jpg,640,480,191803,3516fb9bdd8aec687d2c4e2385913304e2ebbf92eb98657aa3b5e9b793936da3,img_6933,candidate-0942,decoded,JPEG
train,resize,IMG_6934.jpg,IMG_6934,.jpg,640,480,180874,e710068baab9b1e6bd7e979ded69188515f071c1954f9c33b2f3c97ea82e7b01,img_6934,candidate-0943,decoded,JPEG
train,resize,IMG_6935.jpg,IMG_6935,.jpg,640,480,178234,4602949ea3da8a5851cea6e31e519eea8701dc77cacbed46c78e1bc981ee0bc3,img_6935,candidate-0944,decoded,JPEG
train,resize,IMG_6936.jpg,IMG_6936,.jpg,640,480,179190,d53b5bc5daa5f2de79441106fe1686162b239211db7b37cadd9ee4245269c8de,img_6936,candidate-0945,decoded,JPEG
train,resize,IMG_6937.jpg,IMG_6937,.jpg,640,480,171604,da3264d696ab2b1cdd8de2dd13decbe8289888d4de152b8e7826c5ceba1de515,img_6937,candidate-0946,decoded,JPEG
train,resize,IMG_6939.jpg,IMG_6939,.jpg,640,480,176975,ab125189c2f79402519411c68754985687d5acf7ca34668ebcb5dc4a42e6f1ef,img_6939,candidate-0947,decoded,JPEG
train,resize,IMG_6940.jpg,IMG_6940,.jpg,640,480,154588,15831a66eed6ccce883f29aaeeb4f310ca187701e5d9d9ed9e9185127099b28c,img_6940,candidate-0948,decoded,JPEG
train,resize,IMG_6942.jpg,IMG_6942,.jpg,640,480,145179,503a12a107a78e68735752ca0dd08189616e297228e919b685e607f9d1001361,img_6942,candidate-0949,decoded,JPEG
train,resize,IMG_6943.jpg,IMG_6943,.jpg,640,480,182713,969f67af5d55fc0780db49367a4a3d8eb345cd62f29634752a626cc72c3e82e0,img_6943,candidate-0950,decoded,JPEG
train,resize,IMG_6946.jpg,IMG_6946,.jpg,640,480,146709,13b3fec4a243837f07ba9e5208dcf59b2ba949dc63b85dfb7625ed61d664e068,img_6946,candidate-0951,decoded,JPEG
train,resize,IMG_6948.jpg,IMG_6948,.jpg,640,480,185767,6e2cd5904b08ea38c436db446e1905ae0044df5599e0cecc848c616ad8423f4d,img_6948,candidate-0952,decoded,JPEG
train,resize,IMG_6950.jpg,IMG_6950,.jpg,640,480,155112,8deb840559a9d04bfd94d9a0fcb265a4f080508e5e1d99c35f4a6e1e898a0349,img_6950,candidate-0953,decoded,JPEG
train,resize,IMG_6951.jpg,IMG_6951,.jpg,640,480,190126,c3e3cbdd6a7fa8cf7de1ba2328ed0337a98b500a4905fe88500bf95fda769b82,img_6951,candidate-0954,decoded,JPEG
train,resize,IMG_6953.jpg,IMG_6953,.jpg,640,480,143900,1b9def2c83fb3bd2b7c65e3036c3135ae901030671a627e89a9b583ebdf0c7ca,img_6953,candidate-0955,decoded,JPEG
train,resize,IMG_6954.jpg,IMG_6954,.jpg,640,480,179517,783e8b32757b135012a3f2dd5f6b936a2375b9539fe9d7632f11b5420382a486,img_6954,candidate-0956,decoded,JPEG
train,resize,IMG_6955.jpg,IMG_6955,.jpg,640,480,188716,4bbfd44310af3ffd992bcfdee3cf107e9b1457d5ab2fc52eedc0a1a9147ecad4,img_6955,candidate-0957,decoded,JPEG
train,resize,IMG_6956.jpg,IMG_6956,.jpg,640,480,167222,d1a8f9c04fc6ade4049435cc500d4148a8520afad02ede8cf09a36ca9f4886be,img_6956,candidate-0958,decoded,JPEG
train,resize,IMG_6958.jpg,IMG_6958,.jpg,640,480,182780,e905f96fd38f08a5a5fac7b416fd7715273294df9dc2c57f115c52864d9aa980,img_6958,candidate-0959,decoded,JPEG
train,resize,IMG_6959.jpg,IMG_6959,.jpg,640,480,179093,4bddd01f024fdadfd1a2aff56596d0812dc9f039c6183e091612fcaf9c68a896,img_6959,candidate-0960,decoded,JPEG
train,resize,IMG_6961.jpg,IMG_6961,.jpg,640,480,187137,b6eb304c9b24adc009b5695a5b1d38eba1c86e05d6b79a3f5b736d3676df1f17,img_6961,candidate-0961,decoded,JPEG
train,resize,IMG_6962.jpg,IMG_6962,.jpg,640,480,160165,646b41798525a096e3eda7f2220f7ff50b091d9a0614c28bc978ce47a07c7c34,img_6962,candidate-0962,decoded,JPEG
train,resize,IMG_6963.jpg,IMG_6963,.jpg,640,480,150971,ee64bd0911aacbb3f781bd3f6d3df9e22ea536a4918175dc66ed03b5ec9087b6,img_6963,candidate-0963,decoded,JPEG
train,resize,IMG_6964.jpg,IMG_6964,.jpg,640,480,143811,009704d06287f27a607350d2d5ed677df8ccbc5682af3ac32eddecfeecd63470,img_6964,candidate-0964,decoded,JPEG
train,resize,IMG_6965.jpg,IMG_6965,.jpg,640,480,166040,df099933853c697205ebaa8d261692e1fff824bb6cf1e9df8ef5dc335b3fb979,img_6965,candidate-0965,decoded,JPEG
train,resize,IMG_6968.jpg,IMG_6968,.jpg,640,480,195641,3b1872e67f76293ba4368bbad251ea82f32c0e64b41df0ba9933f0c011887ae5,img_6968,candidate-0966,decoded,JPEG
train,resize,IMG_6969.jpg,IMG_6969,.jpg,640,480,181564,da96f861869f9d00dbb380e1239e081d49792c35dac02596bfc261668dc97fa7,img_6969,candidate-0967,decoded,JPEG
train,resize,IMG_6970.jpg,IMG_6970,.jpg,640,480,178431,e12ad63f87011998f6dc03643992bb614e79614fc1f71476e24413c210b40efd,img_6970,candidate-0968,decoded,JPEG
train,resize,IMG_6971.jpg,IMG_6971,.jpg,640,480,185690,e3d4d40ee76e854a88008f58e1da48aa398b1331140c5d60b58db06417b5f9b6,img_6971,candidate-0969,decoded,JPEG
train,resize,IMG_6972.jpg,IMG_6972,.jpg,640,480,191915,901afc4632e7aa7f713d67165bcb1e2af7975edc2604d0a56d12445fa325e0a8,img_6972,candidate-0970,decoded,JPEG
train,resize,IMG_6973.jpg,IMG_6973,.jpg,640,480,207258,88de134a9825ffc1e4e10170c7e9a5c198db9599f64aa8c38ac517a63719f052,img_6973,candidate-0971,decoded,JPEG
train,resize,IMG_6974.jpg,IMG_6974,.jpg,640,480,190483,16d4c38d0d13eeb1b5cfeb2c9d80559ad32f6a2ebd75ac279618976746ca360f,img_6974,candidate-0972,decoded,JPEG
train,resize,IMG_6983.jpg,IMG_6983,.jpg,640,480,168137,98c6d9fb6a9413452f16d419b17a85333061ab87de45fc4022e9b665f79c9256,img_6983,candidate-0973,decoded,JPEG
train,resize,IMG_6984.jpg,IMG_6984,.jpg,640,480,174945,6b2d0841470334cb096b974a9d7762eb3410a8dd00c9bddc8276269de9a36eda,img_6984,candidate-0974,decoded,JPEG
train,resize,IMG_6985.jpg,IMG_6985,.jpg,640,480,164133,3f5aa857cd02e6038f92cc579c61370f74658ffe1f12d93ebf19cc8166149255,img_6985,candidate-0975,decoded,JPEG
train,resize,IMG_6987.jpg,IMG_6987,.jpg,640,480,159124,2c883719e7221c14b6f1581be53b6c9e315aa3f1c21f0cb73bb9201f7b58efda,img_6987,candidate-0976,decoded,JPEG
train,resize,IMG_6988.jpg,IMG_6988,.jpg,640,480,179307,cf2d0528c4144a5a4d1b138b3bb6358fe0bdb7dd773e918b94b3b76fa478f530,img_6988,candidate-0977,decoded,JPEG
train,resize,IMG_6990.jpg,IMG_6990,.jpg,640,480,167410,7bcdadd9e45f87ea058ad5c918c2e32be78b053f8fb76c96918c11e17d9eaa5e,img_6990,candidate-0978,decoded,JPEG
train,resize,IMG_6992.jpg,IMG_6992,.jpg,640,480,160529,c42ca3ee8d5d98cd6f71b495c5d3850fe5d041ac599f9c47a0e5d4387431818b,img_6992,candidate-0979,decoded,JPEG
train,resize,IMG_6994.jpg,IMG_6994,.jpg,640,480,140351,669efe60822eb5f80c51ed4cf86588c94d1fbcad23fb21766f4fa62c8b1ad027,img_6994,candidate-0980,decoded,JPEG
train,resize,IMG_6995.jpg,IMG_6995,.jpg,640,480,152110,fe8f47055d50e89b6ddbee3053a44979c995b357c48a6e6f0717df360a9a883a,img_6995,candidate-0981,decoded,JPEG
train,resize,IMG_6997.jpg,IMG_6997,.jpg,640,480,158824,888bee1443d7cfb7062fb0863e47dd54f5085545ed96640975bcdd7d4a1d0d1b,img_6997,candidate-0982,decoded,JPEG
train,resize,IMG_6999.jpg,IMG_6999,.jpg,640,480,174174,455b0bc172b89bea650348ea8a6c9955c4aee27cd0134fbdd144c58d85a431b2,img_6999,candidate-0983,decoded,JPEG
train,resize,IMG_7001.jpg,IMG_7001,.jpg,640,480,179521,1714ec6f8b55bfe71919ccc42bec3662ef4592290e92d24fcaf57b74e9b8dbc6,img_7001,candidate-0984,decoded,JPEG
train,resize,IMG_7003.jpg,IMG_7003,.jpg,640,480,185834,1ae8833a6c21bef9926519236a58d67cceedc75568707ce17240e46544be48bc,img_7003,candidate-0985,decoded,JPEG
train,resize,IMG_7004.jpg,IMG_7004,.jpg,640,480,159705,ac4bf3abee41bc88e9d8c6978f62ac32905a7f72f2b76f510db4bc7db5fd41a4,img_7004,candidate-0986,decoded,JPEG
train,resize,IMG_7007.jpg,IMG_7007,.jpg,640,480,172874,dd251b5d3b188c3f3cb249e97e1153dba92e0fd02f9a2a6668d34e7d957422d6,img_7007,candidate-0987,decoded,JPEG
train,resize,IMG_7009.jpg,IMG_7009,.jpg,640,480,141874,889e48eb565859440cb4f3e0ebe1d0719fe848da06087fcdcfef33b0ee16eeab,img_7009,candidate-0988,decoded,JPEG
train,resize,IMG_7010.jpg,IMG_7010,.jpg,640,480,152717,16f934f954062ae310671ba39e69c9e9d4c5fcadcc0c91a04eef80ca7aa831da,img_7010,candidate-0989,decoded,JPEG
train,resize,IMG_7012.jpg,IMG_7012,.jpg,640,480,158597,dd8977d9c1ad18abf0a7e739d6ead7956c20f5c1892befe3ae0b39057c09bbca,img_7012,candidate-0990,decoded,JPEG
train,resize,IMG_7015.jpg,IMG_7015,.jpg,640,480,148846,4abfc08d2f83a2150f9cae96e01dff74e7463e8bebbee2cff58bac89e4009478,img_7015,candidate-0991,decoded,JPEG
train,resize,IMG_7017.jpg,IMG_7017,.jpg,640,480,167289,f0074d918272f766ad88e710d45946623f1175570f12503015f5362ef20e426a,img_7017,candidate-0992,decoded,JPEG
train,resize,IMG_7018.jpg,IMG_7018,.jpg,640,480,163457,e108897f7d616db88b60181b0c6c1af3d438bf08663a58f8726d0260466ab1a7,img_7018,candidate-0993,decoded,JPEG
train,resize,IMG_7019.jpg,IMG_7019,.jpg,640,480,166614,f422d521bf015051c693526b1a4459780b2855d0e3c2e3772dcc2db821133c89,img_7019,candidate-0994,decoded,JPEG
train,resize,IMG_7021.jpg,IMG_7021,.jpg,640,480,153490,3e4fb8c0eb45259ef5ae16ff959d7966b2fa67f6c1703128d56dc14d64036c13,img_7021,candidate-0995,decoded,JPEG
train,resize,IMG_7022.jpg,IMG_7022,.jpg,640,480,154845,7d5a6b397bb96bfc2f687b548ce8e391fe732ef2ad60b103c47921f18a7482dc,img_7022,candidate-0996,decoded,JPEG
train,resize,IMG_7023.jpg,IMG_7023,.jpg,640,480,164850,00c368f6f0c9d189c9b004d2548b533080d7fd8dafddb697ced015d8b24bc624,img_7023,candidate-0997,decoded,JPEG
train,resize,IMG_7024.jpg,IMG_7024,.jpg,640,480,165730,3ceffe62de7817c49d9c9fa448c3f61bbc75a03474f5b90c8a4f0dd7517795ef,img_7024,candidate-0998,decoded,JPEG
train,resize,IMG_7025.jpg,IMG_7025,.jpg,640,480,157165,34a35e0bf3a20610d80fca9ce6e691698460fac07b0c007ac86dac75477f797f,img_7025,candidate-0999,decoded,JPEG
train,resize,IMG_7027.jpg,IMG_7027,.jpg,640,480,168036,b9977f6996c88ee33fe0cd03323c81c602869231b3476f9569c219e7508b13d6,img_7027,candidate-1000,decoded,JPEG
train,resize,IMG_7028.jpg,IMG_7028,.jpg,640,480,167196,f1c82fccbe1df263e944b4f446110dbe14ddc1b3ad385f02d9df3a0ac2601850,img_7028,candidate-1001,decoded,JPEG
train,resize,IMG_7030.jpg,IMG_7030,.jpg,640,480,141003,21f263cabfd2e1e49a11af1232b9a17e941ee8ab121d23f3cfa64cdc0208cddc,img_7030,candidate-1002,decoded,JPEG
train,resize,IMG_7031.jpg,IMG_7031,.jpg,640,480,159580,d2f442361e984fb1ad7f39fb5f43b44a18aefbcc49842e6c3c98506f8d602207,img_7031,candidate-1003,decoded,JPEG
train,resize,IMG_7033.jpg,IMG_7033,.jpg,640,480,151015,b2c01448904e9b4035c4ac7cbd8bb7081cd98e1fe492da5b3f283ec6c1b1d997,img_7033,candidate-1004,decoded,JPEG
train,resize,IMG_7034.jpg,IMG_7034,.jpg,640,480,147327,be278e2c591283ddad669e86239636e2663e77d660c83a3256c808d6b77fb2ef,img_7034,candidate-1005,decoded,JPEG
train,resize,IMG_7036.jpg,IMG_7036,.jpg,640,480,153520,29dcc5f65cd3998cb89c884410ae0311e8ac1cbfd996174f985b8739afb521ad,img_7036,candidate-1006,decoded,JPEG
train,resize,IMG_7037.jpg,IMG_7037,.jpg,640,480,152978,628f072a1077913dda28fcf4361c6d3b106f79436877bba08c712b6acdc0273f,img_7037,candidate-1007,decoded,JPEG
train,resize,IMG_7038.jpg,IMG_7038,.jpg,640,480,140078,630dc7f092d9904b646f3f09e4a0cf5dc85728744079f111f18dd2159ff4b0c0,img_7038,candidate-1008,decoded,JPEG
train,resize,IMG_7039.jpg,IMG_7039,.jpg,640,480,156098,d14df19a926448656f4990dc8e47ece57dae32c60f1aed609f253c886c54fb41,img_7039,candidate-1009,decoded,JPEG
train,resize,IMG_7040.jpg,IMG_7040,.jpg,640,480,161839,c5a03ea916958cbf1ff2332570e6b5f43945c3792323521eb06efeb9215f53f6,img_7040,candidate-1010,decoded,JPEG
train,resize,IMG_7042.jpg,IMG_7042,.jpg,640,480,155601,59eafc09340f86390c0c7945e9bff66c0222b18a903fee145e983e15d47346e5,img_7042,candidate-1011,decoded,JPEG
train,resize,IMG_7043.jpg,IMG_7043,.jpg,640,480,160734,4c47f80a93d03ec4ea5b2c9ad5d894423bb26ad292f64afc5feb9e5e2df132b7,img_7043,candidate-1012,decoded,JPEG
train,resize,IMG_7046.jpg,IMG_7046,.jpg,640,480,176065,6936af5349c7af1186ab6560687d8c96c29cfd14503ecac35ad4e5e2e9366fb5,img_7046,candidate-1013,decoded,JPEG
train,resize,IMG_7047.jpg,IMG_7047,.jpg,640,480,144762,3e903f9f5539defd4184013d614d72c0999323517c352065e6b327eff945cd8a,img_7047,candidate-1014,decoded,JPEG
train,resize,IMG_7048.jpg,IMG_7048,.jpg,640,480,159672,09d88d6dc5df644ba1d32142b988b7f4aa878830d1670160933c025a66779a86,img_7048,candidate-1015,decoded,JPEG
train,resize,IMG_7050.jpg,IMG_7050,.jpg,640,480,182505,b5792b17b09e2cdb2734ec889e59939f07af1f2672076429f0763f62f8de89da,img_7050,candidate-1016,decoded,JPEG
train,resize,IMG_7052.jpg,IMG_7052,.jpg,640,480,156478,22941d1ccb2221c17469ede75758350f3ece0998f59626dbe8dd47ac89808b8d,img_7052,candidate-1017,decoded,JPEG
train,resize,IMG_7052_brightness.jpg,IMG_7052_brightness,.jpg,640,480,160929,aabee872a001e3099bf650b00f46291dd51e792f7728e3dfbeb4b910bf5e19ac,img_7052,candidate-1017,decoded,JPEG
train,resize,IMG_7054.jpg,IMG_7054,.jpg,640,480,170478,12d82f5fe98bffa77724e64cdf0f7c259544ed882acb0cb44da50e10a4830fdd,img_7054,candidate-1018,decoded,JPEG
train,resize,IMG_7055.jpg,IMG_7055,.jpg,640,480,167110,6fc46a410dcc9f2737a7a9f8c249ad17413b50502c9c5c717e36a6669fc012c9,img_7055,candidate-1019,decoded,JPEG
train,resize,IMG_7056.jpg,IMG_7056,.jpg,640,480,168526,6dd3373cef9cebd01504699594ff29110a01c5fd5e09bf7f600395dbb689a1b6,img_7056,candidate-1020,decoded,JPEG
train,resize,IMG_7058.jpg,IMG_7058,.jpg,640,480,180549,82b8a4c367df495664bd1d605fa0de049dff91de0d904254cea292864bcc9878,img_7058,candidate-1021,decoded,JPEG
train,resize,IMG_7060.jpg,IMG_7060,.jpg,640,480,197437,30a5ea22967ff5bb18807641b4278f63f7bf8022d222bc20296d890f33849088,img_7060,candidate-1022,decoded,JPEG
train,resize,IMG_7061.jpg,IMG_7061,.jpg,640,480,196919,4736f42075f76abcdcbbde91ef3be47a2d0ddf0f130d0a197db9174330148ed0,img_7061,candidate-1023,decoded,JPEG
train,resize,IMG_7063.jpg,IMG_7063,.jpg,640,480,149279,78a6ecfc2630bdbbddea7fa8cbc76e67e5e818319454f8cbfcf6c65a9a99f4b0,img_7063,candidate-1024,decoded,JPEG
train,resize,IMG_7065.jpg,IMG_7065,.jpg,640,480,139016,5fc6238734cbf0e6bfae1d6895957d962f25f744bd1e2bf3c42963da6230a069,img_7065,candidate-1025,decoded,JPEG
train,resize,IMG_7066.jpg,IMG_7066,.jpg,640,480,145696,75f078245a10c71ee16354a99084a6346efbb39cc0d3eb38bbce44411ce3fa9d,img_7066,candidate-1026,decoded,JPEG
train,resize,IMG_7067.jpg,IMG_7067,.jpg,640,480,149520,302e5d880902d0389da172283614d997e6a8658f0b85ac0073ea632179e8d41b,img_7067,candidate-1027,decoded,JPEG
train,resize,IMG_7069.jpg,IMG_7069,.jpg,640,480,158748,8a53345d72d462ed74cb7cf64d76d8c69eb080ebb6f731fa9ce876e14e12bacc,img_7069,candidate-1028,decoded,JPEG
train,resize,IMG_7070.jpg,IMG_7070,.jpg,640,480,168408,e930444baecc3e6c75e3a4f347be7cea3acd8f04826ee86e6b3b6c3fc2f4fe11,img_7070,candidate-1029,decoded,JPEG
train,resize,IMG_7073.jpg,IMG_7073,.jpg,640,480,174255,cfff1e6839e54ffcea7a1ef22a6d93deeaa01b9731042bc986ba15acbb65a0c1,img_7073,candidate-1030,decoded,JPEG
train,resize,IMG_7075.jpg,IMG_7075,.jpg,640,480,169725,e16a752a342d66941847ac6669acb32595fc842292730fd0e6911286b3d4ca0b,img_7075,candidate-1031,decoded,JPEG
train,resize,IMG_7359.jpg,IMG_7359,.jpg,640,480,177387,fd5324b2fe2d1a704b5959a28646527b2226a6e67074b2e75985b126ae6caa79,img_7359,candidate-1032,decoded,JPEG
train,resize,IMG_7360.jpg,IMG_7360,.jpg,640,480,181626,491be712d041d9b6a49e50075082d22ed4566b7facfc493c64423d090df59ed6,img_7360,candidate-1033,decoded,JPEG
train,resize,IMG_7361.jpg,IMG_7361,.jpg,640,480,171779,abb603228957d648e363a9735973727b4cd58a4274c7ae96943bc229cc76f40f,img_7361,candidate-1034,decoded,JPEG
train,resize,IMG_7362.jpg,IMG_7362,.jpg,640,480,180727,050c18955578287334758a38144726cae18d68813358fbb0e517980f27db81f6,img_7362,candidate-1035,decoded,JPEG
val,original,107.jpg,107,.jpg,369,277,35260,bb0fcc69794d44081e2a5530106f125cf825aba74714f05f6048d751a40d0478,107,candidate-1036,decoded,JPEG
val,original,1090.jpg,1090,.jpg,369,277,32324,d55528709f0569cc45c2ae9cebd18f2735a38fd27b3af12113fdd8140974fbcd,1090,candidate-1037,decoded,JPEG
val,original,111.jpg,111,.jpg,369,277,51934,e115d2e52666f1f57dab2fcdfd451040f3e44d435840143eb2c521d3faa67127,111,candidate-0246,decoded,JPEG
val,original,1130.jpg,1130,.jpg,369,277,30451,cf02c40e599fe098166cd7495ca8907c6113588c32a940383dcb1082be68b24d,1130,candidate-1038,decoded,JPEG
val,original,114.jpg,114,.jpg,369,277,55960,1fbda764a75e8f983754eac6390e79b80dd4079c3a8d8ef822e202adef05194b,114,candidate-1039,decoded,JPEG
val,original,1180.jpg,1180,.jpg,369,277,19791,3ee1c4c04e6079a397893fd35b60df83e6ddde9f92996b7f1cc4388799de42c0,1180,candidate-0249,decoded,JPEG
val,original,1210.jpg,1210,.jpg,369,277,27840,819174670444e2bac8211a478cf9f50cf3ccdb457a9f94566ec240f10a12125e,1210,candidate-1040,decoded,JPEG
val,original,1220.jpg,1220,.jpg,369,277,44969,cd03a59ae87f38a38815f9b3e07a27e0786b56bf09a6b1ad0e6c34a9c0309485,1220,candidate-1041,decoded,JPEG
val,original,1290_noise.jpg,1290_noise,.jpg,369,277,84708,f08563c2511ff55012465597cd166795737e02ea7a0778e0d015250240414652,1290,candidate-0007,decoded,JPEG
val,original,1310_noise.jpg,1310_noise,.jpg,369,277,80906,b6dd4d4af6defb1ae7c42c9a923c24c7f24b8dec8ac059672529355486bcde2b,1310,candidate-0258,decoded,JPEG
val,original,1360_brightness.jpg,1360_brightness,.jpg,369,277,71070,25c6c7555e89dddf774b8c32fa65f7a421ac0e9b8346e1b73d2b025888c04835,1360,candidate-0035,decoded,JPEG
val,original,1400_noise.jpg,1400_noise,.jpg,369,277,85007,3edb64df262c2952edc125a100495447bf96274e4ba01e018aa77354a9f3dd27,1400,candidate-0009,decoded,JPEG
val,original,1450_brightness.jpg,1450_brightness,.jpg,369,277,52424,1343cee558b71e65eecb79dec0a6fa8ed44bc7a133d7e28a538ac9c2ad86f6ee,1450,candidate-0266,decoded,JPEG
val,original,1460_noise.jpg,1460_noise,.jpg,369,277,75795,a8c48ef3c3460b2e0c122e4ef23d77fb7eff62c19a68fa5c3249c68e1f20bbef,1460,candidate-0267,decoded,JPEG
val,original,1550_noise.jpg,1550_noise,.jpg,369,277,86581,71c5c32d41bb9eada52b5764b1fabbcecb196476a64e26b273d951f5d4e5b2cd,1550,candidate-0274,decoded,JPEG
val,original,1560_brightness.jpg,1560_brightness,.jpg,369,277,44131,0cc04ed97418f35f714a74839188b92b57e002cd0b14e2d4f3830cfd19468b23,1560,candidate-0036,decoded,JPEG
val,original,1560_noise.jpg,1560_noise,.jpg,369,277,75287,ac56c88f9ca379c55d44fa15fdc2862c903632f39951d191e9d1e014e6357c37,1560,candidate-0036,decoded,JPEG
val,original,166.jpg,166,.jpg,369,277,32911,32e6e89701b6cf6a5af04e40e84116c26062602677e2565bd17599ae55d8954e,166,candidate-0417,decoded,JPEG
val,original,170.jpg,170,.jpg,277,369,37580,1ec9118b34946f9047e71849659b4674dc1edfd6bf080c8c2a598805565c13ae,170,candidate-1042,decoded,JPEG
val,original,172_noise.jpg,172_noise,.jpg,277,326,72102,8f6a897f20efc77fb5536969664cd8ada56841f8fd4e5d0ab8e65e52a30b73e8,172,candidate-0018,decoded,JPEG
val,original,1770_noise.jpg,1770_noise,.jpg,277,369,94084,fa9abb7c1446f9b503f2d3bde00ca3960430d4583fe35d78e7cef701e32104ba,1770,candidate-0287,decoded,JPEG
val,original,1870.jpg,1870,.jpg,277,369,28868,9a1beffe3b8634d1d459b6189013b04895a6d7a5efab3fc0afb78f2790bbdecc,1870,candidate-1043,decoded,JPEG
val,original,192_brightness.jpg,192_brightness,.jpg,369,277,71328,d5943f4f5acc95a332465cd9490ddf06ef4ed6b8e566d56f1544048ef9f4f9d3,192,candidate-0300,decoded,JPEG
val,original,194_noise.jpg,194_noise,.jpg,369,277,83967,15312c972e4642496f4ec2932e50102f94ea8ae98b1b729c7ebbfadad56ef0ad,194,candidate-0302,decoded,JPEG
val,original,2040_brightness.jpg,2040_brightness,.jpg,369,277,54991,0468a66da8ad018768821f4515e1fb459dbf0bae229b8a1ebcbe1f4c07c5505b,2040,candidate-0023,decoded,JPEG
val,original,207_noise.jpg,207_noise,.jpg,369,277,81185,5f8ebfb7641bc4bfebdca7c8010679b0b6e28d7a8f15e3e02c41c524ad165529,207,candidate-0313,decoded,JPEG
val,original,2150_brightness.jpg,2150_brightness,.jpg,369,277,47162,4fb2437f1f27ec0523c8225e1ac73f8236975278eae0895d7347c69b239f55d3,2150,candidate-0026,decoded,JPEG
val,original,2150_noise.jpg,2150_noise,.jpg,369,277,76923,45f0f9e59085ecae144e7036325a93a73c57a6d8299bf9a3f6315aec27c4f111,2150,candidate-0026,decoded,JPEG
val,original,22000.jpg,22000,.jpg,369,277,44901,3261b1fa277e07103d118cf2eb585485148d2b97b60e97e702b75fa18ecc9538,22000,candidate-1044,decoded,JPEG
val,original,2200_brightness.jpg,2200_brightness,.jpg,369,277,51329,88ebd1d0b31e1673a0c04e51fbd756b4576ef3f30be884c67473ad13b5b67a8b,2200,candidate-0325,decoded,JPEG
val,original,2210_brightness.jpg,2210_brightness,.jpg,369,277,45887,d95232aac997840600fa84f77a3696550f8731255b4202ab79bc3cb3507645cc,2210,candidate-0027,decoded,JPEG
val,original,223_noise.jpg,223_noise,.jpg,369,277,75233,d9e15e4d7ed1c2e74abfb4d637857d7f9f889df45e5487e60f887bb94f033536,223,candidate-0327,decoded,JPEG
val,original,227_brightness.jpg,227_brightness,.jpg,369,277,60179,12f883d826b7967034aec66f6fd3a737192a3f921f798f1d71aad6481f4baf55,227,candidate-0028,decoded,JPEG
val,original,2340_noise.jpg,2340_noise,.jpg,369,277,76112,351872ebec07ea9eb949247bbb4dbcbee3f2ee7aac6e14bfc5f435b2d19f1145,2340,candidate-0006,decoded,JPEG
val,original,2400_noise.jpg,2400_noise,.jpg,369,277,81135,0649911967a993894c6dc015005f2812dcc857c608a428202c136e062e688020,2400,candidate-0340,decoded,JPEG
val,original,251_brightness.jpg,251_brightness,.jpg,369,277,50751,f81d8e3a53685a3a1935e4ddcb3d08c0fc57e7c6df69073fe9f2f8c77f63e2e2,251,candidate-0008,decoded,JPEG
val,original,2520_brightness.jpg,2520_brightness,.jpg,369,277,73143,cd183d7d46b3a654529ab6800d5df07f4781dc714a055109e11e2141f9ffe0d3,2520,candidate-0347,decoded,JPEG
val,original,256_noise.jpg,256_noise,.jpg,369,277,78824,8fadc2b717f1d412d96739e8f4869d100409deda1123c128cb8d57e8720c0d37,256,candidate-0263,decoded,JPEG
val,original,2590_brightness.jpg,2590_brightness,.jpg,369,277,45498,acfb6a4cc834dacbf98213ea83e725c7526698286d1839f3618c940d01c261eb,2590,candidate-0273,decoded,JPEG
val,original,2640_brightness.jpg,2640_brightness,.jpg,369,277,43930,22c7551302e768cd956ab2a48ef8143dcb8b669fad3a7374426ab343d56da1ae,2640,candidate-0036,decoded,JPEG
val,original,2640_noise.jpg,2640_noise,.jpg,369,277,75285,aff6bcac37f1e8ddd934f7abb7eaf99df5ef76e081c48201a3039bdc9315107c,2640,candidate-0036,decoded,JPEG
val,original,266_noise.jpg,266_noise,.jpg,369,277,93427,f6fc7e8edcf61852e788bf5852e0b5020c98728286cb55e199f6290653ee2628,266,candidate-0356,decoded,JPEG
val,original,267_noise.jpg,267_noise,.jpg,369,277,76563,513690b33486e79ce76051b1f99f24cda915c9a76554a97d8ffee69d4d90757e,267,candidate-0012,decoded,JPEG
val,original,2710_brightness.jpg,2710_brightness,.jpg,369,277,57348,e18766843e6e162664ef87c4189c7d3f7b26bd196f974e9edbd6dc3431b6a891,2710,candidate-0357,decoded,JPEG
val,original,288_noise.jpg,288_noise,.jpg,369,277,95081,289d8f5470ec754d629c4aa936279944130ef40a8a58679ed31ff969ffb56e9a,288,candidate-0364,decoded,JPEG
val,original,2910_brightness.jpg,2910_brightness,.jpg,369,277,58532,1142e333192e69964afabfde4fa5fe16d7317802d7a6e759d7faaef744eab915,2910,candidate-0367,decoded,JPEG
val,original,2950_brightness.jpg,2950_brightness,.jpg,369,277,58928,61104844f96415a2129a18b977b37ceb7c489e0749b1e9c5933e96778db5d271,2950,candidate-0368,decoded,JPEG
val,original,2950_noise.jpg,2950_noise,.jpg,369,277,83499,239e4511a59e5a958f8276065ff75188554e6a2e289f88e3ad1c4aeda507bd3c,2950,candidate-0368,decoded,JPEG
val,original,2970_noise.jpg,2970_noise,.jpg,277,369,86309,503a182e37e835fe7c700c840446f80642badeee4849f364a9225c2625f39446,2970,candidate-0369,decoded,JPEG
val,original,3110_brightness.jpg,3110_brightness,.jpg,369,277,48131,df0fb35479224af3a40412ca91ec967928a0ffe458adf73fdf355abb47e1c780,3110,candidate-0047,decoded,JPEG
val,original,3210.jpg,3210,.jpg,369,277,49556,995a538c37e27940e329b9964022c988481b25344dfbf50cbda0030c87c80d69,3210,candidate-1045,decoded,JPEG
val,original,3310.jpg,3310,.jpg,369,277,41483,dcd2796fca296f7086f896b82e573efb7654417aae30c860a750153503b29481,3310,candidate-1046,decoded,JPEG
val,original,3320.jpg,3320,.jpg,369,277,48167,9faa3de819c318f8d7099b23bb631cbefabb08a771920f814a6ce8b264a2b76c,3320,candidate-1047,decoded,JPEG
val,original,336.jpg,336,.jpg,277,369,44454,a6ee38301f23c16715a8505d60340459797def0c71d4a7dbd633acaa61606dfe,336,candidate-1048,decoded,JPEG
val,original,340.jpg,340,.jpg,369,277,45097,2ffd84044659df3607e122047e1bcd113a9860512dc175608395b4c32663788e,340,candidate-1049,decoded,JPEG
val,original,3450.jpg,3450,.jpg,369,277,38526,7a4d1511b5551c8f17a0c919ac482874516117273455c3b76e58c16ac7929454,3450,candidate-1050,decoded,JPEG
val,original,3460.jpg,3460,.jpg,369,277,32090,ecd3c6337ed3985fc80ab15eedeab5ac822c9ed3d41656a86901bc538d3d99b4,3460,candidate-1051,decoded,JPEG
val,original,3720.jpg,3720,.jpg,277,369,34545,6562985533ebbe582aa498e96dad8addf2a89d071e4b6142a05fd8e48da7e2da,3720,candidate-1052,decoded,JPEG
val,original,379.jpg,379,.jpg,277,369,39013,bb25adfc4b2be9fa5e25ab46380e66c2004f4758c1be7d3eccb5f816dd798ebf,379,candidate-1053,decoded,JPEG
val,original,3810.jpg,3810,.jpg,277,369,17887,b174d87d8c8906eaa93b00ba9fbdff00cd9411377b4f006e158ed6b2c92f8390,3810,candidate-1054,decoded,JPEG
val,original,384.jpg,384,.jpg,277,369,43161,9ef0aa0e3139abec820505db36279be61b3c72c91761628c9351dd09cbf418da,384,candidate-1055,decoded,JPEG
val,original,385.jpg,385,.jpg,369,277,56537,6d0a4b54df70c13471753864ed93ddb7c0f4ed456f98f161b97f8b7dd8955be1,385,candidate-1056,decoded,JPEG
val,original,3860.jpg,3860,.jpg,277,369,20572,89f1cf6a74d8bb1b990f4f523a1acab7dba4ee00ec3c5cce8986d442e32bae3e,3860,candidate-1057,decoded,JPEG
val,original,3870.jpg,3870,.jpg,277,369,37779,5a172828637cfc9e0d079198ed4a068d7dea12bbfdf6288cc85df38d360511fe,3870,candidate-1058,decoded,JPEG
val,original,3880.jpg,3880,.jpg,277,369,41889,9533f07f536281ccad551496c67c0b5b1907092a9f23d813d8fa106a9b7c867e,3880,candidate-1059,decoded,JPEG
val,original,397.jpg,397,.jpg,277,369,35852,c4f190d786c920ff42d175e7403e9aa8e89e5bfaccb13a9880a486945c395bbb,397,candidate-1060,decoded,JPEG
val,original,411.jpg,411,.jpg,369,277,86391,3587221f3f1899259d680ccdffd951a00ad00d588056862a488a5a5cf995021f,411,candidate-1061,decoded,JPEG
val,original,4141.jpg,4141,.jpg,277,369,34828,673a34491eed5e0c7d2ebc2e5188bf5c8d96898ac6ea9fda01050a50c48d752f,4141,candidate-1062,decoded,JPEG
val,original,416.jpg,416,.jpg,369,277,55419,f8a06f3957edec7e73a1dbe1c6b8f532b129a6d1547ea61be05522a9d8f10c8e,416,candidate-1063,decoded,JPEG
val,original,78.jpg,78,.jpg,277,369,49391,2da486ee1168f368579f6a99500f710d836f97dc39c215a960f4c15264416276,78,candidate-1064,decoded,JPEG
val,original,79.jpg,79,.jpg,277,369,81924,451dbb8fdc9b61ecd42123d71773d34a3101361106ca15a5b65734e1190bb1b9,79,candidate-1065,decoded,JPEG
val,original,8100.jpg,8100,.jpg,277,369,43270,5d53fc3e2925d830fbe81b6f4cf0677787e306cd7a0fa089c819cb08f972163e,8100,candidate-1066,decoded,JPEG
val,original,IMG_12330.jpg,IMG_12330,.jpg,404,303,28525,2da9b5f507e1616589978e4ca06854486942be759896513dba29087c954c07ad,img_12330,candidate-1067,decoded,JPEG
val,original,IMG_12400.jpg,IMG_12400,.jpg,404,303,40887,d8367c49654f1248d8fcf60d91971d96fec4c4c779493c3e3db150f5c00b2361,img_12400,candidate-0484,decoded,JPEG
val,original,IMG_12460.jpg,IMG_12460,.jpg,404,303,35669,452b57f22ffa3fa14b234846b8e87c82722c10dac07d5d7a3bfff2cf00eeb1be,img_12460,candidate-0489,decoded,JPEG
val,original,IMG_12590.jpg,IMG_12590,.jpg,404,303,51086,6eb34de09d8765ffd710d72af13eeab99ee1b81c640ab25486af4ac7a91cd0cd,img_12590,candidate-1068,decoded,JPEG
val,original,IMG_1260.jpg,IMG_1260,.jpg,404,303,44042,9b44541d4a585f8ec915956130f8dc7c992abe55193a23295c36a6dc33aec1da,img_1260,candidate-1069,decoded,JPEG
val,original,IMG_12650.jpg,IMG_12650,.jpg,404,303,41641,e4133d7b9aa1969900caccae54a5b2647ee62dcda1b885b17d5168547a432e10,img_12650,candidate-1070,decoded,JPEG
val,original,IMG_12720.jpg,IMG_12720,.jpg,404,303,41162,26d9086b56638de4c02c0093f1c42c6029cfb05969bc5e23cdf1970290332218,img_12720,candidate-1071,decoded,JPEG
val,original,IMG_12810.jpg,IMG_12810,.jpg,404,303,22535,0f578af82d85caa3ffe27a569b35335a33ee49398112eef68f144a8a3e069677,img_12810,candidate-0510,decoded,JPEG
val,original,IMG_13180.jpg,IMG_13180,.jpg,404,303,27978,45c422a6570b50d7ccc36e7dc6d52c84b458179581c1f2b68c9d61b8ce5b71e9,img_13180,candidate-1072,decoded,JPEG
val,original,IMG_13220.jpg,IMG_13220,.jpg,404,303,24635,be6a7020a0504b70e01ea8df2bb106185f544db176acdc5ad859f55cf504dcdf,img_13220,candidate-1073,decoded,JPEG
val,original,IMG_13380.jpg,IMG_13380,.jpg,404,303,33535,de27eca3d1d5c69ee8192d122c1c571c6d8b48de3f9a010814f028b2f825e261,img_13380,candidate-1074,decoded,JPEG
val,original,IMG_13650_noise.jpg,IMG_13650_noise,.jpg,404,303,96497,6ab7a0444d487f6d865eaee7a44e73ba70b384aaed746c4378dc56e519f52277,img_13650,candidate-0094,decoded,JPEG
val,original,IMG_13700.jpg,IMG_13700,.jpg,404,303,25775,495063cd3ea26a605afb6d545ced76576f0ef9327167728dad90cce8090f4985,img_13700,candidate-0565,decoded,JPEG
val,original,IMG_1381.jpg,IMG_1381,.jpg,404,303,49029,95b5c9eb9f78df1d7f49984156741aa3367dfb1d3c0ab8043e50df3f9d059c95,img_1381,candidate-0572,decoded,JPEG
val,original,IMG_1387_noise.jpg,IMG_1387_noise,.jpg,404,303,99264,fa01c3c7481cb7732f5a2d918a9502462bc2ce7c7b5b15e2c7dcee2f90f225e7,img_1387,candidate-0102,decoded,JPEG
val,original,IMG_1390_brightness.jpg,IMG_1390_brightness,.jpg,404,303,50500,171ee99ecaed35c334612d827003b3b5db81523df63d0ba030fde46e24b46752,img_1390,candidate-0105,decoded,JPEG
val,original,IMG_13930.jpg,IMG_13930,.jpg,404,303,32996,f18470ec9d9756d97e59921947503c9d6b790a6819e27ba828c6e1f57273c379,img_13930,candidate-0577,decoded,JPEG
val,original,IMG_13960.jpg,IMG_13960,.jpg,404,303,33880,6c95b7aa3043d762ec084cc42650f8bcb442fce4ca6d4670506daaacd404ea26,img_13960,candidate-0578,decoded,JPEG
val,original,IMG_14040.jpg,IMG_14040,.jpg,404,303,21450,70cbb1147ab9f1770438781b5a702d1dd416ee698257eac176f9202f130be535,img_14040,candidate-0583,decoded,JPEG
val,original,IMG_1406_brightness.jpg,IMG_1406_brightness,.jpg,404,303,77700,02f6c8433fd623a4e02bb30b17f88c5a8cde7a9e70b10bfa0f3fae7c59e13b95,img_1406,candidate-0584,decoded,JPEG
val,original,IMG_1419_noise.jpg,IMG_1419_noise,.jpg,404,303,94942,ff5773f76fe24d5d59dd3bea8693266502ea007c6781b4def4aaf33c3408acba,img_1419,candidate-0118,decoded,JPEG
val,original,IMG_1459.jpg,IMG_1459,.jpg,404,303,31809,4e775c20e10ff5eba336313f7daf738e153f4fa6fdf513b45faa1281dcc315c6,img_1459,candidate-1075,decoded,JPEG
val,original,IMG_1460.jpg,IMG_1460,.jpg,404,303,35479,c88871363270a17e86b1fe1aea4b5f394f0542cc4652ee48cfe6cfe239d5b5e4,img_1460,candidate-1076,decoded,JPEG
val,original,IMG_5385.jpg,IMG_5385,.jpg,404,303,42946,35975fd21d48cb884999baa03560e85d8dcbbb031b82870f3a1686bc7080884e,img_5385,candidate-1077,decoded,JPEG
val,original,IMG_54130.jpg,IMG_54130,.jpg,404,303,43146,8702ecc43878ec5959d0b60708a6ab0e69cd9f983227c7699a7e3ddec321f85f,img_54130,candidate-1078,decoded,JPEG
val,original,IMG_5441.jpg,IMG_5441,.jpg,404,303,53637,7e6cfeff67b19d35204f6a925b777bd1f5e6958893d34ab9097eba0af8b0ac59,img_5441,candidate-1079,decoded,JPEG
val,original,IMG_54500.jpg,IMG_54500,.jpg,404,303,43623,b06b1a7ed0a138255bde7ba6f82950756c32562736be849c30c7d1b42ac41607,img_54500,candidate-1080,decoded,JPEG
val,original,IMG_5467.jpg,IMG_5467,.jpg,404,303,52591,18a0cf87db3ca819b800e5d612338749a76135123075307958c5302e3c2c96dd,img_5467,candidate-1081,decoded,JPEG
val,original,IMG_5480.jpg,IMG_5480,.jpg,404,303,43204,0d8ae777ad85501c7b42cfafe31a70e10881a0d21877e7606415ef60a8031a86,img_5480,candidate-1082,decoded,JPEG
val,original,IMG_54920.jpg,IMG_54920,.jpg,404,303,41046,124cab7fab95ba806bf2b25b6424a4e6cd3c7a5bb507d5c2e8c3409103c44471,img_54920,candidate-1083,decoded,JPEG
val,original,IMG_54940.jpg,IMG_54940,.jpg,404,303,68549,2c815443831f6a5e1736b08677ada23104fe54885536c39e670136fc05c2cffe,img_54940,candidate-1084,decoded,JPEG
val,original,IMG_55120.jpg,IMG_55120,.jpg,404,303,51317,a315f869f1569bc0328d38d91c2c57402c8741882064f5cf1404e1f10a440dc8,img_55120,candidate-1085,decoded,JPEG
val,original,IMG_55140.jpg,IMG_55140,.jpg,404,303,50647,e4660cd6e5a45bd61dcad360e865dc97af19a3c4351e99c5bd0fed596e219854,img_55140,candidate-1086,decoded,JPEG
val,original,IMG_55210.jpg,IMG_55210,.jpg,404,303,45979,aefe5dcdeacf5511f81f6832298a076474cd0cb047ed63a29cc4df2f06a6dba7,img_55210,candidate-1087,decoded,JPEG
val,original,IMG_55230.jpg,IMG_55230,.jpg,404,303,33044,52fde956a9b084fbcc334ca88aaec90d5ae3133e159720f244faade4650c4d19,img_55230,candidate-1088,decoded,JPEG
val,original,IMG_55260.jpg,IMG_55260,.jpg,404,303,63579,a217d095c8022fcc29cebe81e50fdca5bc7786f30102658554be4b22adee5262,img_55260,candidate-1089,decoded,JPEG
val,original,IMG_55270.jpg,IMG_55270,.jpg,404,303,35527,612d275864f5872c785db2901fcf195d08217a31cafdf4c70f981a8ed24cfb76,img_55270,candidate-1090,decoded,JPEG
val,original,IMG_55630.jpg,IMG_55630,.jpg,404,303,70183,6a57b95385f4212e5e651f8965a50e0bd1509cde1157e979518a04f96caa2136,img_55630,candidate-1091,decoded,JPEG
val,original,IMG_55730.jpg,IMG_55730,.jpg,404,303,44317,24620580fb0b191e260e20f3427f9d0c504a6c160ecf39a78bb3b62f48a2aae7,img_55730,candidate-1092,decoded,JPEG
val,original,IMG_55880.jpg,IMG_55880,.jpg,404,303,79276,37c5ee5ddd3bb9ed0aa72edfd537138d1944a5262e260f44062df94ee90020de,img_55880,candidate-1093,decoded,JPEG
val,original,IMG_56300.jpg,IMG_56300,.jpg,404,303,62799,615c313e7749377139fb286ac5c80b576fa6f25e6239d3b33d2e9d3fc9446848,img_56300,candidate-1094,decoded,JPEG
val,original,IMG_56310.jpg,IMG_56310,.jpg,404,303,62354,9257d81d7006b090783fe6c496f1cfac0f641981f5b050c5ec35a2414dcd56fc,img_56310,candidate-1095,decoded,JPEG
val,original,IMG_6772.jpg,IMG_6772,.jpg,369,277,53997,1b7984a133c4025b1357951c6444b4e2a30f3b39d14a7e6dc3bef85f40e636f5,img_6772,candidate-1096,decoded,JPEG
val,original,IMG_6780.jpg,IMG_6780,.jpg,369,277,48445,2ac72a73cb30b9a228ffc505b509e49fcf7a0d0722e7608b597540e4457a2202,img_6780,candidate-1097,decoded,JPEG
val,original,IMG_6782.jpg,IMG_6782,.jpg,369,277,41212,991f50292116a44997f58762392a2cf6f15a37b0a1e7d01263d1cc1791ae8154,img_6782,candidate-1098,decoded,JPEG
val,original,IMG_6800.jpg,IMG_6800,.jpg,369,277,57979,4d5dcfbefde5a5d1495601ddb2dc31c9a797b5f03a34bd878ac0b1e819ad0036,img_6800,candidate-1099,decoded,JPEG
val,original,IMG_6801.jpg,IMG_6801,.jpg,369,277,58140,547bfa2b5a22a976e5073c8f408e4ee7eddfd80d1ccdb8e8b738269b9970b670,img_6801,candidate-1100,decoded,JPEG
val,original,IMG_6803.jpg,IMG_6803,.jpg,369,277,38157,019b80ab972e34000adefda652da4e47a07255462a8683a02b94bc1722fdca58,img_6803,candidate-1101,decoded,JPEG
val,original,IMG_6806.jpg,IMG_6806,.jpg,369,277,46560,efe82ad6e18912410e18d7261886be9198431944d1e14fda99a1b238987b5078,img_6806,candidate-1102,decoded,JPEG
val,original,IMG_6809.jpg,IMG_6809,.jpg,369,277,37292,33d8eca8029fa941fcedfe49c6320f44ead2af138b4fdac213c772156a3144f8,img_6809,candidate-1103,decoded,JPEG
val,original,IMG_6815.jpg,IMG_6815,.jpg,369,277,38744,9de6e7927749812c8f6b429aed70a4e961544c2ba0d4ba8f063d4cbaf30f2962,img_6815,candidate-1104,decoded,JPEG
val,original,IMG_6833.jpg,IMG_6833,.jpg,369,277,46523,196805250da33b5f6cbed56251eb8a495c4007a8f908f6b0a6140efa956192cf,img_6833,candidate-1105,decoded,JPEG
val,original,IMG_6839.jpg,IMG_6839,.jpg,369,277,39824,e86196f12b50ab904181fb6766171f73213bab5246ee3a5f4db487da83af827f,img_6839,candidate-1106,decoded,JPEG
val,original,IMG_6882.jpg,IMG_6882,.jpg,369,277,29905,b3943805b665f4b98f60032f2263fdf461781957228dbbe8ca1395775660e617,img_6882,candidate-1107,decoded,JPEG
val,resize,107.jpg,107,.jpg,640,480,151050,93cbab5d310d6a58860b02768d483f4d2c4047cb16cf3be04ecd97d006589e72,107,candidate-1036,decoded,JPEG
val,resize,1090.jpg,1090,.jpg,640,480,144527,3bdbd90c257d58a705f0e3b0ced33570652ad0ad923b045dc0aa9f0a9f0f28dd,1090,candidate-1037,decoded,JPEG
val,resize,111.jpg,111,.jpg,640,480,117196,4795ed4a71c3bd7859f374f18dcddccd2a42e357cd6b329806caeb4ab479845f,111,candidate-0246,decoded,JPEG
val,resize,1130.jpg,1130,.jpg,640,480,140446,105e2aa4526139f273f424d4523698a4dd546db5995fb644fe9099cba288fd56,1130,candidate-1038,decoded,JPEG
val,resize,114.jpg,114,.jpg,640,480,124255,8ef1fa26e1d5744abd857619814af72a2653c6d4a178e0239f271a0f810d11a1,114,candidate-1039,decoded,JPEG
val,resize,1180.jpg,1180,.jpg,640,480,111448,75ede6da6cb47455b544bf8e57cd4db6178b91e6e4120f43371040cfa6797d80,1180,candidate-0249,decoded,JPEG
val,resize,1210.jpg,1210,.jpg,640,480,132705,2a92a0773d67adaa06087255e0b68b5a433a0b33b0429f51edaffade3501f9d4,1210,candidate-1040,decoded,JPEG
val,resize,1220.jpg,1220,.jpg,640,480,170414,719534a678ca82d213dd3d8021ce78b7b504be43eb344dbe14c9b1ff8226ce33,1220,candidate-1041,decoded,JPEG
val,resize,1290_noise.jpg,1290_noise,.jpg,640,480,162390,da5183b232c02fea3458564e28090ec5751a095bf88d853605705d16a26730b6,1290,candidate-0007,decoded,JPEG
val,resize,1310_noise.jpg,1310_noise,.jpg,640,480,154537,d293c54cc79d85436a9ebd01cfa19dc6e30f3ffe0e8649edc66945404db094c9,1310,candidate-0258,decoded,JPEG
val,resize,1360_brightness.jpg,1360_brightness,.jpg,640,480,155896,fc5f8a09cf865ff66aec77c20e1165567fa9ac2366b9d9ad9d9a2ebefe43821a,1360,candidate-0035,decoded,JPEG
val,resize,1400_noise.jpg,1400_noise,.jpg,640,480,161256,3af65d93b0bcc7298a6a0e50512c71c256ecad4614e4442da7706725355162ce,1400,candidate-0009,decoded,JPEG
val,resize,1450_brightness.jpg,1450_brightness,.jpg,640,480,125862,4f59a5cb6353935a79d86deceeac7c3f8f7e5baaf906f676acd993300282f9b4,1450,candidate-0266,decoded,JPEG
val,resize,1460_noise.jpg,1460_noise,.jpg,640,480,146995,1a765022978fe0d9cf95f62a3abbdf98a4cf6a2ea32097db4ee53d766e67c55f,1460,candidate-0267,decoded,JPEG
val,resize,1550_noise.jpg,1550_noise,.jpg,640,480,168501,9fd30c3a902767450981144e1e22e27a812f2c857e43055d11e2ccaa5cbab7b0,1550,candidate-0274,decoded,JPEG
val,resize,1560_brightness.jpg,1560_brightness,.jpg,640,480,114333,da657be8d4acf9abf02bb6ce244d3d84d43f2cce5d21991a7f171b5fb6c4f3f9,1560,candidate-0036,decoded,JPEG
val,resize,1560_noise.jpg,1560_noise,.jpg,640,480,146569,1dc229467a1c06f85205d1140af362a91f50a4cd23ac9876a741cc4eb9095b31,1560,candidate-0036,decoded,JPEG
val,resize,166.jpg,166,.jpg,640,480,136950,b2e58d715cbaa1597020654e500f255934310cccc1d3dffaafb50427d6dbc8a0,166,candidate-0417,decoded,JPEG
val,resize,170.jpg,170,.jpg,480,640,154772,94ddc1dc3a4e6c41bb5a3456340c8cc4cb35731ce02df822af776d6c06ab2d19,170,candidate-1042,decoded,JPEG
val,resize,172_noise.jpg,172_noise,.jpg,480,640,142306,95e0c3848ae8a7090ae4fd0461bf8c16839fe5e70b9897bd75607a72e0840569,172,candidate-0018,decoded,JPEG
val,resize,1770_noise.jpg,1770_noise,.jpg,480,640,183320,253b45d324ff1838ebc84b30e8c8b7edadbcc7fcd1c5c4aceb56afc7da1126c2,1770,candidate-0287,decoded,JPEG
val,resize,1870.jpg,1870,.jpg,480,640,134793,90051ac900e84c168c1aefe6ee2d26a9a3ae6e6a75cae240d571d90d5f886fa0,1870,candidate-1043,decoded,JPEG
val,resize,192_brightness.jpg,192_brightness,.jpg,640,480,157647,6dbe79386a62dff2ceb02e2110a20317f257857f51a0c334de0b662044aa4be8,192,candidate-0300,decoded,JPEG
val,resize,194_noise.jpg,194_noise,.jpg,640,480,162636,b9d6b5bc7dd6913e82fff2776c9546d60d0b4ee9b17fada09f9621ebef06742e,194,candidate-0302,decoded,JPEG
val,resize,2040_brightness.jpg,2040_brightness,.jpg,640,480,131010,6250a4c51b8a409b8a791a5fd408d18abc8181e57b967161b8c930c6e608aa3b,2040,candidate-0023,decoded,JPEG
val,resize,207_noise.jpg,207_noise,.jpg,640,480,154497,601657568b40916549bb9e7e9d3d74940116b63c14bfd91ad8e4fc5006d0e5ce,207,candidate-0313,decoded,JPEG
val,resize,2150_brightness.jpg,2150_brightness,.jpg,640,480,117897,808b7efedffc383f34d4ee84a5b2adf83082bccca558b662f276d3cbba5731c9,2150,candidate-0026,decoded,JPEG
val,resize,2150_noise.jpg,2150_noise,.jpg,640,480,149444,7650d2b5aa27da5d82bd44f542d84fd6b3203f03b708d54c46ddf0dbc4e62d98,2150,candidate-0026,decoded,JPEG
val,resize,22000.jpg,22000,.jpg,640,480,167788,570e8abac5f798b7f256539f6c25dfe4b72741287ebc494aa4beaa8c2ae62e65,22000,candidate-1044,decoded,JPEG
val,resize,2200_brightness.jpg,2200_brightness,.jpg,640,480,126308,f342d553f0e615a6430362ceecd80a85d6dce8791bd2a31f928183041c3a1443,2200,candidate-0325,decoded,JPEG
val,resize,2210_brightness.jpg,2210_brightness,.jpg,640,480,115310,4c87694b0c5623886b7a8c389d5c7fd71925a56d446148215d39adf51d38e087,2210,candidate-0027,decoded,JPEG
val,resize,223_noise.jpg,223_noise,.jpg,640,480,144595,94686197727646ebdb03bf33c9162e15be4b54286a32a378a3be5d6d98773a03,223,candidate-0327,decoded,JPEG
val,resize,227_brightness.jpg,227_brightness,.jpg,640,480,134994,bf13ab8db81c904693b4091c92d99a0e50232766a210efb5ca7851581f3a1569,227,candidate-0028,decoded,JPEG
val,resize,2340_noise.jpg,2340_noise,.jpg,640,480,148012,ccbe4d12b080deeda2286700280a6412db5373860aa0cbba0fba0a30e80be096,2340,candidate-0006,decoded,JPEG
val,resize,2400_noise.jpg,2400_noise,.jpg,640,480,154866,dda67f6b3a7310317cdf9291ec6cbe3d7eeb126c53b2bc8224c799aafdc17a3b,2400,candidate-0340,decoded,JPEG
val,resize,251_brightness.jpg,251_brightness,.jpg,640,480,115955,feadfec78f2e44f4edd2092e8b328eec68525076433562242f39ffc18e5538a7,251,candidate-0008,decoded,JPEG
val,resize,2520_brightness.jpg,2520_brightness,.jpg,640,480,162509,d79f278defc3275596dc7e2fd699bbf0911c3a0044a830e8404230652a7cdb8c,2520,candidate-0347,decoded,JPEG
val,resize,256_noise.jpg,256_noise,.jpg,640,480,152049,29861320f0a2ce3fc7cf9361c401cea6921b86c3be8424fac9ff22930df21ee0,256,candidate-0263,decoded,JPEG
val,resize,2590_brightness.jpg,2590_brightness,.jpg,640,480,116595,699d57219bfda328118417935729c5f53eb2e75d98f3d2b3f2b982be494c97fb,2590,candidate-0273,decoded,JPEG
val,resize,2640_brightness.jpg,2640_brightness,.jpg,640,480,114087,16e5f25c382ddda11057bbedaa6442811ef7ee971702a36568e56d7a55590f6f,2640,candidate-0036,decoded,JPEG
val,resize,2640_noise.jpg,2640_noise,.jpg,640,480,146526,bd6939cb445ecc2367c5c4f72098ea2b65a17e2d9f1b771f52137e9d456b51a5,2640,candidate-0036,decoded,JPEG
val,resize,266_noise.jpg,266_noise,.jpg,640,480,180764,edc4dc6a743744c9049da55494c44db7e65700b22739b4e11bc71373ce5d63e4,266,candidate-0356,decoded,JPEG
val,resize,267_noise.jpg,267_noise,.jpg,640,480,147996,f7f4e2d2317aec064180379f34d0d98e481a4261e2e77be9ce2caf39c9c4a847,267,candidate-0012,decoded,JPEG
val,resize,2710_brightness.jpg,2710_brightness,.jpg,640,480,136749,b75a885699a8e4a5ef2d5f92935cb61bc58e4ce0eecc897803d9ab4ccba01867,2710,candidate-0357,decoded,JPEG
val,resize,288_noise.jpg,288_noise,.jpg,640,480,183745,136ded6d19fffad16c9738c0e6003d7b2a700c070e5d6a79349434590a669fa5,288,candidate-0364,decoded,JPEG
val,resize,2910_brightness.jpg,2910_brightness,.jpg,640,480,135514,c95a8588df06e004354dd05fd6b27cbbe6998baa1f47ca6f692d23f71494100c,2910,candidate-0367,decoded,JPEG
val,resize,2950_brightness.jpg,2950_brightness,.jpg,640,480,136532,186e8dae1131775c84710a2a5baaca10d07b481485c959b3ff5e19d7c7451d6b,2950,candidate-0368,decoded,JPEG
val,resize,2950_noise.jpg,2950_noise,.jpg,640,480,161619,59b5bc3e1c8f90ac9949921cbf53ef9e2ea4c5fadec89d2348588d9210ae25ed,2950,candidate-0368,decoded,JPEG
val,resize,2970_noise.jpg,2970_noise,.jpg,480,640,167474,41362bcd5622c190a8a2182acdcdc5bc99e994d1ce4a962a54808a89b0f475ca,2970,candidate-0369,decoded,JPEG
val,resize,3110_brightness.jpg,3110_brightness,.jpg,640,480,119823,e4b2408ffbbc9bb931c7143c858ced4500bc49aad95b2cb1c6cbbea1bd5f7cf4,3110,candidate-0047,decoded,JPEG
val,resize,3210.jpg,3210,.jpg,640,480,181800,866b1fae038028f9907be2171dd434ccc7043cab0ef8c89af268fd1031f9009b,3210,candidate-1045,decoded,JPEG
val,resize,3310.jpg,3310,.jpg,640,480,165549,6d4749d3b70ab633362e7564559ba1d51ad960641393a3888375d82fb6932540,3310,candidate-1046,decoded,JPEG
val,resize,3320.jpg,3320,.jpg,640,480,176007,0d1d3729be89bab2722b76e29590d7a86ff4955699ac31fcb49a151d7a9681ba,3320,candidate-1047,decoded,JPEG
val,resize,336.jpg,336,.jpg,480,640,167421,20be9cf0851b3d1e6565cf154ddbb742657b6ed83314eed67be466c30f754bc5,336,candidate-1048,decoded,JPEG
val,resize,340.jpg,340,.jpg,640,480,126806,9c47ab9f6dc464cae071eebb6618339e58e4b49261e9dc43de1d27f6a180c3ec,340,candidate-1049,decoded,JPEG
val,resize,3450.jpg,3450,.jpg,640,480,159354,22ce35be3e9be6a92acefd47571a83c62de2aaf2505c2a68b25e05e95912bc71,3450,candidate-1050,decoded,JPEG
val,resize,3460.jpg,3460,.jpg,640,480,137906,647becd6e0a2b8a709c03e3342d7b2f08e9251c2cef1dd71b7e1595ce398b3af,3460,candidate-1051,decoded,JPEG
val,resize,3720.jpg,3720,.jpg,480,640,148112,4806f69be9a7c1b7cb2941431e269cc3fc442cb5bdeb911db69af8c26dbcf3fd,3720,candidate-1052,decoded,JPEG
val,resize,379.jpg,379,.jpg,480,640,114328,22235e194daa5d82cf2bc45c940af5a854b60b1f545200c23ef025fcd07d03df,379,candidate-1053,decoded,JPEG
val,resize,3810.jpg,3810,.jpg,480,640,104772,2e7571fa9e285fba609c2cffc4362279550ade28af16f388721c3ebcdae66be1,3810,candidate-1054,decoded,JPEG
val,resize,384.jpg,384,.jpg,480,640,168780,3b14627adc9338d90715271d3ebb421c6a27dfced1d8fefa8cc282cdabe0044d,384,candidate-1055,decoded,JPEG
val,resize,385.jpg,385,.jpg,640,480,110604,764e56f76ffab01f33f10ab3000c1fc0ea1dc770d898bf809e59559adfb48dfa,385,candidate-1056,decoded,JPEG
val,resize,3860.jpg,3860,.jpg,480,640,114719,0489826a83918e43949601e6598cf4854f80174f9e8a5250488bc805d4a38641,3860,candidate-1057,decoded,JPEG
val,resize,3870.jpg,3870,.jpg,480,640,152220,f4966a99e343109bfedc8603b2617bac74c364e01e8cd093864a54af6258a64b,3870,candidate-1058,decoded,JPEG
val,resize,3880.jpg,3880,.jpg,480,640,164393,7c44985c0cab1d8c4af1e8a51cd88202ee66725aefb6b9663512a73f026822a2,3880,candidate-1059,decoded,JPEG
val,resize,397.jpg,397,.jpg,480,640,147616,8fa78b628eb20954411395551277ec4040aa93d16f031cfddc1b46d01a30ad9c,397,candidate-1060,decoded,JPEG
val,resize,411.jpg,411,.jpg,640,480,174892,b12b1d62a29c4f061513b3fbb6881f79342c2e7ab04318d6411730ca5bedd0c9,411,candidate-1061,decoded,JPEG
val,resize,4141.jpg,4141,.jpg,480,640,146281,57dd914aa8715c3ef54aeacbf9e1de1a81ed43c88f8976825862bbfc46652bd7,4141,candidate-1062,decoded,JPEG
val,resize,416.jpg,416,.jpg,640,480,106642,6013cf7f4c19b4fdd1e9419c01d1d95fe0d0461323ddaf0cdac12ff465417054,416,candidate-1063,decoded,JPEG
val,resize,78.jpg,78,.jpg,480,640,135600,ba93f8788c3374881d5cd768be1a9d3cab3c102efeb1a9ac0a0b06787fde3ec1,78,candidate-1064,decoded,JPEG
val,resize,79.jpg,79,.jpg,480,640,150809,9f6dfb639f46c418800f41b8a1dd092dbccba3e92ccf260dee2f78d5d6d32bfb,79,candidate-1065,decoded,JPEG
val,resize,8100.jpg,8100,.jpg,480,640,166676,2ab431e78c2d0cf97cf7d5fec9ded27d8001eb0cd48e3111fe1f4e2548884c08,8100,candidate-1066,decoded,JPEG
val,resize,IMG_12330.jpg,IMG_12330,.jpg,640,480,129751,8e445ec335d66081c3ec144fb6e30c23d4bf065d6ee233f13e7f76eb5a4983ee,img_12330,candidate-1067,decoded,JPEG
val,resize,IMG_12400.jpg,IMG_12400,.jpg,640,480,156005,a98c7b7a123bebaee1e86171e58c941f8fb4ce596bb5a44251547b7b227dbf28,img_12400,candidate-0484,decoded,JPEG
val,resize,IMG_12460.jpg,IMG_12460,.jpg,640,480,143390,18551b7f7389982871a12130d8b0aeaad4d2ffef350039344492cb5991faf285,img_12460,candidate-0489,decoded,JPEG
val,resize,IMG_12590.jpg,IMG_12590,.jpg,640,480,171756,b98f649c110e4ea5401f9cbfa7e2ab9b096c3b9c4e60c6498c717936e229ac4c,img_12590,candidate-1068,decoded,JPEG
val,resize,IMG_1260.jpg,IMG_1260,.jpg,640,480,153776,43fa83851b8b6d207a9fbc761916efba99914626561ec6ece1c7bbdc6ac0ee4a,img_1260,candidate-1069,decoded,JPEG
val,resize,IMG_12650.jpg,IMG_12650,.jpg,640,480,151067,49594b1d7457f45a460429e72e89a5e15ab789a3dd70528bc1f5bcb2f50137d3,img_12650,candidate-1070,decoded,JPEG
val,resize,IMG_12720.jpg,IMG_12720,.jpg,640,480,151058,0042e54ad733109278dfa7b9be9c0438eb1c12f8c159f5d97be707327d6257cb,img_12720,candidate-1071,decoded,JPEG
val,resize,IMG_12810.jpg,IMG_12810,.jpg,640,480,110034,d501f17150e7996c62226c9baf7364a5f386954a35a6168544489d177c6b4379,img_12810,candidate-0510,decoded,JPEG
val,resize,IMG_13180.jpg,IMG_13180,.jpg,640,480,128746,9a6c4b27ee5d4d1cc2262d2923d482944afa1cd95cf2d635153442245fd4bd90,img_13180,candidate-1072,decoded,JPEG
val,resize,IMG_13220.jpg,IMG_13220,.jpg,640,480,118349,7ee998c51d622ac6a17b8280f2be9ed0005824e78bfbd04e41dae77794a86bdc,img_13220,candidate-1073,decoded,JPEG
val,resize,IMG_13380.jpg,IMG_13380,.jpg,640,480,135737,82273989b03be59c25dc982a2965a696d157b5622467699cfef9b7abff5f65ee,img_13380,candidate-1074,decoded,JPEG
val,resize,IMG_13650_noise.jpg,IMG_13650_noise,.jpg,640,480,164565,9c37552858719a798bd761e36179e4a7401b2295f6febfa928016bb3034ca3c4,img_13650,candidate-0094,decoded,JPEG
val,resize,IMG_13700.jpg,IMG_13700,.jpg,640,480,124836,6b70d71a6abc2de272e9dfdc2f3ea80bc2a41f776ecb272a77f9d16bb2d512e0,img_13700,candidate-0565,decoded,JPEG
val,resize,IMG_1381.jpg,IMG_1381,.jpg,640,480,172417,5b571e83832857cd931d7ed62be6fcacdfd2d2d9783829f82c6c6ae81de64d2a,img_1381,candidate-0572,decoded,JPEG
val,resize,IMG_1387_noise.jpg,IMG_1387_noise,.jpg,640,480,169003,40b1720300ed923f445be9d7e941fe496698a34dc7b64d7977ea4ee472bc0d4d,img_1387,candidate-0102,decoded,JPEG
val,resize,IMG_1390_brightness.jpg,IMG_1390_brightness,.jpg,640,480,105163,283e3ea02f195814fd4a3ceb975834e8cc409ebadea77df7b91e81cd0da6bbde,img_1390,candidate-0105,decoded,JPEG
val,resize,IMG_13930.jpg,IMG_13930,.jpg,640,480,138814,40d5b0a703de43cf696589f5690e876127257fe9883fd61fa19b705de97a4de4,img_13930,candidate-0577,decoded,JPEG
val,resize,IMG_13960.jpg,IMG_13960,.jpg,640,480,143882,8c04e5919c60a491b7fc7203137ccbbaa17971a21ffdcf1fe9b9fb8cab48095c,img_13960,candidate-0578,decoded,JPEG
val,resize,IMG_14040.jpg,IMG_14040,.jpg,640,480,112322,9ae123bb95e47e8c1bf04dc6f53b3dc6da737cf7eeeb8e81d677d5d758e7c679,img_14040,candidate-0583,decoded,JPEG
val,resize,IMG_1406_brightness.jpg,IMG_1406_brightness,.jpg,640,480,152291,f23c463b291bd51bf017340ac03d8c4ada13a46f3988b5bdce8b2a730bab5c52,img_1406,candidate-0584,decoded,JPEG
val,resize,IMG_1419_noise.jpg,IMG_1419_noise,.jpg,640,480,162716,2eaa9dc0321af442a282fd49bfee419cbff906f6b048d2a12a8a47fcc03a5065,img_1419,candidate-0118,decoded,JPEG
val,resize,IMG_1459.jpg,IMG_1459,.jpg,640,480,121012,baf2f8e8ae96e5ef5a2bc66f93b6fc07df83b0237bdb96bc21da8a99886245ce,img_1459,candidate-1075,decoded,JPEG
val,resize,IMG_1460.jpg,IMG_1460,.jpg,640,480,134306,82d58f6830173d68cb1d678bd028866467a8662cb488a96ebd7f14168f56ac8a,img_1460,candidate-1076,decoded,JPEG
val,resize,IMG_5385.jpg,IMG_5385,.jpg,640,480,154619,fce9ea1160c8b4a7e91ee7c4f0813ba1ffd14fecd8fc79fc2dec24f37d5fba3b,img_5385,candidate-1077,decoded,JPEG
val,resize,IMG_54130.jpg,IMG_54130,.jpg,640,480,160463,211372aa34110af61763331e3976268264cecfef6740a0444e496e4715e31031,img_54130,candidate-1078,decoded,JPEG
val,resize,IMG_5441.jpg,IMG_5441,.jpg,640,480,185227,76ed86fc7940fb09bd31f8780685c6ad822ad1cbf6837d19b51a78649055fa76,img_5441,candidate-1079,decoded,JPEG
val,resize,IMG_54500.jpg,IMG_54500,.jpg,640,480,163456,fce20c821b4a26c59ebd1ff423c2ce5ec26ac31dce20f87a7362c0d355be4195,img_54500,candidate-1080,decoded,JPEG
val,resize,IMG_5467.jpg,IMG_5467,.jpg,640,480,181834,f71094ce0510004851c55a03f1c8ebf62940f3940a682da4bdb2aaa21b2b1835,img_5467,candidate-1081,decoded,JPEG
val,resize,IMG_5480.jpg,IMG_5480,.jpg,640,480,151628,b613c51b5a3f7d6004df84f76160bbed402a9bf1ba9168eab6358c31e59df9b3,img_5480,candidate-1082,decoded,JPEG
val,resize,IMG_54920.jpg,IMG_54920,.jpg,640,480,157438,105c0e644050c52c6d06cb9f64af49d617c06a7cbea958a310c6776856643db2,img_54920,candidate-1083,decoded,JPEG
val,resize,IMG_54940.jpg,IMG_54940,.jpg,640,480,208430,56819534292db932e3279f8bd1aa2c2364da67f923c0fefeb9f2fc4da3aff74a,img_54940,candidate-1084,decoded,JPEG
val,resize,IMG_55120.jpg,IMG_55120,.jpg,640,480,177505,c2b7805420358e261d0f22e912e8a91fe2dd33b5fe36546470c9346e3d1ae6a1,img_55120,candidate-1085,decoded,JPEG
val,resize,IMG_55140.jpg,IMG_55140,.jpg,640,480,173277,91cd190c9e15341358719f7aa3b4c6f140f2ec33e7c58333dca8a87977d71cf5,img_55140,candidate-1086,decoded,JPEG
val,resize,IMG_55210.jpg,IMG_55210,.jpg,640,480,165201,b6c2e7cc213e205e4182b9cf6a361ca1e3228aae47c982cdba123d70a1d9eb06,img_55210,candidate-1087,decoded,JPEG
val,resize,IMG_55230.jpg,IMG_55230,.jpg,640,480,139995,3ae1b6ee0c7791c4e97b22f953d269c5c1a81a8de28c2cf8824355c18997ca02,img_55230,candidate-1088,decoded,JPEG
val,resize,IMG_55260.jpg,IMG_55260,.jpg,640,480,196003,c99c41a7ebbe3f037804a909d8a680f00dc4046dabfa9317518600cac336a058,img_55260,candidate-1089,decoded,JPEG
val,resize,IMG_55270.jpg,IMG_55270,.jpg,640,480,143273,3167a127c2d4e9b741e016aacae8bd37400e4201df0b8e6b32958fdc8bb5298f,img_55270,candidate-1090,decoded,JPEG
val,resize,IMG_55630.jpg,IMG_55630,.jpg,640,480,212914,ec70e87272dd8be9c7955a89268fad3ca5b2d046484de608cec51b3540642f99,img_55630,candidate-1091,decoded,JPEG
val,resize,IMG_55730.jpg,IMG_55730,.jpg,640,480,164034,694c1e561d0dc7adeb8dbd16b4e66e651d95278cdef292f828b7ea9acd54e772,img_55730,candidate-1092,decoded,JPEG
val,resize,IMG_55880.jpg,IMG_55880,.jpg,640,480,231694,f9145d580d8bfd081f44a8dddfbe444781ee992d0341d21457540a001993a855,img_55880,candidate-1093,decoded,JPEG
val,resize,IMG_56300.jpg,IMG_56300,.jpg,640,480,199540,8fdd284007f63c81689957a64caa7836949e3786fcacc71283723c9358a28c26,img_56300,candidate-1094,decoded,JPEG
val,resize,IMG_56310.jpg,IMG_56310,.jpg,640,480,198735,7d4d3e83badc43b108ed8d17027885a95e79a1af064fab7249b85c437ff7cee7,img_56310,candidate-1095,decoded,JPEG
val,resize,IMG_6772.jpg,IMG_6772,.jpg,640,480,199731,128a8aae28bbcdde8db45f53249c70c3c667cef5155df6d297bb6b43d22c6b64,img_6772,candidate-1096,decoded,JPEG
val,resize,IMG_6780.jpg,IMG_6780,.jpg,640,480,176254,80a34ee4a3a0cd07f773bc70f4a61e0860b99ab0fef463e51e160bb30499bb6c,img_6780,candidate-1097,decoded,JPEG
val,resize,IMG_6782.jpg,IMG_6782,.jpg,640,480,161468,ae0137f8b0ade4f2a7a1f5e3e7130c9753e3ba13975ddc724868b9554521ae72,img_6782,candidate-1098,decoded,JPEG
val,resize,IMG_6800.jpg,IMG_6800,.jpg,640,480,200860,06c379bea33084ef3a71e699ed57f9460f3d63982407a9edc7f165c2882bf2bd,img_6800,candidate-1099,decoded,JPEG
val,resize,IMG_6801.jpg,IMG_6801,.jpg,640,480,200319,f4f38e7bc9bea2f6e11ff597d86077d8480974bbc7bf71a4cc949c8f039ca6ad,img_6801,candidate-1100,decoded,JPEG
val,resize,IMG_6803.jpg,IMG_6803,.jpg,640,480,151247,aeefce592cda7d1b2061cb4eb0e3d757aee3e78cc671ef22dd2c1474b22a276c,img_6803,candidate-1101,decoded,JPEG
val,resize,IMG_6806.jpg,IMG_6806,.jpg,640,480,173993,18a8f3ceda0a72cdc7e5c14f7918882786a3cebc6f7b902d15a9a01360b0cbf5,img_6806,candidate-1102,decoded,JPEG
val,resize,IMG_6809.jpg,IMG_6809,.jpg,640,480,151142,ccb17d3e152b019010f6947dd700914bff880f1d96ab32e016aba32238cb89bd,img_6809,candidate-1103,decoded,JPEG
val,resize,IMG_6815.jpg,IMG_6815,.jpg,640,480,155500,ab6865ec4116f7497c475f7f632340a4004db48f1162af12650e473f3678c960,img_6815,candidate-1104,decoded,JPEG
val,resize,IMG_6833.jpg,IMG_6833,.jpg,640,480,179148,0ff438425267de50f18f9350f75202e699fb9f63e05066ae5253fc02a345df6c,img_6833,candidate-1105,decoded,JPEG
val,resize,IMG_6839.jpg,IMG_6839,.jpg,640,480,160166,c00fecbc8d8d8ffee3ce9ad2c9e39a7d185f6964f121a77e387b41eabe5ea80f,img_6839,candidate-1106,decoded,JPEG
val,resize,IMG_6882.jpg,IMG_6882,.jpg,640,480,129549,3e9c03f4f674027b14a10262efab9091e605eb52ad93c530945fbcec6ca144ad,img_6882,candidate-1107,decoded,JPEG
