file_a,split_a,variant_a,file_b,split_b,variant_b,relation_type,evidence,confidence,merged
108.jpg,test,original,108.jpg,test,resize,resized_duplicate,same filename; 369x277->640x480; LANCZOS RGB MAE=8.4843; 64x64 luminance correlation=0.999214,Supported,true
115.jpg,test,original,115.jpg,test,resize,resized_duplicate,same filename; 369x277->640x480; LANCZOS RGB MAE=4.5193; 64x64 luminance correlation=0.999607,Supported,true
1170.jpg,test,original,1170.jpg,test,resize,resized_duplicate,same filename; 369x277->640x480; LANCZOS RGB MAE=4.4221; 64x64 luminance correlation=0.999633,Supported,true
123.jpg,test,original,123.jpg,test,resize,resized_duplicate,same filename; 369x277->640x480; LANCZOS RGB MAE=4.3245; 64x64 luminance correlation=0.999518,Supported,true
1240.jpg,test,original,1240.jpg,test,resize,resized_duplicate,same filename; 369x277->640x480; LANCZOS RGB MAE=3.9557; 64x64 luminance correlation=0.999211,Supported,true
1270.jpg,test,original,1270.jpg,test,resize,resized_duplicate,same filename; 369x277->640x480; LANCZOS RGB MAE=4.3556; 64x64 luminance correlation=0.999591,Supported,true
1290.jpg,test,original,1290.jpg,test,resize,resized_duplicate,same filename; 369x277->640x480; LANCZOS RGB MAE=6.6436; 64x64 luminance correlation=0.999126,Supported,true
1290.jpg,test,original,1290_brightness.jpg,train,original,augmentation_derivative,64x64 luminance correlation=0.999001; identical region list=True,Strongly Supported,true
1290.jpg,test,original,1290_noise.jpg,val,original,augmentation_derivative,64x64 luminance correlation=0.999297; identical region list=True,Strongly Supported,true
138.jpg,test,original,138.jpg,test,resize,resized_duplicate,same filename; 369x277->640x480; LANCZOS RGB MAE=4.4882; 64x64 luminance correlation=0.999064,Supported,true
138.jpg,test,original,138_brightness.jpg,train,original,augmentation_derivative,64x64 luminance correlation=0.996657; identical region list=True,Strongly Supported,true
138.jpg,test,original,138_noise.jpg,train,original,augmentation_derivative,64x64 luminance correlation=0.999535; identical region list=True,Strongly Supported,true
138.jpg,test,original,251.jpg,train,original,exact_duplicate,identical SHA256 7d579f7f2a9882fbab51e747b172da364d77556c89c026c9ec184da25b57a25d; identical region list=False,Confirmed,true
1400.jpg,test,original,1400.jpg,test,resize,resized_duplicate,same filename; 369x277->640x480; LANCZOS RGB MAE=6.3132; 64x64 luminance correlation=0.999126,Supported,true
1400.jpg,test,original,1400_brightness.jpg,train,original,augmentation_derivative,64x64 luminance correlation=0.998023; identical region list=True,Strongly Supported,true
1400.jpg,test,original,1400_noise.jpg,val,original,augmentation_derivative,64x64 luminance correlation=0.999415; identical region list=True,Strongly Supported,true
1410.jpg,test,original,1410.jpg,test,resize,resized_duplicate,same filename; 369x277->640x480; LANCZOS RGB MAE=4.0331; 64x64 luminance correlation=0.99969,Supported,true
1420.jpg,test,original,1420.jpg,test,resize,resized_duplicate,same filename; 369x277->640x480; LANCZOS RGB MAE=4.3081; 64x64 luminance correlation=0.999653,Supported,true
143.jpg,test,original,143.jpg,test,resize,resized_duplicate,same filename; 369x277->640x480; LANCZOS RGB MAE=4.4766; 64x64 luminance correlation=0.999369,Supported,true
143.jpg,test,original,267.jpg,test,original,exact_duplicate,identical SHA256 f68f5c4ee808f79704fea6a317a07a73106356b5720f01f45d796b9a6c0da41b; identical region list=False,Confirmed,true
150.jpg,test,original,150.jpg,test,resize,resized_duplicate,same filename; 369x277->640x480; LANCZOS RGB MAE=4.7253; 64x64 luminance correlation=0.999074,Supported,true
150.jpg,test,original,279.jpg,test,original,exact_duplicate,identical SHA256 a80af98baf3ae6ec180981740c80bec0732065bdd3cdd3b973aa49609ca9d89c; identical region list=False,Confirmed,true
150.jpg,test,original,150_brightness.jpg,train,original,augmentation_derivative,64x64 luminance correlation=0.996950; identical region list=True,Strongly Supported,true
150.jpg,test,original,150_noise.jpg,train,original,augmentation_derivative,64x64 luminance correlation=0.999439; identical region list=True,Strongly Supported,true
1520.jpg,test,original,1520.jpg,test,resize,resized_duplicate,same filename; 369x277->640x480; LANCZOS RGB MAE=7.0183; 64x64 luminance correlation=0.999284,Supported,true
1520.jpg,test,original,1520_brightness.jpg,train,original,augmentation_derivative,64x64 luminance correlation=0.998710; identical region list=True,Strongly Supported,true
1520.jpg,test,original,1520_noise.jpg,train,original,augmentation_derivative,64x64 luminance correlation=0.999497; identical region list=True,Strongly Supported,true
158.jpg,test,original,158.jpg,test,resize,resized_duplicate,same filename; 369x277->640x480; LANCZOS RGB MAE=9.3693; 64x64 luminance correlation=0.999336,Supported,true
1600.jpg,test,original,1600.jpg,test,resize,resized_duplicate,same filename; 369x277->640x480; LANCZOS RGB MAE=7.8527; 64x64 luminance correlation=0.998925,Supported,true
1710.jpg,test,original,1710.jpg,test,resize,resized_duplicate,same filename; 277x369->480x640; LANCZOS RGB MAE=7.1816; 64x64 luminance correlation=0.999494,Supported,true
172.jpg,test,original,172.jpg,test,resize,resized_duplicate,same filename; 277x369->480x640; LANCZOS RGB MAE=4.3429; 64x64 luminance correlation=0.99963,Supported,true
172.jpg,test,original,172_brightness.jpg,train,original,unresolved_candidate,64x64 luminance correlation=0.844114; identical region list=False,Candidate,false
172.jpg,test,original,172_noise.jpg,val,original,unresolved_candidate,64x64 luminance correlation=0.842810; identical region list=False,Candidate,false
175.jpg,test,original,175.jpg,test,resize,resized_duplicate,same filename; 277x369->480x640; LANCZOS RGB MAE=5.7622; 64x64 luminance correlation=0.999354,Supported,true
1760.jpg,test,original,1760.jpg,test,resize,resized_duplicate,same filename; 277x369->480x640; LANCZOS RGB MAE=3.1614; 64x64 luminance correlation=0.99967,Supported,true
182.jpg,test,original,182.jpg,test,resize,resized_duplicate,same filename; 277x369->480x640; LANCZOS RGB MAE=6.4152; 64x64 luminance correlation=0.999496,Supported,true
1840.jpg,test,original,1840.jpg,test,resize,resized_duplicate,same filename; 277x369->480x640; LANCZOS RGB MAE=6.1261; 64x64 luminance correlation=0.999566,Supported,true
2040.jpg,test,original,2040.jpg,test,resize,resized_duplicate,same filename; 369x277->640x480; LANCZOS RGB MAE=5.4226; 64x64 luminance correlation=0.999445,Supported,true
2040.jpg,test,original,2040_noise.jpg,train,original,augmentation_derivative,64x64 luminance correlation=0.999466; identical region list=True,Strongly Supported,true
2040.jpg,test,original,2040_brightness.jpg,val,original,augmentation_derivative,64x64 luminance correlation=0.996110; identical region list=True,Strongly Supported,true
2050.jpg,test,original,2050.jpg,test,resize,resized_duplicate,same filename; 369x277->640x480; LANCZOS RGB MAE=7.4214; 64x64 luminance correlation=0.999232,Supported,true
206.jpg,test,original,206.jpg,test,resize,resized_duplicate,same filename; 369x277->640x480; LANCZOS RGB MAE=4.9687; 64x64 luminance correlation=0.999364,Supported,true
2150.jpg,test,original,2150.jpg,test,resize,resized_duplicate,same filename; 369x277->640x480; LANCZOS RGB MAE=4.5743; 64x64 luminance correlation=0.999259,Supported,true
2150.jpg,test,original,2150_brightness.jpg,val,original,augmentation_derivative,64x64 luminance correlation=0.998266; identical region list=True,Strongly Supported,true
2150.jpg,test,original,2150_noise.jpg,val,original,augmentation_derivative,64x64 luminance correlation=0.999412; identical region list=True,Strongly Supported,true
2210.jpg,test,original,2210.jpg,test,resize,resized_duplicate,same filename; 369x277->640x480; LANCZOS RGB MAE=4.4998; 64x64 luminance correlation=0.999522,Supported,true
2210.jpg,test,original,2210_noise.jpg,train,original,augmentation_derivative,64x64 luminance correlation=0.999565; identical region list=True,Strongly Supported,true
2210.jpg,test,original,2210_brightness.jpg,val,original,augmentation_derivative,64x64 luminance correlation=0.999273; identical region list=True,Strongly Supported,true
227.jpg,test,original,227.jpg,test,resize,resized_duplicate,same filename; 369x277->640x480; LANCZOS RGB MAE=5.6442; 64x64 luminance correlation=0.999517,Supported,true
227.jpg,test,original,227_noise.jpg,train,original,augmentation_derivative,64x64 luminance correlation=0.999509; identical region list=True,Strongly Supported,true
227.jpg,test,original,227_brightness.jpg,val,original,augmentation_derivative,64x64 luminance correlation=0.998656; identical region list=True,Strongly Supported,true
232.jpg,test,original,232.jpg,test,resize,resized_duplicate,same filename; 369x277->640x480; LANCZOS RGB MAE=3.5404; 64x64 luminance correlation=0.999602,Supported,true
2360.jpg,test,original,2360.jpg,test,resize,resized_duplicate,same filename; 369x277->640x480; LANCZOS RGB MAE=6.7001; 64x64 luminance correlation=0.99912,Supported,true
2360.jpg,test,original,2360_brightness.jpg,train,original,augmentation_derivative,64x64 luminance correlation=0.998956; identical region list=True,Strongly Supported,true
2360.jpg,test,original,2360_noise.jpg,train,original,augmentation_derivative,64x64 luminance correlation=0.999320; identical region list=True,Strongly Supported,true
2410.jpg,test,original,2410.jpg,test,resize,resized_duplicate,same filename; 369x277->640x480; LANCZOS RGB MAE=3.906; 64x64 luminance correlation=0.999408,Supported,true
2410.jpg,test,original,2410_brightness.jpg,train,original,augmentation_derivative,64x64 luminance correlation=0.999592; identical region list=True,Strongly Supported,true
2410.jpg,test,original,2410_noise.jpg,train,original,augmentation_derivative,64x64 luminance correlation=0.999529; identical region list=True,Strongly Supported,true
2450.jpg,test,original,2450.jpg,test,resize,resized_duplicate,same filename; 369x277->640x480; LANCZOS RGB MAE=4.3582; 64x64 luminance correlation=0.999287,Supported,true
250.jpg,test,original,250.jpg,test,resize,resized_duplicate,same filename; 369x277->640x480; LANCZOS RGB MAE=5.4867; 64x64 luminance correlation=0.999228,Supported,true
255.jpg,test,original,255.jpg,test,resize,resized_duplicate,same filename; 369x277->640x480; LANCZOS RGB MAE=6.3603; 64x64 luminance correlation=0.999271,Supported,true
257.jpg,test,original,257.jpg,test,resize,resized_duplicate,same filename; 369x277->640x480; LANCZOS RGB MAE=8.3943; 64x64 luminance correlation=0.999432,Supported,true
257.jpg,test,original,257_brightness.jpg,train,original,augmentation_derivative,64x64 luminance correlation=0.996486; identical region list=True,Strongly Supported,true
257.jpg,test,original,257_noise.jpg,train,original,augmentation_derivative,64x64 luminance correlation=0.999641; identical region list=True,Strongly Supported,true
2640.jpg,test,original,2640.jpg,test,resize,resized_duplicate,same filename; 369x277->640x480; LANCZOS RGB MAE=3.7214; 64x64 luminance correlation=0.999687,Supported,true
2640.jpg,test,original,2640_brightness.jpg,val,original,augmentation_derivative,64x64 luminance correlation=0.999376; identical region list=True,Strongly Supported,true
2640.jpg,test,original,2640_noise.jpg,val,original,augmentation_derivative,64x64 luminance correlation=0.999485; identical region list=True,Strongly Supported,true
267.jpg,test,original,267.jpg,test,resize,resized_duplicate,same filename; 369x277->640x480; LANCZOS RGB MAE=4.4766; 64x64 luminance correlation=0.999369,Supported,true
267.jpg,test,original,267_brightness.jpg,train,original,augmentation_derivative,64x64 luminance correlation=0.998263; identical region list=True,Strongly Supported,true
267.jpg,test,original,267_noise.jpg,val,original,augmentation_derivative,64x64 luminance correlation=0.999505; identical region list=True,Strongly Supported,true
27.jpg,test,original,27.jpg,test,resize,resized_duplicate,same filename; 369x277->640x480; LANCZOS RGB MAE=11.0268; 64x64 luminance correlation=0.998803,Supported,true
2720.jpg,test,original,2720.jpg,test,resize,resized_duplicate,same filename; 369x277->640x480; LANCZOS RGB MAE=9.5519; 64x64 luminance correlation=0.999223,Supported,true
2720.jpg,test,original,2720_brightness.jpg,train,original,augmentation_derivative,64x64 luminance correlation=0.997585; identical region list=True,Strongly Supported,true
2720.jpg,test,original,2720_noise.jpg,train,original,augmentation_derivative,64x64 luminance correlation=0.999464; identical region list=True,Strongly Supported,true
279.jpg,test,original,279.jpg,test,resize,resized_duplicate,same filename; 369x277->640x480; LANCZOS RGB MAE=4.7253; 64x64 luminance correlation=0.999074,Supported,true
2800.jpg,test,original,2800.jpg,test,resize,resized_duplicate,same filename; 369x277->640x480; LANCZOS RGB MAE=5.1826; 64x64 luminance correlation=0.999188,Supported,true
2810.jpg,test,original,2810.jpg,test,resize,resized_duplicate,same filename; 369x277->640x480; LANCZOS RGB MAE=4.5439; 64x64 luminance correlation=0.999275,Supported,true
2890.jpg,test,original,2890.jpg,test,resize,resized_duplicate,same filename; 369x277->640x480; LANCZOS RGB MAE=5.5547; 64x64 luminance correlation=0.998781,Supported,true
2960.jpg,test,original,2960.jpg,test,resize,resized_duplicate,same filename; 277x369->480x640; LANCZOS RGB MAE=8.123; 64x64 luminance correlation=0.999292,Supported,true
2960.jpg,test,original,2960_brightness.jpg,train,original,augmentation_derivative,64x64 luminance correlation=0.997949; identical region list=True,Strongly Supported,true
2960.jpg,test,original,2960_noise.jpg,train,original,augmentation_derivative,64x64 luminance correlation=0.999502; identical region list=True,Strongly Supported,true
299.jpg,test,original,299.jpg,test,resize,resized_duplicate,same filename; 369x277->640x480; LANCZOS RGB MAE=3.5349; 64x64 luminance correlation=0.999417,Supported,true
302.jpg,test,original,302.jpg,test,resize,resized_duplicate,same filename; 277x369->480x640; LANCZOS RGB MAE=6.2366; 64x64 luminance correlation=0.999529,Supported,true
302.jpg,test,original,302_brightness.jpg,train,original,same_annotation_geometry,64x64 luminance correlation=0.994995; identical region list=True,Candidate,false
302.jpg,test,original,302_noise.jpg,train,original,augmentation_derivative,64x64 luminance correlation=0.999542; identical region list=True,Strongly Supported,true
3030.jpg,test,original,3030.jpg,test,resize,resized_duplicate,same filename; 369x277->640x480; LANCZOS RGB MAE=7.4688; 64x64 luminance correlation=0.999381,Supported,true
3100.jpg,test,original,3100.jpg,test,resize,resized_duplicate,same filename; 369x277->640x480; LANCZOS RGB MAE=9.2218; 64x64 luminance correlation=0.999134,Supported,true
3110.jpg,test,original,3110.jpg,test,resize,resized_duplicate,same filename; 369x277->640x480; LANCZOS RGB MAE=4.4735; 64x64 luminance correlation=0.999305,Supported,true
3110.jpg,test,original,3110_noise.jpg,train,original,augmentation_derivative,64x64 luminance correlation=0.999444; identical region list=True,Strongly Supported,true
3110.jpg,test,original,3110_brightness.jpg,val,original,augmentation_derivative,64x64 luminance correlation=0.999444; identical region list=True,Strongly Supported,true
317.jpg,test,original,317.jpg,test,resize,resized_duplicate,same filename; 277x369->480x640; LANCZOS RGB MAE=13.1672; 64x64 luminance correlation=0.998084,Supported,true
3240.jpg,test,original,3240.jpg,test,resize,resized_duplicate,same filename; 277x369->480x640; LANCZOS RGB MAE=6.465; 64x64 luminance correlation=0.998552,Supported,true
3250.jpg,test,original,3250.jpg,test,resize,resized_duplicate,same filename; 369x277->640x480; LANCZOS RGB MAE=7.3161; 64x64 luminance correlation=0.998725,Supported,true
328.jpg,test,original,328.jpg,test,resize,resized_duplicate,same filename; 369x277->640x480; LANCZOS RGB MAE=5.381; 64x64 luminance correlation=0.999427,Supported,true
339.jpg,test,original,339.jpg,test,resize,resized_duplicate,same filename; 369x277->640x480; LANCZOS RGB MAE=3.3041; 64x64 luminance correlation=0.999712,Supported,true
3421.jpg,test,original,3421.jpg,test,resize,resized_duplicate,same filename; 369x277->640x480; LANCZOS RGB MAE=7.0061; 64x64 luminance correlation=0.999032,Supported,true
343.jpg,test,original,343.jpg,test,resize,resized_duplicate,same filename; 369x277->640x480; LANCZOS RGB MAE=3.4895; 64x64 luminance correlation=0.999593,Supported,true
3480.jpg,test,original,3480.jpg,test,resize,resized_duplicate,same filename; 369x277->640x480; LANCZOS RGB MAE=10.2748; 64x64 luminance correlation=0.998892,Supported,true
35.jpg,test,original,35.jpg,test,resize,resized_duplicate,same filename; 369x277->640x480; LANCZOS RGB MAE=12.799; 64x64 luminance correlation=0.998741,Supported,true
3820.jpg,test,original,3820.jpg,test,resize,resized_duplicate,same filename; 277x369->480x640; LANCZOS RGB MAE=8.7141; 64x64 luminance correlation=0.99883,Supported,true
383.jpg,test,original,383.jpg,test,resize,resized_duplicate,same filename; 277x369->480x640; LANCZOS RGB MAE=4.6754; 64x64 luminance correlation=0.999521,Supported,true
390.jpg,test,original,390.jpg,test,resize,resized_duplicate,same filename; 277x369->480x640; LANCZOS RGB MAE=9.1858; 64x64 luminance correlation=0.999312,Supported,true
423-1.jpg,test,original,423-1.jpg,test,resize,resized_duplicate,same filename; 369x277->640x480; LANCZOS RGB MAE=7.7314; 64x64 luminance correlation=0.998981,Supported,true
43.jpg,test,original,43.jpg,test,resize,resized_duplicate,same filename; 369x277->640x480; LANCZOS RGB MAE=8.8795; 64x64 luminance correlation=0.99913,Supported,true
45.jpg,test,original,45.jpg,test,resize,resized_duplicate,same filename; 369x277->640x480; LANCZOS RGB MAE=14.1696; 64x64 luminance correlation=0.998625,Supported,true
65.jpg,test,original,65.jpg,test,resize,resized_duplicate,same filename; 277x369->480x640; LANCZOS RGB MAE=7.8538; 64x64 luminance correlation=0.999107,Supported,true
70000.jpg,test,original,70000.jpg,test,resize,resized_duplicate,same filename; 369x277->640x480; LANCZOS RGB MAE=7.9608; 64x64 luminance correlation=0.99916,Supported,true
82.jpg,test,original,82.jpg,test,resize,resized_duplicate,same filename; 369x277->640x480; LANCZOS RGB MAE=10.581; 64x64 luminance correlation=0.998986,Supported,true
83.jpg,test,original,83.jpg,test,resize,resized_duplicate,same filename; 369x277->640x480; LANCZOS RGB MAE=12.2747; 64x64 luminance correlation=0.998779,Supported,true
IMG_12340.jpg,test,original,IMG_12340.jpg,test,resize,resized_duplicate,same filename; 404x303->640x480; LANCZOS RGB MAE=1.5356; 64x64 luminance correlation=0.999901,Supported,true
IMG_1236.jpg,test,original,IMG_1236.jpg,test,resize,resized_duplicate,same filename; 404x303->640x480; LANCZOS RGB MAE=1.2734; 64x64 luminance correlation=0.999933,Supported,true
IMG_12420.jpg,test,original,IMG_12420.jpg,test,resize,resized_duplicate,same filename; 404x303->640x480; LANCZOS RGB MAE=1.3527; 64x64 luminance correlation=0.999931,Supported,true
IMG_12480.jpg,test,original,IMG_12480.jpg,test,resize,resized_duplicate,same filename; 404x303->640x480; LANCZOS RGB MAE=1.2944; 64x64 luminance correlation=0.999948,Supported,true
IMG_1249.jpg,test,original,IMG_1249.jpg,test,resize,resized_duplicate,same filename; 404x303->640x480; LANCZOS RGB MAE=1.0695; 64x64 luminance correlation=0.999974,Supported,true
IMG_12570.jpg,test,original,IMG_12570.jpg,test,resize,resized_duplicate,same filename; 404x303->640x480; LANCZOS RGB MAE=1.5394; 64x64 luminance correlation=0.999924,Supported,true
IMG_12730.jpg,test,original,IMG_12730.jpg,test,resize,resized_duplicate,same filename; 404x303->640x480; LANCZOS RGB MAE=1.3128; 64x64 luminance correlation=0.999922,Supported,true
IMG_12790.jpg,test,original,IMG_12790.jpg,test,resize,resized_duplicate,same filename; 404x303->640x480; LANCZOS RGB MAE=1.3853; 64x64 luminance correlation=0.99995,Supported,true
IMG_1285.jpg,test,original,IMG_1285.jpg,test,resize,resized_duplicate,same filename; 404x303->640x480; LANCZOS RGB MAE=1.0388; 64x64 luminance correlation=0.999971,Supported,true
IMG_1288.jpg,test,original,IMG_1288.jpg,test,resize,resized_duplicate,same filename; 404x303->640x480; LANCZOS RGB MAE=1.0417; 64x64 luminance correlation=0.999956,Supported,true
IMG_1304.jpg,test,original,IMG_1304.jpg,test,resize,resized_duplicate,same filename; 404x303->640x480; LANCZOS RGB MAE=1.3885; 64x64 luminance correlation=0.999966,Supported,true
IMG_1304.jpg,test,original,IMG_1304_brightness.jpg,train,original,augmentation_derivative,64x64 luminance correlation=0.997877; identical region list=True,Strongly Supported,true
IMG_1304.jpg,test,original,IMG_1304_noise.jpg,train,original,augmentation_derivative,64x64 luminance correlation=0.999744; identical region list=True,Strongly Supported,true
IMG_13060.jpg,test,original,IMG_13060.jpg,test,resize,resized_duplicate,same filename; 404x303->640x480; LANCZOS RGB MAE=1.1202; 64x64 luminance correlation=0.999968,Supported,true
IMG_13090.jpg,test,original,IMG_13090.jpg,test,resize,resized_duplicate,same filename; 404x303->640x480; LANCZOS RGB MAE=1.5026; 64x64 luminance correlation=0.999889,Supported,true
IMG_13110.jpg,test,original,IMG_13110.jpg,test,resize,resized_duplicate,same filename; 404x303->640x480; LANCZOS RGB MAE=1.3131; 64x64 luminance correlation=0.999948,Supported,true
IMG_13150.jpg,test,original,IMG_13150.jpg,test,resize,resized_duplicate,same filename; 404x303->640x480; LANCZOS RGB MAE=1.2441; 64x64 luminance correlation=0.999955,Supported,true
IMG_13190.jpg,test,original,IMG_13190.jpg,test,resize,resized_duplicate,same filename; 404x303->640x480; LANCZOS RGB MAE=1.5903; 64x64 luminance correlation=0.999936,Supported,true
IMG_13260.jpg,test,original,IMG_13260.jpg,test,resize,resized_duplicate,same filename; 404x303->640x480; LANCZOS RGB MAE=1.7898; 64x64 luminance correlation=0.999839,Supported,true
IMG_13270.jpg,test,original,IMG_13270.jpg,test,resize,resized_duplicate,same filename; 404x303->640x480; LANCZOS RGB MAE=1.5155; 64x64 luminance correlation=0.999941,Supported,true
IMG_13290.jpg,test,original,IMG_13290.jpg,test,resize,resized_duplicate,same filename; 404x303->640x480; LANCZOS RGB MAE=1.2967; 64x64 luminance correlation=0.999938,Supported,true
IMG_13320.jpg,test,original,IMG_13320.jpg,test,resize,resized_duplicate,same filename; 404x303->640x480; LANCZOS RGB MAE=1.3707; 64x64 luminance correlation=0.999938,Supported,true
IMG_13330.jpg,test,original,IMG_13330.jpg,test,resize,resized_duplicate,same filename; 404x303->640x480; LANCZOS RGB MAE=1.3352; 64x64 luminance correlation=0.999944,Supported,true
IMG_13340.jpg,test,original,IMG_13340.jpg,test,resize,resized_duplicate,same filename; 404x303->640x480; LANCZOS RGB MAE=1.2681; 64x64 luminance correlation=0.999958,Supported,true
IMG_13360.jpg,test,original,IMG_13360.jpg,test,resize,resized_duplicate,same filename; 404x303->640x480; LANCZOS RGB MAE=1.5357; 64x64 luminance correlation=0.99994,Supported,true
IMG_1346.jpg,test,original,IMG_1346.jpg,test,resize,resized_duplicate,same filename; 404x303->640x480; LANCZOS RGB MAE=1.4575; 64x64 luminance correlation=0.999943,Supported,true
IMG_1353.jpg,test,original,IMG_1353.jpg,test,resize,resized_duplicate,same filename; 404x303->640x480; LANCZOS RGB MAE=1.3319; 64x64 luminance correlation=0.999946,Supported,true
IMG_13590.jpg,test,original,IMG_13590.jpg,test,resize,resized_duplicate,same filename; 404x303->640x480; LANCZOS RGB MAE=1.3564; 64x64 luminance correlation=0.999969,Supported,true
IMG_13610.jpg,test,original,IMG_13610.jpg,test,resize,resized_duplicate,same filename; 404x303->640x480; LANCZOS RGB MAE=1.5295; 64x64 luminance correlation=0.999916,Supported,true
IMG_13650.jpg,test,original,IMG_13650.jpg,test,resize,resized_duplicate,same filename; 404x303->640x480; LANCZOS RGB MAE=1.3042; 64x64 luminance correlation=0.99997,Supported,true
IMG_13650.jpg,test,original,IMG_13650_brightness.jpg,train,original,augmentation_derivative,64x64 luminance correlation=0.996408; identical region list=True,Strongly Supported,true
IMG_13650.jpg,test,original,IMG_13650_noise.jpg,val,original,augmentation_derivative,64x64 luminance correlation=0.999718; identical region list=True,Strongly Supported,true
IMG_1368.jpg,test,original,IMG_1368.jpg,test,resize,resized_duplicate,same filename; 404x303->640x480; LANCZOS RGB MAE=1.4634; 64x64 luminance correlation=0.999958,Supported,true
IMG_13750.jpg,test,original,IMG_13750.jpg,test,resize,resized_duplicate,same filename; 404x303->640x480; LANCZOS RGB MAE=1.5473; 64x64 luminance correlation=0.999917,Supported,true
IMG_13770.jpg,test,original,IMG_13770.jpg,test,resize,resized_duplicate,same filename; 404x303->640x480; LANCZOS RGB MAE=1.6235; 64x64 luminance correlation=0.999928,Supported,true
IMG_1378.jpg,test,original,IMG_1378.jpg,test,resize,resized_duplicate,same filename; 404x303->640x480; LANCZOS RGB MAE=1.3626; 64x64 luminance correlation=0.999941,Supported,true
IMG_13800.jpg,test,original,IMG_13800.jpg,test,resize,resized_duplicate,same filename; 404x303->640x480; LANCZOS RGB MAE=1.3657; 64x64 luminance correlation=0.999955,Supported,true
IMG_13830.jpg,test,original,IMG_13830.jpg,test,resize,resized_duplicate,same filename; 404x303->640x480; LANCZOS RGB MAE=1.6377; 64x64 luminance correlation=0.999892,Supported,true
IMG_13850.jpg,test,original,IMG_13850.jpg,test,resize,resized_duplicate,same filename; 404x303->640x480; LANCZOS RGB MAE=1.0794; 64x64 luminance correlation=0.999966,Supported,true
IMG_1387.jpg,test,original,IMG_1387.jpg,test,resize,resized_duplicate,same filename; 404x303->640x480; LANCZOS RGB MAE=1.4239; 64x64 luminance correlation=0.999952,Supported,true
IMG_1387.jpg,test,original,IMG_1387_brightness.jpg,train,original,augmentation_derivative,64x64 luminance correlation=0.997606; identical region list=True,Strongly Supported,true
IMG_1387.jpg,test,original,IMG_1387_noise.jpg,val,original,augmentation_derivative,64x64 luminance correlation=0.999643; identical region list=True,Strongly Supported,true
IMG_13880.jpg,test,original,IMG_13880.jpg,test,resize,resized_duplicate,same filename; 404x303->640x480; LANCZOS RGB MAE=1.5706; 64x64 luminance correlation=0.99994,Supported,true
IMG_1389.jpg,test,original,IMG_1389.jpg,test,resize,resized_duplicate,same filename; 404x303->640x480; LANCZOS RGB MAE=1.474; 64x64 luminance correlation=0.999926,Supported,true
IMG_1389.jpg,test,original,IMG_1389_brightness.jpg,train,original,augmentation_derivative,64x64 luminance correlation=0.996890; identical region list=True,Strongly Supported,true
IMG_1389.jpg,test,original,IMG_1389_noise.jpg,train,original,augmentation_derivative,64x64 luminance correlation=0.999524; identical region list=True,Strongly Supported,true
IMG_1390.jpg,test,original,IMG_1390.jpg,test,resize,resized_duplicate,same filename; 404x303->640x480; LANCZOS RGB MAE=1.0464; 64x64 luminance correlation=0.999975,Supported,true
IMG_1390.jpg,test,original,IMG_1390_noise.jpg,train,original,augmentation_derivative,64x64 luminance correlation=0.999694; identical region list=True,Strongly Supported,true
IMG_1390.jpg,test,original,IMG_1390_brightness.jpg,val,original,augmentation_derivative,64x64 luminance correlation=0.996655; identical region list=True,Strongly Supported,true
IMG_13920.jpg,test,original,IMG_13920.jpg,test,resize,resized_duplicate,same filename; 404x303->640x480; LANCZOS RGB MAE=1.1799; 64x64 luminance correlation=0.999963,Supported,true
IMG_13940.jpg,test,original,IMG_13940.jpg,test,resize,resized_duplicate,same filename; 404x303->640x480; LANCZOS RGB MAE=1.3157; 64x64 luminance correlation=0.999968,Supported,true
IMG_13950.jpg,test,original,IMG_13950.jpg,test,resize,resized_duplicate,same filename; 404x303->640x480; LANCZOS RGB MAE=1.5963; 64x64 luminance correlation=0.999891,Supported,true
IMG_1398.jpg,test,original,IMG_1398.jpg,test,resize,resized_duplicate,same filename; 404x303->640x480; LANCZOS RGB MAE=1.068; 64x64 luminance correlation=0.999975,Supported,true
IMG_14010.jpg,test,original,IMG_14010.jpg,test,resize,resized_duplicate,same filename; 404x303->640x480; LANCZOS RGB MAE=1.0079; 64x64 luminance correlation=0.999978,Supported,true
IMG_14030.jpg,test,original,IMG_14030.jpg,test,resize,resized_duplicate,same filename; 404x303->640x480; LANCZOS RGB MAE=0.9885; 64x64 luminance correlation=0.999976,Supported,true
IMG_14050.jpg,test,original,IMG_14050.jpg,test,resize,resized_duplicate,same filename; 404x303->640x480; LANCZOS RGB MAE=1.3567; 64x64 luminance correlation=0.999925,Supported,true
IMG_1408.jpg,test,original,IMG_1408.jpg,test,resize,resized_duplicate,same filename; 404x303->640x480; LANCZOS RGB MAE=1.2404; 64x64 luminance correlation=0.999958,Supported,true
IMG_14090.jpg,test,original,IMG_14090.jpg,test,resize,resized_duplicate,same filename; 404x303->640x480; LANCZOS RGB MAE=1.3812; 64x64 luminance correlation=0.999963,Supported,true
IMG_14120.jpg,test,original,IMG_14120.jpg,test,resize,resized_duplicate,same filename; 404x303->640x480; LANCZOS RGB MAE=1.5782; 64x64 luminance correlation=0.999955,Supported,true
IMG_1416.jpg,test,original,IMG_1416.jpg,test,resize,resized_duplicate,same filename; 404x303->640x480; LANCZOS RGB MAE=1.125; 64x64 luminance correlation=0.999979,Supported,true
IMG_14170.jpg,test,original,IMG_14170.jpg,test,resize,resized_duplicate,same filename; 404x303->640x480; LANCZOS RGB MAE=1.546; 64x64 luminance correlation=0.999934,Supported,true
IMG_1419.jpg,test,original,IMG_1419.jpg,test,resize,resized_duplicate,same filename; 404x303->640x480; LANCZOS RGB MAE=1.1976; 64x64 luminance correlation=0.999972,Supported,true
IMG_1419.jpg,test,original,IMG_1419_brightness.jpg,train,original,augmentation_derivative,64x64 luminance correlation=0.997893; identical region list=True,Strongly Supported,true
IMG_1419.jpg,test,original,IMG_1419_noise.jpg,val,original,augmentation_derivative,64x64 luminance correlation=0.999801; identical region list=True,Strongly Supported,true
IMG_14300.jpg,test,original,IMG_14300.jpg,test,resize,resized_duplicate,same filename; 404x303->640x480; LANCZOS RGB MAE=1.3051; 64x64 luminance correlation=0.999969,Supported,true
IMG_14420.jpg,test,original,IMG_14420.jpg,test,resize,resized_duplicate,same filename; 404x303->640x480; LANCZOS RGB MAE=1.146; 64x64 luminance correlation=0.999973,Supported,true
IMG_14420.jpg,test,original,IMG_14420_brightness.jpg,train,original,augmentation_derivative,64x64 luminance correlation=0.998932; identical region list=True,Strongly Supported,true
IMG_14420.jpg,test,original,IMG_14420_noise.jpg,train,original,augmentation_derivative,64x64 luminance correlation=0.999714; identical region list=True,Strongly Supported,true
IMG_14430.jpg,test,original,IMG_14430.jpg,test,resize,resized_duplicate,same filename; 404x303->640x480; LANCZOS RGB MAE=1.2467; 64x64 luminance correlation=0.999976,Supported,true
IMG_14460.jpg,test,original,IMG_14460.jpg,test,resize,resized_duplicate,same filename; 404x303->640x480; LANCZOS RGB MAE=1.677; 64x64 luminance correlation=0.999961,Supported,true
IMG_1448.jpg,test,original,IMG_1448.jpg,test,resize,resized_duplicate,same filename; 404x303->640x480; LANCZOS RGB MAE=1.283; 64x64 luminance correlation=0.999967,Supported,true
IMG_1450.jpg,test,original,IMG_1450.jpg,test,resize,resized_duplicate,same filename; 404x303->640x480; LANCZOS RGB MAE=1.901; 64x64 luminance correlation=0.999796,Supported,true
IMG_1452.jpg,test,original,IMG_1452.jpg,test,resize,resized_duplicate,same filename; 404x303->640x480; LANCZOS RGB MAE=1.4312; 64x64 luminance correlation=0.999955,Supported,true
IMG_1461.jpg,test,original,IMG_1461.jpg,test,resize,resized_duplicate,same filename; 404x303->640x480; LANCZOS RGB MAE=1.2447; 64x64 luminance correlation=0.999944,Supported,true
IMG_1464.jpg,test,original,IMG_1464.jpg,test,resize,resized_duplicate,same filename; 404x303->640x480; LANCZOS RGB MAE=1.1751; 64x64 luminance correlation=0.999957,Supported,true
IMG_14660.jpg,test,original,IMG_14660.jpg,test,resize,resized_duplicate,same filename; 404x303->640x480; LANCZOS RGB MAE=1.3825; 64x64 luminance correlation=0.999931,Supported,true
IMG_14670.jpg,test,original,IMG_14670.jpg,test,resize,resized_duplicate,same filename; 404x303->640x480; LANCZOS RGB MAE=1.2248; 64x64 luminance correlation=0.99994,Supported,true
IMG_1469.jpg,test,original,IMG_1469.jpg,test,resize,resized_duplicate,same filename; 404x303->640x480; LANCZOS RGB MAE=1.5089; 64x64 luminance correlation=0.999931,Supported,true
IMG_1469.jpg,test,original,IMG_1469_brightness.jpg,train,original,augmentation_derivative,64x64 luminance correlation=0.996951; identical region list=True,Strongly Supported,true
IMG_1469.jpg,test,original,IMG_1469_noise.jpg,train,original,augmentation_derivative,64x64 luminance correlation=0.999494; identical region list=True,Strongly Supported,true
IMG_1475.jpg,test,original,IMG_1475.jpg,test,resize,resized_duplicate,same filename; 404x303->640x480; LANCZOS RGB MAE=1.1272; 64x64 luminance correlation=0.99996,Supported,true
IMG_15601.jpg,test,original,IMG_15601.jpg,test,resize,resized_duplicate,same filename; 369x277->640x480; LANCZOS RGB MAE=4.7426; 64x64 luminance correlation=0.999575,Supported,true
IMG_5387.jpg,test,original,IMG_5387.jpg,test,resize,resized_duplicate,same filename; 404x303->640x480; LANCZOS RGB MAE=1.5242; 64x64 luminance correlation=0.999907,Supported,true
IMG_53880.jpg,test,original,IMG_53880.jpg,test,resize,resized_duplicate,same filename; 404x303->640x480; LANCZOS RGB MAE=1.4873; 64x64 luminance correlation=0.999929,Supported,true
IMG_53890.jpg,test,original,IMG_53890.jpg,test,resize,resized_duplicate,same filename; 404x303->640x480; LANCZOS RGB MAE=1.4833; 64x64 luminance correlation=0.999949,Supported,true
IMG_5393.jpg,test,original,IMG_5393.jpg,test,resize,resized_duplicate,same filename; 404x303->640x480; LANCZOS RGB MAE=1.2546; 64x64 luminance correlation=0.999947,Supported,true
IMG_53950.jpg,test,original,IMG_53950.jpg,test,resize,resized_duplicate,same filename; 404x303->640x480; LANCZOS RGB MAE=1.4421; 64x64 luminance correlation=0.999944,Supported,true
IMG_53970.jpg,test,original,IMG_53970.jpg,test,resize,resized_duplicate,same filename; 404x303->640x480; LANCZOS RGB MAE=1.3967; 64x64 luminance correlation=0.999947,Supported,true
IMG_5405.jpg,test,original,IMG_5405.jpg,test,resize,resized_duplicate,same filename; 404x303->640x480; LANCZOS RGB MAE=1.0791; 64x64 luminance correlation=0.99997,Supported,true
IMG_5409.jpg,test,original,IMG_5409.jpg,test,resize,resized_duplicate,same filename; 404x303->640x480; LANCZOS RGB MAE=1.4566; 64x64 luminance correlation=0.999939,Supported,true
IMG_54140.jpg,test,original,IMG_54140.jpg,test,resize,resized_duplicate,same filename; 404x303->640x480; LANCZOS RGB MAE=1.3958; 64x64 luminance correlation=0.999944,Supported,true
IMG_54160.jpg,test,original,IMG_54160.jpg,test,resize,resized_duplicate,same filename; 404x303->640x480; LANCZOS RGB MAE=1.2133; 64x64 luminance correlation=0.99997,Supported,true
IMG_54160.jpg,test,original,IMG_54160_noise.jpg,train,original,augmentation_derivative,64x64 luminance correlation=0.999723; identical region list=True,Strongly Supported,true
IMG_5418.jpg,test,original,IMG_5418.jpg,test,resize,resized_duplicate,same filename; 404x303->640x480; LANCZOS RGB MAE=1.2264; 64x64 luminance correlation=0.999969,Supported,true
IMG_54190.jpg,test,original,IMG_54190.jpg,test,resize,resized_duplicate,same filename; 404x303->640x480; LANCZOS RGB MAE=1.341; 64x64 luminance correlation=0.999799,Supported,true
IMG_54190.jpg,test,original,IMG_54190_noise.jpg,train,original,augmentation_derivative,64x64 luminance correlation=0.999557; identical region list=True,Strongly Supported,true
IMG_54280.jpg,test,original,IMG_54280.jpg,test,resize,resized_duplicate,same filename; 404x303->640x480; LANCZOS RGB MAE=1.8689; 64x64 luminance correlation=0.999837,Supported,true
IMG_54290.jpg,test,original,IMG_54290.jpg,test,resize,resized_duplicate,same filename; 404x303->640x480; LANCZOS RGB MAE=1.7346; 64x64 luminance correlation=0.999922,Supported,true
IMG_5430.jpg,test,original,IMG_5430.jpg,test,resize,resized_duplicate,same filename; 404x303->640x480; LANCZOS RGB MAE=1.6371; 64x64 luminance correlation=0.999879,Supported,true
IMG_54350.jpg,test,original,IMG_54350.jpg,test,resize,resized_duplicate,same filename; 404x303->640x480; LANCZOS RGB MAE=1.5531; 64x64 luminance correlation=0.999906,Supported,true
IMG_54370.jpg,test,original,IMG_54370.jpg,test,resize,resized_duplicate,same filename; 404x303->640x480; LANCZOS RGB MAE=1.2588; 64x64 luminance correlation=0.999973,Supported,true
IMG_54370.jpg,test,original,IMG_54370_brightness.jpg,train,original,augmentation_derivative,64x64 luminance correlation=0.997365; identical region list=True,Strongly Supported,true
IMG_54370.jpg,test,original,IMG_54370_noise.jpg,train,original,augmentation_derivative,64x64 luminance correlation=0.999751; identical region list=True,Strongly Supported,true
IMG_54420.jpg,test,original,IMG_54420.jpg,test,resize,resized_duplicate,same filename; 404x303->640x480; LANCZOS RGB MAE=1.5716; 64x64 luminance correlation=0.99993,Supported,true
IMG_54440.jpg,test,original,IMG_54440.jpg,test,resize,resized_duplicate,same filename; 404x303->640x480; LANCZOS RGB MAE=1.3504; 64x64 luminance correlation=0.999958,Supported,true
IMG_54450.jpg,test,original,IMG_54450.jpg,test,resize,resized_duplicate,same filename; 404x303->640x480; LANCZOS RGB MAE=1.6882; 64x64 luminance correlation=0.999921,Supported,true
IMG_54450.jpg,test,original,IMG_54450_brightness.jpg,train,original,augmentation_derivative,64x64 luminance correlation=0.998055; identical region list=True,Strongly Supported,true
IMG_54450.jpg,test,original,IMG_54450_noise.jpg,train,original,augmentation_derivative,64x64 luminance correlation=0.999635; identical region list=True,Strongly Supported,true
IMG_54470.jpg,test,original,IMG_54470.jpg,test,resize,resized_duplicate,same filename; 404x303->640x480; LANCZOS RGB MAE=1.4942; 64x64 luminance correlation=0.999943,Supported,true
IMG_54550.jpg,test,original,IMG_54550.jpg,test,resize,resized_duplicate,same filename; 303x404->480x640; LANCZOS RGB MAE=1.3123; 64x64 luminance correlation=0.999958,Supported,true
IMG_54560.jpg,test,original,IMG_54560.jpg,test,resize,resized_duplicate,same filename; 303x404->480x640; LANCZOS RGB MAE=1.2189; 64x64 luminance correlation=0.999967,Supported,true
IMG_54690.jpg,test,original,IMG_54690.jpg,test,resize,resized_duplicate,same filename; 404x303->640x480; LANCZOS RGB MAE=1.1521; 64x64 luminance correlation=0.999976,Supported,true
IMG_5472.jpg,test,original,IMG_5472.jpg,test,resize,resized_duplicate,same filename; 404x303->640x480; LANCZOS RGB MAE=1.3805; 64x64 luminance correlation=0.999954,Supported,true
IMG_54910.jpg,test,original,IMG_54910.jpg,test,resize,resized_duplicate,same filename; 404x303->640x480; LANCZOS RGB MAE=1.4094; 64x64 luminance correlation=0.999946,Supported,true
IMG_55060.jpg,test,original,IMG_55060.jpg,test,resize,resized_duplicate,same filename; 404x303->640x480; LANCZOS RGB MAE=1.0891; 64x64 luminance correlation=0.999976,Supported,true
IMG_5546.jpg,test,original,IMG_5546.jpg,test,resize,resized_duplicate,same filename; 404x303->640x480; LANCZOS RGB MAE=1.7226; 64x64 luminance correlation=0.99971,Supported,true
IMG_55800.jpg,test,original,IMG_55800.jpg,test,resize,resized_duplicate,same filename; 404x303->640x480; LANCZOS RGB MAE=1.5965; 64x64 luminance correlation=0.99993,Supported,true
IMG_55890.jpg,test,original,IMG_55890.jpg,test,resize,resized_duplicate,same filename; 404x303->640x480; LANCZOS RGB MAE=1.816; 64x64 luminance correlation=0.999843,Supported,true
IMG_55910.jpg,test,original,IMG_55910.jpg,test,resize,resized_duplicate,same filename; 404x303->640x480; LANCZOS RGB MAE=2.1664; 64x64 luminance correlation=0.999807,Supported,true
IMG_55910.jpg,test,original,IMG_55910_brightness.jpg,train,original,augmentation_derivative,64x64 luminance correlation=0.997680; identical region list=True,Strongly Supported,true
IMG_55910.jpg,test,original,IMG_55910_noise.jpg,train,original,augmentation_derivative,64x64 luminance correlation=0.999655; identical region list=True,Strongly Supported,true
IMG_55980.jpg,test,original,IMG_55980.jpg,test,resize,resized_duplicate,same filename; 404x303->640x480; LANCZOS RGB MAE=1.5968; 64x64 luminance correlation=0.99989,Supported,true
IMG_5605.jpg,test,original,IMG_5605.jpg,test,resize,resized_duplicate,same filename; 404x303->640x480; LANCZOS RGB MAE=1.4899; 64x64 luminance correlation=0.999942,Supported,true
IMG_5606.jpg,test,original,IMG_5606.jpg,test,resize,resized_duplicate,same filename; 404x303->640x480; LANCZOS RGB MAE=1.7331; 64x64 luminance correlation=0.999844,Supported,true
IMG_56100.jpg,test,original,IMG_56100.jpg,test,resize,resized_duplicate,same filename; 404x303->640x480; LANCZOS RGB MAE=1.7317; 64x64 luminance correlation=0.999753,Supported,true
IMG_56110.jpg,test,original,IMG_56110.jpg,test,resize,resized_duplicate,same filename; 404x303->640x480; LANCZOS RGB MAE=1.6917; 64x64 luminance correlation=0.999797,Supported,true
IMG_56130.jpg,test,original,IMG_56130.jpg,test,resize,resized_duplicate,same filename; 404x303->640x480; LANCZOS RGB MAE=1.6486; 64x64 luminance correlation=0.999885,Supported,true
IMG_5614.jpg,test,original,IMG_5614.jpg,test,resize,resized_duplicate,same filename; 404x303->640x480; LANCZOS RGB MAE=0.7404; 64x64 luminance correlation=0.999982,Supported,true
IMG_56200.jpg,test,original,IMG_56200.jpg,test,resize,resized_duplicate,same filename; 404x303->640x480; LANCZOS RGB MAE=1.5142; 64x64 luminance correlation=0.99994,Supported,true
IMG_56400.jpg,test,original,IMG_56400.jpg,test,resize,resized_duplicate,same filename; 404x303->640x480; LANCZOS RGB MAE=1.542; 64x64 luminance correlation=0.999864,Supported,true
IMG_56440.jpg,test,original,IMG_56440.jpg,test,resize,resized_duplicate,same filename; 404x303->640x480; LANCZOS RGB MAE=1.3579; 64x64 luminance correlation=0.999883,Supported,true
IMG_6766.jpg,test,original,IMG_6766.jpg,test,resize,resized_duplicate,same filename; 369x277->640x480; LANCZOS RGB MAE=12.0725; 64x64 luminance correlation=0.998713,Supported,true
IMG_6771.jpg,test,original,IMG_6771.jpg,test,resize,resized_duplicate,same filename; 369x277->640x480; LANCZOS RGB MAE=14.1543; 64x64 luminance correlation=0.998474,Supported,true
IMG_6774.jpg,test,original,IMG_6774.jpg,test,resize,resized_duplicate,same filename; 369x277->640x480; LANCZOS RGB MAE=10.4626; 64x64 luminance correlation=0.998681,Supported,true
IMG_6778.jpg,test,original,IMG_6778.jpg,test,resize,resized_duplicate,same filename; 369x277->640x480; LANCZOS RGB MAE=10.1482; 64x64 luminance correlation=0.999068,Supported,true
IMG_6779.jpg,test,original,IMG_6779.jpg,test,resize,resized_duplicate,same filename; 369x277->640x480; LANCZOS RGB MAE=11.5766; 64x64 luminance correlation=0.998921,Supported,true
IMG_6781.jpg,test,original,IMG_6781.jpg,test,resize,resized_duplicate,same filename; 369x277->640x480; LANCZOS RGB MAE=13.4545; 64x64 luminance correlation=0.998633,Supported,true
IMG_6784.jpg,test,original,IMG_6784.jpg,test,resize,resized_duplicate,same filename; 369x277->640x480; LANCZOS RGB MAE=11.9238; 64x64 luminance correlation=0.99856,Supported,true
IMG_6787.jpg,test,original,IMG_6787.jpg,test,resize,resized_duplicate,same filename; 369x277->640x480; LANCZOS RGB MAE=14.187; 64x64 luminance correlation=0.998064,Supported,true
IMG_6799.jpg,test,original,IMG_6799.jpg,test,resize,resized_duplicate,same filename; 369x277->640x480; LANCZOS RGB MAE=13.1625; 64x64 luminance correlation=0.998503,Supported,true
IMG_6804.jpg,test,original,IMG_6804.jpg,test,resize,resized_duplicate,same filename; 369x277->640x480; LANCZOS RGB MAE=12.65; 64x64 luminance correlation=0.998713,Supported,true
IMG_6807.jpg,test,original,IMG_6807.jpg,test,resize,resized_duplicate,same filename; 369x277->640x480; LANCZOS RGB MAE=11.2228; 64x64 luminance correlation=0.998872,Supported,true
IMG_6812.jpg,test,original,IMG_6812.jpg,test,resize,resized_duplicate,same filename; 369x277->640x480; LANCZOS RGB MAE=9.7947; 64x64 luminance correlation=0.998872,Supported,true
IMG_6816.jpg,test,original,IMG_6816.jpg,test,resize,resized_duplicate,same filename; 369x277->640x480; LANCZOS RGB MAE=9.029; 64x64 luminance correlation=0.998873,Supported,true
IMG_6819.jpg,test,original,IMG_6819.jpg,test,resize,resized_duplicate,same filename; 369x277->640x480; LANCZOS RGB MAE=7.8913; 64x64 luminance correlation=0.999118,Supported,true
IMG_6821.jpg,test,original,IMG_6821.jpg,test,resize,resized_duplicate,same filename; 369x277->640x480; LANCZOS RGB MAE=10.4279; 64x64 luminance correlation=0.998888,Supported,true
IMG_6826.jpg,test,original,IMG_6826.jpg,test,resize,resized_duplicate,same filename; 369x277->640x480; LANCZOS RGB MAE=6.8424; 64x64 luminance correlation=0.999515,Supported,true
IMG_6827.jpg,test,original,IMG_6827.jpg,test,resize,resized_duplicate,same filename; 369x277->640x480; LANCZOS RGB MAE=10.0781; 64x64 luminance correlation=0.999015,Supported,true
IMG_6829.jpg,test,original,IMG_6829.jpg,test,resize,resized_duplicate,same filename; 369x277->640x480; LANCZOS RGB MAE=9.0552; 64x64 luminance correlation=0.998846,Supported,true
IMG_6841.jpg,test,original,IMG_6841.jpg,test,resize,resized_duplicate,same filename; 369x277->640x480; LANCZOS RGB MAE=6.9499; 64x64 luminance correlation=0.999123,Supported,true
IMG_6855.jpg,test,original,IMG_6855.jpg,test,resize,resized_duplicate,same filename; 369x277->640x480; LANCZOS RGB MAE=10.5907; 64x64 luminance correlation=0.998329,Supported,true
IMG_6857.jpg,test,original,IMG_6857.jpg,test,resize,resized_duplicate,same filename; 369x277->640x480; LANCZOS RGB MAE=9.2616; 64x64 luminance correlation=0.999181,Supported,true
IMG_6859.jpg,test,original,IMG_6859.jpg,test,resize,resized_duplicate,same filename; 369x277->640x480; LANCZOS RGB MAE=10.5535; 64x64 luminance correlation=0.998766,Supported,true
IMG_6861.jpg,test,original,IMG_6861.jpg,test,resize,resized_duplicate,same filename; 369x277->640x480; LANCZOS RGB MAE=14.885; 64x64 luminance correlation=0.998488,Supported,true
IMG_6873.jpg,test,original,IMG_6873.jpg,test,resize,resized_duplicate,same filename; 369x277->640x480; LANCZOS RGB MAE=12.7405; 64x64 luminance correlation=0.999039,Supported,true
IMG_6879.jpg,test,original,IMG_6879.jpg,test,resize,resized_duplicate,same filename; 369x277->640x480; LANCZOS RGB MAE=9.2872; 64x64 luminance correlation=0.999093,Supported,true
IMG_6883.jpg,test,original,IMG_6883.jpg,test,resize,resized_duplicate,same filename; 369x277->640x480; LANCZOS RGB MAE=8.5728; 64x64 luminance correlation=0.999023,Supported,true
IMG_6885.jpg,test,original,IMG_6885.jpg,test,resize,resized_duplicate,same filename; 369x277->640x480; LANCZOS RGB MAE=11.6061; 64x64 luminance correlation=0.99877,Supported,true
IMG_6895.jpg,test,original,IMG_6895.jpg,test,resize,resized_duplicate,same filename; 369x277->640x480; LANCZOS RGB MAE=9.3765; 64x64 luminance correlation=0.999092,Supported,true
IMG_6897.jpg,test,original,IMG_6897.jpg,test,resize,resized_duplicate,same filename; 369x277->640x480; LANCZOS RGB MAE=10.2486; 64x64 luminance correlation=0.999076,Supported,true
IMG_6938.jpg,test,original,IMG_6938.jpg,test,resize,resized_duplicate,same filename; 369x277->640x480; LANCZOS RGB MAE=10.6889; 64x64 luminance correlation=0.998935,Supported,true
IMG_6941.jpg,test,original,IMG_6941.jpg,test,resize,resized_duplicate,same filename; 369x277->640x480; LANCZOS RGB MAE=8.3754; 64x64 luminance correlation=0.999431,Supported,true
IMG_6944.jpg,test,original,IMG_6944.jpg,test,resize,resized_duplicate,same filename; 369x277->640x480; LANCZOS RGB MAE=9.7464; 64x64 luminance correlation=0.999385,Supported,true
IMG_6945.jpg,test,original,IMG_6945.jpg,test,resize,resized_duplicate,same filename; 369x277->640x480; LANCZOS RGB MAE=7.4203; 64x64 luminance correlation=0.999387,Supported,true
IMG_6947.jpg,test,original,IMG_6947.jpg,test,resize,resized_duplicate,same filename; 369x277->640x480; LANCZOS RGB MAE=6.7753; 64x64 luminance correlation=0.999255,Supported,true
IMG_6949.jpg,test,original,IMG_6949.jpg,test,resize,resized_duplicate,same filename; 369x277->640x480; LANCZOS RGB MAE=7.459; 64x64 luminance correlation=0.999283,Supported,true
IMG_6952.jpg,test,original,IMG_6952.jpg,test,resize,resized_duplicate,same filename; 369x277->640x480; LANCZOS RGB MAE=12.0779; 64x64 luminance correlation=0.998966,Supported,true
IMG_6960.jpg,test,original,IMG_6960.jpg,test,resize,resized_duplicate,same filename; 369x277->640x480; LANCZOS RGB MAE=10.547; 64x64 luminance correlation=0.998606,Supported,true
IMG_6967.jpg,test,original,IMG_6967.jpg,test,resize,resized_duplicate,same filename; 369x277->640x480; LANCZOS RGB MAE=13.3462; 64x64 luminance correlation=0.998927,Supported,true
IMG_6986.jpg,test,original,IMG_6986.jpg,test,resize,resized_duplicate,same filename; 369x277->640x480; LANCZOS RGB MAE=11.9398; 64x64 luminance correlation=0.998739,Supported,true
IMG_6989.jpg,test,original,IMG_6989.jpg,test,resize,resized_duplicate,same filename; 369x277->640x480; LANCZOS RGB MAE=9.8794; 64x64 luminance correlation=0.998654,Supported,true
IMG_6993.jpg,test,original,IMG_6993.jpg,test,resize,resized_duplicate,same filename; 369x277->640x480; LANCZOS RGB MAE=4.7964; 64x64 luminance correlation=0.998888,Supported,true
IMG_6996.jpg,test,original,IMG_6996.jpg,test,resize,resized_duplicate,same filename; 369x277->640x480; LANCZOS RGB MAE=8.0514; 64x64 luminance correlation=0.99864,Supported,true
IMG_6998.jpg,test,original,IMG_6998.jpg,test,resize,resized_duplicate,same filename; 369x277->640x480; LANCZOS RGB MAE=11.083; 64x64 luminance correlation=0.998985,Supported,true
IMG_7002.jpg,test,original,IMG_7002.jpg,test,resize,resized_duplicate,same filename; 369x277->640x480; LANCZOS RGB MAE=12.4081; 64x64 luminance correlation=0.998437,Supported,true
IMG_7006.jpg,test,original,IMG_7006.jpg,test,resize,resized_duplicate,same filename; 369x277->640x480; LANCZOS RGB MAE=9.7581; 64x64 luminance correlation=0.998415,Supported,true
IMG_7008.jpg,test,original,IMG_7008.jpg,test,resize,resized_duplicate,same filename; 369x277->640x480; LANCZOS RGB MAE=9.9575; 64x64 luminance correlation=0.998859,Supported,true
IMG_7011.jpg,test,original,IMG_7011.jpg,test,resize,resized_duplicate,same filename; 369x277->640x480; LANCZOS RGB MAE=7.8954; 64x64 luminance correlation=0.998861,Supported,true
IMG_7014.jpg,test,original,IMG_7014.jpg,test,resize,resized_duplicate,same filename; 369x277->640x480; LANCZOS RGB MAE=7.8581; 64x64 luminance correlation=0.99932,Supported,true
IMG_7016.jpg,test,original,IMG_7016.jpg,test,resize,resized_duplicate,same filename; 369x277->640x480; LANCZOS RGB MAE=8.9775; 64x64 luminance correlation=0.999002,Supported,true
IMG_7020.jpg,test,original,IMG_7020.jpg,test,resize,resized_duplicate,same filename; 369x277->640x480; LANCZOS RGB MAE=8.3301; 64x64 luminance correlation=0.999148,Supported,true
IMG_7026.jpg,test,original,IMG_7026.jpg,test,resize,resized_duplicate,same filename; 369x277->640x480; LANCZOS RGB MAE=10.3292; 64x64 luminance correlation=0.999091,Supported,true
IMG_7029.jpg,test,original,IMG_7029.jpg,test,resize,resized_duplicate,same filename; 369x277->640x480; LANCZOS RGB MAE=8.0592; 64x64 luminance correlation=0.998983,Supported,true
IMG_7032.jpg,test,original,IMG_7032.jpg,test,resize,resized_duplicate,same filename; 369x277->640x480; LANCZOS RGB MAE=10.9046; 64x64 luminance correlation=0.998958,Supported,true
IMG_7041.jpg,test,original,IMG_7041.jpg,test,resize,resized_duplicate,same filename; 369x277->640x480; LANCZOS RGB MAE=8.3251; 64x64 luminance correlation=0.999431,Supported,true
IMG_7044.jpg,test,original,IMG_7044.jpg,test,resize,resized_duplicate,same filename; 369x277->640x480; LANCZOS RGB MAE=10.7472; 64x64 luminance correlation=0.998946,Supported,true
IMG_7045.jpg,test,original,IMG_7045.jpg,test,resize,resized_duplicate,same filename; 369x277->640x480; LANCZOS RGB MAE=11.1973; 64x64 luminance correlation=0.998228,Supported,true
IMG_7049.jpg,test,original,IMG_7049.jpg,test,resize,resized_duplicate,same filename; 369x277->640x480; LANCZOS RGB MAE=9.3464; 64x64 luminance correlation=0.999142,Supported,true
IMG_7051.jpg,test,original,IMG_7051.jpg,test,resize,resized_duplicate,same filename; 369x277->640x480; LANCZOS RGB MAE=9.4485; 64x64 luminance correlation=0.999067,Supported,true
IMG_7053.jpg,test,original,IMG_7053.jpg,test,resize,resized_duplicate,same filename; 369x277->640x480; LANCZOS RGB MAE=8.1606; 64x64 luminance correlation=0.998891,Supported,true
IMG_7057.jpg,test,original,IMG_7057.jpg,test,resize,resized_duplicate,same filename; 369x277->640x480; LANCZOS RGB MAE=9.158; 64x64 luminance correlation=0.99892,Supported,true
IMG_7059.jpg,test,original,IMG_7059.jpg,test,resize,resized_duplicate,same filename; 369x277->640x480; LANCZOS RGB MAE=11.4287; 64x64 luminance correlation=0.9986,Supported,true
IMG_7062.jpg,test,original,IMG_7062.jpg,test,resize,resized_duplicate,same filename; 369x277->640x480; LANCZOS RGB MAE=13.9892; 64x64 luminance correlation=0.998187,Supported,true
IMG_7064.jpg,test,original,IMG_7064.jpg,test,resize,resized_duplicate,same filename; 369x277->640x480; LANCZOS RGB MAE=10.3738; 64x64 luminance correlation=0.99905,Supported,true
IMG_7068.jpg,test,original,IMG_7068.jpg,test,resize,resized_duplicate,same filename; 369x277->640x480; LANCZOS RGB MAE=9.8404; 64x64 luminance correlation=0.998703,Supported,true
100.jpg,train,original,100.jpg,train,resize,resized_duplicate,same filename; 369x277->640x480; LANCZOS RGB MAE=6.2622; 64x64 luminance correlation=0.99914,Supported,true
100.jpg,train,original,100_brightness.jpg,train,original,augmentation_derivative,same suffix-normalized family=100; 64x64 correlation=0.997895; identical polygons=True,Strongly Supported,true
10000.jpg,train,original,10000.jpg,train,resize,resized_duplicate,same filename; 369x277->640x480; LANCZOS RGB MAE=13.6899; 64x64 luminance correlation=0.998013,Supported,true
1000000.jpg,train,original,1000000.jpg,train,resize,resized_duplicate,same filename; 369x277->640x480; LANCZOS RGB MAE=9.9351; 64x64 luminance correlation=0.999183,Supported,true
1000000.jpg,train,original,1000000_brightness.jpg,train,original,augmentation_derivative,same suffix-normalized family=1000000; 64x64 correlation=0.997030; identical polygons=True,Strongly Supported,true
1000000_brightness.jpg,train,original,1000000_brightness.jpg,train,resize,resized_duplicate,same filename; 369x277->640x480; LANCZOS RGB MAE=10.5136; 64x64 luminance correlation=0.999127,Supported,true
100_brightness.jpg,train,original,100_brightness.jpg,train,resize,resized_duplicate,same filename; 369x277->640x480; LANCZOS RGB MAE=6.4794; 64x64 luminance correlation=0.999033,Supported,true
101.jpg,train,original,101.jpg,train,resize,resized_duplicate,same filename; 277x369->480x640; LANCZOS RGB MAE=7.4272; 64x64 luminance correlation=0.999422,Supported,true
1020.jpg,train,original,1020.jpg,train,resize,resized_duplicate,same filename; 277x369->480x640; LANCZOS RGB MAE=4.7211; 64x64 luminance correlation=0.999161,Supported,true
1050.jpg,train,original,1050.jpg,train,resize,resized_duplicate,same filename; 369x277->640x480; LANCZOS RGB MAE=8.7503; 64x64 luminance correlation=0.998614,Supported,true
1060.jpg,train,original,1060.jpg,train,resize,resized_duplicate,same filename; 369x277->640x480; LANCZOS RGB MAE=5.2318; 64x64 luminance correlation=0.999497,Supported,true
1100.jpg,train,original,1100.jpg,train,resize,resized_duplicate,same filename; 369x277->640x480; LANCZOS RGB MAE=6.4461; 64x64 luminance correlation=0.99861,Supported,true
111_brightness.jpg,train,original,111_brightness.jpg,train,resize,resized_duplicate,same filename; 369x277->640x480; LANCZOS RGB MAE=4.2262; 64x64 luminance correlation=0.999514,Supported,true
111_brightness.jpg,train,original,111.jpg,val,original,augmentation_derivative,64x64 luminance correlation=0.999042; identical region list=True,Strongly Supported,true
1120.jpg,train,original,1120.jpg,train,resize,resized_duplicate,same filename; 369x277->640x480; LANCZOS RGB MAE=6.8635; 64x64 luminance correlation=0.999339,Supported,true
1120.jpg,train,original,1120_brightness.jpg,train,original,augmentation_derivative,same suffix-normalized family=1120; 64x64 correlation=0.996105; identical polygons=True,Strongly Supported,true
1120_brightness.jpg,train,original,1120_brightness.jpg,train,resize,resized_duplicate,same filename; 369x277->640x480; LANCZOS RGB MAE=7.4268; 64x64 luminance correlation=0.999281,Supported,true
1160.jpg,train,original,1160.jpg,train,resize,resized_duplicate,same filename; 369x277->640x480; LANCZOS RGB MAE=2.8308; 64x64 luminance correlation=0.999766,Supported,true
1160.jpg,train,original,1160_brightness.jpg,train,original,augmentation_derivative,same suffix-normalized family=1160; 64x64 correlation=0.998510; identical polygons=True,Strongly Supported,true
1160_brightness.jpg,train,original,1160_brightness.jpg,train,resize,resized_duplicate,same filename; 369x277->640x480; LANCZOS RGB MAE=2.9737; 64x64 luminance correlation=0.999757,Supported,true
1180_brightness.jpg,train,original,1180_brightness.jpg,train,resize,resized_duplicate,same filename; 369x277->640x480; LANCZOS RGB MAE=3.7263; 64x64 luminance correlation=0.999739,Supported,true
1180_brightness.jpg,train,original,1180.jpg,val,original,augmentation_derivative,64x64 luminance correlation=0.996412; identical region list=True,Strongly Supported,true
1190.jpg,train,original,1190.jpg,train,resize,resized_duplicate,same filename; 369x277->640x480; LANCZOS RGB MAE=6.8036; 64x64 luminance correlation=0.99937,Supported,true
12.jpg,train,original,12.jpg,train,resize,resized_duplicate,same filename; 369x277->640x480; LANCZOS RGB MAE=11.2564; 64x64 luminance correlation=0.998478,Supported,true
12.jpg,train,original,12_brightness.jpg,train,original,augmentation_derivative,same suffix-normalized family=12; 64x64 correlation=0.997768; identical polygons=True,Strongly Supported,true
1200.jpg,train,original,1200.jpg,train,resize,resized_duplicate,same filename; 369x277->640x480; LANCZOS RGB MAE=5.8639; 64x64 luminance correlation=0.999108,Supported,true
1250.jpg,train,original,1250.jpg,train,resize,resized_duplicate,same filename; 369x277->640x480; LANCZOS RGB MAE=3.8319; 64x64 luminance correlation=0.999612,Supported,true
1250.jpg,train,original,1250_brightness.jpg,train,original,augmentation_derivative,same suffix-normalized family=1250; 64x64 correlation=0.999815; identical polygons=True,Strongly Supported,true
1250.jpg,train,original,1250_noise.jpg,train,original,augmentation_derivative,same suffix-normalized family=1250; 64x64 correlation=0.999516; identical polygons=True,Strongly Supported,true
1250_brightness.jpg,train,original,1250_brightness.jpg,train,resize,resized_duplicate,same filename; 369x277->640x480; LANCZOS RGB MAE=4.2987; 64x64 luminance correlation=0.999612,Supported,true
1250_brightness.jpg,train,original,1250_noise.jpg,train,original,augmentation_derivative,same suffix-normalized family=1250; 64x64 correlation=0.999396; identical polygons=True,Strongly Supported,true
1250_noise.jpg,train,original,1250_noise.jpg,train,resize,resized_duplicate,same filename; 369x277->640x480; LANCZOS RGB MAE=5.5573; 64x64 luminance correlation=0.999603,Supported,true
1260.jpg,train,original,1260.jpg,train,resize,resized_duplicate,same filename; 369x277->640x480; LANCZOS RGB MAE=3.7844; 64x64 luminance correlation=0.999548,Supported,true
1260.jpg,train,original,1260_brightness.jpg,train,original,augmentation_derivative,same suffix-normalized family=1260; 64x64 correlation=0.999610; identical polygons=True,Strongly Supported,true
1260.jpg,train,original,1260_noise.jpg,train,original,augmentation_derivative,same suffix-normalized family=1260; 64x64 correlation=0.999675; identical polygons=True,Strongly Supported,true
1260_brightness.jpg,train,original,1260_brightness.jpg,train,resize,resized_duplicate,same filename; 369x277->640x480; LANCZOS RGB MAE=4.1559; 64x64 luminance correlation=0.99955,Supported,true
1260_brightness.jpg,train,original,1260_noise.jpg,train,original,augmentation_derivative,same suffix-normalized family=1260; 64x64 correlation=0.999336; identical polygons=True,Strongly Supported,true
1260_noise.jpg,train,original,1260_noise.jpg,train,resize,resized_duplicate,same filename; 369x277->640x480; LANCZOS RGB MAE=5.5105; 64x64 luminance correlation=0.999553,Supported,true
128.jpg,train,original,128.jpg,train,resize,resized_duplicate,same filename; 369x277->640x480; LANCZOS RGB MAE=4.3455; 64x64 luminance correlation=0.999318,Supported,true
1290_brightness.jpg,train,original,2360.jpg,test,original,unresolved_candidate,256-bit dHash distance=8; 64x64 luminance correlation=0.977151; identical region list=False; different source names,Candidate,false
1290_brightness.jpg,train,original,1290_brightness.jpg,train,resize,resized_duplicate,same filename; 369x277->640x480; LANCZOS RGB MAE=7.4096; 64x64 luminance correlation=0.999137,Supported,true
1290_brightness.jpg,train,original,1290_noise.jpg,val,original,augmentation_derivative,64x64 luminance correlation=0.998487; identical region list=True,Strongly Supported,true
12_brightness.jpg,train,original,12_brightness.jpg,train,resize,resized_duplicate,same filename; 369x277->640x480; LANCZOS RGB MAE=12.0064; 64x64 luminance correlation=0.998462,Supported,true
13.jpg,train,original,13.jpg,train,resize,resized_duplicate,same filename; 277x369->480x640; LANCZOS RGB MAE=13.0328; 64x64 luminance correlation=0.998701,Supported,true
130.jpg,train,original,130.jpg,train,resize,resized_duplicate,same filename; 369x277->640x480; LANCZOS RGB MAE=5.1431; 64x64 luminance correlation=0.999493,Supported,true
130.jpg,train,original,130_brightness.jpg,train,original,augmentation_derivative,same suffix-normalized family=130; 64x64 correlation=0.997051; identical polygons=True,Strongly Supported,true
130.jpg,train,original,130_noise.jpg,train,original,augmentation_derivative,same suffix-normalized family=130; 64x64 correlation=0.999527; identical polygons=True,Strongly Supported,true
130_brightness.jpg,train,original,130_brightness.jpg,train,resize,resized_duplicate,same filename; 369x277->640x480; LANCZOS RGB MAE=5.7054; 64x64 luminance correlation=0.999465,Supported,true
130_brightness.jpg,train,original,130_noise.jpg,train,original,augmentation_derivative,same suffix-normalized family=130; 64x64 correlation=0.997032; identical polygons=True,Strongly Supported,true
130_noise.jpg,train,original,130_noise.jpg,train,resize,resized_duplicate,same filename; 369x277->640x480; LANCZOS RGB MAE=6.5489; 64x64 luminance correlation=0.999487,Supported,true
1310.jpg,train,original,1310.jpg,train,resize,resized_duplicate,same filename; 369x277->640x480; LANCZOS RGB MAE=5.0431; 64x64 luminance correlation=0.999491,Supported,true
1310.jpg,train,original,1310_brightness.jpg,train,original,augmentation_derivative,same suffix-normalized family=1310; 64x64 correlation=0.998461; identical polygons=True,Strongly Supported,true
1310.jpg,train,original,1310_noise.jpg,val,original,augmentation_derivative,64x64 luminance correlation=0.999550; identical region list=True,Strongly Supported,true
1310_brightness.jpg,train,original,1310_brightness.jpg,train,resize,resized_duplicate,same filename; 369x277->640x480; LANCZOS RGB MAE=5.4597; 64x64 luminance correlation=0.999476,Supported,true
1310_brightness.jpg,train,original,1310_noise.jpg,val,original,augmentation_derivative,64x64 luminance correlation=0.998194; identical region list=True,Strongly Supported,true
1320.jpg,train,original,2410.jpg,test,original,unresolved_candidate,256-bit dHash distance=4; 64x64 luminance correlation=0.988444; identical region list=False; different source names,Candidate,false
1320.jpg,train,original,1320.jpg,train,resize,resized_duplicate,same filename; 369x277->640x480; LANCZOS RGB MAE=3.9319; 64x64 luminance correlation=0.999401,Supported,true
1320.jpg,train,original,1320_brightness.jpg,train,original,augmentation_derivative,same suffix-normalized family=1320; 64x64 correlation=0.999591; identical polygons=True,Strongly Supported,true
1320.jpg,train,original,1320_noise.jpg,train,original,augmentation_derivative,same suffix-normalized family=1320; 64x64 correlation=0.999519; identical polygons=True,Strongly Supported,true
1320_brightness.jpg,train,original,2410.jpg,test,original,unresolved_candidate,256-bit dHash distance=8; 64x64 luminance correlation=0.987980; identical region list=False; different source names,Candidate,false
1320_brightness.jpg,train,original,1320_brightness.jpg,train,resize,resized_duplicate,same filename; 369x277->640x480; LANCZOS RGB MAE=4.404; 64x64 luminance correlation=0.999407,Supported,true
1320_brightness.jpg,train,original,1320_noise.jpg,train,original,augmentation_derivative,same suffix-normalized family=1320; 64x64 correlation=0.999174; identical polygons=True,Strongly Supported,true
1320_noise.jpg,train,original,2410.jpg,test,original,unresolved_candidate,256-bit dHash distance=10; 64x64 luminance correlation=0.987818; identical region list=False; different source names,Candidate,false
1320_noise.jpg,train,original,1320_noise.jpg,train,resize,resized_duplicate,same filename; 369x277->640x480; LANCZOS RGB MAE=5.5861; 64x64 luminance correlation=0.9994,Supported,true
1330.jpg,train,original,1330.jpg,train,resize,resized_duplicate,same filename; 369x277->640x480; LANCZOS RGB MAE=10.0501; 64x64 luminance correlation=0.998599,Supported,true
1330.jpg,train,original,1330_brightness.jpg,train,original,augmentation_derivative,same suffix-normalized family=1330; 64x64 correlation=0.998330; identical polygons=True,Strongly Supported,true
1330.jpg,train,original,1330_noise.jpg,train,original,augmentation_derivative,same suffix-normalized family=1330; 64x64 correlation=0.999274; identical polygons=True,Strongly Supported,true
1330_brightness.jpg,train,original,1330_brightness.jpg,train,resize,resized_duplicate,same filename; 369x277->640x480; LANCZOS RGB MAE=11.0057; 64x64 luminance correlation=0.99865,Supported,true
1330_brightness.jpg,train,original,1330_noise.jpg,train,original,augmentation_derivative,same suffix-normalized family=1330; 64x64 correlation=0.997740; identical polygons=True,Strongly Supported,true
1330_noise.jpg,train,original,1330_noise.jpg,train,resize,resized_duplicate,same filename; 369x277->640x480; LANCZOS RGB MAE=10.886; 64x64 luminance correlation=0.998625,Supported,true
1340.jpg,train,original,1340.jpg,train,resize,resized_duplicate,same filename; 369x277->640x480; LANCZOS RGB MAE=5.6492; 64x64 luminance correlation=0.99946,Supported,true
1340.jpg,train,original,1340_brightness.jpg,train,original,augmentation_derivative,same suffix-normalized family=1340; 64x64 correlation=0.998383; identical polygons=True,Strongly Supported,true
1340.jpg,train,original,1340_noise.jpg,train,original,augmentation_derivative,same suffix-normalized family=1340; 64x64 correlation=0.999601; identical polygons=True,Strongly Supported,true
1340_brightness.jpg,train,original,1340_brightness.jpg,train,resize,resized_duplicate,same filename; 369x277->640x480; LANCZOS RGB MAE=6.2852; 64x64 luminance correlation=0.999504,Supported,true
1340_brightness.jpg,train,original,1340_noise.jpg,train,original,augmentation_derivative,same suffix-normalized family=1340; 64x64 correlation=0.998251; identical polygons=True,Strongly Supported,true
1340_noise.jpg,train,original,1340_noise.jpg,train,resize,resized_duplicate,same filename; 369x277->640x480; LANCZOS RGB MAE=7.0176; 64x64 luminance correlation=0.99946,Supported,true
1350.jpg,train,original,1350.jpg,train,resize,resized_duplicate,same filename; 369x277->640x480; LANCZOS RGB MAE=4.2723; 64x64 luminance correlation=0.999513,Supported,true
1360.jpg,train,original,257.jpg,test,original,high_visual_similarity,256-bit dHash distance=7; 64x64 luminance correlation=0.997164; identical region list=False; different source names; full-resolution grayscale correlation=0.988172,Supported,true
1360.jpg,train,original,1360.jpg,train,resize,resized_duplicate,same filename; 369x277->640x480; LANCZOS RGB MAE=8.3629; 64x64 luminance correlation=0.999446,Supported,true
1360.jpg,train,original,1360_noise.jpg,train,original,augmentation_derivative,same suffix-normalized family=1360; 64x64 correlation=0.999650; identical polygons=True,Strongly Supported,true
1360.jpg,train,original,1360_brightness.jpg,val,original,augmentation_derivative,64x64 luminance correlation=0.996841; identical region list=True,Strongly Supported,true
1360_noise.jpg,train,original,1360_noise.jpg,train,resize,resized_duplicate,same filename; 369x277->640x480; LANCZOS RGB MAE=9.266; 64x64 luminance correlation=0.999446,Supported,true
1360_noise.jpg,train,original,1360_brightness.jpg,val,original,augmentation_derivative,64x64 luminance correlation=0.997211; identical region list=True,Strongly Supported,true
137.jpg,train,original,137.jpg,train,resize,resized_duplicate,same filename; 369x277->640x480; LANCZOS RGB MAE=4.4508; 64x64 luminance correlation=0.99957,Supported,true
137.jpg,train,original,137_brightness.jpg,train,original,augmentation_derivative,same suffix-normalized family=137; 64x64 correlation=0.999067; identical polygons=True,Strongly Supported,true
137.jpg,train,original,137_noise.jpg,train,original,augmentation_derivative,same suffix-normalized family=137; 64x64 correlation=0.999565; identical polygons=True,Strongly Supported,true
137.jpg,train,original,256.jpg,train,original,exact_duplicate,identical SHA256 faa093dd267895795b949973cb66dbca06214670511a5740e9cc7fcbc6b87018; identical region list=False,Confirmed,true
137.jpg,train,original,256_noise.jpg,val,original,high_visual_similarity,256-bit dHash distance=3; 64x64 luminance correlation=0.999594; identical region list=False; different source names; full-resolution grayscale correlation=0.984744,Supported,true
137_brightness.jpg,train,original,137_brightness.jpg,train,resize,resized_duplicate,same filename; 369x277->640x480; LANCZOS RGB MAE=4.9513; 64x64 luminance correlation=0.999592,Supported,true
137_brightness.jpg,train,original,137_noise.jpg,train,original,augmentation_derivative,same suffix-normalized family=137; 64x64 correlation=0.998910; identical polygons=True,Strongly Supported,true
137_brightness.jpg,train,original,256_brightness.jpg,train,original,exact_duplicate,identical SHA256 a7e138f5bfd24dbc625744eede912d61ff140b681bdb793f12da2b2e0bd998e5; identical region list=False,Confirmed,true
137_brightness.jpg,train,original,256_noise.jpg,val,original,high_visual_similarity,256-bit dHash distance=0; 64x64 luminance correlation=0.998898; identical region list=False; different source names; full-resolution grayscale correlation=0.983187,Supported,true
137_noise.jpg,train,original,137_noise.jpg,train,resize,resized_duplicate,same filename; 369x277->640x480; LANCZOS RGB MAE=6.1171; 64x64 luminance correlation=0.999586,Supported,true
137_noise.jpg,train,original,256_noise.jpg,val,original,high_visual_similarity,256-bit dHash distance=9; 64x64 luminance correlation=0.999275; identical region list=False; different source names; full-resolution grayscale correlation=0.969837,Supported,true
138_brightness.jpg,train,original,138_brightness.jpg,train,resize,resized_duplicate,same filename; 369x277->640x480; LANCZOS RGB MAE=4.9152; 64x64 luminance correlation=0.999147,Supported,true
138_brightness.jpg,train,original,138_noise.jpg,train,original,augmentation_derivative,same suffix-normalized family=138; 64x64 correlation=0.996999; identical polygons=True,Strongly Supported,true
138_brightness.jpg,train,original,251_brightness.jpg,val,original,exact_duplicate,identical SHA256 f81d8e3a53685a3a1935e4ddcb3d08c0fc57e7c6df69073fe9f2f8c77f63e2e2; identical region list=False,Confirmed,true
138_noise.jpg,train,original,138_noise.jpg,train,resize,resized_duplicate,same filename; 369x277->640x480; LANCZOS RGB MAE=6.1762; 64x64 luminance correlation=0.99908,Supported,true
138_noise.jpg,train,original,251_brightness.jpg,val,original,high_visual_similarity,256-bit dHash distance=10; 64x64 luminance correlation=0.996999; identical region list=False; different source names; full-resolution grayscale correlation=0.981896,Supported,true
1390.jpg,train,original,250.jpg,test,original,unresolved_candidate,256-bit dHash distance=7; 64x64 luminance correlation=0.992268; identical region list=False; different source names,Candidate,false
1390.jpg,train,original,1390.jpg,train,resize,resized_duplicate,same filename; 369x277->640x480; LANCZOS RGB MAE=5.5285; 64x64 luminance correlation=0.99926,Supported,true
1390.jpg,train,original,1390_brightness.jpg,train,original,augmentation_derivative,same suffix-normalized family=1390; 64x64 correlation=0.998930; identical polygons=True,Strongly Supported,true
1390.jpg,train,original,1390_noise.jpg,train,original,augmentation_derivative,same suffix-normalized family=1390; 64x64 correlation=0.999282; identical polygons=True,Strongly Supported,true
1390_brightness.jpg,train,original,250.jpg,test,original,unresolved_candidate,256-bit dHash distance=6; 64x64 luminance correlation=0.991099; identical region list=False; different source names,Candidate,false
1390_brightness.jpg,train,original,1390_brightness.jpg,train,resize,resized_duplicate,same filename; 369x277->640x480; LANCZOS RGB MAE=6.1483; 64x64 luminance correlation=0.999246,Supported,true
1390_brightness.jpg,train,original,1390_noise.jpg,train,original,augmentation_derivative,same suffix-normalized family=1390; 64x64 correlation=0.998358; identical polygons=True,Strongly Supported,true
1390_noise.jpg,train,original,250.jpg,test,original,unresolved_candidate,256-bit dHash distance=10; 64x64 luminance correlation=0.991595; identical region list=False; different source names,Candidate,false
1390_noise.jpg,train,original,1390_noise.jpg,train,resize,resized_duplicate,same filename; 369x277->640x480; LANCZOS RGB MAE=6.8009; 64x64 luminance correlation=0.999232,Supported,true
1400_brightness.jpg,train,original,1400_brightness.jpg,train,resize,resized_duplicate,same filename; 369x277->640x480; LANCZOS RGB MAE=6.9701; 64x64 luminance correlation=0.99913,Supported,true
1400_brightness.jpg,train,original,1400_noise.jpg,val,original,augmentation_derivative,64x64 luminance correlation=0.997852; identical region list=True,Strongly Supported,true
144.jpg,train,original,144.jpg,train,resize,resized_duplicate,same filename; 369x277->640x480; LANCZOS RGB MAE=4.7637; 64x64 luminance correlation=0.999511,Supported,true
144.jpg,train,original,144_brightness.jpg,train,original,augmentation_derivative,same suffix-normalized family=144; 64x64 correlation=0.999435; identical polygons=True,Strongly Supported,true
144.jpg,train,original,144_noise.jpg,train,original,augmentation_derivative,same suffix-normalized family=144; 64x64 correlation=0.999570; identical polygons=True,Strongly Supported,true
144.jpg,train,original,268.jpg,train,original,exact_duplicate,identical SHA256 4563c298a1e19716bedc66c9f9943af6a28a9f1be40ff8bc198da41ef2587bac; identical region list=False,Confirmed,true
144_brightness.jpg,train,original,144_brightness.jpg,train,resize,resized_duplicate,same filename; 369x277->640x480; LANCZOS RGB MAE=5.2907; 64x64 luminance correlation=0.999523,Supported,true
144_brightness.jpg,train,original,144_noise.jpg,train,original,augmentation_derivative,same suffix-normalized family=144; 64x64 correlation=0.999133; identical polygons=True,Strongly Supported,true
144_brightness.jpg,train,original,268_brightness.jpg,train,original,exact_duplicate,identical SHA256 82ea175c2e92ea8140a79a04af1e700b106e8b49306309ece31b9978c4299c39; identical region list=False,Confirmed,true
144_noise.jpg,train,original,144_noise.jpg,train,resize,resized_duplicate,same filename; 369x277->640x480; LANCZOS RGB MAE=6.4019; 64x64 luminance correlation=0.999515,Supported,true
1450.jpg,train,original,1450.jpg,train,resize,resized_duplicate,same filename; 369x277->640x480; LANCZOS RGB MAE=5.1191; 64x64 luminance correlation=0.999604,Supported,true
1450.jpg,train,original,1450_noise.jpg,train,original,augmentation_derivative,same suffix-normalized family=1450; 64x64 correlation=0.999548; identical polygons=True,Strongly Supported,true
1450.jpg,train,original,1450_brightness.jpg,val,original,augmentation_derivative,64x64 luminance correlation=0.999135; identical region list=True,Strongly Supported,true
1450_noise.jpg,train,original,1450_noise.jpg,train,resize,resized_duplicate,same filename; 369x277->640x480; LANCZOS RGB MAE=6.479; 64x64 luminance correlation=0.999596,Supported,true
1450_noise.jpg,train,original,1450_brightness.jpg,val,original,augmentation_derivative,64x64 luminance correlation=0.998807; identical region list=True,Strongly Supported,true
1460.jpg,train,original,1460.jpg,train,resize,resized_duplicate,same filename; 369x277->640x480; LANCZOS RGB MAE=3.9064; 64x64 luminance correlation=0.999617,Supported,true
1460.jpg,train,original,1460_brightness.jpg,train,original,augmentation_derivative,same suffix-normalized family=1460; 64x64 correlation=0.998062; identical polygons=True,Strongly Supported,true
1460.jpg,train,original,1460_noise.jpg,val,original,augmentation_derivative,64x64 luminance correlation=0.999566; identical region list=True,Strongly Supported,true
1460_brightness.jpg,train,original,1460_brightness.jpg,train,resize,resized_duplicate,same filename; 369x277->640x480; LANCZOS RGB MAE=4.3123; 64x64 luminance correlation=0.999617,Supported,true
1460_brightness.jpg,train,original,1460_noise.jpg,val,original,augmentation_derivative,64x64 luminance correlation=0.997880; identical region list=True,Strongly Supported,true
1480.jpg,train,original,1480.jpg,train,resize,resized_duplicate,same filename; 369x277->640x480; LANCZOS RGB MAE=7.3095; 64x64 luminance correlation=0.999204,Supported,true
1480.jpg,train,original,1480_brightness.jpg,train,original,augmentation_derivative,same suffix-normalized family=1480; 64x64 correlation=0.997596; identical polygons=True,Strongly Supported,true
1480.jpg,train,original,1480_noise.jpg,train,original,augmentation_derivative,same suffix-normalized family=1480; 64x64 correlation=0.999548; identical polygons=True,Strongly Supported,true
1480_brightness.jpg,train,original,1480_brightness.jpg,train,resize,resized_duplicate,same filename; 369x277->640x480; LANCZOS RGB MAE=7.9488; 64x64 luminance correlation=0.999167,Supported,true
1480_brightness.jpg,train,original,1480_noise.jpg,train,original,augmentation_derivative,same suffix-normalized family=1480; 64x64 correlation=0.997366; identical polygons=True,Strongly Supported,true
1480_noise.jpg,train,original,1480_noise.jpg,train,resize,resized_duplicate,same filename; 369x277->640x480; LANCZOS RGB MAE=8.3853; 64x64 luminance correlation=0.999216,Supported,true
149.jpg,train,original,149.jpg,train,resize,resized_duplicate,same filename; 369x277->640x480; LANCZOS RGB MAE=6.7192; 64x64 luminance correlation=0.999006,Supported,true
149.jpg,train,original,285.jpg,train,original,exact_duplicate,identical SHA256 57d43f59bf8f456525b49602063d6a387e9ba92c0500166143f115b054557c52; identical region list=False,Confirmed,true
15.jpg,train,original,15.jpg,train,resize,resized_duplicate,same filename; 277x369->480x640; LANCZOS RGB MAE=13.5894; 64x64 luminance correlation=0.998441,Supported,true
150_brightness.jpg,train,original,279.jpg,test,original,high_visual_similarity,256-bit dHash distance=2; 64x64 luminance correlation=0.996950; identical region list=False; different source names; full-resolution grayscale correlation=0.996518,Supported,true
150_brightness.jpg,train,original,150_brightness.jpg,train,resize,resized_duplicate,same filename; 369x277->640x480; LANCZOS RGB MAE=5.2671; 64x64 luminance correlation=0.999043,Supported,true
150_brightness.jpg,train,original,150_noise.jpg,train,original,augmentation_derivative,same suffix-normalized family=150; 64x64 correlation=0.996831; identical polygons=True,Strongly Supported,true
150_noise.jpg,train,original,279.jpg,test,original,high_visual_similarity,256-bit dHash distance=3; 64x64 luminance correlation=0.999439; identical region list=False; different source names; full-resolution grayscale correlation=0.980592,Supported,true
150_noise.jpg,train,original,150_noise.jpg,train,resize,resized_duplicate,same filename; 369x277->640x480; LANCZOS RGB MAE=6.3102; 64x64 luminance correlation=0.999078,Supported,true
151.jpg,train,original,2800.jpg,test,original,unresolved_candidate,256-bit dHash distance=10; 64x64 luminance correlation=0.978110; identical region list=False; different source names,Candidate,false
151.jpg,train,original,151.jpg,train,resize,resized_duplicate,same filename; 369x277->640x480; LANCZOS RGB MAE=5.2563; 64x64 luminance correlation=0.999159,Supported,true
151.jpg,train,original,151_brightness.jpg,train,original,augmentation_derivative,same suffix-normalized family=151; 64x64 correlation=0.998367; identical polygons=True,Strongly Supported,true
151.jpg,train,original,151_noise.jpg,train,original,augmentation_derivative,same suffix-normalized family=151; 64x64 correlation=0.999469; identical polygons=True,Strongly Supported,true
151_brightness.jpg,train,original,2800.jpg,test,original,unresolved_candidate,256-bit dHash distance=11; 64x64 luminance correlation=0.976088; identical region list=False; different source names,Candidate,false
151_brightness.jpg,train,original,151_brightness.jpg,train,resize,resized_duplicate,same filename; 369x277->640x480; LANCZOS RGB MAE=5.6454; 64x64 luminance correlation=0.999122,Supported,true
151_brightness.jpg,train,original,151_noise.jpg,train,original,augmentation_derivative,same suffix-normalized family=151; 64x64 correlation=0.997990; identical polygons=True,Strongly Supported,true
151_noise.jpg,train,original,151_noise.jpg,train,resize,resized_duplicate,same filename; 369x277->640x480; LANCZOS RGB MAE=6.6193; 64x64 luminance correlation=0.999146,Supported,true
1520_brightness.jpg,train,original,1520_brightness.jpg,train,resize,resized_duplicate,same filename; 369x277->640x480; LANCZOS RGB MAE=7.7643; 64x64 luminance correlation=0.999294,Supported,true
1520_brightness.jpg,train,original,1520_noise.jpg,train,original,augmentation_derivative,same suffix-normalized family=1520; 64x64 correlation=0.998348; identical polygons=True,Strongly Supported,true
1520_noise.jpg,train,original,1520_noise.jpg,train,resize,resized_duplicate,same filename; 369x277->640x480; LANCZOS RGB MAE=8.0698; 64x64 luminance correlation=0.999301,Supported,true
153.jpg,train,original,153.jpg,train,resize,resized_duplicate,same filename; 369x277->640x480; LANCZOS RGB MAE=4.3584; 64x64 luminance correlation=0.99939,Supported,true
153.jpg,train,original,153_brightness.jpg,train,original,augmentation_derivative,same suffix-normalized family=153; 64x64 correlation=0.998776; identical polygons=True,Strongly Supported,true
153.jpg,train,original,153_noise.jpg,train,original,augmentation_derivative,same suffix-normalized family=153; 64x64 correlation=0.999569; identical polygons=True,Strongly Supported,true
153_brightness.jpg,train,original,153_brightness.jpg,train,resize,resized_duplicate,same filename; 369x277->640x480; LANCZOS RGB MAE=4.7287; 64x64 luminance correlation=0.999459,Supported,true
153_brightness.jpg,train,original,153_noise.jpg,train,original,augmentation_derivative,same suffix-normalized family=153; 64x64 correlation=0.998687; identical polygons=True,Strongly Supported,true
153_noise.jpg,train,original,153_noise.jpg,train,resize,resized_duplicate,same filename; 369x277->640x480; LANCZOS RGB MAE=5.9034; 64x64 luminance correlation=0.999385,Supported,true
1540.jpg,train,original,1540.jpg,train,resize,resized_duplicate,same filename; 369x277->640x480; LANCZOS RGB MAE=4.2076; 64x64 luminance correlation=0.9989,Supported,true
1540.jpg,train,original,1540_brightness.jpg,train,original,augmentation_derivative,same suffix-normalized family=1540; 64x64 correlation=0.999415; identical polygons=True,Strongly Supported,true
1540.jpg,train,original,1540_noise.jpg,train,original,augmentation_derivative,same suffix-normalized family=1540; 64x64 correlation=0.999466; identical polygons=True,Strongly Supported,true
1540.jpg,train,original,2590_brightness.jpg,val,original,high_visual_similarity,256-bit dHash distance=2; 64x64 luminance correlation=0.999033; identical region list=False; different source names; full-resolution grayscale correlation=0.996786,Supported,true
1540_brightness.jpg,train,original,1540_brightness.jpg,train,resize,resized_duplicate,same filename; 369x277->640x480; LANCZOS RGB MAE=4.7118; 64x64 luminance correlation=0.998967,Supported,true
1540_brightness.jpg,train,original,1540_noise.jpg,train,original,augmentation_derivative,same suffix-normalized family=1540; 64x64 correlation=0.999041; identical polygons=True,Strongly Supported,true
1540_brightness.jpg,train,original,2590_brightness.jpg,val,original,high_visual_similarity,256-bit dHash distance=1; 64x64 luminance correlation=0.999615; identical region list=False; different source names; full-resolution grayscale correlation=0.997825,Supported,true
1540_noise.jpg,train,original,1540_noise.jpg,train,resize,resized_duplicate,same filename; 369x277->640x480; LANCZOS RGB MAE=5.8676; 64x64 luminance correlation=0.998923,Supported,true
1540_noise.jpg,train,original,2590_brightness.jpg,val,original,high_visual_similarity,256-bit dHash distance=7; 64x64 luminance correlation=0.998643; identical region list=False; different source names; full-resolution grayscale correlation=0.976559,Supported,true
1550.jpg,train,original,1550.jpg,train,resize,resized_duplicate,same filename; 369x277->640x480; LANCZOS RGB MAE=7.6942; 64x64 luminance correlation=0.999495,Supported,true
1550.jpg,train,original,1550_brightness.jpg,train,original,augmentation_derivative,same suffix-normalized family=1550; 64x64 correlation=0.996700; identical polygons=True,Strongly Supported,true
1550.jpg,train,original,1550_noise.jpg,val,original,augmentation_derivative,64x64 luminance correlation=0.999569; identical region list=True,Strongly Supported,true
1550_brightness.jpg,train,original,1550_brightness.jpg,train,resize,resized_duplicate,same filename; 369x277->640x480; LANCZOS RGB MAE=8.5349; 64x64 luminance correlation=0.999434,Supported,true
1550_brightness.jpg,train,original,1550_noise.jpg,val,original,augmentation_derivative,64x64 luminance correlation=0.996601; identical region list=True,Strongly Supported,true
1560.jpg,train,original,2640.jpg,test,original,high_visual_similarity,256-bit dHash distance=2; 64x64 luminance correlation=0.997382; identical region list=False; different source names; full-resolution grayscale correlation=0.995601,Supported,true
1560.jpg,train,original,1560.jpg,train,resize,resized_duplicate,same filename; 369x277->640x480; LANCZOS RGB MAE=3.7529; 64x64 luminance correlation=0.999664,Supported,true
1560.jpg,train,original,1560_brightness.jpg,val,original,augmentation_derivative,64x64 luminance correlation=0.999374; identical region list=True,Strongly Supported,true
1560.jpg,train,original,1560_noise.jpg,val,original,augmentation_derivative,64x64 luminance correlation=0.999517; identical region list=True,Strongly Supported,true
1560.jpg,train,original,2640_brightness.jpg,val,original,high_visual_similarity,256-bit dHash distance=4; 64x64 luminance correlation=0.996730; identical region list=False; different source names; full-resolution grayscale correlation=0.994368,Supported,true
1560.jpg,train,original,2640_noise.jpg,val,original,high_visual_similarity,256-bit dHash distance=7; 64x64 luminance correlation=0.996808; identical region list=False; different source names; full-resolution grayscale correlation=0.976663,Supported,true
1570.jpg,train,original,1570.jpg,train,resize,resized_duplicate,same filename; 369x277->640x480; LANCZOS RGB MAE=8.0988; 64x64 luminance correlation=0.999125,Supported,true
159.jpg,train,original,159.jpg,train,resize,resized_duplicate,same filename; 369x277->640x480; LANCZOS RGB MAE=4.0469; 64x64 luminance correlation=0.999309,Supported,true
159.jpg,train,original,159_brightness.jpg,train,original,augmentation_derivative,same suffix-normalized family=159; 64x64 correlation=0.997069; identical polygons=True,Strongly Supported,true
159.jpg,train,original,159_noise.jpg,train,original,augmentation_derivative,same suffix-normalized family=159; 64x64 correlation=0.999511; identical polygons=True,Strongly Supported,true
159_brightness.jpg,train,original,159_brightness.jpg,train,resize,resized_duplicate,same filename; 369x277->640x480; LANCZOS RGB MAE=4.3853; 64x64 luminance correlation=0.999331,Supported,true
159_brightness.jpg,train,original,159_noise.jpg,train,original,augmentation_derivative,same suffix-normalized family=159; 64x64 correlation=0.997330; identical polygons=True,Strongly Supported,true
159_noise.jpg,train,original,159_noise.jpg,train,resize,resized_duplicate,same filename; 369x277->640x480; LANCZOS RGB MAE=5.7607; 64x64 luminance correlation=0.999315,Supported,true
1610.jpg,train,original,1610.jpg,train,resize,resized_duplicate,same filename; 369x277->640x480; LANCZOS RGB MAE=10.0004; 64x64 luminance correlation=0.999154,Supported,true
1610.jpg,train,original,1610_brightness.jpg,train,original,augmentation_derivative,same suffix-normalized family=1610; 64x64 correlation=0.998452; identical polygons=True,Strongly Supported,true
1610.jpg,train,original,1610_noise.jpg,train,original,augmentation_derivative,same suffix-normalized family=1610; 64x64 correlation=0.999500; identical polygons=True,Strongly Supported,true
1610_brightness.jpg,train,original,1610_brightness.jpg,train,resize,resized_duplicate,same filename; 369x277->640x480; LANCZOS RGB MAE=11.0257; 64x64 luminance correlation=0.999198,Supported,true
1610_brightness.jpg,train,original,1610_noise.jpg,train,original,augmentation_derivative,same suffix-normalized family=1610; 64x64 correlation=0.998265; identical polygons=True,Strongly Supported,true
1610_noise.jpg,train,original,1610_noise.jpg,train,resize,resized_duplicate,same filename; 369x277->640x480; LANCZOS RGB MAE=11.0355; 64x64 luminance correlation=0.999185,Supported,true
162.jpg,train,original,3030.jpg,test,original,unresolved_candidate,256-bit dHash distance=11; 64x64 luminance correlation=0.966852; identical region list=False; different source names,Candidate,false
162.jpg,train,original,162.jpg,train,resize,resized_duplicate,same filename; 369x277->640x480; LANCZOS RGB MAE=7.7719; 64x64 luminance correlation=0.999376,Supported,true
162.jpg,train,original,162_brightness.jpg,train,original,augmentation_derivative,same suffix-normalized family=162; 64x64 correlation=0.998075; identical polygons=True,Strongly Supported,true
162.jpg,train,original,162_noise.jpg,train,original,augmentation_derivative,same suffix-normalized family=162; 64x64 correlation=0.999627; identical polygons=True,Strongly Supported,true
162_brightness.jpg,train,original,162_brightness.jpg,train,resize,resized_duplicate,same filename; 369x277->640x480; LANCZOS RGB MAE=8.3649; 64x64 luminance correlation=0.999377,Supported,true
162_brightness.jpg,train,original,162_noise.jpg,train,original,augmentation_derivative,same suffix-normalized family=162; 64x64 correlation=0.997829; identical polygons=True,Strongly Supported,true
162_noise.jpg,train,original,162_noise.jpg,train,resize,resized_duplicate,same filename; 369x277->640x480; LANCZOS RGB MAE=8.7041; 64x64 luminance correlation=0.999389,Supported,true
163.jpg,train,original,163.jpg,train,resize,resized_duplicate,same filename; 369x277->640x480; LANCZOS RGB MAE=6.8602; 64x64 luminance correlation=0.999429,Supported,true
163.jpg,train,original,163_brightness.jpg,train,original,augmentation_derivative,same suffix-normalized family=163; 64x64 correlation=0.999270; identical polygons=True,Strongly Supported,true
163.jpg,train,original,163_noise.jpg,train,original,augmentation_derivative,same suffix-normalized family=163; 64x64 correlation=0.999515; identical polygons=True,Strongly Supported,true
163_brightness.jpg,train,original,163_brightness.jpg,train,resize,resized_duplicate,same filename; 369x277->640x480; LANCZOS RGB MAE=7.5916; 64x64 luminance correlation=0.999447,Supported,true
163_brightness.jpg,train,original,163_noise.jpg,train,original,augmentation_derivative,same suffix-normalized family=163; 64x64 correlation=0.998914; identical polygons=True,Strongly Supported,true
163_noise.jpg,train,original,163_noise.jpg,train,resize,resized_duplicate,same filename; 369x277->640x480; LANCZOS RGB MAE=8.0383; 64x64 luminance correlation=0.99943,Supported,true
1640.jpg,train,original,3100.jpg,test,original,high_visual_similarity,256-bit dHash distance=3; 64x64 luminance correlation=0.996983; identical region list=False; different source names; full-resolution grayscale correlation=0.984046; Stage 2B-4H B01 human accepted same-source relation; physical acquisition ID unverified,Strongly Supported,true
1640.jpg,train,original,1640.jpg,train,resize,resized_duplicate,same filename; 369x277->640x480; LANCZOS RGB MAE=9.1689; 64x64 luminance correlation=0.999141,Supported,true
165.jpg,train,original,165.jpg,train,resize,resized_duplicate,same filename; 277x369->480x640; LANCZOS RGB MAE=4.1246; 64x64 luminance correlation=0.999658,Supported,true
167.jpg,train,original,167.jpg,train,resize,resized_duplicate,same filename; 277x369->480x640; LANCZOS RGB MAE=5.5139; 64x64 luminance correlation=0.999584,Supported,true
168.jpg,train,original,168.jpg,train,resize,resized_duplicate,same filename; 277x369->480x640; LANCZOS RGB MAE=9.7821; 64x64 luminance correlation=0.999083,Supported,true
1690.jpg,train,original,1690.jpg,train,resize,resized_duplicate,same filename; 277x369->480x640; LANCZOS RGB MAE=7.1439; 64x64 luminance correlation=0.9992,Supported,true
17.jpg,train,original,17.jpg,train,resize,resized_duplicate,same filename; 369x277->640x480; LANCZOS RGB MAE=10.0003; 64x64 luminance correlation=0.998671,Supported,true
172_brightness.jpg,train,original,172_brightness.jpg,train,resize,same_source_companion,same filename; 277x326->480x640; LANCZOS RGB MAE=39.1184; 64x64 luminance correlation=0.772601; Stage 2B-4H human accepted same-source companion; deterministic resize equivalence unresolved; dataset-provided resize excluded from formal experiments,Unresolved,false
172_brightness.jpg,train,original,172_noise.jpg,val,original,augmentation_derivative,64x64 luminance correlation=0.999184; identical region list=True,Strongly Supported,true
173.jpg,train,original,173.jpg,train,resize,resized_duplicate,same filename; 277x369->480x640; LANCZOS RGB MAE=4.4824; 64x64 luminance correlation=0.999568,Supported,true
1740.jpg,train,original,1740.jpg,train,resize,resized_duplicate,same filename; 277x369->480x640; LANCZOS RGB MAE=4.374; 64x64 luminance correlation=0.999781,Supported,true
1740.jpg,train,original,1740_brightness.jpg,train,original,augmentation_derivative,same suffix-normalized family=1740; 64x64 correlation=0.999734; identical polygons=True,Strongly Supported,true
1740.jpg,train,original,1740_noise.jpg,train,original,augmentation_derivative,same suffix-normalized family=1740; 64x64 correlation=0.999704; identical polygons=True,Strongly Supported,true
1740_brightness.jpg,train,original,1740_brightness.jpg,train,resize,resized_duplicate,same filename; 277x369->480x640; LANCZOS RGB MAE=4.8962; 64x64 luminance correlation=0.999787,Supported,true
1740_brightness.jpg,train,original,1740_noise.jpg,train,original,augmentation_derivative,same suffix-normalized family=1740; 64x64 correlation=0.999476; identical polygons=True,Strongly Supported,true
1740_noise.jpg,train,original,1740_noise.jpg,train,resize,resized_duplicate,same filename; 277x369->480x640; LANCZOS RGB MAE=5.9449; 64x64 luminance correlation=0.999778,Supported,true
1770.jpg,train,original,1770.jpg,train,resize,resized_duplicate,same filename; 277x369->480x640; LANCZOS RGB MAE=9.3723; 64x64 luminance correlation=0.999201,Supported,true
1770.jpg,train,original,1770_brightness.jpg,train,original,augmentation_derivative,same suffix-normalized family=1770; 64x64 correlation=0.995385; identical polygons=True,Strongly Supported,true
1770.jpg,train,original,1770_noise.jpg,val,original,augmentation_derivative,64x64 luminance correlation=0.999322; identical region list=True,Strongly Supported,true
1770_brightness.jpg,train,original,1770_brightness.jpg,train,resize,resized_duplicate,same filename; 277x369->480x640; LANCZOS RGB MAE=10.4113; 64x64 luminance correlation=0.999099,Supported,true
1770_brightness.jpg,train,original,1770_noise.jpg,val,original,augmentation_derivative,64x64 luminance correlation=0.995345; identical region list=True,Strongly Supported,true
1780.jpg,train,original,1780.jpg,train,resize,resized_duplicate,same filename; 277x369->480x640; LANCZOS RGB MAE=5.255; 64x64 luminance correlation=0.999596,Supported,true
1780.jpg,train,original,1780_brightness.jpg,train,original,augmentation_derivative,same suffix-normalized family=1780; 64x64 correlation=0.999714; identical polygons=True,Strongly Supported,true
1780.jpg,train,original,1780_noise.jpg,train,original,augmentation_derivative,same suffix-normalized family=1780; 64x64 correlation=0.999400; identical polygons=True,Strongly Supported,true
1780_brightness.jpg,train,original,1780_brightness.jpg,train,resize,resized_duplicate,same filename; 277x369->480x640; LANCZOS RGB MAE=5.9584; 64x64 luminance correlation=0.999618,Supported,true
1780_brightness.jpg,train,original,1780_noise.jpg,train,original,augmentation_derivative,same suffix-normalized family=1780; 64x64 correlation=0.999173; identical polygons=True,Strongly Supported,true
1780_noise.jpg,train,original,1780_noise.jpg,train,resize,resized_duplicate,same filename; 277x369->480x640; LANCZOS RGB MAE=6.5697; 64x64 luminance correlation=0.99961,Supported,true
1790.jpg,train,original,1790.jpg,train,resize,resized_duplicate,same filename; 277x369->480x640; LANCZOS RGB MAE=6.5738; 64x64 luminance correlation=0.999423,Supported,true
1790.jpg,train,original,1790_brightness.jpg,train,original,augmentation_derivative,same suffix-normalized family=1790; 64x64 correlation=0.999615; identical polygons=True,Strongly Supported,true
1790.jpg,train,original,1790_noise.jpg,train,original,augmentation_derivative,same suffix-normalized family=1790; 64x64 correlation=0.999353; identical polygons=True,Strongly Supported,true
1790_brightness.jpg,train,original,1790_brightness.jpg,train,resize,resized_duplicate,same filename; 277x369->480x640; LANCZOS RGB MAE=7.4661; 64x64 luminance correlation=0.999446,Supported,true
1790_brightness.jpg,train,original,1790_noise.jpg,train,original,augmentation_derivative,same suffix-normalized family=1790; 64x64 correlation=0.999046; identical polygons=True,Strongly Supported,true
1790_noise.jpg,train,original,1790_noise.jpg,train,resize,resized_duplicate,same filename; 277x369->480x640; LANCZOS RGB MAE=7.7519; 64x64 luminance correlation=0.999436,Supported,true
1800.jpg,train,original,1800.jpg,train,resize,resized_duplicate,same filename; 277x369->480x640; LANCZOS RGB MAE=7.4906; 64x64 luminance correlation=0.998991,Supported,true
1810.jpg,train,original,1810.jpg,train,resize,resized_duplicate,same filename; 277x369->480x640; LANCZOS RGB MAE=7.8463; 64x64 luminance correlation=0.999295,Supported,true
1830.jpg,train,original,1830.jpg,train,resize,resized_duplicate,same filename; 277x369->480x640; LANCZOS RGB MAE=3.7565; 64x64 luminance correlation=0.999605,Supported,true
1830.jpg,train,original,1830_brightness.jpg,train,original,augmentation_derivative,same suffix-normalized family=1830; 64x64 correlation=0.998185; identical polygons=True,Strongly Supported,true
1830_brightness.jpg,train,original,1830_brightness.jpg,train,resize,resized_duplicate,same filename; 277x369->480x640; LANCZOS RGB MAE=4.1911; 64x64 luminance correlation=0.99959,Supported,true
185.jpg,train,original,185.jpg,train,resize,resized_duplicate,same filename; 277x369->480x640; LANCZOS RGB MAE=4.8213; 64x64 luminance correlation=0.999545,Supported,true
186.jpg,train,original,186.jpg,train,resize,resized_duplicate,same filename; 277x369->480x640; LANCZOS RGB MAE=4.5987; 64x64 luminance correlation=0.999549,Supported,true
1880.jpg,train,original,1880.jpg,train,resize,resized_duplicate,same filename; 369x277->640x480; LANCZOS RGB MAE=5.6709; 64x64 luminance correlation=0.999309,Supported,true
189.jpg,train,original,189.jpg,train,resize,resized_duplicate,same filename; 277x369->480x640; LANCZOS RGB MAE=5.1131; 64x64 luminance correlation=0.999308,Supported,true
19.jpg,train,original,19.jpg,train,resize,resized_duplicate,same filename; 369x277->640x480; LANCZOS RGB MAE=11.7211; 64x64 luminance correlation=0.998831,Supported,true
19.jpg,train,original,19_brightness.jpg,train,original,augmentation_derivative,same suffix-normalized family=19; 64x64 correlation=0.996015; identical polygons=True,Strongly Supported,true
190.jpg,train,original,190.jpg,train,resize,resized_duplicate,same filename; 277x369->480x640; LANCZOS RGB MAE=12.1867; 64x64 luminance correlation=0.999444,Supported,true
1910.jpg,train,original,1910.jpg,train,resize,resized_duplicate,same filename; 277x369->480x640; LANCZOS RGB MAE=11.1192; 64x64 luminance correlation=0.999033,Supported,true
1910.jpg,train,original,1910_brightness.jpg,train,original,augmentation_derivative,same suffix-normalized family=1910; 64x64 correlation=0.997401; identical polygons=True,Strongly Supported,true
1910_brightness.jpg,train,original,1910_brightness.jpg,train,resize,resized_duplicate,same filename; 277x369->480x640; LANCZOS RGB MAE=12.2591; 64x64 luminance correlation=0.998987,Supported,true
192.jpg,train,original,192.jpg,train,resize,resized_duplicate,same filename; 369x277->640x480; LANCZOS RGB MAE=10.3951; 64x64 luminance correlation=0.998745,Supported,true
192.jpg,train,original,192_noise.jpg,train,original,augmentation_derivative,same suffix-normalized family=192; 64x64 correlation=0.999681; identical polygons=True,Strongly Supported,true
192.jpg,train,original,192_brightness.jpg,val,original,augmentation_derivative,64x64 luminance correlation=0.998308; identical region list=True,Strongly Supported,true
192_noise.jpg,train,original,192_noise.jpg,train,resize,resized_duplicate,same filename; 369x277->640x480; LANCZOS RGB MAE=11.3568; 64x64 luminance correlation=0.998769,Supported,true
192_noise.jpg,train,original,192_brightness.jpg,val,original,augmentation_derivative,64x64 luminance correlation=0.998297; identical region list=True,Strongly Supported,true
193.jpg,train,original,193.jpg,train,resize,resized_duplicate,same filename; 369x277->640x480; LANCZOS RGB MAE=4.7545; 64x64 luminance correlation=0.999453,Supported,true
194.jpg,train,original,194.jpg,train,resize,resized_duplicate,same filename; 369x277->640x480; LANCZOS RGB MAE=6.4563; 64x64 luminance correlation=0.998839,Supported,true
194.jpg,train,original,194_brightness.jpg,train,original,augmentation_derivative,same suffix-normalized family=194; 64x64 correlation=0.995366; identical polygons=True,Strongly Supported,true
194.jpg,train,original,194_noise.jpg,val,original,augmentation_derivative,64x64 luminance correlation=0.999435; identical region list=True,Strongly Supported,true
194_brightness.jpg,train,original,194_brightness.jpg,train,resize,resized_duplicate,same filename; 369x277->640x480; LANCZOS RGB MAE=7.1537; 64x64 luminance correlation=0.998913,Supported,true
194_brightness.jpg,train,original,194_noise.jpg,val,original,augmentation_derivative,64x64 luminance correlation=0.995840; identical region list=True,Strongly Supported,true
195.jpg,train,original,195.jpg,train,resize,resized_duplicate,same filename; 369x277->640x480; LANCZOS RGB MAE=7.9513; 64x64 luminance correlation=0.999324,Supported,true
196.jpg,train,original,196.jpg,train,resize,resized_duplicate,same filename; 277x369->480x640; LANCZOS RGB MAE=9.4517; 64x64 luminance correlation=0.999339,Supported,true
1970.jpg,train,original,1970.jpg,train,resize,resized_duplicate,same filename; 277x369->480x640; LANCZOS RGB MAE=6.4481; 64x64 luminance correlation=0.999385,Supported,true
1980.jpg,train,original,1980.jpg,train,resize,resized_duplicate,same filename; 277x369->480x640; LANCZOS RGB MAE=8.1806; 64x64 luminance correlation=0.99917,Supported,true
1990.jpg,train,original,1990.jpg,train,resize,resized_duplicate,same filename; 277x369->480x640; LANCZOS RGB MAE=7.9429; 64x64 luminance correlation=0.99944,Supported,true
19_brightness.jpg,train,original,19_brightness.jpg,train,resize,resized_duplicate,same filename; 369x277->640x480; LANCZOS RGB MAE=12.5996; 64x64 luminance correlation=0.998732,Supported,true
20.jpg,train,original,20.jpg,train,resize,resized_duplicate,same filename; 369x277->640x480; LANCZOS RGB MAE=9.9671; 64x64 luminance correlation=0.998901,Supported,true
200.jpg,train,original,200.jpg,train,resize,resized_duplicate,same filename; 277x369->480x640; LANCZOS RGB MAE=10.1057; 64x64 luminance correlation=0.998912,Supported,true
20000.jpg,train,original,20000.jpg,train,resize,resized_duplicate,same filename; 369x277->640x480; LANCZOS RGB MAE=8.2113; 64x64 luminance correlation=0.998957,Supported,true
2010.jpg,train,original,2010.jpg,train,resize,resized_duplicate,same filename; 277x369->480x640; LANCZOS RGB MAE=7.895; 64x64 luminance correlation=0.999274,Supported,true
2030.jpg,train,original,2030.jpg,train,resize,resized_duplicate,same filename; 277x369->480x640; LANCZOS RGB MAE=7.7182; 64x64 luminance correlation=0.999341,Supported,true
2040_noise.jpg,train,original,2040_noise.jpg,train,resize,resized_duplicate,same filename; 369x277->640x480; LANCZOS RGB MAE=7.0149; 64x64 luminance correlation=0.999434,Supported,true
2040_noise.jpg,train,original,2040_brightness.jpg,val,original,augmentation_derivative,64x64 luminance correlation=0.995814; identical region list=True,Strongly Supported,true
207.jpg,train,original,207.jpg,train,resize,resized_duplicate,same filename; 369x277->640x480; LANCZOS RGB MAE=5.3991; 64x64 luminance correlation=0.999255,Supported,true
207.jpg,train,original,207_brightness.jpg,train,original,augmentation_derivative,same suffix-normalized family=207; 64x64 correlation=0.999333; identical polygons=True,Strongly Supported,true
207.jpg,train,original,207_noise.jpg,val,original,augmentation_derivative,64x64 luminance correlation=0.999406; identical region list=True,Strongly Supported,true
207_brightness.jpg,train,original,207_brightness.jpg,train,resize,resized_duplicate,same filename; 369x277->640x480; LANCZOS RGB MAE=5.8981; 64x64 luminance correlation=0.999255,Supported,true
207_brightness.jpg,train,original,207_noise.jpg,val,original,augmentation_derivative,64x64 luminance correlation=0.998940; identical region list=True,Strongly Supported,true
2080.jpg,train,original,2080.jpg,train,resize,resized_duplicate,same filename; 369x277->640x480; LANCZOS RGB MAE=10.7372; 64x64 luminance correlation=0.998797,Supported,true
2080.jpg,train,original,2080_brightness.jpg,train,original,augmentation_derivative,same suffix-normalized family=2080; 64x64 correlation=0.998235; identical polygons=True,Strongly Supported,true
2080.jpg,train,original,2080_noise.jpg,train,original,augmentation_derivative,same suffix-normalized family=2080; 64x64 correlation=0.999352; identical polygons=True,Strongly Supported,true
2080_brightness.jpg,train,original,2080_brightness.jpg,train,resize,resized_duplicate,same filename; 369x277->640x480; LANCZOS RGB MAE=11.5245; 64x64 luminance correlation=0.998818,Supported,true
2080_brightness.jpg,train,original,2080_noise.jpg,train,original,augmentation_derivative,same suffix-normalized family=2080; 64x64 correlation=0.997749; identical polygons=True,Strongly Supported,true
2080_noise.jpg,train,original,2080_noise.jpg,train,resize,resized_duplicate,same filename; 369x277->640x480; LANCZOS RGB MAE=11.7967; 64x64 luminance correlation=0.99883,Supported,true
209.jpg,train,original,209.jpg,train,resize,resized_duplicate,same filename; 369x277->640x480; LANCZOS RGB MAE=8.0588; 64x64 luminance correlation=0.999174,Supported,true
21.jpg,train,original,21.jpg,train,resize,resized_duplicate,same filename; 369x277->640x480; LANCZOS RGB MAE=9.6173; 64x64 luminance correlation=0.999006,Supported,true
21.jpg,train,original,21_brightness.jpg,train,original,augmentation_derivative,same suffix-normalized family=21; 64x64 correlation=0.997845; identical polygons=True,Strongly Supported,true
2110.jpg,train,original,2110.jpg,train,resize,resized_duplicate,same filename; 369x277->640x480; LANCZOS RGB MAE=5.9304; 64x64 luminance correlation=0.999212,Supported,true
2120.jpg,train,original,2120.jpg,train,resize,resized_duplicate,same filename; 369x277->640x480; LANCZOS RGB MAE=7.1419; 64x64 luminance correlation=0.999231,Supported,true
213.jpg,train,original,213.jpg,train,resize,resized_duplicate,same filename; 369x277->640x480; LANCZOS RGB MAE=6.6023; 64x64 luminance correlation=0.999214,Supported,true
214.jpg,train,original,214.jpg,train,resize,resized_duplicate,same filename; 369x277->640x480; LANCZOS RGB MAE=11.6656; 64x64 luminance correlation=0.999265,Supported,true
216.jpg,train,original,216.jpg,train,resize,resized_duplicate,same filename; 369x277->640x480; LANCZOS RGB MAE=6.2963; 64x64 luminance correlation=0.999307,Supported,true
2170.jpg,train,original,2170.jpg,train,resize,resized_duplicate,same filename; 369x277->640x480; LANCZOS RGB MAE=3.8257; 64x64 luminance correlation=0.999601,Supported,true
2170.jpg,train,original,2170_brightness.jpg,train,original,augmentation_derivative,same suffix-normalized family=2170; 64x64 correlation=0.999814; identical polygons=True,Strongly Supported,true
2170.jpg,train,original,2170_noise.jpg,train,original,augmentation_derivative,same suffix-normalized family=2170; 64x64 correlation=0.999495; identical polygons=True,Strongly Supported,true
2170_brightness.jpg,train,original,2170_brightness.jpg,train,resize,resized_duplicate,same filename; 369x277->640x480; LANCZOS RGB MAE=4.2955; 64x64 luminance correlation=0.999599,Supported,true
2170_brightness.jpg,train,original,2170_noise.jpg,train,original,augmentation_derivative,same suffix-normalized family=2170; 64x64 correlation=0.999369; identical polygons=True,Strongly Supported,true
2170_noise.jpg,train,original,2170_noise.jpg,train,resize,resized_duplicate,same filename; 369x277->640x480; LANCZOS RGB MAE=5.5528; 64x64 luminance correlation=0.999594,Supported,true
2180.jpg,train,original,2180.jpg,train,resize,resized_duplicate,same filename; 369x277->640x480; LANCZOS RGB MAE=4.3661; 64x64 luminance correlation=0.99927,Supported,true
2190.jpg,train,original,2190.jpg,train,resize,resized_duplicate,same filename; 369x277->640x480; LANCZOS RGB MAE=5.5287; 64x64 luminance correlation=0.999095,Supported,true
2190.jpg,train,original,2190_brightness.jpg,train,original,augmentation_derivative,same suffix-normalized family=2190; 64x64 correlation=0.998976; identical polygons=True,Strongly Supported,true
2190.jpg,train,original,2190_noise.jpg,train,original,augmentation_derivative,same suffix-normalized family=2190; 64x64 correlation=0.999283; identical polygons=True,Strongly Supported,true
2190_brightness.jpg,train,original,2190_brightness.jpg,train,resize,resized_duplicate,same filename; 369x277->640x480; LANCZOS RGB MAE=6.204; 64x64 luminance correlation=0.999078,Supported,true
2190_brightness.jpg,train,original,2190_noise.jpg,train,original,augmentation_derivative,same suffix-normalized family=2190; 64x64 correlation=0.998426; identical polygons=True,Strongly Supported,true
2190_noise.jpg,train,original,2190_noise.jpg,train,resize,resized_duplicate,same filename; 369x277->640x480; LANCZOS RGB MAE=6.8992; 64x64 luminance correlation=0.999093,Supported,true
21_brightness.jpg,train,original,21_brightness.jpg,train,resize,resized_duplicate,same filename; 369x277->640x480; LANCZOS RGB MAE=10.2684; 64x64 luminance correlation=0.998957,Supported,true
2200.jpg,train,original,2200.jpg,train,resize,resized_duplicate,same filename; 369x277->640x480; LANCZOS RGB MAE=4.7786; 64x64 luminance correlation=0.999396,Supported,true
2200.jpg,train,original,2200_noise.jpg,train,original,augmentation_derivative,same suffix-normalized family=2200; 64x64 correlation=0.999403; identical polygons=True,Strongly Supported,true
2200.jpg,train,original,2200_brightness.jpg,val,original,augmentation_derivative,64x64 luminance correlation=0.998967; identical region list=True,Strongly Supported,true
2200_noise.jpg,train,original,2200_noise.jpg,train,resize,resized_duplicate,same filename; 369x277->640x480; LANCZOS RGB MAE=6.2051; 64x64 luminance correlation=0.999393,Supported,true
2200_noise.jpg,train,original,2200_brightness.jpg,val,original,augmentation_derivative,64x64 luminance correlation=0.998494; identical region list=True,Strongly Supported,true
2210_noise.jpg,train,original,2210_noise.jpg,train,resize,resized_duplicate,same filename; 369x277->640x480; LANCZOS RGB MAE=6.1477; 64x64 luminance correlation=0.999518,Supported,true
2210_noise.jpg,train,original,2210_brightness.jpg,val,original,augmentation_derivative,64x64 luminance correlation=0.998905; identical region list=True,Strongly Supported,true
2220.jpg,train,original,2220.jpg,train,resize,resized_duplicate,same filename; 369x277->640x480; LANCZOS RGB MAE=5.8342; 64x64 luminance correlation=0.99926,Supported,true
2220.jpg,train,original,2220_brightness.jpg,train,original,augmentation_derivative,same suffix-normalized family=2220; 64x64 correlation=0.998547; identical polygons=True,Strongly Supported,true
2220.jpg,train,original,2220_noise.jpg,train,original,augmentation_derivative,same suffix-normalized family=2220; 64x64 correlation=0.999503; identical polygons=True,Strongly Supported,true
2220_brightness.jpg,train,original,2220_brightness.jpg,train,resize,resized_duplicate,same filename; 369x277->640x480; LANCZOS RGB MAE=6.4136; 64x64 luminance correlation=0.99924,Supported,true
2220_brightness.jpg,train,original,2220_noise.jpg,train,original,augmentation_derivative,same suffix-normalized family=2220; 64x64 correlation=0.998198; identical polygons=True,Strongly Supported,true
2220_noise.jpg,train,original,2220_noise.jpg,train,resize,resized_duplicate,same filename; 369x277->640x480; LANCZOS RGB MAE=7.1142; 64x64 luminance correlation=0.999257,Supported,true
223.jpg,train,original,223.jpg,train,resize,resized_duplicate,same filename; 369x277->640x480; LANCZOS RGB MAE=3.8167; 64x64 luminance correlation=0.999379,Supported,true
223.jpg,train,original,223_brightness.jpg,train,original,augmentation_derivative,same suffix-normalized family=223; 64x64 correlation=0.996026; identical polygons=True,Strongly Supported,true
223.jpg,train,original,223_noise.jpg,val,original,augmentation_derivative,64x64 luminance correlation=0.999561; identical region list=True,Strongly Supported,true
223_brightness.jpg,train,original,223_brightness.jpg,train,resize,resized_duplicate,same filename; 369x277->640x480; LANCZOS RGB MAE=4.1213; 64x64 luminance correlation=0.999407,Supported,true
223_brightness.jpg,train,original,223_noise.jpg,val,original,augmentation_derivative,64x64 luminance correlation=0.996808; identical region list=True,Strongly Supported,true
2240.jpg,train,original,2240.jpg,train,resize,resized_duplicate,same filename; 369x277->640x480; LANCZOS RGB MAE=12.927; 64x64 luminance correlation=0.998827,Supported,true
2240.jpg,train,original,2240_brightness.jpg,train,original,augmentation_derivative,same suffix-normalized family=2240; 64x64 correlation=0.996192; identical polygons=True,Strongly Supported,true
2240.jpg,train,original,2240_noise.jpg,train,original,augmentation_derivative,same suffix-normalized family=2240; 64x64 correlation=0.999379; identical polygons=True,Strongly Supported,true
2240_brightness.jpg,train,original,2240_brightness.jpg,train,resize,resized_duplicate,same filename; 369x277->640x480; LANCZOS RGB MAE=14.0448; 64x64 luminance correlation=0.998724,Supported,true
2240_brightness.jpg,train,original,2240_noise.jpg,train,original,augmentation_derivative,same suffix-normalized family=2240; 64x64 correlation=0.995898; identical polygons=True,Strongly Supported,true
2240_noise.jpg,train,original,2240_noise.jpg,train,resize,resized_duplicate,same filename; 369x277->640x480; LANCZOS RGB MAE=13.5042; 64x64 luminance correlation=0.998813,Supported,true
2250.jpg,train,original,2250.jpg,train,resize,resized_duplicate,same filename; 369x277->640x480; LANCZOS RGB MAE=5.458; 64x64 luminance correlation=0.9995,Supported,true
2250.jpg,train,original,2250_brightness.jpg,train,original,augmentation_derivative,same suffix-normalized family=2250; 64x64 correlation=0.999780; identical polygons=True,Strongly Supported,true
2250.jpg,train,original,2250_noise.jpg,train,original,augmentation_derivative,same suffix-normalized family=2250; 64x64 correlation=0.999524; identical polygons=True,Strongly Supported,true
2250_brightness.jpg,train,original,2250_brightness.jpg,train,resize,resized_duplicate,same filename; 369x277->640x480; LANCZOS RGB MAE=6.0783; 64x64 luminance correlation=0.999509,Supported,true
2250_brightness.jpg,train,original,2250_noise.jpg,train,original,augmentation_derivative,same suffix-normalized family=2250; 64x64 correlation=0.999368; identical polygons=True,Strongly Supported,true
2250_noise.jpg,train,original,2250_noise.jpg,train,resize,resized_duplicate,same filename; 369x277->640x480; LANCZOS RGB MAE=6.8146; 64x64 luminance correlation=0.999496,Supported,true
226.jpg,train,original,226.jpg,train,resize,resized_duplicate,same filename; 369x277->640x480; LANCZOS RGB MAE=7.5448; 64x64 luminance correlation=0.999543,Supported,true
226.jpg,train,original,226_brightness.jpg,train,original,augmentation_derivative,same suffix-normalized family=226; 64x64 correlation=0.999443; identical polygons=True,Strongly Supported,true
226.jpg,train,original,226_noise.jpg,train,original,augmentation_derivative,same suffix-normalized family=226; 64x64 correlation=0.999525; identical polygons=True,Strongly Supported,true
226_brightness.jpg,train,original,226_brightness.jpg,train,resize,resized_duplicate,same filename; 369x277->640x480; LANCZOS RGB MAE=8.3554; 64x64 luminance correlation=0.99956,Supported,true
226_brightness.jpg,train,original,226_noise.jpg,train,original,augmentation_derivative,same suffix-normalized family=226; 64x64 correlation=0.999010; identical polygons=True,Strongly Supported,true
226_noise.jpg,train,original,226_noise.jpg,train,resize,resized_duplicate,same filename; 369x277->640x480; LANCZOS RGB MAE=8.9298; 64x64 luminance correlation=0.999558,Supported,true
227_noise.jpg,train,original,227_noise.jpg,train,resize,resized_duplicate,same filename; 369x277->640x480; LANCZOS RGB MAE=6.9375; 64x64 luminance correlation=0.999518,Supported,true
227_noise.jpg,train,original,227_brightness.jpg,val,original,augmentation_derivative,64x64 luminance correlation=0.998302; identical region list=True,Strongly Supported,true
2280.jpg,train,original,2280.jpg,train,resize,resized_duplicate,same filename; 369x277->640x480; LANCZOS RGB MAE=5.758; 64x64 luminance correlation=0.999143,Supported,true
2280.jpg,train,original,2280_brightness.jpg,train,original,augmentation_derivative,same suffix-normalized family=2280; 64x64 correlation=0.997571; identical polygons=True,Strongly Supported,true
2280.jpg,train,original,2280_noise.jpg,train,original,augmentation_derivative,same suffix-normalized family=2280; 64x64 correlation=0.999296; identical polygons=True,Strongly Supported,true
2280_brightness.jpg,train,original,2280_brightness.jpg,train,resize,resized_duplicate,same filename; 369x277->640x480; LANCZOS RGB MAE=6.3666; 64x64 luminance correlation=0.999097,Supported,true
2280_brightness.jpg,train,original,2280_noise.jpg,train,original,augmentation_derivative,same suffix-normalized family=2280; 64x64 correlation=0.997311; identical polygons=True,Strongly Supported,true
2280_noise.jpg,train,original,2280_noise.jpg,train,resize,resized_duplicate,same filename; 369x277->640x480; LANCZOS RGB MAE=7.3741; 64x64 luminance correlation=0.999151,Supported,true
2300.jpg,train,original,2300.jpg,train,resize,resized_duplicate,same filename; 369x277->640x480; LANCZOS RGB MAE=6.2445; 64x64 luminance correlation=0.999411,Supported,true
23000.jpg,train,original,23000.jpg,train,resize,resized_duplicate,same filename; 369x277->640x480; LANCZOS RGB MAE=11.2629; 64x64 luminance correlation=0.998392,Supported,true
231.jpg,train,original,231.jpg,train,resize,resized_duplicate,same filename; 369x277->640x480; LANCZOS RGB MAE=10.0408; 64x64 luminance correlation=0.998656,Supported,true
2330.jpg,train,original,2330.jpg,train,resize,resized_duplicate,same filename; 369x277->640x480; LANCZOS RGB MAE=3.865; 64x64 luminance correlation=0.999539,Supported,true
2330.jpg,train,original,2330_brightness.jpg,train,original,augmentation_derivative,same suffix-normalized family=2330; 64x64 correlation=0.999606; identical polygons=True,Strongly Supported,true
2330.jpg,train,original,2330_noise.jpg,train,original,augmentation_derivative,same suffix-normalized family=2330; 64x64 correlation=0.999639; identical polygons=True,Strongly Supported,true
2330_brightness.jpg,train,original,2330_brightness.jpg,train,resize,resized_duplicate,same filename; 369x277->640x480; LANCZOS RGB MAE=4.2472; 64x64 luminance correlation=0.999537,Supported,true
2330_brightness.jpg,train,original,2330_noise.jpg,train,original,augmentation_derivative,same suffix-normalized family=2330; 64x64 correlation=0.999308; identical polygons=True,Strongly Supported,true
2330_noise.jpg,train,original,2330_noise.jpg,train,resize,resized_duplicate,same filename; 369x277->640x480; LANCZOS RGB MAE=5.5709; 64x64 luminance correlation=0.99954,Supported,true
2340.jpg,train,original,1270.jpg,test,original,high_visual_similarity,256-bit dHash distance=7; 64x64 luminance correlation=0.995166; identical region list=False; different source names; full-resolution grayscale correlation=0.989091; Stage 2B-4H B02 human accepted same-source relation; physical acquisition ID unverified,Strongly Supported,true
2340.jpg,train,original,2340.jpg,train,resize,resized_duplicate,same filename; 369x277->640x480; LANCZOS RGB MAE=4.3736; 64x64 luminance correlation=0.999589,Supported,true
2340.jpg,train,original,2340_brightness.jpg,train,original,augmentation_derivative,same suffix-normalized family=2340; 64x64 correlation=0.999257; identical polygons=True,Strongly Supported,true
2340.jpg,train,original,2340_noise.jpg,val,original,augmentation_derivative,64x64 luminance correlation=0.999515; identical region list=True,Strongly Supported,true
2340_brightness.jpg,train,original,1270.jpg,test,original,unresolved_candidate,256-bit dHash distance=8; 64x64 luminance correlation=0.994344; identical region list=False; different source names,Candidate,false
2340_brightness.jpg,train,original,2340_brightness.jpg,train,resize,resized_duplicate,same filename; 369x277->640x480; LANCZOS RGB MAE=4.9445; 64x64 luminance correlation=0.999576,Supported,true
2340_brightness.jpg,train,original,2340_noise.jpg,val,original,augmentation_derivative,64x64 luminance correlation=0.998849; identical region list=True,Strongly Supported,true
2350.jpg,train,original,2350.jpg,train,resize,resized_duplicate,same filename; 369x277->640x480; LANCZOS RGB MAE=4.4103; 64x64 luminance correlation=0.999344,Supported,true
2360_brightness.jpg,train,original,1290.jpg,test,original,unresolved_candidate,256-bit dHash distance=9; 64x64 luminance correlation=0.977902; identical region list=False; different source names,Candidate,false
2360_brightness.jpg,train,original,2360_brightness.jpg,train,resize,resized_duplicate,same filename; 369x277->640x480; LANCZOS RGB MAE=7.4703; 64x64 luminance correlation=0.999132,Supported,true
2360_brightness.jpg,train,original,2360_noise.jpg,train,original,augmentation_derivative,same suffix-normalized family=2360; 64x64 correlation=0.998464; identical polygons=True,Strongly Supported,true
2360_noise.jpg,train,original,2360_noise.jpg,train,resize,resized_duplicate,same filename; 369x277->640x480; LANCZOS RGB MAE=7.8503; 64x64 luminance correlation=0.999138,Supported,true
2360_noise.jpg,train,original,1290_noise.jpg,val,original,unresolved_candidate,256-bit dHash distance=11; 64x64 luminance correlation=0.976890; identical region list=False; different source names,Candidate,false
2370.jpg,train,original,2890.jpg,test,original,unresolved_candidate,256-bit dHash distance=1; 64x64 luminance correlation=0.980842; identical region list=False; different source names,Candidate,false
2370.jpg,train,original,2370.jpg,train,resize,resized_duplicate,same filename; 369x277->640x480; LANCZOS RGB MAE=5.6519; 64x64 luminance correlation=0.998825,Supported,true
2370.jpg,train,original,2370_brightness.jpg,train,original,augmentation_derivative,same suffix-normalized family=2370; 64x64 correlation=0.998605; identical polygons=True,Strongly Supported,true
2370.jpg,train,original,2370_noise.jpg,train,original,augmentation_derivative,same suffix-normalized family=2370; 64x64 correlation=0.999414; identical polygons=True,Strongly Supported,true
2370_brightness.jpg,train,original,2890.jpg,test,original,unresolved_candidate,256-bit dHash distance=5; 64x64 luminance correlation=0.981644; identical region list=False; different source names,Candidate,false
2370_brightness.jpg,train,original,2370_brightness.jpg,train,resize,resized_duplicate,same filename; 369x277->640x480; LANCZOS RGB MAE=6.2534; 64x64 luminance correlation=0.998864,Supported,true
2370_brightness.jpg,train,original,2370_noise.jpg,train,original,augmentation_derivative,same suffix-normalized family=2370; 64x64 correlation=0.998327; identical polygons=True,Strongly Supported,true
2370_noise.jpg,train,original,2890.jpg,test,original,unresolved_candidate,256-bit dHash distance=11; 64x64 luminance correlation=0.980462; identical region list=False; different source names,Candidate,false
2370_noise.jpg,train,original,2370_noise.jpg,train,resize,resized_duplicate,same filename; 369x277->640x480; LANCZOS RGB MAE=7.0051; 64x64 luminance correlation=0.998846,Supported,true
2380.jpg,train,original,2380.jpg,train,resize,resized_duplicate,same filename; 369x277->640x480; LANCZOS RGB MAE=7.2937; 64x64 luminance correlation=0.999003,Supported,true
24000.jpg,train,original,24000.jpg,train,resize,resized_duplicate,same filename; 369x277->640x480; LANCZOS RGB MAE=12.8779; 64x64 luminance correlation=0.998746,Supported,true
24000.jpg,train,original,24000_brightness.jpg,train,original,augmentation_derivative,same suffix-normalized family=24000; 64x64 correlation=0.996513; identical polygons=True,Strongly Supported,true
24000_brightness.jpg,train,original,24000_brightness.jpg,train,resize,resized_duplicate,same filename; 369x277->640x480; LANCZOS RGB MAE=14.0018; 64x64 luminance correlation=0.998639,Supported,true
2400_brightness.jpg,train,original,2400_brightness.jpg,train,resize,resized_duplicate,same filename; 369x277->640x480; LANCZOS RGB MAE=5.4829; 64x64 luminance correlation=0.999469,Supported,true
2400_brightness.jpg,train,original,2400_noise.jpg,val,original,augmentation_derivative,64x64 luminance correlation=0.998224; identical region list=True,Strongly Supported,true
2410_brightness.jpg,train,original,2410_brightness.jpg,train,resize,resized_duplicate,same filename; 369x277->640x480; LANCZOS RGB MAE=4.3768; 64x64 luminance correlation=0.999416,Supported,true
2410_brightness.jpg,train,original,2410_noise.jpg,train,original,augmentation_derivative,same suffix-normalized family=2410; 64x64 correlation=0.999187; identical polygons=True,Strongly Supported,true
2410_noise.jpg,train,original,2410_noise.jpg,train,resize,resized_duplicate,same filename; 369x277->640x480; LANCZOS RGB MAE=5.5671; 64x64 luminance correlation=0.999401,Supported,true
2430.jpg,train,original,2430.jpg,train,resize,resized_duplicate,same filename; 369x277->640x480; LANCZOS RGB MAE=10.0373; 64x64 luminance correlation=0.998609,Supported,true
2430.jpg,train,original,2430_brightness.jpg,train,original,augmentation_derivative,same suffix-normalized family=2430; 64x64 correlation=0.998356; identical polygons=True,Strongly Supported,true
2430.jpg,train,original,2430_noise.jpg,train,original,augmentation_derivative,same suffix-normalized family=2430; 64x64 correlation=0.999271; identical polygons=True,Strongly Supported,true
2430_brightness.jpg,train,original,2430_brightness.jpg,train,resize,resized_duplicate,same filename; 369x277->640x480; LANCZOS RGB MAE=10.9879; 64x64 luminance correlation=0.99866,Supported,true
2430_brightness.jpg,train,original,2430_noise.jpg,train,original,augmentation_derivative,same suffix-normalized family=2430; 64x64 correlation=0.997856; identical polygons=True,Strongly Supported,true
2430_noise.jpg,train,original,2430_noise.jpg,train,resize,resized_duplicate,same filename; 369x277->640x480; LANCZOS RGB MAE=10.8775; 64x64 luminance correlation=0.998637,Supported,true
2440.jpg,train,original,2440.jpg,train,resize,resized_duplicate,same filename; 369x277->640x480; LANCZOS RGB MAE=5.7262; 64x64 luminance correlation=0.999435,Supported,true
2440.jpg,train,original,2440_brightness.jpg,train,original,augmentation_derivative,same suffix-normalized family=2440; 64x64 correlation=0.998360; identical polygons=True,Strongly Supported,true
2440.jpg,train,original,2440_noise.jpg,train,original,augmentation_derivative,same suffix-normalized family=2440; 64x64 correlation=0.999598; identical polygons=True,Strongly Supported,true
2440_brightness.jpg,train,original,2440_brightness.jpg,train,resize,resized_duplicate,same filename; 369x277->640x480; LANCZOS RGB MAE=6.3668; 64x64 luminance correlation=0.999488,Supported,true
2440_brightness.jpg,train,original,2440_noise.jpg,train,original,augmentation_derivative,same suffix-normalized family=2440; 64x64 correlation=0.998258; identical polygons=True,Strongly Supported,true
2440_noise.jpg,train,original,2440_noise.jpg,train,resize,resized_duplicate,same filename; 369x277->640x480; LANCZOS RGB MAE=7.0612; 64x64 luminance correlation=0.999446,Supported,true
246.jpg,train,original,1400.jpg,test,original,unresolved_candidate,256-bit dHash distance=4; 64x64 luminance correlation=0.973521; identical region list=False; different source names,Candidate,false
246.jpg,train,original,246.jpg,train,resize,resized_duplicate,same filename; 369x277->640x480; LANCZOS RGB MAE=6.2677; 64x64 luminance correlation=0.999082,Supported,true
246.jpg,train,original,1400_noise.jpg,val,original,unresolved_candidate,256-bit dHash distance=9; 64x64 luminance correlation=0.973173; identical region list=False; different source names,Candidate,false
2480.jpg,train,original,2480.jpg,train,resize,resized_duplicate,same filename; 369x277->640x480; LANCZOS RGB MAE=9.7937; 64x64 luminance correlation=0.998784,Supported,true
249.jpg,train,original,249.jpg,train,resize,resized_duplicate,same filename; 369x277->640x480; LANCZOS RGB MAE=5.4659; 64x64 luminance correlation=0.999,Supported,true
249.jpg,train,original,249_brightness.jpg,train,original,augmentation_derivative,same suffix-normalized family=249; 64x64 correlation=0.996434; identical polygons=True,Strongly Supported,true
249.jpg,train,original,249_noise.jpg,train,original,augmentation_derivative,same suffix-normalized family=249; 64x64 correlation=0.999476; identical polygons=True,Strongly Supported,true
249_brightness.jpg,train,original,249_brightness.jpg,train,resize,resized_duplicate,same filename; 369x277->640x480; LANCZOS RGB MAE=5.9832; 64x64 luminance correlation=0.999055,Supported,true
249_brightness.jpg,train,original,249_noise.jpg,train,original,augmentation_derivative,same suffix-normalized family=249; 64x64 correlation=0.996685; identical polygons=True,Strongly Supported,true
249_noise.jpg,train,original,249_noise.jpg,train,resize,resized_duplicate,same filename; 369x277->640x480; LANCZOS RGB MAE=6.9139; 64x64 luminance correlation=0.999019,Supported,true
25.jpg,train,original,25.jpg,train,resize,resized_duplicate,same filename; 277x369->480x640; LANCZOS RGB MAE=9.172; 64x64 luminance correlation=0.99922,Supported,true
251.jpg,train,original,251.jpg,train,resize,resized_duplicate,same filename; 369x277->640x480; LANCZOS RGB MAE=4.4882; 64x64 luminance correlation=0.999064,Supported,true
251.jpg,train,original,251_noise.jpg,train,original,augmentation_derivative,same suffix-normalized family=251; 64x64 correlation=0.999551; identical polygons=True,Strongly Supported,true
251.jpg,train,original,251_brightness.jpg,val,original,augmentation_derivative,64x64 luminance correlation=0.996657; identical region list=True,Strongly Supported,true
251_noise.jpg,train,original,138.jpg,test,original,high_visual_similarity,256-bit dHash distance=6; 64x64 luminance correlation=0.999551; identical region list=False; different source names; full-resolution grayscale correlation=0.985233,Supported,true
251_noise.jpg,train,original,251_noise.jpg,train,resize,resized_duplicate,same filename; 369x277->640x480; LANCZOS RGB MAE=6.1741; 64x64 luminance correlation=0.99908,Supported,true
251_noise.jpg,train,original,251_brightness.jpg,val,original,augmentation_derivative,64x64 luminance correlation=0.996948; identical region list=True,Strongly Supported,true
2520.jpg,train,original,2520.jpg,train,resize,resized_duplicate,same filename; 369x277->640x480; LANCZOS RGB MAE=9.3407; 64x64 luminance correlation=0.998917,Supported,true
2520.jpg,train,original,2520_noise.jpg,train,original,augmentation_derivative,same suffix-normalized family=2520; 64x64 correlation=0.999342; identical polygons=True,Strongly Supported,true
2520.jpg,train,original,2520_brightness.jpg,val,original,augmentation_derivative,64x64 luminance correlation=0.997637; identical region list=True,Strongly Supported,true
2520_noise.jpg,train,original,2520_noise.jpg,train,resize,resized_duplicate,same filename; 369x277->640x480; LANCZOS RGB MAE=10.3536; 64x64 luminance correlation=0.998948,Supported,true
2520_noise.jpg,train,original,2520_brightness.jpg,val,original,augmentation_derivative,64x64 luminance correlation=0.997325; identical region list=True,Strongly Supported,true
253.jpg,train,original,253.jpg,train,resize,resized_duplicate,same filename; 369x277->640x480; LANCZOS RGB MAE=3.9273; 64x64 luminance correlation=0.999155,Supported,true
253.jpg,train,original,253_brightness.jpg,train,original,augmentation_derivative,same suffix-normalized family=253; 64x64 correlation=0.996591; identical polygons=True,Strongly Supported,true
253.jpg,train,original,253_noise.jpg,train,original,augmentation_derivative,same suffix-normalized family=253; 64x64 correlation=0.999563; identical polygons=True,Strongly Supported,true
253_brightness.jpg,train,original,253_brightness.jpg,train,resize,resized_duplicate,same filename; 369x277->640x480; LANCZOS RGB MAE=4.3289; 64x64 luminance correlation=0.999244,Supported,true
253_brightness.jpg,train,original,253_noise.jpg,train,original,augmentation_derivative,same suffix-normalized family=253; 64x64 correlation=0.996868; identical polygons=True,Strongly Supported,true
253_noise.jpg,train,original,253_noise.jpg,train,resize,resized_duplicate,same filename; 369x277->640x480; LANCZOS RGB MAE=5.7467; 64x64 luminance correlation=0.999163,Supported,true
2540.jpg,train,original,2540.jpg,train,resize,resized_duplicate,same filename; 369x277->640x480; LANCZOS RGB MAE=8.9685; 64x64 luminance correlation=0.999142,Supported,true
2540.jpg,train,original,2540_brightness.jpg,train,original,augmentation_derivative,same suffix-normalized family=2540; 64x64 correlation=0.997427; identical polygons=True,Strongly Supported,true
2540.jpg,train,original,2540_noise.jpg,train,original,augmentation_derivative,same suffix-normalized family=2540; 64x64 correlation=0.999369; identical polygons=True,Strongly Supported,true
2540_brightness.jpg,train,original,2540_brightness.jpg,train,resize,resized_duplicate,same filename; 369x277->640x480; LANCZOS RGB MAE=9.8644; 64x64 luminance correlation=0.999113,Supported,true
2540_brightness.jpg,train,original,2540_noise.jpg,train,original,augmentation_derivative,same suffix-normalized family=2540; 64x64 correlation=0.997244; identical polygons=True,Strongly Supported,true
2540_noise.jpg,train,original,2540_noise.jpg,train,resize,resized_duplicate,same filename; 369x277->640x480; LANCZOS RGB MAE=10.0402; 64x64 luminance correlation=0.999153,Supported,true
256.jpg,train,original,256.jpg,train,resize,resized_duplicate,same filename; 369x277->640x480; LANCZOS RGB MAE=4.4508; 64x64 luminance correlation=0.99957,Supported,true
256.jpg,train,original,256_brightness.jpg,train,original,augmentation_derivative,same suffix-normalized family=256; 64x64 correlation=0.999067; identical polygons=True,Strongly Supported,true
256.jpg,train,original,256_noise.jpg,val,original,augmentation_derivative,64x64 luminance correlation=0.999594; identical region list=True,Strongly Supported,true
256_brightness.jpg,train,original,256_brightness.jpg,train,resize,resized_duplicate,same filename; 369x277->640x480; LANCZOS RGB MAE=4.9513; 64x64 luminance correlation=0.999592,Supported,true
256_brightness.jpg,train,original,256_noise.jpg,val,original,augmentation_derivative,64x64 luminance correlation=0.998898; identical region list=True,Strongly Supported,true
257_brightness.jpg,train,original,257_brightness.jpg,train,resize,resized_duplicate,same filename; 369x277->640x480; LANCZOS RGB MAE=9.2591; 64x64 luminance correlation=0.999375,Supported,true
257_brightness.jpg,train,original,257_noise.jpg,train,original,augmentation_derivative,same suffix-normalized family=257; 64x64 correlation=0.996937; identical polygons=True,Strongly Supported,true
257_brightness.jpg,train,original,1360_brightness.jpg,val,original,high_visual_similarity,256-bit dHash distance=6; 64x64 luminance correlation=0.996807; identical region list=False; different source names; full-resolution grayscale correlation=0.986856,Supported,true
257_noise.jpg,train,original,257_noise.jpg,train,resize,resized_duplicate,same filename; 369x277->640x480; LANCZOS RGB MAE=9.3343; 64x64 luminance correlation=0.999437,Supported,true
257_noise.jpg,train,original,1360_brightness.jpg,val,original,unresolved_candidate,256-bit dHash distance=10; 64x64 luminance correlation=0.994195; identical region list=False; different source names,Candidate,false
258.jpg,train,original,258.jpg,train,resize,resized_duplicate,same filename; 369x277->640x480; LANCZOS RGB MAE=8.6681; 64x64 luminance correlation=0.999265,Supported,true
2590.jpg,train,original,2590.jpg,train,resize,resized_duplicate,same filename; 369x277->640x480; LANCZOS RGB MAE=4.2313; 64x64 luminance correlation=0.998902,Supported,true
2590.jpg,train,original,2590_noise.jpg,train,original,augmentation_derivative,same suffix-normalized family=2590; 64x64 correlation=0.999444; identical polygons=True,Strongly Supported,true
2590.jpg,train,original,2590_brightness.jpg,val,original,augmentation_derivative,64x64 luminance correlation=0.999415; identical region list=True,Strongly Supported,true
2590_noise.jpg,train,original,2590_noise.jpg,train,resize,resized_duplicate,same filename; 369x277->640x480; LANCZOS RGB MAE=5.9263; 64x64 luminance correlation=0.998927,Supported,true
2590_noise.jpg,train,original,2590_brightness.jpg,val,original,augmentation_derivative,64x64 luminance correlation=0.999016; identical region list=True,Strongly Supported,true
2600.jpg,train,original,2600.jpg,train,resize,resized_duplicate,same filename; 369x277->640x480; LANCZOS RGB MAE=4.3146; 64x64 luminance correlation=0.999504,Supported,true
26000.jpg,train,original,26000.jpg,train,resize,resized_duplicate,same filename; 369x277->640x480; LANCZOS RGB MAE=15.0059; 64x64 luminance correlation=0.998509,Supported,true
2610.jpg,train,original,2610.jpg,train,resize,resized_duplicate,same filename; 369x277->640x480; LANCZOS RGB MAE=8.0342; 64x64 luminance correlation=0.999206,Supported,true
2630.jpg,train,original,2630.jpg,train,resize,resized_duplicate,same filename; 369x277->640x480; LANCZOS RGB MAE=3.9434; 64x64 luminance correlation=0.999603,Supported,true
2630.jpg,train,original,2630_brightness.jpg,train,original,augmentation_derivative,same suffix-normalized family=2630; 64x64 correlation=0.998054; identical polygons=True,Strongly Supported,true
2630.jpg,train,original,2630_noise.jpg,train,original,augmentation_derivative,same suffix-normalized family=2630; 64x64 correlation=0.999584; identical polygons=True,Strongly Supported,true
2630.jpg,train,original,1460_noise.jpg,val,original,unresolved_candidate,256-bit dHash distance=11; 64x64 luminance correlation=0.992064; identical region list=False; different source names,Candidate,false
2630_brightness.jpg,train,original,2630_brightness.jpg,train,resize,resized_duplicate,same filename; 369x277->640x480; LANCZOS RGB MAE=4.3544; 64x64 luminance correlation=0.999598,Supported,true
2630_brightness.jpg,train,original,2630_noise.jpg,train,original,augmentation_derivative,same suffix-normalized family=2630; 64x64 correlation=0.997832; identical polygons=True,Strongly Supported,true
2630_noise.jpg,train,original,2630_noise.jpg,train,resize,resized_duplicate,same filename; 369x277->640x480; LANCZOS RGB MAE=5.6194; 64x64 luminance correlation=0.999596,Supported,true
2650.jpg,train,original,2650.jpg,train,resize,resized_duplicate,same filename; 369x277->640x480; LANCZOS RGB MAE=5.1306; 64x64 luminance correlation=0.99961,Supported,true
2650.jpg,train,original,2650_brightness.jpg,train,original,augmentation_derivative,same suffix-normalized family=2650; 64x64 correlation=0.999147; identical polygons=True,Strongly Supported,true
2650.jpg,train,original,2650_noise.jpg,train,original,augmentation_derivative,same suffix-normalized family=2650; 64x64 correlation=0.999563; identical polygons=True,Strongly Supported,true
2650.jpg,train,original,1450_brightness.jpg,val,original,unresolved_candidate,256-bit dHash distance=9; 64x64 luminance correlation=0.988865; identical region list=False; different source names,Candidate,false
2650_brightness.jpg,train,original,2650_brightness.jpg,train,resize,resized_duplicate,same filename; 369x277->640x480; LANCZOS RGB MAE=5.7394; 64x64 luminance correlation=0.99962,Supported,true
2650_brightness.jpg,train,original,2650_noise.jpg,train,original,augmentation_derivative,same suffix-normalized family=2650; 64x64 correlation=0.998806; identical polygons=True,Strongly Supported,true
2650_brightness.jpg,train,original,1450_brightness.jpg,val,original,unresolved_candidate,256-bit dHash distance=8; 64x64 luminance correlation=0.989520; identical region list=False; different source names,Candidate,false
2650_noise.jpg,train,original,2650_noise.jpg,train,resize,resized_duplicate,same filename; 369x277->640x480; LANCZOS RGB MAE=6.4705; 64x64 luminance correlation=0.999596,Supported,true
2650_noise.jpg,train,original,1450_brightness.jpg,val,original,unresolved_candidate,256-bit dHash distance=10; 64x64 luminance correlation=0.988595; identical region list=False; different source names,Candidate,false
266.jpg,train,original,266.jpg,train,resize,resized_duplicate,same filename; 369x277->640x480; LANCZOS RGB MAE=9.2064; 64x64 luminance correlation=0.99905,Supported,true
266.jpg,train,original,266_brightness.jpg,train,original,augmentation_derivative,same suffix-normalized family=266; 64x64 correlation=0.997156; identical polygons=True,Strongly Supported,true
266.jpg,train,original,266_noise.jpg,val,original,augmentation_derivative,64x64 luminance correlation=0.999401; identical region list=True,Strongly Supported,true
266_brightness.jpg,train,original,266_brightness.jpg,train,resize,resized_duplicate,same filename; 369x277->640x480; LANCZOS RGB MAE=10.1609; 64x64 luminance correlation=0.999009,Supported,true
266_brightness.jpg,train,original,266_noise.jpg,val,original,augmentation_derivative,64x64 luminance correlation=0.996924; identical region list=True,Strongly Supported,true
267_brightness.jpg,train,original,143.jpg,test,original,high_visual_similarity,256-bit dHash distance=3; 64x64 luminance correlation=0.998263; identical region list=False; different source names; full-resolution grayscale correlation=0.997584,Supported,true
267_brightness.jpg,train,original,267_brightness.jpg,train,resize,resized_duplicate,same filename; 369x277->640x480; LANCZOS RGB MAE=4.9997; 64x64 luminance correlation=0.999408,Supported,true
267_brightness.jpg,train,original,267_noise.jpg,val,original,augmentation_derivative,64x64 luminance correlation=0.998116; identical region list=True,Strongly Supported,true
268.jpg,train,original,268.jpg,train,resize,resized_duplicate,same filename; 369x277->640x480; LANCZOS RGB MAE=4.7637; 64x64 luminance correlation=0.999511,Supported,true
268.jpg,train,original,268_brightness.jpg,train,original,augmentation_derivative,same suffix-normalized family=268; 64x64 correlation=0.999435; identical polygons=True,Strongly Supported,true
268.jpg,train,original,268_noise.jpg,train,original,augmentation_derivative,same suffix-normalized family=268; 64x64 correlation=0.999577; identical polygons=True,Strongly Supported,true
268_brightness.jpg,train,original,268_brightness.jpg,train,resize,resized_duplicate,same filename; 369x277->640x480; LANCZOS RGB MAE=5.2907; 64x64 luminance correlation=0.999523,Supported,true
268_brightness.jpg,train,original,268_noise.jpg,train,original,augmentation_derivative,same suffix-normalized family=268; 64x64 correlation=0.999140; identical polygons=True,Strongly Supported,true
268_noise.jpg,train,original,268_noise.jpg,train,resize,resized_duplicate,same filename; 369x277->640x480; LANCZOS RGB MAE=6.4115; 64x64 luminance correlation=0.999518,Supported,true
2690.jpg,train,original,1420.jpg,test,original,high_visual_similarity,256-bit dHash distance=2; 64x64 luminance correlation=0.999409; identical region list=False; different source names; full-resolution grayscale correlation=0.997254,Supported,true
2690.jpg,train,original,2690.jpg,train,resize,resized_duplicate,same filename; 369x277->640x480; LANCZOS RGB MAE=4.3159; 64x64 luminance correlation=0.999655,Supported,true
2690.jpg,train,original,2690_brightness.jpg,train,original,augmentation_derivative,same suffix-normalized family=2690; 64x64 correlation=0.999773; identical polygons=True,Strongly Supported,true
2690.jpg,train,original,2690_noise.jpg,train,original,augmentation_derivative,same suffix-normalized family=2690; 64x64 correlation=0.999679; identical polygons=True,Strongly Supported,true
2690_brightness.jpg,train,original,1420.jpg,test,original,high_visual_similarity,256-bit dHash distance=5; 64x64 luminance correlation=0.999183; identical region list=False; different source names; full-resolution grayscale correlation=0.996443,Supported,true
2690_brightness.jpg,train,original,2690_brightness.jpg,train,resize,resized_duplicate,same filename; 369x277->640x480; LANCZOS RGB MAE=4.7959; 64x64 luminance correlation=0.999676,Supported,true
2690_brightness.jpg,train,original,2690_noise.jpg,train,original,augmentation_derivative,same suffix-normalized family=2690; 64x64 correlation=0.999512; identical polygons=True,Strongly Supported,true
2690_noise.jpg,train,original,1420.jpg,test,original,high_visual_similarity,256-bit dHash distance=6; 64x64 luminance correlation=0.999094; identical region list=False; different source names; full-resolution grayscale correlation=0.984656,Supported,true
2690_noise.jpg,train,original,2690_noise.jpg,train,resize,resized_duplicate,same filename; 369x277->640x480; LANCZOS RGB MAE=5.96; 64x64 luminance correlation=0.999655,Supported,true
2710.jpg,train,original,2710.jpg,train,resize,resized_duplicate,same filename; 369x277->640x480; LANCZOS RGB MAE=6.6426; 64x64 luminance correlation=0.999468,Supported,true
2710.jpg,train,original,2710_noise.jpg,train,original,augmentation_derivative,same suffix-normalized family=2710; 64x64 correlation=0.999452; identical polygons=True,Strongly Supported,true
2710.jpg,train,original,2710_brightness.jpg,val,original,augmentation_derivative,64x64 luminance correlation=0.998719; identical region list=True,Strongly Supported,true
2710_noise.jpg,train,original,2710_noise.jpg,train,resize,resized_duplicate,same filename; 369x277->640x480; LANCZOS RGB MAE=8.3029; 64x64 luminance correlation=0.999463,Supported,true
2710_noise.jpg,train,original,2710_brightness.jpg,val,original,augmentation_derivative,64x64 luminance correlation=0.998246; identical region list=True,Strongly Supported,true
2720_brightness.jpg,train,original,2720_brightness.jpg,train,resize,resized_duplicate,same filename; 369x277->640x480; LANCZOS RGB MAE=10.5478; 64x64 luminance correlation=0.99921,Supported,true
2720_brightness.jpg,train,original,2720_noise.jpg,train,original,augmentation_derivative,same suffix-normalized family=2720; 64x64 correlation=0.997195; identical polygons=True,Strongly Supported,true
2720_noise.jpg,train,original,2720_noise.jpg,train,resize,resized_duplicate,same filename; 369x277->640x480; LANCZOS RGB MAE=10.3873; 64x64 luminance correlation=0.99921,Supported,true
2740.jpg,train,original,2740.jpg,train,resize,resized_duplicate,same filename; 369x277->640x480; LANCZOS RGB MAE=9.9061; 64x64 luminance correlation=0.998795,Supported,true
2740.jpg,train,original,2740_brightness.jpg,train,original,augmentation_derivative,same suffix-normalized family=2740; 64x64 correlation=0.998316; identical polygons=True,Strongly Supported,true
2740.jpg,train,original,2740_noise.jpg,train,original,augmentation_derivative,same suffix-normalized family=2740; 64x64 correlation=0.999232; identical polygons=True,Strongly Supported,true
2740_brightness.jpg,train,original,2740_brightness.jpg,train,resize,resized_duplicate,same filename; 369x277->640x480; LANCZOS RGB MAE=10.8332; 64x64 luminance correlation=0.998782,Supported,true
2740_brightness.jpg,train,original,2740_noise.jpg,train,original,augmentation_derivative,same suffix-normalized family=2740; 64x64 correlation=0.997859; identical polygons=True,Strongly Supported,true
2740_noise.jpg,train,original,2740_noise.jpg,train,resize,resized_duplicate,same filename; 369x277->640x480; LANCZOS RGB MAE=10.5928; 64x64 luminance correlation=0.998829,Supported,true
2760.jpg,train,original,1600.jpg,test,original,unresolved_candidate,256-bit dHash distance=11; 64x64 luminance correlation=0.955014; identical region list=False; different source names,Candidate,false
2760.jpg,train,original,2760.jpg,train,resize,resized_duplicate,same filename; 369x277->640x480; LANCZOS RGB MAE=7.5303; 64x64 luminance correlation=0.998983,Supported,true
2760.jpg,train,original,2760_brightness.jpg,train,original,augmentation_derivative,same suffix-normalized family=2760; 64x64 correlation=0.997118; identical polygons=True,Strongly Supported,true
2760.jpg,train,original,2760_noise.jpg,train,original,augmentation_derivative,same suffix-normalized family=2760; 64x64 correlation=0.999508; identical polygons=True,Strongly Supported,true
2760_brightness.jpg,train,original,2760_brightness.jpg,train,resize,resized_duplicate,same filename; 369x277->640x480; LANCZOS RGB MAE=8.1402; 64x64 luminance correlation=0.998949,Supported,true
2760_brightness.jpg,train,original,2760_noise.jpg,train,original,augmentation_derivative,same suffix-normalized family=2760; 64x64 correlation=0.996915; identical polygons=True,Strongly Supported,true
2760_noise.jpg,train,original,2760_noise.jpg,train,resize,resized_duplicate,same filename; 369x277->640x480; LANCZOS RGB MAE=9.0455; 64x64 luminance correlation=0.998991,Supported,true
2780.jpg,train,original,2780.jpg,train,resize,resized_duplicate,same filename; 369x277->640x480; LANCZOS RGB MAE=4.0659; 64x64 luminance correlation=0.999442,Supported,true
28.jpg,train,original,28.jpg,train,resize,resized_duplicate,same filename; 369x277->640x480; LANCZOS RGB MAE=14.3875; 64x64 luminance correlation=0.998575,Supported,true
282.jpg,train,original,282.jpg,train,resize,resized_duplicate,same filename; 369x277->640x480; LANCZOS RGB MAE=4.195; 64x64 luminance correlation=0.999169,Supported,true
2830.jpg,train,original,2830.jpg,train,resize,resized_duplicate,same filename; 369x277->640x480; LANCZOS RGB MAE=3.9753; 64x64 luminance correlation=0.999106,Supported,true
2830.jpg,train,original,2830_brightness.jpg,train,original,augmentation_derivative,same suffix-normalized family=2830; 64x64 correlation=0.995573; identical polygons=True,Strongly Supported,true
2830.jpg,train,original,2830_noise.jpg,train,original,augmentation_derivative,same suffix-normalized family=2830; 64x64 correlation=0.999431; identical polygons=True,Strongly Supported,true
2830_brightness.jpg,train,original,2830_brightness.jpg,train,resize,resized_duplicate,same filename; 369x277->640x480; LANCZOS RGB MAE=4.4047; 64x64 luminance correlation=0.999052,Supported,true
2830_brightness.jpg,train,original,2830_noise.jpg,train,original,augmentation_derivative,same suffix-normalized family=2830; 64x64 correlation=0.995418; identical polygons=True,Strongly Supported,true
2830_noise.jpg,train,original,2830_noise.jpg,train,resize,resized_duplicate,same filename; 369x277->640x480; LANCZOS RGB MAE=5.6366; 64x64 luminance correlation=0.999115,Supported,true
285.jpg,train,original,285.jpg,train,resize,resized_duplicate,same filename; 369x277->640x480; LANCZOS RGB MAE=6.7192; 64x64 luminance correlation=0.999006,Supported,true
288.jpg,train,original,288.jpg,train,resize,resized_duplicate,same filename; 369x277->640x480; LANCZOS RGB MAE=11.1552; 64x64 luminance correlation=0.998914,Supported,true
288.jpg,train,original,288_brightness.jpg,train,original,augmentation_derivative,same suffix-normalized family=288; 64x64 correlation=0.998960; identical polygons=True,Strongly Supported,true
288.jpg,train,original,288_noise.jpg,val,original,augmentation_derivative,64x64 luminance correlation=0.999484; identical region list=True,Strongly Supported,true
288_brightness.jpg,train,original,288_brightness.jpg,train,resize,resized_duplicate,same filename; 369x277->640x480; LANCZOS RGB MAE=12.1229; 64x64 luminance correlation=0.99893,Supported,true
288_brightness.jpg,train,original,288_noise.jpg,val,original,augmentation_derivative,64x64 luminance correlation=0.998596; identical region list=True,Strongly Supported,true
29000.jpg,train,original,29000.jpg,train,resize,resized_duplicate,same filename; 369x277->640x480; LANCZOS RGB MAE=9.8637; 64x64 luminance correlation=0.998844,Supported,true
2901.jpg,train,original,2901.jpg,train,resize,resized_duplicate,same filename; 369x277->640x480; LANCZOS RGB MAE=7.2233; 64x64 luminance correlation=0.999051,Supported,true
2910.jpg,train,original,2910.jpg,train,resize,resized_duplicate,same filename; 369x277->640x480; LANCZOS RGB MAE=5.6075; 64x64 luminance correlation=0.999539,Supported,true
2910.jpg,train,original,2910_noise.jpg,train,original,augmentation_derivative,same suffix-normalized family=2910; 64x64 correlation=0.999641; identical polygons=True,Strongly Supported,true
2910.jpg,train,original,2910_brightness.jpg,val,original,augmentation_derivative,64x64 luminance correlation=0.998472; identical region list=True,Strongly Supported,true
2910_noise.jpg,train,original,2910_noise.jpg,train,resize,resized_duplicate,same filename; 369x277->640x480; LANCZOS RGB MAE=6.8727; 64x64 luminance correlation=0.999552,Supported,true
2910_noise.jpg,train,original,2910_brightness.jpg,val,original,augmentation_derivative,64x64 luminance correlation=0.998329; identical region list=True,Strongly Supported,true
2950.jpg,train,original,2950.jpg,train,resize,resized_duplicate,same filename; 369x277->640x480; LANCZOS RGB MAE=5.9177; 64x64 luminance correlation=0.999429,Supported,true
2950.jpg,train,original,2950_brightness.jpg,val,original,augmentation_derivative,64x64 luminance correlation=0.998643; identical region list=True,Strongly Supported,true
2950.jpg,train,original,2950_noise.jpg,val,original,augmentation_derivative,64x64 luminance correlation=0.999493; identical region list=True,Strongly Supported,true
2960_brightness.jpg,train,original,2960_brightness.jpg,train,resize,resized_duplicate,same filename; 277x369->480x640; LANCZOS RGB MAE=8.9805; 64x64 luminance correlation=0.999297,Supported,true
2960_brightness.jpg,train,original,2960_noise.jpg,train,original,augmentation_derivative,same suffix-normalized family=2960; 64x64 correlation=0.997657; identical polygons=True,Strongly Supported,true
2960_noise.jpg,train,original,2960_noise.jpg,train,resize,resized_duplicate,same filename; 277x369->480x640; LANCZOS RGB MAE=9.1127; 64x64 luminance correlation=0.999302,Supported,true
2970.jpg,train,original,2970.jpg,train,resize,resized_duplicate,same filename; 277x369->480x640; LANCZOS RGB MAE=6.8908; 64x64 luminance correlation=0.999248,Supported,true
2970.jpg,train,original,2970_brightness.jpg,train,original,augmentation_derivative,same suffix-normalized family=2970; 64x64 correlation=0.998976; identical polygons=True,Strongly Supported,true
2970.jpg,train,original,2970_noise.jpg,val,original,augmentation_derivative,64x64 luminance correlation=0.999395; identical region list=True,Strongly Supported,true
2970_brightness.jpg,train,original,2970_brightness.jpg,train,resize,resized_duplicate,same filename; 277x369->480x640; LANCZOS RGB MAE=7.7249; 64x64 luminance correlation=0.999267,Supported,true
2970_brightness.jpg,train,original,2970_noise.jpg,val,original,augmentation_derivative,64x64 luminance correlation=0.998567; identical region list=True,Strongly Supported,true
3.jpg,train,original,3.jpg,train,resize,resized_duplicate,same filename; 369x277->640x480; LANCZOS RGB MAE=13.6205; 64x64 luminance correlation=0.998107,Supported,true
300.jpg,train,original,300.jpg,train,resize,resized_duplicate,same filename; 369x277->640x480; LANCZOS RGB MAE=4.0788; 64x64 luminance correlation=0.999568,Supported,true
300.jpg,train,original,300_brightness.jpg,train,original,augmentation_derivative,same suffix-normalized family=300; 64x64 correlation=0.999771; identical polygons=True,Strongly Supported,true
300.jpg,train,original,300_noise.jpg,train,original,augmentation_derivative,same suffix-normalized family=300; 64x64 correlation=0.999549; identical polygons=True,Strongly Supported,true
300_brightness.jpg,train,original,300_brightness.jpg,train,resize,resized_duplicate,same filename; 369x277->640x480; LANCZOS RGB MAE=4.4486; 64x64 luminance correlation=0.999574,Supported,true
300_brightness.jpg,train,original,300_noise.jpg,train,original,augmentation_derivative,same suffix-normalized family=300; 64x64 correlation=0.999396; identical polygons=True,Strongly Supported,true
300_noise.jpg,train,original,300_noise.jpg,train,resize,resized_duplicate,same filename; 369x277->640x480; LANCZOS RGB MAE=5.6928; 64x64 luminance correlation=0.999573,Supported,true
301.jpg,train,original,301.jpg,train,resize,resized_duplicate,same filename; 369x277->640x480; LANCZOS RGB MAE=6.9026; 64x64 luminance correlation=0.999577,Supported,true
301.jpg,train,original,301_brightness.jpg,train,original,augmentation_derivative,same suffix-normalized family=301; 64x64 correlation=0.995468; identical polygons=True,Strongly Supported,true
301.jpg,train,original,301_noise.jpg,train,original,augmentation_derivative,same suffix-normalized family=301; 64x64 correlation=0.999602; identical polygons=True,Strongly Supported,true
301_brightness.jpg,train,original,301_brightness.jpg,train,resize,resized_duplicate,same filename; 369x277->640x480; LANCZOS RGB MAE=7.6582; 64x64 luminance correlation=0.999501,Supported,true
301_brightness.jpg,train,original,301_noise.jpg,train,original,augmentation_derivative,same suffix-normalized family=301; 64x64 correlation=0.996376; identical polygons=True,Strongly Supported,true
301_noise.jpg,train,original,301_noise.jpg,train,resize,resized_duplicate,same filename; 369x277->640x480; LANCZOS RGB MAE=8.1486; 64x64 luminance correlation=0.999577,Supported,true
302_brightness.jpg,train,original,302_brightness.jpg,train,resize,resized_duplicate,same filename; 277x369->480x640; LANCZOS RGB MAE=6.894; 64x64 luminance correlation=0.999507,Supported,true
302_brightness.jpg,train,original,302_noise.jpg,train,original,augmentation_derivative,same suffix-normalized family=302; 64x64 correlation=0.995912; identical polygons=True,Strongly Supported,true
302_noise.jpg,train,original,302_noise.jpg,train,resize,resized_duplicate,same filename; 277x369->480x640; LANCZOS RGB MAE=7.7066; 64x64 luminance correlation=0.999539,Supported,true
3040.jpg,train,original,3040.jpg,train,resize,resized_duplicate,same filename; 369x277->640x480; LANCZOS RGB MAE=6.9295; 64x64 luminance correlation=0.999464,Supported,true
3050.jpg,train,original,3050.jpg,train,resize,resized_duplicate,same filename; 369x277->640x480; LANCZOS RGB MAE=9.9936; 64x64 luminance correlation=0.999157,Supported,true
3050.jpg,train,original,3050_brightness.jpg,train,original,augmentation_derivative,same suffix-normalized family=3050; 64x64 correlation=0.998471; identical polygons=True,Strongly Supported,true
3050.jpg,train,original,3050_noise.jpg,train,original,augmentation_derivative,same suffix-normalized family=3050; 64x64 correlation=0.999469; identical polygons=True,Strongly Supported,true
3050_brightness.jpg,train,original,3050_brightness.jpg,train,resize,resized_duplicate,same filename; 369x277->640x480; LANCZOS RGB MAE=11.021; 64x64 luminance correlation=0.999208,Supported,true
3050_brightness.jpg,train,original,3050_noise.jpg,train,original,augmentation_derivative,same suffix-normalized family=3050; 64x64 correlation=0.998184; identical polygons=True,Strongly Supported,true
3050_noise.jpg,train,original,3050_noise.jpg,train,resize,resized_duplicate,same filename; 369x277->640x480; LANCZOS RGB MAE=11.0133; 64x64 luminance correlation=0.999171,Supported,true
3060.jpg,train,original,3060.jpg,train,resize,resized_duplicate,same filename; 369x277->640x480; LANCZOS RGB MAE=9.2825; 64x64 luminance correlation=0.999353,Supported,true
3060.jpg,train,original,3060_brightness.jpg,train,original,augmentation_derivative,same suffix-normalized family=3060; 64x64 correlation=0.998727; identical polygons=True,Strongly Supported,true
3060.jpg,train,original,3060_noise.jpg,train,original,augmentation_derivative,same suffix-normalized family=3060; 64x64 correlation=0.999528; identical polygons=True,Strongly Supported,true
3060_brightness.jpg,train,original,3060_brightness.jpg,train,resize,resized_duplicate,same filename; 369x277->640x480; LANCZOS RGB MAE=10.2734; 64x64 luminance correlation=0.99939,Supported,true
3060_brightness.jpg,train,original,3060_noise.jpg,train,original,augmentation_derivative,same suffix-normalized family=3060; 64x64 correlation=0.998456; identical polygons=True,Strongly Supported,true
3060_noise.jpg,train,original,3060_noise.jpg,train,resize,resized_duplicate,same filename; 369x277->640x480; LANCZOS RGB MAE=10.4717; 64x64 luminance correlation=0.999355,Supported,true
3080.jpg,train,original,3080.jpg,train,resize,resized_duplicate,same filename; 369x277->640x480; LANCZOS RGB MAE=9.3946; 64x64 luminance correlation=0.999452,Supported,true
31.jpg,train,original,31.jpg,train,resize,resized_duplicate,same filename; 369x277->640x480; LANCZOS RGB MAE=13.6506; 64x64 luminance correlation=0.998805,Supported,true
3110_noise.jpg,train,original,3110_noise.jpg,train,resize,resized_duplicate,same filename; 369x277->640x480; LANCZOS RGB MAE=6.0418; 64x64 luminance correlation=0.999308,Supported,true
3110_noise.jpg,train,original,3110_brightness.jpg,val,original,augmentation_derivative,64x64 luminance correlation=0.998993; identical region list=True,Strongly Supported,true
3120.jpg,train,original,3120.jpg,train,resize,resized_duplicate,same filename; 369x277->640x480; LANCZOS RGB MAE=7.2301; 64x64 luminance correlation=0.998913,Supported,true
313.jpg,train,original,313.jpg,train,resize,resized_duplicate,same filename; 277x369->480x640; LANCZOS RGB MAE=16.3958; 64x64 luminance correlation=0.998048,Supported,true
314.jpg,train,original,314.jpg,train,resize,resized_duplicate,same filename; 277x369->480x640; LANCZOS RGB MAE=16.4829; 64x64 luminance correlation=0.998024,Supported,true
315.jpg,train,original,315.jpg,train,resize,resized_duplicate,same filename; 277x369->480x640; LANCZOS RGB MAE=14.6361; 64x64 luminance correlation=0.998181,Supported,true
315.jpg,train,original,315_brightness.jpg,train,original,augmentation_derivative,same suffix-normalized family=315; 64x64 correlation=0.996998; identical polygons=True,Strongly Supported,true
315_brightness.jpg,train,original,315_brightness.jpg,train,resize,resized_duplicate,same filename; 277x369->480x640; LANCZOS RGB MAE=15.6065; 64x64 luminance correlation=0.998132,Supported,true
316.jpg,train,original,316.jpg,train,resize,resized_duplicate,same filename; 277x369->480x640; LANCZOS RGB MAE=9.9417; 64x64 luminance correlation=0.999362,Supported,true
3190.jpg,train,original,3190.jpg,train,resize,resized_duplicate,same filename; 369x277->640x480; LANCZOS RGB MAE=6.4437; 64x64 luminance correlation=0.998536,Supported,true
32.jpg,train,original,32.jpg,train,resize,resized_duplicate,same filename; 369x277->640x480; LANCZOS RGB MAE=8.7608; 64x64 luminance correlation=0.998927,Supported,true
3200.jpg,train,original,3200.jpg,train,resize,resized_duplicate,same filename; 369x277->640x480; LANCZOS RGB MAE=9.2621; 64x64 luminance correlation=0.998144,Supported,true
3230.jpg,train,original,3230.jpg,train,resize,resized_duplicate,same filename; 369x277->640x480; LANCZOS RGB MAE=7.4851; 64x64 luminance correlation=0.998277,Supported,true
3260.jpg,train,original,3260.jpg,train,resize,resized_duplicate,same filename; 369x277->640x480; LANCZOS RGB MAE=12.3161; 64x64 luminance correlation=0.999005,Supported,true
327.jpg,train,original,327.jpg,train,resize,same_source_companion,same filename; 327x254->640x480; LANCZOS RGB MAE=31.3109; 64x64 luminance correlation=0.848415; Stage 2B-4H human accepted same-source companion; deterministic resize equivalence unresolved; dataset-provided resize excluded from formal experiments,Unresolved,false
329.jpg,train,original,329.jpg,train,resize,resized_duplicate,same filename; 369x277->640x480; LANCZOS RGB MAE=5.8158; 64x64 luminance correlation=0.999177,Supported,true
33.jpg,train,original,33.jpg,train,resize,resized_duplicate,same filename; 369x277->640x480; LANCZOS RGB MAE=6.9427; 64x64 luminance correlation=0.999171,Supported,true
33.jpg,train,original,33_brightness.jpg,train,original,filename_family,same suffix-normalized family=33; 64x64 correlation=0.992379; identical polygons=True,Candidate,false
3300.jpg,train,original,3300.jpg,train,resize,resized_duplicate,same filename; 277x369->480x640; LANCZOS RGB MAE=12.6722; 64x64 luminance correlation=0.997926,Supported,true
3330.jpg,train,original,3330.jpg,train,resize,resized_duplicate,same filename; 369x277->640x480; LANCZOS RGB MAE=3.979; 64x64 luminance correlation=0.999499,Supported,true
334.jpg,train,original,334.jpg,train,resize,resized_duplicate,same filename; 277x369->480x640; LANCZOS RGB MAE=6.9511; 64x64 luminance correlation=0.998654,Supported,true
334.jpg,train,original,334_brightness.jpg,train,original,augmentation_derivative,same suffix-normalized family=334; 64x64 correlation=0.998484; identical polygons=True,Strongly Supported,true
334_brightness.jpg,train,original,334_brightness.jpg,train,resize,resized_duplicate,same filename; 277x369->480x640; LANCZOS RGB MAE=7.3427; 64x64 luminance correlation=0.998667,Supported,true
3370.jpg,train,original,3370.jpg,train,resize,resized_duplicate,same filename; 277x369->480x640; LANCZOS RGB MAE=3.9244; 64x64 luminance correlation=0.99923,Supported,true
338.jpg,train,original,338.jpg,train,resize,resized_duplicate,same filename; 277x369->480x640; LANCZOS RGB MAE=6.6968; 64x64 luminance correlation=0.999281,Supported,true
33_brightness.jpg,train,original,33_brightness.jpg,train,resize,resized_duplicate,same filename; 369x277->640x480; LANCZOS RGB MAE=6.9652; 64x64 luminance correlation=0.998982,Supported,true
34.jpg,train,original,34.jpg,train,resize,resized_duplicate,same filename; 369x277->640x480; LANCZOS RGB MAE=10.7451; 64x64 luminance correlation=0.999022,Supported,true
3410.jpg,train,original,3410.jpg,train,resize,resized_duplicate,same filename; 369x277->640x480; LANCZOS RGB MAE=8.3366; 64x64 luminance correlation=0.999276,Supported,true
3440.jpg,train,original,3440.jpg,train,resize,resized_duplicate,same filename; 369x277->640x480; LANCZOS RGB MAE=5.9029; 64x64 luminance correlation=0.999357,Supported,true
3470.jpg,train,original,3470.jpg,train,resize,resized_duplicate,same filename; 369x277->640x480; LANCZOS RGB MAE=9.3327; 64x64 luminance correlation=0.998582,Supported,true
36.jpg,train,original,36.jpg,train,resize,resized_duplicate,same filename; 369x277->640x480; LANCZOS RGB MAE=9.616; 64x64 luminance correlation=0.998815,Supported,true
37.jpg,train,original,37.jpg,train,resize,resized_duplicate,same filename; 369x277->640x480; LANCZOS RGB MAE=10.971; 64x64 luminance correlation=0.999157,Supported,true
3740.jpg,train,original,3740.jpg,train,resize,resized_duplicate,same filename; 277x369->480x640; LANCZOS RGB MAE=9.2937; 64x64 luminance correlation=0.999169,Supported,true
375.jpg,train,original,375.jpg,train,resize,resized_duplicate,same filename; 277x369->480x640; LANCZOS RGB MAE=6.7363; 64x64 luminance correlation=0.999194,Supported,true
3760.jpg,train,original,3760.jpg,train,resize,resized_duplicate,same filename; 277x369->480x640; LANCZOS RGB MAE=5.2343; 64x64 luminance correlation=0.999446,Supported,true
377.jpg,train,original,377.jpg,train,resize,resized_duplicate,same filename; 277x369->480x640; LANCZOS RGB MAE=8.7773; 64x64 luminance correlation=0.999094,Supported,true
3780.jpg,train,original,3780.jpg,train,resize,resized_duplicate,same filename; 277x369->480x640; LANCZOS RGB MAE=6.9497; 64x64 luminance correlation=0.999036,Supported,true
38.jpg,train,original,38.jpg,train,resize,resized_duplicate,same filename; 369x277->640x480; LANCZOS RGB MAE=14.3391; 64x64 luminance correlation=0.998622,Supported,true
380.jpg,train,original,380.jpg,train,resize,resized_duplicate,same filename; 277x369->480x640; LANCZOS RGB MAE=2.5796; 64x64 luminance correlation=0.99974,Supported,true
389.jpg,train,original,389.jpg,train,resize,resized_duplicate,same filename; 277x369->480x640; LANCZOS RGB MAE=3.0405; 64x64 luminance correlation=0.999249,Supported,true
39000.jpg,train,original,39000.jpg,train,resize,resized_duplicate,same filename; 369x277->640x480; LANCZOS RGB MAE=9.7472; 64x64 luminance correlation=0.998774,Supported,true
39000.jpg,train,original,39000_brightness.jpg,train,original,augmentation_derivative,same suffix-normalized family=39000; 64x64 correlation=0.997869; identical polygons=True,Strongly Supported,true
39000_brightness.jpg,train,original,39000_brightness.jpg,train,resize,resized_duplicate,same filename; 369x277->640x480; LANCZOS RGB MAE=10.651; 64x64 luminance correlation=0.998752,Supported,true
3910.jpg,train,original,3910.jpg,train,resize,resized_duplicate,same filename; 277x369->480x640; LANCZOS RGB MAE=6.9508; 64x64 luminance correlation=0.998939,Supported,true
3910.jpg,train,original,3910_brightness.jpg,train,original,augmentation_derivative,same suffix-normalized family=3910; 64x64 correlation=0.998241; identical polygons=True,Strongly Supported,true
3910.jpg,train,original,3910_noise.jpg,train,original,augmentation_derivative,same suffix-normalized family=3910; 64x64 correlation=0.999502; identical polygons=True,Strongly Supported,true
3910_brightness.jpg,train,original,3910_brightness.jpg,train,resize,resized_duplicate,same filename; 277x369->480x640; LANCZOS RGB MAE=7.6647; 64x64 luminance correlation=0.998935,Supported,true
3910_brightness.jpg,train,original,3910_noise.jpg,train,original,augmentation_derivative,same suffix-normalized family=3910; 64x64 correlation=0.998146; identical polygons=True,Strongly Supported,true
3910_noise.jpg,train,original,3910_noise.jpg,train,resize,resized_duplicate,same filename; 277x369->480x640; LANCZOS RGB MAE=8.209; 64x64 luminance correlation=0.998932,Supported,true
3920.jpg,train,original,3920.jpg,train,resize,resized_duplicate,same filename; 277x369->480x640; LANCZOS RGB MAE=10.9394; 64x64 luminance correlation=0.998779,Supported,true
393.jpg,train,original,393.jpg,train,resize,resized_duplicate,same filename; 277x369->480x640; LANCZOS RGB MAE=7.3839; 64x64 luminance correlation=0.999412,Supported,true
3940.jpg,train,original,3940.jpg,train,resize,resized_duplicate,same filename; 277x369->480x640; LANCZOS RGB MAE=9.3549; 64x64 luminance correlation=0.998531,Supported,true
3950.jpg,train,original,3950.jpg,train,resize,resized_duplicate,same filename; 277x369->480x640; LANCZOS RGB MAE=14.1619; 64x64 luminance correlation=0.998517,Supported,true
396.jpg,train,original,396.jpg,train,resize,resized_duplicate,same filename; 277x369->480x640; LANCZOS RGB MAE=5.7214; 64x64 luminance correlation=0.999299,Supported,true
398.jpg,train,original,398.jpg,train,resize,resized_duplicate,same filename; 369x277->640x480; LANCZOS RGB MAE=6.9962; 64x64 luminance correlation=0.999112,Supported,true
398.jpg,train,original,166.jpg,val,original,exact_duplicate,identical SHA256 32e6e89701b6cf6a5af04e40e84116c26062602677e2565bd17599ae55d8954e; identical region list=False,Confirmed,true
399.jpg,train,original,399.jpg,train,resize,resized_duplicate,same filename; 369x277->640x480; LANCZOS RGB MAE=7.025; 64x64 luminance correlation=0.998677,Supported,true
40000.jpg,train,original,40000.jpg,train,resize,resized_duplicate,same filename; 369x277->640x480; LANCZOS RGB MAE=11.8481; 64x64 luminance correlation=0.998438,Supported,true
40000.jpg,train,original,40000_brightness.jpg,train,original,augmentation_derivative,same suffix-normalized family=40000; 64x64 correlation=0.997027; identical polygons=True,Strongly Supported,true
40000_brightness.jpg,train,original,40000_brightness.jpg,train,resize,resized_duplicate,same filename; 369x277->640x480; LANCZOS RGB MAE=12.7572; 64x64 luminance correlation=0.998286,Supported,true
40001.jpg,train,original,40001.jpg,train,resize,resized_duplicate,same filename; 369x277->640x480; LANCZOS RGB MAE=13.8857; 64x64 luminance correlation=0.998786,Supported,true
401.jpg,train,original,401.jpg,train,resize,resized_duplicate,same filename; 277x369->480x640; LANCZOS RGB MAE=11.5922; 64x64 luminance correlation=0.997794,Supported,true
4020.jpg,train,original,4020.jpg,train,resize,resized_duplicate,same filename; 277x369->480x640; LANCZOS RGB MAE=16.3797; 64x64 luminance correlation=0.998247,Supported,true
403.jpg,train,original,403.jpg,train,resize,resized_duplicate,same filename; 277x369->480x640; LANCZOS RGB MAE=10.5659; 64x64 luminance correlation=0.998271,Supported,true
403.jpg,train,original,403_brightness.jpg,train,original,augmentation_derivative,same suffix-normalized family=403; 64x64 correlation=0.996894; identical polygons=True,Strongly Supported,true
403_brightness.jpg,train,original,403_brightness.jpg,train,resize,resized_duplicate,same filename; 277x369->480x640; LANCZOS RGB MAE=11.3209; 64x64 luminance correlation=0.998104,Supported,true
404.jpg,train,original,404.jpg,train,resize,resized_duplicate,same filename; 277x369->480x640; LANCZOS RGB MAE=11.9027; 64x64 luminance correlation=0.997056,Supported,true
405.jpg,train,original,405.jpg,train,resize,resized_duplicate,same filename; 277x369->480x640; LANCZOS RGB MAE=13.1611; 64x64 luminance correlation=0.998973,Supported,true
4060.jpg,train,original,4060.jpg,train,resize,resized_duplicate,same filename; 369x277->640x480; LANCZOS RGB MAE=8.9621; 64x64 luminance correlation=0.997902,Supported,true
4070.jpg,train,original,4070.jpg,train,resize,resized_duplicate,same filename; 369x277->640x480; LANCZOS RGB MAE=8.5836; 64x64 luminance correlation=0.999051,Supported,true
4070.jpg,train,original,4070_brightness.jpg,train,original,augmentation_derivative,same suffix-normalized family=4070; 64x64 correlation=0.997766; identical polygons=True,Strongly Supported,true
4070_brightness.jpg,train,original,4070_brightness.jpg,train,resize,resized_duplicate,same filename; 369x277->640x480; LANCZOS RGB MAE=9.389; 64x64 luminance correlation=0.999024,Supported,true
408.jpg,train,original,408.jpg,train,resize,resized_duplicate,same filename; 369x277->640x480; LANCZOS RGB MAE=7.7596; 64x64 luminance correlation=0.998578,Supported,true
408.jpg,train,original,408_brightness.jpg,train,original,augmentation_derivative,same suffix-normalized family=408; 64x64 correlation=0.998415; identical polygons=True,Strongly Supported,true
408_brightness.jpg,train,original,408_brightness.jpg,train,resize,resized_duplicate,same filename; 369x277->640x480; LANCZOS RGB MAE=8.3321; 64x64 luminance correlation=0.998581,Supported,true
409.jpg,train,original,409.jpg,train,resize,resized_duplicate,same filename; 369x277->640x480; LANCZOS RGB MAE=3.446; 64x64 luminance correlation=0.999111,Supported,true
4100.jpg,train,original,4100.jpg,train,resize,resized_duplicate,same filename; 277x369->480x640; LANCZOS RGB MAE=4.2324; 64x64 luminance correlation=0.998033,Supported,true
41000.jpg,train,original,41000.jpg,train,resize,resized_duplicate,same filename; 369x277->640x480; LANCZOS RGB MAE=10.6974; 64x64 luminance correlation=0.999012,Supported,true
4120.jpg,train,original,4120.jpg,train,resize,resized_duplicate,same filename; 369x277->640x480; LANCZOS RGB MAE=6.9348; 64x64 luminance correlation=0.999161,Supported,true
4120.jpg,train,original,4120_brightness.jpg,train,original,augmentation_derivative,same suffix-normalized family=4120; 64x64 correlation=0.995217; identical polygons=True,Strongly Supported,true
4120_brightness.jpg,train,original,4120_brightness.jpg,train,resize,resized_duplicate,same filename; 369x277->640x480; LANCZOS RGB MAE=7.625; 64x64 luminance correlation=0.999026,Supported,true
4151.jpg,train,original,4151.jpg,train,resize,resized_duplicate,same filename; 369x277->640x480; LANCZOS RGB MAE=6.5742; 64x64 luminance correlation=0.998642,Supported,true
417.jpg,train,original,417.jpg,train,resize,resized_duplicate,same filename; 369x277->640x480; LANCZOS RGB MAE=6.1057; 64x64 luminance correlation=0.99918,Supported,true
4180.jpg,train,original,4180.jpg,train,resize,resized_duplicate,same filename; 277x369->480x640; LANCZOS RGB MAE=7.9863; 64x64 luminance correlation=0.998978,Supported,true
419.jpg,train,original,419.jpg,train,resize,resized_duplicate,same filename; 369x277->640x480; LANCZOS RGB MAE=8.5512; 64x64 luminance correlation=0.999043,Supported,true
42000.jpg,train,original,42000.jpg,train,resize,resized_duplicate,same filename; 369x277->640x480; LANCZOS RGB MAE=10.9847; 64x64 luminance correlation=0.998509,Supported,true
4201.jpg,train,original,4201.jpg,train,resize,resized_duplicate,same filename; 369x277->640x480; LANCZOS RGB MAE=6.5653; 64x64 luminance correlation=0.998558,Supported,true
4210.jpg,train,original,4210.jpg,train,resize,resized_duplicate,same filename; 277x369->480x640; LANCZOS RGB MAE=7.4853; 64x64 luminance correlation=0.999344,Supported,true
4220.jpg,train,original,4220.jpg,train,resize,resized_duplicate,same filename; 277x369->480x640; LANCZOS RGB MAE=7.5433; 64x64 luminance correlation=0.999108,Supported,true
424-1.jpg,train,original,424-1.jpg,train,resize,resized_duplicate,same filename; 277x369->480x640; LANCZOS RGB MAE=6.3849; 64x64 luminance correlation=0.999505,Supported,true
4250.jpg,train,original,4250.jpg,train,resize,resized_duplicate,same filename; 277x369->480x640; LANCZOS RGB MAE=10.6823; 64x64 luminance correlation=0.999099,Supported,true
4250.jpg,train,original,4250_brightness.jpg,train,original,augmentation_derivative,same suffix-normalized family=4250; 64x64 correlation=0.996659; identical polygons=True,Strongly Supported,true
4250.jpg,train,original,4250_noise.jpg,train,original,augmentation_derivative,same suffix-normalized family=4250; 64x64 correlation=0.999382; identical polygons=True,Strongly Supported,true
4250_brightness.jpg,train,original,4250_brightness.jpg,train,resize,resized_duplicate,same filename; 277x369->480x640; LANCZOS RGB MAE=11.8107; 64x64 luminance correlation=0.998996,Supported,true
4250_brightness.jpg,train,original,4250_noise.jpg,train,original,augmentation_derivative,same suffix-normalized family=4250; 64x64 correlation=0.996669; identical polygons=True,Strongly Supported,true
4250_noise.jpg,train,original,4250_noise.jpg,train,resize,resized_duplicate,same filename; 277x369->480x640; LANCZOS RGB MAE=11.4599; 64x64 luminance correlation=0.9991,Supported,true
426-1.jpg,train,original,426-1.jpg,train,resize,resized_duplicate,same filename; 277x369->480x640; LANCZOS RGB MAE=9.9905; 64x64 luminance correlation=0.998928,Supported,true
44.jpg,train,original,44.jpg,train,resize,resized_duplicate,same filename; 369x277->640x480; LANCZOS RGB MAE=14.6572; 64x64 luminance correlation=0.99829,Supported,true
46.jpg,train,original,46.jpg,train,resize,resized_duplicate,same filename; 369x277->640x480; LANCZOS RGB MAE=13.7706; 64x64 luminance correlation=0.998951,Supported,true
47.jpg,train,original,47.jpg,train,resize,resized_duplicate,same filename; 369x277->640x480; LANCZOS RGB MAE=13.1331; 64x64 luminance correlation=0.998398,Supported,true
48.jpg,train,original,48.jpg,train,resize,resized_duplicate,same filename; 369x277->640x480; LANCZOS RGB MAE=6.7494; 64x64 luminance correlation=0.998905,Supported,true
49000.jpg,train,original,49000.jpg,train,resize,resized_duplicate,same filename; 369x277->640x480; LANCZOS RGB MAE=8.9619; 64x64 luminance correlation=0.999148,Supported,true
50.jpg,train,original,50.jpg,train,resize,resized_duplicate,same filename; 369x277->640x480; LANCZOS RGB MAE=6.8577; 64x64 luminance correlation=0.999266,Supported,true
51.jpg,train,original,51.jpg,train,resize,resized_duplicate,same filename; 277x369->480x640; LANCZOS RGB MAE=15.5487; 64x64 luminance correlation=0.998294,Supported,true
52.jpg,train,original,52.jpg,train,resize,resized_duplicate,same filename; 277x369->480x640; LANCZOS RGB MAE=15.4546; 64x64 luminance correlation=0.998541,Supported,true
53.jpg,train,original,53.jpg,train,resize,resized_duplicate,same filename; 369x277->640x480; LANCZOS RGB MAE=11.6086; 64x64 luminance correlation=0.999166,Supported,true
54.jpg,train,original,54.jpg,train,resize,resized_duplicate,same filename; 369x277->640x480; LANCZOS RGB MAE=10.7441; 64x64 luminance correlation=0.999124,Supported,true
55000.jpg,train,original,55000.jpg,train,resize,resized_duplicate,same filename; 369x277->640x480; LANCZOS RGB MAE=14.2726; 64x64 luminance correlation=0.998766,Supported,true
56.jpg,train,original,56.jpg,train,resize,resized_duplicate,same filename; 369x277->640x480; LANCZOS RGB MAE=7.1816; 64x64 luminance correlation=0.998979,Supported,true
57.jpg,train,original,57.jpg,train,resize,resized_duplicate,same filename; 369x277->640x480; LANCZOS RGB MAE=10.3389; 64x64 luminance correlation=0.998771,Supported,true
58.jpg,train,original,58.jpg,train,resize,resized_duplicate,same filename; 277x369->480x640; LANCZOS RGB MAE=5.7651; 64x64 luminance correlation=0.999667,Supported,true
6.jpg,train,original,6.jpg,train,resize,resized_duplicate,same filename; 369x277->640x480; LANCZOS RGB MAE=15.5596; 64x64 luminance correlation=0.998164,Supported,true
6.jpg,train,original,6_brightness.jpg,train,original,filename_family,same suffix-normalized family=6; 64x64 correlation=0.994387; identical polygons=True,Candidate,false
60000.jpg,train,original,60000.jpg,train,resize,resized_duplicate,same filename; 369x277->640x480; LANCZOS RGB MAE=5.5228; 64x64 luminance correlation=0.999388,Supported,true
61.jpg,train,original,61.jpg,train,resize,resized_duplicate,same filename; 369x277->640x480; LANCZOS RGB MAE=4.9051; 64x64 luminance correlation=0.999356,Supported,true
62.jpg,train,original,62.jpg,train,resize,resized_duplicate,same filename; 369x277->640x480; LANCZOS RGB MAE=12.0695; 64x64 luminance correlation=0.998033,Supported,true
63000.jpg,train,original,63000.jpg,train,resize,resized_duplicate,same filename; 369x277->640x480; LANCZOS RGB MAE=10.3859; 64x64 luminance correlation=0.998607,Supported,true
64.jpg,train,original,64.jpg,train,resize,resized_duplicate,same filename; 369x277->640x480; LANCZOS RGB MAE=11.0732; 64x64 luminance correlation=0.998519,Supported,true
66000.jpg,train,original,66000.jpg,train,resize,resized_duplicate,same filename; 369x277->640x480; LANCZOS RGB MAE=7.3737; 64x64 luminance correlation=0.999455,Supported,true
68.jpg,train,original,68.jpg,train,resize,resized_duplicate,same filename; 369x277->640x480; LANCZOS RGB MAE=6.9; 64x64 luminance correlation=0.99918,Supported,true
6_brightness.jpg,train,original,6_brightness.jpg,train,resize,resized_duplicate,same filename; 369x277->640x480; LANCZOS RGB MAE=16.5347; 64x64 luminance correlation=0.997931,Supported,true
700000.jpg,train,original,700000.jpg,train,resize,resized_duplicate,same filename; 369x277->640x480; LANCZOS RGB MAE=6.5375; 64x64 luminance correlation=0.99874,Supported,true
73.jpg,train,original,73.jpg,train,resize,resized_duplicate,same filename; 277x369->480x640; LANCZOS RGB MAE=7.8475; 64x64 luminance correlation=0.999461,Supported,true
74.jpg,train,original,74.jpg,train,resize,resized_duplicate,same filename; 369x277->640x480; LANCZOS RGB MAE=9.0367; 64x64 luminance correlation=0.998716,Supported,true
7500.jpg,train,original,7500.jpg,train,resize,resized_duplicate,same filename; 369x277->640x480; LANCZOS RGB MAE=12.2512; 64x64 luminance correlation=0.997979,Supported,true
7600.jpg,train,original,7600.jpg,train,resize,resized_duplicate,same filename; 369x277->640x480; LANCZOS RGB MAE=12.2212; 64x64 luminance correlation=0.999337,Supported,true
7600.jpg,train,original,7600_brightness.jpg,train,original,augmentation_derivative,same suffix-normalized family=7600; 64x64 correlation=0.997367; identical polygons=True,Strongly Supported,true
7600_brightness.jpg,train,original,7600_brightness.jpg,train,resize,resized_duplicate,same filename; 369x277->640x480; LANCZOS RGB MAE=13.4343; 64x64 luminance correlation=0.999208,Supported,true
77.jpg,train,original,77.jpg,train,resize,resized_duplicate,same filename; 277x369->480x640; LANCZOS RGB MAE=10.5285; 64x64 luminance correlation=0.998952,Supported,true
77.jpg,train,original,77_brightness.jpg,train,original,augmentation_derivative,same suffix-normalized family=77; 64x64 correlation=0.995921; identical polygons=True,Strongly Supported,true
77_brightness.jpg,train,original,77_brightness.jpg,train,resize,resized_duplicate,same filename; 277x369->480x640; LANCZOS RGB MAE=11.5832; 64x64 luminance correlation=0.998894,Supported,true
8000.jpg,train,original,8000.jpg,train,resize,resized_duplicate,same filename; 369x277->640x480; LANCZOS RGB MAE=10.1377; 64x64 luminance correlation=0.998493,Supported,true
8400.jpg,train,original,8400.jpg,train,resize,resized_duplicate,same filename; 369x277->640x480; LANCZOS RGB MAE=8.1451; 64x64 luminance correlation=0.998728,Supported,true
8500.jpg,train,original,8500.jpg,train,resize,resized_duplicate,same filename; 369x277->640x480; LANCZOS RGB MAE=14.1939; 64x64 luminance correlation=0.998354,Supported,true
8700.jpg,train,original,8700.jpg,train,resize,resized_duplicate,same filename; 369x277->640x480; LANCZOS RGB MAE=8.5943; 64x64 luminance correlation=0.99897,Supported,true
89.jpg,train,original,89.jpg,train,resize,resized_duplicate,same filename; 369x277->640x480; LANCZOS RGB MAE=12.0158; 64x64 luminance correlation=0.998033,Supported,true
9.jpg,train,original,9.jpg,train,resize,resized_duplicate,same filename; 277x369->480x640; LANCZOS RGB MAE=7.9291; 64x64 luminance correlation=0.999072,Supported,true
9.jpg,train,original,9_brightness.jpg,train,original,filename_family,same suffix-normalized family=9; 64x64 correlation=0.994776; identical polygons=True,Candidate,false
9000.jpg,train,original,9000.jpg,train,resize,resized_duplicate,same filename; 277x369->480x640; LANCZOS RGB MAE=8.3296; 64x64 luminance correlation=0.998916,Supported,true
9_brightness.jpg,train,original,9_brightness.jpg,train,resize,resized_duplicate,same filename; 277x369->480x640; LANCZOS RGB MAE=8.2121; 64x64 luminance correlation=0.998971,Supported,true
IMG_12320.jpg,train,original,IMG_12320.jpg,train,resize,resized_duplicate,same filename; 404x303->640x480; LANCZOS RGB MAE=1.3997; 64x64 luminance correlation=0.999945,Supported,true
IMG_12350.jpg,train,original,IMG_12350.jpg,train,resize,resized_duplicate,same filename; 404x303->640x480; LANCZOS RGB MAE=1.3857; 64x64 luminance correlation=0.999939,Supported,true
IMG_1237.jpg,train,original,IMG_1237.jpg,train,resize,resized_duplicate,same filename; 404x303->640x480; LANCZOS RGB MAE=1.3856; 64x64 luminance correlation=0.999936,Supported,true
IMG_1237.jpg,train,original,IMG_1237_brightness.jpg,train,original,augmentation_derivative,same suffix-normalized family=img_1237; 64x64 correlation=0.996410; identical polygons=True,Strongly Supported,true
IMG_1237_brightness.jpg,train,original,IMG_1237_brightness.jpg,train,resize,resized_duplicate,same filename; 404x303->640x480; LANCZOS RGB MAE=1.392; 64x64 luminance correlation=0.99993,Supported,true
IMG_12380.jpg,train,original,IMG_12380.jpg,train,resize,resized_duplicate,same filename; 404x303->640x480; LANCZOS RGB MAE=1.4717; 64x64 luminance correlation=0.999815,Supported,true
IMG_12390.jpg,train,original,IMG_12390.jpg,train,resize,resized_duplicate,same filename; 404x303->640x480; LANCZOS RGB MAE=1.1883; 64x64 luminance correlation=0.999966,Supported,true
IMG_12400_brightness.jpg,train,original,IMG_12400_brightness.jpg,train,resize,resized_duplicate,same filename; 404x303->640x480; LANCZOS RGB MAE=1.386; 64x64 luminance correlation=0.999918,Supported,true
IMG_12400_brightness.jpg,train,original,IMG_12400.jpg,val,original,augmentation_derivative,64x64 luminance correlation=0.996802; identical region list=True,Strongly Supported,true
IMG_12410.jpg,train,original,IMG_12410.jpg,train,resize,resized_duplicate,same filename; 404x303->640x480; LANCZOS RGB MAE=1.3255; 64x64 luminance correlation=0.999938,Supported,true
IMG_12430.jpg,train,original,IMG_12430.jpg,train,resize,resized_duplicate,same filename; 404x303->640x480; LANCZOS RGB MAE=1.3843; 64x64 luminance correlation=0.999922,Supported,true
IMG_12440.jpg,train,original,IMG_12440.jpg,train,resize,resized_duplicate,same filename; 404x303->640x480; LANCZOS RGB MAE=1.4576; 64x64 luminance correlation=0.999929,Supported,true
IMG_12450.jpg,train,original,IMG_12450.jpg,train,resize,resized_duplicate,same filename; 404x303->640x480; LANCZOS RGB MAE=1.2246; 64x64 luminance correlation=0.999963,Supported,true
IMG_12450.jpg,train,original,IMG_12450_brightness.jpg,train,original,augmentation_derivative,same suffix-normalized family=img_12450; 64x64 correlation=0.998253; identical polygons=True,Strongly Supported,true
IMG_12450_brightness.jpg,train,original,IMG_12450_brightness.jpg,train,resize,resized_duplicate,same filename; 404x303->640x480; LANCZOS RGB MAE=1.2369; 64x64 luminance correlation=0.999951,Supported,true
IMG_12460_brightness.jpg,train,original,IMG_12460_brightness.jpg,train,resize,resized_duplicate,same filename; 404x303->640x480; LANCZOS RGB MAE=1.2987; 64x64 luminance correlation=0.99995,Supported,true
IMG_12460_brightness.jpg,train,original,IMG_12460.jpg,val,original,augmentation_derivative,64x64 luminance correlation=0.998318; identical region list=True,Strongly Supported,true
IMG_12470.jpg,train,original,IMG_12470.jpg,train,resize,resized_duplicate,same filename; 404x303->640x480; LANCZOS RGB MAE=1.3506; 64x64 luminance correlation=0.999939,Supported,true
IMG_12470.jpg,train,original,IMG_12470_brightness.jpg,train,original,filename_family,same suffix-normalized family=img_12470; 64x64 correlation=0.994848; identical polygons=True,Candidate,false
IMG_12470_brightness.jpg,train,original,IMG_12470_brightness.jpg,train,resize,resized_duplicate,same filename; 404x303->640x480; LANCZOS RGB MAE=1.3466; 64x64 luminance correlation=0.999936,Supported,true
IMG_1250.jpg,train,original,IMG_1250.jpg,train,resize,resized_duplicate,same filename; 404x303->640x480; LANCZOS RGB MAE=1.1392; 64x64 luminance correlation=0.999971,Supported,true
IMG_1251.jpg,train,original,IMG_1251.jpg,train,resize,resized_duplicate,same filename; 404x303->640x480; LANCZOS RGB MAE=1.1513; 64x64 luminance correlation=0.999972,Supported,true
IMG_1252.jpg,train,original,IMG_1252.jpg,train,resize,resized_duplicate,same filename; 404x303->640x480; LANCZOS RGB MAE=1.5496; 64x64 luminance correlation=0.999873,Supported,true
IMG_12530.jpg,train,original,IMG_12530.jpg,train,resize,resized_duplicate,same filename; 404x303->640x480; LANCZOS RGB MAE=1.2516; 64x64 luminance correlation=0.999969,Supported,true
IMG_12540.jpg,train,original,IMG_12540.jpg,train,resize,resized_duplicate,same filename; 404x303->640x480; LANCZOS RGB MAE=1.2784; 64x64 luminance correlation=0.999968,Supported,true
IMG_1255.jpg,train,original,IMG_1255.jpg,train,resize,resized_duplicate,same filename; 404x303->640x480; LANCZOS RGB MAE=1.4109; 64x64 luminance correlation=0.999928,Supported,true
IMG_1256.jpg,train,original,IMG_1256.jpg,train,resize,resized_duplicate,same filename; 404x303->640x480; LANCZOS RGB MAE=1.3757; 64x64 luminance correlation=0.999906,Supported,true
IMG_12580.jpg,train,original,IMG_12580.jpg,train,resize,resized_duplicate,same filename; 404x303->640x480; LANCZOS RGB MAE=1.4056; 64x64 luminance correlation=0.999836,Supported,true
IMG_1261.jpg,train,original,IMG_1261.jpg,train,resize,resized_duplicate,same filename; 404x303->640x480; LANCZOS RGB MAE=1.4103; 64x64 luminance correlation=0.999903,Supported,true
IMG_1261.jpg,train,original,IMG_1261_brightness.jpg,train,original,augmentation_derivative,same suffix-normalized family=img_1261; 64x64 correlation=0.997444; identical polygons=True,Strongly Supported,true
IMG_1261_brightness.jpg,train,original,IMG_1261_brightness.jpg,train,resize,resized_duplicate,same filename; 404x303->640x480; LANCZOS RGB MAE=1.4085; 64x64 luminance correlation=0.999888,Supported,true
IMG_1262.jpg,train,original,IMG_1262.jpg,train,resize,resized_duplicate,same filename; 404x303->640x480; LANCZOS RGB MAE=1.5475; 64x64 luminance correlation=0.99991,Supported,true
IMG_1263.jpg,train,original,IMG_1263.jpg,train,resize,resized_duplicate,same filename; 404x303->640x480; LANCZOS RGB MAE=1.61; 64x64 luminance correlation=0.999903,Supported,true
IMG_12640.jpg,train,original,IMG_12640.jpg,train,resize,resized_duplicate,same filename; 404x303->640x480; LANCZOS RGB MAE=1.3758; 64x64 luminance correlation=0.999925,Supported,true
IMG_12700.jpg,train,original,IMG_12700.jpg,train,resize,resized_duplicate,same filename; 404x303->640x480; LANCZOS RGB MAE=1.5274; 64x64 luminance correlation=0.99991,Supported,true
IMG_12710.jpg,train,original,IMG_12710.jpg,train,resize,resized_duplicate,same filename; 404x303->640x480; LANCZOS RGB MAE=1.6297; 64x64 luminance correlation=0.999887,Supported,true
IMG_12740.jpg,train,original,IMG_12740.jpg,train,resize,resized_duplicate,same filename; 404x303->640x480; LANCZOS RGB MAE=1.2637; 64x64 luminance correlation=0.999957,Supported,true
IMG_12750.jpg,train,original,IMG_12750.jpg,train,resize,resized_duplicate,same filename; 404x303->640x480; LANCZOS RGB MAE=1.3275; 64x64 luminance correlation=0.999952,Supported,true
IMG_1276.jpg,train,original,IMG_1276.jpg,train,resize,resized_duplicate,same filename; 404x303->640x480; LANCZOS RGB MAE=1.1866; 64x64 luminance correlation=0.999961,Supported,true
IMG_12780.jpg,train,original,IMG_12780.jpg,train,resize,resized_duplicate,same filename; 404x303->640x480; LANCZOS RGB MAE=1.3545; 64x64 luminance correlation=0.999952,Supported,true
IMG_12800.jpg,train,original,IMG_12800.jpg,train,resize,resized_duplicate,same filename; 404x303->640x480; LANCZOS RGB MAE=1.011; 64x64 luminance correlation=0.999979,Supported,true
IMG_12810_brightness.jpg,train,original,IMG_12810_brightness.jpg,train,resize,resized_duplicate,same filename; 404x303->640x480; LANCZOS RGB MAE=1.0406; 64x64 luminance correlation=0.999976,Supported,true
IMG_12810_brightness.jpg,train,original,IMG_12810.jpg,val,original,augmentation_derivative,64x64 luminance correlation=0.997151; identical region list=True,Strongly Supported,true
IMG_1282.jpg,train,original,IMG_1282.jpg,train,resize,resized_duplicate,same filename; 404x303->640x480; LANCZOS RGB MAE=1.6631; 64x64 luminance correlation=0.999912,Supported,true
IMG_1284.jpg,train,original,IMG_1284.jpg,train,resize,resized_duplicate,same filename; 404x303->640x480; LANCZOS RGB MAE=1.2073; 64x64 luminance correlation=0.999955,Supported,true
IMG_1284.jpg,train,original,IMG_1284_brightness.jpg,train,original,augmentation_derivative,same suffix-normalized family=img_1284; 64x64 correlation=0.996532; identical polygons=True,Strongly Supported,true
IMG_1284_brightness.jpg,train,original,IMG_1284_brightness.jpg,train,resize,resized_duplicate,same filename; 404x303->640x480; LANCZOS RGB MAE=1.207; 64x64 luminance correlation=0.999954,Supported,true
IMG_1286.jpg,train,original,IMG_1286.jpg,train,resize,resized_duplicate,same filename; 404x303->640x480; LANCZOS RGB MAE=0.9982; 64x64 luminance correlation=0.99997,Supported,true
IMG_1286.jpg,train,original,IMG_1286_brightness.jpg,train,original,augmentation_derivative,same suffix-normalized family=img_1286; 64x64 correlation=0.997440; identical polygons=True,Strongly Supported,true
IMG_1286_brightness.jpg,train,original,IMG_1286_brightness.jpg,train,resize,resized_duplicate,same filename; 404x303->640x480; LANCZOS RGB MAE=1.0075; 64x64 luminance correlation=0.99997,Supported,true
IMG_1287.jpg,train,original,IMG_1287.jpg,train,resize,resized_duplicate,same filename; 404x303->640x480; LANCZOS RGB MAE=1.1065; 64x64 luminance correlation=0.999949,Supported,true
IMG_1287.jpg,train,original,IMG_1287_brightness.jpg,train,original,augmentation_derivative,same suffix-normalized family=img_1287; 64x64 correlation=0.996140; identical polygons=True,Strongly Supported,true
IMG_1287_brightness.jpg,train,original,IMG_1287_brightness.jpg,train,resize,resized_duplicate,same filename; 404x303->640x480; LANCZOS RGB MAE=1.1157; 64x64 luminance correlation=0.999953,Supported,true
IMG_12890.jpg,train,original,IMG_12890.jpg,train,resize,resized_duplicate,same filename; 404x303->640x480; LANCZOS RGB MAE=1.2649; 64x64 luminance correlation=0.999945,Supported,true
IMG_12900.jpg,train,original,IMG_12900.jpg,train,resize,resized_duplicate,same filename; 404x303->640x480; LANCZOS RGB MAE=1.3011; 64x64 luminance correlation=0.999938,Supported,true
IMG_12910.jpg,train,original,IMG_12910.jpg,train,resize,resized_duplicate,same filename; 404x303->640x480; LANCZOS RGB MAE=1.1211; 64x64 luminance correlation=0.999972,Supported,true
IMG_12920.jpg,train,original,IMG_12920.jpg,train,resize,resized_duplicate,same filename; 404x303->640x480; LANCZOS RGB MAE=1.0898; 64x64 luminance correlation=0.999972,Supported,true
IMG_12940.jpg,train,original,IMG_12940.jpg,train,resize,resized_duplicate,same filename; 404x303->640x480; LANCZOS RGB MAE=1.5266; 64x64 luminance correlation=0.999887,Supported,true
IMG_12950.jpg,train,original,IMG_12950.jpg,train,resize,resized_duplicate,same filename; 404x303->640x480; LANCZOS RGB MAE=1.2724; 64x64 luminance correlation=0.999956,Supported,true
IMG_12950.jpg,train,original,IMG_12950_brightness.jpg,train,original,augmentation_derivative,same suffix-normalized family=img_12950; 64x64 correlation=0.997659; identical polygons=True,Strongly Supported,true
IMG_12950_brightness.jpg,train,original,IMG_12950_brightness.jpg,train,resize,resized_duplicate,same filename; 404x303->640x480; LANCZOS RGB MAE=1.2957; 64x64 luminance correlation=0.999952,Supported,true
IMG_12960.jpg,train,original,IMG_12960.jpg,train,resize,resized_duplicate,same filename; 404x303->640x480; LANCZOS RGB MAE=1.3171; 64x64 luminance correlation=0.999952,Supported,true
IMG_12960.jpg,train,original,IMG_12960_brightness.jpg,train,original,augmentation_derivative,same suffix-normalized family=img_12960; 64x64 correlation=0.997648; identical polygons=True,Strongly Supported,true
IMG_12960_brightness.jpg,train,original,IMG_12960_brightness.jpg,train,resize,resized_duplicate,same filename; 404x303->640x480; LANCZOS RGB MAE=1.3423; 64x64 luminance correlation=0.999943,Supported,true
IMG_12970.jpg,train,original,IMG_12970.jpg,train,resize,resized_duplicate,same filename; 404x303->640x480; LANCZOS RGB MAE=1.3831; 64x64 luminance correlation=0.999936,Supported,true
IMG_12970.jpg,train,original,IMG_12970_brightness.jpg,train,original,augmentation_derivative,same suffix-normalized family=img_12970; 64x64 correlation=0.995950; identical polygons=True,Strongly Supported,true
IMG_12970_brightness.jpg,train,original,IMG_12970_brightness.jpg,train,resize,resized_duplicate,same filename; 404x303->640x480; LANCZOS RGB MAE=1.3994; 64x64 luminance correlation=0.999913,Supported,true
IMG_12980.jpg,train,original,IMG_12980.jpg,train,resize,resized_duplicate,same filename; 404x303->640x480; LANCZOS RGB MAE=1.3066; 64x64 luminance correlation=0.999926,Supported,true
IMG_12980.jpg,train,original,IMG_12980_brightness.jpg,train,original,augmentation_derivative,same suffix-normalized family=img_12980; 64x64 correlation=0.997708; identical polygons=True,Strongly Supported,true
IMG_12980_brightness.jpg,train,original,IMG_12980_brightness.jpg,train,resize,resized_duplicate,same filename; 404x303->640x480; LANCZOS RGB MAE=1.3194; 64x64 luminance correlation=0.999908,Supported,true
IMG_12990.jpg,train,original,IMG_12990.jpg,train,resize,resized_duplicate,same filename; 404x303->640x480; LANCZOS RGB MAE=1.0529; 64x64 luminance correlation=0.999973,Supported,true
IMG_13000.jpg,train,original,IMG_13000.jpg,train,resize,resized_duplicate,same filename; 404x303->640x480; LANCZOS RGB MAE=1.0673; 64x64 luminance correlation=0.999967,Supported,true
IMG_13010.jpg,train,original,IMG_13010.jpg,train,resize,resized_duplicate,same filename; 404x303->640x480; LANCZOS RGB MAE=1.2079; 64x64 luminance correlation=0.999966,Supported,true
IMG_13020.jpg,train,original,IMG_13020.jpg,train,resize,resized_duplicate,same filename; 404x303->640x480; LANCZOS RGB MAE=1.1943; 64x64 luminance correlation=0.999957,Supported,true
IMG_13030.jpg,train,original,IMG_13030.jpg,train,resize,resized_duplicate,same filename; 404x303->640x480; LANCZOS RGB MAE=1.2741; 64x64 luminance correlation=0.999974,Supported,true
IMG_13030.jpg,train,original,IMG_13030_brightness.jpg,train,original,augmentation_derivative,same suffix-normalized family=img_13030; 64x64 correlation=0.998075; identical polygons=True,Strongly Supported,true
IMG_13030.jpg,train,original,IMG_13030_noise.jpg,train,original,augmentation_derivative,same suffix-normalized family=img_13030; 64x64 correlation=0.999737; identical polygons=True,Strongly Supported,true
IMG_13030_brightness.jpg,train,original,IMG_13030_brightness.jpg,train,resize,resized_duplicate,same filename; 404x303->640x480; LANCZOS RGB MAE=1.2802; 64x64 luminance correlation=0.999975,Supported,true
IMG_13030_brightness.jpg,train,original,IMG_13030_noise.jpg,train,original,augmentation_derivative,same suffix-normalized family=img_13030; 64x64 correlation=0.998185; identical polygons=True,Strongly Supported,true
IMG_13030_noise.jpg,train,original,IMG_13030_noise.jpg,train,resize,resized_duplicate,same filename; 404x303->640x480; LANCZOS RGB MAE=2.0733; 64x64 luminance correlation=0.999975,Supported,true
IMG_1304_brightness.jpg,train,original,IMG_1304_brightness.jpg,train,resize,resized_duplicate,same filename; 404x303->640x480; LANCZOS RGB MAE=1.378; 64x64 luminance correlation=0.999969,Supported,true
IMG_1304_brightness.jpg,train,original,IMG_1304_noise.jpg,train,original,augmentation_derivative,same suffix-normalized family=img_1304; 64x64 correlation=0.997867; identical polygons=True,Strongly Supported,true
IMG_1304_noise.jpg,train,original,IMG_1304_noise.jpg,train,resize,resized_duplicate,same filename; 404x303->640x480; LANCZOS RGB MAE=2.1194; 64x64 luminance correlation=0.999968,Supported,true
IMG_1305.jpg,train,original,IMG_1305.jpg,train,resize,resized_duplicate,same filename; 404x303->640x480; LANCZOS RGB MAE=1.2482; 64x64 luminance correlation=0.999967,Supported,true
IMG_1305.jpg,train,original,IMG_1305_brightness.jpg,train,original,augmentation_derivative,same suffix-normalized family=img_1305; 64x64 correlation=0.996765; identical polygons=True,Strongly Supported,true
IMG_1305.jpg,train,original,IMG_1305_noise.jpg,train,original,augmentation_derivative,same suffix-normalized family=img_1305; 64x64 correlation=0.999761; identical polygons=True,Strongly Supported,true
IMG_1305_brightness.jpg,train,original,IMG_1305_brightness.jpg,train,resize,resized_duplicate,same filename; 404x303->640x480; LANCZOS RGB MAE=1.2431; 64x64 luminance correlation=0.99997,Supported,true
IMG_1305_brightness.jpg,train,original,IMG_1305_noise.jpg,train,original,augmentation_derivative,same suffix-normalized family=img_1305; 64x64 correlation=0.996912; identical polygons=True,Strongly Supported,true
IMG_1305_noise.jpg,train,original,IMG_1305_noise.jpg,train,resize,resized_duplicate,same filename; 404x303->640x480; LANCZOS RGB MAE=2.0924; 64x64 luminance correlation=0.999972,Supported,true
IMG_13070.jpg,train,original,IMG_13070.jpg,train,resize,resized_duplicate,same filename; 404x303->640x480; LANCZOS RGB MAE=1.33; 64x64 luminance correlation=0.999959,Supported,true
IMG_13080.jpg,train,original,IMG_13080.jpg,train,resize,resized_duplicate,same filename; 404x303->640x480; LANCZOS RGB MAE=1.2362; 64x64 luminance correlation=0.999973,Supported,true
IMG_13080.jpg,train,original,IMG_13080_brightness.jpg,train,original,augmentation_derivative,same suffix-normalized family=img_13080; 64x64 correlation=0.997492; identical polygons=True,Strongly Supported,true
IMG_13080.jpg,train,original,IMG_13080_noise.jpg,train,original,augmentation_derivative,same suffix-normalized family=img_13080; 64x64 correlation=0.999738; identical polygons=True,Strongly Supported,true
IMG_13080_brightness.jpg,train,original,IMG_13080_brightness.jpg,train,resize,resized_duplicate,same filename; 404x303->640x480; LANCZOS RGB MAE=1.2139; 64x64 luminance correlation=0.999977,Supported,true
IMG_13080_brightness.jpg,train,original,IMG_13080_noise.jpg,train,original,augmentation_derivative,same suffix-normalized family=img_13080; 64x64 correlation=0.997487; identical polygons=True,Strongly Supported,true
IMG_13080_noise.jpg,train,original,IMG_13080_noise.jpg,train,resize,resized_duplicate,same filename; 404x303->640x480; LANCZOS RGB MAE=2.0735; 64x64 luminance correlation=0.999975,Supported,true
IMG_13100.jpg,train,original,IMG_13100.jpg,train,resize,resized_duplicate,same filename; 404x303->640x480; LANCZOS RGB MAE=1.4069; 64x64 luminance correlation=0.99996,Supported,true
IMG_13120.jpg,train,original,IMG_13120.jpg,train,resize,resized_duplicate,same filename; 404x303->640x480; LANCZOS RGB MAE=1.2007; 64x64 luminance correlation=0.999956,Supported,true
IMG_13140.jpg,train,original,IMG_13140.jpg,train,resize,resized_duplicate,same filename; 404x303->640x480; LANCZOS RGB MAE=1.3665; 64x64 luminance correlation=0.999955,Supported,true
IMG_13160.jpg,train,original,IMG_13160.jpg,train,resize,resized_duplicate,same filename; 404x303->640x480; LANCZOS RGB MAE=1.3698; 64x64 luminance correlation=0.99997,Supported,true
IMG_13170.jpg,train,original,IMG_13170.jpg,train,resize,resized_duplicate,same filename; 404x303->640x480; LANCZOS RGB MAE=1.3657; 64x64 luminance correlation=0.999963,Supported,true
IMG_13200.jpg,train,original,IMG_13200.jpg,train,resize,resized_duplicate,same filename; 404x303->640x480; LANCZOS RGB MAE=1.2291; 64x64 luminance correlation=0.999964,Supported,true
IMG_13210.jpg,train,original,IMG_13210.jpg,train,resize,resized_duplicate,same filename; 404x303->640x480; LANCZOS RGB MAE=1.2444; 64x64 luminance correlation=0.999956,Supported,true
IMG_13230.jpg,train,original,IMG_13230.jpg,train,resize,resized_duplicate,same filename; 404x303->640x480; LANCZOS RGB MAE=1.4075; 64x64 luminance correlation=0.999943,Supported,true
IMG_13240.jpg,train,original,IMG_13240.jpg,train,resize,resized_duplicate,same filename; 404x303->640x480; LANCZOS RGB MAE=1.5068; 64x64 luminance correlation=0.999938,Supported,true
IMG_13250.jpg,train,original,IMG_13250.jpg,train,resize,resized_duplicate,same filename; 404x303->640x480; LANCZOS RGB MAE=1.3979; 64x64 luminance correlation=0.999955,Supported,true
IMG_13300.jpg,train,original,IMG_13300.jpg,train,resize,resized_duplicate,same filename; 404x303->640x480; LANCZOS RGB MAE=1.4656; 64x64 luminance correlation=0.999963,Supported,true
IMG_13350.jpg,train,original,IMG_13350.jpg,train,resize,resized_duplicate,same filename; 404x303->640x480; LANCZOS RGB MAE=1.3813; 64x64 luminance correlation=0.999939,Supported,true
IMG_13370.jpg,train,original,IMG_13370.jpg,train,resize,resized_duplicate,same filename; 404x303->640x480; LANCZOS RGB MAE=1.3045; 64x64 luminance correlation=0.999962,Supported,true
IMG_13390.jpg,train,original,IMG_13390.jpg,train,resize,resized_duplicate,same filename; 404x303->640x480; LANCZOS RGB MAE=1.2041; 64x64 luminance correlation=0.999944,Supported,true
IMG_13450.jpg,train,original,IMG_13450.jpg,train,resize,resized_duplicate,same filename; 404x303->640x480; LANCZOS RGB MAE=1.5422; 64x64 luminance correlation=0.999942,Supported,true
IMG_13470.jpg,train,original,IMG_13470.jpg,train,resize,resized_duplicate,same filename; 404x303->640x480; LANCZOS RGB MAE=1.4275; 64x64 luminance correlation=0.999972,Supported,true
IMG_13470.jpg,train,original,IMG_13470_brightness.jpg,train,original,augmentation_derivative,same suffix-normalized family=img_13470; 64x64 correlation=0.996845; identical polygons=True,Strongly Supported,true
IMG_13470_brightness.jpg,train,original,IMG_13470_brightness.jpg,train,resize,resized_duplicate,same filename; 404x303->640x480; LANCZOS RGB MAE=1.4126; 64x64 luminance correlation=0.999972,Supported,true
IMG_13480.jpg,train,original,IMG_13480.jpg,train,resize,resized_duplicate,same filename; 404x303->640x480; LANCZOS RGB MAE=1.4544; 64x64 luminance correlation=0.999959,Supported,true
IMG_13490.jpg,train,original,IMG_13490.jpg,train,resize,resized_duplicate,same filename; 404x303->640x480; LANCZOS RGB MAE=1.3239; 64x64 luminance correlation=0.999965,Supported,true
IMG_1350.jpg,train,original,IMG_1350.jpg,train,resize,resized_duplicate,same filename; 404x303->640x480; LANCZOS RGB MAE=1.3827; 64x64 luminance correlation=0.99996,Supported,true
IMG_1351.jpg,train,original,IMG_1351.jpg,train,resize,resized_duplicate,same filename; 404x303->640x480; LANCZOS RGB MAE=1.2707; 64x64 luminance correlation=0.999967,Supported,true
IMG_1352.jpg,train,original,IMG_1352.jpg,train,resize,resized_duplicate,same filename; 404x303->640x480; LANCZOS RGB MAE=1.2897; 64x64 luminance correlation=0.999951,Supported,true
IMG_1352.jpg,train,original,IMG_1352_brightness.jpg,train,original,augmentation_derivative,same suffix-normalized family=img_1352; 64x64 correlation=0.997636; identical polygons=True,Strongly Supported,true
IMG_1352.jpg,train,original,IMG_1352_noise.jpg,train,original,augmentation_derivative,same suffix-normalized family=img_1352; 64x64 correlation=0.999707; identical polygons=True,Strongly Supported,true
IMG_1352_brightness.jpg,train,original,IMG_1352_brightness.jpg,train,resize,resized_duplicate,same filename; 404x303->640x480; LANCZOS RGB MAE=1.291; 64x64 luminance correlation=0.999952,Supported,true
IMG_1352_brightness.jpg,train,original,IMG_1352_noise.jpg,train,original,augmentation_derivative,same suffix-normalized family=img_1352; 64x64 correlation=0.997722; identical polygons=True,Strongly Supported,true
IMG_1352_noise.jpg,train,original,IMG_1352_noise.jpg,train,resize,resized_duplicate,same filename; 404x303->640x480; LANCZOS RGB MAE=2.0767; 64x64 luminance correlation=0.999961,Supported,true
IMG_1354.jpg,train,original,IMG_1354.jpg,train,resize,resized_duplicate,same filename; 404x303->640x480; LANCZOS RGB MAE=1.3252; 64x64 luminance correlation=0.999969,Supported,true
IMG_1354.jpg,train,original,IMG_1354_brightness.jpg,train,original,augmentation_derivative,same suffix-normalized family=img_1354; 64x64 correlation=0.997472; identical polygons=True,Strongly Supported,true
IMG_1354_brightness.jpg,train,original,IMG_1354_brightness.jpg,train,resize,resized_duplicate,same filename; 404x303->640x480; LANCZOS RGB MAE=1.3163; 64x64 luminance correlation=0.999971,Supported,true
IMG_13550.jpg,train,original,IMG_13550.jpg,train,resize,resized_duplicate,same filename; 404x303->640x480; LANCZOS RGB MAE=1.6695; 64x64 luminance correlation=0.999846,Supported,true
IMG_13560.jpg,train,original,IMG_13560.jpg,train,resize,resized_duplicate,same filename; 404x303->640x480; LANCZOS RGB MAE=1.8189; 64x64 luminance correlation=0.999866,Supported,true
IMG_13570.jpg,train,original,IMG_13570.jpg,train,resize,resized_duplicate,same filename; 404x303->640x480; LANCZOS RGB MAE=1.7549; 64x64 luminance correlation=0.99985,Supported,true
IMG_13580.jpg,train,original,IMG_13580.jpg,train,resize,resized_duplicate,same filename; 404x303->640x480; LANCZOS RGB MAE=1.7771; 64x64 luminance correlation=0.999864,Supported,true
IMG_13600.jpg,train,original,IMG_13600.jpg,train,resize,resized_duplicate,same filename; 404x303->640x480; LANCZOS RGB MAE=1.362; 64x64 luminance correlation=0.999968,Supported,true
IMG_13620.jpg,train,original,IMG_13620.jpg,train,resize,resized_duplicate,same filename; 404x303->640x480; LANCZOS RGB MAE=1.547; 64x64 luminance correlation=0.999929,Supported,true
IMG_13630.jpg,train,original,IMG_13630.jpg,train,resize,resized_duplicate,same filename; 404x303->640x480; LANCZOS RGB MAE=1.3587; 64x64 luminance correlation=0.999947,Supported,true
IMG_13640.jpg,train,original,IMG_13640.jpg,train,resize,resized_duplicate,same filename; 404x303->640x480; LANCZOS RGB MAE=1.3795; 64x64 luminance correlation=0.999944,Supported,true
IMG_13650_brightness.jpg,train,original,IMG_13650_brightness.jpg,train,resize,resized_duplicate,same filename; 404x303->640x480; LANCZOS RGB MAE=1.2953; 64x64 luminance correlation=0.999972,Supported,true
IMG_13650_brightness.jpg,train,original,IMG_13650_noise.jpg,val,original,augmentation_derivative,64x64 luminance correlation=0.996511; identical region list=True,Strongly Supported,true
IMG_13660.jpg,train,original,IMG_13660.jpg,train,resize,resized_duplicate,same filename; 404x303->640x480; LANCZOS RGB MAE=1.4313; 64x64 luminance correlation=0.999956,Supported,true
IMG_13670.jpg,train,original,IMG_13670.jpg,train,resize,resized_duplicate,same filename; 404x303->640x480; LANCZOS RGB MAE=1.2855; 64x64 luminance correlation=0.999948,Supported,true
IMG_1369.jpg,train,original,IMG_1369.jpg,train,resize,resized_duplicate,same filename; 404x303->640x480; LANCZOS RGB MAE=1.5368; 64x64 luminance correlation=0.999951,Supported,true
IMG_13700_brightness.jpg,train,original,IMG_13700_brightness.jpg,train,resize,resized_duplicate,same filename; 404x303->640x480; LANCZOS RGB MAE=1.2435; 64x64 luminance correlation=0.999947,Supported,true
IMG_13700_brightness.jpg,train,original,IMG_13700.jpg,val,original,augmentation_derivative,64x64 luminance correlation=0.995642; identical region list=True,Strongly Supported,true
IMG_1371.jpg,train,original,IMG_1371.jpg,train,resize,resized_duplicate,same filename; 404x303->640x480; LANCZOS RGB MAE=1.8306; 64x64 luminance correlation=0.999694,Supported,true
IMG_13720.jpg,train,original,IMG_13720.jpg,train,resize,resized_duplicate,same filename; 404x303->640x480; LANCZOS RGB MAE=1.3328; 64x64 luminance correlation=0.999925,Supported,true
IMG_13730.jpg,train,original,IMG_13730.jpg,train,resize,resized_duplicate,same filename; 404x303->640x480; LANCZOS RGB MAE=1.5375; 64x64 luminance correlation=0.999893,Supported,true
IMG_13740.jpg,train,original,IMG_13740.jpg,train,resize,resized_duplicate,same filename; 404x303->640x480; LANCZOS RGB MAE=1.5359; 64x64 luminance correlation=0.999918,Supported,true
IMG_13740.jpg,train,original,IMG_13740_brightness.jpg,train,original,augmentation_derivative,same suffix-normalized family=img_13740; 64x64 correlation=0.997071; identical polygons=True,Strongly Supported,true
IMG_13740_brightness.jpg,train,original,IMG_13740_brightness.jpg,train,resize,resized_duplicate,same filename; 404x303->640x480; LANCZOS RGB MAE=1.5501; 64x64 luminance correlation=0.999891,Supported,true
IMG_13760.jpg,train,original,IMG_13760.jpg,train,resize,resized_duplicate,same filename; 404x303->640x480; LANCZOS RGB MAE=1.6926; 64x64 luminance correlation=0.999903,Supported,true
IMG_13790.jpg,train,original,IMG_13790.jpg,train,resize,resized_duplicate,same filename; 404x303->640x480; LANCZOS RGB MAE=1.2914; 64x64 luminance correlation=0.999954,Supported,true
IMG_13790.jpg,train,original,IMG_13790_brightness.jpg,train,original,augmentation_derivative,same suffix-normalized family=img_13790; 64x64 correlation=0.999037; identical polygons=True,Strongly Supported,true
IMG_13790_brightness.jpg,train,original,IMG_13790_brightness.jpg,train,resize,resized_duplicate,same filename; 404x303->640x480; LANCZOS RGB MAE=1.2955; 64x64 luminance correlation=0.999928,Supported,true
IMG_1381_brightness.jpg,train,original,IMG_1381_brightness.jpg,train,resize,resized_duplicate,same filename; 404x303->640x480; LANCZOS RGB MAE=1.6042; 64x64 luminance correlation=0.99987,Supported,true
IMG_1381_brightness.jpg,train,original,IMG_1381.jpg,val,original,augmentation_derivative,64x64 luminance correlation=0.996648; identical region list=True,Strongly Supported,true
IMG_1382.jpg,train,original,IMG_1382.jpg,train,resize,resized_duplicate,same filename; 404x303->640x480; LANCZOS RGB MAE=1.5812; 64x64 luminance correlation=0.999902,Supported,true
IMG_1382.jpg,train,original,IMG_1382_brightness.jpg,train,original,augmentation_derivative,same suffix-normalized family=img_1382; 64x64 correlation=0.996830; identical polygons=True,Strongly Supported,true
IMG_1382_brightness.jpg,train,original,IMG_1382_brightness.jpg,train,resize,resized_duplicate,same filename; 404x303->640x480; LANCZOS RGB MAE=1.5708; 64x64 luminance correlation=0.999884,Supported,true
IMG_13840.jpg,train,original,IMG_13840.jpg,train,resize,resized_duplicate,same filename; 404x303->640x480; LANCZOS RGB MAE=1.1633; 64x64 luminance correlation=0.999962,Supported,true
IMG_13860.jpg,train,original,IMG_13860.jpg,train,resize,resized_duplicate,same filename; 404x303->640x480; LANCZOS RGB MAE=1.5349; 64x64 luminance correlation=0.999938,Supported,true
IMG_1387_brightness.jpg,train,original,IMG_1387_brightness.jpg,train,resize,resized_duplicate,same filename; 404x303->640x480; LANCZOS RGB MAE=1.4077; 64x64 luminance correlation=0.999959,Supported,true
IMG_1387_brightness.jpg,train,original,IMG_1387_noise.jpg,val,original,augmentation_derivative,64x64 luminance correlation=0.997641; identical region list=True,Strongly Supported,true
IMG_1389_brightness.jpg,train,original,IMG_1389_brightness.jpg,train,resize,resized_duplicate,same filename; 404x303->640x480; LANCZOS RGB MAE=1.4873; 64x64 luminance correlation=0.999921,Supported,true
IMG_1389_brightness.jpg,train,original,IMG_1389_noise.jpg,train,original,augmentation_derivative,same suffix-normalized family=img_1389; 64x64 correlation=0.997043; identical polygons=True,Strongly Supported,true
IMG_1389_noise.jpg,train,original,IMG_1389_noise.jpg,train,resize,resized_duplicate,same filename; 404x303->640x480; LANCZOS RGB MAE=2.1258; 64x64 luminance correlation=0.999936,Supported,true
IMG_1390_noise.jpg,train,original,IMG_1390_noise.jpg,train,resize,resized_duplicate,same filename; 404x303->640x480; LANCZOS RGB MAE=2.0485; 64x64 luminance correlation=0.999974,Supported,true
IMG_1390_noise.jpg,train,original,IMG_1390_brightness.jpg,val,original,augmentation_derivative,64x64 luminance correlation=0.996688; identical region list=True,Strongly Supported,true
IMG_13910.jpg,train,original,IMG_13910.jpg,train,resize,resized_duplicate,same filename; 404x303->640x480; LANCZOS RGB MAE=1.2239; 64x64 luminance correlation=0.999958,Supported,true
IMG_13930_brightness.jpg,train,original,IMG_13930_brightness.jpg,train,resize,resized_duplicate,same filename; 404x303->640x480; LANCZOS RGB MAE=1.328; 64x64 luminance correlation=0.999951,Supported,true
IMG_13930_brightness.jpg,train,original,IMG_13930.jpg,val,original,augmentation_derivative,64x64 luminance correlation=0.997448; identical region list=True,Strongly Supported,true
IMG_13960_brightness.jpg,train,original,IMG_13960_brightness.jpg,train,resize,resized_duplicate,same filename; 404x303->640x480; LANCZOS RGB MAE=1.4092; 64x64 luminance correlation=0.999924,Supported,true
IMG_13960_brightness.jpg,train,original,IMG_13960.jpg,val,original,same_annotation_geometry,64x64 luminance correlation=0.994468; identical region list=True; Stage 2B-4H C01 human accepted same-source relation; physical acquisition ID unverified,Strongly Supported,true
IMG_1397.jpg,train,original,IMG_1397.jpg,train,resize,resized_duplicate,same filename; 404x303->640x480; LANCZOS RGB MAE=1.0876; 64x64 luminance correlation=0.999973,Supported,true
IMG_1399.jpg,train,original,IMG_1399.jpg,train,resize,resized_duplicate,same filename; 404x303->640x480; LANCZOS RGB MAE=1.5276; 64x64 luminance correlation=0.999938,Supported,true
IMG_14000.jpg,train,original,IMG_14000.jpg,train,resize,resized_duplicate,same filename; 404x303->640x480; LANCZOS RGB MAE=0.9925; 64x64 luminance correlation=0.999978,Supported,true
IMG_14020.jpg,train,original,IMG_14020.jpg,train,resize,resized_duplicate,same filename; 404x303->640x480; LANCZOS RGB MAE=0.9926; 64x64 luminance correlation=0.999976,Supported,true
IMG_14040_brightness.jpg,train,original,IMG_14040_brightness.jpg,train,resize,resized_duplicate,same filename; 404x303->640x480; LANCZOS RGB MAE=1.1916; 64x64 luminance correlation=0.999918,Supported,true
IMG_14040_brightness.jpg,train,original,IMG_14040.jpg,val,original,same_annotation_geometry,64x64 luminance correlation=0.990993; identical region list=True; Stage 2B-4H C02 human accepted same-source relation; physical acquisition ID unverified,Strongly Supported,true
IMG_1406.jpg,train,original,IMG_1406.jpg,train,resize,resized_duplicate,same filename; 404x303->640x480; LANCZOS RGB MAE=1.5015; 64x64 luminance correlation=0.999928,Supported,true
IMG_1406.jpg,train,original,IMG_1406_noise.jpg,train,original,augmentation_derivative,same suffix-normalized family=img_1406; 64x64 correlation=0.999499; identical polygons=True,Strongly Supported,true
IMG_1406.jpg,train,original,IMG_1406_brightness.jpg,val,original,augmentation_derivative,64x64 luminance correlation=0.996001; identical region list=True,Strongly Supported,true
IMG_1406_noise.jpg,train,original,IMG_1406_noise.jpg,train,resize,resized_duplicate,same filename; 404x303->640x480; LANCZOS RGB MAE=2.1527; 64x64 luminance correlation=0.999936,Supported,true
IMG_1406_noise.jpg,train,original,IMG_1406_brightness.jpg,val,original,augmentation_derivative,64x64 luminance correlation=0.996321; identical region list=True,Strongly Supported,true
IMG_1407.jpg,train,original,IMG_1407.jpg,train,resize,resized_duplicate,same filename; 404x303->640x480; LANCZOS RGB MAE=1.3534; 64x64 luminance correlation=0.999953,Supported,true
IMG_1407.jpg,train,original,IMG_1407_brightness.jpg,train,original,augmentation_derivative,same suffix-normalized family=img_1407; 64x64 correlation=0.998136; identical polygons=True,Strongly Supported,true
IMG_1407.jpg,train,original,IMG_1407_noise.jpg,train,original,augmentation_derivative,same suffix-normalized family=img_1407; 64x64 correlation=0.999699; identical polygons=True,Strongly Supported,true
IMG_1407_brightness.jpg,train,original,IMG_1407_brightness.jpg,train,resize,resized_duplicate,same filename; 404x303->640x480; LANCZOS RGB MAE=1.3502; 64x64 luminance correlation=0.999956,Supported,true
IMG_1407_brightness.jpg,train,original,IMG_1407_noise.jpg,train,original,augmentation_derivative,same suffix-normalized family=img_1407; 64x64 correlation=0.998005; identical polygons=True,Strongly Supported,true
IMG_1407_noise.jpg,train,original,IMG_1407_noise.jpg,train,resize,resized_duplicate,same filename; 404x303->640x480; LANCZOS RGB MAE=2.1185; 64x64 luminance correlation=0.999959,Supported,true
IMG_14100.jpg,train,original,IMG_14100.jpg,train,resize,resized_duplicate,same filename; 404x303->640x480; LANCZOS RGB MAE=1.3402; 64x64 luminance correlation=0.999961,Supported,true
IMG_14110.jpg,train,original,IMG_14110.jpg,train,resize,resized_duplicate,same filename; 404x303->640x480; LANCZOS RGB MAE=1.379; 64x64 luminance correlation=0.999964,Supported,true
IMG_14130.jpg,train,original,IMG_14120.jpg,test,original,unresolved_candidate,256-bit dHash distance=8; 64x64 luminance correlation=0.982534; identical region list=False; different source names,Candidate,false
IMG_14130.jpg,train,original,IMG_14130.jpg,train,resize,resized_duplicate,same filename; 404x303->640x480; LANCZOS RGB MAE=1.5773; 64x64 luminance correlation=0.99995,Supported,true
IMG_1414.jpg,train,original,IMG_1414.jpg,train,resize,resized_duplicate,same filename; 404x303->640x480; LANCZOS RGB MAE=1.2827; 64x64 luminance correlation=0.999969,Supported,true
IMG_14150.jpg,train,original,IMG_14150.jpg,train,resize,resized_duplicate,same filename; 404x303->640x480; LANCZOS RGB MAE=1.2972; 64x64 luminance correlation=0.999954,Supported,true
IMG_1418.jpg,train,original,IMG_1418.jpg,train,resize,resized_duplicate,same filename; 404x303->640x480; LANCZOS RGB MAE=1.2386; 64x64 luminance correlation=0.999972,Supported,true
IMG_1418.jpg,train,original,IMG_1418_brightness.jpg,train,original,augmentation_derivative,same suffix-normalized family=img_1418; 64x64 correlation=0.997874; identical polygons=True,Strongly Supported,true
IMG_1418.jpg,train,original,IMG_1418_noise.jpg,train,original,augmentation_derivative,same suffix-normalized family=img_1418; 64x64 correlation=0.999786; identical polygons=True,Strongly Supported,true
IMG_1418_brightness.jpg,train,original,IMG_1418_brightness.jpg,train,resize,resized_duplicate,same filename; 404x303->640x480; LANCZOS RGB MAE=1.2272; 64x64 luminance correlation=0.999976,Supported,true
IMG_1418_brightness.jpg,train,original,IMG_1418_noise.jpg,train,original,augmentation_derivative,same suffix-normalized family=img_1418; 64x64 correlation=0.998111; identical polygons=True,Strongly Supported,true
IMG_1418_noise.jpg,train,original,IMG_1418_noise.jpg,train,resize,resized_duplicate,same filename; 404x303->640x480; LANCZOS RGB MAE=2.0798; 64x64 luminance correlation=0.999976,Supported,true
IMG_1419_brightness.jpg,train,original,IMG_1419_brightness.jpg,train,resize,resized_duplicate,same filename; 404x303->640x480; LANCZOS RGB MAE=1.1935; 64x64 luminance correlation=0.999974,Supported,true
IMG_1419_brightness.jpg,train,original,IMG_1419_noise.jpg,val,original,augmentation_derivative,64x64 luminance correlation=0.997922; identical region list=True,Strongly Supported,true
IMG_1420.jpg,train,original,IMG_1420.jpg,train,resize,resized_duplicate,same filename; 404x303->640x480; LANCZOS RGB MAE=1.1134; 64x64 luminance correlation=0.999967,Supported,true
IMG_1421.jpg,train,original,IMG_1421.jpg,train,resize,resized_duplicate,same filename; 404x303->640x480; LANCZOS RGB MAE=1.2398; 64x64 luminance correlation=0.999964,Supported,true
IMG_1422.jpg,train,original,IMG_1422.jpg,train,resize,resized_duplicate,same filename; 404x303->640x480; LANCZOS RGB MAE=1.5143; 64x64 luminance correlation=0.999926,Supported,true
IMG_1423.jpg,train,original,IMG_1423.jpg,train,resize,resized_duplicate,same filename; 404x303->640x480; LANCZOS RGB MAE=1.4958; 64x64 luminance correlation=0.999908,Supported,true
IMG_14240.jpg,train,original,IMG_14240.jpg,train,resize,resized_duplicate,same filename; 404x303->640x480; LANCZOS RGB MAE=1.1533; 64x64 luminance correlation=0.999959,Supported,true
IMG_14250.jpg,train,original,IMG_14250.jpg,train,resize,resized_duplicate,same filename; 404x303->640x480; LANCZOS RGB MAE=1.3421; 64x64 luminance correlation=0.999903,Supported,true
IMG_14260.jpg,train,original,IMG_14260.jpg,train,resize,resized_duplicate,same filename; 404x303->640x480; LANCZOS RGB MAE=1.3973; 64x64 luminance correlation=0.999897,Supported,true
IMG_14270.jpg,train,original,IMG_14270.jpg,train,resize,resized_duplicate,same filename; 404x303->640x480; LANCZOS RGB MAE=1.1322; 64x64 luminance correlation=0.99998,Supported,true
IMG_14280.jpg,train,original,IMG_14280.jpg,train,resize,resized_duplicate,same filename; 404x303->640x480; LANCZOS RGB MAE=1.2137; 64x64 luminance correlation=0.999977,Supported,true
IMG_1429.jpg,train,original,IMG_1429.jpg,train,resize,resized_duplicate,same filename; 404x303->640x480; LANCZOS RGB MAE=1.3468; 64x64 luminance correlation=0.999957,Supported,true
IMG_14310.jpg,train,original,IMG_14310.jpg,train,resize,resized_duplicate,same filename; 404x303->640x480; LANCZOS RGB MAE=1.3281; 64x64 luminance correlation=0.999964,Supported,true
IMG_1432.jpg,train,original,IMG_1432.jpg,train,resize,resized_duplicate,same filename; 404x303->640x480; LANCZOS RGB MAE=1.0409; 64x64 luminance correlation=0.999984,Supported,true
IMG_14330.jpg,train,original,IMG_14330.jpg,train,resize,resized_duplicate,same filename; 404x303->640x480; LANCZOS RGB MAE=1.3943; 64x64 luminance correlation=0.999945,Supported,true
IMG_1434.jpg,train,original,IMG_1434.jpg,train,resize,resized_duplicate,same filename; 404x303->640x480; LANCZOS RGB MAE=1.0307; 64x64 luminance correlation=0.99998,Supported,true
IMG_14350.jpg,train,original,IMG_14350.jpg,train,resize,resized_duplicate,same filename; 404x303->640x480; LANCZOS RGB MAE=1.7451; 64x64 luminance correlation=0.999939,Supported,true
IMG_14360.jpg,train,original,IMG_14360.jpg,train,resize,resized_duplicate,same filename; 404x303->640x480; LANCZOS RGB MAE=1.1241; 64x64 luminance correlation=0.999981,Supported,true
IMG_14360.jpg,train,original,IMG_14360_noise.jpg,train,original,augmentation_derivative,same suffix-normalized family=img_14360; 64x64 correlation=0.999795; identical polygons=True,Strongly Supported,true
IMG_14360_noise.jpg,train,original,IMG_14360_noise.jpg,train,resize,resized_duplicate,same filename; 404x303->640x480; LANCZOS RGB MAE=2.071; 64x64 luminance correlation=0.999979,Supported,true
IMG_1437.jpg,train,original,IMG_1437.jpg,train,resize,resized_duplicate,same filename; 404x303->640x480; LANCZOS RGB MAE=1.0783; 64x64 luminance correlation=0.999981,Supported,true
IMG_14380.jpg,train,original,IMG_14380.jpg,train,resize,resized_duplicate,same filename; 404x303->640x480; LANCZOS RGB MAE=1.2381; 64x64 luminance correlation=0.999973,Supported,true
IMG_14390.jpg,train,original,IMG_14390.jpg,train,resize,resized_duplicate,same filename; 404x303->640x480; LANCZOS RGB MAE=1.4808; 64x64 luminance correlation=0.999917,Supported,true
IMG_1440.jpg,train,original,IMG_1440.jpg,train,resize,resized_duplicate,same filename; 404x303->640x480; LANCZOS RGB MAE=1.0509; 64x64 luminance correlation=0.999981,Supported,true
IMG_14410.jpg,train,original,IMG_14410.jpg,train,resize,resized_duplicate,same filename; 404x303->640x480; LANCZOS RGB MAE=1.2644; 64x64 luminance correlation=0.999976,Supported,true
IMG_14410.jpg,train,original,IMG_14410_brightness.jpg,train,original,augmentation_derivative,same suffix-normalized family=img_14410; 64x64 correlation=0.997699; identical polygons=True,Strongly Supported,true
IMG_14410.jpg,train,original,IMG_14410_noise.jpg,train,original,augmentation_derivative,same suffix-normalized family=img_14410; 64x64 correlation=0.999785; identical polygons=True,Strongly Supported,true
IMG_14410_brightness.jpg,train,original,IMG_14410_brightness.jpg,train,resize,resized_duplicate,same filename; 404x303->640x480; LANCZOS RGB MAE=1.2701; 64x64 luminance correlation=0.999975,Supported,true
IMG_14410_brightness.jpg,train,original,IMG_14410_noise.jpg,train,original,augmentation_derivative,same suffix-normalized family=img_14410; 64x64 correlation=0.997827; identical polygons=True,Strongly Supported,true
IMG_14410_noise.jpg,train,original,IMG_14410_noise.jpg,train,resize,resized_duplicate,same filename; 404x303->640x480; LANCZOS RGB MAE=2.0881; 64x64 luminance correlation=0.999977,Supported,true
IMG_14420_brightness.jpg,train,original,IMG_14420_brightness.jpg,train,resize,resized_duplicate,same filename; 404x303->640x480; LANCZOS RGB MAE=1.1679; 64x64 luminance correlation=0.999975,Supported,true
IMG_14420_brightness.jpg,train,original,IMG_14420_noise.jpg,train,original,augmentation_derivative,same suffix-normalized family=img_14420; 64x64 correlation=0.998868; identical polygons=True,Strongly Supported,true
IMG_14420_noise.jpg,train,original,IMG_14420_noise.jpg,train,resize,resized_duplicate,same filename; 404x303->640x480; LANCZOS RGB MAE=2.071; 64x64 luminance correlation=0.999974,Supported,true
IMG_14440.jpg,train,original,IMG_14440.jpg,train,resize,resized_duplicate,same filename; 404x303->640x480; LANCZOS RGB MAE=1.2221; 64x64 luminance correlation=0.999973,Supported,true
IMG_1447.jpg,train,original,IMG_1447.jpg,train,resize,resized_duplicate,same filename; 404x303->640x480; LANCZOS RGB MAE=1.1566; 64x64 luminance correlation=0.999973,Supported,true
IMG_1449.jpg,train,original,IMG_1449.jpg,train,resize,resized_duplicate,same filename; 404x303->640x480; LANCZOS RGB MAE=1.6981; 64x64 luminance correlation=0.999876,Supported,true
IMG_1451.jpg,train,original,IMG_1451.jpg,train,resize,resized_duplicate,same filename; 404x303->640x480; LANCZOS RGB MAE=1.114; 64x64 luminance correlation=0.999971,Supported,true
IMG_14530.jpg,train,original,IMG_14530.jpg,train,resize,resized_duplicate,same filename; 404x303->640x480; LANCZOS RGB MAE=1.334; 64x64 luminance correlation=0.999972,Supported,true
IMG_1454.jpg,train,original,IMG_1454.jpg,train,resize,resized_duplicate,same filename; 404x303->640x480; LANCZOS RGB MAE=1.0934; 64x64 luminance correlation=0.999977,Supported,true
IMG_1455.jpg,train,original,IMG_1455.jpg,train,resize,resized_duplicate,same filename; 404x303->640x480; LANCZOS RGB MAE=1.6652; 64x64 luminance correlation=0.999858,Supported,true
IMG_14550.jpg,train,original,IMG_14550.jpg,train,resize,resized_duplicate,same filename; 404x303->640x480; LANCZOS RGB MAE=1.6332; 64x64 luminance correlation=0.999883,Supported,true
IMG_1457.jpg,train,original,IMG_1457.jpg,train,resize,resized_duplicate,same filename; 404x303->640x480; LANCZOS RGB MAE=1.2176; 64x64 luminance correlation=0.999974,Supported,true
IMG_1458.jpg,train,original,IMG_1458.jpg,train,resize,resized_duplicate,same filename; 404x303->640x480; LANCZOS RGB MAE=1.2065; 64x64 luminance correlation=0.999963,Supported,true
IMG_1458.jpg,train,original,IMG_1458_brightness.jpg,train,original,augmentation_derivative,same suffix-normalized family=img_1458; 64x64 correlation=0.996942; identical polygons=True,Strongly Supported,true
IMG_1458_brightness.jpg,train,original,IMG_1458_brightness.jpg,train,resize,resized_duplicate,same filename; 404x303->640x480; LANCZOS RGB MAE=1.1961; 64x64 luminance correlation=0.999962,Supported,true
IMG_1462.jpg,train,original,IMG_1462.jpg,train,resize,resized_duplicate,same filename; 404x303->640x480; LANCZOS RGB MAE=1.1044; 64x64 luminance correlation=0.999957,Supported,true
IMG_1463.jpg,train,original,IMG_1463.jpg,train,resize,resized_duplicate,same filename; 404x303->640x480; LANCZOS RGB MAE=1.1848; 64x64 luminance correlation=0.999969,Supported,true
IMG_14650.jpg,train,original,IMG_14650.jpg,train,resize,resized_duplicate,same filename; 404x303->640x480; LANCZOS RGB MAE=1.368; 64x64 luminance correlation=0.999917,Supported,true
IMG_1468.jpg,train,original,IMG_1468.jpg,train,resize,resized_duplicate,same filename; 404x303->640x480; LANCZOS RGB MAE=1.011; 64x64 luminance correlation=0.999981,Supported,true
IMG_1469_brightness.jpg,train,original,IMG_1469_brightness.jpg,train,resize,resized_duplicate,same filename; 404x303->640x480; LANCZOS RGB MAE=1.4959; 64x64 luminance correlation=0.999926,Supported,true
IMG_1469_brightness.jpg,train,original,IMG_1469_noise.jpg,train,original,augmentation_derivative,same suffix-normalized family=img_1469; 64x64 correlation=0.997078; identical polygons=True,Strongly Supported,true
IMG_1469_noise.jpg,train,original,IMG_1469_noise.jpg,train,resize,resized_duplicate,same filename; 404x303->640x480; LANCZOS RGB MAE=2.1365; 64x64 luminance correlation=0.999941,Supported,true
IMG_14710.jpg,train,original,IMG_14710.jpg,train,resize,resized_duplicate,same filename; 404x303->640x480; LANCZOS RGB MAE=1.1983; 64x64 luminance correlation=0.99997,Supported,true
IMG_1472.jpg,train,original,IMG_1472.jpg,train,resize,resized_duplicate,same filename; 404x303->640x480; LANCZOS RGB MAE=1.2725; 64x64 luminance correlation=0.999964,Supported,true
IMG_14730.jpg,train,original,IMG_14730.jpg,train,resize,resized_duplicate,same filename; 404x303->640x480; LANCZOS RGB MAE=1.3355; 64x64 luminance correlation=0.999957,Supported,true
IMG_1474.jpg,train,original,IMG_1474.jpg,train,resize,resized_duplicate,same filename; 404x303->640x480; LANCZOS RGB MAE=1.2664; 64x64 luminance correlation=0.999953,Supported,true
IMG_1476.jpg,train,original,IMG_1476.jpg,train,resize,resized_duplicate,same filename; 404x303->640x480; LANCZOS RGB MAE=1.0155; 64x64 luminance correlation=0.999978,Supported,true
IMG_1477.jpg,train,original,IMG_1477.jpg,train,resize,resized_duplicate,same filename; 404x303->640x480; LANCZOS RGB MAE=0.8407; 64x64 luminance correlation=0.999985,Supported,true
IMG_15621.jpg,train,original,IMG_15621.jpg,train,resize,resized_duplicate,same filename; 369x277->640x480; LANCZOS RGB MAE=4.0753; 64x64 luminance correlation=0.999644,Supported,true
IMG_5384.jpg,train,original,IMG_5384.jpg,train,resize,resized_duplicate,same filename; 404x303->640x480; LANCZOS RGB MAE=1.5747; 64x64 luminance correlation=0.999925,Supported,true
IMG_5386.jpg,train,original,IMG_5386.jpg,train,resize,resized_duplicate,same filename; 404x303->640x480; LANCZOS RGB MAE=1.4817; 64x64 luminance correlation=0.999911,Supported,true
IMG_5390.jpg,train,original,IMG_5390.jpg,train,resize,resized_duplicate,same filename; 404x303->640x480; LANCZOS RGB MAE=1.5086; 64x64 luminance correlation=0.999887,Supported,true
IMG_53910.jpg,train,original,IMG_53910.jpg,train,resize,resized_duplicate,same filename; 404x303->640x480; LANCZOS RGB MAE=1.4109; 64x64 luminance correlation=0.999948,Supported,true
IMG_5392.jpg,train,original,IMG_5392.jpg,train,resize,resized_duplicate,same filename; 404x303->640x480; LANCZOS RGB MAE=1.2267; 64x64 luminance correlation=0.999947,Supported,true
IMG_53940.jpg,train,original,IMG_53940.jpg,train,resize,resized_duplicate,same filename; 404x303->640x480; LANCZOS RGB MAE=1.4978; 64x64 luminance correlation=0.999923,Supported,true
IMG_53960.jpg,train,original,IMG_53960.jpg,train,resize,resized_duplicate,same filename; 404x303->640x480; LANCZOS RGB MAE=1.143; 64x64 luminance correlation=0.999971,Supported,true
IMG_53980.jpg,train,original,IMG_53980.jpg,train,resize,resized_duplicate,same filename; 404x303->640x480; LANCZOS RGB MAE=1.4799; 64x64 luminance correlation=0.999929,Supported,true
IMG_53990.jpg,train,original,IMG_53990.jpg,train,resize,resized_duplicate,same filename; 404x303->640x480; LANCZOS RGB MAE=1.6701; 64x64 luminance correlation=0.999836,Supported,true
IMG_54000.jpg,train,original,IMG_54000.jpg,train,resize,resized_duplicate,same filename; 404x303->640x480; LANCZOS RGB MAE=1.287; 64x64 luminance correlation=0.999953,Supported,true
IMG_5401.jpg,train,original,IMG_5401.jpg,train,resize,resized_duplicate,same filename; 404x303->640x480; LANCZOS RGB MAE=1.1962; 64x64 luminance correlation=0.999971,Supported,true
IMG_5402.jpg,train,original,IMG_5402.jpg,train,resize,resized_duplicate,same filename; 404x303->640x480; LANCZOS RGB MAE=1.079; 64x64 luminance correlation=0.999967,Supported,true
IMG_54030.jpg,train,original,IMG_54030.jpg,train,resize,resized_duplicate,same filename; 404x303->640x480; LANCZOS RGB MAE=1.3245; 64x64 luminance correlation=0.999942,Supported,true
IMG_5404.jpg,train,original,IMG_5404.jpg,train,resize,resized_duplicate,same filename; 404x303->640x480; LANCZOS RGB MAE=1.2363; 64x64 luminance correlation=0.999963,Supported,true
IMG_5406.jpg,train,original,IMG_5406.jpg,train,resize,resized_duplicate,same filename; 404x303->640x480; LANCZOS RGB MAE=1.1964; 64x64 luminance correlation=0.999963,Supported,true
IMG_5407.jpg,train,original,IMG_5407.jpg,train,resize,resized_duplicate,same filename; 404x303->640x480; LANCZOS RGB MAE=1.227; 64x64 luminance correlation=0.999952,Supported,true
IMG_5408.jpg,train,original,IMG_5408.jpg,train,resize,resized_duplicate,same filename; 404x303->640x480; LANCZOS RGB MAE=1.5915; 64x64 luminance correlation=0.99991,Supported,true
IMG_54100.jpg,train,original,IMG_54100.jpg,train,resize,resized_duplicate,same filename; 404x303->640x480; LANCZOS RGB MAE=1.2935; 64x64 luminance correlation=0.999964,Supported,true
IMG_54100.jpg,train,original,IMG_54100_brightness.jpg,train,original,augmentation_derivative,same suffix-normalized family=img_54100; 64x64 correlation=0.997051; identical polygons=True,Strongly Supported,true
IMG_54100_brightness.jpg,train,original,IMG_54100_brightness.jpg,train,resize,resized_duplicate,same filename; 404x303->640x480; LANCZOS RGB MAE=1.311; 64x64 luminance correlation=0.999962,Supported,true
IMG_54110.jpg,train,original,IMG_54110.jpg,train,resize,resized_duplicate,same filename; 404x303->640x480; LANCZOS RGB MAE=1.3528; 64x64 luminance correlation=0.999947,Supported,true
IMG_54120.jpg,train,original,IMG_54120.jpg,train,resize,resized_duplicate,same filename; 404x303->640x480; LANCZOS RGB MAE=1.2216; 64x64 luminance correlation=0.999967,Supported,true
IMG_54150.jpg,train,original,IMG_54150.jpg,train,resize,resized_duplicate,same filename; 404x303->640x480; LANCZOS RGB MAE=1.4483; 64x64 luminance correlation=0.999944,Supported,true
IMG_54160_noise.jpg,train,original,IMG_54160_noise.jpg,train,resize,resized_duplicate,same filename; 404x303->640x480; LANCZOS RGB MAE=2.0927; 64x64 luminance correlation=0.999972,Supported,true
IMG_5417.jpg,train,original,IMG_5417.jpg,train,resize,resized_duplicate,same filename; 404x303->640x480; LANCZOS RGB MAE=1.4427; 64x64 luminance correlation=0.999953,Supported,true
IMG_54190_noise.jpg,train,original,IMG_54190_noise.jpg,train,resize,resized_duplicate,same filename; 404x303->640x480; LANCZOS RGB MAE=2.1435; 64x64 luminance correlation=0.999828,Supported,true
IMG_54200.jpg,train,original,IMG_54200.jpg,train,resize,resized_duplicate,same filename; 404x303->640x480; LANCZOS RGB MAE=1.4313; 64x64 luminance correlation=0.999941,Supported,true
IMG_54200.jpg,train,original,IMG_54200_brightness.jpg,train,original,augmentation_derivative,same suffix-normalized family=img_54200; 64x64 correlation=0.996543; identical polygons=True,Strongly Supported,true
IMG_54200.jpg,train,original,IMG_54200_noise.jpg,train,original,augmentation_derivative,same suffix-normalized family=img_54200; 64x64 correlation=0.999668; identical polygons=True,Strongly Supported,true
IMG_54200_brightness.jpg,train,original,IMG_54200_brightness.jpg,train,resize,resized_duplicate,same filename; 404x303->640x480; LANCZOS RGB MAE=1.4496; 64x64 luminance correlation=0.999934,Supported,true
IMG_54200_brightness.jpg,train,original,IMG_54200_noise.jpg,train,original,augmentation_derivative,same suffix-normalized family=img_54200; 64x64 correlation=0.996843; identical polygons=True,Strongly Supported,true
IMG_54200_noise.jpg,train,original,IMG_54200_noise.jpg,train,resize,resized_duplicate,same filename; 404x303->640x480; LANCZOS RGB MAE=2.1113; 64x64 luminance correlation=0.999948,Supported,true
IMG_54210.jpg,train,original,IMG_54210.jpg,train,resize,resized_duplicate,same filename; 404x303->640x480; LANCZOS RGB MAE=1.5272; 64x64 luminance correlation=0.9999,Supported,true
IMG_54220.jpg,train,original,IMG_54220.jpg,train,resize,resized_duplicate,same filename; 404x303->640x480; LANCZOS RGB MAE=1.5492; 64x64 luminance correlation=0.99993,Supported,true
IMG_54230.jpg,train,original,IMG_54230.jpg,train,resize,resized_duplicate,same filename; 404x303->640x480; LANCZOS RGB MAE=1.5507; 64x64 luminance correlation=0.999925,Supported,true
IMG_54240.jpg,train,original,IMG_54240.jpg,train,resize,resized_duplicate,same filename; 404x303->640x480; LANCZOS RGB MAE=1.568; 64x64 luminance correlation=0.999922,Supported,true
IMG_5425.jpg,train,original,IMG_5425.jpg,train,resize,resized_duplicate,same filename; 404x303->640x480; LANCZOS RGB MAE=1.0638; 64x64 luminance correlation=0.999973,Supported,true
IMG_54260.jpg,train,original,IMG_54260.jpg,train,resize,resized_duplicate,same filename; 404x303->640x480; LANCZOS RGB MAE=1.801; 64x64 luminance correlation=0.999862,Supported,true
IMG_54270.jpg,train,original,IMG_54270.jpg,train,resize,resized_duplicate,same filename; 404x303->640x480; LANCZOS RGB MAE=1.9674; 64x64 luminance correlation=0.999694,Supported,true
IMG_5431.jpg,train,original,IMG_5431.jpg,train,resize,resized_duplicate,same filename; 404x303->640x480; LANCZOS RGB MAE=1.4439; 64x64 luminance correlation=0.999919,Supported,true
IMG_54320.jpg,train,original,IMG_54320.jpg,train,resize,resized_duplicate,same filename; 404x303->640x480; LANCZOS RGB MAE=1.4995; 64x64 luminance correlation=0.999958,Supported,true
IMG_54330.jpg,train,original,IMG_54330.jpg,train,resize,resized_duplicate,same filename; 404x303->640x480; LANCZOS RGB MAE=1.8147; 64x64 luminance correlation=0.999909,Supported,true
IMG_54340.jpg,train,original,IMG_54340.jpg,train,resize,resized_duplicate,same filename; 404x303->640x480; LANCZOS RGB MAE=1.3938; 64x64 luminance correlation=0.999958,Supported,true
IMG_54360.jpg,train,original,IMG_54360.jpg,train,resize,resized_duplicate,same filename; 404x303->640x480; LANCZOS RGB MAE=1.3984; 64x64 luminance correlation=0.999962,Supported,true
IMG_54370_brightness.jpg,train,original,IMG_54370_brightness.jpg,train,resize,resized_duplicate,same filename; 404x303->640x480; LANCZOS RGB MAE=1.264; 64x64 luminance correlation=0.999973,Supported,true
IMG_54370_brightness.jpg,train,original,IMG_54370_noise.jpg,train,original,augmentation_derivative,same suffix-normalized family=img_54370; 64x64 correlation=0.997406; identical polygons=True,Strongly Supported,true
IMG_54370_noise.jpg,train,original,IMG_54370_noise.jpg,train,resize,resized_duplicate,same filename; 404x303->640x480; LANCZOS RGB MAE=2.0825; 64x64 luminance correlation=0.999973,Supported,true
IMG_54380.jpg,train,original,IMG_54380.jpg,train,resize,resized_duplicate,same filename; 404x303->640x480; LANCZOS RGB MAE=1.8957; 64x64 luminance correlation=0.999719,Supported,true
IMG_5439.jpg,train,original,IMG_5439.jpg,train,resize,resized_duplicate,same filename; 404x303->640x480; LANCZOS RGB MAE=1.4392; 64x64 luminance correlation=0.999911,Supported,true
IMG_54400.jpg,train,original,IMG_54400.jpg,train,resize,resized_duplicate,same filename; 404x303->640x480; LANCZOS RGB MAE=1.5479; 64x64 luminance correlation=0.999846,Supported,true
IMG_5443.jpg,train,original,IMG_5443.jpg,train,resize,resized_duplicate,same filename; 404x303->640x480; LANCZOS RGB MAE=1.4755; 64x64 luminance correlation=0.999879,Supported,true
IMG_54450_brightness.jpg,train,original,IMG_54450_brightness.jpg,train,resize,resized_duplicate,same filename; 404x303->640x480; LANCZOS RGB MAE=1.7251; 64x64 luminance correlation=0.999908,Supported,true
IMG_54450_brightness.jpg,train,original,IMG_54450_noise.jpg,train,original,augmentation_derivative,same suffix-normalized family=img_54450; 64x64 correlation=0.997981; identical polygons=True,Strongly Supported,true
IMG_54450_noise.jpg,train,original,IMG_54450_noise.jpg,train,resize,resized_duplicate,same filename; 404x303->640x480; LANCZOS RGB MAE=2.2031; 64x64 luminance correlation=0.999932,Supported,true
IMG_54460.jpg,train,original,IMG_54460.jpg,train,resize,resized_duplicate,same filename; 404x303->640x480; LANCZOS RGB MAE=1.7275; 64x64 luminance correlation=0.999918,Supported,true
IMG_54480.jpg,train,original,IMG_54480.jpg,train,resize,resized_duplicate,same filename; 404x303->640x480; LANCZOS RGB MAE=1.4549; 64x64 luminance correlation=0.999927,Supported,true
IMG_5449.jpg,train,original,IMG_5449.jpg,train,resize,resized_duplicate,same filename; 404x303->640x480; LANCZOS RGB MAE=1.5583; 64x64 luminance correlation=0.999934,Supported,true
IMG_5451.jpg,train,original,IMG_5451.jpg,train,resize,resized_duplicate,same filename; 404x303->640x480; LANCZOS RGB MAE=1.4236; 64x64 luminance correlation=0.999946,Supported,true
IMG_5452.jpg,train,original,IMG_5452.jpg,train,resize,resized_duplicate,same filename; 404x303->640x480; LANCZOS RGB MAE=1.8915; 64x64 luminance correlation=0.999628,Supported,true
IMG_54530.jpg,train,original,IMG_54530.jpg,train,resize,resized_duplicate,same filename; 404x303->640x480; LANCZOS RGB MAE=1.5076; 64x64 luminance correlation=0.999918,Supported,true
IMG_54570.jpg,train,original,IMG_54570.jpg,train,resize,resized_duplicate,same filename; 404x303->640x480; LANCZOS RGB MAE=1.4698; 64x64 luminance correlation=0.999925,Supported,true
IMG_54580.jpg,train,original,IMG_54580.jpg,train,resize,resized_duplicate,same filename; 404x303->640x480; LANCZOS RGB MAE=1.3982; 64x64 luminance correlation=0.999948,Supported,true
IMG_54590.jpg,train,original,IMG_54590.jpg,train,resize,resized_duplicate,same filename; 404x303->640x480; LANCZOS RGB MAE=1.8463; 64x64 luminance correlation=0.99987,Supported,true
IMG_54600.jpg,train,original,IMG_54600.jpg,train,resize,resized_duplicate,same filename; 404x303->640x480; LANCZOS RGB MAE=1.432; 64x64 luminance correlation=0.999949,Supported,true
IMG_54610.jpg,train,original,IMG_54610.jpg,train,resize,resized_duplicate,same filename; 404x303->640x480; LANCZOS RGB MAE=1.4712; 64x64 luminance correlation=0.999949,Supported,true
IMG_54620.jpg,train,original,IMG_54620.jpg,train,resize,resized_duplicate,same filename; 404x303->640x480; LANCZOS RGB MAE=1.6685; 64x64 luminance correlation=0.999932,Supported,true
IMG_54630.jpg,train,original,IMG_54630.jpg,train,resize,resized_duplicate,same filename; 404x303->640x480; LANCZOS RGB MAE=1.353; 64x64 luminance correlation=0.999956,Supported,true
IMG_5464.jpg,train,original,IMG_5464.jpg,train,resize,resized_duplicate,same filename; 404x303->640x480; LANCZOS RGB MAE=1.2953; 64x64 luminance correlation=0.999957,Supported,true
IMG_54650.jpg,train,original,IMG_54650.jpg,train,resize,resized_duplicate,same filename; 404x303->640x480; LANCZOS RGB MAE=1.2772; 64x64 luminance correlation=0.999967,Supported,true
IMG_5471.jpg,train,original,IMG_5471.jpg,train,resize,resized_duplicate,same filename; 404x303->640x480; LANCZOS RGB MAE=1.2949; 64x64 luminance correlation=0.999966,Supported,true
IMG_5473.jpg,train,original,IMG_5473.jpg,train,resize,resized_duplicate,same filename; 404x303->640x480; LANCZOS RGB MAE=1.7063; 64x64 luminance correlation=0.999897,Supported,true
IMG_54740.jpg,train,original,IMG_54740.jpg,train,resize,resized_duplicate,same filename; 404x303->640x480; LANCZOS RGB MAE=1.49; 64x64 luminance correlation=0.999959,Supported,true
IMG_5475.jpg,train,original,IMG_5475.jpg,train,resize,resized_duplicate,same filename; 404x303->640x480; LANCZOS RGB MAE=1.4023; 64x64 luminance correlation=0.999947,Supported,true
IMG_54760.jpg,train,original,IMG_54760.jpg,train,resize,resized_duplicate,same filename; 404x303->640x480; LANCZOS RGB MAE=1.4139; 64x64 luminance correlation=0.999956,Supported,true
IMG_54770.jpg,train,original,IMG_54770.jpg,train,resize,resized_duplicate,same filename; 404x303->640x480; LANCZOS RGB MAE=1.151; 64x64 luminance correlation=0.99997,Supported,true
IMG_54780.jpg,train,original,IMG_54780.jpg,train,resize,resized_duplicate,same filename; 404x303->640x480; LANCZOS RGB MAE=1.4548; 64x64 luminance correlation=0.999906,Supported,true
IMG_54790.jpg,train,original,IMG_54790.jpg,train,resize,resized_duplicate,same filename; 404x303->640x480; LANCZOS RGB MAE=1.4056; 64x64 luminance correlation=0.999859,Supported,true
IMG_54810.jpg,train,original,IMG_54810.jpg,train,resize,resized_duplicate,same filename; 404x303->640x480; LANCZOS RGB MAE=1.388; 64x64 luminance correlation=0.999888,Supported,true
IMG_5482.jpg,train,original,IMG_5482.jpg,train,resize,resized_duplicate,same filename; 404x303->640x480; LANCZOS RGB MAE=1.3065; 64x64 luminance correlation=0.999944,Supported,true
IMG_5483.jpg,train,original,IMG_5483.jpg,train,resize,resized_duplicate,same filename; 404x303->640x480; LANCZOS RGB MAE=1.301; 64x64 luminance correlation=0.999955,Supported,true
IMG_54840.jpg,train,original,IMG_54840.jpg,train,resize,resized_duplicate,same filename; 404x303->640x480; LANCZOS RGB MAE=1.3707; 64x64 luminance correlation=0.999941,Supported,true
IMG_5485.jpg,train,original,IMG_5485.jpg,train,resize,resized_duplicate,same filename; 404x303->640x480; LANCZOS RGB MAE=1.2706; 64x64 luminance correlation=0.999953,Supported,true
IMG_54860.jpg,train,original,IMG_54860.jpg,train,resize,resized_duplicate,same filename; 404x303->640x480; LANCZOS RGB MAE=1.7653; 64x64 luminance correlation=0.999874,Supported,true
IMG_54870.jpg,train,original,IMG_54870.jpg,train,resize,resized_duplicate,same filename; 404x303->640x480; LANCZOS RGB MAE=1.321; 64x64 luminance correlation=0.99996,Supported,true
IMG_54870.jpg,train,original,IMG_54870_brightness.jpg,train,original,augmentation_derivative,same suffix-normalized family=img_54870; 64x64 correlation=0.997992; identical polygons=True,Strongly Supported,true
IMG_54870_brightness.jpg,train,original,IMG_54870_brightness.jpg,train,resize,resized_duplicate,same filename; 404x303->640x480; LANCZOS RGB MAE=1.3294; 64x64 luminance correlation=0.999959,Supported,true
IMG_54880.jpg,train,original,IMG_54880.jpg,train,resize,resized_duplicate,same filename; 404x303->640x480; LANCZOS RGB MAE=1.3011; 64x64 luminance correlation=0.999871,Supported,true
IMG_54890.jpg,train,original,IMG_54890.jpg,train,resize,resized_duplicate,same filename; 404x303->640x480; LANCZOS RGB MAE=1.3455; 64x64 luminance correlation=0.999909,Supported,true
IMG_54900.jpg,train,original,IMG_54900.jpg,train,resize,resized_duplicate,same filename; 404x303->640x480; LANCZOS RGB MAE=1.3181; 64x64 luminance correlation=0.999958,Supported,true
IMG_54930.jpg,train,original,IMG_54930.jpg,train,resize,resized_duplicate,same filename; 404x303->640x480; LANCZOS RGB MAE=1.3639; 64x64 luminance correlation=0.999966,Supported,true
IMG_54950.jpg,train,original,IMG_54950.jpg,train,resize,resized_duplicate,same filename; 404x303->640x480; LANCZOS RGB MAE=1.3901; 64x64 luminance correlation=0.999965,Supported,true
IMG_54980.jpg,train,original,IMG_54980.jpg,train,resize,resized_duplicate,same filename; 404x303->640x480; LANCZOS RGB MAE=1.7816; 64x64 luminance correlation=0.999919,Supported,true
IMG_54990.jpg,train,original,IMG_54990.jpg,train,resize,resized_duplicate,same filename; 404x303->640x480; LANCZOS RGB MAE=1.8239; 64x64 luminance correlation=0.999903,Supported,true
IMG_55000.jpg,train,original,IMG_55000.jpg,train,resize,resized_duplicate,same filename; 404x303->640x480; LANCZOS RGB MAE=1.4674; 64x64 luminance correlation=0.999949,Supported,true
IMG_55010.jpg,train,original,IMG_55010.jpg,train,resize,resized_duplicate,same filename; 404x303->640x480; LANCZOS RGB MAE=1.5171; 64x64 luminance correlation=0.999956,Supported,true
IMG_55020.jpg,train,original,IMG_55020.jpg,train,resize,resized_duplicate,same filename; 404x303->640x480; LANCZOS RGB MAE=1.2316; 64x64 luminance correlation=0.999954,Supported,true
IMG_55030.jpg,train,original,IMG_55030.jpg,train,resize,resized_duplicate,same filename; 404x303->640x480; LANCZOS RGB MAE=1.2541; 64x64 luminance correlation=0.999955,Supported,true
IMG_5504.jpg,train,original,IMG_5504.jpg,train,resize,resized_duplicate,same filename; 404x303->640x480; LANCZOS RGB MAE=1.5319; 64x64 luminance correlation=0.999902,Supported,true
IMG_55050.jpg,train,original,IMG_55050.jpg,train,resize,resized_duplicate,same filename; 404x303->640x480; LANCZOS RGB MAE=1.4376; 64x64 luminance correlation=0.999955,Supported,true
IMG_55070.jpg,train,original,IMG_55070.jpg,train,resize,resized_duplicate,same filename; 404x303->640x480; LANCZOS RGB MAE=1.5002; 64x64 luminance correlation=0.999936,Supported,true
IMG_55080.jpg,train,original,IMG_55080.jpg,train,resize,resized_duplicate,same filename; 404x303->640x480; LANCZOS RGB MAE=1.6466; 64x64 luminance correlation=0.999852,Supported,true
IMG_55090.jpg,train,original,IMG_55090.jpg,train,resize,resized_duplicate,same filename; 404x303->640x480; LANCZOS RGB MAE=1.2687; 64x64 luminance correlation=0.99996,Supported,true
IMG_55100.jpg,train,original,IMG_55100.jpg,train,resize,resized_duplicate,same filename; 404x303->640x480; LANCZOS RGB MAE=1.3842; 64x64 luminance correlation=0.999943,Supported,true
IMG_55110.jpg,train,original,IMG_55110.jpg,train,resize,resized_duplicate,same filename; 404x303->640x480; LANCZOS RGB MAE=1.47; 64x64 luminance correlation=0.999923,Supported,true
IMG_55130.jpg,train,original,IMG_55130.jpg,train,resize,resized_duplicate,same filename; 404x303->640x480; LANCZOS RGB MAE=1.3203; 64x64 luminance correlation=0.999964,Supported,true
IMG_55150.jpg,train,original,IMG_55150.jpg,train,resize,resized_duplicate,same filename; 404x303->640x480; LANCZOS RGB MAE=1.1037; 64x64 luminance correlation=0.999979,Supported,true
IMG_5516.jpg,train,original,IMG_5516.jpg,train,resize,resized_duplicate,same filename; 404x303->640x480; LANCZOS RGB MAE=1.4558; 64x64 luminance correlation=0.999891,Supported,true
IMG_55170.jpg,train,original,IMG_55170.jpg,train,resize,resized_duplicate,same filename; 404x303->640x480; LANCZOS RGB MAE=1.0954; 64x64 luminance correlation=0.999972,Supported,true
IMG_55180.jpg,train,original,IMG_55180.jpg,train,resize,resized_duplicate,same filename; 404x303->640x480; LANCZOS RGB MAE=1.2572; 64x64 luminance correlation=0.999965,Supported,true
IMG_55190.jpg,train,original,IMG_55190.jpg,train,resize,resized_duplicate,same filename; 404x303->640x480; LANCZOS RGB MAE=1.8501; 64x64 luminance correlation=0.999674,Supported,true
IMG_55200.jpg,train,original,IMG_55200.jpg,train,resize,resized_duplicate,same filename; 404x303->640x480; LANCZOS RGB MAE=1.703; 64x64 luminance correlation=0.999778,Supported,true
IMG_55220.jpg,train,original,IMG_55220.jpg,train,resize,resized_duplicate,same filename; 404x303->640x480; LANCZOS RGB MAE=1.2586; 64x64 luminance correlation=0.999968,Supported,true
IMG_55240.jpg,train,original,IMG_55240.jpg,train,resize,resized_duplicate,same filename; 404x303->640x480; LANCZOS RGB MAE=1.3267; 64x64 luminance correlation=0.999943,Supported,true
IMG_55250.jpg,train,original,IMG_55250.jpg,train,resize,resized_duplicate,same filename; 404x303->640x480; LANCZOS RGB MAE=1.486; 64x64 luminance correlation=0.999933,Supported,true
IMG_55280.jpg,train,original,IMG_55280.jpg,train,resize,resized_duplicate,same filename; 404x303->640x480; LANCZOS RGB MAE=1.4951; 64x64 luminance correlation=0.999943,Supported,true
IMG_55290.jpg,train,original,IMG_55290.jpg,train,resize,resized_duplicate,same filename; 404x303->640x480; LANCZOS RGB MAE=1.5545; 64x64 luminance correlation=0.999952,Supported,true
IMG_55290.jpg,train,original,IMG_55290_noise.jpg,train,original,augmentation_derivative,same suffix-normalized family=img_55290; 64x64 correlation=0.999688; identical polygons=True,Strongly Supported,true
IMG_55290_noise.jpg,train,original,IMG_55290_noise.jpg,train,resize,resized_duplicate,same filename; 404x303->640x480; LANCZOS RGB MAE=2.1629; 64x64 luminance correlation=0.999954,Supported,true
IMG_55300.jpg,train,original,IMG_55300.jpg,train,resize,resized_duplicate,same filename; 404x303->640x480; LANCZOS RGB MAE=1.7762; 64x64 luminance correlation=0.999954,Supported,true
IMG_55310.jpg,train,original,IMG_55310.jpg,train,resize,resized_duplicate,same filename; 404x303->640x480; LANCZOS RGB MAE=1.4099; 64x64 luminance correlation=0.999953,Supported,true
IMG_55350.jpg,train,original,IMG_55350.jpg,train,resize,resized_duplicate,same filename; 404x303->640x480; LANCZOS RGB MAE=2.1684; 64x64 luminance correlation=0.999733,Supported,true
IMG_55360.jpg,train,original,IMG_55360.jpg,train,resize,resized_duplicate,same filename; 404x303->640x480; LANCZOS RGB MAE=2.0693; 64x64 luminance correlation=0.999876,Supported,true
IMG_55370.jpg,train,original,IMG_55370.jpg,train,resize,resized_duplicate,same filename; 404x303->640x480; LANCZOS RGB MAE=1.5333; 64x64 luminance correlation=0.999946,Supported,true
IMG_55380.jpg,train,original,IMG_55380.jpg,train,resize,resized_duplicate,same filename; 404x303->640x480; LANCZOS RGB MAE=2.0417; 64x64 luminance correlation=0.999819,Supported,true
IMG_55390.jpg,train,original,IMG_55390.jpg,train,resize,resized_duplicate,same filename; 404x303->640x480; LANCZOS RGB MAE=2.0571; 64x64 luminance correlation=0.999778,Supported,true
IMG_55400.jpg,train,original,IMG_55400.jpg,train,resize,resized_duplicate,same filename; 404x303->640x480; LANCZOS RGB MAE=2.0347; 64x64 luminance correlation=0.999896,Supported,true
IMG_5541.jpg,train,original,IMG_5541.jpg,train,resize,resized_duplicate,same filename; 404x303->640x480; LANCZOS RGB MAE=2.5076; 64x64 luminance correlation=0.999625,Supported,true
IMG_5542.jpg,train,original,IMG_5542.jpg,train,resize,resized_duplicate,same filename; 404x303->640x480; LANCZOS RGB MAE=1.7342; 64x64 luminance correlation=0.999591,Supported,true
IMG_5543.jpg,train,original,IMG_5543.jpg,train,resize,resized_duplicate,same filename; 404x303->640x480; LANCZOS RGB MAE=1.8641; 64x64 luminance correlation=0.999585,Supported,true
IMG_5544.jpg,train,original,IMG_5544.jpg,train,resize,resized_duplicate,same filename; 404x303->640x480; LANCZOS RGB MAE=1.7459; 64x64 luminance correlation=0.999733,Supported,true
IMG_55450.jpg,train,original,IMG_55450.jpg,train,resize,resized_duplicate,same filename; 404x303->640x480; LANCZOS RGB MAE=1.8029; 64x64 luminance correlation=0.999678,Supported,true
IMG_55470.jpg,train,original,IMG_55470.jpg,train,resize,resized_duplicate,same filename; 404x303->640x480; LANCZOS RGB MAE=1.7704; 64x64 luminance correlation=0.99978,Supported,true
IMG_55480.jpg,train,original,IMG_55480.jpg,train,resize,resized_duplicate,same filename; 404x303->640x480; LANCZOS RGB MAE=1.3897; 64x64 luminance correlation=0.999957,Supported,true
IMG_55490.jpg,train,original,IMG_55490.jpg,train,resize,resized_duplicate,same filename; 404x303->640x480; LANCZOS RGB MAE=1.8415; 64x64 luminance correlation=0.999822,Supported,true
IMG_55510.jpg,train,original,IMG_55510.jpg,train,resize,resized_duplicate,same filename; 404x303->640x480; LANCZOS RGB MAE=1.4497; 64x64 luminance correlation=0.999963,Supported,true
IMG_55520.jpg,train,original,IMG_55520.jpg,train,resize,resized_duplicate,same filename; 404x303->640x480; LANCZOS RGB MAE=1.269; 64x64 luminance correlation=0.999928,Supported,true
IMG_55530.jpg,train,original,IMG_55530.jpg,train,resize,resized_duplicate,same filename; 404x303->640x480; LANCZOS RGB MAE=1.6274; 64x64 luminance correlation=0.999936,Supported,true
IMG_55560.jpg,train,original,IMG_55560.jpg,train,resize,resized_duplicate,same filename; 404x303->640x480; LANCZOS RGB MAE=1.574; 64x64 luminance correlation=0.999886,Supported,true
IMG_55570.jpg,train,original,IMG_55570.jpg,train,resize,resized_duplicate,same filename; 404x303->640x480; LANCZOS RGB MAE=1.6438; 64x64 luminance correlation=0.999827,Supported,true
IMG_55580.jpg,train,original,IMG_55580.jpg,train,resize,resized_duplicate,same filename; 404x303->640x480; LANCZOS RGB MAE=1.863; 64x64 luminance correlation=0.999748,Supported,true
IMG_55590.jpg,train,original,IMG_55590.jpg,train,resize,resized_duplicate,same filename; 404x303->640x480; LANCZOS RGB MAE=1.7259; 64x64 luminance correlation=0.999694,Supported,true
IMG_55610.jpg,train,original,IMG_55610.jpg,train,resize,resized_duplicate,same filename; 404x303->640x480; LANCZOS RGB MAE=1.2805; 64x64 luminance correlation=0.999969,Supported,true
IMG_55620.jpg,train,original,IMG_55620.jpg,train,resize,resized_duplicate,same filename; 404x303->640x480; LANCZOS RGB MAE=1.6315; 64x64 luminance correlation=0.999948,Supported,true
IMG_5564.jpg,train,original,IMG_5564.jpg,train,resize,resized_duplicate,same filename; 404x303->640x480; LANCZOS RGB MAE=1.8913; 64x64 luminance correlation=0.999657,Supported,true
IMG_55650.jpg,train,original,IMG_55650.jpg,train,resize,resized_duplicate,same filename; 404x303->640x480; LANCZOS RGB MAE=1.8596; 64x64 luminance correlation=0.999787,Supported,true
IMG_55660.jpg,train,original,IMG_55660.jpg,train,resize,resized_duplicate,same filename; 404x303->640x480; LANCZOS RGB MAE=1.4603; 64x64 luminance correlation=0.999856,Supported,true
IMG_55670.jpg,train,original,IMG_55670.jpg,train,resize,resized_duplicate,same filename; 404x303->640x480; LANCZOS RGB MAE=1.6417; 64x64 luminance correlation=0.999872,Supported,true
IMG_55680.jpg,train,original,IMG_55680.jpg,train,resize,resized_duplicate,same filename; 404x303->640x480; LANCZOS RGB MAE=1.6037; 64x64 luminance correlation=0.999894,Supported,true
IMG_55690.jpg,train,original,IMG_55690.jpg,train,resize,resized_duplicate,same filename; 404x303->640x480; LANCZOS RGB MAE=1.6787; 64x64 luminance correlation=0.999924,Supported,true
IMG_55700.jpg,train,original,IMG_55700.jpg,train,resize,resized_duplicate,same filename; 404x303->640x480; LANCZOS RGB MAE=1.4688; 64x64 luminance correlation=0.999936,Supported,true
IMG_55710.jpg,train,original,IMG_55710.jpg,train,resize,resized_duplicate,same filename; 404x303->640x480; LANCZOS RGB MAE=1.5241; 64x64 luminance correlation=0.999851,Supported,true
IMG_55720.jpg,train,original,IMG_55720.jpg,train,resize,resized_duplicate,same filename; 404x303->640x480; LANCZOS RGB MAE=1.5136; 64x64 luminance correlation=0.999842,Supported,true
IMG_55740.jpg,train,original,IMG_55740.jpg,train,resize,resized_duplicate,same filename; 404x303->640x480; LANCZOS RGB MAE=1.6953; 64x64 luminance correlation=0.999917,Supported,true
IMG_55750.jpg,train,original,IMG_55750.jpg,train,resize,resized_duplicate,same filename; 404x303->640x480; LANCZOS RGB MAE=1.8146; 64x64 luminance correlation=0.999636,Supported,true
IMG_55760.jpg,train,original,IMG_55760.jpg,train,resize,resized_duplicate,same filename; 404x303->640x480; LANCZOS RGB MAE=1.5025; 64x64 luminance correlation=0.999945,Supported,true
IMG_55770.jpg,train,original,IMG_55770.jpg,train,resize,resized_duplicate,same filename; 404x303->640x480; LANCZOS RGB MAE=1.9123; 64x64 luminance correlation=0.999613,Supported,true
IMG_55780.jpg,train,original,IMG_55780.jpg,train,resize,resized_duplicate,same filename; 404x303->640x480; LANCZOS RGB MAE=1.8227; 64x64 luminance correlation=0.999776,Supported,true
IMG_55790.jpg,train,original,IMG_55790.jpg,train,resize,resized_duplicate,same filename; 404x303->640x480; LANCZOS RGB MAE=1.8029; 64x64 luminance correlation=0.99981,Supported,true
IMG_55810.jpg,train,original,IMG_55810.jpg,train,resize,resized_duplicate,same filename; 404x303->640x480; LANCZOS RGB MAE=1.9536; 64x64 luminance correlation=0.999784,Supported,true
IMG_55820.jpg,train,original,IMG_55820.jpg,train,resize,resized_duplicate,same filename; 404x303->640x480; LANCZOS RGB MAE=1.2912; 64x64 luminance correlation=0.999961,Supported,true
IMG_55830.jpg,train,original,IMG_55830.jpg,train,resize,resized_duplicate,same filename; 404x303->640x480; LANCZOS RGB MAE=2.143; 64x64 luminance correlation=0.999776,Supported,true
IMG_55840.jpg,train,original,IMG_55840.jpg,train,resize,resized_duplicate,same filename; 404x303->640x480; LANCZOS RGB MAE=2.0532; 64x64 luminance correlation=0.999805,Supported,true
IMG_55850.jpg,train,original,IMG_55850.jpg,train,resize,resized_duplicate,same filename; 404x303->640x480; LANCZOS RGB MAE=2.0731; 64x64 luminance correlation=0.99979,Supported,true
IMG_5586.jpg,train,original,IMG_5586.jpg,train,resize,resized_duplicate,same filename; 404x303->640x480; LANCZOS RGB MAE=1.8368; 64x64 luminance correlation=0.999913,Supported,true
IMG_55900.jpg,train,original,IMG_55900.jpg,train,resize,resized_duplicate,same filename; 404x303->640x480; LANCZOS RGB MAE=1.8989; 64x64 luminance correlation=0.99989,Supported,true
IMG_55900.jpg,train,original,IMG_55900_brightness.jpg,train,original,augmentation_derivative,same suffix-normalized family=img_55900; 64x64 correlation=0.997660; identical polygons=True,Strongly Supported,true
IMG_55900.jpg,train,original,IMG_55900_noise.jpg,train,original,augmentation_derivative,same suffix-normalized family=img_55900; 64x64 correlation=0.999739; identical polygons=True,Strongly Supported,true
IMG_55900_brightness.jpg,train,original,IMG_55900_brightness.jpg,train,resize,resized_duplicate,same filename; 404x303->640x480; LANCZOS RGB MAE=1.8772; 64x64 luminance correlation=0.999863,Supported,true
IMG_55900_brightness.jpg,train,original,IMG_55900_noise.jpg,train,original,augmentation_derivative,same suffix-normalized family=img_55900; 64x64 correlation=0.997745; identical polygons=True,Strongly Supported,true
IMG_55900_noise.jpg,train,original,IMG_55900_noise.jpg,train,resize,resized_duplicate,same filename; 404x303->640x480; LANCZOS RGB MAE=2.2799; 64x64 luminance correlation=0.999906,Supported,true
IMG_55910_brightness.jpg,train,original,IMG_55910_brightness.jpg,train,resize,resized_duplicate,same filename; 404x303->640x480; LANCZOS RGB MAE=2.1355; 64x64 luminance correlation=0.999761,Supported,true
IMG_55910_brightness.jpg,train,original,IMG_55910_noise.jpg,train,original,augmentation_derivative,same suffix-normalized family=img_55910; 64x64 correlation=0.997656; identical polygons=True,Strongly Supported,true
IMG_55910_noise.jpg,train,original,IMG_55910_noise.jpg,train,resize,resized_duplicate,same filename; 404x303->640x480; LANCZOS RGB MAE=2.4118; 64x64 luminance correlation=0.999846,Supported,true
IMG_55920.jpg,train,original,IMG_55920.jpg,train,resize,resized_duplicate,same filename; 404x303->640x480; LANCZOS RGB MAE=1.8531; 64x64 luminance correlation=0.999845,Supported,true
IMG_55920.jpg,train,original,IMG_55920_brightness.jpg,train,original,augmentation_derivative,same suffix-normalized family=img_55920; 64x64 correlation=0.997329; identical polygons=True,Strongly Supported,true
IMG_55920.jpg,train,original,IMG_55920_noise.jpg,train,original,augmentation_derivative,same suffix-normalized family=img_55920; 64x64 correlation=0.999681; identical polygons=True,Strongly Supported,true
IMG_55920_brightness.jpg,train,original,IMG_55920_brightness.jpg,train,resize,resized_duplicate,same filename; 404x303->640x480; LANCZOS RGB MAE=1.8387; 64x64 luminance correlation=0.999796,Supported,true
IMG_55920_brightness.jpg,train,original,IMG_55920_noise.jpg,train,original,augmentation_derivative,same suffix-normalized family=img_55920; 64x64 correlation=0.997349; identical polygons=True,Strongly Supported,true
IMG_55920_noise.jpg,train,original,IMG_55920_noise.jpg,train,resize,resized_duplicate,same filename; 404x303->640x480; LANCZOS RGB MAE=2.2558; 64x64 luminance correlation=0.999867,Supported,true
IMG_55930.jpg,train,original,IMG_55930.jpg,train,resize,resized_duplicate,same filename; 404x303->640x480; LANCZOS RGB MAE=1.5077; 64x64 luminance correlation=0.999932,Supported,true
IMG_55930.jpg,train,original,IMG_55930_brightness.jpg,train,original,augmentation_derivative,same suffix-normalized family=img_55930; 64x64 correlation=0.997621; identical polygons=True,Strongly Supported,true
IMG_55930_brightness.jpg,train,original,IMG_55930_brightness.jpg,train,resize,resized_duplicate,same filename; 404x303->640x480; LANCZOS RGB MAE=1.5124; 64x64 luminance correlation=0.999931,Supported,true
IMG_55940.jpg,train,original,IMG_55940.jpg,train,resize,resized_duplicate,same filename; 404x303->640x480; LANCZOS RGB MAE=1.5789; 64x64 luminance correlation=0.999903,Supported,true
IMG_55950.jpg,train,original,IMG_55950.jpg,train,resize,resized_duplicate,same filename; 404x303->640x480; LANCZOS RGB MAE=1.608; 64x64 luminance correlation=0.999796,Supported,true
IMG_55960.jpg,train,original,IMG_55960.jpg,train,resize,resized_duplicate,same filename; 404x303->640x480; LANCZOS RGB MAE=1.6026; 64x64 luminance correlation=0.99989,Supported,true
IMG_55970.jpg,train,original,IMG_55970.jpg,train,resize,resized_duplicate,same filename; 404x303->640x480; LANCZOS RGB MAE=1.5986; 64x64 luminance correlation=0.999886,Supported,true
IMG_55970.jpg,train,original,IMG_55970_brightness.jpg,train,original,augmentation_derivative,same suffix-normalized family=img_55970; 64x64 correlation=0.998742; identical polygons=True,Strongly Supported,true
IMG_55970_brightness.jpg,train,original,IMG_55970_brightness.jpg,train,resize,resized_duplicate,same filename; 404x303->640x480; LANCZOS RGB MAE=1.5992; 64x64 luminance correlation=0.99983,Supported,true
IMG_55990.jpg,train,original,IMG_55990.jpg,train,resize,resized_duplicate,same filename; 404x303->640x480; LANCZOS RGB MAE=1.8541; 64x64 luminance correlation=0.999698,Supported,true
IMG_56000.jpg,train,original,IMG_56000.jpg,train,resize,resized_duplicate,same filename; 404x303->640x480; LANCZOS RGB MAE=1.2606; 64x64 luminance correlation=0.999903,Supported,true
IMG_56010.jpg,train,original,IMG_56010.jpg,train,resize,resized_duplicate,same filename; 404x303->640x480; LANCZOS RGB MAE=1.1751; 64x64 luminance correlation=0.999954,Supported,true
IMG_56020.jpg,train,original,IMG_56020.jpg,train,resize,resized_duplicate,same filename; 404x303->640x480; LANCZOS RGB MAE=1.2722; 64x64 luminance correlation=0.999947,Supported,true
IMG_56020.jpg,train,original,IMG_56020_brightness.jpg,train,original,augmentation_derivative,same suffix-normalized family=img_56020; 64x64 correlation=0.999033; identical polygons=True,Strongly Supported,true
IMG_56020_brightness.jpg,train,original,IMG_56020_brightness.jpg,train,resize,resized_duplicate,same filename; 404x303->640x480; LANCZOS RGB MAE=1.2702; 64x64 luminance correlation=0.999926,Supported,true
IMG_5603.jpg,train,original,IMG_5603.jpg,train,resize,resized_duplicate,same filename; 404x303->640x480; LANCZOS RGB MAE=1.268; 64x64 luminance correlation=0.999909,Supported,true
IMG_56040.jpg,train,original,IMG_56040.jpg,train,resize,resized_duplicate,same filename; 404x303->640x480; LANCZOS RGB MAE=1.2663; 64x64 luminance correlation=0.999923,Supported,true
IMG_5607.jpg,train,original,IMG_5607.jpg,train,resize,resized_duplicate,same filename; 404x303->640x480; LANCZOS RGB MAE=1.5292; 64x64 luminance correlation=0.999768,Supported,true
IMG_56080.jpg,train,original,IMG_56080.jpg,train,resize,resized_duplicate,same filename; 404x303->640x480; LANCZOS RGB MAE=1.5187; 64x64 luminance correlation=0.999758,Supported,true
IMG_56090.jpg,train,original,IMG_56090.jpg,train,resize,resized_duplicate,same filename; 404x303->640x480; LANCZOS RGB MAE=1.6845; 64x64 luminance correlation=0.999793,Supported,true
IMG_56120.jpg,train,original,IMG_56120.jpg,train,resize,resized_duplicate,same filename; 404x303->640x480; LANCZOS RGB MAE=1.8435; 64x64 luminance correlation=0.999593,Supported,true
IMG_5615.jpg,train,original,IMG_5615.jpg,train,resize,resized_duplicate,same filename; 404x303->640x480; LANCZOS RGB MAE=0.617; 64x64 luminance correlation=0.99998,Supported,true
IMG_56160.jpg,train,original,IMG_56160.jpg,train,resize,resized_duplicate,same filename; 404x303->640x480; LANCZOS RGB MAE=1.4361; 64x64 luminance correlation=0.99994,Supported,true
IMG_56170.jpg,train,original,IMG_56170.jpg,train,resize,resized_duplicate,same filename; 404x303->640x480; LANCZOS RGB MAE=1.4893; 64x64 luminance correlation=0.99983,Supported,true
IMG_56180.jpg,train,original,IMG_56180.jpg,train,resize,resized_duplicate,same filename; 404x303->640x480; LANCZOS RGB MAE=1.5891; 64x64 luminance correlation=0.99987,Supported,true
IMG_56190.jpg,train,original,IMG_56190.jpg,train,resize,resized_duplicate,same filename; 404x303->640x480; LANCZOS RGB MAE=1.4017; 64x64 luminance correlation=0.999935,Supported,true
IMG_56210.jpg,train,original,IMG_56210.jpg,train,resize,resized_duplicate,same filename; 404x303->640x480; LANCZOS RGB MAE=1.323; 64x64 luminance correlation=0.999959,Supported,true
IMG_56230.jpg,train,original,IMG_56230.jpg,train,resize,resized_duplicate,same filename; 404x303->640x480; LANCZOS RGB MAE=1.7018; 64x64 luminance correlation=0.999898,Supported,true
IMG_56240.jpg,train,original,IMG_56240.jpg,train,resize,resized_duplicate,same filename; 404x303->640x480; LANCZOS RGB MAE=1.6873; 64x64 luminance correlation=0.999903,Supported,true
IMG_5625.jpg,train,original,IMG_5625.jpg,train,resize,resized_duplicate,same filename; 404x303->640x480; LANCZOS RGB MAE=1.4358; 64x64 luminance correlation=0.999944,Supported,true
IMG_56260.jpg,train,original,IMG_56260.jpg,train,resize,resized_duplicate,same filename; 404x303->640x480; LANCZOS RGB MAE=1.0527; 64x64 luminance correlation=0.999976,Supported,true
IMG_5627.jpg,train,original,IMG_5627.jpg,train,resize,resized_duplicate,same filename; 404x303->640x480; LANCZOS RGB MAE=1.4511; 64x64 luminance correlation=0.999938,Supported,true
IMG_56280.jpg,train,original,IMG_56280.jpg,train,resize,resized_duplicate,same filename; 404x303->640x480; LANCZOS RGB MAE=1.8308; 64x64 luminance correlation=0.999786,Supported,true
IMG_56290.jpg,train,original,IMG_56290.jpg,train,resize,resized_duplicate,same filename; 404x303->640x480; LANCZOS RGB MAE=1.7585; 64x64 luminance correlation=0.999814,Supported,true
IMG_56320.jpg,train,original,IMG_56320.jpg,train,resize,resized_duplicate,same filename; 404x303->640x480; LANCZOS RGB MAE=1.513; 64x64 luminance correlation=0.999913,Supported,true
IMG_5633.jpg,train,original,IMG_5633.jpg,train,resize,resized_duplicate,same filename; 404x303->640x480; LANCZOS RGB MAE=1.4552; 64x64 luminance correlation=0.999881,Supported,true
IMG_56340.jpg,train,original,IMG_56340.jpg,train,resize,resized_duplicate,same filename; 404x303->640x480; LANCZOS RGB MAE=1.448; 64x64 luminance correlation=0.999926,Supported,true
IMG_56350.jpg,train,original,IMG_56350.jpg,train,resize,resized_duplicate,same filename; 404x303->640x480; LANCZOS RGB MAE=1.6299; 64x64 luminance correlation=0.999924,Supported,true
IMG_56360.jpg,train,original,IMG_56360.jpg,train,resize,resized_duplicate,same filename; 404x303->640x480; LANCZOS RGB MAE=1.6493; 64x64 luminance correlation=0.999918,Supported,true
IMG_56360.jpg,train,original,IMG_56360_brightness.jpg,train,original,augmentation_derivative,same suffix-normalized family=img_56360; 64x64 correlation=0.997690; identical polygons=True,Strongly Supported,true
IMG_56360_brightness.jpg,train,original,IMG_56360_brightness.jpg,train,resize,resized_duplicate,same filename; 404x303->640x480; LANCZOS RGB MAE=1.6686; 64x64 luminance correlation=0.99991,Supported,true
IMG_56370.jpg,train,original,IMG_56370.jpg,train,resize,resized_duplicate,same filename; 404x303->640x480; LANCZOS RGB MAE=1.5449; 64x64 luminance correlation=0.999895,Supported,true
IMG_56380.jpg,train,original,IMG_56380.jpg,train,resize,resized_duplicate,same filename; 404x303->640x480; LANCZOS RGB MAE=1.4217; 64x64 luminance correlation=0.999912,Supported,true
IMG_56390.jpg,train,original,IMG_56390.jpg,train,resize,resized_duplicate,same filename; 404x303->640x480; LANCZOS RGB MAE=1.3457; 64x64 luminance correlation=0.999884,Supported,true
IMG_56410.jpg,train,original,IMG_56410.jpg,train,resize,resized_duplicate,same filename; 404x303->640x480; LANCZOS RGB MAE=1.4379; 64x64 luminance correlation=0.999862,Supported,true
IMG_5642.jpg,train,original,IMG_5642.jpg,train,resize,resized_duplicate,same filename; 404x303->640x480; LANCZOS RGB MAE=1.6564; 64x64 luminance correlation=0.999814,Supported,true
IMG_56430.jpg,train,original,IMG_56430.jpg,train,resize,resized_duplicate,same filename; 404x303->640x480; LANCZOS RGB MAE=1.4794; 64x64 luminance correlation=0.999824,Supported,true
IMG_6760.jpg,train,original,IMG_6760.jpg,train,resize,resized_duplicate,same filename; 369x277->640x480; LANCZOS RGB MAE=14.4494; 64x64 luminance correlation=0.997496,Supported,true
IMG_6761.jpg,train,original,IMG_6761.jpg,train,resize,resized_duplicate,same filename; 369x277->640x480; LANCZOS RGB MAE=14.9854; 64x64 luminance correlation=0.998145,Supported,true
IMG_6762.jpg,train,original,IMG_6762.jpg,train,resize,resized_duplicate,same filename; 369x277->640x480; LANCZOS RGB MAE=14.6889; 64x64 luminance correlation=0.998321,Supported,true
IMG_6763.jpg,train,original,IMG_6763.jpg,train,resize,resized_duplicate,same filename; 369x277->640x480; LANCZOS RGB MAE=12.8927; 64x64 luminance correlation=0.99831,Supported,true
IMG_6764.jpg,train,original,IMG_6764.jpg,train,resize,resized_duplicate,same filename; 369x277->640x480; LANCZOS RGB MAE=12.3108; 64x64 luminance correlation=0.998508,Supported,true
IMG_6765.jpg,train,original,IMG_6765.jpg,train,resize,resized_duplicate,same filename; 369x277->640x480; LANCZOS RGB MAE=15.9036; 64x64 luminance correlation=0.99827,Supported,true
IMG_6770.jpg,train,original,IMG_6770.jpg,train,resize,resized_duplicate,same filename; 369x277->640x480; LANCZOS RGB MAE=13.0729; 64x64 luminance correlation=0.998674,Supported,true
IMG_6773.jpg,train,original,IMG_6773.jpg,train,resize,resized_duplicate,same filename; 369x277->640x480; LANCZOS RGB MAE=13.6849; 64x64 luminance correlation=0.998375,Supported,true
IMG_6775.jpg,train,original,IMG_6775.jpg,train,resize,resized_duplicate,same filename; 369x277->640x480; LANCZOS RGB MAE=15.413; 64x64 luminance correlation=0.998043,Supported,true
IMG_6776.jpg,train,original,IMG_6776.jpg,train,resize,resized_duplicate,same filename; 369x277->640x480; LANCZOS RGB MAE=14.565; 64x64 luminance correlation=0.998517,Supported,true
IMG_6777.jpg,train,original,IMG_6777.jpg,train,resize,resized_duplicate,same filename; 369x277->640x480; LANCZOS RGB MAE=15.1187; 64x64 luminance correlation=0.998542,Supported,true
IMG_6783.jpg,train,original,IMG_6783.jpg,train,resize,resized_duplicate,same filename; 369x277->640x480; LANCZOS RGB MAE=9.1353; 64x64 luminance correlation=0.998962,Supported,true
IMG_6785.jpg,train,original,IMG_6785.jpg,train,resize,resized_duplicate,same filename; 369x277->640x480; LANCZOS RGB MAE=12.0412; 64x64 luminance correlation=0.998417,Supported,true
IMG_6786.jpg,train,original,IMG_6786.jpg,train,resize,resized_duplicate,same filename; 369x277->640x480; LANCZOS RGB MAE=11.7228; 64x64 luminance correlation=0.998626,Supported,true
IMG_6788.jpg,train,original,IMG_6788.jpg,train,resize,resized_duplicate,same filename; 369x277->640x480; LANCZOS RGB MAE=14.8782; 64x64 luminance correlation=0.998527,Supported,true
IMG_6789.jpg,train,original,IMG_6789.jpg,train,resize,resized_duplicate,same filename; 369x277->640x480; LANCZOS RGB MAE=12.94; 64x64 luminance correlation=0.998317,Supported,true
IMG_6790.jpg,train,original,IMG_6790.jpg,train,resize,resized_duplicate,same filename; 369x277->640x480; LANCZOS RGB MAE=11.9161; 64x64 luminance correlation=0.998458,Supported,true
IMG_6791.jpg,train,original,IMG_6791.jpg,train,resize,resized_duplicate,same filename; 369x277->640x480; LANCZOS RGB MAE=12.9903; 64x64 luminance correlation=0.998308,Supported,true
IMG_6792.jpg,train,original,IMG_6792.jpg,train,resize,resized_duplicate,same filename; 369x277->640x480; LANCZOS RGB MAE=14.4277; 64x64 luminance correlation=0.997662,Supported,true
IMG_6793.jpg,train,original,IMG_6793.jpg,train,resize,resized_duplicate,same filename; 369x277->640x480; LANCZOS RGB MAE=14.0844; 64x64 luminance correlation=0.998287,Supported,true
IMG_6794.jpg,train,original,IMG_6794.jpg,train,resize,resized_duplicate,same filename; 369x277->640x480; LANCZOS RGB MAE=13.8175; 64x64 luminance correlation=0.998362,Supported,true
IMG_6795.jpg,train,original,IMG_6795.jpg,train,resize,resized_duplicate,same filename; 369x277->640x480; LANCZOS RGB MAE=11.9971; 64x64 luminance correlation=0.998407,Supported,true
IMG_6796.jpg,train,original,IMG_6796.jpg,train,resize,resized_duplicate,same filename; 369x277->640x480; LANCZOS RGB MAE=9.1468; 64x64 luminance correlation=0.998935,Supported,true
IMG_6797.jpg,train,original,IMG_6797.jpg,train,resize,resized_duplicate,same filename; 369x277->640x480; LANCZOS RGB MAE=11.2782; 64x64 luminance correlation=0.998651,Supported,true
IMG_6798.jpg,train,original,IMG_6798.jpg,train,resize,resized_duplicate,same filename; 369x277->640x480; LANCZOS RGB MAE=12.7163; 64x64 luminance correlation=0.998362,Supported,true
IMG_6802.jpg,train,original,IMG_6802.jpg,train,resize,resized_duplicate,same filename; 369x277->640x480; LANCZOS RGB MAE=10.8387; 64x64 luminance correlation=0.998704,Supported,true
IMG_6805.jpg,train,original,IMG_6805.jpg,train,resize,resized_duplicate,same filename; 369x277->640x480; LANCZOS RGB MAE=12.2098; 64x64 luminance correlation=0.998758,Supported,true
IMG_6808.jpg,train,original,IMG_6808.jpg,train,resize,resized_duplicate,same filename; 369x277->640x480; LANCZOS RGB MAE=9.7763; 64x64 luminance correlation=0.998396,Supported,true
IMG_6810.jpg,train,original,IMG_6810.jpg,train,resize,resized_duplicate,same filename; 369x277->640x480; LANCZOS RGB MAE=9.7858; 64x64 luminance correlation=0.998885,Supported,true
IMG_6811.jpg,train,original,IMG_6811.jpg,train,resize,resized_duplicate,same filename; 369x277->640x480; LANCZOS RGB MAE=10.176; 64x64 luminance correlation=0.998879,Supported,true
IMG_6813.jpg,train,original,IMG_6813.jpg,train,resize,resized_duplicate,same filename; 369x277->640x480; LANCZOS RGB MAE=10.6419; 64x64 luminance correlation=0.998598,Supported,true
IMG_6814.jpg,train,original,IMG_6814.jpg,train,resize,resized_duplicate,same filename; 369x277->640x480; LANCZOS RGB MAE=10.2626; 64x64 luminance correlation=0.998489,Supported,true
IMG_6817.jpg,train,original,IMG_6817.jpg,train,resize,resized_duplicate,same filename; 369x277->640x480; LANCZOS RGB MAE=8.6621; 64x64 luminance correlation=0.998948,Supported,true
IMG_6818.jpg,train,original,IMG_6818.jpg,train,resize,resized_duplicate,same filename; 369x277->640x480; LANCZOS RGB MAE=9.6212; 64x64 luminance correlation=0.998584,Supported,true
IMG_6820.jpg,train,original,IMG_6820.jpg,train,resize,resized_duplicate,same filename; 369x277->640x480; LANCZOS RGB MAE=6.9845; 64x64 luminance correlation=0.999084,Supported,true
IMG_6822.jpg,train,original,IMG_6822.jpg,train,resize,resized_duplicate,same filename; 369x277->640x480; LANCZOS RGB MAE=9.7994; 64x64 luminance correlation=0.998739,Supported,true
IMG_6823.jpg,train,original,IMG_6823.jpg,train,resize,resized_duplicate,same filename; 369x277->640x480; LANCZOS RGB MAE=9.8376; 64x64 luminance correlation=0.998817,Supported,true
IMG_6824.jpg,train,original,IMG_6824.jpg,train,resize,resized_duplicate,same filename; 369x277->640x480; LANCZOS RGB MAE=11.695; 64x64 luminance correlation=0.998713,Supported,true
IMG_6825.jpg,train,original,IMG_6825.jpg,train,resize,resized_duplicate,same filename; 369x277->640x480; LANCZOS RGB MAE=8.6269; 64x64 luminance correlation=0.999155,Supported,true
IMG_6828.jpg,train,original,IMG_6828.jpg,train,resize,resized_duplicate,same filename; 369x277->640x480; LANCZOS RGB MAE=9.9454; 64x64 luminance correlation=0.998727,Supported,true
IMG_6830.jpg,train,original,IMG_6830.jpg,train,resize,resized_duplicate,same filename; 369x277->640x480; LANCZOS RGB MAE=12.1058; 64x64 luminance correlation=0.998703,Supported,true
IMG_6831.jpg,train,original,IMG_6831.jpg,train,resize,resized_duplicate,same filename; 369x277->640x480; LANCZOS RGB MAE=11.3833; 64x64 luminance correlation=0.99851,Supported,true
IMG_6832.jpg,train,original,IMG_6832.jpg,train,resize,resized_duplicate,same filename; 369x277->640x480; LANCZOS RGB MAE=11.1401; 64x64 luminance correlation=0.998898,Supported,true
IMG_6834.jpg,train,original,IMG_6834.jpg,train,resize,resized_duplicate,same filename; 369x277->640x480; LANCZOS RGB MAE=7.0144; 64x64 luminance correlation=0.999206,Supported,true
IMG_6835.jpg,train,original,IMG_6835.jpg,train,resize,resized_duplicate,same filename; 369x277->640x480; LANCZOS RGB MAE=8.8165; 64x64 luminance correlation=0.998602,Supported,true
IMG_6836.jpg,train,original,IMG_6836.jpg,train,resize,resized_duplicate,same filename; 369x277->640x480; LANCZOS RGB MAE=7.8198; 64x64 luminance correlation=0.999323,Supported,true
IMG_6837.jpg,train,original,IMG_6837.jpg,train,resize,resized_duplicate,same filename; 369x277->640x480; LANCZOS RGB MAE=7.8142; 64x64 luminance correlation=0.999365,Supported,true
IMG_6838.jpg,train,original,IMG_6838.jpg,train,resize,resized_duplicate,same filename; 369x277->640x480; LANCZOS RGB MAE=7.3482; 64x64 luminance correlation=0.99919,Supported,true
IMG_6840.jpg,train,original,IMG_6840.jpg,train,resize,resized_duplicate,same filename; 369x277->640x480; LANCZOS RGB MAE=6.5629; 64x64 luminance correlation=0.998999,Supported,true
IMG_6842.jpg,train,original,IMG_6842.jpg,train,resize,resized_duplicate,same filename; 369x277->640x480; LANCZOS RGB MAE=13.6445; 64x64 luminance correlation=0.998522,Supported,true
IMG_6843.jpg,train,original,IMG_6843.jpg,train,resize,resized_duplicate,same filename; 369x277->640x480; LANCZOS RGB MAE=16.0871; 64x64 luminance correlation=0.998491,Supported,true
IMG_6845.jpg,train,original,IMG_6845.jpg,train,resize,resized_duplicate,same filename; 369x277->640x480; LANCZOS RGB MAE=16.6911; 64x64 luminance correlation=0.998158,Supported,true
IMG_6846.jpg,train,original,IMG_6846.jpg,train,resize,resized_duplicate,same filename; 369x277->640x480; LANCZOS RGB MAE=11.1319; 64x64 luminance correlation=0.998787,Supported,true
IMG_6847.jpg,train,original,IMG_6847.jpg,train,resize,resized_duplicate,same filename; 369x277->640x480; LANCZOS RGB MAE=13.267; 64x64 luminance correlation=0.998668,Supported,true
IMG_6848.jpg,train,original,IMG_6848.jpg,train,resize,resized_duplicate,same filename; 369x277->640x480; LANCZOS RGB MAE=14.9575; 64x64 luminance correlation=0.998299,Supported,true
IMG_6849.jpg,train,original,IMG_6849.jpg,train,resize,resized_duplicate,same filename; 369x277->640x480; LANCZOS RGB MAE=12.0691; 64x64 luminance correlation=0.998282,Supported,true
IMG_6850.jpg,train,original,IMG_6850.jpg,train,resize,resized_duplicate,same filename; 369x277->640x480; LANCZOS RGB MAE=13.9512; 64x64 luminance correlation=0.998199,Supported,true
IMG_6851.jpg,train,original,IMG_6851.jpg,train,resize,resized_duplicate,same filename; 369x277->640x480; LANCZOS RGB MAE=11.0776; 64x64 luminance correlation=0.998587,Supported,true
IMG_6854.jpg,train,original,IMG_6854.jpg,train,resize,resized_duplicate,same filename; 369x277->640x480; LANCZOS RGB MAE=11.4261; 64x64 luminance correlation=0.998923,Supported,true
IMG_6856.jpg,train,original,IMG_6856.jpg,train,resize,resized_duplicate,same filename; 369x277->640x480; LANCZOS RGB MAE=12.0055; 64x64 luminance correlation=0.99877,Supported,true
IMG_6858.jpg,train,original,IMG_6858.jpg,train,resize,resized_duplicate,same filename; 369x277->640x480; LANCZOS RGB MAE=9.6338; 64x64 luminance correlation=0.999004,Supported,true
IMG_6860.jpg,train,original,IMG_6860.jpg,train,resize,resized_duplicate,same filename; 369x277->640x480; LANCZOS RGB MAE=11.3401; 64x64 luminance correlation=0.998635,Supported,true
IMG_6862.jpg,train,original,IMG_6862.jpg,train,resize,resized_duplicate,same filename; 369x277->640x480; LANCZOS RGB MAE=10.8534; 64x64 luminance correlation=0.998492,Supported,true
IMG_6863.jpg,train,original,IMG_6863.jpg,train,resize,resized_duplicate,same filename; 369x277->640x480; LANCZOS RGB MAE=10.0394; 64x64 luminance correlation=0.998809,Supported,true
IMG_6864.jpg,train,original,IMG_6864.jpg,train,resize,resized_duplicate,same filename; 369x277->640x480; LANCZOS RGB MAE=8.8781; 64x64 luminance correlation=0.998932,Supported,true
IMG_6865.jpg,train,original,IMG_6865.jpg,train,resize,resized_duplicate,same filename; 369x277->640x480; LANCZOS RGB MAE=7.4718; 64x64 luminance correlation=0.999368,Supported,true
IMG_6866.jpg,train,original,IMG_6866.jpg,train,resize,resized_duplicate,same filename; 369x277->640x480; LANCZOS RGB MAE=7.7492; 64x64 luminance correlation=0.999105,Supported,true
IMG_6867.jpg,train,original,IMG_6867.jpg,train,resize,resized_duplicate,same filename; 369x277->640x480; LANCZOS RGB MAE=9.5048; 64x64 luminance correlation=0.998876,Supported,true
IMG_6870.jpg,train,original,IMG_6870.jpg,train,resize,resized_duplicate,same filename; 369x277->640x480; LANCZOS RGB MAE=10.1002; 64x64 luminance correlation=0.999076,Supported,true
IMG_6871.jpg,train,original,IMG_6871.jpg,train,resize,resized_duplicate,same filename; 369x277->640x480; LANCZOS RGB MAE=8.2497; 64x64 luminance correlation=0.999326,Supported,true
IMG_6872.jpg,train,original,IMG_6872.jpg,train,resize,resized_duplicate,same filename; 369x277->640x480; LANCZOS RGB MAE=12.7286; 64x64 luminance correlation=0.99907,Supported,true
IMG_6874.jpg,train,original,IMG_6874.jpg,train,resize,resized_duplicate,same filename; 369x277->640x480; LANCZOS RGB MAE=14.2014; 64x64 luminance correlation=0.99815,Supported,true
IMG_6875.jpg,train,original,IMG_6875.jpg,train,resize,resized_duplicate,same filename; 369x277->640x480; LANCZOS RGB MAE=9.4992; 64x64 luminance correlation=0.998669,Supported,true
IMG_6876.jpg,train,original,IMG_6876.jpg,train,resize,resized_duplicate,same filename; 369x277->640x480; LANCZOS RGB MAE=7.6112; 64x64 luminance correlation=0.999197,Supported,true
IMG_6877.jpg,train,original,IMG_6877.jpg,train,resize,resized_duplicate,same filename; 369x277->640x480; LANCZOS RGB MAE=8.6689; 64x64 luminance correlation=0.999218,Supported,true
IMG_6878.jpg,train,original,IMG_6878.jpg,train,resize,resized_duplicate,same filename; 369x277->640x480; LANCZOS RGB MAE=8.7368; 64x64 luminance correlation=0.99911,Supported,true
IMG_6880.jpg,train,original,IMG_6880.jpg,train,resize,resized_duplicate,same filename; 369x277->640x480; LANCZOS RGB MAE=9.9891; 64x64 luminance correlation=0.99876,Supported,true
IMG_6881.jpg,train,original,IMG_6881.jpg,train,resize,resized_duplicate,same filename; 369x277->640x480; LANCZOS RGB MAE=5.4563; 64x64 luminance correlation=0.999468,Supported,true
IMG_6884.jpg,train,original,IMG_6884.jpg,train,resize,resized_duplicate,same filename; 369x277->640x480; LANCZOS RGB MAE=10.1528; 64x64 luminance correlation=0.998876,Supported,true
IMG_6886.jpg,train,original,IMG_6886.jpg,train,resize,resized_duplicate,same filename; 369x277->640x480; LANCZOS RGB MAE=10.2222; 64x64 luminance correlation=0.998663,Supported,true
IMG_6887.jpg,train,original,IMG_6887.jpg,train,resize,resized_duplicate,same filename; 369x277->640x480; LANCZOS RGB MAE=12.1957; 64x64 luminance correlation=0.998769,Supported,true
IMG_6888.jpg,train,original,IMG_6888.jpg,train,resize,resized_duplicate,same filename; 369x277->640x480; LANCZOS RGB MAE=11.1892; 64x64 luminance correlation=0.998874,Supported,true
IMG_6889.jpg,train,original,IMG_6889.jpg,train,resize,resized_duplicate,same filename; 369x277->640x480; LANCZOS RGB MAE=11.0147; 64x64 luminance correlation=0.99875,Supported,true
IMG_6890.jpg,train,original,IMG_6890.jpg,train,resize,resized_duplicate,same filename; 369x277->640x480; LANCZOS RGB MAE=9.984; 64x64 luminance correlation=0.999451,Supported,true
IMG_6891.jpg,train,original,IMG_6891.jpg,train,resize,resized_duplicate,same filename; 369x277->640x480; LANCZOS RGB MAE=10.2727; 64x64 luminance correlation=0.998255,Supported,true
IMG_6892.jpg,train,original,IMG_6892.jpg,train,resize,resized_duplicate,same filename; 369x277->640x480; LANCZOS RGB MAE=8.6707; 64x64 luminance correlation=0.998572,Supported,true
IMG_6893.jpg,train,original,IMG_6893.jpg,train,resize,resized_duplicate,same filename; 369x277->640x480; LANCZOS RGB MAE=14.2368; 64x64 luminance correlation=0.998383,Supported,true
IMG_6894.jpg,train,original,IMG_6894.jpg,train,resize,resized_duplicate,same filename; 369x277->640x480; LANCZOS RGB MAE=14.8673; 64x64 luminance correlation=0.998385,Supported,true
IMG_6896.jpg,train,original,IMG_6896.jpg,train,resize,resized_duplicate,same filename; 369x277->640x480; LANCZOS RGB MAE=11.5551; 64x64 luminance correlation=0.998585,Supported,true
IMG_6898.jpg,train,original,IMG_6898.jpg,train,resize,resized_duplicate,same filename; 369x277->640x480; LANCZOS RGB MAE=5.0406; 64x64 luminance correlation=0.998786,Supported,true
IMG_6899.jpg,train,original,IMG_6899.jpg,train,resize,resized_duplicate,same filename; 369x277->640x480; LANCZOS RGB MAE=7.9573; 64x64 luminance correlation=0.999007,Supported,true
IMG_6900.jpg,train,original,IMG_6900.jpg,train,resize,resized_duplicate,same filename; 369x277->640x480; LANCZOS RGB MAE=11.0366; 64x64 luminance correlation=0.998661,Supported,true
IMG_6901.jpg,train,original,IMG_6901.jpg,train,resize,resized_duplicate,same filename; 369x277->640x480; LANCZOS RGB MAE=12.6096; 64x64 luminance correlation=0.998448,Supported,true
IMG_6902.jpg,train,original,IMG_6902.jpg,train,resize,resized_duplicate,same filename; 369x277->640x480; LANCZOS RGB MAE=13.0971; 64x64 luminance correlation=0.998169,Supported,true
IMG_6903.jpg,train,original,IMG_6903.jpg,train,resize,resized_duplicate,same filename; 369x277->640x480; LANCZOS RGB MAE=12.318; 64x64 luminance correlation=0.998375,Supported,true
IMG_6904.jpg,train,original,IMG_6904.jpg,train,resize,resized_duplicate,same filename; 369x277->640x480; LANCZOS RGB MAE=13.529; 64x64 luminance correlation=0.998584,Supported,true
IMG_6905.jpg,train,original,IMG_6905.jpg,train,resize,resized_duplicate,same filename; 369x277->640x480; LANCZOS RGB MAE=10.3276; 64x64 luminance correlation=0.99876,Supported,true
IMG_6906.jpg,train,original,IMG_6906.jpg,train,resize,resized_duplicate,same filename; 369x277->640x480; LANCZOS RGB MAE=13.3569; 64x64 luminance correlation=0.997954,Supported,true
IMG_6907.jpg,train,original,IMG_6907.jpg,train,resize,resized_duplicate,same filename; 369x277->640x480; LANCZOS RGB MAE=15.2516; 64x64 luminance correlation=0.99819,Supported,true
IMG_6908.jpg,train,original,IMG_6908.jpg,train,resize,resized_duplicate,same filename; 369x277->640x480; LANCZOS RGB MAE=15.9838; 64x64 luminance correlation=0.998111,Supported,true
IMG_6909.jpg,train,original,IMG_6909.jpg,train,resize,resized_duplicate,same filename; 369x277->640x480; LANCZOS RGB MAE=6.8816; 64x64 luminance correlation=0.999117,Supported,true
IMG_6910.jpg,train,original,IMG_6910.jpg,train,resize,resized_duplicate,same filename; 369x277->640x480; LANCZOS RGB MAE=11.6932; 64x64 luminance correlation=0.998462,Supported,true
IMG_6911.jpg,train,original,IMG_6911.jpg,train,resize,resized_duplicate,same filename; 369x277->640x480; LANCZOS RGB MAE=10.4834; 64x64 luminance correlation=0.998749,Supported,true
IMG_6912.jpg,train,original,IMG_6912.jpg,train,resize,resized_duplicate,same filename; 369x277->640x480; LANCZOS RGB MAE=10.8707; 64x64 luminance correlation=0.998992,Supported,true
IMG_6913.jpg,train,original,IMG_6913.jpg,train,resize,resized_duplicate,same filename; 369x277->640x480; LANCZOS RGB MAE=10.6438; 64x64 luminance correlation=0.999014,Supported,true
IMG_6914.jpg,train,original,IMG_6914.jpg,train,resize,resized_duplicate,same filename; 369x277->640x480; LANCZOS RGB MAE=10.07; 64x64 luminance correlation=0.999038,Supported,true
IMG_6915.jpg,train,original,IMG_6915.jpg,train,resize,resized_duplicate,same filename; 369x277->640x480; LANCZOS RGB MAE=11.7461; 64x64 luminance correlation=0.999145,Supported,true
IMG_6916.jpg,train,original,IMG_6916.jpg,train,resize,resized_duplicate,same filename; 369x277->640x480; LANCZOS RGB MAE=11.643; 64x64 luminance correlation=0.998676,Supported,true
IMG_6917.jpg,train,original,IMG_6917.jpg,train,resize,resized_duplicate,same filename; 369x277->640x480; LANCZOS RGB MAE=12.2918; 64x64 luminance correlation=0.998386,Supported,true
IMG_6918.jpg,train,original,IMG_6918.jpg,train,resize,resized_duplicate,same filename; 369x277->640x480; LANCZOS RGB MAE=11.8305; 64x64 luminance correlation=0.998317,Supported,true
IMG_6921.jpg,train,original,IMG_6921.jpg,train,resize,resized_duplicate,same filename; 369x277->640x480; LANCZOS RGB MAE=15.4677; 64x64 luminance correlation=0.998246,Supported,true
IMG_6922.jpg,train,original,IMG_6922.jpg,train,resize,resized_duplicate,same filename; 369x277->640x480; LANCZOS RGB MAE=13.7702; 64x64 luminance correlation=0.998504,Supported,true
IMG_6923.jpg,train,original,IMG_6923.jpg,train,resize,resized_duplicate,same filename; 369x277->640x480; LANCZOS RGB MAE=7.873; 64x64 luminance correlation=0.99898,Supported,true
IMG_6924.jpg,train,original,IMG_6924.jpg,train,resize,resized_duplicate,same filename; 369x277->640x480; LANCZOS RGB MAE=9.9966; 64x64 luminance correlation=0.998654,Supported,true
IMG_6925.jpg,train,original,IMG_6925.jpg,train,resize,resized_duplicate,same filename; 369x277->640x480; LANCZOS RGB MAE=11.1996; 64x64 luminance correlation=0.998861,Supported,true
IMG_6926.jpg,train,original,IMG_6926.jpg,train,resize,resized_duplicate,same filename; 369x277->640x480; LANCZOS RGB MAE=12.3313; 64x64 luminance correlation=0.998353,Supported,true
IMG_6927.jpg,train,original,IMG_6927.jpg,train,resize,resized_duplicate,same filename; 369x277->640x480; LANCZOS RGB MAE=10.8532; 64x64 luminance correlation=0.998538,Supported,true
IMG_6928.jpg,train,original,IMG_6928.jpg,train,resize,resized_duplicate,same filename; 369x277->640x480; LANCZOS RGB MAE=9.625; 64x64 luminance correlation=0.998604,Supported,true
IMG_6929.jpg,train,original,IMG_6929.jpg,train,resize,resized_duplicate,same filename; 369x277->640x480; LANCZOS RGB MAE=9.6965; 64x64 luminance correlation=0.998516,Supported,true
IMG_6930.jpg,train,original,IMG_6930.jpg,train,resize,resized_duplicate,same filename; 369x277->640x480; LANCZOS RGB MAE=8.7908; 64x64 luminance correlation=0.998757,Supported,true
IMG_6931.jpg,train,original,IMG_6931.jpg,train,resize,resized_duplicate,same filename; 369x277->640x480; LANCZOS RGB MAE=9.8177; 64x64 luminance correlation=0.998601,Supported,true
IMG_6932.jpg,train,original,IMG_6932.jpg,train,resize,resized_duplicate,same filename; 369x277->640x480; LANCZOS RGB MAE=9.8127; 64x64 luminance correlation=0.998588,Supported,true
IMG_6933.jpg,train,original,IMG_6933.jpg,train,resize,resized_duplicate,same filename; 369x277->640x480; LANCZOS RGB MAE=12.4927; 64x64 luminance correlation=0.998161,Supported,true
IMG_6934.jpg,train,original,IMG_6934.jpg,train,resize,resized_duplicate,same filename; 369x277->640x480; LANCZOS RGB MAE=11.1389; 64x64 luminance correlation=0.998788,Supported,true
IMG_6935.jpg,train,original,IMG_6935.jpg,train,resize,resized_duplicate,same filename; 369x277->640x480; LANCZOS RGB MAE=10.4187; 64x64 luminance correlation=0.99909,Supported,true
IMG_6936.jpg,train,original,IMG_6936.jpg,train,resize,resized_duplicate,same filename; 369x277->640x480; LANCZOS RGB MAE=10.1707; 64x64 luminance correlation=0.998415,Supported,true
IMG_6937.jpg,train,original,IMG_6937.jpg,train,resize,resized_duplicate,same filename; 369x277->640x480; LANCZOS RGB MAE=10.6076; 64x64 luminance correlation=0.999269,Supported,true
IMG_6939.jpg,train,original,IMG_6939.jpg,train,resize,resized_duplicate,same filename; 369x277->640x480; LANCZOS RGB MAE=10.1921; 64x64 luminance correlation=0.999229,Supported,true
IMG_6940.jpg,train,original,IMG_6940.jpg,train,resize,resized_duplicate,same filename; 369x277->640x480; LANCZOS RGB MAE=7.6525; 64x64 luminance correlation=0.999485,Supported,true
IMG_6942.jpg,train,original,IMG_6942.jpg,train,resize,resized_duplicate,same filename; 369x277->640x480; LANCZOS RGB MAE=7.8585; 64x64 luminance correlation=0.999312,Supported,true
IMG_6943.jpg,train,original,IMG_6943.jpg,train,resize,resized_duplicate,same filename; 369x277->640x480; LANCZOS RGB MAE=12.5017; 64x64 luminance correlation=0.998967,Supported,true
IMG_6946.jpg,train,original,IMG_6946.jpg,train,resize,resized_duplicate,same filename; 369x277->640x480; LANCZOS RGB MAE=7.6941; 64x64 luminance correlation=0.999487,Supported,true
IMG_6948.jpg,train,original,IMG_6948.jpg,train,resize,resized_duplicate,same filename; 369x277->640x480; LANCZOS RGB MAE=12.306; 64x64 luminance correlation=0.998972,Supported,true
IMG_6950.jpg,train,original,IMG_6950.jpg,train,resize,resized_duplicate,same filename; 369x277->640x480; LANCZOS RGB MAE=8.964; 64x64 luminance correlation=0.999106,Supported,true
IMG_6951.jpg,train,original,IMG_6951.jpg,train,resize,resized_duplicate,same filename; 369x277->640x480; LANCZOS RGB MAE=14.4628; 64x64 luminance correlation=0.999112,Supported,true
IMG_6953.jpg,train,original,IMG_6953.jpg,train,resize,resized_duplicate,same filename; 369x277->640x480; LANCZOS RGB MAE=6.3715; 64x64 luminance correlation=0.999342,Supported,true
IMG_6954.jpg,train,original,IMG_6954.jpg,train,resize,resized_duplicate,same filename; 369x277->640x480; LANCZOS RGB MAE=10.7873; 64x64 luminance correlation=0.998903,Supported,true
IMG_6955.jpg,train,original,IMG_6955.jpg,train,resize,resized_duplicate,same filename; 369x277->640x480; LANCZOS RGB MAE=12.1671; 64x64 luminance correlation=0.998507,Supported,true
IMG_6956.jpg,train,original,IMG_6956.jpg,train,resize,resized_duplicate,same filename; 369x277->640x480; LANCZOS RGB MAE=9.5979; 64x64 luminance correlation=0.998807,Supported,true
IMG_6958.jpg,train,original,IMG_6958.jpg,train,resize,resized_duplicate,same filename; 369x277->640x480; LANCZOS RGB MAE=11.6891; 64x64 luminance correlation=0.998384,Supported,true
IMG_6959.jpg,train,original,IMG_6959.jpg,train,resize,resized_duplicate,same filename; 369x277->640x480; LANCZOS RGB MAE=11.0352; 64x64 luminance correlation=0.999079,Supported,true
IMG_6961.jpg,train,original,IMG_6961.jpg,train,resize,resized_duplicate,same filename; 369x277->640x480; LANCZOS RGB MAE=11.9557; 64x64 luminance correlation=0.998387,Supported,true
IMG_6962.jpg,train,original,IMG_6962.jpg,train,resize,resized_duplicate,same filename; 369x277->640x480; LANCZOS RGB MAE=8.0208; 64x64 luminance correlation=0.999173,Supported,true
IMG_6963.jpg,train,original,IMG_6963.jpg,train,resize,resized_duplicate,same filename; 369x277->640x480; LANCZOS RGB MAE=8.107; 64x64 luminance correlation=0.999356,Supported,true
IMG_6964.jpg,train,original,IMG_6964.jpg,train,resize,resized_duplicate,same filename; 369x277->640x480; LANCZOS RGB MAE=7.5116; 64x64 luminance correlation=0.999269,Supported,true
IMG_6965.jpg,train,original,IMG_6965.jpg,train,resize,resized_duplicate,same filename; 369x277->640x480; LANCZOS RGB MAE=10.709; 64x64 luminance correlation=0.999161,Supported,true
IMG_6968.jpg,train,original,IMG_6968.jpg,train,resize,resized_duplicate,same filename; 369x277->640x480; LANCZOS RGB MAE=13.1417; 64x64 luminance correlation=0.998844,Supported,true
IMG_6969.jpg,train,original,IMG_6969.jpg,train,resize,resized_duplicate,same filename; 369x277->640x480; LANCZOS RGB MAE=10.6323; 64x64 luminance correlation=0.998654,Supported,true
IMG_6970.jpg,train,original,IMG_6970.jpg,train,resize,resized_duplicate,same filename; 369x277->640x480; LANCZOS RGB MAE=12.2692; 64x64 luminance correlation=0.998511,Supported,true
IMG_6971.jpg,train,original,IMG_6971.jpg,train,resize,resized_duplicate,same filename; 369x277->640x480; LANCZOS RGB MAE=12.8567; 64x64 luminance correlation=0.99851,Supported,true
IMG_6972.jpg,train,original,IMG_6972.jpg,train,resize,resized_duplicate,same filename; 369x277->640x480; LANCZOS RGB MAE=13.4285; 64x64 luminance correlation=0.998381,Supported,true
IMG_6973.jpg,train,original,IMG_6973.jpg,train,resize,resized_duplicate,same filename; 369x277->640x480; LANCZOS RGB MAE=16.3849; 64x64 luminance correlation=0.998101,Supported,true
IMG_6974.jpg,train,original,IMG_6974.jpg,train,resize,resized_duplicate,same filename; 369x277->640x480; LANCZOS RGB MAE=11.385; 64x64 luminance correlation=0.998708,Supported,true
IMG_6983.jpg,train,original,IMG_6983.jpg,train,resize,resized_duplicate,same filename; 369x277->640x480; LANCZOS RGB MAE=9.9637; 64x64 luminance correlation=0.998806,Supported,true
IMG_6984.jpg,train,original,IMG_6984.jpg,train,resize,resized_duplicate,same filename; 369x277->640x480; LANCZOS RGB MAE=9.9343; 64x64 luminance correlation=0.998379,Supported,true
IMG_6985.jpg,train,original,IMG_6985.jpg,train,resize,resized_duplicate,same filename; 369x277->640x480; LANCZOS RGB MAE=9.6658; 64x64 luminance correlation=0.999308,Supported,true
IMG_6987.jpg,train,original,IMG_6987.jpg,train,resize,resized_duplicate,same filename; 369x277->640x480; LANCZOS RGB MAE=8.9029; 64x64 luminance correlation=0.99925,Supported,true
IMG_6988.jpg,train,original,IMG_6988.jpg,train,resize,resized_duplicate,same filename; 369x277->640x480; LANCZOS RGB MAE=11.3101; 64x64 luminance correlation=0.998456,Supported,true
IMG_6990.jpg,train,original,IMG_6990.jpg,train,resize,resized_duplicate,same filename; 369x277->640x480; LANCZOS RGB MAE=10.091; 64x64 luminance correlation=0.998923,Supported,true
IMG_6992.jpg,train,original,IMG_6992.jpg,train,resize,resized_duplicate,same filename; 369x277->640x480; LANCZOS RGB MAE=8.8434; 64x64 luminance correlation=0.99908,Supported,true
IMG_6994.jpg,train,original,IMG_6994.jpg,train,resize,resized_duplicate,same filename; 369x277->640x480; LANCZOS RGB MAE=7.8189; 64x64 luminance correlation=0.998874,Supported,true
IMG_6995.jpg,train,original,IMG_6995.jpg,train,resize,resized_duplicate,same filename; 369x277->640x480; LANCZOS RGB MAE=7.3881; 64x64 luminance correlation=0.998708,Supported,true
IMG_6997.jpg,train,original,IMG_6997.jpg,train,resize,resized_duplicate,same filename; 369x277->640x480; LANCZOS RGB MAE=8.0957; 64x64 luminance correlation=0.998844,Supported,true
IMG_6999.jpg,train,original,IMG_6999.jpg,train,resize,resized_duplicate,same filename; 369x277->640x480; LANCZOS RGB MAE=11.1129; 64x64 luminance correlation=0.998892,Supported,true
IMG_7001.jpg,train,original,IMG_7001.jpg,train,resize,resized_duplicate,same filename; 369x277->640x480; LANCZOS RGB MAE=10.5996; 64x64 luminance correlation=0.998828,Supported,true
IMG_7003.jpg,train,original,IMG_7003.jpg,train,resize,resized_duplicate,same filename; 369x277->640x480; LANCZOS RGB MAE=13.0777; 64x64 luminance correlation=0.998245,Supported,true
IMG_7004.jpg,train,original,IMG_7004.jpg,train,resize,resized_duplicate,same filename; 369x277->640x480; LANCZOS RGB MAE=9.0194; 64x64 luminance correlation=0.99874,Supported,true
IMG_7007.jpg,train,original,IMG_7007.jpg,train,resize,resized_duplicate,same filename; 369x277->640x480; LANCZOS RGB MAE=9.875; 64x64 luminance correlation=0.998203,Supported,true
IMG_7009.jpg,train,original,IMG_7009.jpg,train,resize,resized_duplicate,same filename; 369x277->640x480; LANCZOS RGB MAE=6.5936; 64x64 luminance correlation=0.999181,Supported,true
IMG_7010.jpg,train,original,IMG_7010.jpg,train,resize,resized_duplicate,same filename; 369x277->640x480; LANCZOS RGB MAE=8.7174; 64x64 luminance correlation=0.998952,Supported,true
IMG_7012.jpg,train,original,IMG_7012.jpg,train,resize,resized_duplicate,same filename; 369x277->640x480; LANCZOS RGB MAE=9.5793; 64x64 luminance correlation=0.9989,Supported,true
IMG_7015.jpg,train,original,IMG_7015.jpg,train,resize,resized_duplicate,same filename; 369x277->640x480; LANCZOS RGB MAE=7.7526; 64x64 luminance correlation=0.999196,Supported,true
IMG_7017.jpg,train,original,IMG_7017.jpg,train,resize,resized_duplicate,same filename; 369x277->640x480; LANCZOS RGB MAE=8.7384; 64x64 luminance correlation=0.999103,Supported,true
IMG_7018.jpg,train,original,IMG_7018.jpg,train,resize,resized_duplicate,same filename; 369x277->640x480; LANCZOS RGB MAE=8.2723; 64x64 luminance correlation=0.999089,Supported,true
IMG_7019.jpg,train,original,IMG_7019.jpg,train,resize,resized_duplicate,same filename; 369x277->640x480; LANCZOS RGB MAE=8.8453; 64x64 luminance correlation=0.999009,Supported,true
IMG_7021.jpg,train,original,IMG_7021.jpg,train,resize,resized_duplicate,same filename; 369x277->640x480; LANCZOS RGB MAE=7.6438; 64x64 luminance correlation=0.999385,Supported,true
IMG_7022.jpg,train,original,IMG_7022.jpg,train,resize,resized_duplicate,same filename; 369x277->640x480; LANCZOS RGB MAE=7.451; 64x64 luminance correlation=0.999313,Supported,true
IMG_7023.jpg,train,original,IMG_7023.jpg,train,resize,resized_duplicate,same filename; 369x277->640x480; LANCZOS RGB MAE=8.8679; 64x64 luminance correlation=0.99912,Supported,true
IMG_7024.jpg,train,original,IMG_7024.jpg,train,resize,resized_duplicate,same filename; 369x277->640x480; LANCZOS RGB MAE=10.185; 64x64 luminance correlation=0.998883,Supported,true
IMG_7025.jpg,train,original,IMG_7025.jpg,train,resize,resized_duplicate,same filename; 369x277->640x480; LANCZOS RGB MAE=8.6669; 64x64 luminance correlation=0.998874,Supported,true
IMG_7027.jpg,train,original,IMG_7027.jpg,train,resize,resized_duplicate,same filename; 369x277->640x480; LANCZOS RGB MAE=10.7736; 64x64 luminance correlation=0.99895,Supported,true
IMG_7028.jpg,train,original,IMG_7028.jpg,train,resize,resized_duplicate,same filename; 369x277->640x480; LANCZOS RGB MAE=9.663; 64x64 luminance correlation=0.99919,Supported,true
IMG_7030.jpg,train,original,IMG_7030.jpg,train,resize,resized_duplicate,same filename; 369x277->640x480; LANCZOS RGB MAE=6.7604; 64x64 luminance correlation=0.998833,Supported,true
IMG_7031.jpg,train,original,IMG_7031.jpg,train,resize,resized_duplicate,same filename; 369x277->640x480; LANCZOS RGB MAE=10.0521; 64x64 luminance correlation=0.998968,Supported,true
IMG_7033.jpg,train,original,IMG_7033.jpg,train,resize,resized_duplicate,same filename; 369x277->640x480; LANCZOS RGB MAE=8.0259; 64x64 luminance correlation=0.998597,Supported,true
IMG_7034.jpg,train,original,IMG_7034.jpg,train,resize,resized_duplicate,same filename; 369x277->640x480; LANCZOS RGB MAE=7.4516; 64x64 luminance correlation=0.999232,Supported,true
IMG_7036.jpg,train,original,IMG_7036.jpg,train,resize,resized_duplicate,same filename; 369x277->640x480; LANCZOS RGB MAE=7.8622; 64x64 luminance correlation=0.999219,Supported,true
IMG_7037.jpg,train,original,IMG_7037.jpg,train,resize,resized_duplicate,same filename; 369x277->640x480; LANCZOS RGB MAE=7.8555; 64x64 luminance correlation=0.999275,Supported,true
IMG_7038.jpg,train,original,IMG_7038.jpg,train,resize,resized_duplicate,same filename; 369x277->640x480; LANCZOS RGB MAE=7.6229; 64x64 luminance correlation=0.999353,Supported,true
IMG_7039.jpg,train,original,IMG_7039.jpg,train,resize,resized_duplicate,same filename; 369x277->640x480; LANCZOS RGB MAE=7.357; 64x64 luminance correlation=0.999428,Supported,true
IMG_7040.jpg,train,original,IMG_7040.jpg,train,resize,resized_duplicate,same filename; 369x277->640x480; LANCZOS RGB MAE=7.6661; 64x64 luminance correlation=0.999538,Supported,true
IMG_7042.jpg,train,original,IMG_7042.jpg,train,resize,resized_duplicate,same filename; 369x277->640x480; LANCZOS RGB MAE=7.3934; 64x64 luminance correlation=0.999275,Supported,true
IMG_7043.jpg,train,original,IMG_7043.jpg,train,resize,resized_duplicate,same filename; 369x277->640x480; LANCZOS RGB MAE=7.7323; 64x64 luminance correlation=0.999216,Supported,true
IMG_7046.jpg,train,original,IMG_7046.jpg,train,resize,resized_duplicate,same filename; 369x277->640x480; LANCZOS RGB MAE=10.9129; 64x64 luminance correlation=0.998434,Supported,true
IMG_7047.jpg,train,original,IMG_7047.jpg,train,resize,resized_duplicate,same filename; 369x277->640x480; LANCZOS RGB MAE=8.5502; 64x64 luminance correlation=0.999632,Supported,true
IMG_7048.jpg,train,original,IMG_7048.jpg,train,resize,resized_duplicate,same filename; 369x277->640x480; LANCZOS RGB MAE=8.9695; 64x64 luminance correlation=0.999577,Supported,true
IMG_7050.jpg,train,original,IMG_7050.jpg,train,resize,resized_duplicate,same filename; 369x277->640x480; LANCZOS RGB MAE=10.7278; 64x64 luminance correlation=0.998808,Supported,true
IMG_7052.jpg,train,original,IMG_7052.jpg,train,resize,resized_duplicate,same filename; 369x277->640x480; LANCZOS RGB MAE=8.0095; 64x64 luminance correlation=0.998971,Supported,true
IMG_7052.jpg,train,original,IMG_7052_brightness.jpg,train,original,augmentation_derivative,same suffix-normalized family=img_7052; 64x64 correlation=0.996900; identical polygons=True,Strongly Supported,true
IMG_7052_brightness.jpg,train,original,IMG_7052_brightness.jpg,train,resize,resized_duplicate,same filename; 369x277->640x480; LANCZOS RGB MAE=8.6807; 64x64 luminance correlation=0.999025,Supported,true
IMG_7054.jpg,train,original,IMG_7054.jpg,train,resize,resized_duplicate,same filename; 369x277->640x480; LANCZOS RGB MAE=9.5932; 64x64 luminance correlation=0.998748,Supported,true
IMG_7055.jpg,train,original,IMG_7055.jpg,train,resize,resized_duplicate,same filename; 369x277->640x480; LANCZOS RGB MAE=8.9209; 64x64 luminance correlation=0.998909,Supported,true
IMG_7056.jpg,train,original,IMG_7056.jpg,train,resize,resized_duplicate,same filename; 369x277->640x480; LANCZOS RGB MAE=9.4106; 64x64 luminance correlation=0.998674,Supported,true
IMG_7058.jpg,train,original,IMG_7058.jpg,train,resize,resized_duplicate,same filename; 369x277->640x480; LANCZOS RGB MAE=13.766; 64x64 luminance correlation=0.99887,Supported,true
IMG_7060.jpg,train,original,IMG_7060.jpg,train,resize,resized_duplicate,same filename; 369x277->640x480; LANCZOS RGB MAE=13.7892; 64x64 luminance correlation=0.998073,Supported,true
IMG_7061.jpg,train,original,IMG_7061.jpg,train,resize,resized_duplicate,same filename; 369x277->640x480; LANCZOS RGB MAE=14.052; 64x64 luminance correlation=0.997557,Supported,true
IMG_7063.jpg,train,original,IMG_7063.jpg,train,resize,resized_duplicate,same filename; 369x277->640x480; LANCZOS RGB MAE=7.2257; 64x64 luminance correlation=0.999083,Supported,true
IMG_7065.jpg,train,original,IMG_7065.jpg,train,resize,resized_duplicate,same filename; 369x277->640x480; LANCZOS RGB MAE=5.8178; 64x64 luminance correlation=0.999249,Supported,true
IMG_7066.jpg,train,original,IMG_7066.jpg,train,resize,resized_duplicate,same filename; 369x277->640x480; LANCZOS RGB MAE=6.4406; 64x64 luminance correlation=0.999041,Supported,true
IMG_7067.jpg,train,original,IMG_7067.jpg,train,resize,resized_duplicate,same filename; 369x277->640x480; LANCZOS RGB MAE=7.0045; 64x64 luminance correlation=0.998894,Supported,true
IMG_7069.jpg,train,original,IMG_7069.jpg,train,resize,resized_duplicate,same filename; 369x277->640x480; LANCZOS RGB MAE=8.3801; 64x64 luminance correlation=0.99901,Supported,true
IMG_7070.jpg,train,original,IMG_7070.jpg,train,resize,resized_duplicate,same filename; 369x277->640x480; LANCZOS RGB MAE=9.8059; 64x64 luminance correlation=0.998573,Supported,true
IMG_7073.jpg,train,original,IMG_7073.jpg,train,resize,resized_duplicate,same filename; 369x277->640x480; LANCZOS RGB MAE=9.9611; 64x64 luminance correlation=0.999131,Supported,true
IMG_7075.jpg,train,original,IMG_7075.jpg,train,resize,resized_duplicate,same filename; 369x277->640x480; LANCZOS RGB MAE=9.1358; 64x64 luminance correlation=0.998905,Supported,true
IMG_7359.jpg,train,original,IMG_7359.jpg,train,resize,resized_duplicate,same filename; 369x277->640x480; LANCZOS RGB MAE=10.4625; 64x64 luminance correlation=0.998963,Supported,true
IMG_7360.jpg,train,original,IMG_7360.jpg,train,resize,resized_duplicate,same filename; 369x277->640x480; LANCZOS RGB MAE=11.2918; 64x64 luminance correlation=0.998828,Supported,true
IMG_7361.jpg,train,original,IMG_7361.jpg,train,resize,resized_duplicate,same filename; 369x277->640x480; LANCZOS RGB MAE=10.8407; 64x64 luminance correlation=0.998875,Supported,true
IMG_7362.jpg,train,original,IMG_7362.jpg,train,resize,resized_duplicate,same filename; 369x277->640x480; LANCZOS RGB MAE=10.4823; 64x64 luminance correlation=0.999071,Supported,true
107.jpg,val,original,107.jpg,val,resize,resized_duplicate,same filename; 369x277->640x480; LANCZOS RGB MAE=8.4218; 64x64 luminance correlation=0.998501,Supported,true
1090.jpg,val,original,1090.jpg,val,resize,resized_duplicate,same filename; 369x277->640x480; LANCZOS RGB MAE=6.4804; 64x64 luminance correlation=0.998954,Supported,true
111.jpg,val,original,111.jpg,val,resize,resized_duplicate,same filename; 369x277->640x480; LANCZOS RGB MAE=4.0035; 64x64 luminance correlation=0.99952,Supported,true
1130.jpg,val,original,1130.jpg,val,resize,resized_duplicate,same filename; 369x277->640x480; LANCZOS RGB MAE=6.0159; 64x64 luminance correlation=0.999297,Supported,true
114.jpg,val,original,114.jpg,val,resize,resized_duplicate,same filename; 369x277->640x480; LANCZOS RGB MAE=4.6529; 64x64 luminance correlation=0.999369,Supported,true
1180.jpg,val,original,1180.jpg,val,resize,resized_duplicate,same filename; 369x277->640x480; LANCZOS RGB MAE=3.4987; 64x64 luminance correlation=0.999766,Supported,true
1210.jpg,val,original,1210.jpg,val,resize,resized_duplicate,same filename; 369x277->640x480; LANCZOS RGB MAE=5.5878; 64x64 luminance correlation=0.99959,Supported,true
1220.jpg,val,original,1220.jpg,val,resize,resized_duplicate,same filename; 369x277->640x480; LANCZOS RGB MAE=9.8649; 64x64 luminance correlation=0.999204,Supported,true
1290_noise.jpg,val,original,1290_noise.jpg,val,resize,resized_duplicate,same filename; 369x277->640x480; LANCZOS RGB MAE=7.8019; 64x64 luminance correlation=0.999127,Supported,true
1310_noise.jpg,val,original,1310_noise.jpg,val,resize,resized_duplicate,same filename; 369x277->640x480; LANCZOS RGB MAE=6.4052; 64x64 luminance correlation=0.999494,Supported,true
1360_brightness.jpg,val,original,257.jpg,test,original,unresolved_candidate,256-bit dHash distance=10; 64x64 luminance correlation=0.993738; identical region list=False; different source names,Candidate,false
1360_brightness.jpg,val,original,1360_brightness.jpg,val,resize,resized_duplicate,same filename; 369x277->640x480; LANCZOS RGB MAE=9.196; 64x64 luminance correlation=0.999375,Supported,true
1400_noise.jpg,val,original,1400_noise.jpg,val,resize,resized_duplicate,same filename; 369x277->640x480; LANCZOS RGB MAE=7.4924; 64x64 luminance correlation=0.999109,Supported,true
1450_brightness.jpg,val,original,1450_brightness.jpg,val,resize,resized_duplicate,same filename; 369x277->640x480; LANCZOS RGB MAE=5.722; 64x64 luminance correlation=0.999606,Supported,true
1460_noise.jpg,val,original,1460_noise.jpg,val,resize,resized_duplicate,same filename; 369x277->640x480; LANCZOS RGB MAE=5.5998; 64x64 luminance correlation=0.999609,Supported,true
1550_noise.jpg,val,original,1550_noise.jpg,val,resize,resized_duplicate,same filename; 369x277->640x480; LANCZOS RGB MAE=8.5641; 64x64 luminance correlation=0.999499,Supported,true
1560_brightness.jpg,val,original,2640.jpg,test,original,high_visual_similarity,256-bit dHash distance=4; 64x64 luminance correlation=0.996712; identical region list=False; different source names; full-resolution grayscale correlation=0.994323,Supported,true
1560_brightness.jpg,val,original,1560_brightness.jpg,val,resize,resized_duplicate,same filename; 369x277->640x480; LANCZOS RGB MAE=4.2257; 64x64 luminance correlation=0.999674,Supported,true
1560_brightness.jpg,val,original,1560_noise.jpg,val,original,augmentation_derivative,same suffix-normalized family=1560; 64x64 correlation=0.998957; identical polygons=True,Strongly Supported,true
1560_noise.jpg,val,original,2640.jpg,test,original,high_visual_similarity,256-bit dHash distance=12; 64x64 luminance correlation=0.996898; identical region list=False; different source names; full-resolution grayscale correlation=0.976862,Supported,true
1560_noise.jpg,val,original,1560_noise.jpg,val,resize,resized_duplicate,same filename; 369x277->640x480; LANCZOS RGB MAE=5.4891; 64x64 luminance correlation=0.99966,Supported,true
166.jpg,val,original,166.jpg,val,resize,resized_duplicate,same filename; 369x277->640x480; LANCZOS RGB MAE=6.9962; 64x64 luminance correlation=0.999112,Supported,true
170.jpg,val,original,170.jpg,val,resize,resized_duplicate,same filename; 277x369->480x640; LANCZOS RGB MAE=7.3949; 64x64 luminance correlation=0.999403,Supported,true
172_noise.jpg,val,original,172_noise.jpg,val,resize,same_source_companion,same filename; 277x326->480x640; LANCZOS RGB MAE=36.4767; 64x64 luminance correlation=0.768708; Stage 2B-4H human accepted same-source companion; deterministic resize equivalence unresolved; dataset-provided resize excluded from formal experiments,Unresolved,false
1770_noise.jpg,val,original,1770_noise.jpg,val,resize,resized_duplicate,same filename; 277x369->480x640; LANCZOS RGB MAE=10.125; 64x64 luminance correlation=0.999201,Supported,true
1870.jpg,val,original,1870.jpg,val,resize,resized_duplicate,same filename; 277x369->480x640; LANCZOS RGB MAE=5.1729; 64x64 luminance correlation=0.999624,Supported,true
192_brightness.jpg,val,original,192_brightness.jpg,val,resize,resized_duplicate,same filename; 369x277->640x480; LANCZOS RGB MAE=10.84; 64x64 luminance correlation=0.998673,Supported,true
194_noise.jpg,val,original,194_noise.jpg,val,resize,resized_duplicate,same filename; 369x277->640x480; LANCZOS RGB MAE=7.6039; 64x64 luminance correlation=0.998837,Supported,true
2040_brightness.jpg,val,original,2040_brightness.jpg,val,resize,resized_duplicate,same filename; 369x277->640x480; LANCZOS RGB MAE=6.0675; 64x64 luminance correlation=0.999384,Supported,true
207_noise.jpg,val,original,207_noise.jpg,val,resize,resized_duplicate,same filename; 369x277->640x480; LANCZOS RGB MAE=6.7197; 64x64 luminance correlation=0.999255,Supported,true
2150_brightness.jpg,val,original,2150_brightness.jpg,val,resize,resized_duplicate,same filename; 369x277->640x480; LANCZOS RGB MAE=5.0122; 64x64 luminance correlation=0.999286,Supported,true
2150_brightness.jpg,val,original,2150_noise.jpg,val,original,augmentation_derivative,same suffix-normalized family=2150; 64x64 correlation=0.997929; identical polygons=True,Strongly Supported,true
2150_noise.jpg,val,original,2150_noise.jpg,val,resize,resized_duplicate,same filename; 369x277->640x480; LANCZOS RGB MAE=6.1768; 64x64 luminance correlation=0.999271,Supported,true
22000.jpg,val,original,22000.jpg,val,resize,resized_duplicate,same filename; 369x277->640x480; LANCZOS RGB MAE=11.596; 64x64 luminance correlation=0.998844,Supported,true
2200_brightness.jpg,val,original,2200_brightness.jpg,val,resize,resized_duplicate,same filename; 369x277->640x480; LANCZOS RGB MAE=5.2482; 64x64 luminance correlation=0.999373,Supported,true
2210_brightness.jpg,val,original,2210_brightness.jpg,val,resize,resized_duplicate,same filename; 369x277->640x480; LANCZOS RGB MAE=4.9734; 64x64 luminance correlation=0.999541,Supported,true
223_noise.jpg,val,original,223_noise.jpg,val,resize,resized_duplicate,same filename; 369x277->640x480; LANCZOS RGB MAE=5.5758; 64x64 luminance correlation=0.999373,Supported,true
227_brightness.jpg,val,original,227_brightness.jpg,val,resize,resized_duplicate,same filename; 369x277->640x480; LANCZOS RGB MAE=6.2235; 64x64 luminance correlation=0.999532,Supported,true
2340_noise.jpg,val,original,2340_noise.jpg,val,resize,resized_duplicate,same filename; 369x277->640x480; LANCZOS RGB MAE=5.942; 64x64 luminance correlation=0.999581,Supported,true
2400_noise.jpg,val,original,2400_noise.jpg,val,resize,resized_duplicate,same filename; 369x277->640x480; LANCZOS RGB MAE=6.4269; 64x64 luminance correlation=0.999489,Supported,true
251_brightness.jpg,val,original,138.jpg,test,original,high_visual_similarity,256-bit dHash distance=5; 64x64 luminance correlation=0.996657; identical region list=False; different source names; full-resolution grayscale correlation=0.995684,Supported,true
251_brightness.jpg,val,original,251_brightness.jpg,val,resize,resized_duplicate,same filename; 369x277->640x480; LANCZOS RGB MAE=4.9152; 64x64 luminance correlation=0.999147,Supported,true
2520_brightness.jpg,val,original,2520_brightness.jpg,val,resize,resized_duplicate,same filename; 369x277->640x480; LANCZOS RGB MAE=10.2544; 64x64 luminance correlation=0.998936,Supported,true
256_noise.jpg,val,original,256_noise.jpg,val,resize,resized_duplicate,same filename; 369x277->640x480; LANCZOS RGB MAE=6.1016; 64x64 luminance correlation=0.999586,Supported,true
2590_brightness.jpg,val,original,2590_brightness.jpg,val,resize,resized_duplicate,same filename; 369x277->640x480; LANCZOS RGB MAE=4.739; 64x64 luminance correlation=0.998965,Supported,true
2640_brightness.jpg,val,original,2640_brightness.jpg,val,resize,resized_duplicate,same filename; 369x277->640x480; LANCZOS RGB MAE=4.1898; 64x64 luminance correlation=0.999698,Supported,true
2640_brightness.jpg,val,original,2640_noise.jpg,val,original,augmentation_derivative,same suffix-normalized family=2640; 64x64 correlation=0.998948; identical polygons=True,Strongly Supported,true
2640_noise.jpg,val,original,2640_noise.jpg,val,resize,resized_duplicate,same filename; 369x277->640x480; LANCZOS RGB MAE=5.4895; 64x64 luminance correlation=0.999684,Supported,true
266_noise.jpg,val,original,266_noise.jpg,val,resize,resized_duplicate,same filename; 369x277->640x480; LANCZOS RGB MAE=9.9859; 64x64 luminance correlation=0.999043,Supported,true
267_noise.jpg,val,original,143.jpg,test,original,high_visual_similarity,256-bit dHash distance=11; 64x64 luminance correlation=0.999505; identical region list=False; different source names; full-resolution grayscale correlation=0.981197,Supported,true
267_noise.jpg,val,original,267_noise.jpg,val,resize,resized_duplicate,same filename; 369x277->640x480; LANCZOS RGB MAE=6.1576; 64x64 luminance correlation=0.999376,Supported,true
2710_brightness.jpg,val,original,2710_brightness.jpg,val,resize,resized_duplicate,same filename; 369x277->640x480; LANCZOS RGB MAE=7.282; 64x64 luminance correlation=0.999467,Supported,true
288_noise.jpg,val,original,288_noise.jpg,val,resize,resized_duplicate,same filename; 369x277->640x480; LANCZOS RGB MAE=11.9229; 64x64 luminance correlation=0.998915,Supported,true
2910_brightness.jpg,val,original,2910_brightness.jpg,val,resize,resized_duplicate,same filename; 369x277->640x480; LANCZOS RGB MAE=6.168; 64x64 luminance correlation=0.999552,Supported,true
2950_brightness.jpg,val,original,2950_brightness.jpg,val,resize,resized_duplicate,same filename; 369x277->640x480; LANCZOS RGB MAE=6.5648; 64x64 luminance correlation=0.999429,Supported,true
2950_brightness.jpg,val,original,2950_noise.jpg,val,original,augmentation_derivative,same suffix-normalized family=2950; 64x64 correlation=0.998203; identical polygons=True,Strongly Supported,true
2950_noise.jpg,val,original,2950_noise.jpg,val,resize,resized_duplicate,same filename; 369x277->640x480; LANCZOS RGB MAE=7.3968; 64x64 luminance correlation=0.999426,Supported,true
2970_noise.jpg,val,original,2970_noise.jpg,val,resize,resized_duplicate,same filename; 277x369->480x640; LANCZOS RGB MAE=8.0007; 64x64 luminance correlation=0.999254,Supported,true
3110_brightness.jpg,val,original,3110_brightness.jpg,val,resize,resized_duplicate,same filename; 369x277->640x480; LANCZOS RGB MAE=4.9977; 64x64 luminance correlation=0.999321,Supported,true
3210.jpg,val,original,3210.jpg,val,resize,resized_duplicate,same filename; 369x277->640x480; LANCZOS RGB MAE=11.9841; 64x64 luminance correlation=0.99823,Supported,true
3310.jpg,val,original,3310.jpg,val,resize,resized_duplicate,same filename; 369x277->640x480; LANCZOS RGB MAE=10.0329; 64x64 luminance correlation=0.998359,Supported,true
3320.jpg,val,original,3320.jpg,val,resize,resized_duplicate,same filename; 369x277->640x480; LANCZOS RGB MAE=12.534; 64x64 luminance correlation=0.998418,Supported,true
336.jpg,val,original,336.jpg,val,resize,resized_duplicate,same filename; 277x369->480x640; LANCZOS RGB MAE=13.6851; 64x64 luminance correlation=0.998158,Supported,true
340.jpg,val,original,340.jpg,val,resize,resized_duplicate,same filename; 369x277->640x480; LANCZOS RGB MAE=6.0062; 64x64 luminance correlation=0.998365,Supported,true
3450.jpg,val,original,3450.jpg,val,resize,resized_duplicate,same filename; 369x277->640x480; LANCZOS RGB MAE=9.0102; 64x64 luminance correlation=0.998511,Supported,true
3460.jpg,val,original,3460.jpg,val,resize,resized_duplicate,same filename; 369x277->640x480; LANCZOS RGB MAE=6.4396; 64x64 luminance correlation=0.999238,Supported,true
3720.jpg,val,original,3720.jpg,val,resize,resized_duplicate,same filename; 277x369->480x640; LANCZOS RGB MAE=7.1953; 64x64 luminance correlation=0.999284,Supported,true
379.jpg,val,original,379.jpg,val,resize,resized_duplicate,same filename; 277x369->480x640; LANCZOS RGB MAE=5.0781; 64x64 luminance correlation=0.99943,Supported,true
3810.jpg,val,original,3810.jpg,val,resize,resized_duplicate,same filename; 277x369->480x640; LANCZOS RGB MAE=3.6995; 64x64 luminance correlation=0.999296,Supported,true
384.jpg,val,original,384.jpg,val,resize,resized_duplicate,same filename; 277x369->480x640; LANCZOS RGB MAE=11.1152; 64x64 luminance correlation=0.998759,Supported,true
385.jpg,val,original,385.jpg,val,resize,resized_duplicate,same filename; 369x277->640x480; LANCZOS RGB MAE=3.7739; 64x64 luminance correlation=0.999432,Supported,true
3860.jpg,val,original,3860.jpg,val,resize,resized_duplicate,same filename; 277x369->480x640; LANCZOS RGB MAE=4.1628; 64x64 luminance correlation=0.999581,Supported,true
3870.jpg,val,original,3870.jpg,val,resize,resized_duplicate,same filename; 277x369->480x640; LANCZOS RGB MAE=10.4884; 64x64 luminance correlation=0.998993,Supported,true
3880.jpg,val,original,3880.jpg,val,resize,resized_duplicate,same filename; 277x369->480x640; LANCZOS RGB MAE=9.5942; 64x64 luminance correlation=0.999082,Supported,true
397.jpg,val,original,397.jpg,val,resize,resized_duplicate,same filename; 277x369->480x640; LANCZOS RGB MAE=7.3722; 64x64 luminance correlation=0.999266,Supported,true
411.jpg,val,original,411.jpg,val,resize,resized_duplicate,same filename; 369x277->640x480; LANCZOS RGB MAE=11.2635; 64x64 luminance correlation=0.999041,Supported,true
4141.jpg,val,original,4141.jpg,val,resize,resized_duplicate,same filename; 277x369->480x640; LANCZOS RGB MAE=7.8919; 64x64 luminance correlation=0.999385,Supported,true
416.jpg,val,original,416.jpg,val,resize,resized_duplicate,same filename; 369x277->640x480; LANCZOS RGB MAE=4.2245; 64x64 luminance correlation=0.998636,Supported,true
78.jpg,val,original,78.jpg,val,resize,resized_duplicate,same filename; 277x369->480x640; LANCZOS RGB MAE=7.0682; 64x64 luminance correlation=0.998546,Supported,true
79.jpg,val,original,79.jpg,val,resize,resized_duplicate,same filename; 277x369->480x640; LANCZOS RGB MAE=8.2845; 64x64 luminance correlation=0.999144,Supported,true
8100.jpg,val,original,8100.jpg,val,resize,resized_duplicate,same filename; 277x369->480x640; LANCZOS RGB MAE=11.207; 64x64 luminance correlation=0.998729,Supported,true
IMG_12330.jpg,val,original,IMG_12330.jpg,val,resize,resized_duplicate,same filename; 404x303->640x480; LANCZOS RGB MAE=1.2641; 64x64 luminance correlation=0.999958,Supported,true
IMG_12400.jpg,val,original,IMG_12400.jpg,val,resize,resized_duplicate,same filename; 404x303->640x480; LANCZOS RGB MAE=1.3743; 64x64 luminance correlation=0.999938,Supported,true
IMG_12460.jpg,val,original,IMG_12460.jpg,val,resize,resized_duplicate,same filename; 404x303->640x480; LANCZOS RGB MAE=1.291; 64x64 luminance correlation=0.999965,Supported,true
IMG_12590.jpg,val,original,IMG_12590.jpg,val,resize,resized_duplicate,same filename; 404x303->640x480; LANCZOS RGB MAE=1.4826; 64x64 luminance correlation=0.999832,Supported,true
IMG_1260.jpg,val,original,IMG_1260.jpg,val,resize,resized_duplicate,same filename; 404x303->640x480; LANCZOS RGB MAE=1.3833; 64x64 luminance correlation=0.999896,Supported,true
IMG_12650.jpg,val,original,IMG_12650.jpg,val,resize,resized_duplicate,same filename; 404x303->640x480; LANCZOS RGB MAE=1.4154; 64x64 luminance correlation=0.999932,Supported,true
IMG_12720.jpg,val,original,IMG_12720.jpg,val,resize,resized_duplicate,same filename; 404x303->640x480; LANCZOS RGB MAE=1.356; 64x64 luminance correlation=0.999924,Supported,true
IMG_12810.jpg,val,original,IMG_12810.jpg,val,resize,resized_duplicate,same filename; 404x303->640x480; LANCZOS RGB MAE=1.021; 64x64 luminance correlation=0.999974,Supported,true
IMG_13180.jpg,val,original,IMG_13180.jpg,val,resize,resized_duplicate,same filename; 404x303->640x480; LANCZOS RGB MAE=1.3109; 64x64 luminance correlation=0.999969,Supported,true
IMG_13220.jpg,val,original,IMG_13220.jpg,val,resize,resized_duplicate,same filename; 404x303->640x480; LANCZOS RGB MAE=1.2041; 64x64 luminance correlation=0.999952,Supported,true
IMG_13380.jpg,val,original,IMG_13380.jpg,val,resize,resized_duplicate,same filename; 404x303->640x480; LANCZOS RGB MAE=1.208; 64x64 luminance correlation=0.99994,Supported,true
IMG_13650_noise.jpg,val,original,IMG_13650_noise.jpg,val,resize,resized_duplicate,same filename; 404x303->640x480; LANCZOS RGB MAE=2.0769; 64x64 luminance correlation=0.999972,Supported,true
IMG_13700.jpg,val,original,IMG_13700.jpg,val,resize,resized_duplicate,same filename; 404x303->640x480; LANCZOS RGB MAE=1.2488; 64x64 luminance correlation=0.999945,Supported,true
IMG_1381.jpg,val,original,IMG_1381.jpg,val,resize,resized_duplicate,same filename; 404x303->640x480; LANCZOS RGB MAE=1.6064; 64x64 luminance correlation=0.999886,Supported,true
IMG_1387_noise.jpg,val,original,IMG_1387_noise.jpg,val,resize,resized_duplicate,same filename; 404x303->640x480; LANCZOS RGB MAE=2.1221; 64x64 luminance correlation=0.999959,Supported,true
IMG_1390_brightness.jpg,val,original,IMG_1390_brightness.jpg,val,resize,resized_duplicate,same filename; 404x303->640x480; LANCZOS RGB MAE=1.0401; 64x64 luminance correlation=0.999976,Supported,true
IMG_13930.jpg,val,original,IMG_13930.jpg,val,resize,resized_duplicate,same filename; 404x303->640x480; LANCZOS RGB MAE=1.3092; 64x64 luminance correlation=0.999966,Supported,true
IMG_13960.jpg,val,original,IMG_13960.jpg,val,resize,resized_duplicate,same filename; 404x303->640x480; LANCZOS RGB MAE=1.4176; 64x64 luminance correlation=0.999927,Supported,true
IMG_14040.jpg,val,original,IMG_14040.jpg,val,resize,resized_duplicate,same filename; 404x303->640x480; LANCZOS RGB MAE=1.2082; 64x64 luminance correlation=0.999912,Supported,true
IMG_1406_brightness.jpg,val,original,IMG_1406_brightness.jpg,val,resize,resized_duplicate,same filename; 404x303->640x480; LANCZOS RGB MAE=1.4741; 64x64 luminance correlation=0.999934,Supported,true
IMG_1419_noise.jpg,val,original,IMG_1419_noise.jpg,val,resize,resized_duplicate,same filename; 404x303->640x480; LANCZOS RGB MAE=2.0569; 64x64 luminance correlation=0.999975,Supported,true
IMG_1459.jpg,val,original,IMG_1459.jpg,val,resize,resized_duplicate,same filename; 404x303->640x480; LANCZOS RGB MAE=1.1192; 64x64 luminance correlation=0.999977,Supported,true
IMG_1460.jpg,val,original,IMG_1460.jpg,val,resize,resized_duplicate,same filename; 404x303->640x480; LANCZOS RGB MAE=1.2271; 64x64 luminance correlation=0.999957,Supported,true
IMG_5385.jpg,val,original,IMG_5385.jpg,val,resize,resized_duplicate,same filename; 404x303->640x480; LANCZOS RGB MAE=1.4182; 64x64 luminance correlation=0.999952,Supported,true
IMG_54130.jpg,val,original,IMG_54130.jpg,val,resize,resized_duplicate,same filename; 404x303->640x480; LANCZOS RGB MAE=1.4142; 64x64 luminance correlation=0.999952,Supported,true
IMG_5441.jpg,val,original,IMG_5441.jpg,val,resize,resized_duplicate,same filename; 404x303->640x480; LANCZOS RGB MAE=1.7892; 64x64 luminance correlation=0.999921,Supported,true
IMG_54500.jpg,val,original,IMG_54500.jpg,val,resize,resized_duplicate,same filename; 404x303->640x480; LANCZOS RGB MAE=1.4967; 64x64 luminance correlation=0.999941,Supported,true
IMG_5467.jpg,val,original,IMG_5467.jpg,val,resize,resized_duplicate,same filename; 404x303->640x480; LANCZOS RGB MAE=1.6902; 64x64 luminance correlation=0.999866,Supported,true
IMG_5480.jpg,val,original,IMG_5480.jpg,val,resize,resized_duplicate,same filename; 404x303->640x480; LANCZOS RGB MAE=1.2726; 64x64 luminance correlation=0.999919,Supported,true
IMG_54920.jpg,val,original,IMG_54920.jpg,val,resize,resized_duplicate,same filename; 404x303->640x480; LANCZOS RGB MAE=1.4448; 64x64 luminance correlation=0.999959,Supported,true
IMG_54940.jpg,val,original,IMG_54940.jpg,val,resize,resized_duplicate,same filename; 404x303->640x480; LANCZOS RGB MAE=1.7457; 64x64 luminance correlation=0.999774,Supported,true
IMG_55120.jpg,val,original,IMG_55120.jpg,val,resize,resized_duplicate,same filename; 404x303->640x480; LANCZOS RGB MAE=1.5791; 64x64 luminance correlation=0.999923,Supported,true
IMG_55140.jpg,val,original,IMG_55140.jpg,val,resize,resized_duplicate,same filename; 404x303->640x480; LANCZOS RGB MAE=1.4791; 64x64 luminance correlation=0.999922,Supported,true
IMG_55210.jpg,val,original,IMG_55210.jpg,val,resize,resized_duplicate,same filename; 404x303->640x480; LANCZOS RGB MAE=1.4424; 64x64 luminance correlation=0.999904,Supported,true
IMG_55230.jpg,val,original,IMG_55230.jpg,val,resize,resized_duplicate,same filename; 404x303->640x480; LANCZOS RGB MAE=1.2513; 64x64 luminance correlation=0.999967,Supported,true
IMG_55260.jpg,val,original,IMG_55260.jpg,val,resize,resized_duplicate,same filename; 404x303->640x480; LANCZOS RGB MAE=1.607; 64x64 luminance correlation=0.999863,Supported,true
IMG_55270.jpg,val,original,IMG_55270.jpg,val,resize,resized_duplicate,same filename; 404x303->640x480; LANCZOS RGB MAE=1.2417; 64x64 luminance correlation=0.99996,Supported,true
IMG_55630.jpg,val,original,IMG_55630.jpg,val,resize,resized_duplicate,same filename; 404x303->640x480; LANCZOS RGB MAE=1.7976; 64x64 luminance correlation=0.999791,Supported,true
IMG_55730.jpg,val,original,IMG_55730.jpg,val,resize,resized_duplicate,same filename; 404x303->640x480; LANCZOS RGB MAE=1.4635; 64x64 luminance correlation=0.99995,Supported,true
IMG_55880.jpg,val,original,IMG_55880.jpg,val,resize,resized_duplicate,same filename; 404x303->640x480; LANCZOS RGB MAE=1.9888; 64x64 luminance correlation=0.999598,Supported,true
IMG_56300.jpg,val,original,IMG_56300.jpg,val,resize,resized_duplicate,same filename; 404x303->640x480; LANCZOS RGB MAE=1.8414; 64x64 luminance correlation=0.999874,Supported,true
IMG_56310.jpg,val,original,IMG_56310.jpg,val,resize,resized_duplicate,same filename; 404x303->640x480; LANCZOS RGB MAE=1.8391; 64x64 luminance correlation=0.999875,Supported,true
IMG_6772.jpg,val,original,IMG_6772.jpg,val,resize,resized_duplicate,same filename; 369x277->640x480; LANCZOS RGB MAE=12.9826; 64x64 luminance correlation=0.998509,Supported,true
IMG_6780.jpg,val,original,IMG_6780.jpg,val,resize,resized_duplicate,same filename; 369x277->640x480; LANCZOS RGB MAE=10.6744; 64x64 luminance correlation=0.999107,Supported,true
IMG_6782.jpg,val,original,IMG_6782.jpg,val,resize,resized_duplicate,same filename; 369x277->640x480; LANCZOS RGB MAE=9.1014; 64x64 luminance correlation=0.999101,Supported,true
IMG_6800.jpg,val,original,IMG_6800.jpg,val,resize,resized_duplicate,same filename; 369x277->640x480; LANCZOS RGB MAE=14.8482; 64x64 luminance correlation=0.99832,Supported,true
IMG_6801.jpg,val,original,IMG_6801.jpg,val,resize,resized_duplicate,same filename; 369x277->640x480; LANCZOS RGB MAE=14.7452; 64x64 luminance correlation=0.998217,Supported,true
IMG_6803.jpg,val,original,IMG_6803.jpg,val,resize,resized_duplicate,same filename; 369x277->640x480; LANCZOS RGB MAE=7.9979; 64x64 luminance correlation=0.999161,Supported,true
IMG_6806.jpg,val,original,IMG_6806.jpg,val,resize,resized_duplicate,same filename; 369x277->640x480; LANCZOS RGB MAE=10.8739; 64x64 luminance correlation=0.998835,Supported,true
IMG_6809.jpg,val,original,IMG_6809.jpg,val,resize,resized_duplicate,same filename; 369x277->640x480; LANCZOS RGB MAE=7.5458; 64x64 luminance correlation=0.99869,Supported,true
IMG_6815.jpg,val,original,IMG_6815.jpg,val,resize,resized_duplicate,same filename; 369x277->640x480; LANCZOS RGB MAE=9.2138; 64x64 luminance correlation=0.998718,Supported,true
IMG_6833.jpg,val,original,IMG_6833.jpg,val,resize,resized_duplicate,same filename; 369x277->640x480; LANCZOS RGB MAE=11.2788; 64x64 luminance correlation=0.998993,Supported,true
IMG_6839.jpg,val,original,IMG_6839.jpg,val,resize,resized_duplicate,same filename; 369x277->640x480; LANCZOS RGB MAE=8.0537; 64x64 luminance correlation=0.999019,Supported,true
IMG_6882.jpg,val,original,IMG_6882.jpg,val,resize,resized_duplicate,same filename; 369x277->640x480; LANCZOS RGB MAE=5.3588; 64x64 luminance correlation=0.999445,Supported,true
