filename,variant,official_split,source_group_id,canonical_sample,relation_to_canonical,relation_type,evidence,confidence,class_labels,instance_count,unlabeled_count,width,height,notes
108.jpg,original,test,sg-0001,test/108.jpg,self,canonical,deterministic representative selection,Confirmed,mature apple,1,0,369,277,"representative, not verified acquisition original"
108.jpg,resize,test,sg-0001,test/108.jpg,same_name_original,resized_duplicate,same filename; 369x277->640x480; LANCZOS RGB MAE=8.4843; 64x64 luminance correlation=0.999214,Supported,mature apple,1,0,640,480,derived representation; excluded from independent image universe
115.jpg,original,test,sg-0002,test/115.jpg,self,canonical,deterministic representative selection,Confirmed,mature apple,1,0,369,277,"representative, not verified acquisition original"
115.jpg,resize,test,sg-0002,test/115.jpg,same_name_original,resized_duplicate,same filename; 369x277->640x480; LANCZOS RGB MAE=4.5193; 64x64 luminance correlation=0.999607,Supported,mature apple,1,0,640,480,derived representation; excluded from independent image universe
1170.jpg,original,test,sg-0003,test/1170.jpg,self,canonical,deterministic representative selection,Confirmed,mature apple,2,0,369,277,"representative, not verified acquisition original"
1170.jpg,resize,test,sg-0003,test/1170.jpg,same_name_original,resized_duplicate,same filename; 369x277->640x480; LANCZOS RGB MAE=4.4221; 64x64 luminance correlation=0.999633,Supported,mature apple,2,0,640,480,derived representation; excluded from independent image universe
123.jpg,original,test,sg-0004,test/123.jpg,self,canonical,deterministic representative selection,Confirmed,mature apple,1,0,369,277,"representative, not verified acquisition original"
123.jpg,resize,test,sg-0004,test/123.jpg,same_name_original,resized_duplicate,same filename; 369x277->640x480; LANCZOS RGB MAE=4.3245; 64x64 luminance correlation=0.999518,Supported,mature apple,1,0,640,480,derived representation; excluded from independent image universe
1240.jpg,original,test,sg-0005,test/1240.jpg,self,canonical,deterministic representative selection,Confirmed,mature apple,2,0,369,277,"representative, not verified acquisition original"
1240.jpg,resize,test,sg-0005,test/1240.jpg,same_name_original,resized_duplicate,same filename; 369x277->640x480; LANCZOS RGB MAE=3.9557; 64x64 luminance correlation=0.999211,Supported,mature apple,2,0,640,480,derived representation; excluded from independent image universe
1270.jpg,original,test,sg-0006,test/1270.jpg,self,canonical,deterministic representative selection,Confirmed,semi-mature apple,4,0,369,277,"representative, not verified acquisition original"
1270.jpg,resize,test,sg-0006,test/1270.jpg,same_name_original,resized_duplicate,same filename; 369x277->640x480; LANCZOS RGB MAE=4.3556; 64x64 luminance correlation=0.999591,Supported,semi-mature apple,4,0,640,480,derived representation; excluded from independent image universe
1290.jpg,original,test,sg-0007,test/1290.jpg,self,canonical,deterministic representative selection,Confirmed,semi-mature apple,3,0,369,277,"representative, not verified acquisition original"
1290.jpg,resize,test,sg-0007,test/1290.jpg,same_name_original,resized_duplicate,same filename; 369x277->640x480; LANCZOS RGB MAE=6.6436; 64x64 luminance correlation=0.999126,Supported,semi-mature apple,3,0,640,480,derived representation; excluded from independent image universe
138.jpg,original,test,sg-0008,test/138.jpg,self,canonical,deterministic representative selection,Confirmed,semi-mature apple,1,0,369,277,"representative, not verified acquisition original"
138.jpg,resize,test,sg-0008,test/138.jpg,same_name_original,resized_duplicate,same filename; 369x277->640x480; LANCZOS RGB MAE=4.4882; 64x64 luminance correlation=0.999064,Supported,semi-mature apple,1,0,640,480,derived representation; excluded from independent image universe
1400.jpg,original,test,sg-0009,test/1400.jpg,self,canonical,deterministic representative selection,Confirmed,semi-mature apple,1,0,369,277,"representative, not verified acquisition original"
1400.jpg,resize,test,sg-0009,test/1400.jpg,same_name_original,resized_duplicate,same filename; 369x277->640x480; LANCZOS RGB MAE=6.3132; 64x64 luminance correlation=0.999126,Supported,semi-mature apple,1,0,640,480,derived representation; excluded from independent image universe
1410.jpg,original,test,sg-0010,test/1410.jpg,self,canonical,deterministic representative selection,Confirmed,mature apple,1,0,369,277,"representative, not verified acquisition original"
1410.jpg,resize,test,sg-0010,test/1410.jpg,same_name_original,resized_duplicate,same filename; 369x277->640x480; LANCZOS RGB MAE=4.0331; 64x64 luminance correlation=0.99969,Supported,mature apple,1,0,640,480,derived representation; excluded from independent image universe
1420.jpg,original,test,sg-0011,test/1420.jpg,self,canonical,deterministic representative selection,Confirmed,semi-mature apple,1,0,369,277,"representative, not verified acquisition original"
1420.jpg,resize,test,sg-0011,test/1420.jpg,same_name_original,resized_duplicate,same filename; 369x277->640x480; LANCZOS RGB MAE=4.3081; 64x64 luminance correlation=0.999653,Supported,semi-mature apple,1,0,640,480,derived representation; excluded from independent image universe
143.jpg,original,test,sg-0012,test/143.jpg,self,canonical,deterministic representative selection,Confirmed,semi-mature apple,1,0,369,277,"representative, not verified acquisition original"
143.jpg,resize,test,sg-0012,test/143.jpg,same_name_original,resized_duplicate,same filename; 369x277->640x480; LANCZOS RGB MAE=4.4766; 64x64 luminance correlation=0.999369,Supported,semi-mature apple,1,0,640,480,derived representation; excluded from independent image universe
150.jpg,original,test,sg-0013,test/150.jpg,self,canonical,deterministic representative selection,Confirmed,semi-mature apple,1,0,369,277,"representative, not verified acquisition original"
150.jpg,resize,test,sg-0013,test/150.jpg,same_name_original,resized_duplicate,same filename; 369x277->640x480; LANCZOS RGB MAE=4.7253; 64x64 luminance correlation=0.999074,Supported,semi-mature apple,1,0,640,480,derived representation; excluded from independent image universe
1520.jpg,original,test,sg-0014,test/1520.jpg,self,canonical,deterministic representative selection,Confirmed,semi-mature apple,1,0,369,277,"representative, not verified acquisition original"
1520.jpg,resize,test,sg-0014,test/1520.jpg,same_name_original,resized_duplicate,same filename; 369x277->640x480; LANCZOS RGB MAE=7.0183; 64x64 luminance correlation=0.999284,Supported,semi-mature apple,1,0,640,480,derived representation; excluded from independent image universe
158.jpg,original,test,sg-0015,test/158.jpg,self,canonical,deterministic representative selection,Confirmed,mature apple|semi-mature apple,2,0,369,277,"representative, not verified acquisition original"
158.jpg,resize,test,sg-0015,test/158.jpg,same_name_original,resized_duplicate,same filename; 369x277->640x480; LANCZOS RGB MAE=9.3693; 64x64 luminance correlation=0.999336,Supported,mature apple|semi-mature apple,2,0,640,480,derived representation; excluded from independent image universe
1600.jpg,original,test,sg-0016,test/1600.jpg,self,canonical,deterministic representative selection,Confirmed,semi-mature apple,3,0,369,277,"representative, not verified acquisition original"
1600.jpg,resize,test,sg-0016,test/1600.jpg,same_name_original,resized_duplicate,same filename; 369x277->640x480; LANCZOS RGB MAE=7.8527; 64x64 luminance correlation=0.998925,Supported,semi-mature apple,3,0,640,480,derived representation; excluded from independent image universe
1710.jpg,original,test,sg-0017,test/1710.jpg,self,canonical,deterministic representative selection,Confirmed,mature apple|semi-mature apple,2,0,277,369,"representative, not verified acquisition original"
1710.jpg,resize,test,sg-0017,test/1710.jpg,same_name_original,resized_duplicate,same filename; 277x369->480x640; LANCZOS RGB MAE=7.1816; 64x64 luminance correlation=0.999494,Supported,mature apple|semi-mature apple,2,0,480,640,derived representation; excluded from independent image universe
172.jpg,original,test,sg-0018,test/172.jpg,self,canonical,deterministic representative selection,Confirmed,semi-mature apple,1,0,277,369,"representative, not verified acquisition original"
172.jpg,resize,test,sg-0018,test/172.jpg,same_name_original,resized_duplicate,same filename; 277x369->480x640; LANCZOS RGB MAE=4.3429; 64x64 luminance correlation=0.99963,Supported,semi-mature apple,1,0,480,640,derived representation; excluded from independent image universe
175.jpg,original,test,sg-0019,test/175.jpg,self,canonical,deterministic representative selection,Confirmed,semi-mature apple,1,0,277,369,"representative, not verified acquisition original"
175.jpg,resize,test,sg-0019,test/175.jpg,same_name_original,resized_duplicate,same filename; 277x369->480x640; LANCZOS RGB MAE=5.7622; 64x64 luminance correlation=0.999354,Supported,semi-mature apple,1,0,480,640,derived representation; excluded from independent image universe
1760.jpg,original,test,sg-0020,test/1760.jpg,self,canonical,deterministic representative selection,Confirmed,semi-mature apple,2,0,277,369,"representative, not verified acquisition original"
1760.jpg,resize,test,sg-0020,test/1760.jpg,same_name_original,resized_duplicate,same filename; 277x369->480x640; LANCZOS RGB MAE=3.1614; 64x64 luminance correlation=0.99967,Supported,semi-mature apple,2,0,480,640,derived representation; excluded from independent image universe
182.jpg,original,test,sg-0021,test/182.jpg,self,canonical,deterministic representative selection,Confirmed,semi-mature apple,1,0,277,369,"representative, not verified acquisition original"
182.jpg,resize,test,sg-0021,test/182.jpg,same_name_original,resized_duplicate,same filename; 277x369->480x640; LANCZOS RGB MAE=6.4152; 64x64 luminance correlation=0.999496,Supported,semi-mature apple,1,0,480,640,derived representation; excluded from independent image universe
1840.jpg,original,test,sg-0022,test/1840.jpg,self,canonical,deterministic representative selection,Confirmed,semi-mature apple,1,0,277,369,"representative, not verified acquisition original"
1840.jpg,resize,test,sg-0022,test/1840.jpg,same_name_original,resized_duplicate,same filename; 277x369->480x640; LANCZOS RGB MAE=6.1261; 64x64 luminance correlation=0.999566,Supported,semi-mature apple,1,0,480,640,derived representation; excluded from independent image universe
2040.jpg,original,test,sg-0023,test/2040.jpg,self,canonical,deterministic representative selection,Confirmed,semi-mature apple,1,0,369,277,"representative, not verified acquisition original"
2040.jpg,resize,test,sg-0023,test/2040.jpg,same_name_original,resized_duplicate,same filename; 369x277->640x480; LANCZOS RGB MAE=5.4226; 64x64 luminance correlation=0.999445,Supported,semi-mature apple,1,0,640,480,derived representation; excluded from independent image universe
2050.jpg,original,test,sg-0024,test/2050.jpg,self,canonical,deterministic representative selection,Confirmed,mature apple|semi-mature apple,2,0,369,277,"representative, not verified acquisition original"
2050.jpg,resize,test,sg-0024,test/2050.jpg,same_name_original,resized_duplicate,same filename; 369x277->640x480; LANCZOS RGB MAE=7.4214; 64x64 luminance correlation=0.999232,Supported,mature apple|semi-mature apple,2,0,640,480,derived representation; excluded from independent image universe
206.jpg,original,test,sg-0025,test/206.jpg,self,canonical,deterministic representative selection,Confirmed,semi-mature apple,4,0,369,277,"representative, not verified acquisition original"
206.jpg,resize,test,sg-0025,test/206.jpg,same_name_original,resized_duplicate,same filename; 369x277->640x480; LANCZOS RGB MAE=4.9687; 64x64 luminance correlation=0.999364,Supported,semi-mature apple,4,0,640,480,derived representation; excluded from independent image universe
2150.jpg,original,test,sg-0026,test/2150.jpg,self,canonical,deterministic representative selection,Confirmed,semi-mature apple,1,0,369,277,"representative, not verified acquisition original"
2150.jpg,resize,test,sg-0026,test/2150.jpg,same_name_original,resized_duplicate,same filename; 369x277->640x480; LANCZOS RGB MAE=4.5743; 64x64 luminance correlation=0.999259,Supported,semi-mature apple,1,0,640,480,derived representation; excluded from independent image universe
2210.jpg,original,test,sg-0027,test/2210.jpg,self,canonical,deterministic representative selection,Confirmed,semi-mature apple,1,0,369,277,"representative, not verified acquisition original"
2210.jpg,resize,test,sg-0027,test/2210.jpg,same_name_original,resized_duplicate,same filename; 369x277->640x480; LANCZOS RGB MAE=4.4998; 64x64 luminance correlation=0.999522,Supported,semi-mature apple,1,0,640,480,derived representation; excluded from independent image universe
227.jpg,original,test,sg-0028,test/227.jpg,self,canonical,deterministic representative selection,Confirmed,semi-mature apple,1,0,369,277,"representative, not verified acquisition original"
227.jpg,resize,test,sg-0028,test/227.jpg,same_name_original,resized_duplicate,same filename; 369x277->640x480; LANCZOS RGB MAE=5.6442; 64x64 luminance correlation=0.999517,Supported,semi-mature apple,1,0,640,480,derived representation; excluded from independent image universe
232.jpg,original,test,sg-0029,test/232.jpg,self,canonical,deterministic representative selection,Confirmed,semi-mature apple,2,0,369,277,"representative, not verified acquisition original"
232.jpg,resize,test,sg-0029,test/232.jpg,same_name_original,resized_duplicate,same filename; 369x277->640x480; LANCZOS RGB MAE=3.5404; 64x64 luminance correlation=0.999602,Supported,semi-mature apple,2,0,640,480,derived representation; excluded from independent image universe
2360.jpg,original,test,sg-0030,test/2360.jpg,self,canonical,deterministic representative selection,Confirmed,semi-mature apple,3,0,369,277,"representative, not verified acquisition original"
2360.jpg,resize,test,sg-0030,test/2360.jpg,same_name_original,resized_duplicate,same filename; 369x277->640x480; LANCZOS RGB MAE=6.7001; 64x64 luminance correlation=0.99912,Supported,semi-mature apple,3,0,640,480,derived representation; excluded from independent image universe
2410.jpg,original,test,sg-0031,test/2410.jpg,self,canonical,deterministic representative selection,Confirmed,semi-mature apple,1,0,369,277,"representative, not verified acquisition original"
2410.jpg,resize,test,sg-0031,test/2410.jpg,same_name_original,resized_duplicate,same filename; 369x277->640x480; LANCZOS RGB MAE=3.906; 64x64 luminance correlation=0.999408,Supported,semi-mature apple,1,0,640,480,derived representation; excluded from independent image universe
2450.jpg,original,test,sg-0032,test/2450.jpg,self,canonical,deterministic representative selection,Confirmed,semi-mature apple,2,0,369,277,"representative, not verified acquisition original"
2450.jpg,resize,test,sg-0032,test/2450.jpg,same_name_original,resized_duplicate,same filename; 369x277->640x480; LANCZOS RGB MAE=4.3582; 64x64 luminance correlation=0.999287,Supported,semi-mature apple,2,0,640,480,derived representation; excluded from independent image universe
250.jpg,original,test,sg-0033,test/250.jpg,self,canonical,deterministic representative selection,Confirmed,semi-mature apple,1,0,369,277,"representative, not verified acquisition original"
250.jpg,resize,test,sg-0033,test/250.jpg,same_name_original,resized_duplicate,same filename; 369x277->640x480; LANCZOS RGB MAE=5.4867; 64x64 luminance correlation=0.999228,Supported,semi-mature apple,1,0,640,480,derived representation; excluded from independent image universe
255.jpg,original,test,sg-0034,test/255.jpg,self,canonical,deterministic representative selection,Confirmed,mature apple,1,0,369,277,"representative, not verified acquisition original"
255.jpg,resize,test,sg-0034,test/255.jpg,same_name_original,resized_duplicate,same filename; 369x277->640x480; LANCZOS RGB MAE=6.3603; 64x64 luminance correlation=0.999271,Supported,mature apple,1,0,640,480,derived representation; excluded from independent image universe
257.jpg,original,test,sg-0035,test/257.jpg,self,canonical,deterministic representative selection,Confirmed,semi-mature apple,1,0,369,277,"representative, not verified acquisition original"
257.jpg,resize,test,sg-0035,test/257.jpg,same_name_original,resized_duplicate,same filename; 369x277->640x480; LANCZOS RGB MAE=8.3943; 64x64 luminance correlation=0.999432,Supported,semi-mature apple,1,0,640,480,derived representation; excluded from independent image universe
2640.jpg,original,test,sg-0036,test/2640.jpg,self,canonical,deterministic representative selection,Confirmed,semi-mature apple,2,0,369,277,"representative, not verified acquisition original"
2640.jpg,resize,test,sg-0036,test/2640.jpg,same_name_original,resized_duplicate,same filename; 369x277->640x480; LANCZOS RGB MAE=3.7214; 64x64 luminance correlation=0.999687,Supported,semi-mature apple,2,0,640,480,derived representation; excluded from independent image universe
267.jpg,original,test,sg-0012,test/143.jpg,component_path,exact_duplicate,identical SHA256 f68f5c4ee808f79704fea6a317a07a73106356b5720f01f45d796b9a6c0da41b; identical region list=False,Confirmed,semi-mature apple,1,0,369,277,relation through component path; direct relation to canonical not asserted
267.jpg,resize,test,sg-0012,test/143.jpg,same_name_original,resized_duplicate,same filename; 369x277->640x480; LANCZOS RGB MAE=4.4766; 64x64 luminance correlation=0.999369,Supported,semi-mature apple,1,0,640,480,derived representation; excluded from independent image universe
27.jpg,original,test,sg-0037,test/27.jpg,self,canonical,deterministic representative selection,Confirmed,mature apple,4,0,369,277,"representative, not verified acquisition original"
27.jpg,resize,test,sg-0037,test/27.jpg,same_name_original,resized_duplicate,same filename; 369x277->640x480; LANCZOS RGB MAE=11.0268; 64x64 luminance correlation=0.998803,Supported,mature apple,4,0,640,480,derived representation; excluded from independent image universe
2720.jpg,original,test,sg-0038,test/2720.jpg,self,canonical,deterministic representative selection,Confirmed,semi-mature apple,1,0,369,277,"representative, not verified acquisition original"
2720.jpg,resize,test,sg-0038,test/2720.jpg,same_name_original,resized_duplicate,same filename; 369x277->640x480; LANCZOS RGB MAE=9.5519; 64x64 luminance correlation=0.999223,Supported,semi-mature apple,1,0,640,480,derived representation; excluded from independent image universe
279.jpg,original,test,sg-0013,test/150.jpg,component_path,exact_duplicate,identical SHA256 a80af98baf3ae6ec180981740c80bec0732065bdd3cdd3b973aa49609ca9d89c; identical region list=False,Confirmed,semi-mature apple,1,0,369,277,relation through component path; direct relation to canonical not asserted
279.jpg,resize,test,sg-0013,test/150.jpg,same_name_original,resized_duplicate,same filename; 369x277->640x480; LANCZOS RGB MAE=4.7253; 64x64 luminance correlation=0.999074,Supported,semi-mature apple,1,0,640,480,derived representation; excluded from independent image universe
2800.jpg,original,test,sg-0039,test/2800.jpg,self,canonical,deterministic representative selection,Confirmed,semi-mature apple,1,0,369,277,"representative, not verified acquisition original"
2800.jpg,resize,test,sg-0039,test/2800.jpg,same_name_original,resized_duplicate,same filename; 369x277->640x480; LANCZOS RGB MAE=5.1826; 64x64 luminance correlation=0.999188,Supported,semi-mature apple,1,0,640,480,derived representation; excluded from independent image universe
2810.jpg,original,test,sg-0040,test/2810.jpg,self,canonical,deterministic representative selection,Confirmed,semi-mature apple,1,0,369,277,"representative, not verified acquisition original"
2810.jpg,resize,test,sg-0040,test/2810.jpg,same_name_original,resized_duplicate,same filename; 369x277->640x480; LANCZOS RGB MAE=4.5439; 64x64 luminance correlation=0.999275,Supported,semi-mature apple,1,0,640,480,derived representation; excluded from independent image universe
2890.jpg,original,test,sg-0041,test/2890.jpg,self,canonical,deterministic representative selection,Confirmed,semi-mature apple,1,0,369,277,"representative, not verified acquisition original"
2890.jpg,resize,test,sg-0041,test/2890.jpg,same_name_original,resized_duplicate,same filename; 369x277->640x480; LANCZOS RGB MAE=5.5547; 64x64 luminance correlation=0.998781,Supported,semi-mature apple,1,0,640,480,derived representation; excluded from independent image universe
2960.jpg,original,test,sg-0042,test/2960.jpg,self,canonical,deterministic representative selection,Confirmed,semi-mature apple,2,0,277,369,"representative, not verified acquisition original"
2960.jpg,resize,test,sg-0042,test/2960.jpg,same_name_original,resized_duplicate,same filename; 277x369->480x640; LANCZOS RGB MAE=8.123; 64x64 luminance correlation=0.999292,Supported,semi-mature apple,2,0,480,640,derived representation; excluded from independent image universe
299.jpg,original,test,sg-0043,test/299.jpg,self,canonical,deterministic representative selection,Confirmed,immature apple|semi-mature apple,2,0,369,277,"representative, not verified acquisition original"
299.jpg,resize,test,sg-0043,test/299.jpg,same_name_original,resized_duplicate,same filename; 369x277->640x480; LANCZOS RGB MAE=3.5349; 64x64 luminance correlation=0.999417,Supported,immature apple|semi-mature apple,2,0,640,480,derived representation; excluded from independent image universe
302.jpg,original,test,sg-0044,test/302.jpg,self,canonical,deterministic representative selection,Confirmed,semi-mature apple,2,0,277,369,"representative, not verified acquisition original"
302.jpg,resize,test,sg-0044,test/302.jpg,same_name_original,resized_duplicate,same filename; 277x369->480x640; LANCZOS RGB MAE=6.2366; 64x64 luminance correlation=0.999529,Supported,semi-mature apple,2,0,480,640,derived representation; excluded from independent image universe
3030.jpg,original,test,sg-0045,test/3030.jpg,self,canonical,deterministic representative selection,Confirmed,semi-mature apple,3,0,369,277,"representative, not verified acquisition original"
3030.jpg,resize,test,sg-0045,test/3030.jpg,same_name_original,resized_duplicate,same filename; 369x277->640x480; LANCZOS RGB MAE=7.4688; 64x64 luminance correlation=0.999381,Supported,semi-mature apple,3,0,640,480,derived representation; excluded from independent image universe
3100.jpg,original,test,sg-0046,test/3100.jpg,self,canonical,deterministic representative selection,Confirmed,mature apple,2,0,369,277,"representative, not verified acquisition original"
3100.jpg,resize,test,sg-0046,test/3100.jpg,same_name_original,resized_duplicate,same filename; 369x277->640x480; LANCZOS RGB MAE=9.2218; 64x64 luminance correlation=0.999134,Supported,mature apple,2,0,640,480,derived representation; excluded from independent image universe
3110.jpg,original,test,sg-0047,test/3110.jpg,self,canonical,deterministic representative selection,Confirmed,semi-mature apple,2,0,369,277,"representative, not verified acquisition original"
3110.jpg,resize,test,sg-0047,test/3110.jpg,same_name_original,resized_duplicate,same filename; 369x277->640x480; LANCZOS RGB MAE=4.4735; 64x64 luminance correlation=0.999305,Supported,semi-mature apple,2,0,640,480,derived representation; excluded from independent image universe
317.jpg,original,test,sg-0048,test/317.jpg,self,canonical,deterministic representative selection,Confirmed,mature apple,1,0,277,369,"representative, not verified acquisition original"
317.jpg,resize,test,sg-0048,test/317.jpg,same_name_original,resized_duplicate,same filename; 277x369->480x640; LANCZOS RGB MAE=13.1672; 64x64 luminance correlation=0.998084,Supported,mature apple,1,0,480,640,derived representation; excluded from independent image universe
3240.jpg,original,test,sg-0049,test/3240.jpg,self,canonical,deterministic representative selection,Confirmed,mature apple,1,0,277,369,"representative, not verified acquisition original"
3240.jpg,resize,test,sg-0049,test/3240.jpg,same_name_original,resized_duplicate,same filename; 277x369->480x640; LANCZOS RGB MAE=6.465; 64x64 luminance correlation=0.998552,Supported,mature apple,1,0,480,640,derived representation; excluded from independent image universe
3250.jpg,original,test,sg-0050,test/3250.jpg,self,canonical,deterministic representative selection,Confirmed,mature apple|semi-mature apple,2,0,369,277,"representative, not verified acquisition original"
3250.jpg,resize,test,sg-0050,test/3250.jpg,same_name_original,resized_duplicate,same filename; 369x277->640x480; LANCZOS RGB MAE=7.3161; 64x64 luminance correlation=0.998725,Supported,mature apple|semi-mature apple,2,0,640,480,derived representation; excluded from independent image universe
328.jpg,original,test,sg-0051,test/328.jpg,self,canonical,deterministic representative selection,Confirmed,mature apple,1,0,369,277,"representative, not verified acquisition original"
328.jpg,resize,test,sg-0051,test/328.jpg,same_name_original,resized_duplicate,same filename; 369x277->640x480; LANCZOS RGB MAE=5.381; 64x64 luminance correlation=0.999427,Supported,mature apple,1,0,640,480,derived representation; excluded from independent image universe
339.jpg,original,test,sg-0052,test/339.jpg,self,canonical,deterministic representative selection,Confirmed,mature apple,1,0,369,277,"representative, not verified acquisition original"
339.jpg,resize,test,sg-0052,test/339.jpg,same_name_original,resized_duplicate,same filename; 369x277->640x480; LANCZOS RGB MAE=3.3041; 64x64 luminance correlation=0.999712,Supported,mature apple,1,0,640,480,derived representation; excluded from independent image universe
3421.jpg,original,test,sg-0053,test/3421.jpg,self,canonical,deterministic representative selection,Confirmed,mature apple,3,0,369,277,"representative, not verified acquisition original"
3421.jpg,resize,test,sg-0053,test/3421.jpg,same_name_original,resized_duplicate,same filename; 369x277->640x480; LANCZOS RGB MAE=7.0061; 64x64 luminance correlation=0.999032,Supported,mature apple,3,0,640,480,derived representation; excluded from independent image universe
343.jpg,original,test,sg-0054,test/343.jpg,self,canonical,deterministic representative selection,Confirmed,mature apple|semi-mature apple,2,0,369,277,"representative, not verified acquisition original"
343.jpg,resize,test,sg-0054,test/343.jpg,same_name_original,resized_duplicate,same filename; 369x277->640x480; LANCZOS RGB MAE=3.4895; 64x64 luminance correlation=0.999593,Supported,mature apple|semi-mature apple,2,0,640,480,derived representation; excluded from independent image universe
3480.jpg,original,test,sg-0055,test/3480.jpg,self,canonical,deterministic representative selection,Confirmed,mature apple,1,0,369,277,"representative, not verified acquisition original"
3480.jpg,resize,test,sg-0055,test/3480.jpg,same_name_original,resized_duplicate,same filename; 369x277->640x480; LANCZOS RGB MAE=10.2748; 64x64 luminance correlation=0.998892,Supported,mature apple,1,0,640,480,derived representation; excluded from independent image universe
35.jpg,original,test,sg-0056,test/35.jpg,self,canonical,deterministic representative selection,Confirmed,mature apple,3,0,369,277,"representative, not verified acquisition original"
35.jpg,resize,test,sg-0056,test/35.jpg,same_name_original,resized_duplicate,same filename; 369x277->640x480; LANCZOS RGB MAE=12.799; 64x64 luminance correlation=0.998741,Supported,mature apple,3,0,640,480,derived representation; excluded from independent image universe
3820.jpg,original,test,sg-0057,test/3820.jpg,self,canonical,deterministic representative selection,Confirmed,immature apple,3,0,277,369,"representative, not verified acquisition original"
3820.jpg,resize,test,sg-0057,test/3820.jpg,same_name_original,resized_duplicate,same filename; 277x369->480x640; LANCZOS RGB MAE=8.7141; 64x64 luminance correlation=0.99883,Supported,immature apple,3,0,480,640,derived representation; excluded from independent image universe
383.jpg,original,test,sg-0058,test/383.jpg,self,canonical,deterministic representative selection,Confirmed,immature apple,2,0,277,369,"representative, not verified acquisition original"
383.jpg,resize,test,sg-0058,test/383.jpg,same_name_original,resized_duplicate,same filename; 277x369->480x640; LANCZOS RGB MAE=4.6754; 64x64 luminance correlation=0.999521,Supported,immature apple,2,0,480,640,derived representation; excluded from independent image universe
390.jpg,original,test,sg-0059,test/390.jpg,self,canonical,deterministic representative selection,Confirmed,immature apple,1,0,277,369,"representative, not verified acquisition original"
390.jpg,resize,test,sg-0059,test/390.jpg,same_name_original,resized_duplicate,same filename; 277x369->480x640; LANCZOS RGB MAE=9.1858; 64x64 luminance correlation=0.999312,Supported,immature apple,1,0,480,640,derived representation; excluded from independent image universe
423-1.jpg,original,test,sg-0060,test/423-1.jpg,self,canonical,deterministic representative selection,Confirmed,immature apple,4,0,369,277,"representative, not verified acquisition original"
423-1.jpg,resize,test,sg-0060,test/423-1.jpg,same_name_original,resized_duplicate,same filename; 369x277->640x480; LANCZOS RGB MAE=7.7314; 64x64 luminance correlation=0.998981,Supported,immature apple,4,0,640,480,derived representation; excluded from independent image universe
43.jpg,original,test,sg-0061,test/43.jpg,self,canonical,deterministic representative selection,Confirmed,mature apple,2,0,369,277,"representative, not verified acquisition original"
43.jpg,resize,test,sg-0061,test/43.jpg,same_name_original,resized_duplicate,same filename; 369x277->640x480; LANCZOS RGB MAE=8.8795; 64x64 luminance correlation=0.99913,Supported,mature apple,2,0,640,480,derived representation; excluded from independent image universe
45.jpg,original,test,sg-0062,test/45.jpg,self,canonical,deterministic representative selection,Confirmed,semi-mature apple,2,0,369,277,"representative, not verified acquisition original"
45.jpg,resize,test,sg-0062,test/45.jpg,same_name_original,resized_duplicate,same filename; 369x277->640x480; LANCZOS RGB MAE=14.1696; 64x64 luminance correlation=0.998625,Supported,semi-mature apple,2,0,640,480,derived representation; excluded from independent image universe
65.jpg,original,test,sg-0063,test/65.jpg,self,canonical,deterministic representative selection,Confirmed,mature apple,4,0,277,369,"representative, not verified acquisition original"
65.jpg,resize,test,sg-0063,test/65.jpg,same_name_original,resized_duplicate,same filename; 277x369->480x640; LANCZOS RGB MAE=7.8538; 64x64 luminance correlation=0.999107,Supported,mature apple,4,0,480,640,derived representation; excluded from independent image universe
70000.jpg,original,test,sg-0064,test/70000.jpg,self,canonical,deterministic representative selection,Confirmed,mature apple,3,0,369,277,"representative, not verified acquisition original"
70000.jpg,resize,test,sg-0064,test/70000.jpg,same_name_original,resized_duplicate,same filename; 369x277->640x480; LANCZOS RGB MAE=7.9608; 64x64 luminance correlation=0.99916,Supported,mature apple,3,0,640,480,derived representation; excluded from independent image universe
82.jpg,original,test,sg-0065,test/82.jpg,self,canonical,deterministic representative selection,Confirmed,mature apple,2,0,369,277,"representative, not verified acquisition original"
82.jpg,resize,test,sg-0065,test/82.jpg,same_name_original,resized_duplicate,same filename; 369x277->640x480; LANCZOS RGB MAE=10.581; 64x64 luminance correlation=0.998986,Supported,mature apple,2,0,640,480,derived representation; excluded from independent image universe
83.jpg,original,test,sg-0066,test/83.jpg,self,canonical,deterministic representative selection,Confirmed,mature apple,2,0,369,277,"representative, not verified acquisition original"
83.jpg,resize,test,sg-0066,test/83.jpg,same_name_original,resized_duplicate,same filename; 369x277->640x480; LANCZOS RGB MAE=12.2747; 64x64 luminance correlation=0.998779,Supported,mature apple,2,0,640,480,derived representation; excluded from independent image universe
IMG_12340.jpg,original,test,sg-0067,test/IMG_12340.jpg,self,canonical,deterministic representative selection,Confirmed,mature apple,2,0,404,303,"representative, not verified acquisition original"
IMG_12340.jpg,resize,test,sg-0067,test/IMG_12340.jpg,same_name_original,resized_duplicate,same filename; 404x303->640x480; LANCZOS RGB MAE=1.5356; 64x64 luminance correlation=0.999901,Supported,mature apple,2,0,640,480,derived representation; excluded from independent image universe
IMG_1236.jpg,original,test,sg-0068,test/IMG_1236.jpg,self,canonical,deterministic representative selection,Confirmed,mature apple,1,0,404,303,"representative, not verified acquisition original"
IMG_1236.jpg,resize,test,sg-0068,test/IMG_1236.jpg,same_name_original,resized_duplicate,same filename; 404x303->640x480; LANCZOS RGB MAE=1.2734; 64x64 luminance correlation=0.999933,Supported,mature apple,1,0,640,480,derived representation; excluded from independent image universe
IMG_12420.jpg,original,test,sg-0069,test/IMG_12420.jpg,self,canonical,deterministic representative selection,Confirmed,mature apple,3,0,404,303,"representative, not verified acquisition original"
IMG_12420.jpg,resize,test,sg-0069,test/IMG_12420.jpg,same_name_original,resized_duplicate,same filename; 404x303->640x480; LANCZOS RGB MAE=1.3527; 64x64 luminance correlation=0.999931,Supported,mature apple,3,0,640,480,derived representation; excluded from independent image universe
IMG_12480.jpg,original,test,sg-0070,test/IMG_12480.jpg,self,canonical,deterministic representative selection,Confirmed,mature apple,1,0,404,303,"representative, not verified acquisition original"
IMG_12480.jpg,resize,test,sg-0070,test/IMG_12480.jpg,same_name_original,resized_duplicate,same filename; 404x303->640x480; LANCZOS RGB MAE=1.2944; 64x64 luminance correlation=0.999948,Supported,mature apple,1,0,640,480,derived representation; excluded from independent image universe
IMG_1249.jpg,original,test,sg-0071,test/IMG_1249.jpg,self,canonical,deterministic representative selection,Confirmed,mature apple,1,0,404,303,"representative, not verified acquisition original"
IMG_1249.jpg,resize,test,sg-0071,test/IMG_1249.jpg,same_name_original,resized_duplicate,same filename; 404x303->640x480; LANCZOS RGB MAE=1.0695; 64x64 luminance correlation=0.999974,Supported,mature apple,1,0,640,480,derived representation; excluded from independent image universe
IMG_12570.jpg,original,test,sg-0072,test/IMG_12570.jpg,self,canonical,deterministic representative selection,Confirmed,mature apple,2,0,404,303,"representative, not verified acquisition original"
IMG_12570.jpg,resize,test,sg-0072,test/IMG_12570.jpg,same_name_original,resized_duplicate,same filename; 404x303->640x480; LANCZOS RGB MAE=1.5394; 64x64 luminance correlation=0.999924,Supported,mature apple,2,0,640,480,derived representation; excluded from independent image universe
IMG_12730.jpg,original,test,sg-0073,test/IMG_12730.jpg,self,canonical,deterministic representative selection,Confirmed,mature apple,1,0,404,303,"representative, not verified acquisition original"
IMG_12730.jpg,resize,test,sg-0073,test/IMG_12730.jpg,same_name_original,resized_duplicate,same filename; 404x303->640x480; LANCZOS RGB MAE=1.3128; 64x64 luminance correlation=0.999922,Supported,mature apple,1,0,640,480,derived representation; excluded from independent image universe
IMG_12790.jpg,original,test,sg-0074,test/IMG_12790.jpg,self,canonical,deterministic representative selection,Confirmed,mature apple|semi-mature apple,2,0,404,303,"representative, not verified acquisition original"
IMG_12790.jpg,resize,test,sg-0074,test/IMG_12790.jpg,same_name_original,resized_duplicate,same filename; 404x303->640x480; LANCZOS RGB MAE=1.3853; 64x64 luminance correlation=0.99995,Supported,mature apple|semi-mature apple,2,0,640,480,derived representation; excluded from independent image universe
IMG_1285.jpg,original,test,sg-0075,test/IMG_1285.jpg,self,canonical,deterministic representative selection,Confirmed,mature apple,1,0,404,303,"representative, not verified acquisition original"
IMG_1285.jpg,resize,test,sg-0075,test/IMG_1285.jpg,same_name_original,resized_duplicate,same filename; 404x303->640x480; LANCZOS RGB MAE=1.0388; 64x64 luminance correlation=0.999971,Supported,mature apple,1,0,640,480,derived representation; excluded from independent image universe
IMG_1288.jpg,original,test,sg-0076,test/IMG_1288.jpg,self,canonical,deterministic representative selection,Confirmed,mature apple,1,0,404,303,"representative, not verified acquisition original"
IMG_1288.jpg,resize,test,sg-0076,test/IMG_1288.jpg,same_name_original,resized_duplicate,same filename; 404x303->640x480; LANCZOS RGB MAE=1.0417; 64x64 luminance correlation=0.999956,Supported,mature apple,1,0,640,480,derived representation; excluded from independent image universe
IMG_1304.jpg,original,test,sg-0077,test/IMG_1304.jpg,self,canonical,deterministic representative selection,Confirmed,semi-mature apple,1,0,404,303,"representative, not verified acquisition original"
IMG_1304.jpg,resize,test,sg-0077,test/IMG_1304.jpg,same_name_original,resized_duplicate,same filename; 404x303->640x480; LANCZOS RGB MAE=1.3885; 64x64 luminance correlation=0.999966,Supported,semi-mature apple,1,0,640,480,derived representation; excluded from independent image universe
IMG_13060.jpg,original,test,sg-0078,test/IMG_13060.jpg,self,canonical,deterministic representative selection,Confirmed,mature apple,1,0,404,303,"representative, not verified acquisition original"
IMG_13060.jpg,resize,test,sg-0078,test/IMG_13060.jpg,same_name_original,resized_duplicate,same filename; 404x303->640x480; LANCZOS RGB MAE=1.1202; 64x64 luminance correlation=0.999968,Supported,mature apple,1,0,640,480,derived representation; excluded from independent image universe
IMG_13090.jpg,original,test,sg-0079,test/IMG_13090.jpg,self,canonical,deterministic representative selection,Confirmed,mature apple,1,0,404,303,"representative, not verified acquisition original"
IMG_13090.jpg,resize,test,sg-0079,test/IMG_13090.jpg,same_name_original,resized_duplicate,same filename; 404x303->640x480; LANCZOS RGB MAE=1.5026; 64x64 luminance correlation=0.999889,Supported,mature apple,1,0,640,480,derived representation; excluded from independent image universe
IMG_13110.jpg,original,test,sg-0080,test/IMG_13110.jpg,self,canonical,deterministic representative selection,Confirmed,mature apple,1,0,404,303,"representative, not verified acquisition original"
IMG_13110.jpg,resize,test,sg-0080,test/IMG_13110.jpg,same_name_original,resized_duplicate,same filename; 404x303->640x480; LANCZOS RGB MAE=1.3131; 64x64 luminance correlation=0.999948,Supported,mature apple,1,0,640,480,derived representation; excluded from independent image universe
IMG_13150.jpg,original,test,sg-0081,test/IMG_13150.jpg,self,canonical,deterministic representative selection,Confirmed,mature apple,1,0,404,303,"representative, not verified acquisition original"
IMG_13150.jpg,resize,test,sg-0081,test/IMG_13150.jpg,same_name_original,resized_duplicate,same filename; 404x303->640x480; LANCZOS RGB MAE=1.2441; 64x64 luminance correlation=0.999955,Supported,mature apple,1,0,640,480,derived representation; excluded from independent image universe
IMG_13190.jpg,original,test,sg-0082,test/IMG_13190.jpg,self,canonical,deterministic representative selection,Confirmed,mature apple,1,0,404,303,"representative, not verified acquisition original"
IMG_13190.jpg,resize,test,sg-0082,test/IMG_13190.jpg,same_name_original,resized_duplicate,same filename; 404x303->640x480; LANCZOS RGB MAE=1.5903; 64x64 luminance correlation=0.999936,Supported,mature apple,1,0,640,480,derived representation; excluded from independent image universe
IMG_13260.jpg,original,test,sg-0083,test/IMG_13260.jpg,self,canonical,deterministic representative selection,Confirmed,mature apple,2,0,404,303,"representative, not verified acquisition original"
IMG_13260.jpg,resize,test,sg-0083,test/IMG_13260.jpg,same_name_original,resized_duplicate,same filename; 404x303->640x480; LANCZOS RGB MAE=1.7898; 64x64 luminance correlation=0.999839,Supported,mature apple,2,0,640,480,derived representation; excluded from independent image universe
IMG_13270.jpg,original,test,sg-0084,test/IMG_13270.jpg,self,canonical,deterministic representative selection,Confirmed,mature apple,1,0,404,303,"representative, not verified acquisition original"
IMG_13270.jpg,resize,test,sg-0084,test/IMG_13270.jpg,same_name_original,resized_duplicate,same filename; 404x303->640x480; LANCZOS RGB MAE=1.5155; 64x64 luminance correlation=0.999941,Supported,mature apple,1,0,640,480,derived representation; excluded from independent image universe
IMG_13290.jpg,original,test,sg-0085,test/IMG_13290.jpg,self,canonical,deterministic representative selection,Confirmed,mature apple,1,0,404,303,"representative, not verified acquisition original"
IMG_13290.jpg,resize,test,sg-0085,test/IMG_13290.jpg,same_name_original,resized_duplicate,same filename; 404x303->640x480; LANCZOS RGB MAE=1.2967; 64x64 luminance correlation=0.999938,Supported,mature apple,1,0,640,480,derived representation; excluded from independent image universe
IMG_13320.jpg,original,test,sg-0086,test/IMG_13320.jpg,self,canonical,deterministic representative selection,Confirmed,mature apple,1,0,404,303,"representative, not verified acquisition original"
IMG_13320.jpg,resize,test,sg-0086,test/IMG_13320.jpg,same_name_original,resized_duplicate,same filename; 404x303->640x480; LANCZOS RGB MAE=1.3707; 64x64 luminance correlation=0.999938,Supported,mature apple,1,0,640,480,derived representation; excluded from independent image universe
IMG_13330.jpg,original,test,sg-0087,test/IMG_13330.jpg,self,canonical,deterministic representative selection,Confirmed,mature apple,2,0,404,303,"representative, not verified acquisition original"
IMG_13330.jpg,resize,test,sg-0087,test/IMG_13330.jpg,same_name_original,resized_duplicate,same filename; 404x303->640x480; LANCZOS RGB MAE=1.3352; 64x64 luminance correlation=0.999944,Supported,mature apple,2,0,640,480,derived representation; excluded from independent image universe
IMG_13340.jpg,original,test,sg-0088,test/IMG_13340.jpg,self,canonical,deterministic representative selection,Confirmed,mature apple,1,0,404,303,"representative, not verified acquisition original"
IMG_13340.jpg,resize,test,sg-0088,test/IMG_13340.jpg,same_name_original,resized_duplicate,same filename; 404x303->640x480; LANCZOS RGB MAE=1.2681; 64x64 luminance correlation=0.999958,Supported,mature apple,1,0,640,480,derived representation; excluded from independent image universe
IMG_13360.jpg,original,test,sg-0089,test/IMG_13360.jpg,self,canonical,deterministic representative selection,Confirmed,immature apple,2,0,404,303,"representative, not verified acquisition original"
IMG_13360.jpg,resize,test,sg-0089,test/IMG_13360.jpg,same_name_original,resized_duplicate,same filename; 404x303->640x480; LANCZOS RGB MAE=1.5357; 64x64 luminance correlation=0.99994,Supported,immature apple,2,0,640,480,derived representation; excluded from independent image universe
IMG_1346.jpg,original,test,sg-0090,test/IMG_1346.jpg,self,canonical,deterministic representative selection,Confirmed,immature apple,1,0,404,303,"representative, not verified acquisition original"
IMG_1346.jpg,resize,test,sg-0090,test/IMG_1346.jpg,same_name_original,resized_duplicate,same filename; 404x303->640x480; LANCZOS RGB MAE=1.4575; 64x64 luminance correlation=0.999943,Supported,immature apple,1,0,640,480,derived representation; excluded from independent image universe
IMG_1353.jpg,original,test,sg-0091,test/IMG_1353.jpg,self,canonical,deterministic representative selection,Confirmed,semi-mature apple,1,0,404,303,"representative, not verified acquisition original"
IMG_1353.jpg,resize,test,sg-0091,test/IMG_1353.jpg,same_name_original,resized_duplicate,same filename; 404x303->640x480; LANCZOS RGB MAE=1.3319; 64x64 luminance correlation=0.999946,Supported,semi-mature apple,1,0,640,480,derived representation; excluded from independent image universe
IMG_13590.jpg,original,test,sg-0092,test/IMG_13590.jpg,self,canonical,deterministic representative selection,Confirmed,semi-mature apple,1,0,404,303,"representative, not verified acquisition original"
IMG_13590.jpg,resize,test,sg-0092,test/IMG_13590.jpg,same_name_original,resized_duplicate,same filename; 404x303->640x480; LANCZOS RGB MAE=1.3564; 64x64 luminance correlation=0.999969,Supported,semi-mature apple,1,0,640,480,derived representation; excluded from independent image universe
IMG_13610.jpg,original,test,sg-0093,test/IMG_13610.jpg,self,canonical,deterministic representative selection,Confirmed,semi-mature apple,2,0,404,303,"representative, not verified acquisition original"
IMG_13610.jpg,resize,test,sg-0093,test/IMG_13610.jpg,same_name_original,resized_duplicate,same filename; 404x303->640x480; LANCZOS RGB MAE=1.5295; 64x64 luminance correlation=0.999916,Supported,semi-mature apple,2,0,640,480,derived representation; excluded from independent image universe
IMG_13650.jpg,original,test,sg-0094,test/IMG_13650.jpg,self,canonical,deterministic representative selection,Confirmed,semi-mature apple,1,0,404,303,"representative, not verified acquisition original"
IMG_13650.jpg,resize,test,sg-0094,test/IMG_13650.jpg,same_name_original,resized_duplicate,same filename; 404x303->640x480; LANCZOS RGB MAE=1.3042; 64x64 luminance correlation=0.99997,Supported,semi-mature apple,1,0,640,480,derived representation; excluded from independent image universe
IMG_1368.jpg,original,test,sg-0095,test/IMG_1368.jpg,self,canonical,deterministic representative selection,Confirmed,mature apple,1,0,404,303,"representative, not verified acquisition original"
IMG_1368.jpg,resize,test,sg-0095,test/IMG_1368.jpg,same_name_original,resized_duplicate,same filename; 404x303->640x480; LANCZOS RGB MAE=1.4634; 64x64 luminance correlation=0.999958,Supported,mature apple,1,0,640,480,derived representation; excluded from independent image universe
IMG_13750.jpg,original,test,sg-0096,test/IMG_13750.jpg,self,canonical,deterministic representative selection,Confirmed,mature apple,3,0,404,303,"representative, not verified acquisition original"
IMG_13750.jpg,resize,test,sg-0096,test/IMG_13750.jpg,same_name_original,resized_duplicate,same filename; 404x303->640x480; LANCZOS RGB MAE=1.5473; 64x64 luminance correlation=0.999917,Supported,mature apple,3,0,640,480,derived representation; excluded from independent image universe
IMG_13770.jpg,original,test,sg-0097,test/IMG_13770.jpg,self,canonical,deterministic representative selection,Confirmed,mature apple,3,0,404,303,"representative, not verified acquisition original"
IMG_13770.jpg,resize,test,sg-0097,test/IMG_13770.jpg,same_name_original,resized_duplicate,same filename; 404x303->640x480; LANCZOS RGB MAE=1.6235; 64x64 luminance correlation=0.999928,Supported,mature apple,3,0,640,480,derived representation; excluded from independent image universe
IMG_1378.jpg,original,test,sg-0098,test/IMG_1378.jpg,self,canonical,deterministic representative selection,Confirmed,mature apple,1,0,404,303,"representative, not verified acquisition original"
IMG_1378.jpg,resize,test,sg-0098,test/IMG_1378.jpg,same_name_original,resized_duplicate,same filename; 404x303->640x480; LANCZOS RGB MAE=1.3626; 64x64 luminance correlation=0.999941,Supported,mature apple,1,0,640,480,derived representation; excluded from independent image universe
IMG_13800.jpg,original,test,sg-0099,test/IMG_13800.jpg,self,canonical,deterministic representative selection,Confirmed,mature apple,2,0,404,303,"representative, not verified acquisition original"
IMG_13800.jpg,resize,test,sg-0099,test/IMG_13800.jpg,same_name_original,resized_duplicate,same filename; 404x303->640x480; LANCZOS RGB MAE=1.3657; 64x64 luminance correlation=0.999955,Supported,mature apple,2,0,640,480,derived representation; excluded from independent image universe
IMG_13830.jpg,original,test,sg-0100,test/IMG_13830.jpg,self,canonical,deterministic representative selection,Confirmed,mature apple,2,0,404,303,"representative, not verified acquisition original"
IMG_13830.jpg,resize,test,sg-0100,test/IMG_13830.jpg,same_name_original,resized_duplicate,same filename; 404x303->640x480; LANCZOS RGB MAE=1.6377; 64x64 luminance correlation=0.999892,Supported,mature apple,2,0,640,480,derived representation; excluded from independent image universe
IMG_13850.jpg,original,test,sg-0101,test/IMG_13850.jpg,self,canonical,deterministic representative selection,Confirmed,mature apple|semi-mature apple,2,0,404,303,"representative, not verified acquisition original"
IMG_13850.jpg,resize,test,sg-0101,test/IMG_13850.jpg,same_name_original,resized_duplicate,same filename; 404x303->640x480; LANCZOS RGB MAE=1.0794; 64x64 luminance correlation=0.999966,Supported,mature apple|semi-mature apple,2,0,640,480,derived representation; excluded from independent image universe
IMG_1387.jpg,original,test,sg-0102,test/IMG_1387.jpg,self,canonical,deterministic representative selection,Confirmed,semi-mature apple,1,0,404,303,"representative, not verified acquisition original"
IMG_1387.jpg,resize,test,sg-0102,test/IMG_1387.jpg,same_name_original,resized_duplicate,same filename; 404x303->640x480; LANCZOS RGB MAE=1.4239; 64x64 luminance correlation=0.999952,Supported,semi-mature apple,1,0,640,480,derived representation; excluded from independent image universe
IMG_13880.jpg,original,test,sg-0103,test/IMG_13880.jpg,self,canonical,deterministic representative selection,Confirmed,mature apple,1,0,404,303,"representative, not verified acquisition original"
IMG_13880.jpg,resize,test,sg-0103,test/IMG_13880.jpg,same_name_original,resized_duplicate,same filename; 404x303->640x480; LANCZOS RGB MAE=1.5706; 64x64 luminance correlation=0.99994,Supported,mature apple,1,0,640,480,derived representation; excluded from independent image universe
IMG_1389.jpg,original,test,sg-0104,test/IMG_1389.jpg,self,canonical,deterministic representative selection,Confirmed,semi-mature apple,1,0,404,303,"representative, not verified acquisition original"
IMG_1389.jpg,resize,test,sg-0104,test/IMG_1389.jpg,same_name_original,resized_duplicate,same filename; 404x303->640x480; LANCZOS RGB MAE=1.474; 64x64 luminance correlation=0.999926,Supported,semi-mature apple,1,0,640,480,derived representation; excluded from independent image universe
IMG_1390.jpg,original,test,sg-0105,test/IMG_1390.jpg,self,canonical,deterministic representative selection,Confirmed,semi-mature apple,1,0,404,303,"representative, not verified acquisition original"
IMG_1390.jpg,resize,test,sg-0105,test/IMG_1390.jpg,same_name_original,resized_duplicate,same filename; 404x303->640x480; LANCZOS RGB MAE=1.0464; 64x64 luminance correlation=0.999975,Supported,semi-mature apple,1,0,640,480,derived representation; excluded from independent image universe
IMG_13920.jpg,original,test,sg-0106,test/IMG_13920.jpg,self,canonical,deterministic representative selection,Confirmed,mature apple,1,0,404,303,"representative, not verified acquisition original"
IMG_13920.jpg,resize,test,sg-0106,test/IMG_13920.jpg,same_name_original,resized_duplicate,same filename; 404x303->640x480; LANCZOS RGB MAE=1.1799; 64x64 luminance correlation=0.999963,Supported,mature apple,1,0,640,480,derived representation; excluded from independent image universe
IMG_13940.jpg,original,test,sg-0107,test/IMG_13940.jpg,self,canonical,deterministic representative selection,Confirmed,mature apple,1,0,404,303,"representative, not verified acquisition original"
IMG_13940.jpg,resize,test,sg-0107,test/IMG_13940.jpg,same_name_original,resized_duplicate,same filename; 404x303->640x480; LANCZOS RGB MAE=1.3157; 64x64 luminance correlation=0.999968,Supported,mature apple,1,0,640,480,derived representation; excluded from independent image universe
IMG_13950.jpg,original,test,sg-0108,test/IMG_13950.jpg,self,canonical,deterministic representative selection,Confirmed,mature apple,1,0,404,303,"representative, not verified acquisition original"
IMG_13950.jpg,resize,test,sg-0108,test/IMG_13950.jpg,same_name_original,resized_duplicate,same filename; 404x303->640x480; LANCZOS RGB MAE=1.5963; 64x64 luminance correlation=0.999891,Supported,mature apple,1,0,640,480,derived representation; excluded from independent image universe
IMG_1398.jpg,original,test,sg-0109,test/IMG_1398.jpg,self,canonical,deterministic representative selection,Confirmed,mature apple,1,0,404,303,"representative, not verified acquisition original"
IMG_1398.jpg,resize,test,sg-0109,test/IMG_1398.jpg,same_name_original,resized_duplicate,same filename; 404x303->640x480; LANCZOS RGB MAE=1.068; 64x64 luminance correlation=0.999975,Supported,mature apple,1,0,640,480,derived representation; excluded from independent image universe
IMG_14010.jpg,original,test,sg-0110,test/IMG_14010.jpg,self,canonical,deterministic representative selection,Confirmed,mature apple,1,0,404,303,"representative, not verified acquisition original"
IMG_14010.jpg,resize,test,sg-0110,test/IMG_14010.jpg,same_name_original,resized_duplicate,same filename; 404x303->640x480; LANCZOS RGB MAE=1.0079; 64x64 luminance correlation=0.999978,Supported,mature apple,1,0,640,480,derived representation; excluded from independent image universe
IMG_14030.jpg,original,test,sg-0111,test/IMG_14030.jpg,self,canonical,deterministic representative selection,Confirmed,mature apple,1,0,404,303,"representative, not verified acquisition original"
IMG_14030.jpg,resize,test,sg-0111,test/IMG_14030.jpg,same_name_original,resized_duplicate,same filename; 404x303->640x480; LANCZOS RGB MAE=0.9885; 64x64 luminance correlation=0.999976,Supported,mature apple,1,0,640,480,derived representation; excluded from independent image universe
IMG_14050.jpg,original,test,sg-0112,test/IMG_14050.jpg,self,canonical,deterministic representative selection,Confirmed,mature apple,1,0,404,303,"representative, not verified acquisition original"
IMG_14050.jpg,resize,test,sg-0112,test/IMG_14050.jpg,same_name_original,resized_duplicate,same filename; 404x303->640x480; LANCZOS RGB MAE=1.3567; 64x64 luminance correlation=0.999925,Supported,mature apple,1,0,640,480,derived representation; excluded from independent image universe
IMG_1408.jpg,original,test,sg-0113,test/IMG_1408.jpg,self,canonical,deterministic representative selection,Confirmed,semi-mature apple,1,0,404,303,"representative, not verified acquisition original"
IMG_1408.jpg,resize,test,sg-0113,test/IMG_1408.jpg,same_name_original,resized_duplicate,same filename; 404x303->640x480; LANCZOS RGB MAE=1.2404; 64x64 luminance correlation=0.999958,Supported,semi-mature apple,1,0,640,480,derived representation; excluded from independent image universe
IMG_14090.jpg,original,test,sg-0114,test/IMG_14090.jpg,self,canonical,deterministic representative selection,Confirmed,immature apple,2,0,404,303,"representative, not verified acquisition original"
IMG_14090.jpg,resize,test,sg-0114,test/IMG_14090.jpg,same_name_original,resized_duplicate,same filename; 404x303->640x480; LANCZOS RGB MAE=1.3812; 64x64 luminance correlation=0.999963,Supported,immature apple,2,0,640,480,derived representation; excluded from independent image universe
IMG_14120.jpg,original,test,sg-0115,test/IMG_14120.jpg,self,canonical,deterministic representative selection,Confirmed,immature apple,1,0,404,303,"representative, not verified acquisition original"
IMG_14120.jpg,resize,test,sg-0115,test/IMG_14120.jpg,same_name_original,resized_duplicate,same filename; 404x303->640x480; LANCZOS RGB MAE=1.5782; 64x64 luminance correlation=0.999955,Supported,immature apple,1,0,640,480,derived representation; excluded from independent image universe
IMG_1416.jpg,original,test,sg-0116,test/IMG_1416.jpg,self,canonical,deterministic representative selection,Confirmed,immature apple,1,0,404,303,"representative, not verified acquisition original"
IMG_1416.jpg,resize,test,sg-0116,test/IMG_1416.jpg,same_name_original,resized_duplicate,same filename; 404x303->640x480; LANCZOS RGB MAE=1.125; 64x64 luminance correlation=0.999979,Supported,immature apple,1,0,640,480,derived representation; excluded from independent image universe
IMG_14170.jpg,original,test,sg-0117,test/IMG_14170.jpg,self,canonical,deterministic representative selection,Confirmed,immature apple,3,0,404,303,"representative, not verified acquisition original"
IMG_14170.jpg,resize,test,sg-0117,test/IMG_14170.jpg,same_name_original,resized_duplicate,same filename; 404x303->640x480; LANCZOS RGB MAE=1.546; 64x64 luminance correlation=0.999934,Supported,immature apple,3,0,640,480,derived representation; excluded from independent image universe
IMG_1419.jpg,original,test,sg-0118,test/IMG_1419.jpg,self,canonical,deterministic representative selection,Confirmed,semi-mature apple,1,0,404,303,"representative, not verified acquisition original"
IMG_1419.jpg,resize,test,sg-0118,test/IMG_1419.jpg,same_name_original,resized_duplicate,same filename; 404x303->640x480; LANCZOS RGB MAE=1.1976; 64x64 luminance correlation=0.999972,Supported,semi-mature apple,1,0,640,480,derived representation; excluded from independent image universe
IMG_14300.jpg,original,test,sg-0119,test/IMG_14300.jpg,self,canonical,deterministic representative selection,Confirmed,immature apple,2,0,404,303,"representative, not verified acquisition original"
IMG_14300.jpg,resize,test,sg-0119,test/IMG_14300.jpg,same_name_original,resized_duplicate,same filename; 404x303->640x480; LANCZOS RGB MAE=1.3051; 64x64 luminance correlation=0.999969,Supported,immature apple,2,0,640,480,derived representation; excluded from independent image universe
IMG_14420.jpg,original,test,sg-0120,test/IMG_14420.jpg,self,canonical,deterministic representative selection,Confirmed,semi-mature apple,1,0,404,303,"representative, not verified acquisition original"
IMG_14420.jpg,resize,test,sg-0120,test/IMG_14420.jpg,same_name_original,resized_duplicate,same filename; 404x303->640x480; LANCZOS RGB MAE=1.146; 64x64 luminance correlation=0.999973,Supported,semi-mature apple,1,0,640,480,derived representation; excluded from independent image universe
IMG_14430.jpg,original,test,sg-0121,test/IMG_14430.jpg,self,canonical,deterministic representative selection,Confirmed,semi-mature apple,1,0,404,303,"representative, not verified acquisition original"
IMG_14430.jpg,resize,test,sg-0121,test/IMG_14430.jpg,same_name_original,resized_duplicate,same filename; 404x303->640x480; LANCZOS RGB MAE=1.2467; 64x64 luminance correlation=0.999976,Supported,semi-mature apple,1,0,640,480,derived representation; excluded from independent image universe
IMG_14460.jpg,original,test,sg-0122,test/IMG_14460.jpg,self,canonical,deterministic representative selection,Confirmed,immature apple,1,0,404,303,"representative, not verified acquisition original"
IMG_14460.jpg,resize,test,sg-0122,test/IMG_14460.jpg,same_name_original,resized_duplicate,same filename; 404x303->640x480; LANCZOS RGB MAE=1.677; 64x64 luminance correlation=0.999961,Supported,immature apple,1,0,640,480,derived representation; excluded from independent image universe
IMG_1448.jpg,original,test,sg-0123,test/IMG_1448.jpg,self,canonical,deterministic representative selection,Confirmed,immature apple,1,0,404,303,"representative, not verified acquisition original"
IMG_1448.jpg,resize,test,sg-0123,test/IMG_1448.jpg,same_name_original,resized_duplicate,same filename; 404x303->640x480; LANCZOS RGB MAE=1.283; 64x64 luminance correlation=0.999967,Supported,immature apple,1,0,640,480,derived representation; excluded from independent image universe
IMG_1450.jpg,original,test,sg-0124,test/IMG_1450.jpg,self,canonical,deterministic representative selection,Confirmed,immature apple,2,0,404,303,"representative, not verified acquisition original"
IMG_1450.jpg,resize,test,sg-0124,test/IMG_1450.jpg,same_name_original,resized_duplicate,same filename; 404x303->640x480; LANCZOS RGB MAE=1.901; 64x64 luminance correlation=0.999796,Supported,immature apple,2,0,640,480,derived representation; excluded from independent image universe
IMG_1452.jpg,original,test,sg-0125,test/IMG_1452.jpg,self,canonical,deterministic representative selection,Confirmed,immature apple,1,0,404,303,"representative, not verified acquisition original"
IMG_1452.jpg,resize,test,sg-0125,test/IMG_1452.jpg,same_name_original,resized_duplicate,same filename; 404x303->640x480; LANCZOS RGB MAE=1.4312; 64x64 luminance correlation=0.999955,Supported,immature apple,1,0,640,480,derived representation; excluded from independent image universe
IMG_1461.jpg,original,test,sg-0126,test/IMG_1461.jpg,self,canonical,deterministic representative selection,Confirmed,immature apple,1,0,404,303,"representative, not verified acquisition original"
IMG_1461.jpg,resize,test,sg-0126,test/IMG_1461.jpg,same_name_original,resized_duplicate,same filename; 404x303->640x480; LANCZOS RGB MAE=1.2447; 64x64 luminance correlation=0.999944,Supported,immature apple,1,0,640,480,derived representation; excluded from independent image universe
IMG_1464.jpg,original,test,sg-0127,test/IMG_1464.jpg,self,canonical,deterministic representative selection,Confirmed,immature apple,1,0,404,303,"representative, not verified acquisition original"
IMG_1464.jpg,resize,test,sg-0127,test/IMG_1464.jpg,same_name_original,resized_duplicate,same filename; 404x303->640x480; LANCZOS RGB MAE=1.1751; 64x64 luminance correlation=0.999957,Supported,immature apple,1,0,640,480,derived representation; excluded from independent image universe
IMG_14660.jpg,original,test,sg-0128,test/IMG_14660.jpg,self,canonical,deterministic representative selection,Confirmed,semi-mature apple,2,0,404,303,"representative, not verified acquisition original"
IMG_14660.jpg,resize,test,sg-0128,test/IMG_14660.jpg,same_name_original,resized_duplicate,same filename; 404x303->640x480; LANCZOS RGB MAE=1.3825; 64x64 luminance correlation=0.999931,Supported,semi-mature apple,2,0,640,480,derived representation; excluded from independent image universe
IMG_14670.jpg,original,test,sg-0129,test/IMG_14670.jpg,self,canonical,deterministic representative selection,Confirmed,semi-mature apple,1,0,404,303,"representative, not verified acquisition original"
IMG_14670.jpg,resize,test,sg-0129,test/IMG_14670.jpg,same_name_original,resized_duplicate,same filename; 404x303->640x480; LANCZOS RGB MAE=1.2248; 64x64 luminance correlation=0.99994,Supported,semi-mature apple,1,0,640,480,derived representation; excluded from independent image universe
IMG_1469.jpg,original,test,sg-0130,test/IMG_1469.jpg,self,canonical,deterministic representative selection,Confirmed,semi-mature apple,1,0,404,303,"representative, not verified acquisition original"
IMG_1469.jpg,resize,test,sg-0130,test/IMG_1469.jpg,same_name_original,resized_duplicate,same filename; 404x303->640x480; LANCZOS RGB MAE=1.5089; 64x64 luminance correlation=0.999931,Supported,semi-mature apple,1,0,640,480,derived representation; excluded from independent image universe
IMG_1475.jpg,original,test,sg-0131,test/IMG_1475.jpg,self,canonical,deterministic representative selection,Confirmed,immature apple,2,0,404,303,"representative, not verified acquisition original"
IMG_1475.jpg,resize,test,sg-0131,test/IMG_1475.jpg,same_name_original,resized_duplicate,same filename; 404x303->640x480; LANCZOS RGB MAE=1.1272; 64x64 luminance correlation=0.99996,Supported,immature apple,2,0,640,480,derived representation; excluded from independent image universe
IMG_15601.jpg,original,test,sg-0132,test/IMG_15601.jpg,self,canonical,deterministic representative selection,Confirmed,mature apple,1,0,369,277,"representative, not verified acquisition original"
IMG_15601.jpg,resize,test,sg-0132,test/IMG_15601.jpg,same_name_original,resized_duplicate,same filename; 369x277->640x480; LANCZOS RGB MAE=4.7426; 64x64 luminance correlation=0.999575,Supported,mature apple,1,0,640,480,derived representation; excluded from independent image universe
IMG_5387.jpg,original,test,sg-0133,test/IMG_5387.jpg,self,canonical,deterministic representative selection,Confirmed,mature apple,3,0,404,303,"representative, not verified acquisition original"
IMG_5387.jpg,resize,test,sg-0133,test/IMG_5387.jpg,same_name_original,resized_duplicate,same filename; 404x303->640x480; LANCZOS RGB MAE=1.5242; 64x64 luminance correlation=0.999907,Supported,mature apple,3,0,640,480,derived representation; excluded from independent image universe
IMG_53880.jpg,original,test,sg-0134,test/IMG_53880.jpg,self,canonical,deterministic representative selection,Confirmed,mature apple,3,0,404,303,"representative, not verified acquisition original"
IMG_53880.jpg,resize,test,sg-0134,test/IMG_53880.jpg,same_name_original,resized_duplicate,same filename; 404x303->640x480; LANCZOS RGB MAE=1.4873; 64x64 luminance correlation=0.999929,Supported,mature apple,3,0,640,480,derived representation; excluded from independent image universe
IMG_53890.jpg,original,test,sg-0135,test/IMG_53890.jpg,self,canonical,deterministic representative selection,Confirmed,immature apple|mature apple,2,0,404,303,"representative, not verified acquisition original"
IMG_53890.jpg,resize,test,sg-0135,test/IMG_53890.jpg,same_name_original,resized_duplicate,same filename; 404x303->640x480; LANCZOS RGB MAE=1.4833; 64x64 luminance correlation=0.999949,Supported,immature apple|mature apple,2,0,640,480,derived representation; excluded from independent image universe
IMG_5393.jpg,original,test,sg-0136,test/IMG_5393.jpg,self,canonical,deterministic representative selection,Confirmed,mature apple,2,0,404,303,"representative, not verified acquisition original"
IMG_5393.jpg,resize,test,sg-0136,test/IMG_5393.jpg,same_name_original,resized_duplicate,same filename; 404x303->640x480; LANCZOS RGB MAE=1.2546; 64x64 luminance correlation=0.999947,Supported,mature apple,2,0,640,480,derived representation; excluded from independent image universe
IMG_53950.jpg,original,test,sg-0137,test/IMG_53950.jpg,self,canonical,deterministic representative selection,Confirmed,mature apple,1,0,404,303,"representative, not verified acquisition original"
IMG_53950.jpg,resize,test,sg-0137,test/IMG_53950.jpg,same_name_original,resized_duplicate,same filename; 404x303->640x480; LANCZOS RGB MAE=1.4421; 64x64 luminance correlation=0.999944,Supported,mature apple,1,0,640,480,derived representation; excluded from independent image universe
IMG_53970.jpg,original,test,sg-0138,test/IMG_53970.jpg,self,canonical,deterministic representative selection,Confirmed,mature apple,1,0,404,303,"representative, not verified acquisition original"
IMG_53970.jpg,resize,test,sg-0138,test/IMG_53970.jpg,same_name_original,resized_duplicate,same filename; 404x303->640x480; LANCZOS RGB MAE=1.3967; 64x64 luminance correlation=0.999947,Supported,mature apple,1,0,640,480,derived representation; excluded from independent image universe
IMG_5405.jpg,original,test,sg-0139,test/IMG_5405.jpg,self,canonical,deterministic representative selection,Confirmed,mature apple,1,0,404,303,"representative, not verified acquisition original"
IMG_5405.jpg,resize,test,sg-0139,test/IMG_5405.jpg,same_name_original,resized_duplicate,same filename; 404x303->640x480; LANCZOS RGB MAE=1.0791; 64x64 luminance correlation=0.99997,Supported,mature apple,1,0,640,480,derived representation; excluded from independent image universe
IMG_5409.jpg,original,test,sg-0140,test/IMG_5409.jpg,self,canonical,deterministic representative selection,Confirmed,semi-mature apple,1,0,404,303,"representative, not verified acquisition original"
IMG_5409.jpg,resize,test,sg-0140,test/IMG_5409.jpg,same_name_original,resized_duplicate,same filename; 404x303->640x480; LANCZOS RGB MAE=1.4566; 64x64 luminance correlation=0.999939,Supported,semi-mature apple,1,0,640,480,derived representation; excluded from independent image universe
IMG_54140.jpg,original,test,sg-0141,test/IMG_54140.jpg,self,canonical,deterministic representative selection,Confirmed,semi-mature apple,1,0,404,303,"representative, not verified acquisition original"
IMG_54140.jpg,resize,test,sg-0141,test/IMG_54140.jpg,same_name_original,resized_duplicate,same filename; 404x303->640x480; LANCZOS RGB MAE=1.3958; 64x64 luminance correlation=0.999944,Supported,semi-mature apple,1,0,640,480,derived representation; excluded from independent image universe
IMG_54160.jpg,original,test,sg-0142,test/IMG_54160.jpg,self,canonical,deterministic representative selection,Confirmed,semi-mature apple,2,0,404,303,"representative, not verified acquisition original"
IMG_54160.jpg,resize,test,sg-0142,test/IMG_54160.jpg,same_name_original,resized_duplicate,same filename; 404x303->640x480; LANCZOS RGB MAE=1.2133; 64x64 luminance correlation=0.99997,Supported,semi-mature apple,2,0,640,480,derived representation; excluded from independent image universe
IMG_5418.jpg,original,test,sg-0143,test/IMG_5418.jpg,self,canonical,deterministic representative selection,Confirmed,semi-mature apple,1,0,404,303,"representative, not verified acquisition original"
IMG_5418.jpg,resize,test,sg-0143,test/IMG_5418.jpg,same_name_original,resized_duplicate,same filename; 404x303->640x480; LANCZOS RGB MAE=1.2264; 64x64 luminance correlation=0.999969,Supported,semi-mature apple,1,0,640,480,derived representation; excluded from independent image universe
IMG_54190.jpg,original,test,sg-0144,test/IMG_54190.jpg,self,canonical,deterministic representative selection,Confirmed,semi-mature apple,1,0,404,303,"representative, not verified acquisition original"
IMG_54190.jpg,resize,test,sg-0144,test/IMG_54190.jpg,same_name_original,resized_duplicate,same filename; 404x303->640x480; LANCZOS RGB MAE=1.341; 64x64 luminance correlation=0.999799,Supported,semi-mature apple,1,0,640,480,derived representation; excluded from independent image universe
IMG_54280.jpg,original,test,sg-0145,test/IMG_54280.jpg,self,canonical,deterministic representative selection,Confirmed,semi-mature apple,1,0,404,303,"representative, not verified acquisition original"
IMG_54280.jpg,resize,test,sg-0145,test/IMG_54280.jpg,same_name_original,resized_duplicate,same filename; 404x303->640x480; LANCZOS RGB MAE=1.8689; 64x64 luminance correlation=0.999837,Supported,semi-mature apple,1,0,640,480,derived representation; excluded from independent image universe
IMG_54290.jpg,original,test,sg-0146,test/IMG_54290.jpg,self,canonical,deterministic representative selection,Confirmed,mature apple,1,0,404,303,"representative, not verified acquisition original"
IMG_54290.jpg,resize,test,sg-0146,test/IMG_54290.jpg,same_name_original,resized_duplicate,same filename; 404x303->640x480; LANCZOS RGB MAE=1.7346; 64x64 luminance correlation=0.999922,Supported,mature apple,1,0,640,480,derived representation; excluded from independent image universe
IMG_5430.jpg,original,test,sg-0147,test/IMG_5430.jpg,self,canonical,deterministic representative selection,Confirmed,mature apple,2,0,404,303,"representative, not verified acquisition original"
IMG_5430.jpg,resize,test,sg-0147,test/IMG_5430.jpg,same_name_original,resized_duplicate,same filename; 404x303->640x480; LANCZOS RGB MAE=1.6371; 64x64 luminance correlation=0.999879,Supported,mature apple,2,0,640,480,derived representation; excluded from independent image universe
IMG_54350.jpg,original,test,sg-0148,test/IMG_54350.jpg,self,canonical,deterministic representative selection,Confirmed,mature apple|semi-mature apple,3,1,404,303,"representative, not verified acquisition original; Stage 2B-4H: region #3 invalid/unknown, excluded from derived three-class targets; other three labels retained"
IMG_54350.jpg,resize,test,sg-0148,test/IMG_54350.jpg,same_name_original,resized_duplicate,same filename; 404x303->640x480; LANCZOS RGB MAE=1.5531; 64x64 luminance correlation=0.999906,Supported,mature apple|semi-mature apple,3,1,640,480,"derived representation; excluded from independent image universe; Stage 2B-4H: region #3 invalid/unknown, excluded from derived three-class targets; other three labels retained"
IMG_54370.jpg,original,test,sg-0149,test/IMG_54370.jpg,self,canonical,deterministic representative selection,Confirmed,semi-mature apple,1,0,404,303,"representative, not verified acquisition original"
IMG_54370.jpg,resize,test,sg-0149,test/IMG_54370.jpg,same_name_original,resized_duplicate,same filename; 404x303->640x480; LANCZOS RGB MAE=1.2588; 64x64 luminance correlation=0.999973,Supported,semi-mature apple,1,0,640,480,derived representation; excluded from independent image universe
IMG_54420.jpg,original,test,sg-0150,test/IMG_54420.jpg,self,canonical,deterministic representative selection,Confirmed,mature apple,1,0,404,303,"representative, not verified acquisition original"
IMG_54420.jpg,resize,test,sg-0150,test/IMG_54420.jpg,same_name_original,resized_duplicate,same filename; 404x303->640x480; LANCZOS RGB MAE=1.5716; 64x64 luminance correlation=0.99993,Supported,mature apple,1,0,640,480,derived representation; excluded from independent image universe
IMG_54440.jpg,original,test,sg-0151,test/IMG_54440.jpg,self,canonical,deterministic representative selection,Confirmed,semi-mature apple,1,0,404,303,"representative, not verified acquisition original"
IMG_54440.jpg,resize,test,sg-0151,test/IMG_54440.jpg,same_name_original,resized_duplicate,same filename; 404x303->640x480; LANCZOS RGB MAE=1.3504; 64x64 luminance correlation=0.999958,Supported,semi-mature apple,1,0,640,480,derived representation; excluded from independent image universe
IMG_54450.jpg,original,test,sg-0152,test/IMG_54450.jpg,self,canonical,deterministic representative selection,Confirmed,semi-mature apple,1,0,404,303,"representative, not verified acquisition original"
IMG_54450.jpg,resize,test,sg-0152,test/IMG_54450.jpg,same_name_original,resized_duplicate,same filename; 404x303->640x480; LANCZOS RGB MAE=1.6882; 64x64 luminance correlation=0.999921,Supported,semi-mature apple,1,0,640,480,derived representation; excluded from independent image universe
IMG_54470.jpg,original,test,sg-0153,test/IMG_54470.jpg,self,canonical,deterministic representative selection,Confirmed,mature apple,1,0,404,303,"representative, not verified acquisition original"
IMG_54470.jpg,resize,test,sg-0153,test/IMG_54470.jpg,same_name_original,resized_duplicate,same filename; 404x303->640x480; LANCZOS RGB MAE=1.4942; 64x64 luminance correlation=0.999943,Supported,mature apple,1,0,640,480,derived representation; excluded from independent image universe
IMG_54550.jpg,original,test,sg-0154,test/IMG_54550.jpg,self,canonical,deterministic representative selection,Confirmed,mature apple,1,0,303,404,"representative, not verified acquisition original"
IMG_54550.jpg,resize,test,sg-0154,test/IMG_54550.jpg,same_name_original,resized_duplicate,same filename; 303x404->480x640; LANCZOS RGB MAE=1.3123; 64x64 luminance correlation=0.999958,Supported,mature apple,1,0,480,640,derived representation; excluded from independent image universe
IMG_54560.jpg,original,test,sg-0155,test/IMG_54560.jpg,self,canonical,deterministic representative selection,Confirmed,mature apple,1,0,303,404,"representative, not verified acquisition original"
IMG_54560.jpg,resize,test,sg-0155,test/IMG_54560.jpg,same_name_original,resized_duplicate,same filename; 303x404->480x640; LANCZOS RGB MAE=1.2189; 64x64 luminance correlation=0.999967,Supported,mature apple,1,0,480,640,derived representation; excluded from independent image universe
IMG_54690.jpg,original,test,sg-0156,test/IMG_54690.jpg,self,canonical,deterministic representative selection,Confirmed,semi-mature apple,1,0,404,303,"representative, not verified acquisition original"
IMG_54690.jpg,resize,test,sg-0156,test/IMG_54690.jpg,same_name_original,resized_duplicate,same filename; 404x303->640x480; LANCZOS RGB MAE=1.1521; 64x64 luminance correlation=0.999976,Supported,semi-mature apple,1,0,640,480,derived representation; excluded from independent image universe
IMG_5472.jpg,original,test,sg-0157,test/IMG_5472.jpg,self,canonical,deterministic representative selection,Confirmed,mature apple,2,0,404,303,"representative, not verified acquisition original"
IMG_5472.jpg,resize,test,sg-0157,test/IMG_5472.jpg,same_name_original,resized_duplicate,same filename; 404x303->640x480; LANCZOS RGB MAE=1.3805; 64x64 luminance correlation=0.999954,Supported,mature apple,2,0,640,480,derived representation; excluded from independent image universe
IMG_54910.jpg,original,test,sg-0158,test/IMG_54910.jpg,self,canonical,deterministic representative selection,Confirmed,semi-mature apple,3,0,404,303,"representative, not verified acquisition original"
IMG_54910.jpg,resize,test,sg-0158,test/IMG_54910.jpg,same_name_original,resized_duplicate,same filename; 404x303->640x480; LANCZOS RGB MAE=1.4094; 64x64 luminance correlation=0.999946,Supported,semi-mature apple,3,0,640,480,derived representation; excluded from independent image universe
IMG_55060.jpg,original,test,sg-0159,test/IMG_55060.jpg,self,canonical,deterministic representative selection,Confirmed,semi-mature apple,1,0,404,303,"representative, not verified acquisition original"
IMG_55060.jpg,resize,test,sg-0159,test/IMG_55060.jpg,same_name_original,resized_duplicate,same filename; 404x303->640x480; LANCZOS RGB MAE=1.0891; 64x64 luminance correlation=0.999976,Supported,semi-mature apple,1,0,640,480,derived representation; excluded from independent image universe
IMG_5546.jpg,original,test,sg-0160,test/IMG_5546.jpg,self,canonical,deterministic representative selection,Confirmed,immature apple,5,0,404,303,"representative, not verified acquisition original"
IMG_5546.jpg,resize,test,sg-0160,test/IMG_5546.jpg,same_name_original,resized_duplicate,same filename; 404x303->640x480; LANCZOS RGB MAE=1.7226; 64x64 luminance correlation=0.99971,Supported,immature apple,5,0,640,480,derived representation; excluded from independent image universe
IMG_55800.jpg,original,test,sg-0161,test/IMG_55800.jpg,self,canonical,deterministic representative selection,Confirmed,semi-mature apple,2,0,404,303,"representative, not verified acquisition original"
IMG_55800.jpg,resize,test,sg-0161,test/IMG_55800.jpg,same_name_original,resized_duplicate,same filename; 404x303->640x480; LANCZOS RGB MAE=1.5965; 64x64 luminance correlation=0.99993,Supported,semi-mature apple,2,0,640,480,derived representation; excluded from independent image universe
IMG_55890.jpg,original,test,sg-0162,test/IMG_55890.jpg,self,canonical,deterministic representative selection,Confirmed,semi-mature apple,3,0,404,303,"representative, not verified acquisition original"
IMG_55890.jpg,resize,test,sg-0162,test/IMG_55890.jpg,same_name_original,resized_duplicate,same filename; 404x303->640x480; LANCZOS RGB MAE=1.816; 64x64 luminance correlation=0.999843,Supported,semi-mature apple,3,0,640,480,derived representation; excluded from independent image universe
IMG_55910.jpg,original,test,sg-0163,test/IMG_55910.jpg,self,canonical,deterministic representative selection,Confirmed,semi-mature apple,4,0,404,303,"representative, not verified acquisition original"
IMG_55910.jpg,resize,test,sg-0163,test/IMG_55910.jpg,same_name_original,resized_duplicate,same filename; 404x303->640x480; LANCZOS RGB MAE=2.1664; 64x64 luminance correlation=0.999807,Supported,semi-mature apple,4,0,640,480,derived representation; excluded from independent image universe
IMG_55980.jpg,original,test,sg-0164,test/IMG_55980.jpg,self,canonical,deterministic representative selection,Confirmed,semi-mature apple,2,0,404,303,"representative, not verified acquisition original"
IMG_55980.jpg,resize,test,sg-0164,test/IMG_55980.jpg,same_name_original,resized_duplicate,same filename; 404x303->640x480; LANCZOS RGB MAE=1.5968; 64x64 luminance correlation=0.99989,Supported,semi-mature apple,2,0,640,480,derived representation; excluded from independent image universe
IMG_5605.jpg,original,test,sg-0165,test/IMG_5605.jpg,self,canonical,deterministic representative selection,Confirmed,mature apple,3,0,404,303,"representative, not verified acquisition original"
IMG_5605.jpg,resize,test,sg-0165,test/IMG_5605.jpg,same_name_original,resized_duplicate,same filename; 404x303->640x480; LANCZOS RGB MAE=1.4899; 64x64 luminance correlation=0.999942,Supported,mature apple,3,0,640,480,derived representation; excluded from independent image universe
IMG_5606.jpg,original,test,sg-0166,test/IMG_5606.jpg,self,canonical,deterministic representative selection,Confirmed,mature apple,3,0,404,303,"representative, not verified acquisition original"
IMG_5606.jpg,resize,test,sg-0166,test/IMG_5606.jpg,same_name_original,resized_duplicate,same filename; 404x303->640x480; LANCZOS RGB MAE=1.7331; 64x64 luminance correlation=0.999844,Supported,mature apple,3,0,640,480,derived representation; excluded from independent image universe
IMG_56100.jpg,original,test,sg-0167,test/IMG_56100.jpg,self,canonical,deterministic representative selection,Confirmed,semi-mature apple,2,0,404,303,"representative, not verified acquisition original"
IMG_56100.jpg,resize,test,sg-0167,test/IMG_56100.jpg,same_name_original,resized_duplicate,same filename; 404x303->640x480; LANCZOS RGB MAE=1.7317; 64x64 luminance correlation=0.999753,Supported,semi-mature apple,2,0,640,480,derived representation; excluded from independent image universe
IMG_56110.jpg,original,test,sg-0168,test/IMG_56110.jpg,self,canonical,deterministic representative selection,Confirmed,semi-mature apple,2,0,404,303,"representative, not verified acquisition original"
IMG_56110.jpg,resize,test,sg-0168,test/IMG_56110.jpg,same_name_original,resized_duplicate,same filename; 404x303->640x480; LANCZOS RGB MAE=1.6917; 64x64 luminance correlation=0.999797,Supported,semi-mature apple,2,0,640,480,derived representation; excluded from independent image universe
IMG_56130.jpg,original,test,sg-0169,test/IMG_56130.jpg,self,canonical,deterministic representative selection,Confirmed,mature apple|semi-mature apple,3,0,404,303,"representative, not verified acquisition original"
IMG_56130.jpg,resize,test,sg-0169,test/IMG_56130.jpg,same_name_original,resized_duplicate,same filename; 404x303->640x480; LANCZOS RGB MAE=1.6486; 64x64 luminance correlation=0.999885,Supported,mature apple|semi-mature apple,3,0,640,480,derived representation; excluded from independent image universe
IMG_5614.jpg,original,test,sg-0170,test/IMG_5614.jpg,self,canonical,deterministic representative selection,Confirmed,mature apple,2,0,404,303,"representative, not verified acquisition original"
IMG_5614.jpg,resize,test,sg-0170,test/IMG_5614.jpg,same_name_original,resized_duplicate,same filename; 404x303->640x480; LANCZOS RGB MAE=0.7404; 64x64 luminance correlation=0.999982,Supported,mature apple,2,0,640,480,derived representation; excluded from independent image universe
IMG_56200.jpg,original,test,sg-0171,test/IMG_56200.jpg,self,canonical,deterministic representative selection,Confirmed,mature apple|semi-mature apple,3,0,404,303,"representative, not verified acquisition original"
IMG_56200.jpg,resize,test,sg-0171,test/IMG_56200.jpg,same_name_original,resized_duplicate,same filename; 404x303->640x480; LANCZOS RGB MAE=1.5142; 64x64 luminance correlation=0.99994,Supported,mature apple|semi-mature apple,3,0,640,480,derived representation; excluded from independent image universe
IMG_56400.jpg,original,test,sg-0172,test/IMG_56400.jpg,self,canonical,deterministic representative selection,Confirmed,semi-mature apple,3,0,404,303,"representative, not verified acquisition original"
IMG_56400.jpg,resize,test,sg-0172,test/IMG_56400.jpg,same_name_original,resized_duplicate,same filename; 404x303->640x480; LANCZOS RGB MAE=1.542; 64x64 luminance correlation=0.999864,Supported,semi-mature apple,3,0,640,480,derived representation; excluded from independent image universe
IMG_56440.jpg,original,test,sg-0173,test/IMG_56440.jpg,self,canonical,deterministic representative selection,Confirmed,mature apple,4,0,404,303,"representative, not verified acquisition original"
IMG_56440.jpg,resize,test,sg-0173,test/IMG_56440.jpg,same_name_original,resized_duplicate,same filename; 404x303->640x480; LANCZOS RGB MAE=1.3579; 64x64 luminance correlation=0.999883,Supported,mature apple,4,0,640,480,derived representation; excluded from independent image universe
IMG_6766.jpg,original,test,sg-0174,test/IMG_6766.jpg,self,canonical,deterministic representative selection,Confirmed,immature apple,1,0,369,277,"representative, not verified acquisition original"
IMG_6766.jpg,resize,test,sg-0174,test/IMG_6766.jpg,same_name_original,resized_duplicate,same filename; 369x277->640x480; LANCZOS RGB MAE=12.0725; 64x64 luminance correlation=0.998713,Supported,immature apple,1,0,640,480,derived representation; excluded from independent image universe
IMG_6771.jpg,original,test,sg-0175,test/IMG_6771.jpg,self,canonical,deterministic representative selection,Confirmed,semi-mature apple,1,0,369,277,"representative, not verified acquisition original"
IMG_6771.jpg,resize,test,sg-0175,test/IMG_6771.jpg,same_name_original,resized_duplicate,same filename; 369x277->640x480; LANCZOS RGB MAE=14.1543; 64x64 luminance correlation=0.998474,Supported,semi-mature apple,1,0,640,480,derived representation; excluded from independent image universe
IMG_6774.jpg,original,test,sg-0176,test/IMG_6774.jpg,self,canonical,deterministic representative selection,Confirmed,semi-mature apple,1,0,369,277,"representative, not verified acquisition original"
IMG_6774.jpg,resize,test,sg-0176,test/IMG_6774.jpg,same_name_original,resized_duplicate,same filename; 369x277->640x480; LANCZOS RGB MAE=10.4626; 64x64 luminance correlation=0.998681,Supported,semi-mature apple,1,0,640,480,derived representation; excluded from independent image universe
IMG_6778.jpg,original,test,sg-0177,test/IMG_6778.jpg,self,canonical,deterministic representative selection,Confirmed,immature apple,3,0,369,277,"representative, not verified acquisition original"
IMG_6778.jpg,resize,test,sg-0177,test/IMG_6778.jpg,same_name_original,resized_duplicate,same filename; 369x277->640x480; LANCZOS RGB MAE=10.1482; 64x64 luminance correlation=0.999068,Supported,immature apple,3,0,640,480,derived representation; excluded from independent image universe
IMG_6779.jpg,original,test,sg-0178,test/IMG_6779.jpg,self,canonical,deterministic representative selection,Confirmed,immature apple,2,0,369,277,"representative, not verified acquisition original"
IMG_6779.jpg,resize,test,sg-0178,test/IMG_6779.jpg,same_name_original,resized_duplicate,same filename; 369x277->640x480; LANCZOS RGB MAE=11.5766; 64x64 luminance correlation=0.998921,Supported,immature apple,2,0,640,480,derived representation; excluded from independent image universe
IMG_6781.jpg,original,test,sg-0179,test/IMG_6781.jpg,self,canonical,deterministic representative selection,Confirmed,immature apple,1,0,369,277,"representative, not verified acquisition original"
IMG_6781.jpg,resize,test,sg-0179,test/IMG_6781.jpg,same_name_original,resized_duplicate,same filename; 369x277->640x480; LANCZOS RGB MAE=13.4545; 64x64 luminance correlation=0.998633,Supported,immature apple,1,0,640,480,derived representation; excluded from independent image universe
IMG_6784.jpg,original,test,sg-0180,test/IMG_6784.jpg,self,canonical,deterministic representative selection,Confirmed,immature apple,3,0,369,277,"representative, not verified acquisition original"
IMG_6784.jpg,resize,test,sg-0180,test/IMG_6784.jpg,same_name_original,resized_duplicate,same filename; 369x277->640x480; LANCZOS RGB MAE=11.9238; 64x64 luminance correlation=0.99856,Supported,immature apple,3,0,640,480,derived representation; excluded from independent image universe
IMG_6787.jpg,original,test,sg-0181,test/IMG_6787.jpg,self,canonical,deterministic representative selection,Confirmed,immature apple,3,0,369,277,"representative, not verified acquisition original"
IMG_6787.jpg,resize,test,sg-0181,test/IMG_6787.jpg,same_name_original,resized_duplicate,same filename; 369x277->640x480; LANCZOS RGB MAE=14.187; 64x64 luminance correlation=0.998064,Supported,immature apple,3,0,640,480,derived representation; excluded from independent image universe
IMG_6799.jpg,original,test,sg-0182,test/IMG_6799.jpg,self,canonical,deterministic representative selection,Confirmed,immature apple,1,0,369,277,"representative, not verified acquisition original"
IMG_6799.jpg,resize,test,sg-0182,test/IMG_6799.jpg,same_name_original,resized_duplicate,same filename; 369x277->640x480; LANCZOS RGB MAE=13.1625; 64x64 luminance correlation=0.998503,Supported,immature apple,1,0,640,480,derived representation; excluded from independent image universe
IMG_6804.jpg,original,test,sg-0183,test/IMG_6804.jpg,self,canonical,deterministic representative selection,Confirmed,immature apple,3,0,369,277,"representative, not verified acquisition original"
IMG_6804.jpg,resize,test,sg-0183,test/IMG_6804.jpg,same_name_original,resized_duplicate,same filename; 369x277->640x480; LANCZOS RGB MAE=12.65; 64x64 luminance correlation=0.998713,Supported,immature apple,3,0,640,480,derived representation; excluded from independent image universe
IMG_6807.jpg,original,test,sg-0184,test/IMG_6807.jpg,self,canonical,deterministic representative selection,Confirmed,immature apple,4,0,369,277,"representative, not verified acquisition original"
IMG_6807.jpg,resize,test,sg-0184,test/IMG_6807.jpg,same_name_original,resized_duplicate,same filename; 369x277->640x480; LANCZOS RGB MAE=11.2228; 64x64 luminance correlation=0.998872,Supported,immature apple,4,0,640,480,derived representation; excluded from independent image universe
IMG_6812.jpg,original,test,sg-0185,test/IMG_6812.jpg,self,canonical,deterministic representative selection,Confirmed,immature apple,3,0,369,277,"representative, not verified acquisition original"
IMG_6812.jpg,resize,test,sg-0185,test/IMG_6812.jpg,same_name_original,resized_duplicate,same filename; 369x277->640x480; LANCZOS RGB MAE=9.7947; 64x64 luminance correlation=0.998872,Supported,immature apple,3,0,640,480,derived representation; excluded from independent image universe
IMG_6816.jpg,original,test,sg-0186,test/IMG_6816.jpg,self,canonical,deterministic representative selection,Confirmed,semi-mature apple,1,0,369,277,"representative, not verified acquisition original"
IMG_6816.jpg,resize,test,sg-0186,test/IMG_6816.jpg,same_name_original,resized_duplicate,same filename; 369x277->640x480; LANCZOS RGB MAE=9.029; 64x64 luminance correlation=0.998873,Supported,semi-mature apple,1,0,640,480,derived representation; excluded from independent image universe
IMG_6819.jpg,original,test,sg-0187,test/IMG_6819.jpg,self,canonical,deterministic representative selection,Confirmed,immature apple|semi-mature apple,2,0,369,277,"representative, not verified acquisition original"
IMG_6819.jpg,resize,test,sg-0187,test/IMG_6819.jpg,same_name_original,resized_duplicate,same filename; 369x277->640x480; LANCZOS RGB MAE=7.8913; 64x64 luminance correlation=0.999118,Supported,immature apple|semi-mature apple,2,0,640,480,derived representation; excluded from independent image universe
IMG_6821.jpg,original,test,sg-0188,test/IMG_6821.jpg,self,canonical,deterministic representative selection,Confirmed,semi-mature apple,1,0,369,277,"representative, not verified acquisition original"
IMG_6821.jpg,resize,test,sg-0188,test/IMG_6821.jpg,same_name_original,resized_duplicate,same filename; 369x277->640x480; LANCZOS RGB MAE=10.4279; 64x64 luminance correlation=0.998888,Supported,semi-mature apple,1,0,640,480,derived representation; excluded from independent image universe
IMG_6826.jpg,original,test,sg-0189,test/IMG_6826.jpg,self,canonical,deterministic representative selection,Confirmed,immature apple,1,0,369,277,"representative, not verified acquisition original"
IMG_6826.jpg,resize,test,sg-0189,test/IMG_6826.jpg,same_name_original,resized_duplicate,same filename; 369x277->640x480; LANCZOS RGB MAE=6.8424; 64x64 luminance correlation=0.999515,Supported,immature apple,1,0,640,480,derived representation; excluded from independent image universe
IMG_6827.jpg,original,test,sg-0190,test/IMG_6827.jpg,self,canonical,deterministic representative selection,Confirmed,immature apple,2,0,369,277,"representative, not verified acquisition original"
IMG_6827.jpg,resize,test,sg-0190,test/IMG_6827.jpg,same_name_original,resized_duplicate,same filename; 369x277->640x480; LANCZOS RGB MAE=10.0781; 64x64 luminance correlation=0.999015,Supported,immature apple,2,0,640,480,derived representation; excluded from independent image universe
IMG_6829.jpg,original,test,sg-0191,test/IMG_6829.jpg,self,canonical,deterministic representative selection,Confirmed,immature apple,3,0,369,277,"representative, not verified acquisition original"
IMG_6829.jpg,resize,test,sg-0191,test/IMG_6829.jpg,same_name_original,resized_duplicate,same filename; 369x277->640x480; LANCZOS RGB MAE=9.0552; 64x64 luminance correlation=0.998846,Supported,immature apple,3,0,640,480,derived representation; excluded from independent image universe
IMG_6841.jpg,original,test,sg-0192,test/IMG_6841.jpg,self,canonical,deterministic representative selection,Confirmed,semi-mature apple,1,0,369,277,"representative, not verified acquisition original"
IMG_6841.jpg,resize,test,sg-0192,test/IMG_6841.jpg,same_name_original,resized_duplicate,same filename; 369x277->640x480; LANCZOS RGB MAE=6.9499; 64x64 luminance correlation=0.999123,Supported,semi-mature apple,1,0,640,480,derived representation; excluded from independent image universe
IMG_6855.jpg,original,test,sg-0193,test/IMG_6855.jpg,self,canonical,deterministic representative selection,Confirmed,immature apple,2,0,369,277,"representative, not verified acquisition original"
IMG_6855.jpg,resize,test,sg-0193,test/IMG_6855.jpg,same_name_original,resized_duplicate,same filename; 369x277->640x480; LANCZOS RGB MAE=10.5907; 64x64 luminance correlation=0.998329,Supported,immature apple,2,0,640,480,derived representation; excluded from independent image universe
IMG_6857.jpg,original,test,sg-0194,test/IMG_6857.jpg,self,canonical,deterministic representative selection,Confirmed,immature apple,1,0,369,277,"representative, not verified acquisition original"
IMG_6857.jpg,resize,test,sg-0194,test/IMG_6857.jpg,same_name_original,resized_duplicate,same filename; 369x277->640x480; LANCZOS RGB MAE=9.2616; 64x64 luminance correlation=0.999181,Supported,immature apple,1,0,640,480,derived representation; excluded from independent image universe
IMG_6859.jpg,original,test,sg-0195,test/IMG_6859.jpg,self,canonical,deterministic representative selection,Confirmed,immature apple,1,0,369,277,"representative, not verified acquisition original"
IMG_6859.jpg,resize,test,sg-0195,test/IMG_6859.jpg,same_name_original,resized_duplicate,same filename; 369x277->640x480; LANCZOS RGB MAE=10.5535; 64x64 luminance correlation=0.998766,Supported,immature apple,1,0,640,480,derived representation; excluded from independent image universe
IMG_6861.jpg,original,test,sg-0196,test/IMG_6861.jpg,self,canonical,deterministic representative selection,Confirmed,immature apple,1,0,369,277,"representative, not verified acquisition original"
IMG_6861.jpg,resize,test,sg-0196,test/IMG_6861.jpg,same_name_original,resized_duplicate,same filename; 369x277->640x480; LANCZOS RGB MAE=14.885; 64x64 luminance correlation=0.998488,Supported,immature apple,1,0,640,480,derived representation; excluded from independent image universe
IMG_6873.jpg,original,test,sg-0197,test/IMG_6873.jpg,self,canonical,deterministic representative selection,Confirmed,immature apple,1,0,369,277,"representative, not verified acquisition original"
IMG_6873.jpg,resize,test,sg-0197,test/IMG_6873.jpg,same_name_original,resized_duplicate,same filename; 369x277->640x480; LANCZOS RGB MAE=12.7405; 64x64 luminance correlation=0.999039,Supported,immature apple,1,0,640,480,derived representation; excluded from independent image universe
IMG_6879.jpg,original,test,sg-0198,test/IMG_6879.jpg,self,canonical,deterministic representative selection,Confirmed,immature apple,1,0,369,277,"representative, not verified acquisition original"
IMG_6879.jpg,resize,test,sg-0198,test/IMG_6879.jpg,same_name_original,resized_duplicate,same filename; 369x277->640x480; LANCZOS RGB MAE=9.2872; 64x64 luminance correlation=0.999093,Supported,immature apple,1,0,640,480,derived representation; excluded from independent image universe
IMG_6883.jpg,original,test,sg-0199,test/IMG_6883.jpg,self,canonical,deterministic representative selection,Confirmed,immature apple,2,0,369,277,"representative, not verified acquisition original"
IMG_6883.jpg,resize,test,sg-0199,test/IMG_6883.jpg,same_name_original,resized_duplicate,same filename; 369x277->640x480; LANCZOS RGB MAE=8.5728; 64x64 luminance correlation=0.999023,Supported,immature apple,2,0,640,480,derived representation; excluded from independent image universe
IMG_6885.jpg,original,test,sg-0200,test/IMG_6885.jpg,self,canonical,deterministic representative selection,Confirmed,immature apple,2,0,369,277,"representative, not verified acquisition original"
IMG_6885.jpg,resize,test,sg-0200,test/IMG_6885.jpg,same_name_original,resized_duplicate,same filename; 369x277->640x480; LANCZOS RGB MAE=11.6061; 64x64 luminance correlation=0.99877,Supported,immature apple,2,0,640,480,derived representation; excluded from independent image universe
IMG_6895.jpg,original,test,sg-0201,test/IMG_6895.jpg,self,canonical,deterministic representative selection,Confirmed,semi-mature apple,2,0,369,277,"representative, not verified acquisition original"
IMG_6895.jpg,resize,test,sg-0201,test/IMG_6895.jpg,same_name_original,resized_duplicate,same filename; 369x277->640x480; LANCZOS RGB MAE=9.3765; 64x64 luminance correlation=0.999092,Supported,semi-mature apple,2,0,640,480,derived representation; excluded from independent image universe
IMG_6897.jpg,original,test,sg-0202,test/IMG_6897.jpg,self,canonical,deterministic representative selection,Confirmed,immature apple,3,0,369,277,"representative, not verified acquisition original"
IMG_6897.jpg,resize,test,sg-0202,test/IMG_6897.jpg,same_name_original,resized_duplicate,same filename; 369x277->640x480; LANCZOS RGB MAE=10.2486; 64x64 luminance correlation=0.999076,Supported,immature apple,3,0,640,480,derived representation; excluded from independent image universe
IMG_6938.jpg,original,test,sg-0203,test/IMG_6938.jpg,self,canonical,deterministic representative selection,Confirmed,immature apple,2,0,369,277,"representative, not verified acquisition original"
IMG_6938.jpg,resize,test,sg-0203,test/IMG_6938.jpg,same_name_original,resized_duplicate,same filename; 369x277->640x480; LANCZOS RGB MAE=10.6889; 64x64 luminance correlation=0.998935,Supported,immature apple,2,0,640,480,derived representation; excluded from independent image universe
IMG_6941.jpg,original,test,sg-0204,test/IMG_6941.jpg,self,canonical,deterministic representative selection,Confirmed,immature apple,3,0,369,277,"representative, not verified acquisition original"
IMG_6941.jpg,resize,test,sg-0204,test/IMG_6941.jpg,same_name_original,resized_duplicate,same filename; 369x277->640x480; LANCZOS RGB MAE=8.3754; 64x64 luminance correlation=0.999431,Supported,immature apple,3,0,640,480,derived representation; excluded from independent image universe
IMG_6944.jpg,original,test,sg-0205,test/IMG_6944.jpg,self,canonical,deterministic representative selection,Confirmed,immature apple,1,0,369,277,"representative, not verified acquisition original"
IMG_6944.jpg,resize,test,sg-0205,test/IMG_6944.jpg,same_name_original,resized_duplicate,same filename; 369x277->640x480; LANCZOS RGB MAE=9.7464; 64x64 luminance correlation=0.999385,Supported,immature apple,1,0,640,480,derived representation; excluded from independent image universe
IMG_6945.jpg,original,test,sg-0206,test/IMG_6945.jpg,self,canonical,deterministic representative selection,Confirmed,immature apple,1,0,369,277,"representative, not verified acquisition original"
IMG_6945.jpg,resize,test,sg-0206,test/IMG_6945.jpg,same_name_original,resized_duplicate,same filename; 369x277->640x480; LANCZOS RGB MAE=7.4203; 64x64 luminance correlation=0.999387,Supported,immature apple,1,0,640,480,derived representation; excluded from independent image universe
IMG_6947.jpg,original,test,sg-0207,test/IMG_6947.jpg,self,canonical,deterministic representative selection,Confirmed,immature apple,2,0,369,277,"representative, not verified acquisition original"
IMG_6947.jpg,resize,test,sg-0207,test/IMG_6947.jpg,same_name_original,resized_duplicate,same filename; 369x277->640x480; LANCZOS RGB MAE=6.7753; 64x64 luminance correlation=0.999255,Supported,immature apple,2,0,640,480,derived representation; excluded from independent image universe
IMG_6949.jpg,original,test,sg-0208,test/IMG_6949.jpg,self,canonical,deterministic representative selection,Confirmed,immature apple,1,0,369,277,"representative, not verified acquisition original"
IMG_6949.jpg,resize,test,sg-0208,test/IMG_6949.jpg,same_name_original,resized_duplicate,same filename; 369x277->640x480; LANCZOS RGB MAE=7.459; 64x64 luminance correlation=0.999283,Supported,immature apple,1,0,640,480,derived representation; excluded from independent image universe
IMG_6952.jpg,original,test,sg-0209,test/IMG_6952.jpg,self,canonical,deterministic representative selection,Confirmed,semi-mature apple,1,0,369,277,"representative, not verified acquisition original"
IMG_6952.jpg,resize,test,sg-0209,test/IMG_6952.jpg,same_name_original,resized_duplicate,same filename; 369x277->640x480; LANCZOS RGB MAE=12.0779; 64x64 luminance correlation=0.998966,Supported,semi-mature apple,1,0,640,480,derived representation; excluded from independent image universe
IMG_6960.jpg,original,test,sg-0210,test/IMG_6960.jpg,self,canonical,deterministic representative selection,Confirmed,immature apple,2,0,369,277,"representative, not verified acquisition original"
IMG_6960.jpg,resize,test,sg-0210,test/IMG_6960.jpg,same_name_original,resized_duplicate,same filename; 369x277->640x480; LANCZOS RGB MAE=10.547; 64x64 luminance correlation=0.998606,Supported,immature apple,2,0,640,480,derived representation; excluded from independent image universe
IMG_6967.jpg,original,test,sg-0211,test/IMG_6967.jpg,self,canonical,deterministic representative selection,Confirmed,immature apple,3,0,369,277,"representative, not verified acquisition original"
IMG_6967.jpg,resize,test,sg-0211,test/IMG_6967.jpg,same_name_original,resized_duplicate,same filename; 369x277->640x480; LANCZOS RGB MAE=13.3462; 64x64 luminance correlation=0.998927,Supported,immature apple,3,0,640,480,derived representation; excluded from independent image universe
IMG_6986.jpg,original,test,sg-0212,test/IMG_6986.jpg,self,canonical,deterministic representative selection,Confirmed,immature apple,3,0,369,277,"representative, not verified acquisition original"
IMG_6986.jpg,resize,test,sg-0212,test/IMG_6986.jpg,same_name_original,resized_duplicate,same filename; 369x277->640x480; LANCZOS RGB MAE=11.9398; 64x64 luminance correlation=0.998739,Supported,immature apple,3,0,640,480,derived representation; excluded from independent image universe
IMG_6989.jpg,original,test,sg-0213,test/IMG_6989.jpg,self,canonical,deterministic representative selection,Confirmed,immature apple|semi-mature apple,3,0,369,277,"representative, not verified acquisition original"
IMG_6989.jpg,resize,test,sg-0213,test/IMG_6989.jpg,same_name_original,resized_duplicate,same filename; 369x277->640x480; LANCZOS RGB MAE=9.8794; 64x64 luminance correlation=0.998654,Supported,immature apple|semi-mature apple,3,0,640,480,derived representation; excluded from independent image universe
IMG_6993.jpg,original,test,sg-0214,test/IMG_6993.jpg,self,canonical,deterministic representative selection,Confirmed,immature apple|semi-mature apple,3,0,369,277,"representative, not verified acquisition original"
IMG_6993.jpg,resize,test,sg-0214,test/IMG_6993.jpg,same_name_original,resized_duplicate,same filename; 369x277->640x480; LANCZOS RGB MAE=4.7964; 64x64 luminance correlation=0.998888,Supported,immature apple|semi-mature apple,3,0,640,480,derived representation; excluded from independent image universe
IMG_6996.jpg,original,test,sg-0215,test/IMG_6996.jpg,self,canonical,deterministic representative selection,Confirmed,immature apple,2,0,369,277,"representative, not verified acquisition original"
IMG_6996.jpg,resize,test,sg-0215,test/IMG_6996.jpg,same_name_original,resized_duplicate,same filename; 369x277->640x480; LANCZOS RGB MAE=8.0514; 64x64 luminance correlation=0.99864,Supported,immature apple,2,0,640,480,derived representation; excluded from independent image universe
IMG_6998.jpg,original,test,sg-0216,test/IMG_6998.jpg,self,canonical,deterministic representative selection,Confirmed,immature apple,2,0,369,277,"representative, not verified acquisition original"
IMG_6998.jpg,resize,test,sg-0216,test/IMG_6998.jpg,same_name_original,resized_duplicate,same filename; 369x277->640x480; LANCZOS RGB MAE=11.083; 64x64 luminance correlation=0.998985,Supported,immature apple,2,0,640,480,derived representation; excluded from independent image universe
IMG_7002.jpg,original,test,sg-0217,test/IMG_7002.jpg,self,canonical,deterministic representative selection,Confirmed,immature apple,1,0,369,277,"representative, not verified acquisition original"
IMG_7002.jpg,resize,test,sg-0217,test/IMG_7002.jpg,same_name_original,resized_duplicate,same filename; 369x277->640x480; LANCZOS RGB MAE=12.4081; 64x64 luminance correlation=0.998437,Supported,immature apple,1,0,640,480,derived representation; excluded from independent image universe
IMG_7006.jpg,original,test,sg-0218,test/IMG_7006.jpg,self,canonical,deterministic representative selection,Confirmed,immature apple|semi-mature apple,2,0,369,277,"representative, not verified acquisition original"
IMG_7006.jpg,resize,test,sg-0218,test/IMG_7006.jpg,same_name_original,resized_duplicate,same filename; 369x277->640x480; LANCZOS RGB MAE=9.7581; 64x64 luminance correlation=0.998415,Supported,immature apple|semi-mature apple,2,0,640,480,derived representation; excluded from independent image universe
IMG_7008.jpg,original,test,sg-0219,test/IMG_7008.jpg,self,canonical,deterministic representative selection,Confirmed,immature apple|semi-mature apple,3,0,369,277,"representative, not verified acquisition original"
IMG_7008.jpg,resize,test,sg-0219,test/IMG_7008.jpg,same_name_original,resized_duplicate,same filename; 369x277->640x480; LANCZOS RGB MAE=9.9575; 64x64 luminance correlation=0.998859,Supported,immature apple|semi-mature apple,3,0,640,480,derived representation; excluded from independent image universe
IMG_7011.jpg,original,test,sg-0220,test/IMG_7011.jpg,self,canonical,deterministic representative selection,Confirmed,immature apple,2,0,369,277,"representative, not verified acquisition original"
IMG_7011.jpg,resize,test,sg-0220,test/IMG_7011.jpg,same_name_original,resized_duplicate,same filename; 369x277->640x480; LANCZOS RGB MAE=7.8954; 64x64 luminance correlation=0.998861,Supported,immature apple,2,0,640,480,derived representation; excluded from independent image universe
IMG_7014.jpg,original,test,sg-0221,test/IMG_7014.jpg,self,canonical,deterministic representative selection,Confirmed,immature apple,1,0,369,277,"representative, not verified acquisition original"
IMG_7014.jpg,resize,test,sg-0221,test/IMG_7014.jpg,same_name_original,resized_duplicate,same filename; 369x277->640x480; LANCZOS RGB MAE=7.8581; 64x64 luminance correlation=0.99932,Supported,immature apple,1,0,640,480,derived representation; excluded from independent image universe
IMG_7016.jpg,original,test,sg-0222,test/IMG_7016.jpg,self,canonical,deterministic representative selection,Confirmed,semi-mature apple,1,0,369,277,"representative, not verified acquisition original"
IMG_7016.jpg,resize,test,sg-0222,test/IMG_7016.jpg,same_name_original,resized_duplicate,same filename; 369x277->640x480; LANCZOS RGB MAE=8.9775; 64x64 luminance correlation=0.999002,Supported,semi-mature apple,1,0,640,480,derived representation; excluded from independent image universe
IMG_7020.jpg,original,test,sg-0223,test/IMG_7020.jpg,self,canonical,deterministic representative selection,Confirmed,immature apple,1,0,369,277,"representative, not verified acquisition original"
IMG_7020.jpg,resize,test,sg-0223,test/IMG_7020.jpg,same_name_original,resized_duplicate,same filename; 369x277->640x480; LANCZOS RGB MAE=8.3301; 64x64 luminance correlation=0.999148,Supported,immature apple,1,0,640,480,derived representation; excluded from independent image universe
IMG_7026.jpg,original,test,sg-0224,test/IMG_7026.jpg,self,canonical,deterministic representative selection,Confirmed,immature apple,2,0,369,277,"representative, not verified acquisition original"
IMG_7026.jpg,resize,test,sg-0224,test/IMG_7026.jpg,same_name_original,resized_duplicate,same filename; 369x277->640x480; LANCZOS RGB MAE=10.3292; 64x64 luminance correlation=0.999091,Supported,immature apple,2,0,640,480,derived representation; excluded from independent image universe
IMG_7029.jpg,original,test,sg-0225,test/IMG_7029.jpg,self,canonical,deterministic representative selection,Confirmed,immature apple,2,0,369,277,"representative, not verified acquisition original"
IMG_7029.jpg,resize,test,sg-0225,test/IMG_7029.jpg,same_name_original,resized_duplicate,same filename; 369x277->640x480; LANCZOS RGB MAE=8.0592; 64x64 luminance correlation=0.998983,Supported,immature apple,2,0,640,480,derived representation; excluded from independent image universe
IMG_7032.jpg,original,test,sg-0226,test/IMG_7032.jpg,self,canonical,deterministic representative selection,Confirmed,immature apple,2,0,369,277,"representative, not verified acquisition original"
IMG_7032.jpg,resize,test,sg-0226,test/IMG_7032.jpg,same_name_original,resized_duplicate,same filename; 369x277->640x480; LANCZOS RGB MAE=10.9046; 64x64 luminance correlation=0.998958,Supported,immature apple,2,0,640,480,derived representation; excluded from independent image universe
IMG_7041.jpg,original,test,sg-0227,test/IMG_7041.jpg,self,canonical,deterministic representative selection,Confirmed,immature apple,2,0,369,277,"representative, not verified acquisition original"
IMG_7041.jpg,resize,test,sg-0227,test/IMG_7041.jpg,same_name_original,resized_duplicate,same filename; 369x277->640x480; LANCZOS RGB MAE=8.3251; 64x64 luminance correlation=0.999431,Supported,immature apple,2,0,640,480,derived representation; excluded from independent image universe
IMG_7044.jpg,original,test,sg-0228,test/IMG_7044.jpg,self,canonical,deterministic representative selection,Confirmed,immature apple,1,0,369,277,"representative, not verified acquisition original"
IMG_7044.jpg,resize,test,sg-0228,test/IMG_7044.jpg,same_name_original,resized_duplicate,same filename; 369x277->640x480; LANCZOS RGB MAE=10.7472; 64x64 luminance correlation=0.998946,Supported,immature apple,1,0,640,480,derived representation; excluded from independent image universe
IMG_7045.jpg,original,test,sg-0229,test/IMG_7045.jpg,self,canonical,deterministic representative selection,Confirmed,immature apple,2,0,369,277,"representative, not verified acquisition original"
IMG_7045.jpg,resize,test,sg-0229,test/IMG_7045.jpg,same_name_original,resized_duplicate,same filename; 369x277->640x480; LANCZOS RGB MAE=11.1973; 64x64 luminance correlation=0.998228,Supported,immature apple,2,0,640,480,derived representation; excluded from independent image universe
IMG_7049.jpg,original,test,sg-0230,test/IMG_7049.jpg,self,canonical,deterministic representative selection,Confirmed,immature apple,1,0,369,277,"representative, not verified acquisition original"
IMG_7049.jpg,resize,test,sg-0230,test/IMG_7049.jpg,same_name_original,resized_duplicate,same filename; 369x277->640x480; LANCZOS RGB MAE=9.3464; 64x64 luminance correlation=0.999142,Supported,immature apple,1,0,640,480,derived representation; excluded from independent image universe
IMG_7051.jpg,original,test,sg-0231,test/IMG_7051.jpg,self,canonical,deterministic representative selection,Confirmed,immature apple,2,0,369,277,"representative, not verified acquisition original"
IMG_7051.jpg,resize,test,sg-0231,test/IMG_7051.jpg,same_name_original,resized_duplicate,same filename; 369x277->640x480; LANCZOS RGB MAE=9.4485; 64x64 luminance correlation=0.999067,Supported,immature apple,2,0,640,480,derived representation; excluded from independent image universe
IMG_7053.jpg,original,test,sg-0232,test/IMG_7053.jpg,self,canonical,deterministic representative selection,Confirmed,immature apple|semi-mature apple,2,0,369,277,"representative, not verified acquisition original"
IMG_7053.jpg,resize,test,sg-0232,test/IMG_7053.jpg,same_name_original,resized_duplicate,same filename; 369x277->640x480; LANCZOS RGB MAE=8.1606; 64x64 luminance correlation=0.998891,Supported,immature apple|semi-mature apple,2,0,640,480,derived representation; excluded from independent image universe
IMG_7057.jpg,original,test,sg-0233,test/IMG_7057.jpg,self,canonical,deterministic representative selection,Confirmed,immature apple,4,0,369,277,"representative, not verified acquisition original"
IMG_7057.jpg,resize,test,sg-0233,test/IMG_7057.jpg,same_name_original,resized_duplicate,same filename; 369x277->640x480; LANCZOS RGB MAE=9.158; 64x64 luminance correlation=0.99892,Supported,immature apple,4,0,640,480,derived representation; excluded from independent image universe
IMG_7059.jpg,original,test,sg-0234,test/IMG_7059.jpg,self,canonical,deterministic representative selection,Confirmed,immature apple,1,0,369,277,"representative, not verified acquisition original"
IMG_7059.jpg,resize,test,sg-0234,test/IMG_7059.jpg,same_name_original,resized_duplicate,same filename; 369x277->640x480; LANCZOS RGB MAE=11.4287; 64x64 luminance correlation=0.9986,Supported,immature apple,1,0,640,480,derived representation; excluded from independent image universe
IMG_7062.jpg,original,test,sg-0235,test/IMG_7062.jpg,self,canonical,deterministic representative selection,Confirmed,immature apple,1,0,369,277,"representative, not verified acquisition original"
IMG_7062.jpg,resize,test,sg-0235,test/IMG_7062.jpg,same_name_original,resized_duplicate,same filename; 369x277->640x480; LANCZOS RGB MAE=13.9892; 64x64 luminance correlation=0.998187,Supported,immature apple,1,0,640,480,derived representation; excluded from independent image universe
IMG_7064.jpg,original,test,sg-0236,test/IMG_7064.jpg,self,canonical,deterministic representative selection,Confirmed,immature apple,1,0,369,277,"representative, not verified acquisition original"
IMG_7064.jpg,resize,test,sg-0236,test/IMG_7064.jpg,same_name_original,resized_duplicate,same filename; 369x277->640x480; LANCZOS RGB MAE=10.3738; 64x64 luminance correlation=0.99905,Supported,immature apple,1,0,640,480,derived representation; excluded from independent image universe
IMG_7068.jpg,original,test,sg-0237,test/IMG_7068.jpg,self,canonical,deterministic representative selection,Confirmed,immature apple,2,0,369,277,"representative, not verified acquisition original"
IMG_7068.jpg,resize,test,sg-0237,test/IMG_7068.jpg,same_name_original,resized_duplicate,same filename; 369x277->640x480; LANCZOS RGB MAE=9.8404; 64x64 luminance correlation=0.998703,Supported,immature apple,2,0,640,480,derived representation; excluded from independent image universe
100.jpg,original,train,sg-0238,train/100.jpg,self,canonical,deterministic representative selection,Confirmed,mature apple,4,0,369,277,"representative, not verified acquisition original"
100.jpg,resize,train,sg-0238,train/100.jpg,same_name_original,resized_duplicate,same filename; 369x277->640x480; LANCZOS RGB MAE=6.2622; 64x64 luminance correlation=0.99914,Supported,mature apple,4,0,640,480,derived representation; excluded from independent image universe
10000.jpg,original,train,sg-0239,train/10000.jpg,self,canonical,deterministic representative selection,Confirmed,mature apple,2,0,369,277,"representative, not verified acquisition original"
10000.jpg,resize,train,sg-0239,train/10000.jpg,same_name_original,resized_duplicate,same filename; 369x277->640x480; LANCZOS RGB MAE=13.6899; 64x64 luminance correlation=0.998013,Supported,mature apple,2,0,640,480,derived representation; excluded from independent image universe
1000000.jpg,original,train,sg-0240,train/1000000.jpg,self,canonical,deterministic representative selection,Confirmed,mature apple,2,0,369,277,"representative, not verified acquisition original"
1000000.jpg,resize,train,sg-0240,train/1000000.jpg,same_name_original,resized_duplicate,same filename; 369x277->640x480; LANCZOS RGB MAE=9.9351; 64x64 luminance correlation=0.999183,Supported,mature apple,2,0,640,480,derived representation; excluded from independent image universe
1000000_brightness.jpg,original,train,sg-0240,train/1000000.jpg,component_path,augmentation_derivative,same suffix-normalized family=1000000; 64x64 correlation=0.997030; identical polygons=True,Strongly Supported,mature apple,2,0,369,277,relation through component path; direct relation to canonical not asserted
1000000_brightness.jpg,resize,train,sg-0240,train/1000000.jpg,same_name_original,resized_duplicate,same filename; 369x277->640x480; LANCZOS RGB MAE=10.5136; 64x64 luminance correlation=0.999127,Supported,mature apple,2,0,640,480,derived representation; excluded from independent image universe
100_brightness.jpg,original,train,sg-0238,train/100.jpg,component_path,augmentation_derivative,same suffix-normalized family=100; 64x64 correlation=0.997895; identical polygons=True,Strongly Supported,mature apple,4,0,369,277,relation through component path; direct relation to canonical not asserted
100_brightness.jpg,resize,train,sg-0238,train/100.jpg,same_name_original,resized_duplicate,same filename; 369x277->640x480; LANCZOS RGB MAE=6.4794; 64x64 luminance correlation=0.999033,Supported,mature apple,4,0,640,480,derived representation; excluded from independent image universe
101.jpg,original,train,sg-0241,train/101.jpg,self,canonical,deterministic representative selection,Confirmed,mature apple,2,0,277,369,"representative, not verified acquisition original"
101.jpg,resize,train,sg-0241,train/101.jpg,same_name_original,resized_duplicate,same filename; 277x369->480x640; LANCZOS RGB MAE=7.4272; 64x64 luminance correlation=0.999422,Supported,mature apple,2,0,480,640,derived representation; excluded from independent image universe
1020.jpg,original,train,sg-0242,train/1020.jpg,self,canonical,deterministic representative selection,Confirmed,mature apple,2,0,277,369,"representative, not verified acquisition original"
1020.jpg,resize,train,sg-0242,train/1020.jpg,same_name_original,resized_duplicate,same filename; 277x369->480x640; LANCZOS RGB MAE=4.7211; 64x64 luminance correlation=0.999161,Supported,mature apple,2,0,480,640,derived representation; excluded from independent image universe
1050.jpg,original,train,sg-0243,train/1050.jpg,self,canonical,deterministic representative selection,Confirmed,mature apple|semi-mature apple,3,0,369,277,"representative, not verified acquisition original"
1050.jpg,resize,train,sg-0243,train/1050.jpg,same_name_original,resized_duplicate,same filename; 369x277->640x480; LANCZOS RGB MAE=8.7503; 64x64 luminance correlation=0.998614,Supported,mature apple|semi-mature apple,3,0,640,480,derived representation; excluded from independent image universe
1060.jpg,original,train,sg-0244,train/1060.jpg,self,canonical,deterministic representative selection,Confirmed,mature apple,2,0,369,277,"representative, not verified acquisition original"
1060.jpg,resize,train,sg-0244,train/1060.jpg,same_name_original,resized_duplicate,same filename; 369x277->640x480; LANCZOS RGB MAE=5.2318; 64x64 luminance correlation=0.999497,Supported,mature apple,2,0,640,480,derived representation; excluded from independent image universe
1100.jpg,original,train,sg-0245,train/1100.jpg,self,canonical,deterministic representative selection,Confirmed,immature apple|mature apple|semi-mature apple,8,0,369,277,"representative, not verified acquisition original"
1100.jpg,resize,train,sg-0245,train/1100.jpg,same_name_original,resized_duplicate,same filename; 369x277->640x480; LANCZOS RGB MAE=6.4461; 64x64 luminance correlation=0.99861,Supported,immature apple|mature apple|semi-mature apple,8,0,640,480,derived representation; excluded from independent image universe
111_brightness.jpg,original,train,sg-0246,val/111.jpg,component_path,augmentation_derivative,64x64 luminance correlation=0.999042; identical region list=True,Strongly Supported,mature apple,1,0,369,277,relation through component path; direct relation to canonical not asserted
111_brightness.jpg,resize,train,sg-0246,val/111.jpg,same_name_original,resized_duplicate,same filename; 369x277->640x480; LANCZOS RGB MAE=4.2262; 64x64 luminance correlation=0.999514,Supported,mature apple,1,0,640,480,derived representation; excluded from independent image universe
1120.jpg,original,train,sg-0247,train/1120.jpg,self,canonical,deterministic representative selection,Confirmed,mature apple,1,0,369,277,"representative, not verified acquisition original"
1120.jpg,resize,train,sg-0247,train/1120.jpg,same_name_original,resized_duplicate,same filename; 369x277->640x480; LANCZOS RGB MAE=6.8635; 64x64 luminance correlation=0.999339,Supported,mature apple,1,0,640,480,derived representation; excluded from independent image universe
1120_brightness.jpg,original,train,sg-0247,train/1120.jpg,component_path,augmentation_derivative,same suffix-normalized family=1120; 64x64 correlation=0.996105; identical polygons=True,Strongly Supported,mature apple,1,0,369,277,relation through component path; direct relation to canonical not asserted
1120_brightness.jpg,resize,train,sg-0247,train/1120.jpg,same_name_original,resized_duplicate,same filename; 369x277->640x480; LANCZOS RGB MAE=7.4268; 64x64 luminance correlation=0.999281,Supported,mature apple,1,0,640,480,derived representation; excluded from independent image universe
1160.jpg,original,train,sg-0248,train/1160.jpg,self,canonical,deterministic representative selection,Confirmed,mature apple,2,0,369,277,"representative, not verified acquisition original"
1160.jpg,resize,train,sg-0248,train/1160.jpg,same_name_original,resized_duplicate,same filename; 369x277->640x480; LANCZOS RGB MAE=2.8308; 64x64 luminance correlation=0.999766,Supported,mature apple,2,0,640,480,derived representation; excluded from independent image universe
1160_brightness.jpg,original,train,sg-0248,train/1160.jpg,component_path,augmentation_derivative,same suffix-normalized family=1160; 64x64 correlation=0.998510; identical polygons=True,Strongly Supported,mature apple,2,0,369,277,relation through component path; direct relation to canonical not asserted
1160_brightness.jpg,resize,train,sg-0248,train/1160.jpg,same_name_original,resized_duplicate,same filename; 369x277->640x480; LANCZOS RGB MAE=2.9737; 64x64 luminance correlation=0.999757,Supported,mature apple,2,0,640,480,derived representation; excluded from independent image universe
1180_brightness.jpg,original,train,sg-0249,val/1180.jpg,component_path,augmentation_derivative,64x64 luminance correlation=0.996412; identical region list=True,Strongly Supported,mature apple,1,0,369,277,relation through component path; direct relation to canonical not asserted
1180_brightness.jpg,resize,train,sg-0249,val/1180.jpg,same_name_original,resized_duplicate,same filename; 369x277->640x480; LANCZOS RGB MAE=3.7263; 64x64 luminance correlation=0.999739,Supported,mature apple,1,0,640,480,derived representation; excluded from independent image universe
1190.jpg,original,train,sg-0250,train/1190.jpg,self,canonical,deterministic representative selection,Confirmed,mature apple,2,0,369,277,"representative, not verified acquisition original"
1190.jpg,resize,train,sg-0250,train/1190.jpg,same_name_original,resized_duplicate,same filename; 369x277->640x480; LANCZOS RGB MAE=6.8036; 64x64 luminance correlation=0.99937,Supported,mature apple,2,0,640,480,derived representation; excluded from independent image universe
12.jpg,original,train,sg-0251,train/12.jpg,self,canonical,deterministic representative selection,Confirmed,mature apple,4,0,369,277,"representative, not verified acquisition original"
12.jpg,resize,train,sg-0251,train/12.jpg,same_name_original,resized_duplicate,same filename; 369x277->640x480; LANCZOS RGB MAE=11.2564; 64x64 luminance correlation=0.998478,Supported,mature apple,4,0,640,480,derived representation; excluded from independent image universe
1200.jpg,original,train,sg-0252,train/1200.jpg,self,canonical,deterministic representative selection,Confirmed,mature apple,1,0,369,277,"representative, not verified acquisition original"
1200.jpg,resize,train,sg-0252,train/1200.jpg,same_name_original,resized_duplicate,same filename; 369x277->640x480; LANCZOS RGB MAE=5.8639; 64x64 luminance correlation=0.999108,Supported,mature apple,1,0,640,480,derived representation; excluded from independent image universe
1250.jpg,original,train,sg-0253,train/1250.jpg,self,canonical,deterministic representative selection,Confirmed,semi-mature apple,1,0,369,277,"representative, not verified acquisition original"
1250.jpg,resize,train,sg-0253,train/1250.jpg,same_name_original,resized_duplicate,same filename; 369x277->640x480; LANCZOS RGB MAE=3.8319; 64x64 luminance correlation=0.999612,Supported,semi-mature apple,1,0,640,480,derived representation; excluded from independent image universe
1250_brightness.jpg,original,train,sg-0253,train/1250.jpg,component_path,augmentation_derivative,same suffix-normalized family=1250; 64x64 correlation=0.999815; identical polygons=True,Strongly Supported,semi-mature apple,1,0,369,277,relation through component path; direct relation to canonical not asserted
1250_brightness.jpg,resize,train,sg-0253,train/1250.jpg,same_name_original,resized_duplicate,same filename; 369x277->640x480; LANCZOS RGB MAE=4.2987; 64x64 luminance correlation=0.999612,Supported,semi-mature apple,1,0,640,480,derived representation; excluded from independent image universe
1250_noise.jpg,original,train,sg-0253,train/1250.jpg,component_path,augmentation_derivative,same suffix-normalized family=1250; 64x64 correlation=0.999516; identical polygons=True,Strongly Supported,semi-mature apple,1,0,369,277,relation through component path; direct relation to canonical not asserted
1250_noise.jpg,resize,train,sg-0253,train/1250.jpg,same_name_original,resized_duplicate,same filename; 369x277->640x480; LANCZOS RGB MAE=5.5573; 64x64 luminance correlation=0.999603,Supported,semi-mature apple,1,0,640,480,derived representation; excluded from independent image universe
1260.jpg,original,train,sg-0254,train/1260.jpg,self,canonical,deterministic representative selection,Confirmed,semi-mature apple,3,0,369,277,"representative, not verified acquisition original"
1260.jpg,resize,train,sg-0254,train/1260.jpg,same_name_original,resized_duplicate,same filename; 369x277->640x480; LANCZOS RGB MAE=3.7844; 64x64 luminance correlation=0.999548,Supported,semi-mature apple,3,0,640,480,derived representation; excluded from independent image universe
1260_brightness.jpg,original,train,sg-0254,train/1260.jpg,component_path,augmentation_derivative,same suffix-normalized family=1260; 64x64 correlation=0.999610; identical polygons=True,Strongly Supported,semi-mature apple,3,0,369,277,relation through component path; direct relation to canonical not asserted
1260_brightness.jpg,resize,train,sg-0254,train/1260.jpg,same_name_original,resized_duplicate,same filename; 369x277->640x480; LANCZOS RGB MAE=4.1559; 64x64 luminance correlation=0.99955,Supported,semi-mature apple,3,0,640,480,derived representation; excluded from independent image universe
1260_noise.jpg,original,train,sg-0254,train/1260.jpg,component_path,augmentation_derivative,same suffix-normalized family=1260; 64x64 correlation=0.999675; identical polygons=True,Strongly Supported,semi-mature apple,3,0,369,277,relation through component path; direct relation to canonical not asserted
1260_noise.jpg,resize,train,sg-0254,train/1260.jpg,same_name_original,resized_duplicate,same filename; 369x277->640x480; LANCZOS RGB MAE=5.5105; 64x64 luminance correlation=0.999553,Supported,semi-mature apple,3,0,640,480,derived representation; excluded from independent image universe
128.jpg,original,train,sg-0255,train/128.jpg,self,canonical,deterministic representative selection,Confirmed,immature apple|semi-mature apple,3,0,369,277,"representative, not verified acquisition original"
128.jpg,resize,train,sg-0255,train/128.jpg,same_name_original,resized_duplicate,same filename; 369x277->640x480; LANCZOS RGB MAE=4.3455; 64x64 luminance correlation=0.999318,Supported,immature apple|semi-mature apple,3,0,640,480,derived representation; excluded from independent image universe
1290_brightness.jpg,original,train,sg-0007,test/1290.jpg,component_path,augmentation_derivative,64x64 luminance correlation=0.999001; identical region list=True,Strongly Supported,semi-mature apple,3,0,369,277,relation through component path; direct relation to canonical not asserted
1290_brightness.jpg,resize,train,sg-0007,test/1290.jpg,same_name_original,resized_duplicate,same filename; 369x277->640x480; LANCZOS RGB MAE=7.4096; 64x64 luminance correlation=0.999137,Supported,semi-mature apple,3,0,640,480,derived representation; excluded from independent image universe
12_brightness.jpg,original,train,sg-0251,train/12.jpg,component_path,augmentation_derivative,same suffix-normalized family=12; 64x64 correlation=0.997768; identical polygons=True,Strongly Supported,mature apple,4,0,369,277,relation through component path; direct relation to canonical not asserted
12_brightness.jpg,resize,train,sg-0251,train/12.jpg,same_name_original,resized_duplicate,same filename; 369x277->640x480; LANCZOS RGB MAE=12.0064; 64x64 luminance correlation=0.998462,Supported,mature apple,4,0,640,480,derived representation; excluded from independent image universe
13.jpg,original,train,sg-0256,train/13.jpg,self,canonical,deterministic representative selection,Confirmed,mature apple|semi-mature apple,4,0,277,369,"representative, not verified acquisition original"
13.jpg,resize,train,sg-0256,train/13.jpg,same_name_original,resized_duplicate,same filename; 277x369->480x640; LANCZOS RGB MAE=13.0328; 64x64 luminance correlation=0.998701,Supported,mature apple|semi-mature apple,4,0,480,640,derived representation; excluded from independent image universe
130.jpg,original,train,sg-0257,train/130.jpg,self,canonical,deterministic representative selection,Confirmed,semi-mature apple,1,0,369,277,"representative, not verified acquisition original"
130.jpg,resize,train,sg-0257,train/130.jpg,same_name_original,resized_duplicate,same filename; 369x277->640x480; LANCZOS RGB MAE=5.1431; 64x64 luminance correlation=0.999493,Supported,semi-mature apple,1,0,640,480,derived representation; excluded from independent image universe
130_brightness.jpg,original,train,sg-0257,train/130.jpg,component_path,augmentation_derivative,same suffix-normalized family=130; 64x64 correlation=0.997051; identical polygons=True,Strongly Supported,semi-mature apple,1,0,369,277,relation through component path; direct relation to canonical not asserted
130_brightness.jpg,resize,train,sg-0257,train/130.jpg,same_name_original,resized_duplicate,same filename; 369x277->640x480; LANCZOS RGB MAE=5.7054; 64x64 luminance correlation=0.999465,Supported,semi-mature apple,1,0,640,480,derived representation; excluded from independent image universe
130_noise.jpg,original,train,sg-0257,train/130.jpg,component_path,augmentation_derivative,same suffix-normalized family=130; 64x64 correlation=0.999527; identical polygons=True,Strongly Supported,semi-mature apple,1,0,369,277,relation through component path; direct relation to canonical not asserted
130_noise.jpg,resize,train,sg-0257,train/130.jpg,same_name_original,resized_duplicate,same filename; 369x277->640x480; LANCZOS RGB MAE=6.5489; 64x64 luminance correlation=0.999487,Supported,semi-mature apple,1,0,640,480,derived representation; excluded from independent image universe
1310.jpg,original,train,sg-0258,train/1310.jpg,self,canonical,deterministic representative selection,Confirmed,semi-mature apple,1,0,369,277,"representative, not verified acquisition original"
1310.jpg,resize,train,sg-0258,train/1310.jpg,same_name_original,resized_duplicate,same filename; 369x277->640x480; LANCZOS RGB MAE=5.0431; 64x64 luminance correlation=0.999491,Supported,semi-mature apple,1,0,640,480,derived representation; excluded from independent image universe
1310_brightness.jpg,original,train,sg-0258,train/1310.jpg,component_path,augmentation_derivative,same suffix-normalized family=1310; 64x64 correlation=0.998461; identical polygons=True,Strongly Supported,semi-mature apple,1,0,369,277,relation through component path; direct relation to canonical not asserted
1310_brightness.jpg,resize,train,sg-0258,train/1310.jpg,same_name_original,resized_duplicate,same filename; 369x277->640x480; LANCZOS RGB MAE=5.4597; 64x64 luminance correlation=0.999476,Supported,semi-mature apple,1,0,640,480,derived representation; excluded from independent image universe
1320.jpg,original,train,sg-0259,train/1320.jpg,self,canonical,deterministic representative selection,Confirmed,semi-mature apple,1,0,369,277,"representative, not verified acquisition original"
1320.jpg,resize,train,sg-0259,train/1320.jpg,same_name_original,resized_duplicate,same filename; 369x277->640x480; LANCZOS RGB MAE=3.9319; 64x64 luminance correlation=0.999401,Supported,semi-mature apple,1,0,640,480,derived representation; excluded from independent image universe
1320_brightness.jpg,original,train,sg-0259,train/1320.jpg,component_path,augmentation_derivative,same suffix-normalized family=1320; 64x64 correlation=0.999591; identical polygons=True,Strongly Supported,semi-mature apple,1,0,369,277,relation through component path; direct relation to canonical not asserted
1320_brightness.jpg,resize,train,sg-0259,train/1320.jpg,same_name_original,resized_duplicate,same filename; 369x277->640x480; LANCZOS RGB MAE=4.404; 64x64 luminance correlation=0.999407,Supported,semi-mature apple,1,0,640,480,derived representation; excluded from independent image universe
1320_noise.jpg,original,train,sg-0259,train/1320.jpg,component_path,augmentation_derivative,same suffix-normalized family=1320; 64x64 correlation=0.999519; identical polygons=True,Strongly Supported,semi-mature apple,1,0,369,277,relation through component path; direct relation to canonical not asserted
1320_noise.jpg,resize,train,sg-0259,train/1320.jpg,same_name_original,resized_duplicate,same filename; 369x277->640x480; LANCZOS RGB MAE=5.5861; 64x64 luminance correlation=0.9994,Supported,semi-mature apple,1,0,640,480,derived representation; excluded from independent image universe
1330.jpg,original,train,sg-0260,train/1330.jpg,self,canonical,deterministic representative selection,Confirmed,semi-mature apple,2,0,369,277,"representative, not verified acquisition original"
1330.jpg,resize,train,sg-0260,train/1330.jpg,same_name_original,resized_duplicate,same filename; 369x277->640x480; LANCZOS RGB MAE=10.0501; 64x64 luminance correlation=0.998599,Supported,semi-mature apple,2,0,640,480,derived representation; excluded from independent image universe
1330_brightness.jpg,original,train,sg-0260,train/1330.jpg,component_path,augmentation_derivative,same suffix-normalized family=1330; 64x64 correlation=0.998330; identical polygons=True,Strongly Supported,semi-mature apple,2,0,369,277,relation through component path; direct relation to canonical not asserted
1330_brightness.jpg,resize,train,sg-0260,train/1330.jpg,same_name_original,resized_duplicate,same filename; 369x277->640x480; LANCZOS RGB MAE=11.0057; 64x64 luminance correlation=0.99865,Supported,semi-mature apple,2,0,640,480,derived representation; excluded from independent image universe
1330_noise.jpg,original,train,sg-0260,train/1330.jpg,component_path,augmentation_derivative,same suffix-normalized family=1330; 64x64 correlation=0.999274; identical polygons=True,Strongly Supported,semi-mature apple,2,0,369,277,relation through component path; direct relation to canonical not asserted
1330_noise.jpg,resize,train,sg-0260,train/1330.jpg,same_name_original,resized_duplicate,same filename; 369x277->640x480; LANCZOS RGB MAE=10.886; 64x64 luminance correlation=0.998625,Supported,semi-mature apple,2,0,640,480,derived representation; excluded from independent image universe
1340.jpg,original,train,sg-0261,train/1340.jpg,self,canonical,deterministic representative selection,Confirmed,semi-mature apple,1,0,369,277,"representative, not verified acquisition original"
1340.jpg,resize,train,sg-0261,train/1340.jpg,same_name_original,resized_duplicate,same filename; 369x277->640x480; LANCZOS RGB MAE=5.6492; 64x64 luminance correlation=0.99946,Supported,semi-mature apple,1,0,640,480,derived representation; excluded from independent image universe
1340_brightness.jpg,original,train,sg-0261,train/1340.jpg,component_path,augmentation_derivative,same suffix-normalized family=1340; 64x64 correlation=0.998383; identical polygons=True,Strongly Supported,semi-mature apple,1,0,369,277,relation through component path; direct relation to canonical not asserted
1340_brightness.jpg,resize,train,sg-0261,train/1340.jpg,same_name_original,resized_duplicate,same filename; 369x277->640x480; LANCZOS RGB MAE=6.2852; 64x64 luminance correlation=0.999504,Supported,semi-mature apple,1,0,640,480,derived representation; excluded from independent image universe
1340_noise.jpg,original,train,sg-0261,train/1340.jpg,component_path,augmentation_derivative,same suffix-normalized family=1340; 64x64 correlation=0.999601; identical polygons=True,Strongly Supported,semi-mature apple,1,0,369,277,relation through component path; direct relation to canonical not asserted
1340_noise.jpg,resize,train,sg-0261,train/1340.jpg,same_name_original,resized_duplicate,same filename; 369x277->640x480; LANCZOS RGB MAE=7.0176; 64x64 luminance correlation=0.99946,Supported,semi-mature apple,1,0,640,480,derived representation; excluded from independent image universe
1350.jpg,original,train,sg-0262,train/1350.jpg,self,canonical,deterministic representative selection,Confirmed,mature apple,1,0,369,277,"representative, not verified acquisition original"
1350.jpg,resize,train,sg-0262,train/1350.jpg,same_name_original,resized_duplicate,same filename; 369x277->640x480; LANCZOS RGB MAE=4.2723; 64x64 luminance correlation=0.999513,Supported,mature apple,1,0,640,480,derived representation; excluded from independent image universe
1360.jpg,original,train,sg-0035,test/257.jpg,component_path,augmentation_derivative,same suffix-normalized family=1360; 64x64 correlation=0.999650; identical polygons=True,Strongly Supported,semi-mature apple,1,0,369,277,relation through component path; direct relation to canonical not asserted
1360.jpg,resize,train,sg-0035,test/257.jpg,same_name_original,resized_duplicate,same filename; 369x277->640x480; LANCZOS RGB MAE=8.3629; 64x64 luminance correlation=0.999446,Supported,semi-mature apple,1,0,640,480,derived representation; excluded from independent image universe
1360_noise.jpg,original,train,sg-0035,test/257.jpg,component_path,augmentation_derivative,same suffix-normalized family=1360; 64x64 correlation=0.999650; identical polygons=True,Strongly Supported,semi-mature apple,1,0,369,277,relation through component path; direct relation to canonical not asserted
1360_noise.jpg,resize,train,sg-0035,test/257.jpg,same_name_original,resized_duplicate,same filename; 369x277->640x480; LANCZOS RGB MAE=9.266; 64x64 luminance correlation=0.999446,Supported,semi-mature apple,1,0,640,480,derived representation; excluded from independent image universe
137.jpg,original,train,sg-0263,train/137.jpg,self,canonical,deterministic representative selection,Confirmed,semi-mature apple,1,0,369,277,"representative, not verified acquisition original"
137.jpg,resize,train,sg-0263,train/137.jpg,same_name_original,resized_duplicate,same filename; 369x277->640x480; LANCZOS RGB MAE=4.4508; 64x64 luminance correlation=0.99957,Supported,semi-mature apple,1,0,640,480,derived representation; excluded from independent image universe
137_brightness.jpg,original,train,sg-0263,train/137.jpg,component_path,exact_duplicate,identical SHA256 a7e138f5bfd24dbc625744eede912d61ff140b681bdb793f12da2b2e0bd998e5; identical region list=False,Confirmed,semi-mature apple,1,0,369,277,relation through component path; direct relation to canonical not asserted
137_brightness.jpg,resize,train,sg-0263,train/137.jpg,same_name_original,resized_duplicate,same filename; 369x277->640x480; LANCZOS RGB MAE=4.9513; 64x64 luminance correlation=0.999592,Supported,semi-mature apple,1,0,640,480,derived representation; excluded from independent image universe
137_noise.jpg,original,train,sg-0263,train/137.jpg,component_path,augmentation_derivative,same suffix-normalized family=137; 64x64 correlation=0.999565; identical polygons=True,Strongly Supported,semi-mature apple,1,0,369,277,relation through component path; direct relation to canonical not asserted
137_noise.jpg,resize,train,sg-0263,train/137.jpg,same_name_original,resized_duplicate,same filename; 369x277->640x480; LANCZOS RGB MAE=6.1171; 64x64 luminance correlation=0.999586,Supported,semi-mature apple,1,0,640,480,derived representation; excluded from independent image universe
138_brightness.jpg,original,train,sg-0008,test/138.jpg,component_path,exact_duplicate,identical SHA256 f81d8e3a53685a3a1935e4ddcb3d08c0fc57e7c6df69073fe9f2f8c77f63e2e2; identical region list=False,Confirmed,semi-mature apple,1,0,369,277,relation through component path; direct relation to canonical not asserted
138_brightness.jpg,resize,train,sg-0008,test/138.jpg,same_name_original,resized_duplicate,same filename; 369x277->640x480; LANCZOS RGB MAE=4.9152; 64x64 luminance correlation=0.999147,Supported,semi-mature apple,1,0,640,480,derived representation; excluded from independent image universe
138_noise.jpg,original,train,sg-0008,test/138.jpg,component_path,augmentation_derivative,same suffix-normalized family=138; 64x64 correlation=0.996999; identical polygons=True,Strongly Supported,semi-mature apple,1,0,369,277,relation through component path; direct relation to canonical not asserted
138_noise.jpg,resize,train,sg-0008,test/138.jpg,same_name_original,resized_duplicate,same filename; 369x277->640x480; LANCZOS RGB MAE=6.1762; 64x64 luminance correlation=0.99908,Supported,semi-mature apple,1,0,640,480,derived representation; excluded from independent image universe
1390.jpg,original,train,sg-0264,train/1390.jpg,self,canonical,deterministic representative selection,Confirmed,semi-mature apple,1,0,369,277,"representative, not verified acquisition original"
1390.jpg,resize,train,sg-0264,train/1390.jpg,same_name_original,resized_duplicate,same filename; 369x277->640x480; LANCZOS RGB MAE=5.5285; 64x64 luminance correlation=0.99926,Supported,semi-mature apple,1,0,640,480,derived representation; excluded from independent image universe
1390_brightness.jpg,original,train,sg-0264,train/1390.jpg,component_path,augmentation_derivative,same suffix-normalized family=1390; 64x64 correlation=0.998930; identical polygons=True,Strongly Supported,semi-mature apple,1,0,369,277,relation through component path; direct relation to canonical not asserted
1390_brightness.jpg,resize,train,sg-0264,train/1390.jpg,same_name_original,resized_duplicate,same filename; 369x277->640x480; LANCZOS RGB MAE=6.1483; 64x64 luminance correlation=0.999246,Supported,semi-mature apple,1,0,640,480,derived representation; excluded from independent image universe
1390_noise.jpg,original,train,sg-0264,train/1390.jpg,component_path,augmentation_derivative,same suffix-normalized family=1390; 64x64 correlation=0.999282; identical polygons=True,Strongly Supported,semi-mature apple,1,0,369,277,relation through component path; direct relation to canonical not asserted
1390_noise.jpg,resize,train,sg-0264,train/1390.jpg,same_name_original,resized_duplicate,same filename; 369x277->640x480; LANCZOS RGB MAE=6.8009; 64x64 luminance correlation=0.999232,Supported,semi-mature apple,1,0,640,480,derived representation; excluded from independent image universe
1400_brightness.jpg,original,train,sg-0009,test/1400.jpg,component_path,augmentation_derivative,64x64 luminance correlation=0.998023; identical region list=True,Strongly Supported,semi-mature apple,1,0,369,277,relation through component path; direct relation to canonical not asserted
1400_brightness.jpg,resize,train,sg-0009,test/1400.jpg,same_name_original,resized_duplicate,same filename; 369x277->640x480; LANCZOS RGB MAE=6.9701; 64x64 luminance correlation=0.99913,Supported,semi-mature apple,1,0,640,480,derived representation; excluded from independent image universe
144.jpg,original,train,sg-0265,train/144.jpg,self,canonical,deterministic representative selection,Confirmed,semi-mature apple,1,0,369,277,"representative, not verified acquisition original"
144.jpg,resize,train,sg-0265,train/144.jpg,same_name_original,resized_duplicate,same filename; 369x277->640x480; LANCZOS RGB MAE=4.7637; 64x64 luminance correlation=0.999511,Supported,semi-mature apple,1,0,640,480,derived representation; excluded from independent image universe
144_brightness.jpg,original,train,sg-0265,train/144.jpg,component_path,exact_duplicate,identical SHA256 82ea175c2e92ea8140a79a04af1e700b106e8b49306309ece31b9978c4299c39; identical region list=False,Confirmed,semi-mature apple,1,0,369,277,relation through component path; direct relation to canonical not asserted
144_brightness.jpg,resize,train,sg-0265,train/144.jpg,same_name_original,resized_duplicate,same filename; 369x277->640x480; LANCZOS RGB MAE=5.2907; 64x64 luminance correlation=0.999523,Supported,semi-mature apple,1,0,640,480,derived representation; excluded from independent image universe
144_noise.jpg,original,train,sg-0265,train/144.jpg,component_path,augmentation_derivative,same suffix-normalized family=144; 64x64 correlation=0.999570; identical polygons=True,Strongly Supported,semi-mature apple,1,0,369,277,relation through component path; direct relation to canonical not asserted
144_noise.jpg,resize,train,sg-0265,train/144.jpg,same_name_original,resized_duplicate,same filename; 369x277->640x480; LANCZOS RGB MAE=6.4019; 64x64 luminance correlation=0.999515,Supported,semi-mature apple,1,0,640,480,derived representation; excluded from independent image universe
1450.jpg,original,train,sg-0266,train/1450.jpg,self,canonical,deterministic representative selection,Confirmed,semi-mature apple,1,0,369,277,"representative, not verified acquisition original"
1450.jpg,resize,train,sg-0266,train/1450.jpg,same_name_original,resized_duplicate,same filename; 369x277->640x480; LANCZOS RGB MAE=5.1191; 64x64 luminance correlation=0.999604,Supported,semi-mature apple,1,0,640,480,derived representation; excluded from independent image universe
1450_noise.jpg,original,train,sg-0266,train/1450.jpg,component_path,augmentation_derivative,same suffix-normalized family=1450; 64x64 correlation=0.999548; identical polygons=True,Strongly Supported,semi-mature apple,1,0,369,277,relation through component path; direct relation to canonical not asserted
1450_noise.jpg,resize,train,sg-0266,train/1450.jpg,same_name_original,resized_duplicate,same filename; 369x277->640x480; LANCZOS RGB MAE=6.479; 64x64 luminance correlation=0.999596,Supported,semi-mature apple,1,0,640,480,derived representation; excluded from independent image universe
1460.jpg,original,train,sg-0267,train/1460.jpg,self,canonical,deterministic representative selection,Confirmed,semi-mature apple,1,0,369,277,"representative, not verified acquisition original"
1460.jpg,resize,train,sg-0267,train/1460.jpg,same_name_original,resized_duplicate,same filename; 369x277->640x480; LANCZOS RGB MAE=3.9064; 64x64 luminance correlation=0.999617,Supported,semi-mature apple,1,0,640,480,derived representation; excluded from independent image universe
1460_brightness.jpg,original,train,sg-0267,train/1460.jpg,component_path,augmentation_derivative,same suffix-normalized family=1460; 64x64 correlation=0.998062; identical polygons=True,Strongly Supported,semi-mature apple,1,0,369,277,relation through component path; direct relation to canonical not asserted
1460_brightness.jpg,resize,train,sg-0267,train/1460.jpg,same_name_original,resized_duplicate,same filename; 369x277->640x480; LANCZOS RGB MAE=4.3123; 64x64 luminance correlation=0.999617,Supported,semi-mature apple,1,0,640,480,derived representation; excluded from independent image universe
1480.jpg,original,train,sg-0268,train/1480.jpg,self,canonical,deterministic representative selection,Confirmed,semi-mature apple,3,0,369,277,"representative, not verified acquisition original"
1480.jpg,resize,train,sg-0268,train/1480.jpg,same_name_original,resized_duplicate,same filename; 369x277->640x480; LANCZOS RGB MAE=7.3095; 64x64 luminance correlation=0.999204,Supported,semi-mature apple,3,0,640,480,derived representation; excluded from independent image universe
1480_brightness.jpg,original,train,sg-0268,train/1480.jpg,component_path,augmentation_derivative,same suffix-normalized family=1480; 64x64 correlation=0.997596; identical polygons=True,Strongly Supported,semi-mature apple,3,0,369,277,relation through component path; direct relation to canonical not asserted
1480_brightness.jpg,resize,train,sg-0268,train/1480.jpg,same_name_original,resized_duplicate,same filename; 369x277->640x480; LANCZOS RGB MAE=7.9488; 64x64 luminance correlation=0.999167,Supported,semi-mature apple,3,0,640,480,derived representation; excluded from independent image universe
1480_noise.jpg,original,train,sg-0268,train/1480.jpg,component_path,augmentation_derivative,same suffix-normalized family=1480; 64x64 correlation=0.999548; identical polygons=True,Strongly Supported,semi-mature apple,3,0,369,277,relation through component path; direct relation to canonical not asserted
1480_noise.jpg,resize,train,sg-0268,train/1480.jpg,same_name_original,resized_duplicate,same filename; 369x277->640x480; LANCZOS RGB MAE=8.3853; 64x64 luminance correlation=0.999216,Supported,semi-mature apple,3,0,640,480,derived representation; excluded from independent image universe
149.jpg,original,train,sg-0269,train/149.jpg,self,canonical,deterministic representative selection,Confirmed,immature apple|semi-mature apple,2,0,369,277,"representative, not verified acquisition original"
149.jpg,resize,train,sg-0269,train/149.jpg,same_name_original,resized_duplicate,same filename; 369x277->640x480; LANCZOS RGB MAE=6.7192; 64x64 luminance correlation=0.999006,Supported,immature apple|semi-mature apple,2,0,640,480,derived representation; excluded from independent image universe
15.jpg,original,train,sg-0270,train/15.jpg,self,canonical,deterministic representative selection,Confirmed,mature apple|semi-mature apple,4,0,277,369,"representative, not verified acquisition original"
15.jpg,resize,train,sg-0270,train/15.jpg,same_name_original,resized_duplicate,same filename; 277x369->480x640; LANCZOS RGB MAE=13.5894; 64x64 luminance correlation=0.998441,Supported,mature apple|semi-mature apple,4,0,480,640,derived representation; excluded from independent image universe
150_brightness.jpg,original,train,sg-0013,test/150.jpg,component_path,augmentation_derivative,same suffix-normalized family=150; 64x64 correlation=0.996831; identical polygons=True,Strongly Supported,semi-mature apple,1,0,369,277,relation through component path; direct relation to canonical not asserted
150_brightness.jpg,resize,train,sg-0013,test/150.jpg,same_name_original,resized_duplicate,same filename; 369x277->640x480; LANCZOS RGB MAE=5.2671; 64x64 luminance correlation=0.999043,Supported,semi-mature apple,1,0,640,480,derived representation; excluded from independent image universe
150_noise.jpg,original,train,sg-0013,test/150.jpg,component_path,augmentation_derivative,same suffix-normalized family=150; 64x64 correlation=0.996831; identical polygons=True,Strongly Supported,semi-mature apple,1,0,369,277,relation through component path; direct relation to canonical not asserted
150_noise.jpg,resize,train,sg-0013,test/150.jpg,same_name_original,resized_duplicate,same filename; 369x277->640x480; LANCZOS RGB MAE=6.3102; 64x64 luminance correlation=0.999078,Supported,semi-mature apple,1,0,640,480,derived representation; excluded from independent image universe
151.jpg,original,train,sg-0271,train/151.jpg,self,canonical,deterministic representative selection,Confirmed,semi-mature apple,1,0,369,277,"representative, not verified acquisition original"
151.jpg,resize,train,sg-0271,train/151.jpg,same_name_original,resized_duplicate,same filename; 369x277->640x480; LANCZOS RGB MAE=5.2563; 64x64 luminance correlation=0.999159,Supported,semi-mature apple,1,0,640,480,derived representation; excluded from independent image universe
151_brightness.jpg,original,train,sg-0271,train/151.jpg,component_path,augmentation_derivative,same suffix-normalized family=151; 64x64 correlation=0.998367; identical polygons=True,Strongly Supported,semi-mature apple,1,0,369,277,relation through component path; direct relation to canonical not asserted
151_brightness.jpg,resize,train,sg-0271,train/151.jpg,same_name_original,resized_duplicate,same filename; 369x277->640x480; LANCZOS RGB MAE=5.6454; 64x64 luminance correlation=0.999122,Supported,semi-mature apple,1,0,640,480,derived representation; excluded from independent image universe
151_noise.jpg,original,train,sg-0271,train/151.jpg,component_path,augmentation_derivative,same suffix-normalized family=151; 64x64 correlation=0.999469; identical polygons=True,Strongly Supported,semi-mature apple,1,0,369,277,relation through component path; direct relation to canonical not asserted
151_noise.jpg,resize,train,sg-0271,train/151.jpg,same_name_original,resized_duplicate,same filename; 369x277->640x480; LANCZOS RGB MAE=6.6193; 64x64 luminance correlation=0.999146,Supported,semi-mature apple,1,0,640,480,derived representation; excluded from independent image universe
1520_brightness.jpg,original,train,sg-0014,test/1520.jpg,component_path,augmentation_derivative,same suffix-normalized family=1520; 64x64 correlation=0.998348; identical polygons=True,Strongly Supported,semi-mature apple,1,0,369,277,relation through component path; direct relation to canonical not asserted
1520_brightness.jpg,resize,train,sg-0014,test/1520.jpg,same_name_original,resized_duplicate,same filename; 369x277->640x480; LANCZOS RGB MAE=7.7643; 64x64 luminance correlation=0.999294,Supported,semi-mature apple,1,0,640,480,derived representation; excluded from independent image universe
1520_noise.jpg,original,train,sg-0014,test/1520.jpg,component_path,augmentation_derivative,same suffix-normalized family=1520; 64x64 correlation=0.998348; identical polygons=True,Strongly Supported,semi-mature apple,1,0,369,277,relation through component path; direct relation to canonical not asserted
1520_noise.jpg,resize,train,sg-0014,test/1520.jpg,same_name_original,resized_duplicate,same filename; 369x277->640x480; LANCZOS RGB MAE=8.0698; 64x64 luminance correlation=0.999301,Supported,semi-mature apple,1,0,640,480,derived representation; excluded from independent image universe
153.jpg,original,train,sg-0272,train/153.jpg,self,canonical,deterministic representative selection,Confirmed,semi-mature apple,1,0,369,277,"representative, not verified acquisition original"
153.jpg,resize,train,sg-0272,train/153.jpg,same_name_original,resized_duplicate,same filename; 369x277->640x480; LANCZOS RGB MAE=4.3584; 64x64 luminance correlation=0.99939,Supported,semi-mature apple,1,0,640,480,derived representation; excluded from independent image universe
153_brightness.jpg,original,train,sg-0272,train/153.jpg,component_path,augmentation_derivative,same suffix-normalized family=153; 64x64 correlation=0.998776; identical polygons=True,Strongly Supported,semi-mature apple,1,0,369,277,relation through component path; direct relation to canonical not asserted
153_brightness.jpg,resize,train,sg-0272,train/153.jpg,same_name_original,resized_duplicate,same filename; 369x277->640x480; LANCZOS RGB MAE=4.7287; 64x64 luminance correlation=0.999459,Supported,semi-mature apple,1,0,640,480,derived representation; excluded from independent image universe
153_noise.jpg,original,train,sg-0272,train/153.jpg,component_path,augmentation_derivative,same suffix-normalized family=153; 64x64 correlation=0.999569; identical polygons=True,Strongly Supported,semi-mature apple,1,0,369,277,relation through component path; direct relation to canonical not asserted
153_noise.jpg,resize,train,sg-0272,train/153.jpg,same_name_original,resized_duplicate,same filename; 369x277->640x480; LANCZOS RGB MAE=5.9034; 64x64 luminance correlation=0.999385,Supported,semi-mature apple,1,0,640,480,derived representation; excluded from independent image universe
1540.jpg,original,train,sg-0273,train/1540.jpg,self,canonical,deterministic representative selection,Confirmed,semi-mature apple,2,0,369,277,"representative, not verified acquisition original"
1540.jpg,resize,train,sg-0273,train/1540.jpg,same_name_original,resized_duplicate,same filename; 369x277->640x480; LANCZOS RGB MAE=4.2076; 64x64 luminance correlation=0.9989,Supported,semi-mature apple,2,0,640,480,derived representation; excluded from independent image universe
1540_brightness.jpg,original,train,sg-0273,train/1540.jpg,component_path,augmentation_derivative,same suffix-normalized family=1540; 64x64 correlation=0.999415; identical polygons=True,Strongly Supported,semi-mature apple,2,0,369,277,relation through component path; direct relation to canonical not asserted
1540_brightness.jpg,resize,train,sg-0273,train/1540.jpg,same_name_original,resized_duplicate,same filename; 369x277->640x480; LANCZOS RGB MAE=4.7118; 64x64 luminance correlation=0.998967,Supported,semi-mature apple,2,0,640,480,derived representation; excluded from independent image universe
1540_noise.jpg,original,train,sg-0273,train/1540.jpg,component_path,augmentation_derivative,same suffix-normalized family=1540; 64x64 correlation=0.999466; identical polygons=True,Strongly Supported,semi-mature apple,2,0,369,277,relation through component path; direct relation to canonical not asserted
1540_noise.jpg,resize,train,sg-0273,train/1540.jpg,same_name_original,resized_duplicate,same filename; 369x277->640x480; LANCZOS RGB MAE=5.8676; 64x64 luminance correlation=0.998923,Supported,semi-mature apple,2,0,640,480,derived representation; excluded from independent image universe
1550.jpg,original,train,sg-0274,train/1550.jpg,self,canonical,deterministic representative selection,Confirmed,semi-mature apple,2,0,369,277,"representative, not verified acquisition original"
1550.jpg,resize,train,sg-0274,train/1550.jpg,same_name_original,resized_duplicate,same filename; 369x277->640x480; LANCZOS RGB MAE=7.6942; 64x64 luminance correlation=0.999495,Supported,semi-mature apple,2,0,640,480,derived representation; excluded from independent image universe
1550_brightness.jpg,original,train,sg-0274,train/1550.jpg,component_path,augmentation_derivative,same suffix-normalized family=1550; 64x64 correlation=0.996700; identical polygons=True,Strongly Supported,semi-mature apple,2,0,369,277,relation through component path; direct relation to canonical not asserted
1550_brightness.jpg,resize,train,sg-0274,train/1550.jpg,same_name_original,resized_duplicate,same filename; 369x277->640x480; LANCZOS RGB MAE=8.5349; 64x64 luminance correlation=0.999434,Supported,semi-mature apple,2,0,640,480,derived representation; excluded from independent image universe
1560.jpg,original,train,sg-0036,test/2640.jpg,component_path,augmentation_derivative,64x64 luminance correlation=0.999374; identical region list=True,Strongly Supported,semi-mature apple,2,0,369,277,relation through component path; direct relation to canonical not asserted
1560.jpg,resize,train,sg-0036,test/2640.jpg,same_name_original,resized_duplicate,same filename; 369x277->640x480; LANCZOS RGB MAE=3.7529; 64x64 luminance correlation=0.999664,Supported,semi-mature apple,2,0,640,480,derived representation; excluded from independent image universe
1570.jpg,original,train,sg-0275,train/1570.jpg,self,canonical,deterministic representative selection,Confirmed,immature apple|semi-mature apple,3,0,369,277,"representative, not verified acquisition original"
1570.jpg,resize,train,sg-0275,train/1570.jpg,same_name_original,resized_duplicate,same filename; 369x277->640x480; LANCZOS RGB MAE=8.0988; 64x64 luminance correlation=0.999125,Supported,immature apple|semi-mature apple,3,0,640,480,derived representation; excluded from independent image universe
159.jpg,original,train,sg-0276,train/159.jpg,self,canonical,deterministic representative selection,Confirmed,semi-mature apple,2,0,369,277,"representative, not verified acquisition original"
159.jpg,resize,train,sg-0276,train/159.jpg,same_name_original,resized_duplicate,same filename; 369x277->640x480; LANCZOS RGB MAE=4.0469; 64x64 luminance correlation=0.999309,Supported,semi-mature apple,2,0,640,480,derived representation; excluded from independent image universe
159_brightness.jpg,original,train,sg-0276,train/159.jpg,component_path,augmentation_derivative,same suffix-normalized family=159; 64x64 correlation=0.997069; identical polygons=True,Strongly Supported,semi-mature apple,2,0,369,277,relation through component path; direct relation to canonical not asserted
159_brightness.jpg,resize,train,sg-0276,train/159.jpg,same_name_original,resized_duplicate,same filename; 369x277->640x480; LANCZOS RGB MAE=4.3853; 64x64 luminance correlation=0.999331,Supported,semi-mature apple,2,0,640,480,derived representation; excluded from independent image universe
159_noise.jpg,original,train,sg-0276,train/159.jpg,component_path,augmentation_derivative,same suffix-normalized family=159; 64x64 correlation=0.999511; identical polygons=True,Strongly Supported,semi-mature apple,2,0,369,277,relation through component path; direct relation to canonical not asserted
159_noise.jpg,resize,train,sg-0276,train/159.jpg,same_name_original,resized_duplicate,same filename; 369x277->640x480; LANCZOS RGB MAE=5.7607; 64x64 luminance correlation=0.999315,Supported,semi-mature apple,2,0,640,480,derived representation; excluded from independent image universe
1610.jpg,original,train,sg-0277,train/1610.jpg,self,canonical,deterministic representative selection,Confirmed,semi-mature apple,2,0,369,277,"representative, not verified acquisition original"
1610.jpg,resize,train,sg-0277,train/1610.jpg,same_name_original,resized_duplicate,same filename; 369x277->640x480; LANCZOS RGB MAE=10.0004; 64x64 luminance correlation=0.999154,Supported,semi-mature apple,2,0,640,480,derived representation; excluded from independent image universe
1610_brightness.jpg,original,train,sg-0277,train/1610.jpg,component_path,augmentation_derivative,same suffix-normalized family=1610; 64x64 correlation=0.998452; identical polygons=True,Strongly Supported,semi-mature apple,2,0,369,277,relation through component path; direct relation to canonical not asserted
1610_brightness.jpg,resize,train,sg-0277,train/1610.jpg,same_name_original,resized_duplicate,same filename; 369x277->640x480; LANCZOS RGB MAE=11.0257; 64x64 luminance correlation=0.999198,Supported,semi-mature apple,2,0,640,480,derived representation; excluded from independent image universe
1610_noise.jpg,original,train,sg-0277,train/1610.jpg,component_path,augmentation_derivative,same suffix-normalized family=1610; 64x64 correlation=0.999500; identical polygons=True,Strongly Supported,semi-mature apple,2,0,369,277,relation through component path; direct relation to canonical not asserted
1610_noise.jpg,resize,train,sg-0277,train/1610.jpg,same_name_original,resized_duplicate,same filename; 369x277->640x480; LANCZOS RGB MAE=11.0355; 64x64 luminance correlation=0.999185,Supported,semi-mature apple,2,0,640,480,derived representation; excluded from independent image universe
162.jpg,original,train,sg-0278,train/162.jpg,self,canonical,deterministic representative selection,Confirmed,semi-mature apple,5,0,369,277,"representative, not verified acquisition original"
162.jpg,resize,train,sg-0278,train/162.jpg,same_name_original,resized_duplicate,same filename; 369x277->640x480; LANCZOS RGB MAE=7.7719; 64x64 luminance correlation=0.999376,Supported,semi-mature apple,5,0,640,480,derived representation; excluded from independent image universe
162_brightness.jpg,original,train,sg-0278,train/162.jpg,component_path,augmentation_derivative,same suffix-normalized family=162; 64x64 correlation=0.998075; identical polygons=True,Strongly Supported,semi-mature apple,5,0,369,277,relation through component path; direct relation to canonical not asserted
162_brightness.jpg,resize,train,sg-0278,train/162.jpg,same_name_original,resized_duplicate,same filename; 369x277->640x480; LANCZOS RGB MAE=8.3649; 64x64 luminance correlation=0.999377,Supported,semi-mature apple,5,0,640,480,derived representation; excluded from independent image universe
162_noise.jpg,original,train,sg-0278,train/162.jpg,component_path,augmentation_derivative,same suffix-normalized family=162; 64x64 correlation=0.999627; identical polygons=True,Strongly Supported,semi-mature apple,5,0,369,277,relation through component path; direct relation to canonical not asserted
162_noise.jpg,resize,train,sg-0278,train/162.jpg,same_name_original,resized_duplicate,same filename; 369x277->640x480; LANCZOS RGB MAE=8.7041; 64x64 luminance correlation=0.999389,Supported,semi-mature apple,5,0,640,480,derived representation; excluded from independent image universe
163.jpg,original,train,sg-0279,train/163.jpg,self,canonical,deterministic representative selection,Confirmed,semi-mature apple,5,0,369,277,"representative, not verified acquisition original"
163.jpg,resize,train,sg-0279,train/163.jpg,same_name_original,resized_duplicate,same filename; 369x277->640x480; LANCZOS RGB MAE=6.8602; 64x64 luminance correlation=0.999429,Supported,semi-mature apple,5,0,640,480,derived representation; excluded from independent image universe
163_brightness.jpg,original,train,sg-0279,train/163.jpg,component_path,augmentation_derivative,same suffix-normalized family=163; 64x64 correlation=0.999270; identical polygons=True,Strongly Supported,semi-mature apple,5,0,369,277,relation through component path; direct relation to canonical not asserted
163_brightness.jpg,resize,train,sg-0279,train/163.jpg,same_name_original,resized_duplicate,same filename; 369x277->640x480; LANCZOS RGB MAE=7.5916; 64x64 luminance correlation=0.999447,Supported,semi-mature apple,5,0,640,480,derived representation; excluded from independent image universe
163_noise.jpg,original,train,sg-0279,train/163.jpg,component_path,augmentation_derivative,same suffix-normalized family=163; 64x64 correlation=0.999515; identical polygons=True,Strongly Supported,semi-mature apple,5,0,369,277,relation through component path; direct relation to canonical not asserted
163_noise.jpg,resize,train,sg-0279,train/163.jpg,same_name_original,resized_duplicate,same filename; 369x277->640x480; LANCZOS RGB MAE=8.0383; 64x64 luminance correlation=0.99943,Supported,semi-mature apple,5,0,640,480,derived representation; excluded from independent image universe
1640.jpg,original,train,sg-0046,test/3100.jpg,component_path,high_visual_similarity,256-bit dHash distance=3; 64x64 luminance correlation=0.996983; identical region list=False; different source names; full-resolution grayscale correlation=0.984046; Stage 2B-4H B01 human accepted same-source relation; physical acquisition ID unverified,Strongly Supported,mature apple,2,0,369,277,relation through component path; direct relation to canonical not asserted
1640.jpg,resize,train,sg-0046,test/3100.jpg,same_name_original,resized_duplicate,same filename; 369x277->640x480; LANCZOS RGB MAE=9.1689; 64x64 luminance correlation=0.999141,Supported,mature apple,2,0,640,480,derived representation; excluded from independent image universe
165.jpg,original,train,sg-0280,train/165.jpg,self,canonical,deterministic representative selection,Confirmed,mature apple,1,0,277,369,"representative, not verified acquisition original"
165.jpg,resize,train,sg-0280,train/165.jpg,same_name_original,resized_duplicate,same filename; 277x369->480x640; LANCZOS RGB MAE=4.1246; 64x64 luminance correlation=0.999658,Supported,mature apple,1,0,480,640,derived representation; excluded from independent image universe
167.jpg,original,train,sg-0281,train/167.jpg,self,canonical,deterministic representative selection,Confirmed,mature apple,1,0,277,369,"representative, not verified acquisition original"
167.jpg,resize,train,sg-0281,train/167.jpg,same_name_original,resized_duplicate,same filename; 277x369->480x640; LANCZOS RGB MAE=5.5139; 64x64 luminance correlation=0.999584,Supported,mature apple,1,0,480,640,derived representation; excluded from independent image universe
168.jpg,original,train,sg-0282,train/168.jpg,self,canonical,deterministic representative selection,Confirmed,mature apple|semi-mature apple,2,0,277,369,"representative, not verified acquisition original"
168.jpg,resize,train,sg-0282,train/168.jpg,same_name_original,resized_duplicate,same filename; 277x369->480x640; LANCZOS RGB MAE=9.7821; 64x64 luminance correlation=0.999083,Supported,mature apple|semi-mature apple,2,0,480,640,derived representation; excluded from independent image universe
1690.jpg,original,train,sg-0283,train/1690.jpg,self,canonical,deterministic representative selection,Confirmed,immature apple|mature apple,3,0,277,369,"representative, not verified acquisition original"
1690.jpg,resize,train,sg-0283,train/1690.jpg,same_name_original,resized_duplicate,same filename; 277x369->480x640; LANCZOS RGB MAE=7.1439; 64x64 luminance correlation=0.9992,Supported,immature apple|mature apple,3,0,480,640,derived representation; excluded from independent image universe
17.jpg,original,train,sg-0284,train/17.jpg,self,canonical,deterministic representative selection,Confirmed,mature apple|semi-mature apple,4,0,369,277,"representative, not verified acquisition original"
17.jpg,resize,train,sg-0284,train/17.jpg,same_name_original,resized_duplicate,same filename; 369x277->640x480; LANCZOS RGB MAE=10.0003; 64x64 luminance correlation=0.998671,Supported,mature apple|semi-mature apple,4,0,640,480,derived representation; excluded from independent image universe
172_brightness.jpg,original,train,sg-0285,train/172_brightness.jpg,self,canonical,deterministic representative selection,Confirmed,semi-mature apple,1,0,277,326,"representative, not verified acquisition original"
172_brightness.jpg,resize,train,sg-0285,train/172_brightness.jpg,same_name_original,same_source_companion,same filename; 277x326->480x640; LANCZOS RGB MAE=39.1184; 64x64 luminance correlation=0.772601; Stage 2B-4H human accepted same-source companion; deterministic resize equivalence unresolved; dataset-provided resize excluded from formal experiments,Unresolved,semi-mature apple,1,0,480,640,same-name companion only; representation equivalence unresolved
173.jpg,original,train,sg-0286,train/173.jpg,self,canonical,deterministic representative selection,Confirmed,immature apple|semi-mature apple,4,0,277,369,"representative, not verified acquisition original"
173.jpg,resize,train,sg-0286,train/173.jpg,same_name_original,resized_duplicate,same filename; 277x369->480x640; LANCZOS RGB MAE=4.4824; 64x64 luminance correlation=0.999568,Supported,immature apple|semi-mature apple,4,0,480,640,derived representation; excluded from independent image universe
1740.jpg,original,train,sg-0287,train/1740.jpg,self,canonical,deterministic representative selection,Confirmed,semi-mature apple,1,0,277,369,"representative, not verified acquisition original"
1740.jpg,resize,train,sg-0287,train/1740.jpg,same_name_original,resized_duplicate,same filename; 277x369->480x640; LANCZOS RGB MAE=4.374; 64x64 luminance correlation=0.999781,Supported,semi-mature apple,1,0,480,640,derived representation; excluded from independent image universe
1740_brightness.jpg,original,train,sg-0287,train/1740.jpg,component_path,augmentation_derivative,same suffix-normalized family=1740; 64x64 correlation=0.999734; identical polygons=True,Strongly Supported,semi-mature apple,1,0,277,369,relation through component path; direct relation to canonical not asserted
1740_brightness.jpg,resize,train,sg-0287,train/1740.jpg,same_name_original,resized_duplicate,same filename; 277x369->480x640; LANCZOS RGB MAE=4.8962; 64x64 luminance correlation=0.999787,Supported,semi-mature apple,1,0,480,640,derived representation; excluded from independent image universe
1740_noise.jpg,original,train,sg-0287,train/1740.jpg,component_path,augmentation_derivative,same suffix-normalized family=1740; 64x64 correlation=0.999704; identical polygons=True,Strongly Supported,semi-mature apple,1,0,277,369,relation through component path; direct relation to canonical not asserted
1740_noise.jpg,resize,train,sg-0287,train/1740.jpg,same_name_original,resized_duplicate,same filename; 277x369->480x640; LANCZOS RGB MAE=5.9449; 64x64 luminance correlation=0.999778,Supported,semi-mature apple,1,0,480,640,derived representation; excluded from independent image universe
1770.jpg,original,train,sg-0288,train/1770.jpg,self,canonical,deterministic representative selection,Confirmed,semi-mature apple,1,0,277,369,"representative, not verified acquisition original"
1770.jpg,resize,train,sg-0288,train/1770.jpg,same_name_original,resized_duplicate,same filename; 277x369->480x640; LANCZOS RGB MAE=9.3723; 64x64 luminance correlation=0.999201,Supported,semi-mature apple,1,0,480,640,derived representation; excluded from independent image universe
1770_brightness.jpg,original,train,sg-0288,train/1770.jpg,component_path,augmentation_derivative,same suffix-normalized family=1770; 64x64 correlation=0.995385; identical polygons=True,Strongly Supported,semi-mature apple,1,0,277,369,relation through component path; direct relation to canonical not asserted
1770_brightness.jpg,resize,train,sg-0288,train/1770.jpg,same_name_original,resized_duplicate,same filename; 277x369->480x640; LANCZOS RGB MAE=10.4113; 64x64 luminance correlation=0.999099,Supported,semi-mature apple,1,0,480,640,derived representation; excluded from independent image universe
1780.jpg,original,train,sg-0289,train/1780.jpg,self,canonical,deterministic representative selection,Confirmed,semi-mature apple,1,0,277,369,"representative, not verified acquisition original"
1780.jpg,resize,train,sg-0289,train/1780.jpg,same_name_original,resized_duplicate,same filename; 277x369->480x640; LANCZOS RGB MAE=5.255; 64x64 luminance correlation=0.999596,Supported,semi-mature apple,1,0,480,640,derived representation; excluded from independent image universe
1780_brightness.jpg,original,train,sg-0289,train/1780.jpg,component_path,augmentation_derivative,same suffix-normalized family=1780; 64x64 correlation=0.999714; identical polygons=True,Strongly Supported,semi-mature apple,1,0,277,369,relation through component path; direct relation to canonical not asserted
1780_brightness.jpg,resize,train,sg-0289,train/1780.jpg,same_name_original,resized_duplicate,same filename; 277x369->480x640; LANCZOS RGB MAE=5.9584; 64x64 luminance correlation=0.999618,Supported,semi-mature apple,1,0,480,640,derived representation; excluded from independent image universe
1780_noise.jpg,original,train,sg-0289,train/1780.jpg,component_path,augmentation_derivative,same suffix-normalized family=1780; 64x64 correlation=0.999400; identical polygons=True,Strongly Supported,semi-mature apple,1,0,277,369,relation through component path; direct relation to canonical not asserted
1780_noise.jpg,resize,train,sg-0289,train/1780.jpg,same_name_original,resized_duplicate,same filename; 277x369->480x640; LANCZOS RGB MAE=6.5697; 64x64 luminance correlation=0.99961,Supported,semi-mature apple,1,0,480,640,derived representation; excluded from independent image universe
1790.jpg,original,train,sg-0290,train/1790.jpg,self,canonical,deterministic representative selection,Confirmed,semi-mature apple,1,0,277,369,"representative, not verified acquisition original"
1790.jpg,resize,train,sg-0290,train/1790.jpg,same_name_original,resized_duplicate,same filename; 277x369->480x640; LANCZOS RGB MAE=6.5738; 64x64 luminance correlation=0.999423,Supported,semi-mature apple,1,0,480,640,derived representation; excluded from independent image universe
1790_brightness.jpg,original,train,sg-0290,train/1790.jpg,component_path,augmentation_derivative,same suffix-normalized family=1790; 64x64 correlation=0.999615; identical polygons=True,Strongly Supported,semi-mature apple,1,0,277,369,relation through component path; direct relation to canonical not asserted
1790_brightness.jpg,resize,train,sg-0290,train/1790.jpg,same_name_original,resized_duplicate,same filename; 277x369->480x640; LANCZOS RGB MAE=7.4661; 64x64 luminance correlation=0.999446,Supported,semi-mature apple,1,0,480,640,derived representation; excluded from independent image universe
1790_noise.jpg,original,train,sg-0290,train/1790.jpg,component_path,augmentation_derivative,same suffix-normalized family=1790; 64x64 correlation=0.999353; identical polygons=True,Strongly Supported,semi-mature apple,1,0,277,369,relation through component path; direct relation to canonical not asserted
1790_noise.jpg,resize,train,sg-0290,train/1790.jpg,same_name_original,resized_duplicate,same filename; 277x369->480x640; LANCZOS RGB MAE=7.7519; 64x64 luminance correlation=0.999436,Supported,semi-mature apple,1,0,480,640,derived representation; excluded from independent image universe
1800.jpg,original,train,sg-0291,train/1800.jpg,self,canonical,deterministic representative selection,Confirmed,immature apple|mature apple,3,0,277,369,"representative, not verified acquisition original"
1800.jpg,resize,train,sg-0291,train/1800.jpg,same_name_original,resized_duplicate,same filename; 277x369->480x640; LANCZOS RGB MAE=7.4906; 64x64 luminance correlation=0.998991,Supported,immature apple|mature apple,3,0,480,640,derived representation; excluded from independent image universe
1810.jpg,original,train,sg-0292,train/1810.jpg,self,canonical,deterministic representative selection,Confirmed,immature apple|mature apple,2,0,277,369,"representative, not verified acquisition original"
1810.jpg,resize,train,sg-0292,train/1810.jpg,same_name_original,resized_duplicate,same filename; 277x369->480x640; LANCZOS RGB MAE=7.8463; 64x64 luminance correlation=0.999295,Supported,immature apple|mature apple,2,0,480,640,derived representation; excluded from independent image universe
1830.jpg,original,train,sg-0293,train/1830.jpg,self,canonical,deterministic representative selection,Confirmed,semi-mature apple,1,0,277,369,"representative, not verified acquisition original"
1830.jpg,resize,train,sg-0293,train/1830.jpg,same_name_original,resized_duplicate,same filename; 277x369->480x640; LANCZOS RGB MAE=3.7565; 64x64 luminance correlation=0.999605,Supported,semi-mature apple,1,0,480,640,derived representation; excluded from independent image universe
1830_brightness.jpg,original,train,sg-0293,train/1830.jpg,component_path,augmentation_derivative,same suffix-normalized family=1830; 64x64 correlation=0.998185; identical polygons=True,Strongly Supported,semi-mature apple,1,0,277,369,relation through component path; direct relation to canonical not asserted
1830_brightness.jpg,resize,train,sg-0293,train/1830.jpg,same_name_original,resized_duplicate,same filename; 277x369->480x640; LANCZOS RGB MAE=4.1911; 64x64 luminance correlation=0.99959,Supported,semi-mature apple,1,0,480,640,derived representation; excluded from independent image universe
185.jpg,original,train,sg-0294,train/185.jpg,self,canonical,deterministic representative selection,Confirmed,semi-mature apple,1,0,277,369,"representative, not verified acquisition original"
185.jpg,resize,train,sg-0294,train/185.jpg,same_name_original,resized_duplicate,same filename; 277x369->480x640; LANCZOS RGB MAE=4.8213; 64x64 luminance correlation=0.999545,Supported,semi-mature apple,1,0,480,640,derived representation; excluded from independent image universe
186.jpg,original,train,sg-0295,train/186.jpg,self,canonical,deterministic representative selection,Confirmed,semi-mature apple,1,0,277,369,"representative, not verified acquisition original"
186.jpg,resize,train,sg-0295,train/186.jpg,same_name_original,resized_duplicate,same filename; 277x369->480x640; LANCZOS RGB MAE=4.5987; 64x64 luminance correlation=0.999549,Supported,semi-mature apple,1,0,480,640,derived representation; excluded from independent image universe
1880.jpg,original,train,sg-0296,train/1880.jpg,self,canonical,deterministic representative selection,Confirmed,immature apple|semi-mature apple,4,0,369,277,"representative, not verified acquisition original"
1880.jpg,resize,train,sg-0296,train/1880.jpg,same_name_original,resized_duplicate,same filename; 369x277->640x480; LANCZOS RGB MAE=5.6709; 64x64 luminance correlation=0.999309,Supported,immature apple|semi-mature apple,4,0,640,480,derived representation; excluded from independent image universe
189.jpg,original,train,sg-0297,train/189.jpg,self,canonical,deterministic representative selection,Confirmed,immature apple,1,0,277,369,"representative, not verified acquisition original"
189.jpg,resize,train,sg-0297,train/189.jpg,same_name_original,resized_duplicate,same filename; 277x369->480x640; LANCZOS RGB MAE=5.1131; 64x64 luminance correlation=0.999308,Supported,immature apple,1,0,480,640,derived representation; excluded from independent image universe
19.jpg,original,train,sg-0298,train/19.jpg,self,canonical,deterministic representative selection,Confirmed,mature apple,5,0,369,277,"representative, not verified acquisition original"
19.jpg,resize,train,sg-0298,train/19.jpg,same_name_original,resized_duplicate,same filename; 369x277->640x480; LANCZOS RGB MAE=11.7211; 64x64 luminance correlation=0.998831,Supported,mature apple,5,0,640,480,derived representation; excluded from independent image universe
190.jpg,original,train,sg-0299,train/190.jpg,self,canonical,deterministic representative selection,Confirmed,semi-mature apple,1,0,277,369,"representative, not verified acquisition original"
190.jpg,resize,train,sg-0299,train/190.jpg,same_name_original,resized_duplicate,same filename; 277x369->480x640; LANCZOS RGB MAE=12.1867; 64x64 luminance correlation=0.999444,Supported,semi-mature apple,1,0,480,640,derived representation; excluded from independent image universe
1910.jpg,original,train,sg-0300,train/1910.jpg,self,canonical,deterministic representative selection,Confirmed,semi-mature apple,1,0,277,369,"representative, not verified acquisition original"
1910.jpg,resize,train,sg-0300,train/1910.jpg,same_name_original,resized_duplicate,same filename; 277x369->480x640; LANCZOS RGB MAE=11.1192; 64x64 luminance correlation=0.999033,Supported,semi-mature apple,1,0,480,640,derived representation; excluded from independent image universe
1910_brightness.jpg,original,train,sg-0300,train/1910.jpg,component_path,augmentation_derivative,same suffix-normalized family=1910; 64x64 correlation=0.997401; identical polygons=True,Strongly Supported,semi-mature apple,1,0,277,369,relation through component path; direct relation to canonical not asserted
1910_brightness.jpg,resize,train,sg-0300,train/1910.jpg,same_name_original,resized_duplicate,same filename; 277x369->480x640; LANCZOS RGB MAE=12.2591; 64x64 luminance correlation=0.998987,Supported,semi-mature apple,1,0,480,640,derived representation; excluded from independent image universe
192.jpg,original,train,sg-0301,train/192.jpg,self,canonical,deterministic representative selection,Confirmed,semi-mature apple,1,0,369,277,"representative, not verified acquisition original"
192.jpg,resize,train,sg-0301,train/192.jpg,same_name_original,resized_duplicate,same filename; 369x277->640x480; LANCZOS RGB MAE=10.3951; 64x64 luminance correlation=0.998745,Supported,semi-mature apple,1,0,640,480,derived representation; excluded from independent image universe
192_noise.jpg,original,train,sg-0301,train/192.jpg,component_path,augmentation_derivative,same suffix-normalized family=192; 64x64 correlation=0.999681; identical polygons=True,Strongly Supported,semi-mature apple,1,0,369,277,relation through component path; direct relation to canonical not asserted
192_noise.jpg,resize,train,sg-0301,train/192.jpg,same_name_original,resized_duplicate,same filename; 369x277->640x480; LANCZOS RGB MAE=11.3568; 64x64 luminance correlation=0.998769,Supported,semi-mature apple,1,0,640,480,derived representation; excluded from independent image universe
193.jpg,original,train,sg-0302,train/193.jpg,self,canonical,deterministic representative selection,Confirmed,immature apple|semi-mature apple,4,0,369,277,"representative, not verified acquisition original"
193.jpg,resize,train,sg-0302,train/193.jpg,same_name_original,resized_duplicate,same filename; 369x277->640x480; LANCZOS RGB MAE=4.7545; 64x64 luminance correlation=0.999453,Supported,immature apple|semi-mature apple,4,0,640,480,derived representation; excluded from independent image universe
194.jpg,original,train,sg-0303,train/194.jpg,self,canonical,deterministic representative selection,Confirmed,semi-mature apple,1,0,369,277,"representative, not verified acquisition original"
194.jpg,resize,train,sg-0303,train/194.jpg,same_name_original,resized_duplicate,same filename; 369x277->640x480; LANCZOS RGB MAE=6.4563; 64x64 luminance correlation=0.998839,Supported,semi-mature apple,1,0,640,480,derived representation; excluded from independent image universe
194_brightness.jpg,original,train,sg-0303,train/194.jpg,component_path,augmentation_derivative,same suffix-normalized family=194; 64x64 correlation=0.995366; identical polygons=True,Strongly Supported,semi-mature apple,1,0,369,277,relation through component path; direct relation to canonical not asserted
194_brightness.jpg,resize,train,sg-0303,train/194.jpg,same_name_original,resized_duplicate,same filename; 369x277->640x480; LANCZOS RGB MAE=7.1537; 64x64 luminance correlation=0.998913,Supported,semi-mature apple,1,0,640,480,derived representation; excluded from independent image universe
195.jpg,original,train,sg-0304,train/195.jpg,self,canonical,deterministic representative selection,Confirmed,immature apple|semi-mature apple,6,0,369,277,"representative, not verified acquisition original"
195.jpg,resize,train,sg-0304,train/195.jpg,same_name_original,resized_duplicate,same filename; 369x277->640x480; LANCZOS RGB MAE=7.9513; 64x64 luminance correlation=0.999324,Supported,immature apple|semi-mature apple,6,0,640,480,derived representation; excluded from independent image universe
196.jpg,original,train,sg-0305,train/196.jpg,self,canonical,deterministic representative selection,Confirmed,semi-mature apple,2,0,277,369,"representative, not verified acquisition original"
196.jpg,resize,train,sg-0305,train/196.jpg,same_name_original,resized_duplicate,same filename; 277x369->480x640; LANCZOS RGB MAE=9.4517; 64x64 luminance correlation=0.999339,Supported,semi-mature apple,2,0,480,640,derived representation; excluded from independent image universe
1970.jpg,original,train,sg-0306,train/1970.jpg,self,canonical,deterministic representative selection,Confirmed,semi-mature apple,3,0,277,369,"representative, not verified acquisition original"
1970.jpg,resize,train,sg-0306,train/1970.jpg,same_name_original,resized_duplicate,same filename; 277x369->480x640; LANCZOS RGB MAE=6.4481; 64x64 luminance correlation=0.999385,Supported,semi-mature apple,3,0,480,640,derived representation; excluded from independent image universe
1980.jpg,original,train,sg-0307,train/1980.jpg,self,canonical,deterministic representative selection,Confirmed,immature apple|semi-mature apple,4,0,277,369,"representative, not verified acquisition original"
1980.jpg,resize,train,sg-0307,train/1980.jpg,same_name_original,resized_duplicate,same filename; 277x369->480x640; LANCZOS RGB MAE=8.1806; 64x64 luminance correlation=0.99917,Supported,immature apple|semi-mature apple,4,0,480,640,derived representation; excluded from independent image universe
1990.jpg,original,train,sg-0308,train/1990.jpg,self,canonical,deterministic representative selection,Confirmed,semi-mature apple,1,0,277,369,"representative, not verified acquisition original"
1990.jpg,resize,train,sg-0308,train/1990.jpg,same_name_original,resized_duplicate,same filename; 277x369->480x640; LANCZOS RGB MAE=7.9429; 64x64 luminance correlation=0.99944,Supported,semi-mature apple,1,0,480,640,derived representation; excluded from independent image universe
19_brightness.jpg,original,train,sg-0298,train/19.jpg,component_path,augmentation_derivative,same suffix-normalized family=19; 64x64 correlation=0.996015; identical polygons=True,Strongly Supported,mature apple,5,0,369,277,relation through component path; direct relation to canonical not asserted
19_brightness.jpg,resize,train,sg-0298,train/19.jpg,same_name_original,resized_duplicate,same filename; 369x277->640x480; LANCZOS RGB MAE=12.5996; 64x64 luminance correlation=0.998732,Supported,mature apple,5,0,640,480,derived representation; excluded from independent image universe
20.jpg,original,train,sg-0309,train/20.jpg,self,canonical,deterministic representative selection,Confirmed,mature apple,8,0,369,277,"representative, not verified acquisition original"
20.jpg,resize,train,sg-0309,train/20.jpg,same_name_original,resized_duplicate,same filename; 369x277->640x480; LANCZOS RGB MAE=9.9671; 64x64 luminance correlation=0.998901,Supported,mature apple,8,0,640,480,derived representation; excluded from independent image universe
200.jpg,original,train,sg-0310,train/200.jpg,self,canonical,deterministic representative selection,Confirmed,immature apple|semi-mature apple,4,0,277,369,"representative, not verified acquisition original"
200.jpg,resize,train,sg-0310,train/200.jpg,same_name_original,resized_duplicate,same filename; 277x369->480x640; LANCZOS RGB MAE=10.1057; 64x64 luminance correlation=0.998912,Supported,immature apple|semi-mature apple,4,0,480,640,derived representation; excluded from independent image universe
20000.jpg,original,train,sg-0311,train/20000.jpg,self,canonical,deterministic representative selection,Confirmed,mature apple,2,0,369,277,"representative, not verified acquisition original"
20000.jpg,resize,train,sg-0311,train/20000.jpg,same_name_original,resized_duplicate,same filename; 369x277->640x480; LANCZOS RGB MAE=8.2113; 64x64 luminance correlation=0.998957,Supported,mature apple,2,0,640,480,derived representation; excluded from independent image universe
2010.jpg,original,train,sg-0312,train/2010.jpg,self,canonical,deterministic representative selection,Confirmed,immature apple,1,0,277,369,"representative, not verified acquisition original"
2010.jpg,resize,train,sg-0312,train/2010.jpg,same_name_original,resized_duplicate,same filename; 277x369->480x640; LANCZOS RGB MAE=7.895; 64x64 luminance correlation=0.999274,Supported,immature apple,1,0,480,640,derived representation; excluded from independent image universe
2030.jpg,original,train,sg-0313,train/2030.jpg,self,canonical,deterministic representative selection,Confirmed,immature apple,3,0,277,369,"representative, not verified acquisition original"
2030.jpg,resize,train,sg-0313,train/2030.jpg,same_name_original,resized_duplicate,same filename; 277x369->480x640; LANCZOS RGB MAE=7.7182; 64x64 luminance correlation=0.999341,Supported,immature apple,3,0,480,640,derived representation; excluded from independent image universe
2040_noise.jpg,original,train,sg-0023,test/2040.jpg,component_path,augmentation_derivative,64x64 luminance correlation=0.999466; identical region list=True,Strongly Supported,semi-mature apple,1,0,369,277,relation through component path; direct relation to canonical not asserted
2040_noise.jpg,resize,train,sg-0023,test/2040.jpg,same_name_original,resized_duplicate,same filename; 369x277->640x480; LANCZOS RGB MAE=7.0149; 64x64 luminance correlation=0.999434,Supported,semi-mature apple,1,0,640,480,derived representation; excluded from independent image universe
207.jpg,original,train,sg-0314,train/207.jpg,self,canonical,deterministic representative selection,Confirmed,semi-mature apple,1,0,369,277,"representative, not verified acquisition original"
207.jpg,resize,train,sg-0314,train/207.jpg,same_name_original,resized_duplicate,same filename; 369x277->640x480; LANCZOS RGB MAE=5.3991; 64x64 luminance correlation=0.999255,Supported,semi-mature apple,1,0,640,480,derived representation; excluded from independent image universe
207_brightness.jpg,original,train,sg-0314,train/207.jpg,component_path,augmentation_derivative,same suffix-normalized family=207; 64x64 correlation=0.999333; identical polygons=True,Strongly Supported,semi-mature apple,1,0,369,277,relation through component path; direct relation to canonical not asserted
207_brightness.jpg,resize,train,sg-0314,train/207.jpg,same_name_original,resized_duplicate,same filename; 369x277->640x480; LANCZOS RGB MAE=5.8981; 64x64 luminance correlation=0.999255,Supported,semi-mature apple,1,0,640,480,derived representation; excluded from independent image universe
2080.jpg,original,train,sg-0315,train/2080.jpg,self,canonical,deterministic representative selection,Confirmed,semi-mature apple,1,0,369,277,"representative, not verified acquisition original"
2080.jpg,resize,train,sg-0315,train/2080.jpg,same_name_original,resized_duplicate,same filename; 369x277->640x480; LANCZOS RGB MAE=10.7372; 64x64 luminance correlation=0.998797,Supported,semi-mature apple,1,0,640,480,derived representation; excluded from independent image universe
2080_brightness.jpg,original,train,sg-0315,train/2080.jpg,component_path,augmentation_derivative,same suffix-normalized family=2080; 64x64 correlation=0.998235; identical polygons=True,Strongly Supported,semi-mature apple,1,0,369,277,relation through component path; direct relation to canonical not asserted
2080_brightness.jpg,resize,train,sg-0315,train/2080.jpg,same_name_original,resized_duplicate,same filename; 369x277->640x480; LANCZOS RGB MAE=11.5245; 64x64 luminance correlation=0.998818,Supported,semi-mature apple,1,0,640,480,derived representation; excluded from independent image universe
2080_noise.jpg,original,train,sg-0315,train/2080.jpg,component_path,augmentation_derivative,same suffix-normalized family=2080; 64x64 correlation=0.999352; identical polygons=True,Strongly Supported,semi-mature apple,1,0,369,277,relation through component path; direct relation to canonical not asserted
2080_noise.jpg,resize,train,sg-0315,train/2080.jpg,same_name_original,resized_duplicate,same filename; 369x277->640x480; LANCZOS RGB MAE=11.7967; 64x64 luminance correlation=0.99883,Supported,semi-mature apple,1,0,640,480,derived representation; excluded from independent image universe
209.jpg,original,train,sg-0316,train/209.jpg,self,canonical,deterministic representative selection,Confirmed,immature apple|semi-mature apple,4,0,369,277,"representative, not verified acquisition original"
209.jpg,resize,train,sg-0316,train/209.jpg,same_name_original,resized_duplicate,same filename; 369x277->640x480; LANCZOS RGB MAE=8.0588; 64x64 luminance correlation=0.999174,Supported,immature apple|semi-mature apple,4,0,640,480,derived representation; excluded from independent image universe
21.jpg,original,train,sg-0317,train/21.jpg,self,canonical,deterministic representative selection,Confirmed,mature apple,8,0,369,277,"representative, not verified acquisition original"
21.jpg,resize,train,sg-0317,train/21.jpg,same_name_original,resized_duplicate,same filename; 369x277->640x480; LANCZOS RGB MAE=9.6173; 64x64 luminance correlation=0.999006,Supported,mature apple,8,0,640,480,derived representation; excluded from independent image universe
2110.jpg,original,train,sg-0318,train/2110.jpg,self,canonical,deterministic representative selection,Confirmed,mature apple|semi-mature apple,2,0,369,277,"representative, not verified acquisition original"
2110.jpg,resize,train,sg-0318,train/2110.jpg,same_name_original,resized_duplicate,same filename; 369x277->640x480; LANCZOS RGB MAE=5.9304; 64x64 luminance correlation=0.999212,Supported,mature apple|semi-mature apple,2,0,640,480,derived representation; excluded from independent image universe
2120.jpg,original,train,sg-0319,train/2120.jpg,self,canonical,deterministic representative selection,Confirmed,mature apple,1,0,369,277,"representative, not verified acquisition original"
2120.jpg,resize,train,sg-0319,train/2120.jpg,same_name_original,resized_duplicate,same filename; 369x277->640x480; LANCZOS RGB MAE=7.1419; 64x64 luminance correlation=0.999231,Supported,mature apple,1,0,640,480,derived representation; excluded from independent image universe
213.jpg,original,train,sg-0320,train/213.jpg,self,canonical,deterministic representative selection,Confirmed,mature apple,1,0,369,277,"representative, not verified acquisition original"
213.jpg,resize,train,sg-0320,train/213.jpg,same_name_original,resized_duplicate,same filename; 369x277->640x480; LANCZOS RGB MAE=6.6023; 64x64 luminance correlation=0.999214,Supported,mature apple,1,0,640,480,derived representation; excluded from independent image universe
214.jpg,original,train,sg-0321,train/214.jpg,self,canonical,deterministic representative selection,Confirmed,immature apple|semi-mature apple,2,0,369,277,"representative, not verified acquisition original"
214.jpg,resize,train,sg-0321,train/214.jpg,same_name_original,resized_duplicate,same filename; 369x277->640x480; LANCZOS RGB MAE=11.6656; 64x64 luminance correlation=0.999265,Supported,immature apple|semi-mature apple,2,0,640,480,derived representation; excluded from independent image universe
216.jpg,original,train,sg-0322,train/216.jpg,self,canonical,deterministic representative selection,Confirmed,immature apple|semi-mature apple,2,0,369,277,"representative, not verified acquisition original"
216.jpg,resize,train,sg-0322,train/216.jpg,same_name_original,resized_duplicate,same filename; 369x277->640x480; LANCZOS RGB MAE=6.2963; 64x64 luminance correlation=0.999307,Supported,immature apple|semi-mature apple,2,0,640,480,derived representation; excluded from independent image universe
2170.jpg,original,train,sg-0323,train/2170.jpg,self,canonical,deterministic representative selection,Confirmed,semi-mature apple,1,0,369,277,"representative, not verified acquisition original"
2170.jpg,resize,train,sg-0323,train/2170.jpg,same_name_original,resized_duplicate,same filename; 369x277->640x480; LANCZOS RGB MAE=3.8257; 64x64 luminance correlation=0.999601,Supported,semi-mature apple,1,0,640,480,derived representation; excluded from independent image universe
2170_brightness.jpg,original,train,sg-0323,train/2170.jpg,component_path,augmentation_derivative,same suffix-normalized family=2170; 64x64 correlation=0.999814; identical polygons=True,Strongly Supported,semi-mature apple,1,0,369,277,relation through component path; direct relation to canonical not asserted
2170_brightness.jpg,resize,train,sg-0323,train/2170.jpg,same_name_original,resized_duplicate,same filename; 369x277->640x480; LANCZOS RGB MAE=4.2955; 64x64 luminance correlation=0.999599,Supported,semi-mature apple,1,0,640,480,derived representation; excluded from independent image universe
2170_noise.jpg,original,train,sg-0323,train/2170.jpg,component_path,augmentation_derivative,same suffix-normalized family=2170; 64x64 correlation=0.999495; identical polygons=True,Strongly Supported,semi-mature apple,1,0,369,277,relation through component path; direct relation to canonical not asserted
2170_noise.jpg,resize,train,sg-0323,train/2170.jpg,same_name_original,resized_duplicate,same filename; 369x277->640x480; LANCZOS RGB MAE=5.5528; 64x64 luminance correlation=0.999594,Supported,semi-mature apple,1,0,640,480,derived representation; excluded from independent image universe
2180.jpg,original,train,sg-0324,train/2180.jpg,self,canonical,deterministic representative selection,Confirmed,immature apple|semi-mature apple,2,0,369,277,"representative, not verified acquisition original"
2180.jpg,resize,train,sg-0324,train/2180.jpg,same_name_original,resized_duplicate,same filename; 369x277->640x480; LANCZOS RGB MAE=4.3661; 64x64 luminance correlation=0.99927,Supported,immature apple|semi-mature apple,2,0,640,480,derived representation; excluded from independent image universe
2190.jpg,original,train,sg-0325,train/2190.jpg,self,canonical,deterministic representative selection,Confirmed,semi-mature apple,2,0,369,277,"representative, not verified acquisition original"
2190.jpg,resize,train,sg-0325,train/2190.jpg,same_name_original,resized_duplicate,same filename; 369x277->640x480; LANCZOS RGB MAE=5.5287; 64x64 luminance correlation=0.999095,Supported,semi-mature apple,2,0,640,480,derived representation; excluded from independent image universe
2190_brightness.jpg,original,train,sg-0325,train/2190.jpg,component_path,augmentation_derivative,same suffix-normalized family=2190; 64x64 correlation=0.998976; identical polygons=True,Strongly Supported,semi-mature apple,2,0,369,277,relation through component path; direct relation to canonical not asserted
2190_brightness.jpg,resize,train,sg-0325,train/2190.jpg,same_name_original,resized_duplicate,same filename; 369x277->640x480; LANCZOS RGB MAE=6.204; 64x64 luminance correlation=0.999078,Supported,semi-mature apple,2,0,640,480,derived representation; excluded from independent image universe
2190_noise.jpg,original,train,sg-0325,train/2190.jpg,component_path,augmentation_derivative,same suffix-normalized family=2190; 64x64 correlation=0.999283; identical polygons=True,Strongly Supported,semi-mature apple,2,0,369,277,relation through component path; direct relation to canonical not asserted
2190_noise.jpg,resize,train,sg-0325,train/2190.jpg,same_name_original,resized_duplicate,same filename; 369x277->640x480; LANCZOS RGB MAE=6.8992; 64x64 luminance correlation=0.999093,Supported,semi-mature apple,2,0,640,480,derived representation; excluded from independent image universe
21_brightness.jpg,original,train,sg-0317,train/21.jpg,component_path,augmentation_derivative,same suffix-normalized family=21; 64x64 correlation=0.997845; identical polygons=True,Strongly Supported,mature apple,8,0,369,277,relation through component path; direct relation to canonical not asserted
21_brightness.jpg,resize,train,sg-0317,train/21.jpg,same_name_original,resized_duplicate,same filename; 369x277->640x480; LANCZOS RGB MAE=10.2684; 64x64 luminance correlation=0.998957,Supported,mature apple,8,0,640,480,derived representation; excluded from independent image universe
2200.jpg,original,train,sg-0326,train/2200.jpg,self,canonical,deterministic representative selection,Confirmed,semi-mature apple,2,0,369,277,"representative, not verified acquisition original"
2200.jpg,resize,train,sg-0326,train/2200.jpg,same_name_original,resized_duplicate,same filename; 369x277->640x480; LANCZOS RGB MAE=4.7786; 64x64 luminance correlation=0.999396,Supported,semi-mature apple,2,0,640,480,derived representation; excluded from independent image universe
2200_noise.jpg,original,train,sg-0326,train/2200.jpg,component_path,augmentation_derivative,same suffix-normalized family=2200; 64x64 correlation=0.999403; identical polygons=True,Strongly Supported,semi-mature apple,2,0,369,277,relation through component path; direct relation to canonical not asserted
2200_noise.jpg,resize,train,sg-0326,train/2200.jpg,same_name_original,resized_duplicate,same filename; 369x277->640x480; LANCZOS RGB MAE=6.2051; 64x64 luminance correlation=0.999393,Supported,semi-mature apple,2,0,640,480,derived representation; excluded from independent image universe
2210_noise.jpg,original,train,sg-0027,test/2210.jpg,component_path,augmentation_derivative,64x64 luminance correlation=0.999565; identical region list=True,Strongly Supported,semi-mature apple,1,0,369,277,relation through component path; direct relation to canonical not asserted
2210_noise.jpg,resize,train,sg-0027,test/2210.jpg,same_name_original,resized_duplicate,same filename; 369x277->640x480; LANCZOS RGB MAE=6.1477; 64x64 luminance correlation=0.999518,Supported,semi-mature apple,1,0,640,480,derived representation; excluded from independent image universe
2220.jpg,original,train,sg-0327,train/2220.jpg,self,canonical,deterministic representative selection,Confirmed,semi-mature apple,5,0,369,277,"representative, not verified acquisition original"
2220.jpg,resize,train,sg-0327,train/2220.jpg,same_name_original,resized_duplicate,same filename; 369x277->640x480; LANCZOS RGB MAE=5.8342; 64x64 luminance correlation=0.99926,Supported,semi-mature apple,5,0,640,480,derived representation; excluded from independent image universe
2220_brightness.jpg,original,train,sg-0327,train/2220.jpg,component_path,augmentation_derivative,same suffix-normalized family=2220; 64x64 correlation=0.998547; identical polygons=True,Strongly Supported,semi-mature apple,5,0,369,277,relation through component path; direct relation to canonical not asserted
2220_brightness.jpg,resize,train,sg-0327,train/2220.jpg,same_name_original,resized_duplicate,same filename; 369x277->640x480; LANCZOS RGB MAE=6.4136; 64x64 luminance correlation=0.99924,Supported,semi-mature apple,5,0,640,480,derived representation; excluded from independent image universe
2220_noise.jpg,original,train,sg-0327,train/2220.jpg,component_path,augmentation_derivative,same suffix-normalized family=2220; 64x64 correlation=0.999503; identical polygons=True,Strongly Supported,semi-mature apple,5,0,369,277,relation through component path; direct relation to canonical not asserted
2220_noise.jpg,resize,train,sg-0327,train/2220.jpg,same_name_original,resized_duplicate,same filename; 369x277->640x480; LANCZOS RGB MAE=7.1142; 64x64 luminance correlation=0.999257,Supported,semi-mature apple,5,0,640,480,derived representation; excluded from independent image universe
223.jpg,original,train,sg-0328,train/223.jpg,self,canonical,deterministic representative selection,Confirmed,semi-mature apple,1,0,369,277,"representative, not verified acquisition original"
223.jpg,resize,train,sg-0328,train/223.jpg,same_name_original,resized_duplicate,same filename; 369x277->640x480; LANCZOS RGB MAE=3.8167; 64x64 luminance correlation=0.999379,Supported,semi-mature apple,1,0,640,480,derived representation; excluded from independent image universe
223_brightness.jpg,original,train,sg-0328,train/223.jpg,component_path,augmentation_derivative,same suffix-normalized family=223; 64x64 correlation=0.996026; identical polygons=True,Strongly Supported,semi-mature apple,1,0,369,277,relation through component path; direct relation to canonical not asserted
223_brightness.jpg,resize,train,sg-0328,train/223.jpg,same_name_original,resized_duplicate,same filename; 369x277->640x480; LANCZOS RGB MAE=4.1213; 64x64 luminance correlation=0.999407,Supported,semi-mature apple,1,0,640,480,derived representation; excluded from independent image universe
2240.jpg,original,train,sg-0329,train/2240.jpg,self,canonical,deterministic representative selection,Confirmed,semi-mature apple,1,0,369,277,"representative, not verified acquisition original"
2240.jpg,resize,train,sg-0329,train/2240.jpg,same_name_original,resized_duplicate,same filename; 369x277->640x480; LANCZOS RGB MAE=12.927; 64x64 luminance correlation=0.998827,Supported,semi-mature apple,1,0,640,480,derived representation; excluded from independent image universe
2240_brightness.jpg,original,train,sg-0329,train/2240.jpg,component_path,augmentation_derivative,same suffix-normalized family=2240; 64x64 correlation=0.996192; identical polygons=True,Strongly Supported,semi-mature apple,1,0,369,277,relation through component path; direct relation to canonical not asserted
2240_brightness.jpg,resize,train,sg-0329,train/2240.jpg,same_name_original,resized_duplicate,same filename; 369x277->640x480; LANCZOS RGB MAE=14.0448; 64x64 luminance correlation=0.998724,Supported,semi-mature apple,1,0,640,480,derived representation; excluded from independent image universe
2240_noise.jpg,original,train,sg-0329,train/2240.jpg,component_path,augmentation_derivative,same suffix-normalized family=2240; 64x64 correlation=0.999379; identical polygons=True,Strongly Supported,semi-mature apple,1,0,369,277,relation through component path; direct relation to canonical not asserted
2240_noise.jpg,resize,train,sg-0329,train/2240.jpg,same_name_original,resized_duplicate,same filename; 369x277->640x480; LANCZOS RGB MAE=13.5042; 64x64 luminance correlation=0.998813,Supported,semi-mature apple,1,0,640,480,derived representation; excluded from independent image universe
2250.jpg,original,train,sg-0330,train/2250.jpg,self,canonical,deterministic representative selection,Confirmed,semi-mature apple,3,0,369,277,"representative, not verified acquisition original"
2250.jpg,resize,train,sg-0330,train/2250.jpg,same_name_original,resized_duplicate,same filename; 369x277->640x480; LANCZOS RGB MAE=5.458; 64x64 luminance correlation=0.9995,Supported,semi-mature apple,3,0,640,480,derived representation; excluded from independent image universe
2250_brightness.jpg,original,train,sg-0330,train/2250.jpg,component_path,augmentation_derivative,same suffix-normalized family=2250; 64x64 correlation=0.999780; identical polygons=True,Strongly Supported,semi-mature apple,3,0,369,277,relation through component path; direct relation to canonical not asserted
2250_brightness.jpg,resize,train,sg-0330,train/2250.jpg,same_name_original,resized_duplicate,same filename; 369x277->640x480; LANCZOS RGB MAE=6.0783; 64x64 luminance correlation=0.999509,Supported,semi-mature apple,3,0,640,480,derived representation; excluded from independent image universe
2250_noise.jpg,original,train,sg-0330,train/2250.jpg,component_path,augmentation_derivative,same suffix-normalized family=2250; 64x64 correlation=0.999524; identical polygons=True,Strongly Supported,semi-mature apple,3,0,369,277,relation through component path; direct relation to canonical not asserted
2250_noise.jpg,resize,train,sg-0330,train/2250.jpg,same_name_original,resized_duplicate,same filename; 369x277->640x480; LANCZOS RGB MAE=6.8146; 64x64 luminance correlation=0.999496,Supported,semi-mature apple,3,0,640,480,derived representation; excluded from independent image universe
226.jpg,original,train,sg-0331,train/226.jpg,self,canonical,deterministic representative selection,Confirmed,semi-mature apple,1,0,369,277,"representative, not verified acquisition original"
226.jpg,resize,train,sg-0331,train/226.jpg,same_name_original,resized_duplicate,same filename; 369x277->640x480; LANCZOS RGB MAE=7.5448; 64x64 luminance correlation=0.999543,Supported,semi-mature apple,1,0,640,480,derived representation; excluded from independent image universe
226_brightness.jpg,original,train,sg-0331,train/226.jpg,component_path,augmentation_derivative,same suffix-normalized family=226; 64x64 correlation=0.999443; identical polygons=True,Strongly Supported,semi-mature apple,1,0,369,277,relation through component path; direct relation to canonical not asserted
226_brightness.jpg,resize,train,sg-0331,train/226.jpg,same_name_original,resized_duplicate,same filename; 369x277->640x480; LANCZOS RGB MAE=8.3554; 64x64 luminance correlation=0.99956,Supported,semi-mature apple,1,0,640,480,derived representation; excluded from independent image universe
226_noise.jpg,original,train,sg-0331,train/226.jpg,component_path,augmentation_derivative,same suffix-normalized family=226; 64x64 correlation=0.999525; identical polygons=True,Strongly Supported,semi-mature apple,1,0,369,277,relation through component path; direct relation to canonical not asserted
226_noise.jpg,resize,train,sg-0331,train/226.jpg,same_name_original,resized_duplicate,same filename; 369x277->640x480; LANCZOS RGB MAE=8.9298; 64x64 luminance correlation=0.999558,Supported,semi-mature apple,1,0,640,480,derived representation; excluded from independent image universe
227_noise.jpg,original,train,sg-0028,test/227.jpg,component_path,augmentation_derivative,64x64 luminance correlation=0.999509; identical region list=True,Strongly Supported,semi-mature apple,1,0,369,277,relation through component path; direct relation to canonical not asserted
227_noise.jpg,resize,train,sg-0028,test/227.jpg,same_name_original,resized_duplicate,same filename; 369x277->640x480; LANCZOS RGB MAE=6.9375; 64x64 luminance correlation=0.999518,Supported,semi-mature apple,1,0,640,480,derived representation; excluded from independent image universe
2280.jpg,original,train,sg-0332,train/2280.jpg,self,canonical,deterministic representative selection,Confirmed,semi-mature apple,1,0,369,277,"representative, not verified acquisition original"
2280.jpg,resize,train,sg-0332,train/2280.jpg,same_name_original,resized_duplicate,same filename; 369x277->640x480; LANCZOS RGB MAE=5.758; 64x64 luminance correlation=0.999143,Supported,semi-mature apple,1,0,640,480,derived representation; excluded from independent image universe
2280_brightness.jpg,original,train,sg-0332,train/2280.jpg,component_path,augmentation_derivative,same suffix-normalized family=2280; 64x64 correlation=0.997571; identical polygons=True,Strongly Supported,semi-mature apple,1,0,369,277,relation through component path; direct relation to canonical not asserted
2280_brightness.jpg,resize,train,sg-0332,train/2280.jpg,same_name_original,resized_duplicate,same filename; 369x277->640x480; LANCZOS RGB MAE=6.3666; 64x64 luminance correlation=0.999097,Supported,semi-mature apple,1,0,640,480,derived representation; excluded from independent image universe
2280_noise.jpg,original,train,sg-0332,train/2280.jpg,component_path,augmentation_derivative,same suffix-normalized family=2280; 64x64 correlation=0.999296; identical polygons=True,Strongly Supported,semi-mature apple,1,0,369,277,relation through component path; direct relation to canonical not asserted
2280_noise.jpg,resize,train,sg-0332,train/2280.jpg,same_name_original,resized_duplicate,same filename; 369x277->640x480; LANCZOS RGB MAE=7.3741; 64x64 luminance correlation=0.999151,Supported,semi-mature apple,1,0,640,480,derived representation; excluded from independent image universe
2300.jpg,original,train,sg-0333,train/2300.jpg,self,canonical,deterministic representative selection,Confirmed,immature apple|semi-mature apple,4,0,369,277,"representative, not verified acquisition original"
2300.jpg,resize,train,sg-0333,train/2300.jpg,same_name_original,resized_duplicate,same filename; 369x277->640x480; LANCZOS RGB MAE=6.2445; 64x64 luminance correlation=0.999411,Supported,immature apple|semi-mature apple,4,0,640,480,derived representation; excluded from independent image universe
23000.jpg,original,train,sg-0334,train/23000.jpg,self,canonical,deterministic representative selection,Confirmed,mature apple,3,0,369,277,"representative, not verified acquisition original"
23000.jpg,resize,train,sg-0334,train/23000.jpg,same_name_original,resized_duplicate,same filename; 369x277->640x480; LANCZOS RGB MAE=11.2629; 64x64 luminance correlation=0.998392,Supported,mature apple,3,0,640,480,derived representation; excluded from independent image universe
231.jpg,original,train,sg-0335,train/231.jpg,self,canonical,deterministic representative selection,Confirmed,immature apple|semi-mature apple,2,0,369,277,"representative, not verified acquisition original"
231.jpg,resize,train,sg-0335,train/231.jpg,same_name_original,resized_duplicate,same filename; 369x277->640x480; LANCZOS RGB MAE=10.0408; 64x64 luminance correlation=0.998656,Supported,immature apple|semi-mature apple,2,0,640,480,derived representation; excluded from independent image universe
2330.jpg,original,train,sg-0336,train/2330.jpg,self,canonical,deterministic representative selection,Confirmed,semi-mature apple,3,0,369,277,"representative, not verified acquisition original"
2330.jpg,resize,train,sg-0336,train/2330.jpg,same_name_original,resized_duplicate,same filename; 369x277->640x480; LANCZOS RGB MAE=3.865; 64x64 luminance correlation=0.999539,Supported,semi-mature apple,3,0,640,480,derived representation; excluded from independent image universe
2330_brightness.jpg,original,train,sg-0336,train/2330.jpg,component_path,augmentation_derivative,same suffix-normalized family=2330; 64x64 correlation=0.999606; identical polygons=True,Strongly Supported,semi-mature apple,3,0,369,277,relation through component path; direct relation to canonical not asserted
2330_brightness.jpg,resize,train,sg-0336,train/2330.jpg,same_name_original,resized_duplicate,same filename; 369x277->640x480; LANCZOS RGB MAE=4.2472; 64x64 luminance correlation=0.999537,Supported,semi-mature apple,3,0,640,480,derived representation; excluded from independent image universe
2330_noise.jpg,original,train,sg-0336,train/2330.jpg,component_path,augmentation_derivative,same suffix-normalized family=2330; 64x64 correlation=0.999639; identical polygons=True,Strongly Supported,semi-mature apple,3,0,369,277,relation through component path; direct relation to canonical not asserted
2330_noise.jpg,resize,train,sg-0336,train/2330.jpg,same_name_original,resized_duplicate,same filename; 369x277->640x480; LANCZOS RGB MAE=5.5709; 64x64 luminance correlation=0.99954,Supported,semi-mature apple,3,0,640,480,derived representation; excluded from independent image universe
2340.jpg,original,train,sg-0006,test/1270.jpg,component_path,augmentation_derivative,same suffix-normalized family=2340; 64x64 correlation=0.999257; identical polygons=True,Strongly Supported,semi-mature apple,4,0,369,277,relation through component path; direct relation to canonical not asserted
2340.jpg,resize,train,sg-0006,test/1270.jpg,same_name_original,resized_duplicate,same filename; 369x277->640x480; LANCZOS RGB MAE=4.3736; 64x64 luminance correlation=0.999589,Supported,semi-mature apple,4,0,640,480,derived representation; excluded from independent image universe
2340_brightness.jpg,original,train,sg-0006,test/1270.jpg,component_path,augmentation_derivative,same suffix-normalized family=2340; 64x64 correlation=0.999257; identical polygons=True,Strongly Supported,semi-mature apple,4,0,369,277,relation through component path; direct relation to canonical not asserted
2340_brightness.jpg,resize,train,sg-0006,test/1270.jpg,same_name_original,resized_duplicate,same filename; 369x277->640x480; LANCZOS RGB MAE=4.9445; 64x64 luminance correlation=0.999576,Supported,semi-mature apple,4,0,640,480,derived representation; excluded from independent image universe
2350.jpg,original,train,sg-0337,train/2350.jpg,self,canonical,deterministic representative selection,Confirmed,immature apple|semi-mature apple,3,0,369,277,"representative, not verified acquisition original"
2350.jpg,resize,train,sg-0337,train/2350.jpg,same_name_original,resized_duplicate,same filename; 369x277->640x480; LANCZOS RGB MAE=4.4103; 64x64 luminance correlation=0.999344,Supported,immature apple|semi-mature apple,3,0,640,480,derived representation; excluded from independent image universe
2360_brightness.jpg,original,train,sg-0030,test/2360.jpg,component_path,augmentation_derivative,same suffix-normalized family=2360; 64x64 correlation=0.998464; identical polygons=True,Strongly Supported,semi-mature apple,3,0,369,277,relation through component path; direct relation to canonical not asserted
2360_brightness.jpg,resize,train,sg-0030,test/2360.jpg,same_name_original,resized_duplicate,same filename; 369x277->640x480; LANCZOS RGB MAE=7.4703; 64x64 luminance correlation=0.999132,Supported,semi-mature apple,3,0,640,480,derived representation; excluded from independent image universe
2360_noise.jpg,original,train,sg-0030,test/2360.jpg,component_path,augmentation_derivative,same suffix-normalized family=2360; 64x64 correlation=0.998464; identical polygons=True,Strongly Supported,semi-mature apple,3,0,369,277,relation through component path; direct relation to canonical not asserted
2360_noise.jpg,resize,train,sg-0030,test/2360.jpg,same_name_original,resized_duplicate,same filename; 369x277->640x480; LANCZOS RGB MAE=7.8503; 64x64 luminance correlation=0.999138,Supported,semi-mature apple,3,0,640,480,derived representation; excluded from independent image universe
2370.jpg,original,train,sg-0338,train/2370.jpg,self,canonical,deterministic representative selection,Confirmed,semi-mature apple,1,0,369,277,"representative, not verified acquisition original"
2370.jpg,resize,train,sg-0338,train/2370.jpg,same_name_original,resized_duplicate,same filename; 369x277->640x480; LANCZOS RGB MAE=5.6519; 64x64 luminance correlation=0.998825,Supported,semi-mature apple,1,0,640,480,derived representation; excluded from independent image universe
2370_brightness.jpg,original,train,sg-0338,train/2370.jpg,component_path,augmentation_derivative,same suffix-normalized family=2370; 64x64 correlation=0.998605; identical polygons=True,Strongly Supported,semi-mature apple,1,0,369,277,relation through component path; direct relation to canonical not asserted
2370_brightness.jpg,resize,train,sg-0338,train/2370.jpg,same_name_original,resized_duplicate,same filename; 369x277->640x480; LANCZOS RGB MAE=6.2534; 64x64 luminance correlation=0.998864,Supported,semi-mature apple,1,0,640,480,derived representation; excluded from independent image universe
2370_noise.jpg,original,train,sg-0338,train/2370.jpg,component_path,augmentation_derivative,same suffix-normalized family=2370; 64x64 correlation=0.999414; identical polygons=True,Strongly Supported,semi-mature apple,1,0,369,277,relation through component path; direct relation to canonical not asserted
2370_noise.jpg,resize,train,sg-0338,train/2370.jpg,same_name_original,resized_duplicate,same filename; 369x277->640x480; LANCZOS RGB MAE=7.0051; 64x64 luminance correlation=0.998846,Supported,semi-mature apple,1,0,640,480,derived representation; excluded from independent image universe
2380.jpg,original,train,sg-0339,train/2380.jpg,self,canonical,deterministic representative selection,Confirmed,immature apple|semi-mature apple,2,0,369,277,"representative, not verified acquisition original"
2380.jpg,resize,train,sg-0339,train/2380.jpg,same_name_original,resized_duplicate,same filename; 369x277->640x480; LANCZOS RGB MAE=7.2937; 64x64 luminance correlation=0.999003,Supported,immature apple|semi-mature apple,2,0,640,480,derived representation; excluded from independent image universe
24000.jpg,original,train,sg-0340,train/24000.jpg,self,canonical,deterministic representative selection,Confirmed,mature apple,5,0,369,277,"representative, not verified acquisition original"
24000.jpg,resize,train,sg-0340,train/24000.jpg,same_name_original,resized_duplicate,same filename; 369x277->640x480; LANCZOS RGB MAE=12.8779; 64x64 luminance correlation=0.998746,Supported,mature apple,5,0,640,480,derived representation; excluded from independent image universe
24000_brightness.jpg,original,train,sg-0340,train/24000.jpg,component_path,augmentation_derivative,same suffix-normalized family=24000; 64x64 correlation=0.996513; identical polygons=True,Strongly Supported,mature apple,5,0,369,277,relation through component path; direct relation to canonical not asserted
24000_brightness.jpg,resize,train,sg-0340,train/24000.jpg,same_name_original,resized_duplicate,same filename; 369x277->640x480; LANCZOS RGB MAE=14.0018; 64x64 luminance correlation=0.998639,Supported,mature apple,5,0,640,480,derived representation; excluded from independent image universe
2400_brightness.jpg,original,train,sg-0341,train/2400_brightness.jpg,self,canonical,deterministic representative selection,Confirmed,semi-mature apple,1,0,369,277,"representative, not verified acquisition original"
2400_brightness.jpg,resize,train,sg-0341,train/2400_brightness.jpg,same_name_original,resized_duplicate,same filename; 369x277->640x480; LANCZOS RGB MAE=5.4829; 64x64 luminance correlation=0.999469,Supported,semi-mature apple,1,0,640,480,derived representation; excluded from independent image universe
2410_brightness.jpg,original,train,sg-0031,test/2410.jpg,component_path,augmentation_derivative,same suffix-normalized family=2410; 64x64 correlation=0.999187; identical polygons=True,Strongly Supported,semi-mature apple,1,0,369,277,relation through component path; direct relation to canonical not asserted
2410_brightness.jpg,resize,train,sg-0031,test/2410.jpg,same_name_original,resized_duplicate,same filename; 369x277->640x480; LANCZOS RGB MAE=4.3768; 64x64 luminance correlation=0.999416,Supported,semi-mature apple,1,0,640,480,derived representation; excluded from independent image universe
2410_noise.jpg,original,train,sg-0031,test/2410.jpg,component_path,augmentation_derivative,same suffix-normalized family=2410; 64x64 correlation=0.999187; identical polygons=True,Strongly Supported,semi-mature apple,1,0,369,277,relation through component path; direct relation to canonical not asserted
2410_noise.jpg,resize,train,sg-0031,test/2410.jpg,same_name_original,resized_duplicate,same filename; 369x277->640x480; LANCZOS RGB MAE=5.5671; 64x64 luminance correlation=0.999401,Supported,semi-mature apple,1,0,640,480,derived representation; excluded from independent image universe
2430.jpg,original,train,sg-0342,train/2430.jpg,self,canonical,deterministic representative selection,Confirmed,semi-mature apple,2,0,369,277,"representative, not verified acquisition original"
2430.jpg,resize,train,sg-0342,train/2430.jpg,same_name_original,resized_duplicate,same filename; 369x277->640x480; LANCZOS RGB MAE=10.0373; 64x64 luminance correlation=0.998609,Supported,semi-mature apple,2,0,640,480,derived representation; excluded from independent image universe
2430_brightness.jpg,original,train,sg-0342,train/2430.jpg,component_path,augmentation_derivative,same suffix-normalized family=2430; 64x64 correlation=0.998356; identical polygons=True,Strongly Supported,semi-mature apple,2,0,369,277,relation through component path; direct relation to canonical not asserted
2430_brightness.jpg,resize,train,sg-0342,train/2430.jpg,same_name_original,resized_duplicate,same filename; 369x277->640x480; LANCZOS RGB MAE=10.9879; 64x64 luminance correlation=0.99866,Supported,semi-mature apple,2,0,640,480,derived representation; excluded from independent image universe
2430_noise.jpg,original,train,sg-0342,train/2430.jpg,component_path,augmentation_derivative,same suffix-normalized family=2430; 64x64 correlation=0.999271; identical polygons=True,Strongly Supported,semi-mature apple,2,0,369,277,relation through component path; direct relation to canonical not asserted
2430_noise.jpg,resize,train,sg-0342,train/2430.jpg,same_name_original,resized_duplicate,same filename; 369x277->640x480; LANCZOS RGB MAE=10.8775; 64x64 luminance correlation=0.998637,Supported,semi-mature apple,2,0,640,480,derived representation; excluded from independent image universe
2440.jpg,original,train,sg-0343,train/2440.jpg,self,canonical,deterministic representative selection,Confirmed,semi-mature apple,1,0,369,277,"representative, not verified acquisition original"
2440.jpg,resize,train,sg-0343,train/2440.jpg,same_name_original,resized_duplicate,same filename; 369x277->640x480; LANCZOS RGB MAE=5.7262; 64x64 luminance correlation=0.999435,Supported,semi-mature apple,1,0,640,480,derived representation; excluded from independent image universe
2440_brightness.jpg,original,train,sg-0343,train/2440.jpg,component_path,augmentation_derivative,same suffix-normalized family=2440; 64x64 correlation=0.998360; identical polygons=True,Strongly Supported,semi-mature apple,1,0,369,277,relation through component path; direct relation to canonical not asserted
2440_brightness.jpg,resize,train,sg-0343,train/2440.jpg,same_name_original,resized_duplicate,same filename; 369x277->640x480; LANCZOS RGB MAE=6.3668; 64x64 luminance correlation=0.999488,Supported,semi-mature apple,1,0,640,480,derived representation; excluded from independent image universe
2440_noise.jpg,original,train,sg-0343,train/2440.jpg,component_path,augmentation_derivative,same suffix-normalized family=2440; 64x64 correlation=0.999598; identical polygons=True,Strongly Supported,semi-mature apple,1,0,369,277,relation through component path; direct relation to canonical not asserted
2440_noise.jpg,resize,train,sg-0343,train/2440.jpg,same_name_original,resized_duplicate,same filename; 369x277->640x480; LANCZOS RGB MAE=7.0612; 64x64 luminance correlation=0.999446,Supported,semi-mature apple,1,0,640,480,derived representation; excluded from independent image universe
246.jpg,original,train,sg-0344,train/246.jpg,self,canonical,deterministic representative selection,Confirmed,immature apple|semi-mature apple,2,0,369,277,"representative, not verified acquisition original"
246.jpg,resize,train,sg-0344,train/246.jpg,same_name_original,resized_duplicate,same filename; 369x277->640x480; LANCZOS RGB MAE=6.2677; 64x64 luminance correlation=0.999082,Supported,immature apple|semi-mature apple,2,0,640,480,derived representation; excluded from independent image universe
2480.jpg,original,train,sg-0345,train/2480.jpg,self,canonical,deterministic representative selection,Confirmed,immature apple|semi-mature apple,2,0,369,277,"representative, not verified acquisition original"
2480.jpg,resize,train,sg-0345,train/2480.jpg,same_name_original,resized_duplicate,same filename; 369x277->640x480; LANCZOS RGB MAE=9.7937; 64x64 luminance correlation=0.998784,Supported,immature apple|semi-mature apple,2,0,640,480,derived representation; excluded from independent image universe
249.jpg,original,train,sg-0346,train/249.jpg,self,canonical,deterministic representative selection,Confirmed,semi-mature apple,1,0,369,277,"representative, not verified acquisition original"
249.jpg,resize,train,sg-0346,train/249.jpg,same_name_original,resized_duplicate,same filename; 369x277->640x480; LANCZOS RGB MAE=5.4659; 64x64 luminance correlation=0.999,Supported,semi-mature apple,1,0,640,480,derived representation; excluded from independent image universe
249_brightness.jpg,original,train,sg-0346,train/249.jpg,component_path,augmentation_derivative,same suffix-normalized family=249; 64x64 correlation=0.996434; identical polygons=True,Strongly Supported,semi-mature apple,1,0,369,277,relation through component path; direct relation to canonical not asserted
249_brightness.jpg,resize,train,sg-0346,train/249.jpg,same_name_original,resized_duplicate,same filename; 369x277->640x480; LANCZOS RGB MAE=5.9832; 64x64 luminance correlation=0.999055,Supported,semi-mature apple,1,0,640,480,derived representation; excluded from independent image universe
249_noise.jpg,original,train,sg-0346,train/249.jpg,component_path,augmentation_derivative,same suffix-normalized family=249; 64x64 correlation=0.999476; identical polygons=True,Strongly Supported,semi-mature apple,1,0,369,277,relation through component path; direct relation to canonical not asserted
249_noise.jpg,resize,train,sg-0346,train/249.jpg,same_name_original,resized_duplicate,same filename; 369x277->640x480; LANCZOS RGB MAE=6.9139; 64x64 luminance correlation=0.999019,Supported,semi-mature apple,1,0,640,480,derived representation; excluded from independent image universe
25.jpg,original,train,sg-0347,train/25.jpg,self,canonical,deterministic representative selection,Confirmed,mature apple,3,0,277,369,"representative, not verified acquisition original"
25.jpg,resize,train,sg-0347,train/25.jpg,same_name_original,resized_duplicate,same filename; 277x369->480x640; LANCZOS RGB MAE=9.172; 64x64 luminance correlation=0.99922,Supported,mature apple,3,0,480,640,derived representation; excluded from independent image universe
251.jpg,original,train,sg-0008,test/138.jpg,component_path,exact_duplicate,identical SHA256 7d579f7f2a9882fbab51e747b172da364d77556c89c026c9ec184da25b57a25d; identical region list=False,Confirmed,semi-mature apple,1,0,369,277,relation through component path; direct relation to canonical not asserted
251.jpg,resize,train,sg-0008,test/138.jpg,same_name_original,resized_duplicate,same filename; 369x277->640x480; LANCZOS RGB MAE=4.4882; 64x64 luminance correlation=0.999064,Supported,semi-mature apple,1,0,640,480,derived representation; excluded from independent image universe
251_noise.jpg,original,train,sg-0008,test/138.jpg,component_path,augmentation_derivative,same suffix-normalized family=251; 64x64 correlation=0.999551; identical polygons=True,Strongly Supported,semi-mature apple,1,0,369,277,relation through component path; direct relation to canonical not asserted
251_noise.jpg,resize,train,sg-0008,test/138.jpg,same_name_original,resized_duplicate,same filename; 369x277->640x480; LANCZOS RGB MAE=6.1741; 64x64 luminance correlation=0.99908,Supported,semi-mature apple,1,0,640,480,derived representation; excluded from independent image universe
2520.jpg,original,train,sg-0348,train/2520.jpg,self,canonical,deterministic representative selection,Confirmed,semi-mature apple,1,0,369,277,"representative, not verified acquisition original"
2520.jpg,resize,train,sg-0348,train/2520.jpg,same_name_original,resized_duplicate,same filename; 369x277->640x480; LANCZOS RGB MAE=9.3407; 64x64 luminance correlation=0.998917,Supported,semi-mature apple,1,0,640,480,derived representation; excluded from independent image universe
2520_noise.jpg,original,train,sg-0348,train/2520.jpg,component_path,augmentation_derivative,same suffix-normalized family=2520; 64x64 correlation=0.999342; identical polygons=True,Strongly Supported,semi-mature apple,1,0,369,277,relation through component path; direct relation to canonical not asserted
2520_noise.jpg,resize,train,sg-0348,train/2520.jpg,same_name_original,resized_duplicate,same filename; 369x277->640x480; LANCZOS RGB MAE=10.3536; 64x64 luminance correlation=0.998948,Supported,semi-mature apple,1,0,640,480,derived representation; excluded from independent image universe
253.jpg,original,train,sg-0349,train/253.jpg,self,canonical,deterministic representative selection,Confirmed,semi-mature apple,1,0,369,277,"representative, not verified acquisition original"
253.jpg,resize,train,sg-0349,train/253.jpg,same_name_original,resized_duplicate,same filename; 369x277->640x480; LANCZOS RGB MAE=3.9273; 64x64 luminance correlation=0.999155,Supported,semi-mature apple,1,0,640,480,derived representation; excluded from independent image universe
253_brightness.jpg,original,train,sg-0349,train/253.jpg,component_path,augmentation_derivative,same suffix-normalized family=253; 64x64 correlation=0.996591; identical polygons=True,Strongly Supported,semi-mature apple,1,0,369,277,relation through component path; direct relation to canonical not asserted
253_brightness.jpg,resize,train,sg-0349,train/253.jpg,same_name_original,resized_duplicate,same filename; 369x277->640x480; LANCZOS RGB MAE=4.3289; 64x64 luminance correlation=0.999244,Supported,semi-mature apple,1,0,640,480,derived representation; excluded from independent image universe
253_noise.jpg,original,train,sg-0349,train/253.jpg,component_path,augmentation_derivative,same suffix-normalized family=253; 64x64 correlation=0.999563; identical polygons=True,Strongly Supported,semi-mature apple,1,0,369,277,relation through component path; direct relation to canonical not asserted
253_noise.jpg,resize,train,sg-0349,train/253.jpg,same_name_original,resized_duplicate,same filename; 369x277->640x480; LANCZOS RGB MAE=5.7467; 64x64 luminance correlation=0.999163,Supported,semi-mature apple,1,0,640,480,derived representation; excluded from independent image universe
2540.jpg,original,train,sg-0350,train/2540.jpg,self,canonical,deterministic representative selection,Confirmed,semi-mature apple,1,0,369,277,"representative, not verified acquisition original"
2540.jpg,resize,train,sg-0350,train/2540.jpg,same_name_original,resized_duplicate,same filename; 369x277->640x480; LANCZOS RGB MAE=8.9685; 64x64 luminance correlation=0.999142,Supported,semi-mature apple,1,0,640,480,derived representation; excluded from independent image universe
2540_brightness.jpg,original,train,sg-0350,train/2540.jpg,component_path,augmentation_derivative,same suffix-normalized family=2540; 64x64 correlation=0.997427; identical polygons=True,Strongly Supported,semi-mature apple,1,0,369,277,relation through component path; direct relation to canonical not asserted
2540_brightness.jpg,resize,train,sg-0350,train/2540.jpg,same_name_original,resized_duplicate,same filename; 369x277->640x480; LANCZOS RGB MAE=9.8644; 64x64 luminance correlation=0.999113,Supported,semi-mature apple,1,0,640,480,derived representation; excluded from independent image universe
2540_noise.jpg,original,train,sg-0350,train/2540.jpg,component_path,augmentation_derivative,same suffix-normalized family=2540; 64x64 correlation=0.999369; identical polygons=True,Strongly Supported,semi-mature apple,1,0,369,277,relation through component path; direct relation to canonical not asserted
2540_noise.jpg,resize,train,sg-0350,train/2540.jpg,same_name_original,resized_duplicate,same filename; 369x277->640x480; LANCZOS RGB MAE=10.0402; 64x64 luminance correlation=0.999153,Supported,semi-mature apple,1,0,640,480,derived representation; excluded from independent image universe
256.jpg,original,train,sg-0263,train/137.jpg,component_path,exact_duplicate,identical SHA256 faa093dd267895795b949973cb66dbca06214670511a5740e9cc7fcbc6b87018; identical region list=False,Confirmed,semi-mature apple,1,0,369,277,relation through component path; direct relation to canonical not asserted
256.jpg,resize,train,sg-0263,train/137.jpg,same_name_original,resized_duplicate,same filename; 369x277->640x480; LANCZOS RGB MAE=4.4508; 64x64 luminance correlation=0.99957,Supported,semi-mature apple,1,0,640,480,derived representation; excluded from independent image universe
256_brightness.jpg,original,train,sg-0263,train/137.jpg,component_path,exact_duplicate,identical SHA256 a7e138f5bfd24dbc625744eede912d61ff140b681bdb793f12da2b2e0bd998e5; identical region list=False,Confirmed,semi-mature apple,1,0,369,277,relation through component path; direct relation to canonical not asserted
256_brightness.jpg,resize,train,sg-0263,train/137.jpg,same_name_original,resized_duplicate,same filename; 369x277->640x480; LANCZOS RGB MAE=4.9513; 64x64 luminance correlation=0.999592,Supported,semi-mature apple,1,0,640,480,derived representation; excluded from independent image universe
257_brightness.jpg,original,train,sg-0035,test/257.jpg,component_path,augmentation_derivative,same suffix-normalized family=257; 64x64 correlation=0.996937; identical polygons=True,Strongly Supported,semi-mature apple,1,0,369,277,relation through component path; direct relation to canonical not asserted
257_brightness.jpg,resize,train,sg-0035,test/257.jpg,same_name_original,resized_duplicate,same filename; 369x277->640x480; LANCZOS RGB MAE=9.2591; 64x64 luminance correlation=0.999375,Supported,semi-mature apple,1,0,640,480,derived representation; excluded from independent image universe
257_noise.jpg,original,train,sg-0035,test/257.jpg,component_path,augmentation_derivative,same suffix-normalized family=257; 64x64 correlation=0.996937; identical polygons=True,Strongly Supported,semi-mature apple,1,0,369,277,relation through component path; direct relation to canonical not asserted
257_noise.jpg,resize,train,sg-0035,test/257.jpg,same_name_original,resized_duplicate,same filename; 369x277->640x480; LANCZOS RGB MAE=9.3343; 64x64 luminance correlation=0.999437,Supported,semi-mature apple,1,0,640,480,derived representation; excluded from independent image universe
258.jpg,original,train,sg-0351,train/258.jpg,self,canonical,deterministic representative selection,Confirmed,mature apple,1,0,369,277,"representative, not verified acquisition original"
258.jpg,resize,train,sg-0351,train/258.jpg,same_name_original,resized_duplicate,same filename; 369x277->640x480; LANCZOS RGB MAE=8.6681; 64x64 luminance correlation=0.999265,Supported,mature apple,1,0,640,480,derived representation; excluded from independent image universe
2590.jpg,original,train,sg-0273,train/1540.jpg,component_path,augmentation_derivative,same suffix-normalized family=2590; 64x64 correlation=0.999444; identical polygons=True,Strongly Supported,semi-mature apple,2,0,369,277,relation through component path; direct relation to canonical not asserted
2590.jpg,resize,train,sg-0273,train/1540.jpg,same_name_original,resized_duplicate,same filename; 369x277->640x480; LANCZOS RGB MAE=4.2313; 64x64 luminance correlation=0.998902,Supported,semi-mature apple,2,0,640,480,derived representation; excluded from independent image universe
2590_noise.jpg,original,train,sg-0273,train/1540.jpg,component_path,augmentation_derivative,same suffix-normalized family=2590; 64x64 correlation=0.999444; identical polygons=True,Strongly Supported,semi-mature apple,2,0,369,277,relation through component path; direct relation to canonical not asserted
2590_noise.jpg,resize,train,sg-0273,train/1540.jpg,same_name_original,resized_duplicate,same filename; 369x277->640x480; LANCZOS RGB MAE=5.9263; 64x64 luminance correlation=0.998927,Supported,semi-mature apple,2,0,640,480,derived representation; excluded from independent image universe
2600.jpg,original,train,sg-0352,train/2600.jpg,self,canonical,deterministic representative selection,Confirmed,mature apple,1,0,369,277,"representative, not verified acquisition original"
2600.jpg,resize,train,sg-0352,train/2600.jpg,same_name_original,resized_duplicate,same filename; 369x277->640x480; LANCZOS RGB MAE=4.3146; 64x64 luminance correlation=0.999504,Supported,mature apple,1,0,640,480,derived representation; excluded from independent image universe
26000.jpg,original,train,sg-0353,train/26000.jpg,self,canonical,deterministic representative selection,Confirmed,mature apple,3,0,369,277,"representative, not verified acquisition original"
26000.jpg,resize,train,sg-0353,train/26000.jpg,same_name_original,resized_duplicate,same filename; 369x277->640x480; LANCZOS RGB MAE=15.0059; 64x64 luminance correlation=0.998509,Supported,mature apple,3,0,640,480,derived representation; excluded from independent image universe
2610.jpg,original,train,sg-0354,train/2610.jpg,self,canonical,deterministic representative selection,Confirmed,semi-mature apple,1,0,369,277,"representative, not verified acquisition original"
2610.jpg,resize,train,sg-0354,train/2610.jpg,same_name_original,resized_duplicate,same filename; 369x277->640x480; LANCZOS RGB MAE=8.0342; 64x64 luminance correlation=0.999206,Supported,semi-mature apple,1,0,640,480,derived representation; excluded from independent image universe
2630.jpg,original,train,sg-0355,train/2630.jpg,self,canonical,deterministic representative selection,Confirmed,semi-mature apple,1,0,369,277,"representative, not verified acquisition original"
2630.jpg,resize,train,sg-0355,train/2630.jpg,same_name_original,resized_duplicate,same filename; 369x277->640x480; LANCZOS RGB MAE=3.9434; 64x64 luminance correlation=0.999603,Supported,semi-mature apple,1,0,640,480,derived representation; excluded from independent image universe
2630_brightness.jpg,original,train,sg-0355,train/2630.jpg,component_path,augmentation_derivative,same suffix-normalized family=2630; 64x64 correlation=0.998054; identical polygons=True,Strongly Supported,semi-mature apple,1,0,369,277,relation through component path; direct relation to canonical not asserted
2630_brightness.jpg,resize,train,sg-0355,train/2630.jpg,same_name_original,resized_duplicate,same filename; 369x277->640x480; LANCZOS RGB MAE=4.3544; 64x64 luminance correlation=0.999598,Supported,semi-mature apple,1,0,640,480,derived representation; excluded from independent image universe
2630_noise.jpg,original,train,sg-0355,train/2630.jpg,component_path,augmentation_derivative,same suffix-normalized family=2630; 64x64 correlation=0.999584; identical polygons=True,Strongly Supported,semi-mature apple,1,0,369,277,relation through component path; direct relation to canonical not asserted
2630_noise.jpg,resize,train,sg-0355,train/2630.jpg,same_name_original,resized_duplicate,same filename; 369x277->640x480; LANCZOS RGB MAE=5.6194; 64x64 luminance correlation=0.999596,Supported,semi-mature apple,1,0,640,480,derived representation; excluded from independent image universe
2650.jpg,original,train,sg-0356,train/2650.jpg,self,canonical,deterministic representative selection,Confirmed,semi-mature apple,1,0,369,277,"representative, not verified acquisition original"
2650.jpg,resize,train,sg-0356,train/2650.jpg,same_name_original,resized_duplicate,same filename; 369x277->640x480; LANCZOS RGB MAE=5.1306; 64x64 luminance correlation=0.99961,Supported,semi-mature apple,1,0,640,480,derived representation; excluded from independent image universe
2650_brightness.jpg,original,train,sg-0356,train/2650.jpg,component_path,augmentation_derivative,same suffix-normalized family=2650; 64x64 correlation=0.999147; identical polygons=True,Strongly Supported,semi-mature apple,1,0,369,277,relation through component path; direct relation to canonical not asserted
2650_brightness.jpg,resize,train,sg-0356,train/2650.jpg,same_name_original,resized_duplicate,same filename; 369x277->640x480; LANCZOS RGB MAE=5.7394; 64x64 luminance correlation=0.99962,Supported,semi-mature apple,1,0,640,480,derived representation; excluded from independent image universe
2650_noise.jpg,original,train,sg-0356,train/2650.jpg,component_path,augmentation_derivative,same suffix-normalized family=2650; 64x64 correlation=0.999563; identical polygons=True,Strongly Supported,semi-mature apple,1,0,369,277,relation through component path; direct relation to canonical not asserted
2650_noise.jpg,resize,train,sg-0356,train/2650.jpg,same_name_original,resized_duplicate,same filename; 369x277->640x480; LANCZOS RGB MAE=6.4705; 64x64 luminance correlation=0.999596,Supported,semi-mature apple,1,0,640,480,derived representation; excluded from independent image universe
266.jpg,original,train,sg-0357,train/266.jpg,self,canonical,deterministic representative selection,Confirmed,semi-mature apple,1,0,369,277,"representative, not verified acquisition original"
266.jpg,resize,train,sg-0357,train/266.jpg,same_name_original,resized_duplicate,same filename; 369x277->640x480; LANCZOS RGB MAE=9.2064; 64x64 luminance correlation=0.99905,Supported,semi-mature apple,1,0,640,480,derived representation; excluded from independent image universe
266_brightness.jpg,original,train,sg-0357,train/266.jpg,component_path,augmentation_derivative,same suffix-normalized family=266; 64x64 correlation=0.997156; identical polygons=True,Strongly Supported,semi-mature apple,1,0,369,277,relation through component path; direct relation to canonical not asserted
266_brightness.jpg,resize,train,sg-0357,train/266.jpg,same_name_original,resized_duplicate,same filename; 369x277->640x480; LANCZOS RGB MAE=10.1609; 64x64 luminance correlation=0.999009,Supported,semi-mature apple,1,0,640,480,derived representation; excluded from independent image universe
267_brightness.jpg,original,train,sg-0012,test/143.jpg,component_path,augmentation_derivative,64x64 luminance correlation=0.998263; identical region list=True,Strongly Supported,semi-mature apple,1,0,369,277,relation through component path; direct relation to canonical not asserted
267_brightness.jpg,resize,train,sg-0012,test/143.jpg,same_name_original,resized_duplicate,same filename; 369x277->640x480; LANCZOS RGB MAE=4.9997; 64x64 luminance correlation=0.999408,Supported,semi-mature apple,1,0,640,480,derived representation; excluded from independent image universe
268.jpg,original,train,sg-0265,train/144.jpg,component_path,exact_duplicate,identical SHA256 4563c298a1e19716bedc66c9f9943af6a28a9f1be40ff8bc198da41ef2587bac; identical region list=False,Confirmed,semi-mature apple,1,0,369,277,relation through component path; direct relation to canonical not asserted
268.jpg,resize,train,sg-0265,train/144.jpg,same_name_original,resized_duplicate,same filename; 369x277->640x480; LANCZOS RGB MAE=4.7637; 64x64 luminance correlation=0.999511,Supported,semi-mature apple,1,0,640,480,derived representation; excluded from independent image universe
268_brightness.jpg,original,train,sg-0265,train/144.jpg,component_path,exact_duplicate,identical SHA256 82ea175c2e92ea8140a79a04af1e700b106e8b49306309ece31b9978c4299c39; identical region list=False,Confirmed,semi-mature apple,1,0,369,277,relation through component path; direct relation to canonical not asserted
268_brightness.jpg,resize,train,sg-0265,train/144.jpg,same_name_original,resized_duplicate,same filename; 369x277->640x480; LANCZOS RGB MAE=5.2907; 64x64 luminance correlation=0.999523,Supported,semi-mature apple,1,0,640,480,derived representation; excluded from independent image universe
268_noise.jpg,original,train,sg-0265,train/144.jpg,component_path,augmentation_derivative,same suffix-normalized family=268; 64x64 correlation=0.999577; identical polygons=True,Strongly Supported,semi-mature apple,1,0,369,277,relation through component path; direct relation to canonical not asserted
268_noise.jpg,resize,train,sg-0265,train/144.jpg,same_name_original,resized_duplicate,same filename; 369x277->640x480; LANCZOS RGB MAE=6.4115; 64x64 luminance correlation=0.999518,Supported,semi-mature apple,1,0,640,480,derived representation; excluded from independent image universe
2690.jpg,original,train,sg-0011,test/1420.jpg,component_path,augmentation_derivative,same suffix-normalized family=2690; 64x64 correlation=0.999773; identical polygons=True,Strongly Supported,semi-mature apple,1,0,369,277,relation through component path; direct relation to canonical not asserted
2690.jpg,resize,train,sg-0011,test/1420.jpg,same_name_original,resized_duplicate,same filename; 369x277->640x480; LANCZOS RGB MAE=4.3159; 64x64 luminance correlation=0.999655,Supported,semi-mature apple,1,0,640,480,derived representation; excluded from independent image universe
2690_brightness.jpg,original,train,sg-0011,test/1420.jpg,component_path,augmentation_derivative,same suffix-normalized family=2690; 64x64 correlation=0.999773; identical polygons=True,Strongly Supported,semi-mature apple,1,0,369,277,relation through component path; direct relation to canonical not asserted
2690_brightness.jpg,resize,train,sg-0011,test/1420.jpg,same_name_original,resized_duplicate,same filename; 369x277->640x480; LANCZOS RGB MAE=4.7959; 64x64 luminance correlation=0.999676,Supported,semi-mature apple,1,0,640,480,derived representation; excluded from independent image universe
2690_noise.jpg,original,train,sg-0011,test/1420.jpg,component_path,augmentation_derivative,same suffix-normalized family=2690; 64x64 correlation=0.999679; identical polygons=True,Strongly Supported,semi-mature apple,1,0,369,277,relation through component path; direct relation to canonical not asserted
2690_noise.jpg,resize,train,sg-0011,test/1420.jpg,same_name_original,resized_duplicate,same filename; 369x277->640x480; LANCZOS RGB MAE=5.96; 64x64 luminance correlation=0.999655,Supported,semi-mature apple,1,0,640,480,derived representation; excluded from independent image universe
2710.jpg,original,train,sg-0358,train/2710.jpg,self,canonical,deterministic representative selection,Confirmed,semi-mature apple,1,0,369,277,"representative, not verified acquisition original"
2710.jpg,resize,train,sg-0358,train/2710.jpg,same_name_original,resized_duplicate,same filename; 369x277->640x480; LANCZOS RGB MAE=6.6426; 64x64 luminance correlation=0.999468,Supported,semi-mature apple,1,0,640,480,derived representation; excluded from independent image universe
2710_noise.jpg,original,train,sg-0358,train/2710.jpg,component_path,augmentation_derivative,same suffix-normalized family=2710; 64x64 correlation=0.999452; identical polygons=True,Strongly Supported,semi-mature apple,1,0,369,277,relation through component path; direct relation to canonical not asserted
2710_noise.jpg,resize,train,sg-0358,train/2710.jpg,same_name_original,resized_duplicate,same filename; 369x277->640x480; LANCZOS RGB MAE=8.3029; 64x64 luminance correlation=0.999463,Supported,semi-mature apple,1,0,640,480,derived representation; excluded from independent image universe
2720_brightness.jpg,original,train,sg-0038,test/2720.jpg,component_path,augmentation_derivative,same suffix-normalized family=2720; 64x64 correlation=0.997195; identical polygons=True,Strongly Supported,semi-mature apple,1,0,369,277,relation through component path; direct relation to canonical not asserted
2720_brightness.jpg,resize,train,sg-0038,test/2720.jpg,same_name_original,resized_duplicate,same filename; 369x277->640x480; LANCZOS RGB MAE=10.5478; 64x64 luminance correlation=0.99921,Supported,semi-mature apple,1,0,640,480,derived representation; excluded from independent image universe
2720_noise.jpg,original,train,sg-0038,test/2720.jpg,component_path,augmentation_derivative,same suffix-normalized family=2720; 64x64 correlation=0.997195; identical polygons=True,Strongly Supported,semi-mature apple,1,0,369,277,relation through component path; direct relation to canonical not asserted
2720_noise.jpg,resize,train,sg-0038,test/2720.jpg,same_name_original,resized_duplicate,same filename; 369x277->640x480; LANCZOS RGB MAE=10.3873; 64x64 luminance correlation=0.99921,Supported,semi-mature apple,1,0,640,480,derived representation; excluded from independent image universe
2740.jpg,original,train,sg-0359,train/2740.jpg,self,canonical,deterministic representative selection,Confirmed,semi-mature apple,1,0,369,277,"representative, not verified acquisition original"
2740.jpg,resize,train,sg-0359,train/2740.jpg,same_name_original,resized_duplicate,same filename; 369x277->640x480; LANCZOS RGB MAE=9.9061; 64x64 luminance correlation=0.998795,Supported,semi-mature apple,1,0,640,480,derived representation; excluded from independent image universe
2740_brightness.jpg,original,train,sg-0359,train/2740.jpg,component_path,augmentation_derivative,same suffix-normalized family=2740; 64x64 correlation=0.998316; identical polygons=True,Strongly Supported,semi-mature apple,1,0,369,277,relation through component path; direct relation to canonical not asserted
2740_brightness.jpg,resize,train,sg-0359,train/2740.jpg,same_name_original,resized_duplicate,same filename; 369x277->640x480; LANCZOS RGB MAE=10.8332; 64x64 luminance correlation=0.998782,Supported,semi-mature apple,1,0,640,480,derived representation; excluded from independent image universe
2740_noise.jpg,original,train,sg-0359,train/2740.jpg,component_path,augmentation_derivative,same suffix-normalized family=2740; 64x64 correlation=0.999232; identical polygons=True,Strongly Supported,semi-mature apple,1,0,369,277,relation through component path; direct relation to canonical not asserted
2740_noise.jpg,resize,train,sg-0359,train/2740.jpg,same_name_original,resized_duplicate,same filename; 369x277->640x480; LANCZOS RGB MAE=10.5928; 64x64 luminance correlation=0.998829,Supported,semi-mature apple,1,0,640,480,derived representation; excluded from independent image universe
2760.jpg,original,train,sg-0360,train/2760.jpg,self,canonical,deterministic representative selection,Confirmed,semi-mature apple,3,0,369,277,"representative, not verified acquisition original"
2760.jpg,resize,train,sg-0360,train/2760.jpg,same_name_original,resized_duplicate,same filename; 369x277->640x480; LANCZOS RGB MAE=7.5303; 64x64 luminance correlation=0.998983,Supported,semi-mature apple,3,0,640,480,derived representation; excluded from independent image universe
2760_brightness.jpg,original,train,sg-0360,train/2760.jpg,component_path,augmentation_derivative,same suffix-normalized family=2760; 64x64 correlation=0.997118; identical polygons=True,Strongly Supported,semi-mature apple,3,0,369,277,relation through component path; direct relation to canonical not asserted
2760_brightness.jpg,resize,train,sg-0360,train/2760.jpg,same_name_original,resized_duplicate,same filename; 369x277->640x480; LANCZOS RGB MAE=8.1402; 64x64 luminance correlation=0.998949,Supported,semi-mature apple,3,0,640,480,derived representation; excluded from independent image universe
2760_noise.jpg,original,train,sg-0360,train/2760.jpg,component_path,augmentation_derivative,same suffix-normalized family=2760; 64x64 correlation=0.999508; identical polygons=True,Strongly Supported,semi-mature apple,3,0,369,277,relation through component path; direct relation to canonical not asserted
2760_noise.jpg,resize,train,sg-0360,train/2760.jpg,same_name_original,resized_duplicate,same filename; 369x277->640x480; LANCZOS RGB MAE=9.0455; 64x64 luminance correlation=0.998991,Supported,semi-mature apple,3,0,640,480,derived representation; excluded from independent image universe
2780.jpg,original,train,sg-0361,train/2780.jpg,self,canonical,deterministic representative selection,Confirmed,mature apple|semi-mature apple,2,0,369,277,"representative, not verified acquisition original"
2780.jpg,resize,train,sg-0361,train/2780.jpg,same_name_original,resized_duplicate,same filename; 369x277->640x480; LANCZOS RGB MAE=4.0659; 64x64 luminance correlation=0.999442,Supported,mature apple|semi-mature apple,2,0,640,480,derived representation; excluded from independent image universe
28.jpg,original,train,sg-0362,train/28.jpg,self,canonical,deterministic representative selection,Confirmed,mature apple,4,0,369,277,"representative, not verified acquisition original"
28.jpg,resize,train,sg-0362,train/28.jpg,same_name_original,resized_duplicate,same filename; 369x277->640x480; LANCZOS RGB MAE=14.3875; 64x64 luminance correlation=0.998575,Supported,mature apple,4,0,640,480,derived representation; excluded from independent image universe
282.jpg,original,train,sg-0363,train/282.jpg,self,canonical,deterministic representative selection,Confirmed,immature apple|semi-mature apple,2,0,369,277,"representative, not verified acquisition original"
282.jpg,resize,train,sg-0363,train/282.jpg,same_name_original,resized_duplicate,same filename; 369x277->640x480; LANCZOS RGB MAE=4.195; 64x64 luminance correlation=0.999169,Supported,immature apple|semi-mature apple,2,0,640,480,derived representation; excluded from independent image universe
2830.jpg,original,train,sg-0364,train/2830.jpg,self,canonical,deterministic representative selection,Confirmed,semi-mature apple,1,0,369,277,"representative, not verified acquisition original"
2830.jpg,resize,train,sg-0364,train/2830.jpg,same_name_original,resized_duplicate,same filename; 369x277->640x480; LANCZOS RGB MAE=3.9753; 64x64 luminance correlation=0.999106,Supported,semi-mature apple,1,0,640,480,derived representation; excluded from independent image universe
2830_brightness.jpg,original,train,sg-0364,train/2830.jpg,component_path,augmentation_derivative,same suffix-normalized family=2830; 64x64 correlation=0.995573; identical polygons=True,Strongly Supported,semi-mature apple,1,0,369,277,relation through component path; direct relation to canonical not asserted
2830_brightness.jpg,resize,train,sg-0364,train/2830.jpg,same_name_original,resized_duplicate,same filename; 369x277->640x480; LANCZOS RGB MAE=4.4047; 64x64 luminance correlation=0.999052,Supported,semi-mature apple,1,0,640,480,derived representation; excluded from independent image universe
2830_noise.jpg,original,train,sg-0364,train/2830.jpg,component_path,augmentation_derivative,same suffix-normalized family=2830; 64x64 correlation=0.999431; identical polygons=True,Strongly Supported,semi-mature apple,1,0,369,277,relation through component path; direct relation to canonical not asserted
2830_noise.jpg,resize,train,sg-0364,train/2830.jpg,same_name_original,resized_duplicate,same filename; 369x277->640x480; LANCZOS RGB MAE=5.6366; 64x64 luminance correlation=0.999115,Supported,semi-mature apple,1,0,640,480,derived representation; excluded from independent image universe
285.jpg,original,train,sg-0269,train/149.jpg,component_path,exact_duplicate,identical SHA256 57d43f59bf8f456525b49602063d6a387e9ba92c0500166143f115b054557c52; identical region list=False,Confirmed,immature apple|semi-mature apple,2,0,369,277,relation through component path; direct relation to canonical not asserted
285.jpg,resize,train,sg-0269,train/149.jpg,same_name_original,resized_duplicate,same filename; 369x277->640x480; LANCZOS RGB MAE=6.7192; 64x64 luminance correlation=0.999006,Supported,immature apple|semi-mature apple,2,0,640,480,derived representation; excluded from independent image universe
288.jpg,original,train,sg-0365,train/288.jpg,self,canonical,deterministic representative selection,Confirmed,semi-mature apple,1,0,369,277,"representative, not verified acquisition original"
288.jpg,resize,train,sg-0365,train/288.jpg,same_name_original,resized_duplicate,same filename; 369x277->640x480; LANCZOS RGB MAE=11.1552; 64x64 luminance correlation=0.998914,Supported,semi-mature apple,1,0,640,480,derived representation; excluded from independent image universe
288_brightness.jpg,original,train,sg-0365,train/288.jpg,component_path,augmentation_derivative,same suffix-normalized family=288; 64x64 correlation=0.998960; identical polygons=True,Strongly Supported,semi-mature apple,1,0,369,277,relation through component path; direct relation to canonical not asserted
288_brightness.jpg,resize,train,sg-0365,train/288.jpg,same_name_original,resized_duplicate,same filename; 369x277->640x480; LANCZOS RGB MAE=12.1229; 64x64 luminance correlation=0.99893,Supported,semi-mature apple,1,0,640,480,derived representation; excluded from independent image universe
29000.jpg,original,train,sg-0366,train/29000.jpg,self,canonical,deterministic representative selection,Confirmed,mature apple,5,0,369,277,"representative, not verified acquisition original"
29000.jpg,resize,train,sg-0366,train/29000.jpg,same_name_original,resized_duplicate,same filename; 369x277->640x480; LANCZOS RGB MAE=9.8637; 64x64 luminance correlation=0.998844,Supported,mature apple,5,0,640,480,derived representation; excluded from independent image universe
2901.jpg,original,train,sg-0367,train/2901.jpg,self,canonical,deterministic representative selection,Confirmed,immature apple,3,0,369,277,"representative, not verified acquisition original"
2901.jpg,resize,train,sg-0367,train/2901.jpg,same_name_original,resized_duplicate,same filename; 369x277->640x480; LANCZOS RGB MAE=7.2233; 64x64 luminance correlation=0.999051,Supported,immature apple,3,0,640,480,derived representation; excluded from independent image universe
2910.jpg,original,train,sg-0368,train/2910.jpg,self,canonical,deterministic representative selection,Confirmed,semi-mature apple,1,0,369,277,"representative, not verified acquisition original"
2910.jpg,resize,train,sg-0368,train/2910.jpg,same_name_original,resized_duplicate,same filename; 369x277->640x480; LANCZOS RGB MAE=5.6075; 64x64 luminance correlation=0.999539,Supported,semi-mature apple,1,0,640,480,derived representation; excluded from independent image universe
2910_noise.jpg,original,train,sg-0368,train/2910.jpg,component_path,augmentation_derivative,same suffix-normalized family=2910; 64x64 correlation=0.999641; identical polygons=True,Strongly Supported,semi-mature apple,1,0,369,277,relation through component path; direct relation to canonical not asserted
2910_noise.jpg,resize,train,sg-0368,train/2910.jpg,same_name_original,resized_duplicate,same filename; 369x277->640x480; LANCZOS RGB MAE=6.8727; 64x64 luminance correlation=0.999552,Supported,semi-mature apple,1,0,640,480,derived representation; excluded from independent image universe
2950.jpg,original,train,sg-0369,train/2950.jpg,self,canonical,deterministic representative selection,Confirmed,semi-mature apple,1,0,369,277,"representative, not verified acquisition original"
2950.jpg,resize,train,sg-0369,train/2950.jpg,same_name_original,resized_duplicate,same filename; 369x277->640x480; LANCZOS RGB MAE=5.9177; 64x64 luminance correlation=0.999429,Supported,semi-mature apple,1,0,640,480,derived representation; excluded from independent image universe
2960_brightness.jpg,original,train,sg-0042,test/2960.jpg,component_path,augmentation_derivative,same suffix-normalized family=2960; 64x64 correlation=0.997657; identical polygons=True,Strongly Supported,semi-mature apple,2,0,277,369,relation through component path; direct relation to canonical not asserted
2960_brightness.jpg,resize,train,sg-0042,test/2960.jpg,same_name_original,resized_duplicate,same filename; 277x369->480x640; LANCZOS RGB MAE=8.9805; 64x64 luminance correlation=0.999297,Supported,semi-mature apple,2,0,480,640,derived representation; excluded from independent image universe
2960_noise.jpg,original,train,sg-0042,test/2960.jpg,component_path,augmentation_derivative,same suffix-normalized family=2960; 64x64 correlation=0.997657; identical polygons=True,Strongly Supported,semi-mature apple,2,0,277,369,relation through component path; direct relation to canonical not asserted
2960_noise.jpg,resize,train,sg-0042,test/2960.jpg,same_name_original,resized_duplicate,same filename; 277x369->480x640; LANCZOS RGB MAE=9.1127; 64x64 luminance correlation=0.999302,Supported,semi-mature apple,2,0,480,640,derived representation; excluded from independent image universe
2970.jpg,original,train,sg-0370,train/2970.jpg,self,canonical,deterministic representative selection,Confirmed,semi-mature apple,2,0,277,369,"representative, not verified acquisition original"
2970.jpg,resize,train,sg-0370,train/2970.jpg,same_name_original,resized_duplicate,same filename; 277x369->480x640; LANCZOS RGB MAE=6.8908; 64x64 luminance correlation=0.999248,Supported,semi-mature apple,2,0,480,640,derived representation; excluded from independent image universe
2970_brightness.jpg,original,train,sg-0370,train/2970.jpg,component_path,augmentation_derivative,same suffix-normalized family=2970; 64x64 correlation=0.998976; identical polygons=True,Strongly Supported,semi-mature apple,2,0,277,369,relation through component path; direct relation to canonical not asserted
2970_brightness.jpg,resize,train,sg-0370,train/2970.jpg,same_name_original,resized_duplicate,same filename; 277x369->480x640; LANCZOS RGB MAE=7.7249; 64x64 luminance correlation=0.999267,Supported,semi-mature apple,2,0,480,640,derived representation; excluded from independent image universe
3.jpg,original,train,sg-0371,train/3.jpg,self,canonical,deterministic representative selection,Confirmed,mature apple,2,0,369,277,"representative, not verified acquisition original"
3.jpg,resize,train,sg-0371,train/3.jpg,same_name_original,resized_duplicate,same filename; 369x277->640x480; LANCZOS RGB MAE=13.6205; 64x64 luminance correlation=0.998107,Supported,mature apple,2,0,640,480,derived representation; excluded from independent image universe
300.jpg,original,train,sg-0372,train/300.jpg,self,canonical,deterministic representative selection,Confirmed,semi-mature apple,1,0,369,277,"representative, not verified acquisition original"
300.jpg,resize,train,sg-0372,train/300.jpg,same_name_original,resized_duplicate,same filename; 369x277->640x480; LANCZOS RGB MAE=4.0788; 64x64 luminance correlation=0.999568,Supported,semi-mature apple,1,0,640,480,derived representation; excluded from independent image universe
300_brightness.jpg,original,train,sg-0372,train/300.jpg,component_path,augmentation_derivative,same suffix-normalized family=300; 64x64 correlation=0.999771; identical polygons=True,Strongly Supported,semi-mature apple,1,0,369,277,relation through component path; direct relation to canonical not asserted
300_brightness.jpg,resize,train,sg-0372,train/300.jpg,same_name_original,resized_duplicate,same filename; 369x277->640x480; LANCZOS RGB MAE=4.4486; 64x64 luminance correlation=0.999574,Supported,semi-mature apple,1,0,640,480,derived representation; excluded from independent image universe
300_noise.jpg,original,train,sg-0372,train/300.jpg,component_path,augmentation_derivative,same suffix-normalized family=300; 64x64 correlation=0.999549; identical polygons=True,Strongly Supported,semi-mature apple,1,0,369,277,relation through component path; direct relation to canonical not asserted
300_noise.jpg,resize,train,sg-0372,train/300.jpg,same_name_original,resized_duplicate,same filename; 369x277->640x480; LANCZOS RGB MAE=5.6928; 64x64 luminance correlation=0.999573,Supported,semi-mature apple,1,0,640,480,derived representation; excluded from independent image universe
301.jpg,original,train,sg-0373,train/301.jpg,self,canonical,deterministic representative selection,Confirmed,semi-mature apple,2,0,369,277,"representative, not verified acquisition original"
301.jpg,resize,train,sg-0373,train/301.jpg,same_name_original,resized_duplicate,same filename; 369x277->640x480; LANCZOS RGB MAE=6.9026; 64x64 luminance correlation=0.999577,Supported,semi-mature apple,2,0,640,480,derived representation; excluded from independent image universe
301_brightness.jpg,original,train,sg-0373,train/301.jpg,component_path,augmentation_derivative,same suffix-normalized family=301; 64x64 correlation=0.995468; identical polygons=True,Strongly Supported,semi-mature apple,2,0,369,277,relation through component path; direct relation to canonical not asserted
301_brightness.jpg,resize,train,sg-0373,train/301.jpg,same_name_original,resized_duplicate,same filename; 369x277->640x480; LANCZOS RGB MAE=7.6582; 64x64 luminance correlation=0.999501,Supported,semi-mature apple,2,0,640,480,derived representation; excluded from independent image universe
301_noise.jpg,original,train,sg-0373,train/301.jpg,component_path,augmentation_derivative,same suffix-normalized family=301; 64x64 correlation=0.999602; identical polygons=True,Strongly Supported,semi-mature apple,2,0,369,277,relation through component path; direct relation to canonical not asserted
301_noise.jpg,resize,train,sg-0373,train/301.jpg,same_name_original,resized_duplicate,same filename; 369x277->640x480; LANCZOS RGB MAE=8.1486; 64x64 luminance correlation=0.999577,Supported,semi-mature apple,2,0,640,480,derived representation; excluded from independent image universe
302_brightness.jpg,original,train,sg-0044,test/302.jpg,component_path,augmentation_derivative,same suffix-normalized family=302; 64x64 correlation=0.995912; identical polygons=True,Strongly Supported,semi-mature apple,2,0,277,369,relation through component path; direct relation to canonical not asserted
302_brightness.jpg,resize,train,sg-0044,test/302.jpg,same_name_original,resized_duplicate,same filename; 277x369->480x640; LANCZOS RGB MAE=6.894; 64x64 luminance correlation=0.999507,Supported,semi-mature apple,2,0,480,640,derived representation; excluded from independent image universe
302_noise.jpg,original,train,sg-0044,test/302.jpg,component_path,augmentation_derivative,same suffix-normalized family=302; 64x64 correlation=0.995912; identical polygons=True,Strongly Supported,semi-mature apple,2,0,277,369,relation through component path; direct relation to canonical not asserted
302_noise.jpg,resize,train,sg-0044,test/302.jpg,same_name_original,resized_duplicate,same filename; 277x369->480x640; LANCZOS RGB MAE=7.7066; 64x64 luminance correlation=0.999539,Supported,semi-mature apple,2,0,480,640,derived representation; excluded from independent image universe
3040.jpg,original,train,sg-0374,train/3040.jpg,self,canonical,deterministic representative selection,Confirmed,immature apple|semi-mature apple,3,0,369,277,"representative, not verified acquisition original"
3040.jpg,resize,train,sg-0374,train/3040.jpg,same_name_original,resized_duplicate,same filename; 369x277->640x480; LANCZOS RGB MAE=6.9295; 64x64 luminance correlation=0.999464,Supported,immature apple|semi-mature apple,3,0,640,480,derived representation; excluded from independent image universe
3050.jpg,original,train,sg-0375,train/3050.jpg,self,canonical,deterministic representative selection,Confirmed,semi-mature apple,2,0,369,277,"representative, not verified acquisition original"
3050.jpg,resize,train,sg-0375,train/3050.jpg,same_name_original,resized_duplicate,same filename; 369x277->640x480; LANCZOS RGB MAE=9.9936; 64x64 luminance correlation=0.999157,Supported,semi-mature apple,2,0,640,480,derived representation; excluded from independent image universe
3050_brightness.jpg,original,train,sg-0375,train/3050.jpg,component_path,augmentation_derivative,same suffix-normalized family=3050; 64x64 correlation=0.998471; identical polygons=True,Strongly Supported,semi-mature apple,2,0,369,277,relation through component path; direct relation to canonical not asserted
3050_brightness.jpg,resize,train,sg-0375,train/3050.jpg,same_name_original,resized_duplicate,same filename; 369x277->640x480; LANCZOS RGB MAE=11.021; 64x64 luminance correlation=0.999208,Supported,semi-mature apple,2,0,640,480,derived representation; excluded from independent image universe
3050_noise.jpg,original,train,sg-0375,train/3050.jpg,component_path,augmentation_derivative,same suffix-normalized family=3050; 64x64 correlation=0.999469; identical polygons=True,Strongly Supported,semi-mature apple,2,0,369,277,relation through component path; direct relation to canonical not asserted
3050_noise.jpg,resize,train,sg-0375,train/3050.jpg,same_name_original,resized_duplicate,same filename; 369x277->640x480; LANCZOS RGB MAE=11.0133; 64x64 luminance correlation=0.999171,Supported,semi-mature apple,2,0,640,480,derived representation; excluded from independent image universe
3060.jpg,original,train,sg-0376,train/3060.jpg,self,canonical,deterministic representative selection,Confirmed,semi-mature apple,2,0,369,277,"representative, not verified acquisition original"
3060.jpg,resize,train,sg-0376,train/3060.jpg,same_name_original,resized_duplicate,same filename; 369x277->640x480; LANCZOS RGB MAE=9.2825; 64x64 luminance correlation=0.999353,Supported,semi-mature apple,2,0,640,480,derived representation; excluded from independent image universe
3060_brightness.jpg,original,train,sg-0376,train/3060.jpg,component_path,augmentation_derivative,same suffix-normalized family=3060; 64x64 correlation=0.998727; identical polygons=True,Strongly Supported,semi-mature apple,2,0,369,277,relation through component path; direct relation to canonical not asserted
3060_brightness.jpg,resize,train,sg-0376,train/3060.jpg,same_name_original,resized_duplicate,same filename; 369x277->640x480; LANCZOS RGB MAE=10.2734; 64x64 luminance correlation=0.99939,Supported,semi-mature apple,2,0,640,480,derived representation; excluded from independent image universe
3060_noise.jpg,original,train,sg-0376,train/3060.jpg,component_path,augmentation_derivative,same suffix-normalized family=3060; 64x64 correlation=0.999528; identical polygons=True,Strongly Supported,semi-mature apple,2,0,369,277,relation through component path; direct relation to canonical not asserted
3060_noise.jpg,resize,train,sg-0376,train/3060.jpg,same_name_original,resized_duplicate,same filename; 369x277->640x480; LANCZOS RGB MAE=10.4717; 64x64 luminance correlation=0.999355,Supported,semi-mature apple,2,0,640,480,derived representation; excluded from independent image universe
3080.jpg,original,train,sg-0377,train/3080.jpg,self,canonical,deterministic representative selection,Confirmed,mature apple,2,0,369,277,"representative, not verified acquisition original"
3080.jpg,resize,train,sg-0377,train/3080.jpg,same_name_original,resized_duplicate,same filename; 369x277->640x480; LANCZOS RGB MAE=9.3946; 64x64 luminance correlation=0.999452,Supported,mature apple,2,0,640,480,derived representation; excluded from independent image universe
31.jpg,original,train,sg-0378,train/31.jpg,self,canonical,deterministic representative selection,Confirmed,mature apple,5,0,369,277,"representative, not verified acquisition original"
31.jpg,resize,train,sg-0378,train/31.jpg,same_name_original,resized_duplicate,same filename; 369x277->640x480; LANCZOS RGB MAE=13.6506; 64x64 luminance correlation=0.998805,Supported,mature apple,5,0,640,480,derived representation; excluded from independent image universe
3110_noise.jpg,original,train,sg-0047,test/3110.jpg,component_path,augmentation_derivative,64x64 luminance correlation=0.999444; identical region list=True,Strongly Supported,semi-mature apple,2,0,369,277,relation through component path; direct relation to canonical not asserted
3110_noise.jpg,resize,train,sg-0047,test/3110.jpg,same_name_original,resized_duplicate,same filename; 369x277->640x480; LANCZOS RGB MAE=6.0418; 64x64 luminance correlation=0.999308,Supported,semi-mature apple,2,0,640,480,derived representation; excluded from independent image universe
3120.jpg,original,train,sg-0379,train/3120.jpg,self,canonical,deterministic representative selection,Confirmed,immature apple|mature apple|semi-mature apple,5,0,369,277,"representative, not verified acquisition original"
3120.jpg,resize,train,sg-0379,train/3120.jpg,same_name_original,resized_duplicate,same filename; 369x277->640x480; LANCZOS RGB MAE=7.2301; 64x64 luminance correlation=0.998913,Supported,immature apple|mature apple|semi-mature apple,5,0,640,480,derived representation; excluded from independent image universe
313.jpg,original,train,sg-0380,train/313.jpg,self,canonical,deterministic representative selection,Confirmed,mature apple,1,0,277,369,"representative, not verified acquisition original"
313.jpg,resize,train,sg-0380,train/313.jpg,same_name_original,resized_duplicate,same filename; 277x369->480x640; LANCZOS RGB MAE=16.3958; 64x64 luminance correlation=0.998048,Supported,mature apple,1,0,480,640,derived representation; excluded from independent image universe
314.jpg,original,train,sg-0381,train/314.jpg,self,canonical,deterministic representative selection,Confirmed,mature apple,1,0,277,369,"representative, not verified acquisition original"
314.jpg,resize,train,sg-0381,train/314.jpg,same_name_original,resized_duplicate,same filename; 277x369->480x640; LANCZOS RGB MAE=16.4829; 64x64 luminance correlation=0.998024,Supported,mature apple,1,0,480,640,derived representation; excluded from independent image universe
315.jpg,original,train,sg-0382,train/315.jpg,self,canonical,deterministic representative selection,Confirmed,mature apple,1,0,277,369,"representative, not verified acquisition original"
315.jpg,resize,train,sg-0382,train/315.jpg,same_name_original,resized_duplicate,same filename; 277x369->480x640; LANCZOS RGB MAE=14.6361; 64x64 luminance correlation=0.998181,Supported,mature apple,1,0,480,640,derived representation; excluded from independent image universe
315_brightness.jpg,original,train,sg-0382,train/315.jpg,component_path,augmentation_derivative,same suffix-normalized family=315; 64x64 correlation=0.996998; identical polygons=True,Strongly Supported,mature apple,1,0,277,369,relation through component path; direct relation to canonical not asserted
315_brightness.jpg,resize,train,sg-0382,train/315.jpg,same_name_original,resized_duplicate,same filename; 277x369->480x640; LANCZOS RGB MAE=15.6065; 64x64 luminance correlation=0.998132,Supported,mature apple,1,0,480,640,derived representation; excluded from independent image universe
316.jpg,original,train,sg-0383,train/316.jpg,self,canonical,deterministic representative selection,Confirmed,mature apple,1,0,277,369,"representative, not verified acquisition original"
316.jpg,resize,train,sg-0383,train/316.jpg,same_name_original,resized_duplicate,same filename; 277x369->480x640; LANCZOS RGB MAE=9.9417; 64x64 luminance correlation=0.999362,Supported,mature apple,1,0,480,640,derived representation; excluded from independent image universe
3190.jpg,original,train,sg-0384,train/3190.jpg,self,canonical,deterministic representative selection,Confirmed,mature apple,1,0,369,277,"representative, not verified acquisition original"
3190.jpg,resize,train,sg-0384,train/3190.jpg,same_name_original,resized_duplicate,same filename; 369x277->640x480; LANCZOS RGB MAE=6.4437; 64x64 luminance correlation=0.998536,Supported,mature apple,1,0,640,480,derived representation; excluded from independent image universe
32.jpg,original,train,sg-0385,train/32.jpg,self,canonical,deterministic representative selection,Confirmed,mature apple,5,0,369,277,"representative, not verified acquisition original"
32.jpg,resize,train,sg-0385,train/32.jpg,same_name_original,resized_duplicate,same filename; 369x277->640x480; LANCZOS RGB MAE=8.7608; 64x64 luminance correlation=0.998927,Supported,mature apple,5,0,640,480,derived representation; excluded from independent image universe
3200.jpg,original,train,sg-0386,train/3200.jpg,self,canonical,deterministic representative selection,Confirmed,mature apple|semi-mature apple,2,0,369,277,"representative, not verified acquisition original"
3200.jpg,resize,train,sg-0386,train/3200.jpg,same_name_original,resized_duplicate,same filename; 369x277->640x480; LANCZOS RGB MAE=9.2621; 64x64 luminance correlation=0.998144,Supported,mature apple|semi-mature apple,2,0,640,480,derived representation; excluded from independent image universe
3230.jpg,original,train,sg-0387,train/3230.jpg,self,canonical,deterministic representative selection,Confirmed,mature apple,2,0,369,277,"representative, not verified acquisition original"
3230.jpg,resize,train,sg-0387,train/3230.jpg,same_name_original,resized_duplicate,same filename; 369x277->640x480; LANCZOS RGB MAE=7.4851; 64x64 luminance correlation=0.998277,Supported,mature apple,2,0,640,480,derived representation; excluded from independent image universe
3260.jpg,original,train,sg-0388,train/3260.jpg,self,canonical,deterministic representative selection,Confirmed,mature apple|semi-mature apple,6,0,369,277,"representative, not verified acquisition original"
3260.jpg,resize,train,sg-0388,train/3260.jpg,same_name_original,resized_duplicate,same filename; 369x277->640x480; LANCZOS RGB MAE=12.3161; 64x64 luminance correlation=0.999005,Supported,mature apple|semi-mature apple,6,0,640,480,derived representation; excluded from independent image universe
327.jpg,original,train,sg-0389,train/327.jpg,self,canonical,deterministic representative selection,Confirmed,mature apple,2,0,327,254,"representative, not verified acquisition original"
327.jpg,resize,train,sg-0389,train/327.jpg,same_name_original,same_source_companion,same filename; 327x254->640x480; LANCZOS RGB MAE=31.3109; 64x64 luminance correlation=0.848415; Stage 2B-4H human accepted same-source companion; deterministic resize equivalence unresolved; dataset-provided resize excluded from formal experiments,Unresolved,mature apple,2,0,640,480,same-name companion only; representation equivalence unresolved
329.jpg,original,train,sg-0390,train/329.jpg,self,canonical,deterministic representative selection,Confirmed,mature apple,1,0,369,277,"representative, not verified acquisition original"
329.jpg,resize,train,sg-0390,train/329.jpg,same_name_original,resized_duplicate,same filename; 369x277->640x480; LANCZOS RGB MAE=5.8158; 64x64 luminance correlation=0.999177,Supported,mature apple,1,0,640,480,derived representation; excluded from independent image universe
33.jpg,original,train,sg-0391,train/33.jpg,self,canonical,deterministic representative selection,Confirmed,mature apple,4,0,369,277,"representative, not verified acquisition original"
33.jpg,resize,train,sg-0391,train/33.jpg,same_name_original,resized_duplicate,same filename; 369x277->640x480; LANCZOS RGB MAE=6.9427; 64x64 luminance correlation=0.999171,Supported,mature apple,4,0,640,480,derived representation; excluded from independent image universe
3300.jpg,original,train,sg-0392,train/3300.jpg,self,canonical,deterministic representative selection,Confirmed,mature apple,1,0,277,369,"representative, not verified acquisition original"
3300.jpg,resize,train,sg-0392,train/3300.jpg,same_name_original,resized_duplicate,same filename; 277x369->480x640; LANCZOS RGB MAE=12.6722; 64x64 luminance correlation=0.997926,Supported,mature apple,1,0,480,640,derived representation; excluded from independent image universe
3330.jpg,original,train,sg-0393,train/3330.jpg,self,canonical,deterministic representative selection,Confirmed,mature apple,1,0,369,277,"representative, not verified acquisition original"
3330.jpg,resize,train,sg-0393,train/3330.jpg,same_name_original,resized_duplicate,same filename; 369x277->640x480; LANCZOS RGB MAE=3.979; 64x64 luminance correlation=0.999499,Supported,mature apple,1,0,640,480,derived representation; excluded from independent image universe
334.jpg,original,train,sg-0394,train/334.jpg,self,canonical,deterministic representative selection,Confirmed,mature apple,1,0,277,369,"representative, not verified acquisition original"
334.jpg,resize,train,sg-0394,train/334.jpg,same_name_original,resized_duplicate,same filename; 277x369->480x640; LANCZOS RGB MAE=6.9511; 64x64 luminance correlation=0.998654,Supported,mature apple,1,0,480,640,derived representation; excluded from independent image universe
334_brightness.jpg,original,train,sg-0394,train/334.jpg,component_path,augmentation_derivative,same suffix-normalized family=334; 64x64 correlation=0.998484; identical polygons=True,Strongly Supported,mature apple,1,0,277,369,relation through component path; direct relation to canonical not asserted
334_brightness.jpg,resize,train,sg-0394,train/334.jpg,same_name_original,resized_duplicate,same filename; 277x369->480x640; LANCZOS RGB MAE=7.3427; 64x64 luminance correlation=0.998667,Supported,mature apple,1,0,480,640,derived representation; excluded from independent image universe
3370.jpg,original,train,sg-0395,train/3370.jpg,self,canonical,deterministic representative selection,Confirmed,mature apple,1,0,277,369,"representative, not verified acquisition original"
3370.jpg,resize,train,sg-0395,train/3370.jpg,same_name_original,resized_duplicate,same filename; 277x369->480x640; LANCZOS RGB MAE=3.9244; 64x64 luminance correlation=0.99923,Supported,mature apple,1,0,480,640,derived representation; excluded from independent image universe
338.jpg,original,train,sg-0396,train/338.jpg,self,canonical,deterministic representative selection,Confirmed,mature apple,1,0,277,369,"representative, not verified acquisition original"
338.jpg,resize,train,sg-0396,train/338.jpg,same_name_original,resized_duplicate,same filename; 277x369->480x640; LANCZOS RGB MAE=6.6968; 64x64 luminance correlation=0.999281,Supported,mature apple,1,0,480,640,derived representation; excluded from independent image universe
33_brightness.jpg,original,train,sg-0397,train/33_brightness.jpg,self,canonical,deterministic representative selection,Confirmed,mature apple,4,0,369,277,"representative, not verified acquisition original"
33_brightness.jpg,resize,train,sg-0397,train/33_brightness.jpg,same_name_original,resized_duplicate,same filename; 369x277->640x480; LANCZOS RGB MAE=6.9652; 64x64 luminance correlation=0.998982,Supported,mature apple,4,0,640,480,derived representation; excluded from independent image universe
34.jpg,original,train,sg-0398,train/34.jpg,self,canonical,deterministic representative selection,Confirmed,mature apple,6,0,369,277,"representative, not verified acquisition original"
34.jpg,resize,train,sg-0398,train/34.jpg,same_name_original,resized_duplicate,same filename; 369x277->640x480; LANCZOS RGB MAE=10.7451; 64x64 luminance correlation=0.999022,Supported,mature apple,6,0,640,480,derived representation; excluded from independent image universe
3410.jpg,original,train,sg-0399,train/3410.jpg,self,canonical,deterministic representative selection,Confirmed,mature apple,1,0,369,277,"representative, not verified acquisition original"
3410.jpg,resize,train,sg-0399,train/3410.jpg,same_name_original,resized_duplicate,same filename; 369x277->640x480; LANCZOS RGB MAE=8.3366; 64x64 luminance correlation=0.999276,Supported,mature apple,1,0,640,480,derived representation; excluded from independent image universe
3440.jpg,original,train,sg-0400,train/3440.jpg,self,canonical,deterministic representative selection,Confirmed,mature apple|semi-mature apple,3,0,369,277,"representative, not verified acquisition original"
3440.jpg,resize,train,sg-0400,train/3440.jpg,same_name_original,resized_duplicate,same filename; 369x277->640x480; LANCZOS RGB MAE=5.9029; 64x64 luminance correlation=0.999357,Supported,mature apple|semi-mature apple,3,0,640,480,derived representation; excluded from independent image universe
3470.jpg,original,train,sg-0401,train/3470.jpg,self,canonical,deterministic representative selection,Confirmed,immature apple|mature apple,2,0,369,277,"representative, not verified acquisition original"
3470.jpg,resize,train,sg-0401,train/3470.jpg,same_name_original,resized_duplicate,same filename; 369x277->640x480; LANCZOS RGB MAE=9.3327; 64x64 luminance correlation=0.998582,Supported,immature apple|mature apple,2,0,640,480,derived representation; excluded from independent image universe
36.jpg,original,train,sg-0402,train/36.jpg,self,canonical,deterministic representative selection,Confirmed,mature apple,3,0,369,277,"representative, not verified acquisition original"
36.jpg,resize,train,sg-0402,train/36.jpg,same_name_original,resized_duplicate,same filename; 369x277->640x480; LANCZOS RGB MAE=9.616; 64x64 luminance correlation=0.998815,Supported,mature apple,3,0,640,480,derived representation; excluded from independent image universe
37.jpg,original,train,sg-0403,train/37.jpg,self,canonical,deterministic representative selection,Confirmed,mature apple,4,0,369,277,"representative, not verified acquisition original"
37.jpg,resize,train,sg-0403,train/37.jpg,same_name_original,resized_duplicate,same filename; 369x277->640x480; LANCZOS RGB MAE=10.971; 64x64 luminance correlation=0.999157,Supported,mature apple,4,0,640,480,derived representation; excluded from independent image universe
3740.jpg,original,train,sg-0404,train/3740.jpg,self,canonical,deterministic representative selection,Confirmed,immature apple,1,0,277,369,"representative, not verified acquisition original"
3740.jpg,resize,train,sg-0404,train/3740.jpg,same_name_original,resized_duplicate,same filename; 277x369->480x640; LANCZOS RGB MAE=9.2937; 64x64 luminance correlation=0.999169,Supported,immature apple,1,0,480,640,derived representation; excluded from independent image universe
375.jpg,original,train,sg-0405,train/375.jpg,self,canonical,deterministic representative selection,Confirmed,immature apple,1,0,277,369,"representative, not verified acquisition original"
375.jpg,resize,train,sg-0405,train/375.jpg,same_name_original,resized_duplicate,same filename; 277x369->480x640; LANCZOS RGB MAE=6.7363; 64x64 luminance correlation=0.999194,Supported,immature apple,1,0,480,640,derived representation; excluded from independent image universe
3760.jpg,original,train,sg-0406,train/3760.jpg,self,canonical,deterministic representative selection,Confirmed,immature apple,1,0,277,369,"representative, not verified acquisition original"
3760.jpg,resize,train,sg-0406,train/3760.jpg,same_name_original,resized_duplicate,same filename; 277x369->480x640; LANCZOS RGB MAE=5.2343; 64x64 luminance correlation=0.999446,Supported,immature apple,1,0,480,640,derived representation; excluded from independent image universe
377.jpg,original,train,sg-0407,train/377.jpg,self,canonical,deterministic representative selection,Confirmed,immature apple,1,0,277,369,"representative, not verified acquisition original"
377.jpg,resize,train,sg-0407,train/377.jpg,same_name_original,resized_duplicate,same filename; 277x369->480x640; LANCZOS RGB MAE=8.7773; 64x64 luminance correlation=0.999094,Supported,immature apple,1,0,480,640,derived representation; excluded from independent image universe
3780.jpg,original,train,sg-0408,train/3780.jpg,self,canonical,deterministic representative selection,Confirmed,immature apple,4,0,277,369,"representative, not verified acquisition original"
3780.jpg,resize,train,sg-0408,train/3780.jpg,same_name_original,resized_duplicate,same filename; 277x369->480x640; LANCZOS RGB MAE=6.9497; 64x64 luminance correlation=0.999036,Supported,immature apple,4,0,480,640,derived representation; excluded from independent image universe
38.jpg,original,train,sg-0409,train/38.jpg,self,canonical,deterministic representative selection,Confirmed,mature apple,4,0,369,277,"representative, not verified acquisition original"
38.jpg,resize,train,sg-0409,train/38.jpg,same_name_original,resized_duplicate,same filename; 369x277->640x480; LANCZOS RGB MAE=14.3391; 64x64 luminance correlation=0.998622,Supported,mature apple,4,0,640,480,derived representation; excluded from independent image universe
380.jpg,original,train,sg-0410,train/380.jpg,self,canonical,deterministic representative selection,Confirmed,immature apple,1,0,277,369,"representative, not verified acquisition original"
380.jpg,resize,train,sg-0410,train/380.jpg,same_name_original,resized_duplicate,same filename; 277x369->480x640; LANCZOS RGB MAE=2.5796; 64x64 luminance correlation=0.99974,Supported,immature apple,1,0,480,640,derived representation; excluded from independent image universe
389.jpg,original,train,sg-0411,train/389.jpg,self,canonical,deterministic representative selection,Confirmed,immature apple,1,0,277,369,"representative, not verified acquisition original"
389.jpg,resize,train,sg-0411,train/389.jpg,same_name_original,resized_duplicate,same filename; 277x369->480x640; LANCZOS RGB MAE=3.0405; 64x64 luminance correlation=0.999249,Supported,immature apple,1,0,480,640,derived representation; excluded from independent image universe
39000.jpg,original,train,sg-0412,train/39000.jpg,self,canonical,deterministic representative selection,Confirmed,mature apple,5,0,369,277,"representative, not verified acquisition original"
39000.jpg,resize,train,sg-0412,train/39000.jpg,same_name_original,resized_duplicate,same filename; 369x277->640x480; LANCZOS RGB MAE=9.7472; 64x64 luminance correlation=0.998774,Supported,mature apple,5,0,640,480,derived representation; excluded from independent image universe
39000_brightness.jpg,original,train,sg-0412,train/39000.jpg,component_path,augmentation_derivative,same suffix-normalized family=39000; 64x64 correlation=0.997869; identical polygons=True,Strongly Supported,mature apple,5,0,369,277,relation through component path; direct relation to canonical not asserted
39000_brightness.jpg,resize,train,sg-0412,train/39000.jpg,same_name_original,resized_duplicate,same filename; 369x277->640x480; LANCZOS RGB MAE=10.651; 64x64 luminance correlation=0.998752,Supported,mature apple,5,0,640,480,derived representation; excluded from independent image universe
3910.jpg,original,train,sg-0413,train/3910.jpg,self,canonical,deterministic representative selection,Confirmed,semi-mature apple,1,0,277,369,"representative, not verified acquisition original"
3910.jpg,resize,train,sg-0413,train/3910.jpg,same_name_original,resized_duplicate,same filename; 277x369->480x640; LANCZOS RGB MAE=6.9508; 64x64 luminance correlation=0.998939,Supported,semi-mature apple,1,0,480,640,derived representation; excluded from independent image universe
3910_brightness.jpg,original,train,sg-0413,train/3910.jpg,component_path,augmentation_derivative,same suffix-normalized family=3910; 64x64 correlation=0.998241; identical polygons=True,Strongly Supported,semi-mature apple,1,0,277,369,relation through component path; direct relation to canonical not asserted
3910_brightness.jpg,resize,train,sg-0413,train/3910.jpg,same_name_original,resized_duplicate,same filename; 277x369->480x640; LANCZOS RGB MAE=7.6647; 64x64 luminance correlation=0.998935,Supported,semi-mature apple,1,0,480,640,derived representation; excluded from independent image universe
3910_noise.jpg,original,train,sg-0413,train/3910.jpg,component_path,augmentation_derivative,same suffix-normalized family=3910; 64x64 correlation=0.999502; identical polygons=True,Strongly Supported,semi-mature apple,1,0,277,369,relation through component path; direct relation to canonical not asserted
3910_noise.jpg,resize,train,sg-0413,train/3910.jpg,same_name_original,resized_duplicate,same filename; 277x369->480x640; LANCZOS RGB MAE=8.209; 64x64 luminance correlation=0.998932,Supported,semi-mature apple,1,0,480,640,derived representation; excluded from independent image universe
3920.jpg,original,train,sg-0414,train/3920.jpg,self,canonical,deterministic representative selection,Confirmed,immature apple|semi-mature apple,4,0,277,369,"representative, not verified acquisition original"
3920.jpg,resize,train,sg-0414,train/3920.jpg,same_name_original,resized_duplicate,same filename; 277x369->480x640; LANCZOS RGB MAE=10.9394; 64x64 luminance correlation=0.998779,Supported,immature apple|semi-mature apple,4,0,480,640,derived representation; excluded from independent image universe
393.jpg,original,train,sg-0415,train/393.jpg,self,canonical,deterministic representative selection,Confirmed,immature apple,2,0,277,369,"representative, not verified acquisition original"
393.jpg,resize,train,sg-0415,train/393.jpg,same_name_original,resized_duplicate,same filename; 277x369->480x640; LANCZOS RGB MAE=7.3839; 64x64 luminance correlation=0.999412,Supported,immature apple,2,0,480,640,derived representation; excluded from independent image universe
3940.jpg,original,train,sg-0416,train/3940.jpg,self,canonical,deterministic representative selection,Confirmed,immature apple,1,0,277,369,"representative, not verified acquisition original"
3940.jpg,resize,train,sg-0416,train/3940.jpg,same_name_original,resized_duplicate,same filename; 277x369->480x640; LANCZOS RGB MAE=9.3549; 64x64 luminance correlation=0.998531,Supported,immature apple,1,0,480,640,derived representation; excluded from independent image universe
3950.jpg,original,train,sg-0417,train/3950.jpg,self,canonical,deterministic representative selection,Confirmed,immature apple,1,0,277,369,"representative, not verified acquisition original"
3950.jpg,resize,train,sg-0417,train/3950.jpg,same_name_original,resized_duplicate,same filename; 277x369->480x640; LANCZOS RGB MAE=14.1619; 64x64 luminance correlation=0.998517,Supported,immature apple,1,0,480,640,derived representation; excluded from independent image universe
396.jpg,original,train,sg-0418,train/396.jpg,self,canonical,deterministic representative selection,Confirmed,immature apple,3,0,277,369,"representative, not verified acquisition original"
396.jpg,resize,train,sg-0418,train/396.jpg,same_name_original,resized_duplicate,same filename; 277x369->480x640; LANCZOS RGB MAE=5.7214; 64x64 luminance correlation=0.999299,Supported,immature apple,3,0,480,640,derived representation; excluded from independent image universe
398.jpg,original,train,sg-0419,train/398.jpg,self,canonical,deterministic representative selection,Confirmed,immature apple,2,0,369,277,"representative, not verified acquisition original"
398.jpg,resize,train,sg-0419,train/398.jpg,same_name_original,resized_duplicate,same filename; 369x277->640x480; LANCZOS RGB MAE=6.9962; 64x64 luminance correlation=0.999112,Supported,immature apple,2,0,640,480,derived representation; excluded from independent image universe
399.jpg,original,train,sg-0420,train/399.jpg,self,canonical,deterministic representative selection,Confirmed,immature apple|semi-mature apple,2,0,369,277,"representative, not verified acquisition original"
399.jpg,resize,train,sg-0420,train/399.jpg,same_name_original,resized_duplicate,same filename; 369x277->640x480; LANCZOS RGB MAE=7.025; 64x64 luminance correlation=0.998677,Supported,immature apple|semi-mature apple,2,0,640,480,derived representation; excluded from independent image universe
40000.jpg,original,train,sg-0421,train/40000.jpg,self,canonical,deterministic representative selection,Confirmed,mature apple,2,0,369,277,"representative, not verified acquisition original"
40000.jpg,resize,train,sg-0421,train/40000.jpg,same_name_original,resized_duplicate,same filename; 369x277->640x480; LANCZOS RGB MAE=11.8481; 64x64 luminance correlation=0.998438,Supported,mature apple,2,0,640,480,derived representation; excluded from independent image universe
40000_brightness.jpg,original,train,sg-0421,train/40000.jpg,component_path,augmentation_derivative,same suffix-normalized family=40000; 64x64 correlation=0.997027; identical polygons=True,Strongly Supported,mature apple,2,0,369,277,relation through component path; direct relation to canonical not asserted
40000_brightness.jpg,resize,train,sg-0421,train/40000.jpg,same_name_original,resized_duplicate,same filename; 369x277->640x480; LANCZOS RGB MAE=12.7572; 64x64 luminance correlation=0.998286,Supported,mature apple,2,0,640,480,derived representation; excluded from independent image universe
40001.jpg,original,train,sg-0422,train/40001.jpg,self,canonical,deterministic representative selection,Confirmed,mature apple,3,0,369,277,"representative, not verified acquisition original"
40001.jpg,resize,train,sg-0422,train/40001.jpg,same_name_original,resized_duplicate,same filename; 369x277->640x480; LANCZOS RGB MAE=13.8857; 64x64 luminance correlation=0.998786,Supported,mature apple,3,0,640,480,derived representation; excluded from independent image universe
401.jpg,original,train,sg-0423,train/401.jpg,self,canonical,deterministic representative selection,Confirmed,mature apple,3,0,277,369,"representative, not verified acquisition original"
401.jpg,resize,train,sg-0423,train/401.jpg,same_name_original,resized_duplicate,same filename; 277x369->480x640; LANCZOS RGB MAE=11.5922; 64x64 luminance correlation=0.997794,Supported,mature apple,3,0,480,640,derived representation; excluded from independent image universe
4020.jpg,original,train,sg-0424,train/4020.jpg,self,canonical,deterministic representative selection,Confirmed,mature apple,2,0,277,369,"representative, not verified acquisition original"
4020.jpg,resize,train,sg-0424,train/4020.jpg,same_name_original,resized_duplicate,same filename; 277x369->480x640; LANCZOS RGB MAE=16.3797; 64x64 luminance correlation=0.998247,Supported,mature apple,2,0,480,640,derived representation; excluded from independent image universe
403.jpg,original,train,sg-0425,train/403.jpg,self,canonical,deterministic representative selection,Confirmed,mature apple,3,0,277,369,"representative, not verified acquisition original"
403.jpg,resize,train,sg-0425,train/403.jpg,same_name_original,resized_duplicate,same filename; 277x369->480x640; LANCZOS RGB MAE=10.5659; 64x64 luminance correlation=0.998271,Supported,mature apple,3,0,480,640,derived representation; excluded from independent image universe
403_brightness.jpg,original,train,sg-0425,train/403.jpg,component_path,augmentation_derivative,same suffix-normalized family=403; 64x64 correlation=0.996894; identical polygons=True,Strongly Supported,mature apple,3,0,277,369,relation through component path; direct relation to canonical not asserted
403_brightness.jpg,resize,train,sg-0425,train/403.jpg,same_name_original,resized_duplicate,same filename; 277x369->480x640; LANCZOS RGB MAE=11.3209; 64x64 luminance correlation=0.998104,Supported,mature apple,3,0,480,640,derived representation; excluded from independent image universe
404.jpg,original,train,sg-0426,train/404.jpg,self,canonical,deterministic representative selection,Confirmed,mature apple,4,0,277,369,"representative, not verified acquisition original"
404.jpg,resize,train,sg-0426,train/404.jpg,same_name_original,resized_duplicate,same filename; 277x369->480x640; LANCZOS RGB MAE=11.9027; 64x64 luminance correlation=0.997056,Supported,mature apple,4,0,480,640,derived representation; excluded from independent image universe
405.jpg,original,train,sg-0427,train/405.jpg,self,canonical,deterministic representative selection,Confirmed,mature apple,3,0,277,369,"representative, not verified acquisition original"
405.jpg,resize,train,sg-0427,train/405.jpg,same_name_original,resized_duplicate,same filename; 277x369->480x640; LANCZOS RGB MAE=13.1611; 64x64 luminance correlation=0.998973,Supported,mature apple,3,0,480,640,derived representation; excluded from independent image universe
4060.jpg,original,train,sg-0428,train/4060.jpg,self,canonical,deterministic representative selection,Confirmed,immature apple|mature apple,4,0,369,277,"representative, not verified acquisition original"
4060.jpg,resize,train,sg-0428,train/4060.jpg,same_name_original,resized_duplicate,same filename; 369x277->640x480; LANCZOS RGB MAE=8.9621; 64x64 luminance correlation=0.997902,Supported,immature apple|mature apple,4,0,640,480,derived representation; excluded from independent image universe
4070.jpg,original,train,sg-0429,train/4070.jpg,self,canonical,deterministic representative selection,Confirmed,mature apple,3,0,369,277,"representative, not verified acquisition original"
4070.jpg,resize,train,sg-0429,train/4070.jpg,same_name_original,resized_duplicate,same filename; 369x277->640x480; LANCZOS RGB MAE=8.5836; 64x64 luminance correlation=0.999051,Supported,mature apple,3,0,640,480,derived representation; excluded from independent image universe
4070_brightness.jpg,original,train,sg-0429,train/4070.jpg,component_path,augmentation_derivative,same suffix-normalized family=4070; 64x64 correlation=0.997766; identical polygons=True,Strongly Supported,mature apple,3,0,369,277,relation through component path; direct relation to canonical not asserted
4070_brightness.jpg,resize,train,sg-0429,train/4070.jpg,same_name_original,resized_duplicate,same filename; 369x277->640x480; LANCZOS RGB MAE=9.389; 64x64 luminance correlation=0.999024,Supported,mature apple,3,0,640,480,derived representation; excluded from independent image universe
408.jpg,original,train,sg-0430,train/408.jpg,self,canonical,deterministic representative selection,Confirmed,mature apple,2,0,369,277,"representative, not verified acquisition original"
408.jpg,resize,train,sg-0430,train/408.jpg,same_name_original,resized_duplicate,same filename; 369x277->640x480; LANCZOS RGB MAE=7.7596; 64x64 luminance correlation=0.998578,Supported,mature apple,2,0,640,480,derived representation; excluded from independent image universe
408_brightness.jpg,original,train,sg-0430,train/408.jpg,component_path,augmentation_derivative,same suffix-normalized family=408; 64x64 correlation=0.998415; identical polygons=True,Strongly Supported,mature apple,2,0,369,277,relation through component path; direct relation to canonical not asserted
408_brightness.jpg,resize,train,sg-0430,train/408.jpg,same_name_original,resized_duplicate,same filename; 369x277->640x480; LANCZOS RGB MAE=8.3321; 64x64 luminance correlation=0.998581,Supported,mature apple,2,0,640,480,derived representation; excluded from independent image universe
409.jpg,original,train,sg-0431,train/409.jpg,self,canonical,deterministic representative selection,Confirmed,mature apple,1,0,369,277,"representative, not verified acquisition original"
409.jpg,resize,train,sg-0431,train/409.jpg,same_name_original,resized_duplicate,same filename; 369x277->640x480; LANCZOS RGB MAE=3.446; 64x64 luminance correlation=0.999111,Supported,mature apple,1,0,640,480,derived representation; excluded from independent image universe
4100.jpg,original,train,sg-0432,train/4100.jpg,self,canonical,deterministic representative selection,Confirmed,mature apple,1,0,277,369,"representative, not verified acquisition original"
4100.jpg,resize,train,sg-0432,train/4100.jpg,same_name_original,resized_duplicate,same filename; 277x369->480x640; LANCZOS RGB MAE=4.2324; 64x64 luminance correlation=0.998033,Supported,mature apple,1,0,480,640,derived representation; excluded from independent image universe
41000.jpg,original,train,sg-0433,train/41000.jpg,self,canonical,deterministic representative selection,Confirmed,mature apple,3,0,369,277,"representative, not verified acquisition original"
41000.jpg,resize,train,sg-0433,train/41000.jpg,same_name_original,resized_duplicate,same filename; 369x277->640x480; LANCZOS RGB MAE=10.6974; 64x64 luminance correlation=0.999012,Supported,mature apple,3,0,640,480,derived representation; excluded from independent image universe
4120.jpg,original,train,sg-0434,train/4120.jpg,self,canonical,deterministic representative selection,Confirmed,mature apple,3,0,369,277,"representative, not verified acquisition original"
4120.jpg,resize,train,sg-0434,train/4120.jpg,same_name_original,resized_duplicate,same filename; 369x277->640x480; LANCZOS RGB MAE=6.9348; 64x64 luminance correlation=0.999161,Supported,mature apple,3,0,640,480,derived representation; excluded from independent image universe
4120_brightness.jpg,original,train,sg-0434,train/4120.jpg,component_path,augmentation_derivative,same suffix-normalized family=4120; 64x64 correlation=0.995217; identical polygons=True,Strongly Supported,mature apple,3,0,369,277,relation through component path; direct relation to canonical not asserted
4120_brightness.jpg,resize,train,sg-0434,train/4120.jpg,same_name_original,resized_duplicate,same filename; 369x277->640x480; LANCZOS RGB MAE=7.625; 64x64 luminance correlation=0.999026,Supported,mature apple,3,0,640,480,derived representation; excluded from independent image universe
4151.jpg,original,train,sg-0435,train/4151.jpg,self,canonical,deterministic representative selection,Confirmed,immature apple,3,0,369,277,"representative, not verified acquisition original"
4151.jpg,resize,train,sg-0435,train/4151.jpg,same_name_original,resized_duplicate,same filename; 369x277->640x480; LANCZOS RGB MAE=6.5742; 64x64 luminance correlation=0.998642,Supported,immature apple,3,0,640,480,derived representation; excluded from independent image universe
417.jpg,original,train,sg-0436,train/417.jpg,self,canonical,deterministic representative selection,Confirmed,immature apple,3,0,369,277,"representative, not verified acquisition original"
417.jpg,resize,train,sg-0436,train/417.jpg,same_name_original,resized_duplicate,same filename; 369x277->640x480; LANCZOS RGB MAE=6.1057; 64x64 luminance correlation=0.99918,Supported,immature apple,3,0,640,480,derived representation; excluded from independent image universe
4180.jpg,original,train,sg-0437,train/4180.jpg,self,canonical,deterministic representative selection,Confirmed,immature apple,4,0,277,369,"representative, not verified acquisition original"
4180.jpg,resize,train,sg-0437,train/4180.jpg,same_name_original,resized_duplicate,same filename; 277x369->480x640; LANCZOS RGB MAE=7.9863; 64x64 luminance correlation=0.998978,Supported,immature apple,4,0,480,640,derived representation; excluded from independent image universe
419.jpg,original,train,sg-0438,train/419.jpg,self,canonical,deterministic representative selection,Confirmed,immature apple,4,0,369,277,"representative, not verified acquisition original"
419.jpg,resize,train,sg-0438,train/419.jpg,same_name_original,resized_duplicate,same filename; 369x277->640x480; LANCZOS RGB MAE=8.5512; 64x64 luminance correlation=0.999043,Supported,immature apple,4,0,640,480,derived representation; excluded from independent image universe
42000.jpg,original,train,sg-0439,train/42000.jpg,self,canonical,deterministic representative selection,Confirmed,mature apple,3,0,369,277,"representative, not verified acquisition original"
42000.jpg,resize,train,sg-0439,train/42000.jpg,same_name_original,resized_duplicate,same filename; 369x277->640x480; LANCZOS RGB MAE=10.9847; 64x64 luminance correlation=0.998509,Supported,mature apple,3,0,640,480,derived representation; excluded from independent image universe
4201.jpg,original,train,sg-0440,train/4201.jpg,self,canonical,deterministic representative selection,Confirmed,immature apple,5,0,369,277,"representative, not verified acquisition original"
4201.jpg,resize,train,sg-0440,train/4201.jpg,same_name_original,resized_duplicate,same filename; 369x277->640x480; LANCZOS RGB MAE=6.5653; 64x64 luminance correlation=0.998558,Supported,immature apple,5,0,640,480,derived representation; excluded from independent image universe
4210.jpg,original,train,sg-0441,train/4210.jpg,self,canonical,deterministic representative selection,Confirmed,immature apple,2,0,277,369,"representative, not verified acquisition original"
4210.jpg,resize,train,sg-0441,train/4210.jpg,same_name_original,resized_duplicate,same filename; 277x369->480x640; LANCZOS RGB MAE=7.4853; 64x64 luminance correlation=0.999344,Supported,immature apple,2,0,480,640,derived representation; excluded from independent image universe
4220.jpg,original,train,sg-0442,train/4220.jpg,self,canonical,deterministic representative selection,Confirmed,immature apple,5,0,277,369,"representative, not verified acquisition original"
4220.jpg,resize,train,sg-0442,train/4220.jpg,same_name_original,resized_duplicate,same filename; 277x369->480x640; LANCZOS RGB MAE=7.5433; 64x64 luminance correlation=0.999108,Supported,immature apple,5,0,480,640,derived representation; excluded from independent image universe
424-1.jpg,original,train,sg-0443,train/424-1.jpg,self,canonical,deterministic representative selection,Confirmed,immature apple,4,0,277,369,"representative, not verified acquisition original"
424-1.jpg,resize,train,sg-0443,train/424-1.jpg,same_name_original,resized_duplicate,same filename; 277x369->480x640; LANCZOS RGB MAE=6.3849; 64x64 luminance correlation=0.999505,Supported,immature apple,4,0,480,640,derived representation; excluded from independent image universe
4250.jpg,original,train,sg-0444,train/4250.jpg,self,canonical,deterministic representative selection,Confirmed,semi-mature apple,8,0,277,369,"representative, not verified acquisition original"
4250.jpg,resize,train,sg-0444,train/4250.jpg,same_name_original,resized_duplicate,same filename; 277x369->480x640; LANCZOS RGB MAE=10.6823; 64x64 luminance correlation=0.999099,Supported,semi-mature apple,8,0,480,640,derived representation; excluded from independent image universe
4250_brightness.jpg,original,train,sg-0444,train/4250.jpg,component_path,augmentation_derivative,same suffix-normalized family=4250; 64x64 correlation=0.996659; identical polygons=True,Strongly Supported,semi-mature apple,8,0,277,369,relation through component path; direct relation to canonical not asserted
4250_brightness.jpg,resize,train,sg-0444,train/4250.jpg,same_name_original,resized_duplicate,same filename; 277x369->480x640; LANCZOS RGB MAE=11.8107; 64x64 luminance correlation=0.998996,Supported,semi-mature apple,8,0,480,640,derived representation; excluded from independent image universe
4250_noise.jpg,original,train,sg-0444,train/4250.jpg,component_path,augmentation_derivative,same suffix-normalized family=4250; 64x64 correlation=0.999382; identical polygons=True,Strongly Supported,semi-mature apple,8,0,277,369,relation through component path; direct relation to canonical not asserted
4250_noise.jpg,resize,train,sg-0444,train/4250.jpg,same_name_original,resized_duplicate,same filename; 277x369->480x640; LANCZOS RGB MAE=11.4599; 64x64 luminance correlation=0.9991,Supported,semi-mature apple,8,0,480,640,derived representation; excluded from independent image universe
426-1.jpg,original,train,sg-0445,train/426-1.jpg,self,canonical,deterministic representative selection,Confirmed,immature apple,3,0,277,369,"representative, not verified acquisition original"
426-1.jpg,resize,train,sg-0445,train/426-1.jpg,same_name_original,resized_duplicate,same filename; 277x369->480x640; LANCZOS RGB MAE=9.9905; 64x64 luminance correlation=0.998928,Supported,immature apple,3,0,480,640,derived representation; excluded from independent image universe
44.jpg,original,train,sg-0446,train/44.jpg,self,canonical,deterministic representative selection,Confirmed,mature apple|semi-mature apple,3,0,369,277,"representative, not verified acquisition original"
44.jpg,resize,train,sg-0446,train/44.jpg,same_name_original,resized_duplicate,same filename; 369x277->640x480; LANCZOS RGB MAE=14.6572; 64x64 luminance correlation=0.99829,Supported,mature apple|semi-mature apple,3,0,640,480,derived representation; excluded from independent image universe
46.jpg,original,train,sg-0447,train/46.jpg,self,canonical,deterministic representative selection,Confirmed,mature apple|semi-mature apple,5,0,369,277,"representative, not verified acquisition original"
46.jpg,resize,train,sg-0447,train/46.jpg,same_name_original,resized_duplicate,same filename; 369x277->640x480; LANCZOS RGB MAE=13.7706; 64x64 luminance correlation=0.998951,Supported,mature apple|semi-mature apple,5,0,640,480,derived representation; excluded from independent image universe
47.jpg,original,train,sg-0448,train/47.jpg,self,canonical,deterministic representative selection,Confirmed,mature apple|semi-mature apple,7,0,369,277,"representative, not verified acquisition original"
47.jpg,resize,train,sg-0448,train/47.jpg,same_name_original,resized_duplicate,same filename; 369x277->640x480; LANCZOS RGB MAE=13.1331; 64x64 luminance correlation=0.998398,Supported,mature apple|semi-mature apple,7,0,640,480,derived representation; excluded from independent image universe
48.jpg,original,train,sg-0449,train/48.jpg,self,canonical,deterministic representative selection,Confirmed,mature apple|semi-mature apple,2,0,369,277,"representative, not verified acquisition original"
48.jpg,resize,train,sg-0449,train/48.jpg,same_name_original,resized_duplicate,same filename; 369x277->640x480; LANCZOS RGB MAE=6.7494; 64x64 luminance correlation=0.998905,Supported,mature apple|semi-mature apple,2,0,640,480,derived representation; excluded from independent image universe
49000.jpg,original,train,sg-0450,train/49000.jpg,self,canonical,deterministic representative selection,Confirmed,mature apple|semi-mature apple,6,0,369,277,"representative, not verified acquisition original"
49000.jpg,resize,train,sg-0450,train/49000.jpg,same_name_original,resized_duplicate,same filename; 369x277->640x480; LANCZOS RGB MAE=8.9619; 64x64 luminance correlation=0.999148,Supported,mature apple|semi-mature apple,6,0,640,480,derived representation; excluded from independent image universe
50.jpg,original,train,sg-0451,train/50.jpg,self,canonical,deterministic representative selection,Confirmed,mature apple|semi-mature apple,6,0,369,277,"representative, not verified acquisition original"
50.jpg,resize,train,sg-0451,train/50.jpg,same_name_original,resized_duplicate,same filename; 369x277->640x480; LANCZOS RGB MAE=6.8577; 64x64 luminance correlation=0.999266,Supported,mature apple|semi-mature apple,6,0,640,480,derived representation; excluded from independent image universe
51.jpg,original,train,sg-0452,train/51.jpg,self,canonical,deterministic representative selection,Confirmed,mature apple,3,0,277,369,"representative, not verified acquisition original"
51.jpg,resize,train,sg-0452,train/51.jpg,same_name_original,resized_duplicate,same filename; 277x369->480x640; LANCZOS RGB MAE=15.5487; 64x64 luminance correlation=0.998294,Supported,mature apple,3,0,480,640,derived representation; excluded from independent image universe
52.jpg,original,train,sg-0453,train/52.jpg,self,canonical,deterministic representative selection,Confirmed,mature apple,4,0,277,369,"representative, not verified acquisition original"
52.jpg,resize,train,sg-0453,train/52.jpg,same_name_original,resized_duplicate,same filename; 277x369->480x640; LANCZOS RGB MAE=15.4546; 64x64 luminance correlation=0.998541,Supported,mature apple,4,0,480,640,derived representation; excluded from independent image universe
53.jpg,original,train,sg-0454,train/53.jpg,self,canonical,deterministic representative selection,Confirmed,mature apple,6,0,369,277,"representative, not verified acquisition original"
53.jpg,resize,train,sg-0454,train/53.jpg,same_name_original,resized_duplicate,same filename; 369x277->640x480; LANCZOS RGB MAE=11.6086; 64x64 luminance correlation=0.999166,Supported,mature apple,6,0,640,480,derived representation; excluded from independent image universe
54.jpg,original,train,sg-0455,train/54.jpg,self,canonical,deterministic representative selection,Confirmed,mature apple,6,0,369,277,"representative, not verified acquisition original"
54.jpg,resize,train,sg-0455,train/54.jpg,same_name_original,resized_duplicate,same filename; 369x277->640x480; LANCZOS RGB MAE=10.7441; 64x64 luminance correlation=0.999124,Supported,mature apple,6,0,640,480,derived representation; excluded from independent image universe
55000.jpg,original,train,sg-0456,train/55000.jpg,self,canonical,deterministic representative selection,Confirmed,mature apple|semi-mature apple,6,0,369,277,"representative, not verified acquisition original"
55000.jpg,resize,train,sg-0456,train/55000.jpg,same_name_original,resized_duplicate,same filename; 369x277->640x480; LANCZOS RGB MAE=14.2726; 64x64 luminance correlation=0.998766,Supported,mature apple|semi-mature apple,6,0,640,480,derived representation; excluded from independent image universe
56.jpg,original,train,sg-0457,train/56.jpg,self,canonical,deterministic representative selection,Confirmed,mature apple,3,0,369,277,"representative, not verified acquisition original"
56.jpg,resize,train,sg-0457,train/56.jpg,same_name_original,resized_duplicate,same filename; 369x277->640x480; LANCZOS RGB MAE=7.1816; 64x64 luminance correlation=0.998979,Supported,mature apple,3,0,640,480,derived representation; excluded from independent image universe
57.jpg,original,train,sg-0458,train/57.jpg,self,canonical,deterministic representative selection,Confirmed,mature apple,2,0,369,277,"representative, not verified acquisition original"
57.jpg,resize,train,sg-0458,train/57.jpg,same_name_original,resized_duplicate,same filename; 369x277->640x480; LANCZOS RGB MAE=10.3389; 64x64 luminance correlation=0.998771,Supported,mature apple,2,0,640,480,derived representation; excluded from independent image universe
58.jpg,original,train,sg-0459,train/58.jpg,self,canonical,deterministic representative selection,Confirmed,mature apple|semi-mature apple,3,0,277,369,"representative, not verified acquisition original"
58.jpg,resize,train,sg-0459,train/58.jpg,same_name_original,resized_duplicate,same filename; 277x369->480x640; LANCZOS RGB MAE=5.7651; 64x64 luminance correlation=0.999667,Supported,mature apple|semi-mature apple,3,0,480,640,derived representation; excluded from independent image universe
6.jpg,original,train,sg-0460,train/6.jpg,self,canonical,deterministic representative selection,Confirmed,mature apple,2,0,369,277,"representative, not verified acquisition original"
6.jpg,resize,train,sg-0460,train/6.jpg,same_name_original,resized_duplicate,same filename; 369x277->640x480; LANCZOS RGB MAE=15.5596; 64x64 luminance correlation=0.998164,Supported,mature apple,2,0,640,480,derived representation; excluded from independent image universe
60000.jpg,original,train,sg-0461,train/60000.jpg,self,canonical,deterministic representative selection,Confirmed,mature apple,3,0,369,277,"representative, not verified acquisition original"
60000.jpg,resize,train,sg-0461,train/60000.jpg,same_name_original,resized_duplicate,same filename; 369x277->640x480; LANCZOS RGB MAE=5.5228; 64x64 luminance correlation=0.999388,Supported,mature apple,3,0,640,480,derived representation; excluded from independent image universe
61.jpg,original,train,sg-0462,train/61.jpg,self,canonical,deterministic representative selection,Confirmed,mature apple,2,0,369,277,"representative, not verified acquisition original"
61.jpg,resize,train,sg-0462,train/61.jpg,same_name_original,resized_duplicate,same filename; 369x277->640x480; LANCZOS RGB MAE=4.9051; 64x64 luminance correlation=0.999356,Supported,mature apple,2,0,640,480,derived representation; excluded from independent image universe
62.jpg,original,train,sg-0463,train/62.jpg,self,canonical,deterministic representative selection,Confirmed,mature apple,3,0,369,277,"representative, not verified acquisition original"
62.jpg,resize,train,sg-0463,train/62.jpg,same_name_original,resized_duplicate,same filename; 369x277->640x480; LANCZOS RGB MAE=12.0695; 64x64 luminance correlation=0.998033,Supported,mature apple,3,0,640,480,derived representation; excluded from independent image universe
63000.jpg,original,train,sg-0464,train/63000.jpg,self,canonical,deterministic representative selection,Confirmed,mature apple,5,0,369,277,"representative, not verified acquisition original"
63000.jpg,resize,train,sg-0464,train/63000.jpg,same_name_original,resized_duplicate,same filename; 369x277->640x480; LANCZOS RGB MAE=10.3859; 64x64 luminance correlation=0.998607,Supported,mature apple,5,0,640,480,derived representation; excluded from independent image universe
64.jpg,original,train,sg-0465,train/64.jpg,self,canonical,deterministic representative selection,Confirmed,mature apple,5,0,369,277,"representative, not verified acquisition original"
64.jpg,resize,train,sg-0465,train/64.jpg,same_name_original,resized_duplicate,same filename; 369x277->640x480; LANCZOS RGB MAE=11.0732; 64x64 luminance correlation=0.998519,Supported,mature apple,5,0,640,480,derived representation; excluded from independent image universe
66000.jpg,original,train,sg-0466,train/66000.jpg,self,canonical,deterministic representative selection,Confirmed,mature apple,4,0,369,277,"representative, not verified acquisition original"
66000.jpg,resize,train,sg-0466,train/66000.jpg,same_name_original,resized_duplicate,same filename; 369x277->640x480; LANCZOS RGB MAE=7.3737; 64x64 luminance correlation=0.999455,Supported,mature apple,4,0,640,480,derived representation; excluded from independent image universe
68.jpg,original,train,sg-0467,train/68.jpg,self,canonical,deterministic representative selection,Confirmed,mature apple,2,0,369,277,"representative, not verified acquisition original"
68.jpg,resize,train,sg-0467,train/68.jpg,same_name_original,resized_duplicate,same filename; 369x277->640x480; LANCZOS RGB MAE=6.9; 64x64 luminance correlation=0.99918,Supported,mature apple,2,0,640,480,derived representation; excluded from independent image universe
6_brightness.jpg,original,train,sg-0468,train/6_brightness.jpg,self,canonical,deterministic representative selection,Confirmed,mature apple,2,0,369,277,"representative, not verified acquisition original"
6_brightness.jpg,resize,train,sg-0468,train/6_brightness.jpg,same_name_original,resized_duplicate,same filename; 369x277->640x480; LANCZOS RGB MAE=16.5347; 64x64 luminance correlation=0.997931,Supported,mature apple,2,0,640,480,derived representation; excluded from independent image universe
700000.jpg,original,train,sg-0469,train/700000.jpg,self,canonical,deterministic representative selection,Confirmed,mature apple,3,0,369,277,"representative, not verified acquisition original"
700000.jpg,resize,train,sg-0469,train/700000.jpg,same_name_original,resized_duplicate,same filename; 369x277->640x480; LANCZOS RGB MAE=6.5375; 64x64 luminance correlation=0.99874,Supported,mature apple,3,0,640,480,derived representation; excluded from independent image universe
73.jpg,original,train,sg-0470,train/73.jpg,self,canonical,deterministic representative selection,Confirmed,mature apple,2,0,277,369,"representative, not verified acquisition original"
73.jpg,resize,train,sg-0470,train/73.jpg,same_name_original,resized_duplicate,same filename; 277x369->480x640; LANCZOS RGB MAE=7.8475; 64x64 luminance correlation=0.999461,Supported,mature apple,2,0,480,640,derived representation; excluded from independent image universe
74.jpg,original,train,sg-0471,train/74.jpg,self,canonical,deterministic representative selection,Confirmed,mature apple,3,0,369,277,"representative, not verified acquisition original"
74.jpg,resize,train,sg-0471,train/74.jpg,same_name_original,resized_duplicate,same filename; 369x277->640x480; LANCZOS RGB MAE=9.0367; 64x64 luminance correlation=0.998716,Supported,mature apple,3,0,640,480,derived representation; excluded from independent image universe
7500.jpg,original,train,sg-0472,train/7500.jpg,self,canonical,deterministic representative selection,Confirmed,mature apple,3,0,369,277,"representative, not verified acquisition original"
7500.jpg,resize,train,sg-0472,train/7500.jpg,same_name_original,resized_duplicate,same filename; 369x277->640x480; LANCZOS RGB MAE=12.2512; 64x64 luminance correlation=0.997979,Supported,mature apple,3,0,640,480,derived representation; excluded from independent image universe
7600.jpg,original,train,sg-0473,train/7600.jpg,self,canonical,deterministic representative selection,Confirmed,mature apple,4,0,369,277,"representative, not verified acquisition original"
7600.jpg,resize,train,sg-0473,train/7600.jpg,same_name_original,resized_duplicate,same filename; 369x277->640x480; LANCZOS RGB MAE=12.2212; 64x64 luminance correlation=0.999337,Supported,mature apple,4,0,640,480,derived representation; excluded from independent image universe
7600_brightness.jpg,original,train,sg-0473,train/7600.jpg,component_path,augmentation_derivative,same suffix-normalized family=7600; 64x64 correlation=0.997367; identical polygons=True,Strongly Supported,mature apple,4,0,369,277,relation through component path; direct relation to canonical not asserted
7600_brightness.jpg,resize,train,sg-0473,train/7600.jpg,same_name_original,resized_duplicate,same filename; 369x277->640x480; LANCZOS RGB MAE=13.4343; 64x64 luminance correlation=0.999208,Supported,mature apple,4,0,640,480,derived representation; excluded from independent image universe
77.jpg,original,train,sg-0474,train/77.jpg,self,canonical,deterministic representative selection,Confirmed,mature apple,5,0,277,369,"representative, not verified acquisition original"
77.jpg,resize,train,sg-0474,train/77.jpg,same_name_original,resized_duplicate,same filename; 277x369->480x640; LANCZOS RGB MAE=10.5285; 64x64 luminance correlation=0.998952,Supported,mature apple,5,0,480,640,derived representation; excluded from independent image universe
77_brightness.jpg,original,train,sg-0474,train/77.jpg,component_path,augmentation_derivative,same suffix-normalized family=77; 64x64 correlation=0.995921; identical polygons=True,Strongly Supported,mature apple,5,0,277,369,relation through component path; direct relation to canonical not asserted
77_brightness.jpg,resize,train,sg-0474,train/77.jpg,same_name_original,resized_duplicate,same filename; 277x369->480x640; LANCZOS RGB MAE=11.5832; 64x64 luminance correlation=0.998894,Supported,mature apple,5,0,480,640,derived representation; excluded from independent image universe
8000.jpg,original,train,sg-0475,train/8000.jpg,self,canonical,deterministic representative selection,Confirmed,mature apple|semi-mature apple,3,0,369,277,"representative, not verified acquisition original"
8000.jpg,resize,train,sg-0475,train/8000.jpg,same_name_original,resized_duplicate,same filename; 369x277->640x480; LANCZOS RGB MAE=10.1377; 64x64 luminance correlation=0.998493,Supported,mature apple|semi-mature apple,3,0,640,480,derived representation; excluded from independent image universe
8400.jpg,original,train,sg-0476,train/8400.jpg,self,canonical,deterministic representative selection,Confirmed,mature apple,3,0,369,277,"representative, not verified acquisition original"
8400.jpg,resize,train,sg-0476,train/8400.jpg,same_name_original,resized_duplicate,same filename; 369x277->640x480; LANCZOS RGB MAE=8.1451; 64x64 luminance correlation=0.998728,Supported,mature apple,3,0,640,480,derived representation; excluded from independent image universe
8500.jpg,original,train,sg-0477,train/8500.jpg,self,canonical,deterministic representative selection,Confirmed,mature apple,2,0,369,277,"representative, not verified acquisition original"
8500.jpg,resize,train,sg-0477,train/8500.jpg,same_name_original,resized_duplicate,same filename; 369x277->640x480; LANCZOS RGB MAE=14.1939; 64x64 luminance correlation=0.998354,Supported,mature apple,2,0,640,480,derived representation; excluded from independent image universe
8700.jpg,original,train,sg-0478,train/8700.jpg,self,canonical,deterministic representative selection,Confirmed,mature apple|semi-mature apple,4,0,369,277,"representative, not verified acquisition original"
8700.jpg,resize,train,sg-0478,train/8700.jpg,same_name_original,resized_duplicate,same filename; 369x277->640x480; LANCZOS RGB MAE=8.5943; 64x64 luminance correlation=0.99897,Supported,mature apple|semi-mature apple,4,0,640,480,derived representation; excluded from independent image universe
89.jpg,original,train,sg-0479,train/89.jpg,self,canonical,deterministic representative selection,Confirmed,mature apple,3,0,369,277,"representative, not verified acquisition original"
89.jpg,resize,train,sg-0479,train/89.jpg,same_name_original,resized_duplicate,same filename; 369x277->640x480; LANCZOS RGB MAE=12.0158; 64x64 luminance correlation=0.998033,Supported,mature apple,3,0,640,480,derived representation; excluded from independent image universe
9.jpg,original,train,sg-0480,train/9.jpg,self,canonical,deterministic representative selection,Confirmed,mature apple,2,0,277,369,"representative, not verified acquisition original"
9.jpg,resize,train,sg-0480,train/9.jpg,same_name_original,resized_duplicate,same filename; 277x369->480x640; LANCZOS RGB MAE=7.9291; 64x64 luminance correlation=0.999072,Supported,mature apple,2,0,480,640,derived representation; excluded from independent image universe
9000.jpg,original,train,sg-0481,train/9000.jpg,self,canonical,deterministic representative selection,Confirmed,mature apple,2,0,277,369,"representative, not verified acquisition original"
9000.jpg,resize,train,sg-0481,train/9000.jpg,same_name_original,resized_duplicate,same filename; 277x369->480x640; LANCZOS RGB MAE=8.3296; 64x64 luminance correlation=0.998916,Supported,mature apple,2,0,480,640,derived representation; excluded from independent image universe
9_brightness.jpg,original,train,sg-0482,train/9_brightness.jpg,self,canonical,deterministic representative selection,Confirmed,mature apple,2,0,277,369,"representative, not verified acquisition original"
9_brightness.jpg,resize,train,sg-0482,train/9_brightness.jpg,same_name_original,resized_duplicate,same filename; 277x369->480x640; LANCZOS RGB MAE=8.2121; 64x64 luminance correlation=0.998971,Supported,mature apple,2,0,480,640,derived representation; excluded from independent image universe
IMG_12320.jpg,original,train,sg-0483,train/IMG_12320.jpg,self,canonical,deterministic representative selection,Confirmed,mature apple,1,0,404,303,"representative, not verified acquisition original"
IMG_12320.jpg,resize,train,sg-0483,train/IMG_12320.jpg,same_name_original,resized_duplicate,same filename; 404x303->640x480; LANCZOS RGB MAE=1.3997; 64x64 luminance correlation=0.999945,Supported,mature apple,1,0,640,480,derived representation; excluded from independent image universe
IMG_12350.jpg,original,train,sg-0484,train/IMG_12350.jpg,self,canonical,deterministic representative selection,Confirmed,mature apple,1,0,404,303,"representative, not verified acquisition original"
IMG_12350.jpg,resize,train,sg-0484,train/IMG_12350.jpg,same_name_original,resized_duplicate,same filename; 404x303->640x480; LANCZOS RGB MAE=1.3857; 64x64 luminance correlation=0.999939,Supported,mature apple,1,0,640,480,derived representation; excluded from independent image universe
IMG_1237.jpg,original,train,sg-0485,train/IMG_1237.jpg,self,canonical,deterministic representative selection,Confirmed,mature apple,1,0,404,303,"representative, not verified acquisition original"
IMG_1237.jpg,resize,train,sg-0485,train/IMG_1237.jpg,same_name_original,resized_duplicate,same filename; 404x303->640x480; LANCZOS RGB MAE=1.3856; 64x64 luminance correlation=0.999936,Supported,mature apple,1,0,640,480,derived representation; excluded from independent image universe
IMG_1237_brightness.jpg,original,train,sg-0485,train/IMG_1237.jpg,component_path,augmentation_derivative,same suffix-normalized family=img_1237; 64x64 correlation=0.996410; identical polygons=True,Strongly Supported,mature apple,1,0,404,303,relation through component path; direct relation to canonical not asserted
IMG_1237_brightness.jpg,resize,train,sg-0485,train/IMG_1237.jpg,same_name_original,resized_duplicate,same filename; 404x303->640x480; LANCZOS RGB MAE=1.392; 64x64 luminance correlation=0.99993,Supported,mature apple,1,0,640,480,derived representation; excluded from independent image universe
IMG_12380.jpg,original,train,sg-0486,train/IMG_12380.jpg,self,canonical,deterministic representative selection,Confirmed,mature apple,1,0,404,303,"representative, not verified acquisition original"
IMG_12380.jpg,resize,train,sg-0486,train/IMG_12380.jpg,same_name_original,resized_duplicate,same filename; 404x303->640x480; LANCZOS RGB MAE=1.4717; 64x64 luminance correlation=0.999815,Supported,mature apple,1,0,640,480,derived representation; excluded from independent image universe
IMG_12390.jpg,original,train,sg-0487,train/IMG_12390.jpg,self,canonical,deterministic representative selection,Confirmed,mature apple,1,0,404,303,"representative, not verified acquisition original"
IMG_12390.jpg,resize,train,sg-0487,train/IMG_12390.jpg,same_name_original,resized_duplicate,same filename; 404x303->640x480; LANCZOS RGB MAE=1.1883; 64x64 luminance correlation=0.999966,Supported,mature apple,1,0,640,480,derived representation; excluded from independent image universe
IMG_12400_brightness.jpg,original,train,sg-0488,val/IMG_12400.jpg,component_path,augmentation_derivative,64x64 luminance correlation=0.996802; identical region list=True,Strongly Supported,mature apple,2,0,404,303,relation through component path; direct relation to canonical not asserted
IMG_12400_brightness.jpg,resize,train,sg-0488,val/IMG_12400.jpg,same_name_original,resized_duplicate,same filename; 404x303->640x480; LANCZOS RGB MAE=1.386; 64x64 luminance correlation=0.999918,Supported,mature apple,2,0,640,480,derived representation; excluded from independent image universe
IMG_12410.jpg,original,train,sg-0489,train/IMG_12410.jpg,self,canonical,deterministic representative selection,Confirmed,mature apple,3,0,404,303,"representative, not verified acquisition original"
IMG_12410.jpg,resize,train,sg-0489,train/IMG_12410.jpg,same_name_original,resized_duplicate,same filename; 404x303->640x480; LANCZOS RGB MAE=1.3255; 64x64 luminance correlation=0.999938,Supported,mature apple,3,0,640,480,derived representation; excluded from independent image universe
IMG_12430.jpg,original,train,sg-0490,train/IMG_12430.jpg,self,canonical,deterministic representative selection,Confirmed,mature apple,3,0,404,303,"representative, not verified acquisition original"
IMG_12430.jpg,resize,train,sg-0490,train/IMG_12430.jpg,same_name_original,resized_duplicate,same filename; 404x303->640x480; LANCZOS RGB MAE=1.3843; 64x64 luminance correlation=0.999922,Supported,mature apple,3,0,640,480,derived representation; excluded from independent image universe
IMG_12440.jpg,original,train,sg-0491,train/IMG_12440.jpg,self,canonical,deterministic representative selection,Confirmed,mature apple,3,0,404,303,"representative, not verified acquisition original"
IMG_12440.jpg,resize,train,sg-0491,train/IMG_12440.jpg,same_name_original,resized_duplicate,same filename; 404x303->640x480; LANCZOS RGB MAE=1.4576; 64x64 luminance correlation=0.999929,Supported,mature apple,3,0,640,480,derived representation; excluded from independent image universe
IMG_12450.jpg,original,train,sg-0492,train/IMG_12450.jpg,self,canonical,deterministic representative selection,Confirmed,mature apple,1,0,404,303,"representative, not verified acquisition original"
IMG_12450.jpg,resize,train,sg-0492,train/IMG_12450.jpg,same_name_original,resized_duplicate,same filename; 404x303->640x480; LANCZOS RGB MAE=1.2246; 64x64 luminance correlation=0.999963,Supported,mature apple,1,0,640,480,derived representation; excluded from independent image universe
IMG_12450_brightness.jpg,original,train,sg-0492,train/IMG_12450.jpg,component_path,augmentation_derivative,same suffix-normalized family=img_12450; 64x64 correlation=0.998253; identical polygons=True,Strongly Supported,mature apple,1,0,404,303,relation through component path; direct relation to canonical not asserted
IMG_12450_brightness.jpg,resize,train,sg-0492,train/IMG_12450.jpg,same_name_original,resized_duplicate,same filename; 404x303->640x480; LANCZOS RGB MAE=1.2369; 64x64 luminance correlation=0.999951,Supported,mature apple,1,0,640,480,derived representation; excluded from independent image universe
IMG_12460_brightness.jpg,original,train,sg-0493,val/IMG_12460.jpg,component_path,augmentation_derivative,64x64 luminance correlation=0.998318; identical region list=True,Strongly Supported,mature apple,1,0,404,303,relation through component path; direct relation to canonical not asserted
IMG_12460_brightness.jpg,resize,train,sg-0493,val/IMG_12460.jpg,same_name_original,resized_duplicate,same filename; 404x303->640x480; LANCZOS RGB MAE=1.2987; 64x64 luminance correlation=0.99995,Supported,mature apple,1,0,640,480,derived representation; excluded from independent image universe
IMG_12470.jpg,original,train,sg-0494,train/IMG_12470.jpg,self,canonical,deterministic representative selection,Confirmed,mature apple,1,0,404,303,"representative, not verified acquisition original"
IMG_12470.jpg,resize,train,sg-0494,train/IMG_12470.jpg,same_name_original,resized_duplicate,same filename; 404x303->640x480; LANCZOS RGB MAE=1.3506; 64x64 luminance correlation=0.999939,Supported,mature apple,1,0,640,480,derived representation; excluded from independent image universe
IMG_12470_brightness.jpg,original,train,sg-0495,train/IMG_12470_brightness.jpg,self,canonical,deterministic representative selection,Confirmed,mature apple,1,0,404,303,"representative, not verified acquisition original"
IMG_12470_brightness.jpg,resize,train,sg-0495,train/IMG_12470_brightness.jpg,same_name_original,resized_duplicate,same filename; 404x303->640x480; LANCZOS RGB MAE=1.3466; 64x64 luminance correlation=0.999936,Supported,mature apple,1,0,640,480,derived representation; excluded from independent image universe
IMG_1250.jpg,original,train,sg-0496,train/IMG_1250.jpg,self,canonical,deterministic representative selection,Confirmed,mature apple,1,0,404,303,"representative, not verified acquisition original"
IMG_1250.jpg,resize,train,sg-0496,train/IMG_1250.jpg,same_name_original,resized_duplicate,same filename; 404x303->640x480; LANCZOS RGB MAE=1.1392; 64x64 luminance correlation=0.999971,Supported,mature apple,1,0,640,480,derived representation; excluded from independent image universe
IMG_1251.jpg,original,train,sg-0497,train/IMG_1251.jpg,self,canonical,deterministic representative selection,Confirmed,mature apple,1,0,404,303,"representative, not verified acquisition original"
IMG_1251.jpg,resize,train,sg-0497,train/IMG_1251.jpg,same_name_original,resized_duplicate,same filename; 404x303->640x480; LANCZOS RGB MAE=1.1513; 64x64 luminance correlation=0.999972,Supported,mature apple,1,0,640,480,derived representation; excluded from independent image universe
IMG_1252.jpg,original,train,sg-0498,train/IMG_1252.jpg,self,canonical,deterministic representative selection,Confirmed,mature apple,1,0,404,303,"representative, not verified acquisition original"
IMG_1252.jpg,resize,train,sg-0498,train/IMG_1252.jpg,same_name_original,resized_duplicate,same filename; 404x303->640x480; LANCZOS RGB MAE=1.5496; 64x64 luminance correlation=0.999873,Supported,mature apple,1,0,640,480,derived representation; excluded from independent image universe
IMG_12530.jpg,original,train,sg-0499,train/IMG_12530.jpg,self,canonical,deterministic representative selection,Confirmed,mature apple,1,0,404,303,"representative, not verified acquisition original"
IMG_12530.jpg,resize,train,sg-0499,train/IMG_12530.jpg,same_name_original,resized_duplicate,same filename; 404x303->640x480; LANCZOS RGB MAE=1.2516; 64x64 luminance correlation=0.999969,Supported,mature apple,1,0,640,480,derived representation; excluded from independent image universe
IMG_12540.jpg,original,train,sg-0500,train/IMG_12540.jpg,self,canonical,deterministic representative selection,Confirmed,mature apple,1,0,404,303,"representative, not verified acquisition original"
IMG_12540.jpg,resize,train,sg-0500,train/IMG_12540.jpg,same_name_original,resized_duplicate,same filename; 404x303->640x480; LANCZOS RGB MAE=1.2784; 64x64 luminance correlation=0.999968,Supported,mature apple,1,0,640,480,derived representation; excluded from independent image universe
IMG_1255.jpg,original,train,sg-0501,train/IMG_1255.jpg,self,canonical,deterministic representative selection,Confirmed,mature apple|semi-mature apple,2,0,404,303,"representative, not verified acquisition original"
IMG_1255.jpg,resize,train,sg-0501,train/IMG_1255.jpg,same_name_original,resized_duplicate,same filename; 404x303->640x480; LANCZOS RGB MAE=1.4109; 64x64 luminance correlation=0.999928,Supported,mature apple|semi-mature apple,2,0,640,480,derived representation; excluded from independent image universe
IMG_1256.jpg,original,train,sg-0502,train/IMG_1256.jpg,self,canonical,deterministic representative selection,Confirmed,mature apple|semi-mature apple,2,0,404,303,"representative, not verified acquisition original"
IMG_1256.jpg,resize,train,sg-0502,train/IMG_1256.jpg,same_name_original,resized_duplicate,same filename; 404x303->640x480; LANCZOS RGB MAE=1.3757; 64x64 luminance correlation=0.999906,Supported,mature apple|semi-mature apple,2,0,640,480,derived representation; excluded from independent image universe
IMG_12580.jpg,original,train,sg-0503,train/IMG_12580.jpg,self,canonical,deterministic representative selection,Confirmed,mature apple,1,0,404,303,"representative, not verified acquisition original"
IMG_12580.jpg,resize,train,sg-0503,train/IMG_12580.jpg,same_name_original,resized_duplicate,same filename; 404x303->640x480; LANCZOS RGB MAE=1.4056; 64x64 luminance correlation=0.999836,Supported,mature apple,1,0,640,480,derived representation; excluded from independent image universe
IMG_1261.jpg,original,train,sg-0504,train/IMG_1261.jpg,self,canonical,deterministic representative selection,Confirmed,mature apple,1,0,404,303,"representative, not verified acquisition original"
IMG_1261.jpg,resize,train,sg-0504,train/IMG_1261.jpg,same_name_original,resized_duplicate,same filename; 404x303->640x480; LANCZOS RGB MAE=1.4103; 64x64 luminance correlation=0.999903,Supported,mature apple,1,0,640,480,derived representation; excluded from independent image universe
IMG_1261_brightness.jpg,original,train,sg-0504,train/IMG_1261.jpg,component_path,augmentation_derivative,same suffix-normalized family=img_1261; 64x64 correlation=0.997444; identical polygons=True,Strongly Supported,mature apple,1,0,404,303,relation through component path; direct relation to canonical not asserted
IMG_1261_brightness.jpg,resize,train,sg-0504,train/IMG_1261.jpg,same_name_original,resized_duplicate,same filename; 404x303->640x480; LANCZOS RGB MAE=1.4085; 64x64 luminance correlation=0.999888,Supported,mature apple,1,0,640,480,derived representation; excluded from independent image universe
IMG_1262.jpg,original,train,sg-0505,train/IMG_1262.jpg,self,canonical,deterministic representative selection,Confirmed,mature apple,1,0,404,303,"representative, not verified acquisition original"
IMG_1262.jpg,resize,train,sg-0505,train/IMG_1262.jpg,same_name_original,resized_duplicate,same filename; 404x303->640x480; LANCZOS RGB MAE=1.5475; 64x64 luminance correlation=0.99991,Supported,mature apple,1,0,640,480,derived representation; excluded from independent image universe
IMG_1263.jpg,original,train,sg-0506,train/IMG_1263.jpg,self,canonical,deterministic representative selection,Confirmed,mature apple,1,0,404,303,"representative, not verified acquisition original"
IMG_1263.jpg,resize,train,sg-0506,train/IMG_1263.jpg,same_name_original,resized_duplicate,same filename; 404x303->640x480; LANCZOS RGB MAE=1.61; 64x64 luminance correlation=0.999903,Supported,mature apple,1,0,640,480,derived representation; excluded from independent image universe
IMG_12640.jpg,original,train,sg-0507,train/IMG_12640.jpg,self,canonical,deterministic representative selection,Confirmed,mature apple,1,0,404,303,"representative, not verified acquisition original"
IMG_12640.jpg,resize,train,sg-0507,train/IMG_12640.jpg,same_name_original,resized_duplicate,same filename; 404x303->640x480; LANCZOS RGB MAE=1.3758; 64x64 luminance correlation=0.999925,Supported,mature apple,1,0,640,480,derived representation; excluded from independent image universe
IMG_12700.jpg,original,train,sg-0508,train/IMG_12700.jpg,self,canonical,deterministic representative selection,Confirmed,mature apple,2,0,404,303,"representative, not verified acquisition original"
IMG_12700.jpg,resize,train,sg-0508,train/IMG_12700.jpg,same_name_original,resized_duplicate,same filename; 404x303->640x480; LANCZOS RGB MAE=1.5274; 64x64 luminance correlation=0.99991,Supported,mature apple,2,0,640,480,derived representation; excluded from independent image universe
IMG_12710.jpg,original,train,sg-0509,train/IMG_12710.jpg,self,canonical,deterministic representative selection,Confirmed,mature apple,1,0,404,303,"representative, not verified acquisition original"
IMG_12710.jpg,resize,train,sg-0509,train/IMG_12710.jpg,same_name_original,resized_duplicate,same filename; 404x303->640x480; LANCZOS RGB MAE=1.6297; 64x64 luminance correlation=0.999887,Supported,mature apple,1,0,640,480,derived representation; excluded from independent image universe
IMG_12740.jpg,original,train,sg-0510,train/IMG_12740.jpg,self,canonical,deterministic representative selection,Confirmed,immature apple,1,0,404,303,"representative, not verified acquisition original"
IMG_12740.jpg,resize,train,sg-0510,train/IMG_12740.jpg,same_name_original,resized_duplicate,same filename; 404x303->640x480; LANCZOS RGB MAE=1.2637; 64x64 luminance correlation=0.999957,Supported,immature apple,1,0,640,480,derived representation; excluded from independent image universe
IMG_12750.jpg,original,train,sg-0511,train/IMG_12750.jpg,self,canonical,deterministic representative selection,Confirmed,immature apple,1,0,404,303,"representative, not verified acquisition original"
IMG_12750.jpg,resize,train,sg-0511,train/IMG_12750.jpg,same_name_original,resized_duplicate,same filename; 404x303->640x480; LANCZOS RGB MAE=1.3275; 64x64 luminance correlation=0.999952,Supported,immature apple,1,0,640,480,derived representation; excluded from independent image universe
IMG_1276.jpg,original,train,sg-0512,train/IMG_1276.jpg,self,canonical,deterministic representative selection,Confirmed,immature apple,1,0,404,303,"representative, not verified acquisition original"
IMG_1276.jpg,resize,train,sg-0512,train/IMG_1276.jpg,same_name_original,resized_duplicate,same filename; 404x303->640x480; LANCZOS RGB MAE=1.1866; 64x64 luminance correlation=0.999961,Supported,immature apple,1,0,640,480,derived representation; excluded from independent image universe
IMG_12780.jpg,original,train,sg-0513,train/IMG_12780.jpg,self,canonical,deterministic representative selection,Confirmed,mature apple|semi-mature apple,2,0,404,303,"representative, not verified acquisition original"
IMG_12780.jpg,resize,train,sg-0513,train/IMG_12780.jpg,same_name_original,resized_duplicate,same filename; 404x303->640x480; LANCZOS RGB MAE=1.3545; 64x64 luminance correlation=0.999952,Supported,mature apple|semi-mature apple,2,0,640,480,derived representation; excluded from independent image universe
IMG_12800.jpg,original,train,sg-0514,train/IMG_12800.jpg,self,canonical,deterministic representative selection,Confirmed,mature apple,1,0,404,303,"representative, not verified acquisition original"
IMG_12800.jpg,resize,train,sg-0514,train/IMG_12800.jpg,same_name_original,resized_duplicate,same filename; 404x303->640x480; LANCZOS RGB MAE=1.011; 64x64 luminance correlation=0.999979,Supported,mature apple,1,0,640,480,derived representation; excluded from independent image universe
IMG_12810_brightness.jpg,original,train,sg-0515,val/IMG_12810.jpg,component_path,augmentation_derivative,64x64 luminance correlation=0.997151; identical region list=True,Strongly Supported,mature apple,1,0,404,303,relation through component path; direct relation to canonical not asserted
IMG_12810_brightness.jpg,resize,train,sg-0515,val/IMG_12810.jpg,same_name_original,resized_duplicate,same filename; 404x303->640x480; LANCZOS RGB MAE=1.0406; 64x64 luminance correlation=0.999976,Supported,mature apple,1,0,640,480,derived representation; excluded from independent image universe
IMG_1282.jpg,original,train,sg-0516,train/IMG_1282.jpg,self,canonical,deterministic representative selection,Confirmed,mature apple,2,0,404,303,"representative, not verified acquisition original"
IMG_1282.jpg,resize,train,sg-0516,train/IMG_1282.jpg,same_name_original,resized_duplicate,same filename; 404x303->640x480; LANCZOS RGB MAE=1.6631; 64x64 luminance correlation=0.999912,Supported,mature apple,2,0,640,480,derived representation; excluded from independent image universe
IMG_1284.jpg,original,train,sg-0517,train/IMG_1284.jpg,self,canonical,deterministic representative selection,Confirmed,mature apple,1,0,404,303,"representative, not verified acquisition original"
IMG_1284.jpg,resize,train,sg-0517,train/IMG_1284.jpg,same_name_original,resized_duplicate,same filename; 404x303->640x480; LANCZOS RGB MAE=1.2073; 64x64 luminance correlation=0.999955,Supported,mature apple,1,0,640,480,derived representation; excluded from independent image universe
IMG_1284_brightness.jpg,original,train,sg-0517,train/IMG_1284.jpg,component_path,augmentation_derivative,same suffix-normalized family=img_1284; 64x64 correlation=0.996532; identical polygons=True,Strongly Supported,mature apple,1,0,404,303,relation through component path; direct relation to canonical not asserted
IMG_1284_brightness.jpg,resize,train,sg-0517,train/IMG_1284.jpg,same_name_original,resized_duplicate,same filename; 404x303->640x480; LANCZOS RGB MAE=1.207; 64x64 luminance correlation=0.999954,Supported,mature apple,1,0,640,480,derived representation; excluded from independent image universe
IMG_1286.jpg,original,train,sg-0518,train/IMG_1286.jpg,self,canonical,deterministic representative selection,Confirmed,mature apple,1,0,404,303,"representative, not verified acquisition original"
IMG_1286.jpg,resize,train,sg-0518,train/IMG_1286.jpg,same_name_original,resized_duplicate,same filename; 404x303->640x480; LANCZOS RGB MAE=0.9982; 64x64 luminance correlation=0.99997,Supported,mature apple,1,0,640,480,derived representation; excluded from independent image universe
IMG_1286_brightness.jpg,original,train,sg-0518,train/IMG_1286.jpg,component_path,augmentation_derivative,same suffix-normalized family=img_1286; 64x64 correlation=0.997440; identical polygons=True,Strongly Supported,mature apple,1,0,404,303,relation through component path; direct relation to canonical not asserted
IMG_1286_brightness.jpg,resize,train,sg-0518,train/IMG_1286.jpg,same_name_original,resized_duplicate,same filename; 404x303->640x480; LANCZOS RGB MAE=1.0075; 64x64 luminance correlation=0.99997,Supported,mature apple,1,0,640,480,derived representation; excluded from independent image universe
IMG_1287.jpg,original,train,sg-0519,train/IMG_1287.jpg,self,canonical,deterministic representative selection,Confirmed,mature apple,1,0,404,303,"representative, not verified acquisition original"
IMG_1287.jpg,resize,train,sg-0519,train/IMG_1287.jpg,same_name_original,resized_duplicate,same filename; 404x303->640x480; LANCZOS RGB MAE=1.1065; 64x64 luminance correlation=0.999949,Supported,mature apple,1,0,640,480,derived representation; excluded from independent image universe
IMG_1287_brightness.jpg,original,train,sg-0519,train/IMG_1287.jpg,component_path,augmentation_derivative,same suffix-normalized family=img_1287; 64x64 correlation=0.996140; identical polygons=True,Strongly Supported,mature apple,1,0,404,303,relation through component path; direct relation to canonical not asserted
IMG_1287_brightness.jpg,resize,train,sg-0519,train/IMG_1287.jpg,same_name_original,resized_duplicate,same filename; 404x303->640x480; LANCZOS RGB MAE=1.1157; 64x64 luminance correlation=0.999953,Supported,mature apple,1,0,640,480,derived representation; excluded from independent image universe
IMG_12890.jpg,original,train,sg-0520,train/IMG_12890.jpg,self,canonical,deterministic representative selection,Confirmed,immature apple|semi-mature apple,3,0,404,303,"representative, not verified acquisition original"
IMG_12890.jpg,resize,train,sg-0520,train/IMG_12890.jpg,same_name_original,resized_duplicate,same filename; 404x303->640x480; LANCZOS RGB MAE=1.2649; 64x64 luminance correlation=0.999945,Supported,immature apple|semi-mature apple,3,0,640,480,derived representation; excluded from independent image universe
IMG_12900.jpg,original,train,sg-0521,train/IMG_12900.jpg,self,canonical,deterministic representative selection,Confirmed,immature apple|semi-mature apple,3,0,404,303,"representative, not verified acquisition original"
IMG_12900.jpg,resize,train,sg-0521,train/IMG_12900.jpg,same_name_original,resized_duplicate,same filename; 404x303->640x480; LANCZOS RGB MAE=1.3011; 64x64 luminance correlation=0.999938,Supported,immature apple|semi-mature apple,3,0,640,480,derived representation; excluded from independent image universe
IMG_12910.jpg,original,train,sg-0522,train/IMG_12910.jpg,self,canonical,deterministic representative selection,Confirmed,immature apple|semi-mature apple,2,0,404,303,"representative, not verified acquisition original"
IMG_12910.jpg,resize,train,sg-0522,train/IMG_12910.jpg,same_name_original,resized_duplicate,same filename; 404x303->640x480; LANCZOS RGB MAE=1.1211; 64x64 luminance correlation=0.999972,Supported,immature apple|semi-mature apple,2,0,640,480,derived representation; excluded from independent image universe
IMG_12920.jpg,original,train,sg-0523,train/IMG_12920.jpg,self,canonical,deterministic representative selection,Confirmed,immature apple|semi-mature apple,2,0,404,303,"representative, not verified acquisition original"
IMG_12920.jpg,resize,train,sg-0523,train/IMG_12920.jpg,same_name_original,resized_duplicate,same filename; 404x303->640x480; LANCZOS RGB MAE=1.0898; 64x64 luminance correlation=0.999972,Supported,immature apple|semi-mature apple,2,0,640,480,derived representation; excluded from independent image universe
IMG_12940.jpg,original,train,sg-0524,train/IMG_12940.jpg,self,canonical,deterministic representative selection,Confirmed,immature apple|semi-mature apple,4,0,404,303,"representative, not verified acquisition original"
IMG_12940.jpg,resize,train,sg-0524,train/IMG_12940.jpg,same_name_original,resized_duplicate,same filename; 404x303->640x480; LANCZOS RGB MAE=1.5266; 64x64 luminance correlation=0.999887,Supported,immature apple|semi-mature apple,4,0,640,480,derived representation; excluded from independent image universe
IMG_12950.jpg,original,train,sg-0525,train/IMG_12950.jpg,self,canonical,deterministic representative selection,Confirmed,semi-mature apple,1,0,404,303,"representative, not verified acquisition original"
IMG_12950.jpg,resize,train,sg-0525,train/IMG_12950.jpg,same_name_original,resized_duplicate,same filename; 404x303->640x480; LANCZOS RGB MAE=1.2724; 64x64 luminance correlation=0.999956,Supported,semi-mature apple,1,0,640,480,derived representation; excluded from independent image universe
IMG_12950_brightness.jpg,original,train,sg-0525,train/IMG_12950.jpg,component_path,augmentation_derivative,same suffix-normalized family=img_12950; 64x64 correlation=0.997659; identical polygons=True,Strongly Supported,semi-mature apple,1,0,404,303,relation through component path; direct relation to canonical not asserted
IMG_12950_brightness.jpg,resize,train,sg-0525,train/IMG_12950.jpg,same_name_original,resized_duplicate,same filename; 404x303->640x480; LANCZOS RGB MAE=1.2957; 64x64 luminance correlation=0.999952,Supported,semi-mature apple,1,0,640,480,derived representation; excluded from independent image universe
IMG_12960.jpg,original,train,sg-0526,train/IMG_12960.jpg,self,canonical,deterministic representative selection,Confirmed,semi-mature apple,1,0,404,303,"representative, not verified acquisition original"
IMG_12960.jpg,resize,train,sg-0526,train/IMG_12960.jpg,same_name_original,resized_duplicate,same filename; 404x303->640x480; LANCZOS RGB MAE=1.3171; 64x64 luminance correlation=0.999952,Supported,semi-mature apple,1,0,640,480,derived representation; excluded from independent image universe
IMG_12960_brightness.jpg,original,train,sg-0526,train/IMG_12960.jpg,component_path,augmentation_derivative,same suffix-normalized family=img_12960; 64x64 correlation=0.997648; identical polygons=True,Strongly Supported,semi-mature apple,1,0,404,303,relation through component path; direct relation to canonical not asserted
IMG_12960_brightness.jpg,resize,train,sg-0526,train/IMG_12960.jpg,same_name_original,resized_duplicate,same filename; 404x303->640x480; LANCZOS RGB MAE=1.3423; 64x64 luminance correlation=0.999943,Supported,semi-mature apple,1,0,640,480,derived representation; excluded from independent image universe
IMG_12970.jpg,original,train,sg-0527,train/IMG_12970.jpg,self,canonical,deterministic representative selection,Confirmed,semi-mature apple,1,0,404,303,"representative, not verified acquisition original"
IMG_12970.jpg,resize,train,sg-0527,train/IMG_12970.jpg,same_name_original,resized_duplicate,same filename; 404x303->640x480; LANCZOS RGB MAE=1.3831; 64x64 luminance correlation=0.999936,Supported,semi-mature apple,1,0,640,480,derived representation; excluded from independent image universe
IMG_12970_brightness.jpg,original,train,sg-0527,train/IMG_12970.jpg,component_path,augmentation_derivative,same suffix-normalized family=img_12970; 64x64 correlation=0.995950; identical polygons=True,Strongly Supported,semi-mature apple,1,0,404,303,relation through component path; direct relation to canonical not asserted
IMG_12970_brightness.jpg,resize,train,sg-0527,train/IMG_12970.jpg,same_name_original,resized_duplicate,same filename; 404x303->640x480; LANCZOS RGB MAE=1.3994; 64x64 luminance correlation=0.999913,Supported,semi-mature apple,1,0,640,480,derived representation; excluded from independent image universe
IMG_12980.jpg,original,train,sg-0528,train/IMG_12980.jpg,self,canonical,deterministic representative selection,Confirmed,semi-mature apple,1,0,404,303,"representative, not verified acquisition original"
IMG_12980.jpg,resize,train,sg-0528,train/IMG_12980.jpg,same_name_original,resized_duplicate,same filename; 404x303->640x480; LANCZOS RGB MAE=1.3066; 64x64 luminance correlation=0.999926,Supported,semi-mature apple,1,0,640,480,derived representation; excluded from independent image universe
IMG_12980_brightness.jpg,original,train,sg-0528,train/IMG_12980.jpg,component_path,augmentation_derivative,same suffix-normalized family=img_12980; 64x64 correlation=0.997708; identical polygons=True,Strongly Supported,semi-mature apple,1,0,404,303,relation through component path; direct relation to canonical not asserted
IMG_12980_brightness.jpg,resize,train,sg-0528,train/IMG_12980.jpg,same_name_original,resized_duplicate,same filename; 404x303->640x480; LANCZOS RGB MAE=1.3194; 64x64 luminance correlation=0.999908,Supported,semi-mature apple,1,0,640,480,derived representation; excluded from independent image universe
IMG_12990.jpg,original,train,sg-0529,train/IMG_12990.jpg,self,canonical,deterministic representative selection,Confirmed,immature apple|semi-mature apple,2,0,404,303,"representative, not verified acquisition original"
IMG_12990.jpg,resize,train,sg-0529,train/IMG_12990.jpg,same_name_original,resized_duplicate,same filename; 404x303->640x480; LANCZOS RGB MAE=1.0529; 64x64 luminance correlation=0.999973,Supported,immature apple|semi-mature apple,2,0,640,480,derived representation; excluded from independent image universe
IMG_13000.jpg,original,train,sg-0530,train/IMG_13000.jpg,self,canonical,deterministic representative selection,Confirmed,immature apple|semi-mature apple,2,0,404,303,"representative, not verified acquisition original"
IMG_13000.jpg,resize,train,sg-0530,train/IMG_13000.jpg,same_name_original,resized_duplicate,same filename; 404x303->640x480; LANCZOS RGB MAE=1.0673; 64x64 luminance correlation=0.999967,Supported,immature apple|semi-mature apple,2,0,640,480,derived representation; excluded from independent image universe
IMG_13010.jpg,original,train,sg-0531,train/IMG_13010.jpg,self,canonical,deterministic representative selection,Confirmed,immature apple,1,0,404,303,"representative, not verified acquisition original"
IMG_13010.jpg,resize,train,sg-0531,train/IMG_13010.jpg,same_name_original,resized_duplicate,same filename; 404x303->640x480; LANCZOS RGB MAE=1.2079; 64x64 luminance correlation=0.999966,Supported,immature apple,1,0,640,480,derived representation; excluded from independent image universe
IMG_13020.jpg,original,train,sg-0532,train/IMG_13020.jpg,self,canonical,deterministic representative selection,Confirmed,immature apple,1,0,404,303,"representative, not verified acquisition original"
IMG_13020.jpg,resize,train,sg-0532,train/IMG_13020.jpg,same_name_original,resized_duplicate,same filename; 404x303->640x480; LANCZOS RGB MAE=1.1943; 64x64 luminance correlation=0.999957,Supported,immature apple,1,0,640,480,derived representation; excluded from independent image universe
IMG_13030.jpg,original,train,sg-0533,train/IMG_13030.jpg,self,canonical,deterministic representative selection,Confirmed,semi-mature apple,1,0,404,303,"representative, not verified acquisition original"
IMG_13030.jpg,resize,train,sg-0533,train/IMG_13030.jpg,same_name_original,resized_duplicate,same filename; 404x303->640x480; LANCZOS RGB MAE=1.2741; 64x64 luminance correlation=0.999974,Supported,semi-mature apple,1,0,640,480,derived representation; excluded from independent image universe
IMG_13030_brightness.jpg,original,train,sg-0533,train/IMG_13030.jpg,component_path,augmentation_derivative,same suffix-normalized family=img_13030; 64x64 correlation=0.998075; identical polygons=True,Strongly Supported,semi-mature apple,1,0,404,303,relation through component path; direct relation to canonical not asserted
IMG_13030_brightness.jpg,resize,train,sg-0533,train/IMG_13030.jpg,same_name_original,resized_duplicate,same filename; 404x303->640x480; LANCZOS RGB MAE=1.2802; 64x64 luminance correlation=0.999975,Supported,semi-mature apple,1,0,640,480,derived representation; excluded from independent image universe
IMG_13030_noise.jpg,original,train,sg-0533,train/IMG_13030.jpg,component_path,augmentation_derivative,same suffix-normalized family=img_13030; 64x64 correlation=0.999737; identical polygons=True,Strongly Supported,semi-mature apple,1,0,404,303,relation through component path; direct relation to canonical not asserted
IMG_13030_noise.jpg,resize,train,sg-0533,train/IMG_13030.jpg,same_name_original,resized_duplicate,same filename; 404x303->640x480; LANCZOS RGB MAE=2.0733; 64x64 luminance correlation=0.999975,Supported,semi-mature apple,1,0,640,480,derived representation; excluded from independent image universe
IMG_1304_brightness.jpg,original,train,sg-0077,test/IMG_1304.jpg,component_path,augmentation_derivative,same suffix-normalized family=img_1304; 64x64 correlation=0.997867; identical polygons=True,Strongly Supported,semi-mature apple,1,0,404,303,relation through component path; direct relation to canonical not asserted
IMG_1304_brightness.jpg,resize,train,sg-0077,test/IMG_1304.jpg,same_name_original,resized_duplicate,same filename; 404x303->640x480; LANCZOS RGB MAE=1.378; 64x64 luminance correlation=0.999969,Supported,semi-mature apple,1,0,640,480,derived representation; excluded from independent image universe
IMG_1304_noise.jpg,original,train,sg-0077,test/IMG_1304.jpg,component_path,augmentation_derivative,same suffix-normalized family=img_1304; 64x64 correlation=0.997867; identical polygons=True,Strongly Supported,semi-mature apple,1,0,404,303,relation through component path; direct relation to canonical not asserted
IMG_1304_noise.jpg,resize,train,sg-0077,test/IMG_1304.jpg,same_name_original,resized_duplicate,same filename; 404x303->640x480; LANCZOS RGB MAE=2.1194; 64x64 luminance correlation=0.999968,Supported,semi-mature apple,1,0,640,480,derived representation; excluded from independent image universe
IMG_1305.jpg,original,train,sg-0534,train/IMG_1305.jpg,self,canonical,deterministic representative selection,Confirmed,semi-mature apple,1,0,404,303,"representative, not verified acquisition original"
IMG_1305.jpg,resize,train,sg-0534,train/IMG_1305.jpg,same_name_original,resized_duplicate,same filename; 404x303->640x480; LANCZOS RGB MAE=1.2482; 64x64 luminance correlation=0.999967,Supported,semi-mature apple,1,0,640,480,derived representation; excluded from independent image universe
IMG_1305_brightness.jpg,original,train,sg-0534,train/IMG_1305.jpg,component_path,augmentation_derivative,same suffix-normalized family=img_1305; 64x64 correlation=0.996765; identical polygons=True,Strongly Supported,semi-mature apple,1,0,404,303,relation through component path; direct relation to canonical not asserted
IMG_1305_brightness.jpg,resize,train,sg-0534,train/IMG_1305.jpg,same_name_original,resized_duplicate,same filename; 404x303->640x480; LANCZOS RGB MAE=1.2431; 64x64 luminance correlation=0.99997,Supported,semi-mature apple,1,0,640,480,derived representation; excluded from independent image universe
IMG_1305_noise.jpg,original,train,sg-0534,train/IMG_1305.jpg,component_path,augmentation_derivative,same suffix-normalized family=img_1305; 64x64 correlation=0.999761; identical polygons=True,Strongly Supported,semi-mature apple,1,0,404,303,relation through component path; direct relation to canonical not asserted
IMG_1305_noise.jpg,resize,train,sg-0534,train/IMG_1305.jpg,same_name_original,resized_duplicate,same filename; 404x303->640x480; LANCZOS RGB MAE=2.0924; 64x64 luminance correlation=0.999972,Supported,semi-mature apple,1,0,640,480,derived representation; excluded from independent image universe
IMG_13070.jpg,original,train,sg-0535,train/IMG_13070.jpg,self,canonical,deterministic representative selection,Confirmed,mature apple,1,0,404,303,"representative, not verified acquisition original"
IMG_13070.jpg,resize,train,sg-0535,train/IMG_13070.jpg,same_name_original,resized_duplicate,same filename; 404x303->640x480; LANCZOS RGB MAE=1.33; 64x64 luminance correlation=0.999959,Supported,mature apple,1,0,640,480,derived representation; excluded from independent image universe
IMG_13080.jpg,original,train,sg-0536,train/IMG_13080.jpg,self,canonical,deterministic representative selection,Confirmed,semi-mature apple,1,0,404,303,"representative, not verified acquisition original"
IMG_13080.jpg,resize,train,sg-0536,train/IMG_13080.jpg,same_name_original,resized_duplicate,same filename; 404x303->640x480; LANCZOS RGB MAE=1.2362; 64x64 luminance correlation=0.999973,Supported,semi-mature apple,1,0,640,480,derived representation; excluded from independent image universe
IMG_13080_brightness.jpg,original,train,sg-0536,train/IMG_13080.jpg,component_path,augmentation_derivative,same suffix-normalized family=img_13080; 64x64 correlation=0.997492; identical polygons=True,Strongly Supported,semi-mature apple,1,0,404,303,relation through component path; direct relation to canonical not asserted
IMG_13080_brightness.jpg,resize,train,sg-0536,train/IMG_13080.jpg,same_name_original,resized_duplicate,same filename; 404x303->640x480; LANCZOS RGB MAE=1.2139; 64x64 luminance correlation=0.999977,Supported,semi-mature apple,1,0,640,480,derived representation; excluded from independent image universe
IMG_13080_noise.jpg,original,train,sg-0536,train/IMG_13080.jpg,component_path,augmentation_derivative,same suffix-normalized family=img_13080; 64x64 correlation=0.999738; identical polygons=True,Strongly Supported,semi-mature apple,1,0,404,303,relation through component path; direct relation to canonical not asserted
IMG_13080_noise.jpg,resize,train,sg-0536,train/IMG_13080.jpg,same_name_original,resized_duplicate,same filename; 404x303->640x480; LANCZOS RGB MAE=2.0735; 64x64 luminance correlation=0.999975,Supported,semi-mature apple,1,0,640,480,derived representation; excluded from independent image universe
IMG_13100.jpg,original,train,sg-0537,train/IMG_13100.jpg,self,canonical,deterministic representative selection,Confirmed,mature apple,1,0,404,303,"representative, not verified acquisition original"
IMG_13100.jpg,resize,train,sg-0537,train/IMG_13100.jpg,same_name_original,resized_duplicate,same filename; 404x303->640x480; LANCZOS RGB MAE=1.4069; 64x64 luminance correlation=0.99996,Supported,mature apple,1,0,640,480,derived representation; excluded from independent image universe
IMG_13120.jpg,original,train,sg-0538,train/IMG_13120.jpg,self,canonical,deterministic representative selection,Confirmed,mature apple,1,0,404,303,"representative, not verified acquisition original"
IMG_13120.jpg,resize,train,sg-0538,train/IMG_13120.jpg,same_name_original,resized_duplicate,same filename; 404x303->640x480; LANCZOS RGB MAE=1.2007; 64x64 luminance correlation=0.999956,Supported,mature apple,1,0,640,480,derived representation; excluded from independent image universe
IMG_13140.jpg,original,train,sg-0539,train/IMG_13140.jpg,self,canonical,deterministic representative selection,Confirmed,mature apple,1,0,404,303,"representative, not verified acquisition original"
IMG_13140.jpg,resize,train,sg-0539,train/IMG_13140.jpg,same_name_original,resized_duplicate,same filename; 404x303->640x480; LANCZOS RGB MAE=1.3665; 64x64 luminance correlation=0.999955,Supported,mature apple,1,0,640,480,derived representation; excluded from independent image universe
IMG_13160.jpg,original,train,sg-0540,train/IMG_13160.jpg,self,canonical,deterministic representative selection,Confirmed,mature apple,1,0,404,303,"representative, not verified acquisition original"
IMG_13160.jpg,resize,train,sg-0540,train/IMG_13160.jpg,same_name_original,resized_duplicate,same filename; 404x303->640x480; LANCZOS RGB MAE=1.3698; 64x64 luminance correlation=0.99997,Supported,mature apple,1,0,640,480,derived representation; excluded from independent image universe
IMG_13170.jpg,original,train,sg-0541,train/IMG_13170.jpg,self,canonical,deterministic representative selection,Confirmed,mature apple,1,0,404,303,"representative, not verified acquisition original"
IMG_13170.jpg,resize,train,sg-0541,train/IMG_13170.jpg,same_name_original,resized_duplicate,same filename; 404x303->640x480; LANCZOS RGB MAE=1.3657; 64x64 luminance correlation=0.999963,Supported,mature apple,1,0,640,480,derived representation; excluded from independent image universe
IMG_13200.jpg,original,train,sg-0542,train/IMG_13200.jpg,self,canonical,deterministic representative selection,Confirmed,mature apple,1,0,404,303,"representative, not verified acquisition original"
IMG_13200.jpg,resize,train,sg-0542,train/IMG_13200.jpg,same_name_original,resized_duplicate,same filename; 404x303->640x480; LANCZOS RGB MAE=1.2291; 64x64 luminance correlation=0.999964,Supported,mature apple,1,0,640,480,derived representation; excluded from independent image universe
IMG_13210.jpg,original,train,sg-0543,train/IMG_13210.jpg,self,canonical,deterministic representative selection,Confirmed,mature apple,1,0,404,303,"representative, not verified acquisition original"
IMG_13210.jpg,resize,train,sg-0543,train/IMG_13210.jpg,same_name_original,resized_duplicate,same filename; 404x303->640x480; LANCZOS RGB MAE=1.2444; 64x64 luminance correlation=0.999956,Supported,mature apple,1,0,640,480,derived representation; excluded from independent image universe
IMG_13230.jpg,original,train,sg-0544,train/IMG_13230.jpg,self,canonical,deterministic representative selection,Confirmed,mature apple,1,0,404,303,"representative, not verified acquisition original"
IMG_13230.jpg,resize,train,sg-0544,train/IMG_13230.jpg,same_name_original,resized_duplicate,same filename; 404x303->640x480; LANCZOS RGB MAE=1.4075; 64x64 luminance correlation=0.999943,Supported,mature apple,1,0,640,480,derived representation; excluded from independent image universe
IMG_13240.jpg,original,train,sg-0545,train/IMG_13240.jpg,self,canonical,deterministic representative selection,Confirmed,mature apple,1,0,404,303,"representative, not verified acquisition original"
IMG_13240.jpg,resize,train,sg-0545,train/IMG_13240.jpg,same_name_original,resized_duplicate,same filename; 404x303->640x480; LANCZOS RGB MAE=1.5068; 64x64 luminance correlation=0.999938,Supported,mature apple,1,0,640,480,derived representation; excluded from independent image universe
IMG_13250.jpg,original,train,sg-0546,train/IMG_13250.jpg,self,canonical,deterministic representative selection,Confirmed,mature apple,1,0,404,303,"representative, not verified acquisition original"
IMG_13250.jpg,resize,train,sg-0546,train/IMG_13250.jpg,same_name_original,resized_duplicate,same filename; 404x303->640x480; LANCZOS RGB MAE=1.3979; 64x64 luminance correlation=0.999955,Supported,mature apple,1,0,640,480,derived representation; excluded from independent image universe
IMG_13300.jpg,original,train,sg-0547,train/IMG_13300.jpg,self,canonical,deterministic representative selection,Confirmed,mature apple,1,0,404,303,"representative, not verified acquisition original"
IMG_13300.jpg,resize,train,sg-0547,train/IMG_13300.jpg,same_name_original,resized_duplicate,same filename; 404x303->640x480; LANCZOS RGB MAE=1.4656; 64x64 luminance correlation=0.999963,Supported,mature apple,1,0,640,480,derived representation; excluded from independent image universe
IMG_13350.jpg,original,train,sg-0548,train/IMG_13350.jpg,self,canonical,deterministic representative selection,Confirmed,mature apple,1,0,404,303,"representative, not verified acquisition original"
IMG_13350.jpg,resize,train,sg-0548,train/IMG_13350.jpg,same_name_original,resized_duplicate,same filename; 404x303->640x480; LANCZOS RGB MAE=1.3813; 64x64 luminance correlation=0.999939,Supported,mature apple,1,0,640,480,derived representation; excluded from independent image universe
IMG_13370.jpg,original,train,sg-0549,train/IMG_13370.jpg,self,canonical,deterministic representative selection,Confirmed,mature apple,1,0,404,303,"representative, not verified acquisition original"
IMG_13370.jpg,resize,train,sg-0549,train/IMG_13370.jpg,same_name_original,resized_duplicate,same filename; 404x303->640x480; LANCZOS RGB MAE=1.3045; 64x64 luminance correlation=0.999962,Supported,mature apple,1,0,640,480,derived representation; excluded from independent image universe
IMG_13390.jpg,original,train,sg-0550,train/IMG_13390.jpg,self,canonical,deterministic representative selection,Confirmed,mature apple,1,0,404,303,"representative, not verified acquisition original"
IMG_13390.jpg,resize,train,sg-0550,train/IMG_13390.jpg,same_name_original,resized_duplicate,same filename; 404x303->640x480; LANCZOS RGB MAE=1.2041; 64x64 luminance correlation=0.999944,Supported,mature apple,1,0,640,480,derived representation; excluded from independent image universe
IMG_13450.jpg,original,train,sg-0551,train/IMG_13450.jpg,self,canonical,deterministic representative selection,Confirmed,mature apple,1,0,404,303,"representative, not verified acquisition original"
IMG_13450.jpg,resize,train,sg-0551,train/IMG_13450.jpg,same_name_original,resized_duplicate,same filename; 404x303->640x480; LANCZOS RGB MAE=1.5422; 64x64 luminance correlation=0.999942,Supported,mature apple,1,0,640,480,derived representation; excluded from independent image universe
IMG_13470.jpg,original,train,sg-0552,train/IMG_13470.jpg,self,canonical,deterministic representative selection,Confirmed,semi-mature apple,1,0,404,303,"representative, not verified acquisition original"
IMG_13470.jpg,resize,train,sg-0552,train/IMG_13470.jpg,same_name_original,resized_duplicate,same filename; 404x303->640x480; LANCZOS RGB MAE=1.4275; 64x64 luminance correlation=0.999972,Supported,semi-mature apple,1,0,640,480,derived representation; excluded from independent image universe
IMG_13470_brightness.jpg,original,train,sg-0552,train/IMG_13470.jpg,component_path,augmentation_derivative,same suffix-normalized family=img_13470; 64x64 correlation=0.996845; identical polygons=True,Strongly Supported,semi-mature apple,1,0,404,303,relation through component path; direct relation to canonical not asserted
IMG_13470_brightness.jpg,resize,train,sg-0552,train/IMG_13470.jpg,same_name_original,resized_duplicate,same filename; 404x303->640x480; LANCZOS RGB MAE=1.4126; 64x64 luminance correlation=0.999972,Supported,semi-mature apple,1,0,640,480,derived representation; excluded from independent image universe
IMG_13480.jpg,original,train,sg-0553,train/IMG_13480.jpg,self,canonical,deterministic representative selection,Confirmed,immature apple,1,0,404,303,"representative, not verified acquisition original"
IMG_13480.jpg,resize,train,sg-0553,train/IMG_13480.jpg,same_name_original,resized_duplicate,same filename; 404x303->640x480; LANCZOS RGB MAE=1.4544; 64x64 luminance correlation=0.999959,Supported,immature apple,1,0,640,480,derived representation; excluded from independent image universe
IMG_13490.jpg,original,train,sg-0554,train/IMG_13490.jpg,self,canonical,deterministic representative selection,Confirmed,immature apple,1,0,404,303,"representative, not verified acquisition original"
IMG_13490.jpg,resize,train,sg-0554,train/IMG_13490.jpg,same_name_original,resized_duplicate,same filename; 404x303->640x480; LANCZOS RGB MAE=1.3239; 64x64 luminance correlation=0.999965,Supported,immature apple,1,0,640,480,derived representation; excluded from independent image universe
IMG_1350.jpg,original,train,sg-0555,train/IMG_1350.jpg,self,canonical,deterministic representative selection,Confirmed,immature apple,1,0,404,303,"representative, not verified acquisition original"
IMG_1350.jpg,resize,train,sg-0555,train/IMG_1350.jpg,same_name_original,resized_duplicate,same filename; 404x303->640x480; LANCZOS RGB MAE=1.3827; 64x64 luminance correlation=0.99996,Supported,immature apple,1,0,640,480,derived representation; excluded from independent image universe
IMG_1351.jpg,original,train,sg-0556,train/IMG_1351.jpg,self,canonical,deterministic representative selection,Confirmed,immature apple,1,0,404,303,"representative, not verified acquisition original"
IMG_1351.jpg,resize,train,sg-0556,train/IMG_1351.jpg,same_name_original,resized_duplicate,same filename; 404x303->640x480; LANCZOS RGB MAE=1.2707; 64x64 luminance correlation=0.999967,Supported,immature apple,1,0,640,480,derived representation; excluded from independent image universe
IMG_1352.jpg,original,train,sg-0557,train/IMG_1352.jpg,self,canonical,deterministic representative selection,Confirmed,semi-mature apple,1,0,404,303,"representative, not verified acquisition original"
IMG_1352.jpg,resize,train,sg-0557,train/IMG_1352.jpg,same_name_original,resized_duplicate,same filename; 404x303->640x480; LANCZOS RGB MAE=1.2897; 64x64 luminance correlation=0.999951,Supported,semi-mature apple,1,0,640,480,derived representation; excluded from independent image universe
IMG_1352_brightness.jpg,original,train,sg-0557,train/IMG_1352.jpg,component_path,augmentation_derivative,same suffix-normalized family=img_1352; 64x64 correlation=0.997636; identical polygons=True,Strongly Supported,semi-mature apple,1,0,404,303,relation through component path; direct relation to canonical not asserted
IMG_1352_brightness.jpg,resize,train,sg-0557,train/IMG_1352.jpg,same_name_original,resized_duplicate,same filename; 404x303->640x480; LANCZOS RGB MAE=1.291; 64x64 luminance correlation=0.999952,Supported,semi-mature apple,1,0,640,480,derived representation; excluded from independent image universe
IMG_1352_noise.jpg,original,train,sg-0557,train/IMG_1352.jpg,component_path,augmentation_derivative,same suffix-normalized family=img_1352; 64x64 correlation=0.999707; identical polygons=True,Strongly Supported,semi-mature apple,1,0,404,303,relation through component path; direct relation to canonical not asserted
IMG_1352_noise.jpg,resize,train,sg-0557,train/IMG_1352.jpg,same_name_original,resized_duplicate,same filename; 404x303->640x480; LANCZOS RGB MAE=2.0767; 64x64 luminance correlation=0.999961,Supported,semi-mature apple,1,0,640,480,derived representation; excluded from independent image universe
IMG_1354.jpg,original,train,sg-0558,train/IMG_1354.jpg,self,canonical,deterministic representative selection,Confirmed,semi-mature apple,1,0,404,303,"representative, not verified acquisition original"
IMG_1354.jpg,resize,train,sg-0558,train/IMG_1354.jpg,same_name_original,resized_duplicate,same filename; 404x303->640x480; LANCZOS RGB MAE=1.3252; 64x64 luminance correlation=0.999969,Supported,semi-mature apple,1,0,640,480,derived representation; excluded from independent image universe
IMG_1354_brightness.jpg,original,train,sg-0558,train/IMG_1354.jpg,component_path,augmentation_derivative,same suffix-normalized family=img_1354; 64x64 correlation=0.997472; identical polygons=True,Strongly Supported,semi-mature apple,1,0,404,303,relation through component path; direct relation to canonical not asserted
IMG_1354_brightness.jpg,resize,train,sg-0558,train/IMG_1354.jpg,same_name_original,resized_duplicate,same filename; 404x303->640x480; LANCZOS RGB MAE=1.3163; 64x64 luminance correlation=0.999971,Supported,semi-mature apple,1,0,640,480,derived representation; excluded from independent image universe
IMG_13550.jpg,original,train,sg-0559,train/IMG_13550.jpg,self,canonical,deterministic representative selection,Confirmed,immature apple|semi-mature apple,2,0,404,303,"representative, not verified acquisition original"
IMG_13550.jpg,resize,train,sg-0559,train/IMG_13550.jpg,same_name_original,resized_duplicate,same filename; 404x303->640x480; LANCZOS RGB MAE=1.6695; 64x64 luminance correlation=0.999846,Supported,immature apple|semi-mature apple,2,0,640,480,derived representation; excluded from independent image universe
IMG_13560.jpg,original,train,sg-0560,train/IMG_13560.jpg,self,canonical,deterministic representative selection,Confirmed,immature apple|semi-mature apple,2,0,404,303,"representative, not verified acquisition original"
IMG_13560.jpg,resize,train,sg-0560,train/IMG_13560.jpg,same_name_original,resized_duplicate,same filename; 404x303->640x480; LANCZOS RGB MAE=1.8189; 64x64 luminance correlation=0.999866,Supported,immature apple|semi-mature apple,2,0,640,480,derived representation; excluded from independent image universe
IMG_13570.jpg,original,train,sg-0561,train/IMG_13570.jpg,self,canonical,deterministic representative selection,Confirmed,immature apple|semi-mature apple,2,0,404,303,"representative, not verified acquisition original"
IMG_13570.jpg,resize,train,sg-0561,train/IMG_13570.jpg,same_name_original,resized_duplicate,same filename; 404x303->640x480; LANCZOS RGB MAE=1.7549; 64x64 luminance correlation=0.99985,Supported,immature apple|semi-mature apple,2,0,640,480,derived representation; excluded from independent image universe
IMG_13580.jpg,original,train,sg-0562,train/IMG_13580.jpg,self,canonical,deterministic representative selection,Confirmed,mature apple|semi-mature apple,2,0,404,303,"representative, not verified acquisition original"
IMG_13580.jpg,resize,train,sg-0562,train/IMG_13580.jpg,same_name_original,resized_duplicate,same filename; 404x303->640x480; LANCZOS RGB MAE=1.7771; 64x64 luminance correlation=0.999864,Supported,mature apple|semi-mature apple,2,0,640,480,derived representation; excluded from independent image universe
IMG_13600.jpg,original,train,sg-0563,train/IMG_13600.jpg,self,canonical,deterministic representative selection,Confirmed,semi-mature apple,1,0,404,303,"representative, not verified acquisition original"
IMG_13600.jpg,resize,train,sg-0563,train/IMG_13600.jpg,same_name_original,resized_duplicate,same filename; 404x303->640x480; LANCZOS RGB MAE=1.362; 64x64 luminance correlation=0.999968,Supported,semi-mature apple,1,0,640,480,derived representation; excluded from independent image universe
IMG_13620.jpg,original,train,sg-0564,train/IMG_13620.jpg,self,canonical,deterministic representative selection,Confirmed,semi-mature apple,2,0,404,303,"representative, not verified acquisition original"
IMG_13620.jpg,resize,train,sg-0564,train/IMG_13620.jpg,same_name_original,resized_duplicate,same filename; 404x303->640x480; LANCZOS RGB MAE=1.547; 64x64 luminance correlation=0.999929,Supported,semi-mature apple,2,0,640,480,derived representation; excluded from independent image universe
IMG_13630.jpg,original,train,sg-0565,train/IMG_13630.jpg,self,canonical,deterministic representative selection,Confirmed,semi-mature apple,1,0,404,303,"representative, not verified acquisition original"
IMG_13630.jpg,resize,train,sg-0565,train/IMG_13630.jpg,same_name_original,resized_duplicate,same filename; 404x303->640x480; LANCZOS RGB MAE=1.3587; 64x64 luminance correlation=0.999947,Supported,semi-mature apple,1,0,640,480,derived representation; excluded from independent image universe
IMG_13640.jpg,original,train,sg-0566,train/IMG_13640.jpg,self,canonical,deterministic representative selection,Confirmed,semi-mature apple,1,0,404,303,"representative, not verified acquisition original"
IMG_13640.jpg,resize,train,sg-0566,train/IMG_13640.jpg,same_name_original,resized_duplicate,same filename; 404x303->640x480; LANCZOS RGB MAE=1.3795; 64x64 luminance correlation=0.999944,Supported,semi-mature apple,1,0,640,480,derived representation; excluded from independent image universe
IMG_13650_brightness.jpg,original,train,sg-0094,test/IMG_13650.jpg,component_path,augmentation_derivative,64x64 luminance correlation=0.996408; identical region list=True,Strongly Supported,semi-mature apple,1,0,404,303,relation through component path; direct relation to canonical not asserted
IMG_13650_brightness.jpg,resize,train,sg-0094,test/IMG_13650.jpg,same_name_original,resized_duplicate,same filename; 404x303->640x480; LANCZOS RGB MAE=1.2953; 64x64 luminance correlation=0.999972,Supported,semi-mature apple,1,0,640,480,derived representation; excluded from independent image universe
IMG_13660.jpg,original,train,sg-0567,train/IMG_13660.jpg,self,canonical,deterministic representative selection,Confirmed,mature apple,1,0,404,303,"representative, not verified acquisition original"
IMG_13660.jpg,resize,train,sg-0567,train/IMG_13660.jpg,same_name_original,resized_duplicate,same filename; 404x303->640x480; LANCZOS RGB MAE=1.4313; 64x64 luminance correlation=0.999956,Supported,mature apple,1,0,640,480,derived representation; excluded from independent image universe
IMG_13670.jpg,original,train,sg-0568,train/IMG_13670.jpg,self,canonical,deterministic representative selection,Confirmed,mature apple,1,0,404,303,"representative, not verified acquisition original"
IMG_13670.jpg,resize,train,sg-0568,train/IMG_13670.jpg,same_name_original,resized_duplicate,same filename; 404x303->640x480; LANCZOS RGB MAE=1.2855; 64x64 luminance correlation=0.999948,Supported,mature apple,1,0,640,480,derived representation; excluded from independent image universe
IMG_1369.jpg,original,train,sg-0569,train/IMG_1369.jpg,self,canonical,deterministic representative selection,Confirmed,mature apple,1,0,404,303,"representative, not verified acquisition original"
IMG_1369.jpg,resize,train,sg-0569,train/IMG_1369.jpg,same_name_original,resized_duplicate,same filename; 404x303->640x480; LANCZOS RGB MAE=1.5368; 64x64 luminance correlation=0.999951,Supported,mature apple,1,0,640,480,derived representation; excluded from independent image universe
IMG_13700_brightness.jpg,original,train,sg-0570,val/IMG_13700.jpg,component_path,augmentation_derivative,64x64 luminance correlation=0.995642; identical region list=True,Strongly Supported,mature apple,1,0,404,303,relation through component path; direct relation to canonical not asserted
IMG_13700_brightness.jpg,resize,train,sg-0570,val/IMG_13700.jpg,same_name_original,resized_duplicate,same filename; 404x303->640x480; LANCZOS RGB MAE=1.2435; 64x64 luminance correlation=0.999947,Supported,mature apple,1,0,640,480,derived representation; excluded from independent image universe
IMG_1371.jpg,original,train,sg-0571,train/IMG_1371.jpg,self,canonical,deterministic representative selection,Confirmed,mature apple,1,0,404,303,"representative, not verified acquisition original"
IMG_1371.jpg,resize,train,sg-0571,train/IMG_1371.jpg,same_name_original,resized_duplicate,same filename; 404x303->640x480; LANCZOS RGB MAE=1.8306; 64x64 luminance correlation=0.999694,Supported,mature apple,1,0,640,480,derived representation; excluded from independent image universe
IMG_13720.jpg,original,train,sg-0572,train/IMG_13720.jpg,self,canonical,deterministic representative selection,Confirmed,mature apple,1,0,404,303,"representative, not verified acquisition original"
IMG_13720.jpg,resize,train,sg-0572,train/IMG_13720.jpg,same_name_original,resized_duplicate,same filename; 404x303->640x480; LANCZOS RGB MAE=1.3328; 64x64 luminance correlation=0.999925,Supported,mature apple,1,0,640,480,derived representation; excluded from independent image universe
IMG_13730.jpg,original,train,sg-0573,train/IMG_13730.jpg,self,canonical,deterministic representative selection,Confirmed,mature apple,2,0,404,303,"representative, not verified acquisition original"
IMG_13730.jpg,resize,train,sg-0573,train/IMG_13730.jpg,same_name_original,resized_duplicate,same filename; 404x303->640x480; LANCZOS RGB MAE=1.5375; 64x64 luminance correlation=0.999893,Supported,mature apple,2,0,640,480,derived representation; excluded from independent image universe
IMG_13740.jpg,original,train,sg-0574,train/IMG_13740.jpg,self,canonical,deterministic representative selection,Confirmed,mature apple,3,0,404,303,"representative, not verified acquisition original"
IMG_13740.jpg,resize,train,sg-0574,train/IMG_13740.jpg,same_name_original,resized_duplicate,same filename; 404x303->640x480; LANCZOS RGB MAE=1.5359; 64x64 luminance correlation=0.999918,Supported,mature apple,3,0,640,480,derived representation; excluded from independent image universe
IMG_13740_brightness.jpg,original,train,sg-0574,train/IMG_13740.jpg,component_path,augmentation_derivative,same suffix-normalized family=img_13740; 64x64 correlation=0.997071; identical polygons=True,Strongly Supported,mature apple,3,0,404,303,relation through component path; direct relation to canonical not asserted
IMG_13740_brightness.jpg,resize,train,sg-0574,train/IMG_13740.jpg,same_name_original,resized_duplicate,same filename; 404x303->640x480; LANCZOS RGB MAE=1.5501; 64x64 luminance correlation=0.999891,Supported,mature apple,3,0,640,480,derived representation; excluded from independent image universe
IMG_13760.jpg,original,train,sg-0575,train/IMG_13760.jpg,self,canonical,deterministic representative selection,Confirmed,mature apple,3,0,404,303,"representative, not verified acquisition original"
IMG_13760.jpg,resize,train,sg-0575,train/IMG_13760.jpg,same_name_original,resized_duplicate,same filename; 404x303->640x480; LANCZOS RGB MAE=1.6926; 64x64 luminance correlation=0.999903,Supported,mature apple,3,0,640,480,derived representation; excluded from independent image universe
IMG_13790.jpg,original,train,sg-0576,train/IMG_13790.jpg,self,canonical,deterministic representative selection,Confirmed,mature apple,2,0,404,303,"representative, not verified acquisition original"
IMG_13790.jpg,resize,train,sg-0576,train/IMG_13790.jpg,same_name_original,resized_duplicate,same filename; 404x303->640x480; LANCZOS RGB MAE=1.2914; 64x64 luminance correlation=0.999954,Supported,mature apple,2,0,640,480,derived representation; excluded from independent image universe
IMG_13790_brightness.jpg,original,train,sg-0576,train/IMG_13790.jpg,component_path,augmentation_derivative,same suffix-normalized family=img_13790; 64x64 correlation=0.999037; identical polygons=True,Strongly Supported,mature apple,2,0,404,303,relation through component path; direct relation to canonical not asserted
IMG_13790_brightness.jpg,resize,train,sg-0576,train/IMG_13790.jpg,same_name_original,resized_duplicate,same filename; 404x303->640x480; LANCZOS RGB MAE=1.2955; 64x64 luminance correlation=0.999928,Supported,mature apple,2,0,640,480,derived representation; excluded from independent image universe
IMG_1381_brightness.jpg,original,train,sg-0577,val/IMG_1381.jpg,component_path,augmentation_derivative,64x64 luminance correlation=0.996648; identical region list=True,Strongly Supported,mature apple,2,0,404,303,relation through component path; direct relation to canonical not asserted
IMG_1381_brightness.jpg,resize,train,sg-0577,val/IMG_1381.jpg,same_name_original,resized_duplicate,same filename; 404x303->640x480; LANCZOS RGB MAE=1.6042; 64x64 luminance correlation=0.99987,Supported,mature apple,2,0,640,480,derived representation; excluded from independent image universe
IMG_1382.jpg,original,train,sg-0578,train/IMG_1382.jpg,self,canonical,deterministic representative selection,Confirmed,mature apple,2,0,404,303,"representative, not verified acquisition original"
IMG_1382.jpg,resize,train,sg-0578,train/IMG_1382.jpg,same_name_original,resized_duplicate,same filename; 404x303->640x480; LANCZOS RGB MAE=1.5812; 64x64 luminance correlation=0.999902,Supported,mature apple,2,0,640,480,derived representation; excluded from independent image universe
IMG_1382_brightness.jpg,original,train,sg-0578,train/IMG_1382.jpg,component_path,augmentation_derivative,same suffix-normalized family=img_1382; 64x64 correlation=0.996830; identical polygons=True,Strongly Supported,mature apple,2,0,404,303,relation through component path; direct relation to canonical not asserted
IMG_1382_brightness.jpg,resize,train,sg-0578,train/IMG_1382.jpg,same_name_original,resized_duplicate,same filename; 404x303->640x480; LANCZOS RGB MAE=1.5708; 64x64 luminance correlation=0.999884,Supported,mature apple,2,0,640,480,derived representation; excluded from independent image universe
IMG_13840.jpg,original,train,sg-0579,train/IMG_13840.jpg,self,canonical,deterministic representative selection,Confirmed,mature apple|semi-mature apple,2,0,404,303,"representative, not verified acquisition original"
IMG_13840.jpg,resize,train,sg-0579,train/IMG_13840.jpg,same_name_original,resized_duplicate,same filename; 404x303->640x480; LANCZOS RGB MAE=1.1633; 64x64 luminance correlation=0.999962,Supported,mature apple|semi-mature apple,2,0,640,480,derived representation; excluded from independent image universe
IMG_13860.jpg,original,train,sg-0580,train/IMG_13860.jpg,self,canonical,deterministic representative selection,Confirmed,mature apple,2,0,404,303,"representative, not verified acquisition original"
IMG_13860.jpg,resize,train,sg-0580,train/IMG_13860.jpg,same_name_original,resized_duplicate,same filename; 404x303->640x480; LANCZOS RGB MAE=1.5349; 64x64 luminance correlation=0.999938,Supported,mature apple,2,0,640,480,derived representation; excluded from independent image universe
IMG_1387_brightness.jpg,original,train,sg-0102,test/IMG_1387.jpg,component_path,augmentation_derivative,64x64 luminance correlation=0.997606; identical region list=True,Strongly Supported,semi-mature apple,1,0,404,303,relation through component path; direct relation to canonical not asserted
IMG_1387_brightness.jpg,resize,train,sg-0102,test/IMG_1387.jpg,same_name_original,resized_duplicate,same filename; 404x303->640x480; LANCZOS RGB MAE=1.4077; 64x64 luminance correlation=0.999959,Supported,semi-mature apple,1,0,640,480,derived representation; excluded from independent image universe
IMG_1389_brightness.jpg,original,train,sg-0104,test/IMG_1389.jpg,component_path,augmentation_derivative,same suffix-normalized family=img_1389; 64x64 correlation=0.997043; identical polygons=True,Strongly Supported,semi-mature apple,1,0,404,303,relation through component path; direct relation to canonical not asserted
IMG_1389_brightness.jpg,resize,train,sg-0104,test/IMG_1389.jpg,same_name_original,resized_duplicate,same filename; 404x303->640x480; LANCZOS RGB MAE=1.4873; 64x64 luminance correlation=0.999921,Supported,semi-mature apple,1,0,640,480,derived representation; excluded from independent image universe
IMG_1389_noise.jpg,original,train,sg-0104,test/IMG_1389.jpg,component_path,augmentation_derivative,same suffix-normalized family=img_1389; 64x64 correlation=0.997043; identical polygons=True,Strongly Supported,semi-mature apple,1,0,404,303,relation through component path; direct relation to canonical not asserted
IMG_1389_noise.jpg,resize,train,sg-0104,test/IMG_1389.jpg,same_name_original,resized_duplicate,same filename; 404x303->640x480; LANCZOS RGB MAE=2.1258; 64x64 luminance correlation=0.999936,Supported,semi-mature apple,1,0,640,480,derived representation; excluded from independent image universe
IMG_1390_noise.jpg,original,train,sg-0105,test/IMG_1390.jpg,component_path,augmentation_derivative,64x64 luminance correlation=0.999694; identical region list=True,Strongly Supported,semi-mature apple,1,0,404,303,relation through component path; direct relation to canonical not asserted
IMG_1390_noise.jpg,resize,train,sg-0105,test/IMG_1390.jpg,same_name_original,resized_duplicate,same filename; 404x303->640x480; LANCZOS RGB MAE=2.0485; 64x64 luminance correlation=0.999974,Supported,semi-mature apple,1,0,640,480,derived representation; excluded from independent image universe
IMG_13910.jpg,original,train,sg-0581,train/IMG_13910.jpg,self,canonical,deterministic representative selection,Confirmed,mature apple,1,0,404,303,"representative, not verified acquisition original"
IMG_13910.jpg,resize,train,sg-0581,train/IMG_13910.jpg,same_name_original,resized_duplicate,same filename; 404x303->640x480; LANCZOS RGB MAE=1.2239; 64x64 luminance correlation=0.999958,Supported,mature apple,1,0,640,480,derived representation; excluded from independent image universe
IMG_13930_brightness.jpg,original,train,sg-0582,val/IMG_13930.jpg,component_path,augmentation_derivative,64x64 luminance correlation=0.997448; identical region list=True,Strongly Supported,mature apple,1,0,404,303,relation through component path; direct relation to canonical not asserted
IMG_13930_brightness.jpg,resize,train,sg-0582,val/IMG_13930.jpg,same_name_original,resized_duplicate,same filename; 404x303->640x480; LANCZOS RGB MAE=1.328; 64x64 luminance correlation=0.999951,Supported,mature apple,1,0,640,480,derived representation; excluded from independent image universe
IMG_13960_brightness.jpg,original,train,sg-0583,val/IMG_13960.jpg,component_path,same_annotation_geometry,64x64 luminance correlation=0.994468; identical region list=True; Stage 2B-4H C01 human accepted same-source relation; physical acquisition ID unverified,Strongly Supported,mature apple,1,0,404,303,relation through component path; direct relation to canonical not asserted
IMG_13960_brightness.jpg,resize,train,sg-0583,val/IMG_13960.jpg,same_name_original,resized_duplicate,same filename; 404x303->640x480; LANCZOS RGB MAE=1.4092; 64x64 luminance correlation=0.999924,Supported,mature apple,1,0,640,480,derived representation; excluded from independent image universe
IMG_1397.jpg,original,train,sg-0584,train/IMG_1397.jpg,self,canonical,deterministic representative selection,Confirmed,mature apple,1,0,404,303,"representative, not verified acquisition original"
IMG_1397.jpg,resize,train,sg-0584,train/IMG_1397.jpg,same_name_original,resized_duplicate,same filename; 404x303->640x480; LANCZOS RGB MAE=1.0876; 64x64 luminance correlation=0.999973,Supported,mature apple,1,0,640,480,derived representation; excluded from independent image universe
IMG_1399.jpg,original,train,sg-0585,train/IMG_1399.jpg,self,canonical,deterministic representative selection,Confirmed,mature apple,1,0,404,303,"representative, not verified acquisition original"
IMG_1399.jpg,resize,train,sg-0585,train/IMG_1399.jpg,same_name_original,resized_duplicate,same filename; 404x303->640x480; LANCZOS RGB MAE=1.5276; 64x64 luminance correlation=0.999938,Supported,mature apple,1,0,640,480,derived representation; excluded from independent image universe
IMG_14000.jpg,original,train,sg-0586,train/IMG_14000.jpg,self,canonical,deterministic representative selection,Confirmed,mature apple,1,0,404,303,"representative, not verified acquisition original"
IMG_14000.jpg,resize,train,sg-0586,train/IMG_14000.jpg,same_name_original,resized_duplicate,same filename; 404x303->640x480; LANCZOS RGB MAE=0.9925; 64x64 luminance correlation=0.999978,Supported,mature apple,1,0,640,480,derived representation; excluded from independent image universe
IMG_14020.jpg,original,train,sg-0587,train/IMG_14020.jpg,self,canonical,deterministic representative selection,Confirmed,mature apple,1,0,404,303,"representative, not verified acquisition original"
IMG_14020.jpg,resize,train,sg-0587,train/IMG_14020.jpg,same_name_original,resized_duplicate,same filename; 404x303->640x480; LANCZOS RGB MAE=0.9926; 64x64 luminance correlation=0.999976,Supported,mature apple,1,0,640,480,derived representation; excluded from independent image universe
IMG_14040_brightness.jpg,original,train,sg-0588,val/IMG_14040.jpg,component_path,same_annotation_geometry,64x64 luminance correlation=0.990993; identical region list=True; Stage 2B-4H C02 human accepted same-source relation; physical acquisition ID unverified,Strongly Supported,mature apple,1,0,404,303,relation through component path; direct relation to canonical not asserted
IMG_14040_brightness.jpg,resize,train,sg-0588,val/IMG_14040.jpg,same_name_original,resized_duplicate,same filename; 404x303->640x480; LANCZOS RGB MAE=1.1916; 64x64 luminance correlation=0.999918,Supported,mature apple,1,0,640,480,derived representation; excluded from independent image universe
IMG_1406.jpg,original,train,sg-0589,train/IMG_1406.jpg,self,canonical,deterministic representative selection,Confirmed,semi-mature apple,1,0,404,303,"representative, not verified acquisition original"
IMG_1406.jpg,resize,train,sg-0589,train/IMG_1406.jpg,same_name_original,resized_duplicate,same filename; 404x303->640x480; LANCZOS RGB MAE=1.5015; 64x64 luminance correlation=0.999928,Supported,semi-mature apple,1,0,640,480,derived representation; excluded from independent image universe
IMG_1406_noise.jpg,original,train,sg-0589,train/IMG_1406.jpg,component_path,augmentation_derivative,same suffix-normalized family=img_1406; 64x64 correlation=0.999499; identical polygons=True,Strongly Supported,semi-mature apple,1,0,404,303,relation through component path; direct relation to canonical not asserted
IMG_1406_noise.jpg,resize,train,sg-0589,train/IMG_1406.jpg,same_name_original,resized_duplicate,same filename; 404x303->640x480; LANCZOS RGB MAE=2.1527; 64x64 luminance correlation=0.999936,Supported,semi-mature apple,1,0,640,480,derived representation; excluded from independent image universe
IMG_1407.jpg,original,train,sg-0590,train/IMG_1407.jpg,self,canonical,deterministic representative selection,Confirmed,semi-mature apple,1,0,404,303,"representative, not verified acquisition original"
IMG_1407.jpg,resize,train,sg-0590,train/IMG_1407.jpg,same_name_original,resized_duplicate,same filename; 404x303->640x480; LANCZOS RGB MAE=1.3534; 64x64 luminance correlation=0.999953,Supported,semi-mature apple,1,0,640,480,derived representation; excluded from independent image universe
IMG_1407_brightness.jpg,original,train,sg-0590,train/IMG_1407.jpg,component_path,augmentation_derivative,same suffix-normalized family=img_1407; 64x64 correlation=0.998136; identical polygons=True,Strongly Supported,semi-mature apple,1,0,404,303,relation through component path; direct relation to canonical not asserted
IMG_1407_brightness.jpg,resize,train,sg-0590,train/IMG_1407.jpg,same_name_original,resized_duplicate,same filename; 404x303->640x480; LANCZOS RGB MAE=1.3502; 64x64 luminance correlation=0.999956,Supported,semi-mature apple,1,0,640,480,derived representation; excluded from independent image universe
IMG_1407_noise.jpg,original,train,sg-0590,train/IMG_1407.jpg,component_path,augmentation_derivative,same suffix-normalized family=img_1407; 64x64 correlation=0.999699; identical polygons=True,Strongly Supported,semi-mature apple,1,0,404,303,relation through component path; direct relation to canonical not asserted
IMG_1407_noise.jpg,resize,train,sg-0590,train/IMG_1407.jpg,same_name_original,resized_duplicate,same filename; 404x303->640x480; LANCZOS RGB MAE=2.1185; 64x64 luminance correlation=0.999959,Supported,semi-mature apple,1,0,640,480,derived representation; excluded from independent image universe
IMG_14100.jpg,original,train,sg-0591,train/IMG_14100.jpg,self,canonical,deterministic representative selection,Confirmed,immature apple,2,0,404,303,"representative, not verified acquisition original"
IMG_14100.jpg,resize,train,sg-0591,train/IMG_14100.jpg,same_name_original,resized_duplicate,same filename; 404x303->640x480; LANCZOS RGB MAE=1.3402; 64x64 luminance correlation=0.999961,Supported,immature apple,2,0,640,480,derived representation; excluded from independent image universe
IMG_14110.jpg,original,train,sg-0592,train/IMG_14110.jpg,self,canonical,deterministic representative selection,Confirmed,immature apple,2,0,404,303,"representative, not verified acquisition original"
IMG_14110.jpg,resize,train,sg-0592,train/IMG_14110.jpg,same_name_original,resized_duplicate,same filename; 404x303->640x480; LANCZOS RGB MAE=1.379; 64x64 luminance correlation=0.999964,Supported,immature apple,2,0,640,480,derived representation; excluded from independent image universe
IMG_14130.jpg,original,train,sg-0593,train/IMG_14130.jpg,self,canonical,deterministic representative selection,Confirmed,semi-mature apple,1,0,404,303,"representative, not verified acquisition original"
IMG_14130.jpg,resize,train,sg-0593,train/IMG_14130.jpg,same_name_original,resized_duplicate,same filename; 404x303->640x480; LANCZOS RGB MAE=1.5773; 64x64 luminance correlation=0.99995,Supported,semi-mature apple,1,0,640,480,derived representation; excluded from independent image universe
IMG_1414.jpg,original,train,sg-0594,train/IMG_1414.jpg,self,canonical,deterministic representative selection,Confirmed,immature apple,1,0,404,303,"representative, not verified acquisition original"
IMG_1414.jpg,resize,train,sg-0594,train/IMG_1414.jpg,same_name_original,resized_duplicate,same filename; 404x303->640x480; LANCZOS RGB MAE=1.2827; 64x64 luminance correlation=0.999969,Supported,immature apple,1,0,640,480,derived representation; excluded from independent image universe
IMG_14150.jpg,original,train,sg-0595,train/IMG_14150.jpg,self,canonical,deterministic representative selection,Confirmed,immature apple,1,0,404,303,"representative, not verified acquisition original"
IMG_14150.jpg,resize,train,sg-0595,train/IMG_14150.jpg,same_name_original,resized_duplicate,same filename; 404x303->640x480; LANCZOS RGB MAE=1.2972; 64x64 luminance correlation=0.999954,Supported,immature apple,1,0,640,480,derived representation; excluded from independent image universe
IMG_1418.jpg,original,train,sg-0596,train/IMG_1418.jpg,self,canonical,deterministic representative selection,Confirmed,semi-mature apple,1,0,404,303,"representative, not verified acquisition original"
IMG_1418.jpg,resize,train,sg-0596,train/IMG_1418.jpg,same_name_original,resized_duplicate,same filename; 404x303->640x480; LANCZOS RGB MAE=1.2386; 64x64 luminance correlation=0.999972,Supported,semi-mature apple,1,0,640,480,derived representation; excluded from independent image universe
IMG_1418_brightness.jpg,original,train,sg-0596,train/IMG_1418.jpg,component_path,augmentation_derivative,same suffix-normalized family=img_1418; 64x64 correlation=0.997874; identical polygons=True,Strongly Supported,semi-mature apple,1,0,404,303,relation through component path; direct relation to canonical not asserted
IMG_1418_brightness.jpg,resize,train,sg-0596,train/IMG_1418.jpg,same_name_original,resized_duplicate,same filename; 404x303->640x480; LANCZOS RGB MAE=1.2272; 64x64 luminance correlation=0.999976,Supported,semi-mature apple,1,0,640,480,derived representation; excluded from independent image universe
IMG_1418_noise.jpg,original,train,sg-0596,train/IMG_1418.jpg,component_path,augmentation_derivative,same suffix-normalized family=img_1418; 64x64 correlation=0.999786; identical polygons=True,Strongly Supported,semi-mature apple,1,0,404,303,relation through component path; direct relation to canonical not asserted
IMG_1418_noise.jpg,resize,train,sg-0596,train/IMG_1418.jpg,same_name_original,resized_duplicate,same filename; 404x303->640x480; LANCZOS RGB MAE=2.0798; 64x64 luminance correlation=0.999976,Supported,semi-mature apple,1,0,640,480,derived representation; excluded from independent image universe
IMG_1419_brightness.jpg,original,train,sg-0118,test/IMG_1419.jpg,component_path,augmentation_derivative,64x64 luminance correlation=0.997893; identical region list=True,Strongly Supported,semi-mature apple,1,0,404,303,relation through component path; direct relation to canonical not asserted
IMG_1419_brightness.jpg,resize,train,sg-0118,test/IMG_1419.jpg,same_name_original,resized_duplicate,same filename; 404x303->640x480; LANCZOS RGB MAE=1.1935; 64x64 luminance correlation=0.999974,Supported,semi-mature apple,1,0,640,480,derived representation; excluded from independent image universe
IMG_1420.jpg,original,train,sg-0597,train/IMG_1420.jpg,self,canonical,deterministic representative selection,Confirmed,immature apple,1,0,404,303,"representative, not verified acquisition original"
IMG_1420.jpg,resize,train,sg-0597,train/IMG_1420.jpg,same_name_original,resized_duplicate,same filename; 404x303->640x480; LANCZOS RGB MAE=1.1134; 64x64 luminance correlation=0.999967,Supported,immature apple,1,0,640,480,derived representation; excluded from independent image universe
IMG_1421.jpg,original,train,sg-0598,train/IMG_1421.jpg,self,canonical,deterministic representative selection,Confirmed,immature apple,1,0,404,303,"representative, not verified acquisition original"
IMG_1421.jpg,resize,train,sg-0598,train/IMG_1421.jpg,same_name_original,resized_duplicate,same filename; 404x303->640x480; LANCZOS RGB MAE=1.2398; 64x64 luminance correlation=0.999964,Supported,immature apple,1,0,640,480,derived representation; excluded from independent image universe
IMG_1422.jpg,original,train,sg-0599,train/IMG_1422.jpg,self,canonical,deterministic representative selection,Confirmed,immature apple,2,0,404,303,"representative, not verified acquisition original"
IMG_1422.jpg,resize,train,sg-0599,train/IMG_1422.jpg,same_name_original,resized_duplicate,same filename; 404x303->640x480; LANCZOS RGB MAE=1.5143; 64x64 luminance correlation=0.999926,Supported,immature apple,2,0,640,480,derived representation; excluded from independent image universe
IMG_1423.jpg,original,train,sg-0600,train/IMG_1423.jpg,self,canonical,deterministic representative selection,Confirmed,immature apple,1,0,404,303,"representative, not verified acquisition original"
IMG_1423.jpg,resize,train,sg-0600,train/IMG_1423.jpg,same_name_original,resized_duplicate,same filename; 404x303->640x480; LANCZOS RGB MAE=1.4958; 64x64 luminance correlation=0.999908,Supported,immature apple,1,0,640,480,derived representation; excluded from independent image universe
IMG_14240.jpg,original,train,sg-0601,train/IMG_14240.jpg,self,canonical,deterministic representative selection,Confirmed,immature apple,1,0,404,303,"representative, not verified acquisition original"
IMG_14240.jpg,resize,train,sg-0601,train/IMG_14240.jpg,same_name_original,resized_duplicate,same filename; 404x303->640x480; LANCZOS RGB MAE=1.1533; 64x64 luminance correlation=0.999959,Supported,immature apple,1,0,640,480,derived representation; excluded from independent image universe
IMG_14250.jpg,original,train,sg-0602,train/IMG_14250.jpg,self,canonical,deterministic representative selection,Confirmed,semi-mature apple,1,0,404,303,"representative, not verified acquisition original"
IMG_14250.jpg,resize,train,sg-0602,train/IMG_14250.jpg,same_name_original,resized_duplicate,same filename; 404x303->640x480; LANCZOS RGB MAE=1.3421; 64x64 luminance correlation=0.999903,Supported,semi-mature apple,1,0,640,480,derived representation; excluded from independent image universe
IMG_14260.jpg,original,train,sg-0603,train/IMG_14260.jpg,self,canonical,deterministic representative selection,Confirmed,semi-mature apple,1,0,404,303,"representative, not verified acquisition original"
IMG_14260.jpg,resize,train,sg-0603,train/IMG_14260.jpg,same_name_original,resized_duplicate,same filename; 404x303->640x480; LANCZOS RGB MAE=1.3973; 64x64 luminance correlation=0.999897,Supported,semi-mature apple,1,0,640,480,derived representation; excluded from independent image universe
IMG_14270.jpg,original,train,sg-0604,train/IMG_14270.jpg,self,canonical,deterministic representative selection,Confirmed,immature apple,1,0,404,303,"representative, not verified acquisition original"
IMG_14270.jpg,resize,train,sg-0604,train/IMG_14270.jpg,same_name_original,resized_duplicate,same filename; 404x303->640x480; LANCZOS RGB MAE=1.1322; 64x64 luminance correlation=0.99998,Supported,immature apple,1,0,640,480,derived representation; excluded from independent image universe
IMG_14280.jpg,original,train,sg-0605,train/IMG_14280.jpg,self,canonical,deterministic representative selection,Confirmed,immature apple,1,0,404,303,"representative, not verified acquisition original"
IMG_14280.jpg,resize,train,sg-0605,train/IMG_14280.jpg,same_name_original,resized_duplicate,same filename; 404x303->640x480; LANCZOS RGB MAE=1.2137; 64x64 luminance correlation=0.999977,Supported,immature apple,1,0,640,480,derived representation; excluded from independent image universe
IMG_1429.jpg,original,train,sg-0606,train/IMG_1429.jpg,self,canonical,deterministic representative selection,Confirmed,immature apple,1,0,404,303,"representative, not verified acquisition original"
IMG_1429.jpg,resize,train,sg-0606,train/IMG_1429.jpg,same_name_original,resized_duplicate,same filename; 404x303->640x480; LANCZOS RGB MAE=1.3468; 64x64 luminance correlation=0.999957,Supported,immature apple,1,0,640,480,derived representation; excluded from independent image universe
IMG_14310.jpg,original,train,sg-0607,train/IMG_14310.jpg,self,canonical,deterministic representative selection,Confirmed,immature apple,1,0,404,303,"representative, not verified acquisition original"
IMG_14310.jpg,resize,train,sg-0607,train/IMG_14310.jpg,same_name_original,resized_duplicate,same filename; 404x303->640x480; LANCZOS RGB MAE=1.3281; 64x64 luminance correlation=0.999964,Supported,immature apple,1,0,640,480,derived representation; excluded from independent image universe
IMG_1432.jpg,original,train,sg-0608,train/IMG_1432.jpg,self,canonical,deterministic representative selection,Confirmed,immature apple,1,0,404,303,"representative, not verified acquisition original"
IMG_1432.jpg,resize,train,sg-0608,train/IMG_1432.jpg,same_name_original,resized_duplicate,same filename; 404x303->640x480; LANCZOS RGB MAE=1.0409; 64x64 luminance correlation=0.999984,Supported,immature apple,1,0,640,480,derived representation; excluded from independent image universe
IMG_14330.jpg,original,train,sg-0609,train/IMG_14330.jpg,self,canonical,deterministic representative selection,Confirmed,immature apple,1,0,404,303,"representative, not verified acquisition original"
IMG_14330.jpg,resize,train,sg-0609,train/IMG_14330.jpg,same_name_original,resized_duplicate,same filename; 404x303->640x480; LANCZOS RGB MAE=1.3943; 64x64 luminance correlation=0.999945,Supported,immature apple,1,0,640,480,derived representation; excluded from independent image universe
IMG_1434.jpg,original,train,sg-0610,train/IMG_1434.jpg,self,canonical,deterministic representative selection,Confirmed,immature apple,1,0,404,303,"representative, not verified acquisition original"
IMG_1434.jpg,resize,train,sg-0610,train/IMG_1434.jpg,same_name_original,resized_duplicate,same filename; 404x303->640x480; LANCZOS RGB MAE=1.0307; 64x64 luminance correlation=0.99998,Supported,immature apple,1,0,640,480,derived representation; excluded from independent image universe
IMG_14350.jpg,original,train,sg-0611,train/IMG_14350.jpg,self,canonical,deterministic representative selection,Confirmed,mature apple,1,0,404,303,"representative, not verified acquisition original"
IMG_14350.jpg,resize,train,sg-0611,train/IMG_14350.jpg,same_name_original,resized_duplicate,same filename; 404x303->640x480; LANCZOS RGB MAE=1.7451; 64x64 luminance correlation=0.999939,Supported,mature apple,1,0,640,480,derived representation; excluded from independent image universe
IMG_14360.jpg,original,train,sg-0612,train/IMG_14360.jpg,self,canonical,deterministic representative selection,Confirmed,semi-mature apple,1,0,404,303,"representative, not verified acquisition original"
IMG_14360.jpg,resize,train,sg-0612,train/IMG_14360.jpg,same_name_original,resized_duplicate,same filename; 404x303->640x480; LANCZOS RGB MAE=1.1241; 64x64 luminance correlation=0.999981,Supported,semi-mature apple,1,0,640,480,derived representation; excluded from independent image universe
IMG_14360_noise.jpg,original,train,sg-0612,train/IMG_14360.jpg,component_path,augmentation_derivative,same suffix-normalized family=img_14360; 64x64 correlation=0.999795; identical polygons=True,Strongly Supported,semi-mature apple,1,0,404,303,relation through component path; direct relation to canonical not asserted
IMG_14360_noise.jpg,resize,train,sg-0612,train/IMG_14360.jpg,same_name_original,resized_duplicate,same filename; 404x303->640x480; LANCZOS RGB MAE=2.071; 64x64 luminance correlation=0.999979,Supported,semi-mature apple,1,0,640,480,derived representation; excluded from independent image universe
IMG_1437.jpg,original,train,sg-0613,train/IMG_1437.jpg,self,canonical,deterministic representative selection,Confirmed,immature apple,1,0,404,303,"representative, not verified acquisition original"
IMG_1437.jpg,resize,train,sg-0613,train/IMG_1437.jpg,same_name_original,resized_duplicate,same filename; 404x303->640x480; LANCZOS RGB MAE=1.0783; 64x64 luminance correlation=0.999981,Supported,immature apple,1,0,640,480,derived representation; excluded from independent image universe
IMG_14380.jpg,original,train,sg-0614,train/IMG_14380.jpg,self,canonical,deterministic representative selection,Confirmed,immature apple,1,0,404,303,"representative, not verified acquisition original"
IMG_14380.jpg,resize,train,sg-0614,train/IMG_14380.jpg,same_name_original,resized_duplicate,same filename; 404x303->640x480; LANCZOS RGB MAE=1.2381; 64x64 luminance correlation=0.999973,Supported,immature apple,1,0,640,480,derived representation; excluded from independent image universe
IMG_14390.jpg,original,train,sg-0615,train/IMG_14390.jpg,self,canonical,deterministic representative selection,Confirmed,immature apple,1,0,404,303,"representative, not verified acquisition original"
IMG_14390.jpg,resize,train,sg-0615,train/IMG_14390.jpg,same_name_original,resized_duplicate,same filename; 404x303->640x480; LANCZOS RGB MAE=1.4808; 64x64 luminance correlation=0.999917,Supported,immature apple,1,0,640,480,derived representation; excluded from independent image universe
IMG_1440.jpg,original,train,sg-0616,train/IMG_1440.jpg,self,canonical,deterministic representative selection,Confirmed,immature apple,1,0,404,303,"representative, not verified acquisition original"
IMG_1440.jpg,resize,train,sg-0616,train/IMG_1440.jpg,same_name_original,resized_duplicate,same filename; 404x303->640x480; LANCZOS RGB MAE=1.0509; 64x64 luminance correlation=0.999981,Supported,immature apple,1,0,640,480,derived representation; excluded from independent image universe
IMG_14410.jpg,original,train,sg-0617,train/IMG_14410.jpg,self,canonical,deterministic representative selection,Confirmed,semi-mature apple,1,0,404,303,"representative, not verified acquisition original"
IMG_14410.jpg,resize,train,sg-0617,train/IMG_14410.jpg,same_name_original,resized_duplicate,same filename; 404x303->640x480; LANCZOS RGB MAE=1.2644; 64x64 luminance correlation=0.999976,Supported,semi-mature apple,1,0,640,480,derived representation; excluded from independent image universe
IMG_14410_brightness.jpg,original,train,sg-0617,train/IMG_14410.jpg,component_path,augmentation_derivative,same suffix-normalized family=img_14410; 64x64 correlation=0.997699; identical polygons=True,Strongly Supported,semi-mature apple,1,0,404,303,relation through component path; direct relation to canonical not asserted
IMG_14410_brightness.jpg,resize,train,sg-0617,train/IMG_14410.jpg,same_name_original,resized_duplicate,same filename; 404x303->640x480; LANCZOS RGB MAE=1.2701; 64x64 luminance correlation=0.999975,Supported,semi-mature apple,1,0,640,480,derived representation; excluded from independent image universe
IMG_14410_noise.jpg,original,train,sg-0617,train/IMG_14410.jpg,component_path,augmentation_derivative,same suffix-normalized family=img_14410; 64x64 correlation=0.999785; identical polygons=True,Strongly Supported,semi-mature apple,1,0,404,303,relation through component path; direct relation to canonical not asserted
IMG_14410_noise.jpg,resize,train,sg-0617,train/IMG_14410.jpg,same_name_original,resized_duplicate,same filename; 404x303->640x480; LANCZOS RGB MAE=2.0881; 64x64 luminance correlation=0.999977,Supported,semi-mature apple,1,0,640,480,derived representation; excluded from independent image universe
IMG_14420_brightness.jpg,original,train,sg-0120,test/IMG_14420.jpg,component_path,augmentation_derivative,same suffix-normalized family=img_14420; 64x64 correlation=0.998868; identical polygons=True,Strongly Supported,semi-mature apple,1,0,404,303,relation through component path; direct relation to canonical not asserted
IMG_14420_brightness.jpg,resize,train,sg-0120,test/IMG_14420.jpg,same_name_original,resized_duplicate,same filename; 404x303->640x480; LANCZOS RGB MAE=1.1679; 64x64 luminance correlation=0.999975,Supported,semi-mature apple,1,0,640,480,derived representation; excluded from independent image universe
IMG_14420_noise.jpg,original,train,sg-0120,test/IMG_14420.jpg,component_path,augmentation_derivative,same suffix-normalized family=img_14420; 64x64 correlation=0.998868; identical polygons=True,Strongly Supported,semi-mature apple,1,0,404,303,relation through component path; direct relation to canonical not asserted
IMG_14420_noise.jpg,resize,train,sg-0120,test/IMG_14420.jpg,same_name_original,resized_duplicate,same filename; 404x303->640x480; LANCZOS RGB MAE=2.071; 64x64 luminance correlation=0.999974,Supported,semi-mature apple,1,0,640,480,derived representation; excluded from independent image universe
IMG_14440.jpg,original,train,sg-0618,train/IMG_14440.jpg,self,canonical,deterministic representative selection,Confirmed,immature apple,1,0,404,303,"representative, not verified acquisition original"
IMG_14440.jpg,resize,train,sg-0618,train/IMG_14440.jpg,same_name_original,resized_duplicate,same filename; 404x303->640x480; LANCZOS RGB MAE=1.2221; 64x64 luminance correlation=0.999973,Supported,immature apple,1,0,640,480,derived representation; excluded from independent image universe
IMG_1447.jpg,original,train,sg-0619,train/IMG_1447.jpg,self,canonical,deterministic representative selection,Confirmed,immature apple,1,0,404,303,"representative, not verified acquisition original"
IMG_1447.jpg,resize,train,sg-0619,train/IMG_1447.jpg,same_name_original,resized_duplicate,same filename; 404x303->640x480; LANCZOS RGB MAE=1.1566; 64x64 luminance correlation=0.999973,Supported,immature apple,1,0,640,480,derived representation; excluded from independent image universe
IMG_1449.jpg,original,train,sg-0620,train/IMG_1449.jpg,self,canonical,deterministic representative selection,Confirmed,immature apple,1,0,404,303,"representative, not verified acquisition original"
IMG_1449.jpg,resize,train,sg-0620,train/IMG_1449.jpg,same_name_original,resized_duplicate,same filename; 404x303->640x480; LANCZOS RGB MAE=1.6981; 64x64 luminance correlation=0.999876,Supported,immature apple,1,0,640,480,derived representation; excluded from independent image universe
IMG_1451.jpg,original,train,sg-0621,train/IMG_1451.jpg,self,canonical,deterministic representative selection,Confirmed,immature apple,1,0,404,303,"representative, not verified acquisition original"
IMG_1451.jpg,resize,train,sg-0621,train/IMG_1451.jpg,same_name_original,resized_duplicate,same filename; 404x303->640x480; LANCZOS RGB MAE=1.114; 64x64 luminance correlation=0.999971,Supported,immature apple,1,0,640,480,derived representation; excluded from independent image universe
IMG_14530.jpg,original,train,sg-0622,train/IMG_14530.jpg,self,canonical,deterministic representative selection,Confirmed,immature apple,1,0,404,303,"representative, not verified acquisition original"
IMG_14530.jpg,resize,train,sg-0622,train/IMG_14530.jpg,same_name_original,resized_duplicate,same filename; 404x303->640x480; LANCZOS RGB MAE=1.334; 64x64 luminance correlation=0.999972,Supported,immature apple,1,0,640,480,derived representation; excluded from independent image universe
IMG_1454.jpg,original,train,sg-0623,train/IMG_1454.jpg,self,canonical,deterministic representative selection,Confirmed,immature apple,1,0,404,303,"representative, not verified acquisition original"
IMG_1454.jpg,resize,train,sg-0623,train/IMG_1454.jpg,same_name_original,resized_duplicate,same filename; 404x303->640x480; LANCZOS RGB MAE=1.0934; 64x64 luminance correlation=0.999977,Supported,immature apple,1,0,640,480,derived representation; excluded from independent image universe
IMG_1455.jpg,original,train,sg-0624,train/IMG_1455.jpg,self,canonical,deterministic representative selection,Confirmed,immature apple,2,0,404,303,"representative, not verified acquisition original"
IMG_1455.jpg,resize,train,sg-0624,train/IMG_1455.jpg,same_name_original,resized_duplicate,same filename; 404x303->640x480; LANCZOS RGB MAE=1.6652; 64x64 luminance correlation=0.999858,Supported,immature apple,2,0,640,480,derived representation; excluded from independent image universe
IMG_14550.jpg,original,train,sg-0625,train/IMG_14550.jpg,self,canonical,deterministic representative selection,Confirmed,immature apple,2,0,404,303,"representative, not verified acquisition original"
IMG_14550.jpg,resize,train,sg-0625,train/IMG_14550.jpg,same_name_original,resized_duplicate,same filename; 404x303->640x480; LANCZOS RGB MAE=1.6332; 64x64 luminance correlation=0.999883,Supported,immature apple,2,0,640,480,derived representation; excluded from independent image universe
IMG_1457.jpg,original,train,sg-0626,train/IMG_1457.jpg,self,canonical,deterministic representative selection,Confirmed,immature apple,1,0,404,303,"representative, not verified acquisition original"
IMG_1457.jpg,resize,train,sg-0626,train/IMG_1457.jpg,same_name_original,resized_duplicate,same filename; 404x303->640x480; LANCZOS RGB MAE=1.2176; 64x64 luminance correlation=0.999974,Supported,immature apple,1,0,640,480,derived representation; excluded from independent image universe
IMG_1458.jpg,original,train,sg-0627,train/IMG_1458.jpg,self,canonical,deterministic representative selection,Confirmed,semi-mature apple,1,0,404,303,"representative, not verified acquisition original"
IMG_1458.jpg,resize,train,sg-0627,train/IMG_1458.jpg,same_name_original,resized_duplicate,same filename; 404x303->640x480; LANCZOS RGB MAE=1.2065; 64x64 luminance correlation=0.999963,Supported,semi-mature apple,1,0,640,480,derived representation; excluded from independent image universe
IMG_1458_brightness.jpg,original,train,sg-0627,train/IMG_1458.jpg,component_path,augmentation_derivative,same suffix-normalized family=img_1458; 64x64 correlation=0.996942; identical polygons=True,Strongly Supported,semi-mature apple,1,0,404,303,relation through component path; direct relation to canonical not asserted
IMG_1458_brightness.jpg,resize,train,sg-0627,train/IMG_1458.jpg,same_name_original,resized_duplicate,same filename; 404x303->640x480; LANCZOS RGB MAE=1.1961; 64x64 luminance correlation=0.999962,Supported,semi-mature apple,1,0,640,480,derived representation; excluded from independent image universe
IMG_1462.jpg,original,train,sg-0628,train/IMG_1462.jpg,self,canonical,deterministic representative selection,Confirmed,immature apple,1,0,404,303,"representative, not verified acquisition original"
IMG_1462.jpg,resize,train,sg-0628,train/IMG_1462.jpg,same_name_original,resized_duplicate,same filename; 404x303->640x480; LANCZOS RGB MAE=1.1044; 64x64 luminance correlation=0.999957,Supported,immature apple,1,0,640,480,derived representation; excluded from independent image universe
IMG_1463.jpg,original,train,sg-0629,train/IMG_1463.jpg,self,canonical,deterministic representative selection,Confirmed,immature apple,1,0,404,303,"representative, not verified acquisition original"
IMG_1463.jpg,resize,train,sg-0629,train/IMG_1463.jpg,same_name_original,resized_duplicate,same filename; 404x303->640x480; LANCZOS RGB MAE=1.1848; 64x64 luminance correlation=0.999969,Supported,immature apple,1,0,640,480,derived representation; excluded from independent image universe
IMG_14650.jpg,original,train,sg-0630,train/IMG_14650.jpg,self,canonical,deterministic representative selection,Confirmed,immature apple,1,0,404,303,"representative, not verified acquisition original"
IMG_14650.jpg,resize,train,sg-0630,train/IMG_14650.jpg,same_name_original,resized_duplicate,same filename; 404x303->640x480; LANCZOS RGB MAE=1.368; 64x64 luminance correlation=0.999917,Supported,immature apple,1,0,640,480,derived representation; excluded from independent image universe
IMG_1468.jpg,original,train,sg-0631,train/IMG_1468.jpg,self,canonical,deterministic representative selection,Confirmed,immature apple,1,0,404,303,"representative, not verified acquisition original"
IMG_1468.jpg,resize,train,sg-0631,train/IMG_1468.jpg,same_name_original,resized_duplicate,same filename; 404x303->640x480; LANCZOS RGB MAE=1.011; 64x64 luminance correlation=0.999981,Supported,immature apple,1,0,640,480,derived representation; excluded from independent image universe
IMG_1469_brightness.jpg,original,train,sg-0130,test/IMG_1469.jpg,component_path,augmentation_derivative,same suffix-normalized family=img_1469; 64x64 correlation=0.997078; identical polygons=True,Strongly Supported,semi-mature apple,1,0,404,303,relation through component path; direct relation to canonical not asserted
IMG_1469_brightness.jpg,resize,train,sg-0130,test/IMG_1469.jpg,same_name_original,resized_duplicate,same filename; 404x303->640x480; LANCZOS RGB MAE=1.4959; 64x64 luminance correlation=0.999926,Supported,semi-mature apple,1,0,640,480,derived representation; excluded from independent image universe
IMG_1469_noise.jpg,original,train,sg-0130,test/IMG_1469.jpg,component_path,augmentation_derivative,same suffix-normalized family=img_1469; 64x64 correlation=0.997078; identical polygons=True,Strongly Supported,semi-mature apple,1,0,404,303,relation through component path; direct relation to canonical not asserted
IMG_1469_noise.jpg,resize,train,sg-0130,test/IMG_1469.jpg,same_name_original,resized_duplicate,same filename; 404x303->640x480; LANCZOS RGB MAE=2.1365; 64x64 luminance correlation=0.999941,Supported,semi-mature apple,1,0,640,480,derived representation; excluded from independent image universe
IMG_14710.jpg,original,train,sg-0632,train/IMG_14710.jpg,self,canonical,deterministic representative selection,Confirmed,immature apple,1,0,404,303,"representative, not verified acquisition original"
IMG_14710.jpg,resize,train,sg-0632,train/IMG_14710.jpg,same_name_original,resized_duplicate,same filename; 404x303->640x480; LANCZOS RGB MAE=1.1983; 64x64 luminance correlation=0.99997,Supported,immature apple,1,0,640,480,derived representation; excluded from independent image universe
IMG_1472.jpg,original,train,sg-0633,train/IMG_1472.jpg,self,canonical,deterministic representative selection,Confirmed,immature apple,1,0,404,303,"representative, not verified acquisition original"
IMG_1472.jpg,resize,train,sg-0633,train/IMG_1472.jpg,same_name_original,resized_duplicate,same filename; 404x303->640x480; LANCZOS RGB MAE=1.2725; 64x64 luminance correlation=0.999964,Supported,immature apple,1,0,640,480,derived representation; excluded from independent image universe
IMG_14730.jpg,original,train,sg-0634,train/IMG_14730.jpg,self,canonical,deterministic representative selection,Confirmed,immature apple,1,0,404,303,"representative, not verified acquisition original"
IMG_14730.jpg,resize,train,sg-0634,train/IMG_14730.jpg,same_name_original,resized_duplicate,same filename; 404x303->640x480; LANCZOS RGB MAE=1.3355; 64x64 luminance correlation=0.999957,Supported,immature apple,1,0,640,480,derived representation; excluded from independent image universe
IMG_1474.jpg,original,train,sg-0635,train/IMG_1474.jpg,self,canonical,deterministic representative selection,Confirmed,immature apple,2,0,404,303,"representative, not verified acquisition original"
IMG_1474.jpg,resize,train,sg-0635,train/IMG_1474.jpg,same_name_original,resized_duplicate,same filename; 404x303->640x480; LANCZOS RGB MAE=1.2664; 64x64 luminance correlation=0.999953,Supported,immature apple,2,0,640,480,derived representation; excluded from independent image universe
IMG_1476.jpg,original,train,sg-0636,train/IMG_1476.jpg,self,canonical,deterministic representative selection,Confirmed,immature apple,1,0,404,303,"representative, not verified acquisition original"
IMG_1476.jpg,resize,train,sg-0636,train/IMG_1476.jpg,same_name_original,resized_duplicate,same filename; 404x303->640x480; LANCZOS RGB MAE=1.0155; 64x64 luminance correlation=0.999978,Supported,immature apple,1,0,640,480,derived representation; excluded from independent image universe
IMG_1477.jpg,original,train,sg-0637,train/IMG_1477.jpg,self,canonical,deterministic representative selection,Confirmed,immature apple,1,0,404,303,"representative, not verified acquisition original"
IMG_1477.jpg,resize,train,sg-0637,train/IMG_1477.jpg,same_name_original,resized_duplicate,same filename; 404x303->640x480; LANCZOS RGB MAE=0.8407; 64x64 luminance correlation=0.999985,Supported,immature apple,1,0,640,480,derived representation; excluded from independent image universe
IMG_15621.jpg,original,train,sg-0638,train/IMG_15621.jpg,self,canonical,deterministic representative selection,Confirmed,mature apple,1,0,369,277,"representative, not verified acquisition original"
IMG_15621.jpg,resize,train,sg-0638,train/IMG_15621.jpg,same_name_original,resized_duplicate,same filename; 369x277->640x480; LANCZOS RGB MAE=4.0753; 64x64 luminance correlation=0.999644,Supported,mature apple,1,0,640,480,derived representation; excluded from independent image universe
IMG_5384.jpg,original,train,sg-0639,train/IMG_5384.jpg,self,canonical,deterministic representative selection,Confirmed,immature apple,1,0,404,303,"representative, not verified acquisition original"
IMG_5384.jpg,resize,train,sg-0639,train/IMG_5384.jpg,same_name_original,resized_duplicate,same filename; 404x303->640x480; LANCZOS RGB MAE=1.5747; 64x64 luminance correlation=0.999925,Supported,immature apple,1,0,640,480,derived representation; excluded from independent image universe
IMG_5386.jpg,original,train,sg-0640,train/IMG_5386.jpg,self,canonical,deterministic representative selection,Confirmed,mature apple,1,0,404,303,"representative, not verified acquisition original"
IMG_5386.jpg,resize,train,sg-0640,train/IMG_5386.jpg,same_name_original,resized_duplicate,same filename; 404x303->640x480; LANCZOS RGB MAE=1.4817; 64x64 luminance correlation=0.999911,Supported,mature apple,1,0,640,480,derived representation; excluded from independent image universe
IMG_5390.jpg,original,train,sg-0641,train/IMG_5390.jpg,self,canonical,deterministic representative selection,Confirmed,mature apple,2,0,404,303,"representative, not verified acquisition original"
IMG_5390.jpg,resize,train,sg-0641,train/IMG_5390.jpg,same_name_original,resized_duplicate,same filename; 404x303->640x480; LANCZOS RGB MAE=1.5086; 64x64 luminance correlation=0.999887,Supported,mature apple,2,0,640,480,derived representation; excluded from independent image universe
IMG_53910.jpg,original,train,sg-0642,train/IMG_53910.jpg,self,canonical,deterministic representative selection,Confirmed,mature apple,2,0,404,303,"representative, not verified acquisition original"
IMG_53910.jpg,resize,train,sg-0642,train/IMG_53910.jpg,same_name_original,resized_duplicate,same filename; 404x303->640x480; LANCZOS RGB MAE=1.4109; 64x64 luminance correlation=0.999948,Supported,mature apple,2,0,640,480,derived representation; excluded from independent image universe
IMG_5392.jpg,original,train,sg-0643,train/IMG_5392.jpg,self,canonical,deterministic representative selection,Confirmed,mature apple,2,0,404,303,"representative, not verified acquisition original"
IMG_5392.jpg,resize,train,sg-0643,train/IMG_5392.jpg,same_name_original,resized_duplicate,same filename; 404x303->640x480; LANCZOS RGB MAE=1.2267; 64x64 luminance correlation=0.999947,Supported,mature apple,2,0,640,480,derived representation; excluded from independent image universe
IMG_53940.jpg,original,train,sg-0644,train/IMG_53940.jpg,self,canonical,deterministic representative selection,Confirmed,mature apple,2,0,404,303,"representative, not verified acquisition original"
IMG_53940.jpg,resize,train,sg-0644,train/IMG_53940.jpg,same_name_original,resized_duplicate,same filename; 404x303->640x480; LANCZOS RGB MAE=1.4978; 64x64 luminance correlation=0.999923,Supported,mature apple,2,0,640,480,derived representation; excluded from independent image universe
IMG_53960.jpg,original,train,sg-0645,train/IMG_53960.jpg,self,canonical,deterministic representative selection,Confirmed,mature apple,1,0,404,303,"representative, not verified acquisition original"
IMG_53960.jpg,resize,train,sg-0645,train/IMG_53960.jpg,same_name_original,resized_duplicate,same filename; 404x303->640x480; LANCZOS RGB MAE=1.143; 64x64 luminance correlation=0.999971,Supported,mature apple,1,0,640,480,derived representation; excluded from independent image universe
IMG_53980.jpg,original,train,sg-0646,train/IMG_53980.jpg,self,canonical,deterministic representative selection,Confirmed,mature apple,1,0,404,303,"representative, not verified acquisition original"
IMG_53980.jpg,resize,train,sg-0646,train/IMG_53980.jpg,same_name_original,resized_duplicate,same filename; 404x303->640x480; LANCZOS RGB MAE=1.4799; 64x64 luminance correlation=0.999929,Supported,mature apple,1,0,640,480,derived representation; excluded from independent image universe
IMG_53990.jpg,original,train,sg-0647,train/IMG_53990.jpg,self,canonical,deterministic representative selection,Confirmed,mature apple,2,0,404,303,"representative, not verified acquisition original"
IMG_53990.jpg,resize,train,sg-0647,train/IMG_53990.jpg,same_name_original,resized_duplicate,same filename; 404x303->640x480; LANCZOS RGB MAE=1.6701; 64x64 luminance correlation=0.999836,Supported,mature apple,2,0,640,480,derived representation; excluded from independent image universe
IMG_54000.jpg,original,train,sg-0648,train/IMG_54000.jpg,self,canonical,deterministic representative selection,Confirmed,mature apple,1,0,404,303,"representative, not verified acquisition original"
IMG_54000.jpg,resize,train,sg-0648,train/IMG_54000.jpg,same_name_original,resized_duplicate,same filename; 404x303->640x480; LANCZOS RGB MAE=1.287; 64x64 luminance correlation=0.999953,Supported,mature apple,1,0,640,480,derived representation; excluded from independent image universe
IMG_5401.jpg,original,train,sg-0649,train/IMG_5401.jpg,self,canonical,deterministic representative selection,Confirmed,mature apple,1,0,404,303,"representative, not verified acquisition original"
IMG_5401.jpg,resize,train,sg-0649,train/IMG_5401.jpg,same_name_original,resized_duplicate,same filename; 404x303->640x480; LANCZOS RGB MAE=1.1962; 64x64 luminance correlation=0.999971,Supported,mature apple,1,0,640,480,derived representation; excluded from independent image universe
IMG_5402.jpg,original,train,sg-0650,train/IMG_5402.jpg,self,canonical,deterministic representative selection,Confirmed,mature apple,1,0,404,303,"representative, not verified acquisition original"
IMG_5402.jpg,resize,train,sg-0650,train/IMG_5402.jpg,same_name_original,resized_duplicate,same filename; 404x303->640x480; LANCZOS RGB MAE=1.079; 64x64 luminance correlation=0.999967,Supported,mature apple,1,0,640,480,derived representation; excluded from independent image universe
IMG_54030.jpg,original,train,sg-0651,train/IMG_54030.jpg,self,canonical,deterministic representative selection,Confirmed,mature apple,1,0,404,303,"representative, not verified acquisition original"
IMG_54030.jpg,resize,train,sg-0651,train/IMG_54030.jpg,same_name_original,resized_duplicate,same filename; 404x303->640x480; LANCZOS RGB MAE=1.3245; 64x64 luminance correlation=0.999942,Supported,mature apple,1,0,640,480,derived representation; excluded from independent image universe
IMG_5404.jpg,original,train,sg-0652,train/IMG_5404.jpg,self,canonical,deterministic representative selection,Confirmed,mature apple,1,0,404,303,"representative, not verified acquisition original"
IMG_5404.jpg,resize,train,sg-0652,train/IMG_5404.jpg,same_name_original,resized_duplicate,same filename; 404x303->640x480; LANCZOS RGB MAE=1.2363; 64x64 luminance correlation=0.999963,Supported,mature apple,1,0,640,480,derived representation; excluded from independent image universe
IMG_5406.jpg,original,train,sg-0653,train/IMG_5406.jpg,self,canonical,deterministic representative selection,Confirmed,mature apple,1,0,404,303,"representative, not verified acquisition original"
IMG_5406.jpg,resize,train,sg-0653,train/IMG_5406.jpg,same_name_original,resized_duplicate,same filename; 404x303->640x480; LANCZOS RGB MAE=1.1964; 64x64 luminance correlation=0.999963,Supported,mature apple,1,0,640,480,derived representation; excluded from independent image universe
IMG_5407.jpg,original,train,sg-0654,train/IMG_5407.jpg,self,canonical,deterministic representative selection,Confirmed,immature apple,1,0,404,303,"representative, not verified acquisition original"
IMG_5407.jpg,resize,train,sg-0654,train/IMG_5407.jpg,same_name_original,resized_duplicate,same filename; 404x303->640x480; LANCZOS RGB MAE=1.227; 64x64 luminance correlation=0.999952,Supported,immature apple,1,0,640,480,derived representation; excluded from independent image universe
IMG_5408.jpg,original,train,sg-0655,train/IMG_5408.jpg,self,canonical,deterministic representative selection,Confirmed,immature apple,1,0,404,303,"representative, not verified acquisition original"
IMG_5408.jpg,resize,train,sg-0655,train/IMG_5408.jpg,same_name_original,resized_duplicate,same filename; 404x303->640x480; LANCZOS RGB MAE=1.5915; 64x64 luminance correlation=0.99991,Supported,immature apple,1,0,640,480,derived representation; excluded from independent image universe
IMG_54100.jpg,original,train,sg-0656,train/IMG_54100.jpg,self,canonical,deterministic representative selection,Confirmed,semi-mature apple,1,0,404,303,"representative, not verified acquisition original"
IMG_54100.jpg,resize,train,sg-0656,train/IMG_54100.jpg,same_name_original,resized_duplicate,same filename; 404x303->640x480; LANCZOS RGB MAE=1.2935; 64x64 luminance correlation=0.999964,Supported,semi-mature apple,1,0,640,480,derived representation; excluded from independent image universe
IMG_54100_brightness.jpg,original,train,sg-0656,train/IMG_54100.jpg,component_path,augmentation_derivative,same suffix-normalized family=img_54100; 64x64 correlation=0.997051; identical polygons=True,Strongly Supported,semi-mature apple,1,0,404,303,relation through component path; direct relation to canonical not asserted
IMG_54100_brightness.jpg,resize,train,sg-0656,train/IMG_54100.jpg,same_name_original,resized_duplicate,same filename; 404x303->640x480; LANCZOS RGB MAE=1.311; 64x64 luminance correlation=0.999962,Supported,semi-mature apple,1,0,640,480,derived representation; excluded from independent image universe
IMG_54110.jpg,original,train,sg-0657,train/IMG_54110.jpg,self,canonical,deterministic representative selection,Confirmed,immature apple,1,0,404,303,"representative, not verified acquisition original"
IMG_54110.jpg,resize,train,sg-0657,train/IMG_54110.jpg,same_name_original,resized_duplicate,same filename; 404x303->640x480; LANCZOS RGB MAE=1.3528; 64x64 luminance correlation=0.999947,Supported,immature apple,1,0,640,480,derived representation; excluded from independent image universe
IMG_54120.jpg,original,train,sg-0658,train/IMG_54120.jpg,self,canonical,deterministic representative selection,Confirmed,immature apple,1,0,404,303,"representative, not verified acquisition original"
IMG_54120.jpg,resize,train,sg-0658,train/IMG_54120.jpg,same_name_original,resized_duplicate,same filename; 404x303->640x480; LANCZOS RGB MAE=1.2216; 64x64 luminance correlation=0.999967,Supported,immature apple,1,0,640,480,derived representation; excluded from independent image universe
IMG_54150.jpg,original,train,sg-0659,train/IMG_54150.jpg,self,canonical,deterministic representative selection,Confirmed,immature apple,3,0,404,303,"representative, not verified acquisition original"
IMG_54150.jpg,resize,train,sg-0659,train/IMG_54150.jpg,same_name_original,resized_duplicate,same filename; 404x303->640x480; LANCZOS RGB MAE=1.4483; 64x64 luminance correlation=0.999944,Supported,immature apple,3,0,640,480,derived representation; excluded from independent image universe
IMG_54160_noise.jpg,original,train,sg-0142,test/IMG_54160.jpg,component_path,augmentation_derivative,64x64 luminance correlation=0.999723; identical region list=True,Strongly Supported,semi-mature apple,2,0,404,303,relation through component path; direct relation to canonical not asserted
IMG_54160_noise.jpg,resize,train,sg-0142,test/IMG_54160.jpg,same_name_original,resized_duplicate,same filename; 404x303->640x480; LANCZOS RGB MAE=2.0927; 64x64 luminance correlation=0.999972,Supported,semi-mature apple,2,0,640,480,derived representation; excluded from independent image universe
IMG_5417.jpg,original,train,sg-0660,train/IMG_5417.jpg,self,canonical,deterministic representative selection,Confirmed,immature apple,1,0,404,303,"representative, not verified acquisition original"
IMG_5417.jpg,resize,train,sg-0660,train/IMG_5417.jpg,same_name_original,resized_duplicate,same filename; 404x303->640x480; LANCZOS RGB MAE=1.4427; 64x64 luminance correlation=0.999953,Supported,immature apple,1,0,640,480,derived representation; excluded from independent image universe
IMG_54190_noise.jpg,original,train,sg-0144,test/IMG_54190.jpg,component_path,augmentation_derivative,64x64 luminance correlation=0.999557; identical region list=True,Strongly Supported,semi-mature apple,1,0,404,303,relation through component path; direct relation to canonical not asserted
IMG_54190_noise.jpg,resize,train,sg-0144,test/IMG_54190.jpg,same_name_original,resized_duplicate,same filename; 404x303->640x480; LANCZOS RGB MAE=2.1435; 64x64 luminance correlation=0.999828,Supported,semi-mature apple,1,0,640,480,derived representation; excluded from independent image universe
IMG_54200.jpg,original,train,sg-0661,train/IMG_54200.jpg,self,canonical,deterministic representative selection,Confirmed,semi-mature apple,1,0,404,303,"representative, not verified acquisition original"
IMG_54200.jpg,resize,train,sg-0661,train/IMG_54200.jpg,same_name_original,resized_duplicate,same filename; 404x303->640x480; LANCZOS RGB MAE=1.4313; 64x64 luminance correlation=0.999941,Supported,semi-mature apple,1,0,640,480,derived representation; excluded from independent image universe
IMG_54200_brightness.jpg,original,train,sg-0661,train/IMG_54200.jpg,component_path,augmentation_derivative,same suffix-normalized family=img_54200; 64x64 correlation=0.996543; identical polygons=True,Strongly Supported,semi-mature apple,1,0,404,303,relation through component path; direct relation to canonical not asserted
IMG_54200_brightness.jpg,resize,train,sg-0661,train/IMG_54200.jpg,same_name_original,resized_duplicate,same filename; 404x303->640x480; LANCZOS RGB MAE=1.4496; 64x64 luminance correlation=0.999934,Supported,semi-mature apple,1,0,640,480,derived representation; excluded from independent image universe
IMG_54200_noise.jpg,original,train,sg-0661,train/IMG_54200.jpg,component_path,augmentation_derivative,same suffix-normalized family=img_54200; 64x64 correlation=0.999668; identical polygons=True,Strongly Supported,semi-mature apple,1,0,404,303,relation through component path; direct relation to canonical not asserted
IMG_54200_noise.jpg,resize,train,sg-0661,train/IMG_54200.jpg,same_name_original,resized_duplicate,same filename; 404x303->640x480; LANCZOS RGB MAE=2.1113; 64x64 luminance correlation=0.999948,Supported,semi-mature apple,1,0,640,480,derived representation; excluded from independent image universe
IMG_54210.jpg,original,train,sg-0662,train/IMG_54210.jpg,self,canonical,deterministic representative selection,Confirmed,mature apple,1,0,404,303,"representative, not verified acquisition original"
IMG_54210.jpg,resize,train,sg-0662,train/IMG_54210.jpg,same_name_original,resized_duplicate,same filename; 404x303->640x480; LANCZOS RGB MAE=1.5272; 64x64 luminance correlation=0.9999,Supported,mature apple,1,0,640,480,derived representation; excluded from independent image universe
IMG_54220.jpg,original,train,sg-0663,train/IMG_54220.jpg,self,canonical,deterministic representative selection,Confirmed,mature apple,1,0,404,303,"representative, not verified acquisition original"
IMG_54220.jpg,resize,train,sg-0663,train/IMG_54220.jpg,same_name_original,resized_duplicate,same filename; 404x303->640x480; LANCZOS RGB MAE=1.5492; 64x64 luminance correlation=0.99993,Supported,mature apple,1,0,640,480,derived representation; excluded from independent image universe
IMG_54230.jpg,original,train,sg-0664,train/IMG_54230.jpg,self,canonical,deterministic representative selection,Confirmed,mature apple,1,0,404,303,"representative, not verified acquisition original"
IMG_54230.jpg,resize,train,sg-0664,train/IMG_54230.jpg,same_name_original,resized_duplicate,same filename; 404x303->640x480; LANCZOS RGB MAE=1.5507; 64x64 luminance correlation=0.999925,Supported,mature apple,1,0,640,480,derived representation; excluded from independent image universe
IMG_54240.jpg,original,train,sg-0665,train/IMG_54240.jpg,self,canonical,deterministic representative selection,Confirmed,mature apple,1,0,404,303,"representative, not verified acquisition original"
IMG_54240.jpg,resize,train,sg-0665,train/IMG_54240.jpg,same_name_original,resized_duplicate,same filename; 404x303->640x480; LANCZOS RGB MAE=1.568; 64x64 luminance correlation=0.999922,Supported,mature apple,1,0,640,480,derived representation; excluded from independent image universe
IMG_5425.jpg,original,train,sg-0666,train/IMG_5425.jpg,self,canonical,deterministic representative selection,Confirmed,mature apple,1,0,404,303,"representative, not verified acquisition original"
IMG_5425.jpg,resize,train,sg-0666,train/IMG_5425.jpg,same_name_original,resized_duplicate,same filename; 404x303->640x480; LANCZOS RGB MAE=1.0638; 64x64 luminance correlation=0.999973,Supported,mature apple,1,0,640,480,derived representation; excluded from independent image universe
IMG_54260.jpg,original,train,sg-0667,train/IMG_54260.jpg,self,canonical,deterministic representative selection,Confirmed,mature apple,1,0,404,303,"representative, not verified acquisition original"
IMG_54260.jpg,resize,train,sg-0667,train/IMG_54260.jpg,same_name_original,resized_duplicate,same filename; 404x303->640x480; LANCZOS RGB MAE=1.801; 64x64 luminance correlation=0.999862,Supported,mature apple,1,0,640,480,derived representation; excluded from independent image universe
IMG_54270.jpg,original,train,sg-0668,train/IMG_54270.jpg,self,canonical,deterministic representative selection,Confirmed,mature apple,2,0,404,303,"representative, not verified acquisition original"
IMG_54270.jpg,resize,train,sg-0668,train/IMG_54270.jpg,same_name_original,resized_duplicate,same filename; 404x303->640x480; LANCZOS RGB MAE=1.9674; 64x64 luminance correlation=0.999694,Supported,mature apple,2,0,640,480,derived representation; excluded from independent image universe
IMG_5431.jpg,original,train,sg-0669,train/IMG_5431.jpg,self,canonical,deterministic representative selection,Confirmed,mature apple,1,0,404,303,"representative, not verified acquisition original"
IMG_5431.jpg,resize,train,sg-0669,train/IMG_5431.jpg,same_name_original,resized_duplicate,same filename; 404x303->640x480; LANCZOS RGB MAE=1.4439; 64x64 luminance correlation=0.999919,Supported,mature apple,1,0,640,480,derived representation; excluded from independent image universe
IMG_54320.jpg,original,train,sg-0670,train/IMG_54320.jpg,self,canonical,deterministic representative selection,Confirmed,mature apple,1,0,404,303,"representative, not verified acquisition original"
IMG_54320.jpg,resize,train,sg-0670,train/IMG_54320.jpg,same_name_original,resized_duplicate,same filename; 404x303->640x480; LANCZOS RGB MAE=1.4995; 64x64 luminance correlation=0.999958,Supported,mature apple,1,0,640,480,derived representation; excluded from independent image universe
IMG_54330.jpg,original,train,sg-0671,train/IMG_54330.jpg,self,canonical,deterministic representative selection,Confirmed,mature apple,1,0,404,303,"representative, not verified acquisition original"
IMG_54330.jpg,resize,train,sg-0671,train/IMG_54330.jpg,same_name_original,resized_duplicate,same filename; 404x303->640x480; LANCZOS RGB MAE=1.8147; 64x64 luminance correlation=0.999909,Supported,mature apple,1,0,640,480,derived representation; excluded from independent image universe
IMG_54340.jpg,original,train,sg-0672,train/IMG_54340.jpg,self,canonical,deterministic representative selection,Confirmed,mature apple,1,0,404,303,"representative, not verified acquisition original"
IMG_54340.jpg,resize,train,sg-0672,train/IMG_54340.jpg,same_name_original,resized_duplicate,same filename; 404x303->640x480; LANCZOS RGB MAE=1.3938; 64x64 luminance correlation=0.999958,Supported,mature apple,1,0,640,480,derived representation; excluded from independent image universe
IMG_54360.jpg,original,train,sg-0673,train/IMG_54360.jpg,self,canonical,deterministic representative selection,Confirmed,semi-mature apple,1,0,404,303,"representative, not verified acquisition original"
IMG_54360.jpg,resize,train,sg-0673,train/IMG_54360.jpg,same_name_original,resized_duplicate,same filename; 404x303->640x480; LANCZOS RGB MAE=1.3984; 64x64 luminance correlation=0.999962,Supported,semi-mature apple,1,0,640,480,derived representation; excluded from independent image universe
IMG_54370_brightness.jpg,original,train,sg-0149,test/IMG_54370.jpg,component_path,augmentation_derivative,same suffix-normalized family=img_54370; 64x64 correlation=0.997406; identical polygons=True,Strongly Supported,semi-mature apple,1,0,404,303,relation through component path; direct relation to canonical not asserted
IMG_54370_brightness.jpg,resize,train,sg-0149,test/IMG_54370.jpg,same_name_original,resized_duplicate,same filename; 404x303->640x480; LANCZOS RGB MAE=1.264; 64x64 luminance correlation=0.999973,Supported,semi-mature apple,1,0,640,480,derived representation; excluded from independent image universe
IMG_54370_noise.jpg,original,train,sg-0149,test/IMG_54370.jpg,component_path,augmentation_derivative,same suffix-normalized family=img_54370; 64x64 correlation=0.997406; identical polygons=True,Strongly Supported,semi-mature apple,1,0,404,303,relation through component path; direct relation to canonical not asserted
IMG_54370_noise.jpg,resize,train,sg-0149,test/IMG_54370.jpg,same_name_original,resized_duplicate,same filename; 404x303->640x480; LANCZOS RGB MAE=2.0825; 64x64 luminance correlation=0.999973,Supported,semi-mature apple,1,0,640,480,derived representation; excluded from independent image universe
IMG_54380.jpg,original,train,sg-0674,train/IMG_54380.jpg,self,canonical,deterministic representative selection,Confirmed,mature apple,2,0,404,303,"representative, not verified acquisition original"
IMG_54380.jpg,resize,train,sg-0674,train/IMG_54380.jpg,same_name_original,resized_duplicate,same filename; 404x303->640x480; LANCZOS RGB MAE=1.8957; 64x64 luminance correlation=0.999719,Supported,mature apple,2,0,640,480,derived representation; excluded from independent image universe
IMG_5439.jpg,original,train,sg-0675,train/IMG_5439.jpg,self,canonical,deterministic representative selection,Confirmed,mature apple,1,0,404,303,"representative, not verified acquisition original"
IMG_5439.jpg,resize,train,sg-0675,train/IMG_5439.jpg,same_name_original,resized_duplicate,same filename; 404x303->640x480; LANCZOS RGB MAE=1.4392; 64x64 luminance correlation=0.999911,Supported,mature apple,1,0,640,480,derived representation; excluded from independent image universe
IMG_54400.jpg,original,train,sg-0676,train/IMG_54400.jpg,self,canonical,deterministic representative selection,Confirmed,mature apple|semi-mature apple,3,0,404,303,"representative, not verified acquisition original"
IMG_54400.jpg,resize,train,sg-0676,train/IMG_54400.jpg,same_name_original,resized_duplicate,same filename; 404x303->640x480; LANCZOS RGB MAE=1.5479; 64x64 luminance correlation=0.999846,Supported,mature apple|semi-mature apple,3,0,640,480,derived representation; excluded from independent image universe
IMG_5443.jpg,original,train,sg-0677,train/IMG_5443.jpg,self,canonical,deterministic representative selection,Confirmed,mature apple,2,0,404,303,"representative, not verified acquisition original"
IMG_5443.jpg,resize,train,sg-0677,train/IMG_5443.jpg,same_name_original,resized_duplicate,same filename; 404x303->640x480; LANCZOS RGB MAE=1.4755; 64x64 luminance correlation=0.999879,Supported,mature apple,2,0,640,480,derived representation; excluded from independent image universe
IMG_54450_brightness.jpg,original,train,sg-0152,test/IMG_54450.jpg,component_path,augmentation_derivative,same suffix-normalized family=img_54450; 64x64 correlation=0.997981; identical polygons=True,Strongly Supported,semi-mature apple,1,0,404,303,relation through component path; direct relation to canonical not asserted
IMG_54450_brightness.jpg,resize,train,sg-0152,test/IMG_54450.jpg,same_name_original,resized_duplicate,same filename; 404x303->640x480; LANCZOS RGB MAE=1.7251; 64x64 luminance correlation=0.999908,Supported,semi-mature apple,1,0,640,480,derived representation; excluded from independent image universe
IMG_54450_noise.jpg,original,train,sg-0152,test/IMG_54450.jpg,component_path,augmentation_derivative,same suffix-normalized family=img_54450; 64x64 correlation=0.997981; identical polygons=True,Strongly Supported,semi-mature apple,1,0,404,303,relation through component path; direct relation to canonical not asserted
IMG_54450_noise.jpg,resize,train,sg-0152,test/IMG_54450.jpg,same_name_original,resized_duplicate,same filename; 404x303->640x480; LANCZOS RGB MAE=2.2031; 64x64 luminance correlation=0.999932,Supported,semi-mature apple,1,0,640,480,derived representation; excluded from independent image universe
IMG_54460.jpg,original,train,sg-0678,train/IMG_54460.jpg,self,canonical,deterministic representative selection,Confirmed,mature apple,2,0,404,303,"representative, not verified acquisition original"
IMG_54460.jpg,resize,train,sg-0678,train/IMG_54460.jpg,same_name_original,resized_duplicate,same filename; 404x303->640x480; LANCZOS RGB MAE=1.7275; 64x64 luminance correlation=0.999918,Supported,mature apple,2,0,640,480,derived representation; excluded from independent image universe
IMG_54480.jpg,original,train,sg-0679,train/IMG_54480.jpg,self,canonical,deterministic representative selection,Confirmed,mature apple,1,0,404,303,"representative, not verified acquisition original"
IMG_54480.jpg,resize,train,sg-0679,train/IMG_54480.jpg,same_name_original,resized_duplicate,same filename; 404x303->640x480; LANCZOS RGB MAE=1.4549; 64x64 luminance correlation=0.999927,Supported,mature apple,1,0,640,480,derived representation; excluded from independent image universe
IMG_5449.jpg,original,train,sg-0680,train/IMG_5449.jpg,self,canonical,deterministic representative selection,Confirmed,immature apple,2,0,404,303,"representative, not verified acquisition original"
IMG_5449.jpg,resize,train,sg-0680,train/IMG_5449.jpg,same_name_original,resized_duplicate,same filename; 404x303->640x480; LANCZOS RGB MAE=1.5583; 64x64 luminance correlation=0.999934,Supported,immature apple,2,0,640,480,derived representation; excluded from independent image universe
IMG_5451.jpg,original,train,sg-0681,train/IMG_5451.jpg,self,canonical,deterministic representative selection,Confirmed,immature apple,2,0,404,303,"representative, not verified acquisition original"
IMG_5451.jpg,resize,train,sg-0681,train/IMG_5451.jpg,same_name_original,resized_duplicate,same filename; 404x303->640x480; LANCZOS RGB MAE=1.4236; 64x64 luminance correlation=0.999946,Supported,immature apple,2,0,640,480,derived representation; excluded from independent image universe
IMG_5452.jpg,original,train,sg-0682,train/IMG_5452.jpg,self,canonical,deterministic representative selection,Confirmed,immature apple,3,0,404,303,"representative, not verified acquisition original"
IMG_5452.jpg,resize,train,sg-0682,train/IMG_5452.jpg,same_name_original,resized_duplicate,same filename; 404x303->640x480; LANCZOS RGB MAE=1.8915; 64x64 luminance correlation=0.999628,Supported,immature apple,3,0,640,480,derived representation; excluded from independent image universe
IMG_54530.jpg,original,train,sg-0683,train/IMG_54530.jpg,self,canonical,deterministic representative selection,Confirmed,mature apple,1,0,404,303,"representative, not verified acquisition original"
IMG_54530.jpg,resize,train,sg-0683,train/IMG_54530.jpg,same_name_original,resized_duplicate,same filename; 404x303->640x480; LANCZOS RGB MAE=1.5076; 64x64 luminance correlation=0.999918,Supported,mature apple,1,0,640,480,derived representation; excluded from independent image universe
IMG_54570.jpg,original,train,sg-0684,train/IMG_54570.jpg,self,canonical,deterministic representative selection,Confirmed,mature apple,2,0,404,303,"representative, not verified acquisition original"
IMG_54570.jpg,resize,train,sg-0684,train/IMG_54570.jpg,same_name_original,resized_duplicate,same filename; 404x303->640x480; LANCZOS RGB MAE=1.4698; 64x64 luminance correlation=0.999925,Supported,mature apple,2,0,640,480,derived representation; excluded from independent image universe
IMG_54580.jpg,original,train,sg-0685,train/IMG_54580.jpg,self,canonical,deterministic representative selection,Confirmed,mature apple|semi-mature apple,2,0,404,303,"representative, not verified acquisition original"
IMG_54580.jpg,resize,train,sg-0685,train/IMG_54580.jpg,same_name_original,resized_duplicate,same filename; 404x303->640x480; LANCZOS RGB MAE=1.3982; 64x64 luminance correlation=0.999948,Supported,mature apple|semi-mature apple,2,0,640,480,derived representation; excluded from independent image universe
IMG_54590.jpg,original,train,sg-0686,train/IMG_54590.jpg,self,canonical,deterministic representative selection,Confirmed,semi-mature apple,2,0,404,303,"representative, not verified acquisition original"
IMG_54590.jpg,resize,train,sg-0686,train/IMG_54590.jpg,same_name_original,resized_duplicate,same filename; 404x303->640x480; LANCZOS RGB MAE=1.8463; 64x64 luminance correlation=0.99987,Supported,semi-mature apple,2,0,640,480,derived representation; excluded from independent image universe
IMG_54600.jpg,original,train,sg-0687,train/IMG_54600.jpg,self,canonical,deterministic representative selection,Confirmed,mature apple,1,0,404,303,"representative, not verified acquisition original"
IMG_54600.jpg,resize,train,sg-0687,train/IMG_54600.jpg,same_name_original,resized_duplicate,same filename; 404x303->640x480; LANCZOS RGB MAE=1.432; 64x64 luminance correlation=0.999949,Supported,mature apple,1,0,640,480,derived representation; excluded from independent image universe
IMG_54610.jpg,original,train,sg-0688,train/IMG_54610.jpg,self,canonical,deterministic representative selection,Confirmed,immature apple|semi-mature apple,4,0,404,303,"representative, not verified acquisition original"
IMG_54610.jpg,resize,train,sg-0688,train/IMG_54610.jpg,same_name_original,resized_duplicate,same filename; 404x303->640x480; LANCZOS RGB MAE=1.4712; 64x64 luminance correlation=0.999949,Supported,immature apple|semi-mature apple,4,0,640,480,derived representation; excluded from independent image universe
IMG_54620.jpg,original,train,sg-0689,train/IMG_54620.jpg,self,canonical,deterministic representative selection,Confirmed,semi-mature apple,1,0,404,303,"representative, not verified acquisition original"
IMG_54620.jpg,resize,train,sg-0689,train/IMG_54620.jpg,same_name_original,resized_duplicate,same filename; 404x303->640x480; LANCZOS RGB MAE=1.6685; 64x64 luminance correlation=0.999932,Supported,semi-mature apple,1,0,640,480,derived representation; excluded from independent image universe
IMG_54630.jpg,original,train,sg-0690,train/IMG_54630.jpg,self,canonical,deterministic representative selection,Confirmed,immature apple,1,0,404,303,"representative, not verified acquisition original"
IMG_54630.jpg,resize,train,sg-0690,train/IMG_54630.jpg,same_name_original,resized_duplicate,same filename; 404x303->640x480; LANCZOS RGB MAE=1.353; 64x64 luminance correlation=0.999956,Supported,immature apple,1,0,640,480,derived representation; excluded from independent image universe
IMG_5464.jpg,original,train,sg-0691,train/IMG_5464.jpg,self,canonical,deterministic representative selection,Confirmed,immature apple,1,0,404,303,"representative, not verified acquisition original"
IMG_5464.jpg,resize,train,sg-0691,train/IMG_5464.jpg,same_name_original,resized_duplicate,same filename; 404x303->640x480; LANCZOS RGB MAE=1.2953; 64x64 luminance correlation=0.999957,Supported,immature apple,1,0,640,480,derived representation; excluded from independent image universe
IMG_54650.jpg,original,train,sg-0692,train/IMG_54650.jpg,self,canonical,deterministic representative selection,Confirmed,immature apple,1,0,404,303,"representative, not verified acquisition original"
IMG_54650.jpg,resize,train,sg-0692,train/IMG_54650.jpg,same_name_original,resized_duplicate,same filename; 404x303->640x480; LANCZOS RGB MAE=1.2772; 64x64 luminance correlation=0.999967,Supported,immature apple,1,0,640,480,derived representation; excluded from independent image universe
IMG_5471.jpg,original,train,sg-0693,train/IMG_5471.jpg,self,canonical,deterministic representative selection,Confirmed,mature apple,1,0,404,303,"representative, not verified acquisition original"
IMG_5471.jpg,resize,train,sg-0693,train/IMG_5471.jpg,same_name_original,resized_duplicate,same filename; 404x303->640x480; LANCZOS RGB MAE=1.2949; 64x64 luminance correlation=0.999966,Supported,mature apple,1,0,640,480,derived representation; excluded from independent image universe
IMG_5473.jpg,original,train,sg-0694,train/IMG_5473.jpg,self,canonical,deterministic representative selection,Confirmed,immature apple,1,0,404,303,"representative, not verified acquisition original"
IMG_5473.jpg,resize,train,sg-0694,train/IMG_5473.jpg,same_name_original,resized_duplicate,same filename; 404x303->640x480; LANCZOS RGB MAE=1.7063; 64x64 luminance correlation=0.999897,Supported,immature apple,1,0,640,480,derived representation; excluded from independent image universe
IMG_54740.jpg,original,train,sg-0695,train/IMG_54740.jpg,self,canonical,deterministic representative selection,Confirmed,immature apple,1,0,404,303,"representative, not verified acquisition original"
IMG_54740.jpg,resize,train,sg-0695,train/IMG_54740.jpg,same_name_original,resized_duplicate,same filename; 404x303->640x480; LANCZOS RGB MAE=1.49; 64x64 luminance correlation=0.999959,Supported,immature apple,1,0,640,480,derived representation; excluded from independent image universe
IMG_5475.jpg,original,train,sg-0696,train/IMG_5475.jpg,self,canonical,deterministic representative selection,Confirmed,immature apple,2,0,404,303,"representative, not verified acquisition original"
IMG_5475.jpg,resize,train,sg-0696,train/IMG_5475.jpg,same_name_original,resized_duplicate,same filename; 404x303->640x480; LANCZOS RGB MAE=1.4023; 64x64 luminance correlation=0.999947,Supported,immature apple,2,0,640,480,derived representation; excluded from independent image universe
IMG_54760.jpg,original,train,sg-0697,train/IMG_54760.jpg,self,canonical,deterministic representative selection,Confirmed,immature apple,3,0,404,303,"representative, not verified acquisition original"
IMG_54760.jpg,resize,train,sg-0697,train/IMG_54760.jpg,same_name_original,resized_duplicate,same filename; 404x303->640x480; LANCZOS RGB MAE=1.4139; 64x64 luminance correlation=0.999956,Supported,immature apple,3,0,640,480,derived representation; excluded from independent image universe
IMG_54770.jpg,original,train,sg-0698,train/IMG_54770.jpg,self,canonical,deterministic representative selection,Confirmed,immature apple,1,0,404,303,"representative, not verified acquisition original"
IMG_54770.jpg,resize,train,sg-0698,train/IMG_54770.jpg,same_name_original,resized_duplicate,same filename; 404x303->640x480; LANCZOS RGB MAE=1.151; 64x64 luminance correlation=0.99997,Supported,immature apple,1,0,640,480,derived representation; excluded from independent image universe
IMG_54780.jpg,original,train,sg-0699,train/IMG_54780.jpg,self,canonical,deterministic representative selection,Confirmed,immature apple,2,0,404,303,"representative, not verified acquisition original"
IMG_54780.jpg,resize,train,sg-0699,train/IMG_54780.jpg,same_name_original,resized_duplicate,same filename; 404x303->640x480; LANCZOS RGB MAE=1.4548; 64x64 luminance correlation=0.999906,Supported,immature apple,2,0,640,480,derived representation; excluded from independent image universe
IMG_54790.jpg,original,train,sg-0700,train/IMG_54790.jpg,self,canonical,deterministic representative selection,Confirmed,immature apple,5,0,404,303,"representative, not verified acquisition original"
IMG_54790.jpg,resize,train,sg-0700,train/IMG_54790.jpg,same_name_original,resized_duplicate,same filename; 404x303->640x480; LANCZOS RGB MAE=1.4056; 64x64 luminance correlation=0.999859,Supported,immature apple,5,0,640,480,derived representation; excluded from independent image universe
IMG_54810.jpg,original,train,sg-0701,train/IMG_54810.jpg,self,canonical,deterministic representative selection,Confirmed,immature apple,2,0,404,303,"representative, not verified acquisition original"
IMG_54810.jpg,resize,train,sg-0701,train/IMG_54810.jpg,same_name_original,resized_duplicate,same filename; 404x303->640x480; LANCZOS RGB MAE=1.388; 64x64 luminance correlation=0.999888,Supported,immature apple,2,0,640,480,derived representation; excluded from independent image universe
IMG_5482.jpg,original,train,sg-0702,train/IMG_5482.jpg,self,canonical,deterministic representative selection,Confirmed,immature apple,1,0,404,303,"representative, not verified acquisition original"
IMG_5482.jpg,resize,train,sg-0702,train/IMG_5482.jpg,same_name_original,resized_duplicate,same filename; 404x303->640x480; LANCZOS RGB MAE=1.3065; 64x64 luminance correlation=0.999944,Supported,immature apple,1,0,640,480,derived representation; excluded from independent image universe
IMG_5483.jpg,original,train,sg-0703,train/IMG_5483.jpg,self,canonical,deterministic representative selection,Confirmed,immature apple,1,0,404,303,"representative, not verified acquisition original"
IMG_5483.jpg,resize,train,sg-0703,train/IMG_5483.jpg,same_name_original,resized_duplicate,same filename; 404x303->640x480; LANCZOS RGB MAE=1.301; 64x64 luminance correlation=0.999955,Supported,immature apple,1,0,640,480,derived representation; excluded from independent image universe
IMG_54840.jpg,original,train,sg-0704,train/IMG_54840.jpg,self,canonical,deterministic representative selection,Confirmed,immature apple,1,0,404,303,"representative, not verified acquisition original"
IMG_54840.jpg,resize,train,sg-0704,train/IMG_54840.jpg,same_name_original,resized_duplicate,same filename; 404x303->640x480; LANCZOS RGB MAE=1.3707; 64x64 luminance correlation=0.999941,Supported,immature apple,1,0,640,480,derived representation; excluded from independent image universe
IMG_5485.jpg,original,train,sg-0705,train/IMG_5485.jpg,self,canonical,deterministic representative selection,Confirmed,immature apple,3,0,404,303,"representative, not verified acquisition original"
IMG_5485.jpg,resize,train,sg-0705,train/IMG_5485.jpg,same_name_original,resized_duplicate,same filename; 404x303->640x480; LANCZOS RGB MAE=1.2706; 64x64 luminance correlation=0.999953,Supported,immature apple,3,0,640,480,derived representation; excluded from independent image universe
IMG_54860.jpg,original,train,sg-0706,train/IMG_54860.jpg,self,canonical,deterministic representative selection,Confirmed,immature apple,2,0,404,303,"representative, not verified acquisition original"
IMG_54860.jpg,resize,train,sg-0706,train/IMG_54860.jpg,same_name_original,resized_duplicate,same filename; 404x303->640x480; LANCZOS RGB MAE=1.7653; 64x64 luminance correlation=0.999874,Supported,immature apple,2,0,640,480,derived representation; excluded from independent image universe
IMG_54870.jpg,original,train,sg-0707,train/IMG_54870.jpg,self,canonical,deterministic representative selection,Confirmed,semi-mature apple,1,0,404,303,"representative, not verified acquisition original"
IMG_54870.jpg,resize,train,sg-0707,train/IMG_54870.jpg,same_name_original,resized_duplicate,same filename; 404x303->640x480; LANCZOS RGB MAE=1.321; 64x64 luminance correlation=0.99996,Supported,semi-mature apple,1,0,640,480,derived representation; excluded from independent image universe
IMG_54870_brightness.jpg,original,train,sg-0707,train/IMG_54870.jpg,component_path,augmentation_derivative,same suffix-normalized family=img_54870; 64x64 correlation=0.997992; identical polygons=True,Strongly Supported,semi-mature apple,1,0,404,303,relation through component path; direct relation to canonical not asserted
IMG_54870_brightness.jpg,resize,train,sg-0707,train/IMG_54870.jpg,same_name_original,resized_duplicate,same filename; 404x303->640x480; LANCZOS RGB MAE=1.3294; 64x64 luminance correlation=0.999959,Supported,semi-mature apple,1,0,640,480,derived representation; excluded from independent image universe
IMG_54880.jpg,original,train,sg-0708,train/IMG_54880.jpg,self,canonical,deterministic representative selection,Confirmed,immature apple|semi-mature apple,2,0,404,303,"representative, not verified acquisition original"
IMG_54880.jpg,resize,train,sg-0708,train/IMG_54880.jpg,same_name_original,resized_duplicate,same filename; 404x303->640x480; LANCZOS RGB MAE=1.3011; 64x64 luminance correlation=0.999871,Supported,immature apple|semi-mature apple,2,0,640,480,derived representation; excluded from independent image universe
IMG_54890.jpg,original,train,sg-0709,train/IMG_54890.jpg,self,canonical,deterministic representative selection,Confirmed,immature apple|semi-mature apple,2,0,404,303,"representative, not verified acquisition original"
IMG_54890.jpg,resize,train,sg-0709,train/IMG_54890.jpg,same_name_original,resized_duplicate,same filename; 404x303->640x480; LANCZOS RGB MAE=1.3455; 64x64 luminance correlation=0.999909,Supported,immature apple|semi-mature apple,2,0,640,480,derived representation; excluded from independent image universe
IMG_54900.jpg,original,train,sg-0710,train/IMG_54900.jpg,self,canonical,deterministic representative selection,Confirmed,semi-mature apple,1,0,404,303,"representative, not verified acquisition original"
IMG_54900.jpg,resize,train,sg-0710,train/IMG_54900.jpg,same_name_original,resized_duplicate,same filename; 404x303->640x480; LANCZOS RGB MAE=1.3181; 64x64 luminance correlation=0.999958,Supported,semi-mature apple,1,0,640,480,derived representation; excluded from independent image universe
IMG_54930.jpg,original,train,sg-0711,train/IMG_54930.jpg,self,canonical,deterministic representative selection,Confirmed,immature apple,2,0,404,303,"representative, not verified acquisition original"
IMG_54930.jpg,resize,train,sg-0711,train/IMG_54930.jpg,same_name_original,resized_duplicate,same filename; 404x303->640x480; LANCZOS RGB MAE=1.3639; 64x64 luminance correlation=0.999966,Supported,immature apple,2,0,640,480,derived representation; excluded from independent image universe
IMG_54950.jpg,original,train,sg-0712,train/IMG_54950.jpg,self,canonical,deterministic representative selection,Confirmed,immature apple,2,0,404,303,"representative, not verified acquisition original"
IMG_54950.jpg,resize,train,sg-0712,train/IMG_54950.jpg,same_name_original,resized_duplicate,same filename; 404x303->640x480; LANCZOS RGB MAE=1.3901; 64x64 luminance correlation=0.999965,Supported,immature apple,2,0,640,480,derived representation; excluded from independent image universe
IMG_54980.jpg,original,train,sg-0713,train/IMG_54980.jpg,self,canonical,deterministic representative selection,Confirmed,immature apple,3,0,404,303,"representative, not verified acquisition original"
IMG_54980.jpg,resize,train,sg-0713,train/IMG_54980.jpg,same_name_original,resized_duplicate,same filename; 404x303->640x480; LANCZOS RGB MAE=1.7816; 64x64 luminance correlation=0.999919,Supported,immature apple,3,0,640,480,derived representation; excluded from independent image universe
IMG_54990.jpg,original,train,sg-0714,train/IMG_54990.jpg,self,canonical,deterministic representative selection,Confirmed,immature apple,3,0,404,303,"representative, not verified acquisition original"
IMG_54990.jpg,resize,train,sg-0714,train/IMG_54990.jpg,same_name_original,resized_duplicate,same filename; 404x303->640x480; LANCZOS RGB MAE=1.8239; 64x64 luminance correlation=0.999903,Supported,immature apple,3,0,640,480,derived representation; excluded from independent image universe
IMG_55000.jpg,original,train,sg-0715,train/IMG_55000.jpg,self,canonical,deterministic representative selection,Confirmed,immature apple,3,0,404,303,"representative, not verified acquisition original"
IMG_55000.jpg,resize,train,sg-0715,train/IMG_55000.jpg,same_name_original,resized_duplicate,same filename; 404x303->640x480; LANCZOS RGB MAE=1.4674; 64x64 luminance correlation=0.999949,Supported,immature apple,3,0,640,480,derived representation; excluded from independent image universe
IMG_55010.jpg,original,train,sg-0716,train/IMG_55010.jpg,self,canonical,deterministic representative selection,Confirmed,semi-mature apple,1,0,404,303,"representative, not verified acquisition original"
IMG_55010.jpg,resize,train,sg-0716,train/IMG_55010.jpg,same_name_original,resized_duplicate,same filename; 404x303->640x480; LANCZOS RGB MAE=1.5171; 64x64 luminance correlation=0.999956,Supported,semi-mature apple,1,0,640,480,derived representation; excluded from independent image universe
IMG_55020.jpg,original,train,sg-0717,train/IMG_55020.jpg,self,canonical,deterministic representative selection,Confirmed,immature apple,1,0,404,303,"representative, not verified acquisition original"
IMG_55020.jpg,resize,train,sg-0717,train/IMG_55020.jpg,same_name_original,resized_duplicate,same filename; 404x303->640x480; LANCZOS RGB MAE=1.2316; 64x64 luminance correlation=0.999954,Supported,immature apple,1,0,640,480,derived representation; excluded from independent image universe
IMG_55030.jpg,original,train,sg-0718,train/IMG_55030.jpg,self,canonical,deterministic representative selection,Confirmed,immature apple,1,0,404,303,"representative, not verified acquisition original"
IMG_55030.jpg,resize,train,sg-0718,train/IMG_55030.jpg,same_name_original,resized_duplicate,same filename; 404x303->640x480; LANCZOS RGB MAE=1.2541; 64x64 luminance correlation=0.999955,Supported,immature apple,1,0,640,480,derived representation; excluded from independent image universe
IMG_5504.jpg,original,train,sg-0719,train/IMG_5504.jpg,self,canonical,deterministic representative selection,Confirmed,immature apple,1,0,404,303,"representative, not verified acquisition original"
IMG_5504.jpg,resize,train,sg-0719,train/IMG_5504.jpg,same_name_original,resized_duplicate,same filename; 404x303->640x480; LANCZOS RGB MAE=1.5319; 64x64 luminance correlation=0.999902,Supported,immature apple,1,0,640,480,derived representation; excluded from independent image universe
IMG_55050.jpg,original,train,sg-0720,train/IMG_55050.jpg,self,canonical,deterministic representative selection,Confirmed,immature apple,2,0,404,303,"representative, not verified acquisition original"
IMG_55050.jpg,resize,train,sg-0720,train/IMG_55050.jpg,same_name_original,resized_duplicate,same filename; 404x303->640x480; LANCZOS RGB MAE=1.4376; 64x64 luminance correlation=0.999955,Supported,immature apple,2,0,640,480,derived representation; excluded from independent image universe
IMG_55070.jpg,original,train,sg-0721,train/IMG_55070.jpg,self,canonical,deterministic representative selection,Confirmed,immature apple,1,0,404,303,"representative, not verified acquisition original"
IMG_55070.jpg,resize,train,sg-0721,train/IMG_55070.jpg,same_name_original,resized_duplicate,same filename; 404x303->640x480; LANCZOS RGB MAE=1.5002; 64x64 luminance correlation=0.999936,Supported,immature apple,1,0,640,480,derived representation; excluded from independent image universe
IMG_55080.jpg,original,train,sg-0722,train/IMG_55080.jpg,self,canonical,deterministic representative selection,Confirmed,immature apple,1,0,404,303,"representative, not verified acquisition original"
IMG_55080.jpg,resize,train,sg-0722,train/IMG_55080.jpg,same_name_original,resized_duplicate,same filename; 404x303->640x480; LANCZOS RGB MAE=1.6466; 64x64 luminance correlation=0.999852,Supported,immature apple,1,0,640,480,derived representation; excluded from independent image universe
IMG_55090.jpg,original,train,sg-0723,train/IMG_55090.jpg,self,canonical,deterministic representative selection,Confirmed,immature apple,1,0,404,303,"representative, not verified acquisition original"
IMG_55090.jpg,resize,train,sg-0723,train/IMG_55090.jpg,same_name_original,resized_duplicate,same filename; 404x303->640x480; LANCZOS RGB MAE=1.2687; 64x64 luminance correlation=0.99996,Supported,immature apple,1,0,640,480,derived representation; excluded from independent image universe
IMG_55100.jpg,original,train,sg-0724,train/IMG_55100.jpg,self,canonical,deterministic representative selection,Confirmed,immature apple,1,0,404,303,"representative, not verified acquisition original"
IMG_55100.jpg,resize,train,sg-0724,train/IMG_55100.jpg,same_name_original,resized_duplicate,same filename; 404x303->640x480; LANCZOS RGB MAE=1.3842; 64x64 luminance correlation=0.999943,Supported,immature apple,1,0,640,480,derived representation; excluded from independent image universe
IMG_55110.jpg,original,train,sg-0725,train/IMG_55110.jpg,self,canonical,deterministic representative selection,Confirmed,immature apple,2,0,404,303,"representative, not verified acquisition original"
IMG_55110.jpg,resize,train,sg-0725,train/IMG_55110.jpg,same_name_original,resized_duplicate,same filename; 404x303->640x480; LANCZOS RGB MAE=1.47; 64x64 luminance correlation=0.999923,Supported,immature apple,2,0,640,480,derived representation; excluded from independent image universe
IMG_55130.jpg,original,train,sg-0726,train/IMG_55130.jpg,self,canonical,deterministic representative selection,Confirmed,immature apple,2,0,404,303,"representative, not verified acquisition original"
IMG_55130.jpg,resize,train,sg-0726,train/IMG_55130.jpg,same_name_original,resized_duplicate,same filename; 404x303->640x480; LANCZOS RGB MAE=1.3203; 64x64 luminance correlation=0.999964,Supported,immature apple,2,0,640,480,derived representation; excluded from independent image universe
IMG_55150.jpg,original,train,sg-0727,train/IMG_55150.jpg,self,canonical,deterministic representative selection,Confirmed,immature apple,1,0,404,303,"representative, not verified acquisition original"
IMG_55150.jpg,resize,train,sg-0727,train/IMG_55150.jpg,same_name_original,resized_duplicate,same filename; 404x303->640x480; LANCZOS RGB MAE=1.1037; 64x64 luminance correlation=0.999979,Supported,immature apple,1,0,640,480,derived representation; excluded from independent image universe
IMG_5516.jpg,original,train,sg-0728,train/IMG_5516.jpg,self,canonical,deterministic representative selection,Confirmed,immature apple,1,0,404,303,"representative, not verified acquisition original"
IMG_5516.jpg,resize,train,sg-0728,train/IMG_5516.jpg,same_name_original,resized_duplicate,same filename; 404x303->640x480; LANCZOS RGB MAE=1.4558; 64x64 luminance correlation=0.999891,Supported,immature apple,1,0,640,480,derived representation; excluded from independent image universe
IMG_55170.jpg,original,train,sg-0729,train/IMG_55170.jpg,self,canonical,deterministic representative selection,Confirmed,immature apple,2,0,404,303,"representative, not verified acquisition original"
IMG_55170.jpg,resize,train,sg-0729,train/IMG_55170.jpg,same_name_original,resized_duplicate,same filename; 404x303->640x480; LANCZOS RGB MAE=1.0954; 64x64 luminance correlation=0.999972,Supported,immature apple,2,0,640,480,derived representation; excluded from independent image universe
IMG_55180.jpg,original,train,sg-0730,train/IMG_55180.jpg,self,canonical,deterministic representative selection,Confirmed,immature apple,1,0,404,303,"representative, not verified acquisition original"
IMG_55180.jpg,resize,train,sg-0730,train/IMG_55180.jpg,same_name_original,resized_duplicate,same filename; 404x303->640x480; LANCZOS RGB MAE=1.2572; 64x64 luminance correlation=0.999965,Supported,immature apple,1,0,640,480,derived representation; excluded from independent image universe
IMG_55190.jpg,original,train,sg-0731,train/IMG_55190.jpg,self,canonical,deterministic representative selection,Confirmed,immature apple,2,0,404,303,"representative, not verified acquisition original"
IMG_55190.jpg,resize,train,sg-0731,train/IMG_55190.jpg,same_name_original,resized_duplicate,same filename; 404x303->640x480; LANCZOS RGB MAE=1.8501; 64x64 luminance correlation=0.999674,Supported,immature apple,2,0,640,480,derived representation; excluded from independent image universe
IMG_55200.jpg,original,train,sg-0732,train/IMG_55200.jpg,self,canonical,deterministic representative selection,Confirmed,immature apple|semi-mature apple,2,0,404,303,"representative, not verified acquisition original"
IMG_55200.jpg,resize,train,sg-0732,train/IMG_55200.jpg,same_name_original,resized_duplicate,same filename; 404x303->640x480; LANCZOS RGB MAE=1.703; 64x64 luminance correlation=0.999778,Supported,immature apple|semi-mature apple,2,0,640,480,derived representation; excluded from independent image universe
IMG_55220.jpg,original,train,sg-0733,train/IMG_55220.jpg,self,canonical,deterministic representative selection,Confirmed,semi-mature apple,1,0,404,303,"representative, not verified acquisition original"
IMG_55220.jpg,resize,train,sg-0733,train/IMG_55220.jpg,same_name_original,resized_duplicate,same filename; 404x303->640x480; LANCZOS RGB MAE=1.2586; 64x64 luminance correlation=0.999968,Supported,semi-mature apple,1,0,640,480,derived representation; excluded from independent image universe
IMG_55240.jpg,original,train,sg-0734,train/IMG_55240.jpg,self,canonical,deterministic representative selection,Confirmed,semi-mature apple,1,0,404,303,"representative, not verified acquisition original"
IMG_55240.jpg,resize,train,sg-0734,train/IMG_55240.jpg,same_name_original,resized_duplicate,same filename; 404x303->640x480; LANCZOS RGB MAE=1.3267; 64x64 luminance correlation=0.999943,Supported,semi-mature apple,1,0,640,480,derived representation; excluded from independent image universe
IMG_55250.jpg,original,train,sg-0735,train/IMG_55250.jpg,self,canonical,deterministic representative selection,Confirmed,semi-mature apple,1,0,404,303,"representative, not verified acquisition original"
IMG_55250.jpg,resize,train,sg-0735,train/IMG_55250.jpg,same_name_original,resized_duplicate,same filename; 404x303->640x480; LANCZOS RGB MAE=1.486; 64x64 luminance correlation=0.999933,Supported,semi-mature apple,1,0,640,480,derived representation; excluded from independent image universe
IMG_55280.jpg,original,train,sg-0736,train/IMG_55280.jpg,self,canonical,deterministic representative selection,Confirmed,immature apple,1,0,404,303,"representative, not verified acquisition original"
IMG_55280.jpg,resize,train,sg-0736,train/IMG_55280.jpg,same_name_original,resized_duplicate,same filename; 404x303->640x480; LANCZOS RGB MAE=1.4951; 64x64 luminance correlation=0.999943,Supported,immature apple,1,0,640,480,derived representation; excluded from independent image universe
IMG_55290.jpg,original,train,sg-0737,train/IMG_55290.jpg,self,canonical,deterministic representative selection,Confirmed,semi-mature apple,1,0,404,303,"representative, not verified acquisition original"
IMG_55290.jpg,resize,train,sg-0737,train/IMG_55290.jpg,same_name_original,resized_duplicate,same filename; 404x303->640x480; LANCZOS RGB MAE=1.5545; 64x64 luminance correlation=0.999952,Supported,semi-mature apple,1,0,640,480,derived representation; excluded from independent image universe
IMG_55290_noise.jpg,original,train,sg-0737,train/IMG_55290.jpg,component_path,augmentation_derivative,same suffix-normalized family=img_55290; 64x64 correlation=0.999688; identical polygons=True,Strongly Supported,semi-mature apple,1,0,404,303,relation through component path; direct relation to canonical not asserted
IMG_55290_noise.jpg,resize,train,sg-0737,train/IMG_55290.jpg,same_name_original,resized_duplicate,same filename; 404x303->640x480; LANCZOS RGB MAE=2.1629; 64x64 luminance correlation=0.999954,Supported,semi-mature apple,1,0,640,480,derived representation; excluded from independent image universe
IMG_55300.jpg,original,train,sg-0738,train/IMG_55300.jpg,self,canonical,deterministic representative selection,Confirmed,immature apple,2,0,404,303,"representative, not verified acquisition original"
IMG_55300.jpg,resize,train,sg-0738,train/IMG_55300.jpg,same_name_original,resized_duplicate,same filename; 404x303->640x480; LANCZOS RGB MAE=1.7762; 64x64 luminance correlation=0.999954,Supported,immature apple,2,0,640,480,derived representation; excluded from independent image universe
IMG_55310.jpg,original,train,sg-0739,train/IMG_55310.jpg,self,canonical,deterministic representative selection,Confirmed,immature apple,2,0,404,303,"representative, not verified acquisition original"
IMG_55310.jpg,resize,train,sg-0739,train/IMG_55310.jpg,same_name_original,resized_duplicate,same filename; 404x303->640x480; LANCZOS RGB MAE=1.4099; 64x64 luminance correlation=0.999953,Supported,immature apple,2,0,640,480,derived representation; excluded from independent image universe
IMG_55350.jpg,original,train,sg-0740,train/IMG_55350.jpg,self,canonical,deterministic representative selection,Confirmed,immature apple,3,0,404,303,"representative, not verified acquisition original"
IMG_55350.jpg,resize,train,sg-0740,train/IMG_55350.jpg,same_name_original,resized_duplicate,same filename; 404x303->640x480; LANCZOS RGB MAE=2.1684; 64x64 luminance correlation=0.999733,Supported,immature apple,3,0,640,480,derived representation; excluded from independent image universe
IMG_55360.jpg,original,train,sg-0741,train/IMG_55360.jpg,self,canonical,deterministic representative selection,Confirmed,immature apple,4,0,404,303,"representative, not verified acquisition original"
IMG_55360.jpg,resize,train,sg-0741,train/IMG_55360.jpg,same_name_original,resized_duplicate,same filename; 404x303->640x480; LANCZOS RGB MAE=2.0693; 64x64 luminance correlation=0.999876,Supported,immature apple,4,0,640,480,derived representation; excluded from independent image universe
IMG_55370.jpg,original,train,sg-0742,train/IMG_55370.jpg,self,canonical,deterministic representative selection,Confirmed,immature apple,3,0,404,303,"representative, not verified acquisition original"
IMG_55370.jpg,resize,train,sg-0742,train/IMG_55370.jpg,same_name_original,resized_duplicate,same filename; 404x303->640x480; LANCZOS RGB MAE=1.5333; 64x64 luminance correlation=0.999946,Supported,immature apple,3,0,640,480,derived representation; excluded from independent image universe
IMG_55380.jpg,original,train,sg-0743,train/IMG_55380.jpg,self,canonical,deterministic representative selection,Confirmed,immature apple,4,0,404,303,"representative, not verified acquisition original"
IMG_55380.jpg,resize,train,sg-0743,train/IMG_55380.jpg,same_name_original,resized_duplicate,same filename; 404x303->640x480; LANCZOS RGB MAE=2.0417; 64x64 luminance correlation=0.999819,Supported,immature apple,4,0,640,480,derived representation; excluded from independent image universe
IMG_55390.jpg,original,train,sg-0744,train/IMG_55390.jpg,self,canonical,deterministic representative selection,Confirmed,immature apple,4,0,404,303,"representative, not verified acquisition original"
IMG_55390.jpg,resize,train,sg-0744,train/IMG_55390.jpg,same_name_original,resized_duplicate,same filename; 404x303->640x480; LANCZOS RGB MAE=2.0571; 64x64 luminance correlation=0.999778,Supported,immature apple,4,0,640,480,derived representation; excluded from independent image universe
IMG_55400.jpg,original,train,sg-0745,train/IMG_55400.jpg,self,canonical,deterministic representative selection,Confirmed,immature apple,2,0,404,303,"representative, not verified acquisition original"
IMG_55400.jpg,resize,train,sg-0745,train/IMG_55400.jpg,same_name_original,resized_duplicate,same filename; 404x303->640x480; LANCZOS RGB MAE=2.0347; 64x64 luminance correlation=0.999896,Supported,immature apple,2,0,640,480,derived representation; excluded from independent image universe
IMG_5541.jpg,original,train,sg-0746,train/IMG_5541.jpg,self,canonical,deterministic representative selection,Confirmed,immature apple,3,0,404,303,"representative, not verified acquisition original"
IMG_5541.jpg,resize,train,sg-0746,train/IMG_5541.jpg,same_name_original,resized_duplicate,same filename; 404x303->640x480; LANCZOS RGB MAE=2.5076; 64x64 luminance correlation=0.999625,Supported,immature apple,3,0,640,480,derived representation; excluded from independent image universe
IMG_5542.jpg,original,train,sg-0747,train/IMG_5542.jpg,self,canonical,deterministic representative selection,Confirmed,immature apple,3,0,404,303,"representative, not verified acquisition original"
IMG_5542.jpg,resize,train,sg-0747,train/IMG_5542.jpg,same_name_original,resized_duplicate,same filename; 404x303->640x480; LANCZOS RGB MAE=1.7342; 64x64 luminance correlation=0.999591,Supported,immature apple,3,0,640,480,derived representation; excluded from independent image universe
IMG_5543.jpg,original,train,sg-0748,train/IMG_5543.jpg,self,canonical,deterministic representative selection,Confirmed,immature apple,5,0,404,303,"representative, not verified acquisition original"
IMG_5543.jpg,resize,train,sg-0748,train/IMG_5543.jpg,same_name_original,resized_duplicate,same filename; 404x303->640x480; LANCZOS RGB MAE=1.8641; 64x64 luminance correlation=0.999585,Supported,immature apple,5,0,640,480,derived representation; excluded from independent image universe
IMG_5544.jpg,original,train,sg-0749,train/IMG_5544.jpg,self,canonical,deterministic representative selection,Confirmed,immature apple,5,0,404,303,"representative, not verified acquisition original"
IMG_5544.jpg,resize,train,sg-0749,train/IMG_5544.jpg,same_name_original,resized_duplicate,same filename; 404x303->640x480; LANCZOS RGB MAE=1.7459; 64x64 luminance correlation=0.999733,Supported,immature apple,5,0,640,480,derived representation; excluded from independent image universe
IMG_55450.jpg,original,train,sg-0750,train/IMG_55450.jpg,self,canonical,deterministic representative selection,Confirmed,immature apple,4,0,404,303,"representative, not verified acquisition original"
IMG_55450.jpg,resize,train,sg-0750,train/IMG_55450.jpg,same_name_original,resized_duplicate,same filename; 404x303->640x480; LANCZOS RGB MAE=1.8029; 64x64 luminance correlation=0.999678,Supported,immature apple,4,0,640,480,derived representation; excluded from independent image universe
IMG_55470.jpg,original,train,sg-0751,train/IMG_55470.jpg,self,canonical,deterministic representative selection,Confirmed,immature apple,4,0,404,303,"representative, not verified acquisition original"
IMG_55470.jpg,resize,train,sg-0751,train/IMG_55470.jpg,same_name_original,resized_duplicate,same filename; 404x303->640x480; LANCZOS RGB MAE=1.7704; 64x64 luminance correlation=0.99978,Supported,immature apple,4,0,640,480,derived representation; excluded from independent image universe
IMG_55480.jpg,original,train,sg-0752,train/IMG_55480.jpg,self,canonical,deterministic representative selection,Confirmed,immature apple,3,0,404,303,"representative, not verified acquisition original"
IMG_55480.jpg,resize,train,sg-0752,train/IMG_55480.jpg,same_name_original,resized_duplicate,same filename; 404x303->640x480; LANCZOS RGB MAE=1.3897; 64x64 luminance correlation=0.999957,Supported,immature apple,3,0,640,480,derived representation; excluded from independent image universe
IMG_55490.jpg,original,train,sg-0753,train/IMG_55490.jpg,self,canonical,deterministic representative selection,Confirmed,immature apple,5,0,404,303,"representative, not verified acquisition original"
IMG_55490.jpg,resize,train,sg-0753,train/IMG_55490.jpg,same_name_original,resized_duplicate,same filename; 404x303->640x480; LANCZOS RGB MAE=1.8415; 64x64 luminance correlation=0.999822,Supported,immature apple,5,0,640,480,derived representation; excluded from independent image universe
IMG_55510.jpg,original,train,sg-0754,train/IMG_55510.jpg,self,canonical,deterministic representative selection,Confirmed,immature apple,2,0,404,303,"representative, not verified acquisition original"
IMG_55510.jpg,resize,train,sg-0754,train/IMG_55510.jpg,same_name_original,resized_duplicate,same filename; 404x303->640x480; LANCZOS RGB MAE=1.4497; 64x64 luminance correlation=0.999963,Supported,immature apple,2,0,640,480,derived representation; excluded from independent image universe
IMG_55520.jpg,original,train,sg-0755,train/IMG_55520.jpg,self,canonical,deterministic representative selection,Confirmed,immature apple,2,0,404,303,"representative, not verified acquisition original"
IMG_55520.jpg,resize,train,sg-0755,train/IMG_55520.jpg,same_name_original,resized_duplicate,same filename; 404x303->640x480; LANCZOS RGB MAE=1.269; 64x64 luminance correlation=0.999928,Supported,immature apple,2,0,640,480,derived representation; excluded from independent image universe
IMG_55530.jpg,original,train,sg-0756,train/IMG_55530.jpg,self,canonical,deterministic representative selection,Confirmed,immature apple,3,0,404,303,"representative, not verified acquisition original"
IMG_55530.jpg,resize,train,sg-0756,train/IMG_55530.jpg,same_name_original,resized_duplicate,same filename; 404x303->640x480; LANCZOS RGB MAE=1.6274; 64x64 luminance correlation=0.999936,Supported,immature apple,3,0,640,480,derived representation; excluded from independent image universe
IMG_55560.jpg,original,train,sg-0757,train/IMG_55560.jpg,self,canonical,deterministic representative selection,Confirmed,immature apple,2,0,404,303,"representative, not verified acquisition original"
IMG_55560.jpg,resize,train,sg-0757,train/IMG_55560.jpg,same_name_original,resized_duplicate,same filename; 404x303->640x480; LANCZOS RGB MAE=1.574; 64x64 luminance correlation=0.999886,Supported,immature apple,2,0,640,480,derived representation; excluded from independent image universe
IMG_55570.jpg,original,train,sg-0758,train/IMG_55570.jpg,self,canonical,deterministic representative selection,Confirmed,immature apple,2,0,404,303,"representative, not verified acquisition original"
IMG_55570.jpg,resize,train,sg-0758,train/IMG_55570.jpg,same_name_original,resized_duplicate,same filename; 404x303->640x480; LANCZOS RGB MAE=1.6438; 64x64 luminance correlation=0.999827,Supported,immature apple,2,0,640,480,derived representation; excluded from independent image universe
IMG_55580.jpg,original,train,sg-0759,train/IMG_55580.jpg,self,canonical,deterministic representative selection,Confirmed,immature apple,2,0,404,303,"representative, not verified acquisition original"
IMG_55580.jpg,resize,train,sg-0759,train/IMG_55580.jpg,same_name_original,resized_duplicate,same filename; 404x303->640x480; LANCZOS RGB MAE=1.863; 64x64 luminance correlation=0.999748,Supported,immature apple,2,0,640,480,derived representation; excluded from independent image universe
IMG_55590.jpg,original,train,sg-0760,train/IMG_55590.jpg,self,canonical,deterministic representative selection,Confirmed,immature apple,2,0,404,303,"representative, not verified acquisition original"
IMG_55590.jpg,resize,train,sg-0760,train/IMG_55590.jpg,same_name_original,resized_duplicate,same filename; 404x303->640x480; LANCZOS RGB MAE=1.7259; 64x64 luminance correlation=0.999694,Supported,immature apple,2,0,640,480,derived representation; excluded from independent image universe
IMG_55610.jpg,original,train,sg-0761,train/IMG_55610.jpg,self,canonical,deterministic representative selection,Confirmed,immature apple,3,0,404,303,"representative, not verified acquisition original"
IMG_55610.jpg,resize,train,sg-0761,train/IMG_55610.jpg,same_name_original,resized_duplicate,same filename; 404x303->640x480; LANCZOS RGB MAE=1.2805; 64x64 luminance correlation=0.999969,Supported,immature apple,3,0,640,480,derived representation; excluded from independent image universe
IMG_55620.jpg,original,train,sg-0762,train/IMG_55620.jpg,self,canonical,deterministic representative selection,Confirmed,immature apple,2,0,404,303,"representative, not verified acquisition original"
IMG_55620.jpg,resize,train,sg-0762,train/IMG_55620.jpg,same_name_original,resized_duplicate,same filename; 404x303->640x480; LANCZOS RGB MAE=1.6315; 64x64 luminance correlation=0.999948,Supported,immature apple,2,0,640,480,derived representation; excluded from independent image universe
IMG_5564.jpg,original,train,sg-0763,train/IMG_5564.jpg,self,canonical,deterministic representative selection,Confirmed,immature apple,2,0,404,303,"representative, not verified acquisition original"
IMG_5564.jpg,resize,train,sg-0763,train/IMG_5564.jpg,same_name_original,resized_duplicate,same filename; 404x303->640x480; LANCZOS RGB MAE=1.8913; 64x64 luminance correlation=0.999657,Supported,immature apple,2,0,640,480,derived representation; excluded from independent image universe
IMG_55650.jpg,original,train,sg-0764,train/IMG_55650.jpg,self,canonical,deterministic representative selection,Confirmed,immature apple,2,0,404,303,"representative, not verified acquisition original"
IMG_55650.jpg,resize,train,sg-0764,train/IMG_55650.jpg,same_name_original,resized_duplicate,same filename; 404x303->640x480; LANCZOS RGB MAE=1.8596; 64x64 luminance correlation=0.999787,Supported,immature apple,2,0,640,480,derived representation; excluded from independent image universe
IMG_55660.jpg,original,train,sg-0765,train/IMG_55660.jpg,self,canonical,deterministic representative selection,Confirmed,immature apple,6,0,404,303,"representative, not verified acquisition original"
IMG_55660.jpg,resize,train,sg-0765,train/IMG_55660.jpg,same_name_original,resized_duplicate,same filename; 404x303->640x480; LANCZOS RGB MAE=1.4603; 64x64 luminance correlation=0.999856,Supported,immature apple,6,0,640,480,derived representation; excluded from independent image universe
IMG_55670.jpg,original,train,sg-0766,train/IMG_55670.jpg,self,canonical,deterministic representative selection,Confirmed,immature apple,2,0,404,303,"representative, not verified acquisition original"
IMG_55670.jpg,resize,train,sg-0766,train/IMG_55670.jpg,same_name_original,resized_duplicate,same filename; 404x303->640x480; LANCZOS RGB MAE=1.6417; 64x64 luminance correlation=0.999872,Supported,immature apple,2,0,640,480,derived representation; excluded from independent image universe
IMG_55680.jpg,original,train,sg-0767,train/IMG_55680.jpg,self,canonical,deterministic representative selection,Confirmed,immature apple,4,0,404,303,"representative, not verified acquisition original"
IMG_55680.jpg,resize,train,sg-0767,train/IMG_55680.jpg,same_name_original,resized_duplicate,same filename; 404x303->640x480; LANCZOS RGB MAE=1.6037; 64x64 luminance correlation=0.999894,Supported,immature apple,4,0,640,480,derived representation; excluded from independent image universe
IMG_55690.jpg,original,train,sg-0768,train/IMG_55690.jpg,self,canonical,deterministic representative selection,Confirmed,immature apple,2,0,404,303,"representative, not verified acquisition original"
IMG_55690.jpg,resize,train,sg-0768,train/IMG_55690.jpg,same_name_original,resized_duplicate,same filename; 404x303->640x480; LANCZOS RGB MAE=1.6787; 64x64 luminance correlation=0.999924,Supported,immature apple,2,0,640,480,derived representation; excluded from independent image universe
IMG_55700.jpg,original,train,sg-0769,train/IMG_55700.jpg,self,canonical,deterministic representative selection,Confirmed,immature apple,3,0,404,303,"representative, not verified acquisition original"
IMG_55700.jpg,resize,train,sg-0769,train/IMG_55700.jpg,same_name_original,resized_duplicate,same filename; 404x303->640x480; LANCZOS RGB MAE=1.4688; 64x64 luminance correlation=0.999936,Supported,immature apple,3,0,640,480,derived representation; excluded from independent image universe
IMG_55710.jpg,original,train,sg-0770,train/IMG_55710.jpg,self,canonical,deterministic representative selection,Confirmed,immature apple,3,0,404,303,"representative, not verified acquisition original"
IMG_55710.jpg,resize,train,sg-0770,train/IMG_55710.jpg,same_name_original,resized_duplicate,same filename; 404x303->640x480; LANCZOS RGB MAE=1.5241; 64x64 luminance correlation=0.999851,Supported,immature apple,3,0,640,480,derived representation; excluded from independent image universe
IMG_55720.jpg,original,train,sg-0771,train/IMG_55720.jpg,self,canonical,deterministic representative selection,Confirmed,immature apple,3,0,404,303,"representative, not verified acquisition original"
IMG_55720.jpg,resize,train,sg-0771,train/IMG_55720.jpg,same_name_original,resized_duplicate,same filename; 404x303->640x480; LANCZOS RGB MAE=1.5136; 64x64 luminance correlation=0.999842,Supported,immature apple,3,0,640,480,derived representation; excluded from independent image universe
IMG_55740.jpg,original,train,sg-0772,train/IMG_55740.jpg,self,canonical,deterministic representative selection,Confirmed,immature apple,3,0,404,303,"representative, not verified acquisition original"
IMG_55740.jpg,resize,train,sg-0772,train/IMG_55740.jpg,same_name_original,resized_duplicate,same filename; 404x303->640x480; LANCZOS RGB MAE=1.6953; 64x64 luminance correlation=0.999917,Supported,immature apple,3,0,640,480,derived representation; excluded from independent image universe
IMG_55750.jpg,original,train,sg-0773,train/IMG_55750.jpg,self,canonical,deterministic representative selection,Confirmed,immature apple,2,0,404,303,"representative, not verified acquisition original"
IMG_55750.jpg,resize,train,sg-0773,train/IMG_55750.jpg,same_name_original,resized_duplicate,same filename; 404x303->640x480; LANCZOS RGB MAE=1.8146; 64x64 luminance correlation=0.999636,Supported,immature apple,2,0,640,480,derived representation; excluded from independent image universe
IMG_55760.jpg,original,train,sg-0774,train/IMG_55760.jpg,self,canonical,deterministic representative selection,Confirmed,semi-mature apple,1,0,404,303,"representative, not verified acquisition original"
IMG_55760.jpg,resize,train,sg-0774,train/IMG_55760.jpg,same_name_original,resized_duplicate,same filename; 404x303->640x480; LANCZOS RGB MAE=1.5025; 64x64 luminance correlation=0.999945,Supported,semi-mature apple,1,0,640,480,derived representation; excluded from independent image universe
IMG_55770.jpg,original,train,sg-0775,train/IMG_55770.jpg,self,canonical,deterministic representative selection,Confirmed,immature apple,1,0,404,303,"representative, not verified acquisition original"
IMG_55770.jpg,resize,train,sg-0775,train/IMG_55770.jpg,same_name_original,resized_duplicate,same filename; 404x303->640x480; LANCZOS RGB MAE=1.9123; 64x64 luminance correlation=0.999613,Supported,immature apple,1,0,640,480,derived representation; excluded from independent image universe
IMG_55780.jpg,original,train,sg-0776,train/IMG_55780.jpg,self,canonical,deterministic representative selection,Confirmed,immature apple,1,0,404,303,"representative, not verified acquisition original"
IMG_55780.jpg,resize,train,sg-0776,train/IMG_55780.jpg,same_name_original,resized_duplicate,same filename; 404x303->640x480; LANCZOS RGB MAE=1.8227; 64x64 luminance correlation=0.999776,Supported,immature apple,1,0,640,480,derived representation; excluded from independent image universe
IMG_55790.jpg,original,train,sg-0777,train/IMG_55790.jpg,self,canonical,deterministic representative selection,Confirmed,immature apple,1,0,404,303,"representative, not verified acquisition original"
IMG_55790.jpg,resize,train,sg-0777,train/IMG_55790.jpg,same_name_original,resized_duplicate,same filename; 404x303->640x480; LANCZOS RGB MAE=1.8029; 64x64 luminance correlation=0.99981,Supported,immature apple,1,0,640,480,derived representation; excluded from independent image universe
IMG_55810.jpg,original,train,sg-0778,train/IMG_55810.jpg,self,canonical,deterministic representative selection,Confirmed,immature apple,2,0,404,303,"representative, not verified acquisition original"
IMG_55810.jpg,resize,train,sg-0778,train/IMG_55810.jpg,same_name_original,resized_duplicate,same filename; 404x303->640x480; LANCZOS RGB MAE=1.9536; 64x64 luminance correlation=0.999784,Supported,immature apple,2,0,640,480,derived representation; excluded from independent image universe
IMG_55820.jpg,original,train,sg-0779,train/IMG_55820.jpg,self,canonical,deterministic representative selection,Confirmed,immature apple,3,0,404,303,"representative, not verified acquisition original"
IMG_55820.jpg,resize,train,sg-0779,train/IMG_55820.jpg,same_name_original,resized_duplicate,same filename; 404x303->640x480; LANCZOS RGB MAE=1.2912; 64x64 luminance correlation=0.999961,Supported,immature apple,3,0,640,480,derived representation; excluded from independent image universe
IMG_55830.jpg,original,train,sg-0780,train/IMG_55830.jpg,self,canonical,deterministic representative selection,Confirmed,mature apple,3,0,404,303,"representative, not verified acquisition original"
IMG_55830.jpg,resize,train,sg-0780,train/IMG_55830.jpg,same_name_original,resized_duplicate,same filename; 404x303->640x480; LANCZOS RGB MAE=2.143; 64x64 luminance correlation=0.999776,Supported,mature apple,3,0,640,480,derived representation; excluded from independent image universe
IMG_55840.jpg,original,train,sg-0781,train/IMG_55840.jpg,self,canonical,deterministic representative selection,Confirmed,mature apple,3,0,404,303,"representative, not verified acquisition original"
IMG_55840.jpg,resize,train,sg-0781,train/IMG_55840.jpg,same_name_original,resized_duplicate,same filename; 404x303->640x480; LANCZOS RGB MAE=2.0532; 64x64 luminance correlation=0.999805,Supported,mature apple,3,0,640,480,derived representation; excluded from independent image universe
IMG_55850.jpg,original,train,sg-0782,train/IMG_55850.jpg,self,canonical,deterministic representative selection,Confirmed,mature apple,3,0,404,303,"representative, not verified acquisition original"
IMG_55850.jpg,resize,train,sg-0782,train/IMG_55850.jpg,same_name_original,resized_duplicate,same filename; 404x303->640x480; LANCZOS RGB MAE=2.0731; 64x64 luminance correlation=0.99979,Supported,mature apple,3,0,640,480,derived representation; excluded from independent image universe
IMG_5586.jpg,original,train,sg-0783,train/IMG_5586.jpg,self,canonical,deterministic representative selection,Confirmed,mature apple|semi-mature apple,2,0,404,303,"representative, not verified acquisition original"
IMG_5586.jpg,resize,train,sg-0783,train/IMG_5586.jpg,same_name_original,resized_duplicate,same filename; 404x303->640x480; LANCZOS RGB MAE=1.8368; 64x64 luminance correlation=0.999913,Supported,mature apple|semi-mature apple,2,0,640,480,derived representation; excluded from independent image universe
IMG_55900.jpg,original,train,sg-0784,train/IMG_55900.jpg,self,canonical,deterministic representative selection,Confirmed,semi-mature apple,3,0,404,303,"representative, not verified acquisition original"
IMG_55900.jpg,resize,train,sg-0784,train/IMG_55900.jpg,same_name_original,resized_duplicate,same filename; 404x303->640x480; LANCZOS RGB MAE=1.8989; 64x64 luminance correlation=0.99989,Supported,semi-mature apple,3,0,640,480,derived representation; excluded from independent image universe
IMG_55900_brightness.jpg,original,train,sg-0784,train/IMG_55900.jpg,component_path,augmentation_derivative,same suffix-normalized family=img_55900; 64x64 correlation=0.997660; identical polygons=True,Strongly Supported,semi-mature apple,3,0,404,303,relation through component path; direct relation to canonical not asserted
IMG_55900_brightness.jpg,resize,train,sg-0784,train/IMG_55900.jpg,same_name_original,resized_duplicate,same filename; 404x303->640x480; LANCZOS RGB MAE=1.8772; 64x64 luminance correlation=0.999863,Supported,semi-mature apple,3,0,640,480,derived representation; excluded from independent image universe
IMG_55900_noise.jpg,original,train,sg-0784,train/IMG_55900.jpg,component_path,augmentation_derivative,same suffix-normalized family=img_55900; 64x64 correlation=0.999739; identical polygons=True,Strongly Supported,semi-mature apple,3,0,404,303,relation through component path; direct relation to canonical not asserted
IMG_55900_noise.jpg,resize,train,sg-0784,train/IMG_55900.jpg,same_name_original,resized_duplicate,same filename; 404x303->640x480; LANCZOS RGB MAE=2.2799; 64x64 luminance correlation=0.999906,Supported,semi-mature apple,3,0,640,480,derived representation; excluded from independent image universe
IMG_55910_brightness.jpg,original,train,sg-0163,test/IMG_55910.jpg,component_path,augmentation_derivative,same suffix-normalized family=img_55910; 64x64 correlation=0.997656; identical polygons=True,Strongly Supported,semi-mature apple,4,0,404,303,relation through component path; direct relation to canonical not asserted
IMG_55910_brightness.jpg,resize,train,sg-0163,test/IMG_55910.jpg,same_name_original,resized_duplicate,same filename; 404x303->640x480; LANCZOS RGB MAE=2.1355; 64x64 luminance correlation=0.999761,Supported,semi-mature apple,4,0,640,480,derived representation; excluded from independent image universe
IMG_55910_noise.jpg,original,train,sg-0163,test/IMG_55910.jpg,component_path,augmentation_derivative,same suffix-normalized family=img_55910; 64x64 correlation=0.997656; identical polygons=True,Strongly Supported,semi-mature apple,4,0,404,303,relation through component path; direct relation to canonical not asserted
IMG_55910_noise.jpg,resize,train,sg-0163,test/IMG_55910.jpg,same_name_original,resized_duplicate,same filename; 404x303->640x480; LANCZOS RGB MAE=2.4118; 64x64 luminance correlation=0.999846,Supported,semi-mature apple,4,0,640,480,derived representation; excluded from independent image universe
IMG_55920.jpg,original,train,sg-0785,train/IMG_55920.jpg,self,canonical,deterministic representative selection,Confirmed,semi-mature apple,3,0,404,303,"representative, not verified acquisition original"
IMG_55920.jpg,resize,train,sg-0785,train/IMG_55920.jpg,same_name_original,resized_duplicate,same filename; 404x303->640x480; LANCZOS RGB MAE=1.8531; 64x64 luminance correlation=0.999845,Supported,semi-mature apple,3,0,640,480,derived representation; excluded from independent image universe
IMG_55920_brightness.jpg,original,train,sg-0785,train/IMG_55920.jpg,component_path,augmentation_derivative,same suffix-normalized family=img_55920; 64x64 correlation=0.997329; identical polygons=True,Strongly Supported,semi-mature apple,3,0,404,303,relation through component path; direct relation to canonical not asserted
IMG_55920_brightness.jpg,resize,train,sg-0785,train/IMG_55920.jpg,same_name_original,resized_duplicate,same filename; 404x303->640x480; LANCZOS RGB MAE=1.8387; 64x64 luminance correlation=0.999796,Supported,semi-mature apple,3,0,640,480,derived representation; excluded from independent image universe
IMG_55920_noise.jpg,original,train,sg-0785,train/IMG_55920.jpg,component_path,augmentation_derivative,same suffix-normalized family=img_55920; 64x64 correlation=0.999681; identical polygons=True,Strongly Supported,semi-mature apple,3,0,404,303,relation through component path; direct relation to canonical not asserted
IMG_55920_noise.jpg,resize,train,sg-0785,train/IMG_55920.jpg,same_name_original,resized_duplicate,same filename; 404x303->640x480; LANCZOS RGB MAE=2.2558; 64x64 luminance correlation=0.999867,Supported,semi-mature apple,3,0,640,480,derived representation; excluded from independent image universe
IMG_55930.jpg,original,train,sg-0786,train/IMG_55930.jpg,self,canonical,deterministic representative selection,Confirmed,mature apple,2,0,404,303,"representative, not verified acquisition original"
IMG_55930.jpg,resize,train,sg-0786,train/IMG_55930.jpg,same_name_original,resized_duplicate,same filename; 404x303->640x480; LANCZOS RGB MAE=1.5077; 64x64 luminance correlation=0.999932,Supported,mature apple,2,0,640,480,derived representation; excluded from independent image universe
IMG_55930_brightness.jpg,original,train,sg-0786,train/IMG_55930.jpg,component_path,augmentation_derivative,same suffix-normalized family=img_55930; 64x64 correlation=0.997621; identical polygons=True,Strongly Supported,mature apple,2,0,404,303,relation through component path; direct relation to canonical not asserted
IMG_55930_brightness.jpg,resize,train,sg-0786,train/IMG_55930.jpg,same_name_original,resized_duplicate,same filename; 404x303->640x480; LANCZOS RGB MAE=1.5124; 64x64 luminance correlation=0.999931,Supported,mature apple,2,0,640,480,derived representation; excluded from independent image universe
IMG_55940.jpg,original,train,sg-0787,train/IMG_55940.jpg,self,canonical,deterministic representative selection,Confirmed,mature apple,3,0,404,303,"representative, not verified acquisition original"
IMG_55940.jpg,resize,train,sg-0787,train/IMG_55940.jpg,same_name_original,resized_duplicate,same filename; 404x303->640x480; LANCZOS RGB MAE=1.5789; 64x64 luminance correlation=0.999903,Supported,mature apple,3,0,640,480,derived representation; excluded from independent image universe
IMG_55950.jpg,original,train,sg-0788,train/IMG_55950.jpg,self,canonical,deterministic representative selection,Confirmed,mature apple,4,0,404,303,"representative, not verified acquisition original"
IMG_55950.jpg,resize,train,sg-0788,train/IMG_55950.jpg,same_name_original,resized_duplicate,same filename; 404x303->640x480; LANCZOS RGB MAE=1.608; 64x64 luminance correlation=0.999796,Supported,mature apple,4,0,640,480,derived representation; excluded from independent image universe
IMG_55960.jpg,original,train,sg-0789,train/IMG_55960.jpg,self,canonical,deterministic representative selection,Confirmed,mature apple,4,0,404,303,"representative, not verified acquisition original"
IMG_55960.jpg,resize,train,sg-0789,train/IMG_55960.jpg,same_name_original,resized_duplicate,same filename; 404x303->640x480; LANCZOS RGB MAE=1.6026; 64x64 luminance correlation=0.99989,Supported,mature apple,4,0,640,480,derived representation; excluded from independent image universe
IMG_55970.jpg,original,train,sg-0790,train/IMG_55970.jpg,self,canonical,deterministic representative selection,Confirmed,mature apple,4,0,404,303,"representative, not verified acquisition original"
IMG_55970.jpg,resize,train,sg-0790,train/IMG_55970.jpg,same_name_original,resized_duplicate,same filename; 404x303->640x480; LANCZOS RGB MAE=1.5986; 64x64 luminance correlation=0.999886,Supported,mature apple,4,0,640,480,derived representation; excluded from independent image universe
IMG_55970_brightness.jpg,original,train,sg-0790,train/IMG_55970.jpg,component_path,augmentation_derivative,same suffix-normalized family=img_55970; 64x64 correlation=0.998742; identical polygons=True,Strongly Supported,mature apple,4,0,404,303,relation through component path; direct relation to canonical not asserted
IMG_55970_brightness.jpg,resize,train,sg-0790,train/IMG_55970.jpg,same_name_original,resized_duplicate,same filename; 404x303->640x480; LANCZOS RGB MAE=1.5992; 64x64 luminance correlation=0.99983,Supported,mature apple,4,0,640,480,derived representation; excluded from independent image universe
IMG_55990.jpg,original,train,sg-0791,train/IMG_55990.jpg,self,canonical,deterministic representative selection,Confirmed,mature apple,3,0,404,303,"representative, not verified acquisition original"
IMG_55990.jpg,resize,train,sg-0791,train/IMG_55990.jpg,same_name_original,resized_duplicate,same filename; 404x303->640x480; LANCZOS RGB MAE=1.8541; 64x64 luminance correlation=0.999698,Supported,mature apple,3,0,640,480,derived representation; excluded from independent image universe
IMG_56000.jpg,original,train,sg-0792,train/IMG_56000.jpg,self,canonical,deterministic representative selection,Confirmed,mature apple|semi-mature apple,4,0,404,303,"representative, not verified acquisition original"
IMG_56000.jpg,resize,train,sg-0792,train/IMG_56000.jpg,same_name_original,resized_duplicate,same filename; 404x303->640x480; LANCZOS RGB MAE=1.2606; 64x64 luminance correlation=0.999903,Supported,mature apple|semi-mature apple,4,0,640,480,derived representation; excluded from independent image universe
IMG_56010.jpg,original,train,sg-0793,train/IMG_56010.jpg,self,canonical,deterministic representative selection,Confirmed,mature apple|semi-mature apple,3,0,404,303,"representative, not verified acquisition original"
IMG_56010.jpg,resize,train,sg-0793,train/IMG_56010.jpg,same_name_original,resized_duplicate,same filename; 404x303->640x480; LANCZOS RGB MAE=1.1751; 64x64 luminance correlation=0.999954,Supported,mature apple|semi-mature apple,3,0,640,480,derived representation; excluded from independent image universe
IMG_56020.jpg,original,train,sg-0794,train/IMG_56020.jpg,self,canonical,deterministic representative selection,Confirmed,mature apple|semi-mature apple,4,0,404,303,"representative, not verified acquisition original"
IMG_56020.jpg,resize,train,sg-0794,train/IMG_56020.jpg,same_name_original,resized_duplicate,same filename; 404x303->640x480; LANCZOS RGB MAE=1.2722; 64x64 luminance correlation=0.999947,Supported,mature apple|semi-mature apple,4,0,640,480,derived representation; excluded from independent image universe
IMG_56020_brightness.jpg,original,train,sg-0794,train/IMG_56020.jpg,component_path,augmentation_derivative,same suffix-normalized family=img_56020; 64x64 correlation=0.999033; identical polygons=True,Strongly Supported,mature apple|semi-mature apple,4,0,404,303,relation through component path; direct relation to canonical not asserted
IMG_56020_brightness.jpg,resize,train,sg-0794,train/IMG_56020.jpg,same_name_original,resized_duplicate,same filename; 404x303->640x480; LANCZOS RGB MAE=1.2702; 64x64 luminance correlation=0.999926,Supported,mature apple|semi-mature apple,4,0,640,480,derived representation; excluded from independent image universe
IMG_5603.jpg,original,train,sg-0795,train/IMG_5603.jpg,self,canonical,deterministic representative selection,Confirmed,mature apple,2,0,404,303,"representative, not verified acquisition original"
IMG_5603.jpg,resize,train,sg-0795,train/IMG_5603.jpg,same_name_original,resized_duplicate,same filename; 404x303->640x480; LANCZOS RGB MAE=1.268; 64x64 luminance correlation=0.999909,Supported,mature apple,2,0,640,480,derived representation; excluded from independent image universe
IMG_56040.jpg,original,train,sg-0796,train/IMG_56040.jpg,self,canonical,deterministic representative selection,Confirmed,mature apple,2,0,404,303,"representative, not verified acquisition original"
IMG_56040.jpg,resize,train,sg-0796,train/IMG_56040.jpg,same_name_original,resized_duplicate,same filename; 404x303->640x480; LANCZOS RGB MAE=1.2663; 64x64 luminance correlation=0.999923,Supported,mature apple,2,0,640,480,derived representation; excluded from independent image universe
IMG_5607.jpg,original,train,sg-0797,train/IMG_5607.jpg,self,canonical,deterministic representative selection,Confirmed,mature apple,2,0,404,303,"representative, not verified acquisition original"
IMG_5607.jpg,resize,train,sg-0797,train/IMG_5607.jpg,same_name_original,resized_duplicate,same filename; 404x303->640x480; LANCZOS RGB MAE=1.5292; 64x64 luminance correlation=0.999768,Supported,mature apple,2,0,640,480,derived representation; excluded from independent image universe
IMG_56080.jpg,original,train,sg-0798,train/IMG_56080.jpg,self,canonical,deterministic representative selection,Confirmed,mature apple,2,0,404,303,"representative, not verified acquisition original"
IMG_56080.jpg,resize,train,sg-0798,train/IMG_56080.jpg,same_name_original,resized_duplicate,same filename; 404x303->640x480; LANCZOS RGB MAE=1.5187; 64x64 luminance correlation=0.999758,Supported,mature apple,2,0,640,480,derived representation; excluded from independent image universe
IMG_56090.jpg,original,train,sg-0799,train/IMG_56090.jpg,self,canonical,deterministic representative selection,Confirmed,mature apple,2,0,404,303,"representative, not verified acquisition original"
IMG_56090.jpg,resize,train,sg-0799,train/IMG_56090.jpg,same_name_original,resized_duplicate,same filename; 404x303->640x480; LANCZOS RGB MAE=1.6845; 64x64 luminance correlation=0.999793,Supported,mature apple,2,0,640,480,derived representation; excluded from independent image universe
IMG_56120.jpg,original,train,sg-0800,train/IMG_56120.jpg,self,canonical,deterministic representative selection,Confirmed,mature apple,2,0,404,303,"representative, not verified acquisition original"
IMG_56120.jpg,resize,train,sg-0800,train/IMG_56120.jpg,same_name_original,resized_duplicate,same filename; 404x303->640x480; LANCZOS RGB MAE=1.8435; 64x64 luminance correlation=0.999593,Supported,mature apple,2,0,640,480,derived representation; excluded from independent image universe
IMG_5615.jpg,original,train,sg-0801,train/IMG_5615.jpg,self,canonical,deterministic representative selection,Confirmed,mature apple,2,0,404,303,"representative, not verified acquisition original"
IMG_5615.jpg,resize,train,sg-0801,train/IMG_5615.jpg,same_name_original,resized_duplicate,same filename; 404x303->640x480; LANCZOS RGB MAE=0.617; 64x64 luminance correlation=0.99998,Supported,mature apple,2,0,640,480,derived representation; excluded from independent image universe
IMG_56160.jpg,original,train,sg-0802,train/IMG_56160.jpg,self,canonical,deterministic representative selection,Confirmed,mature apple,2,0,404,303,"representative, not verified acquisition original"
IMG_56160.jpg,resize,train,sg-0802,train/IMG_56160.jpg,same_name_original,resized_duplicate,same filename; 404x303->640x480; LANCZOS RGB MAE=1.4361; 64x64 luminance correlation=0.99994,Supported,mature apple,2,0,640,480,derived representation; excluded from independent image universe
IMG_56170.jpg,original,train,sg-0803,train/IMG_56170.jpg,self,canonical,deterministic representative selection,Confirmed,mature apple,3,0,404,303,"representative, not verified acquisition original"
IMG_56170.jpg,resize,train,sg-0803,train/IMG_56170.jpg,same_name_original,resized_duplicate,same filename; 404x303->640x480; LANCZOS RGB MAE=1.4893; 64x64 luminance correlation=0.99983,Supported,mature apple,3,0,640,480,derived representation; excluded from independent image universe
IMG_56180.jpg,original,train,sg-0804,train/IMG_56180.jpg,self,canonical,deterministic representative selection,Confirmed,mature apple,3,0,404,303,"representative, not verified acquisition original"
IMG_56180.jpg,resize,train,sg-0804,train/IMG_56180.jpg,same_name_original,resized_duplicate,same filename; 404x303->640x480; LANCZOS RGB MAE=1.5891; 64x64 luminance correlation=0.99987,Supported,mature apple,3,0,640,480,derived representation; excluded from independent image universe
IMG_56190.jpg,original,train,sg-0805,train/IMG_56190.jpg,self,canonical,deterministic representative selection,Confirmed,mature apple|semi-mature apple,3,0,404,303,"representative, not verified acquisition original"
IMG_56190.jpg,resize,train,sg-0805,train/IMG_56190.jpg,same_name_original,resized_duplicate,same filename; 404x303->640x480; LANCZOS RGB MAE=1.4017; 64x64 luminance correlation=0.999935,Supported,mature apple|semi-mature apple,3,0,640,480,derived representation; excluded from independent image universe
IMG_56210.jpg,original,train,sg-0806,train/IMG_56210.jpg,self,canonical,deterministic representative selection,Confirmed,mature apple,4,0,404,303,"representative, not verified acquisition original"
IMG_56210.jpg,resize,train,sg-0806,train/IMG_56210.jpg,same_name_original,resized_duplicate,same filename; 404x303->640x480; LANCZOS RGB MAE=1.323; 64x64 luminance correlation=0.999959,Supported,mature apple,4,0,640,480,derived representation; excluded from independent image universe
IMG_56230.jpg,original,train,sg-0807,train/IMG_56230.jpg,self,canonical,deterministic representative selection,Confirmed,mature apple,2,0,404,303,"representative, not verified acquisition original"
IMG_56230.jpg,resize,train,sg-0807,train/IMG_56230.jpg,same_name_original,resized_duplicate,same filename; 404x303->640x480; LANCZOS RGB MAE=1.7018; 64x64 luminance correlation=0.999898,Supported,mature apple,2,0,640,480,derived representation; excluded from independent image universe
IMG_56240.jpg,original,train,sg-0808,train/IMG_56240.jpg,self,canonical,deterministic representative selection,Confirmed,mature apple,2,0,404,303,"representative, not verified acquisition original"
IMG_56240.jpg,resize,train,sg-0808,train/IMG_56240.jpg,same_name_original,resized_duplicate,same filename; 404x303->640x480; LANCZOS RGB MAE=1.6873; 64x64 luminance correlation=0.999903,Supported,mature apple,2,0,640,480,derived representation; excluded from independent image universe
IMG_5625.jpg,original,train,sg-0809,train/IMG_5625.jpg,self,canonical,deterministic representative selection,Confirmed,mature apple,2,0,404,303,"representative, not verified acquisition original"
IMG_5625.jpg,resize,train,sg-0809,train/IMG_5625.jpg,same_name_original,resized_duplicate,same filename; 404x303->640x480; LANCZOS RGB MAE=1.4358; 64x64 luminance correlation=0.999944,Supported,mature apple,2,0,640,480,derived representation; excluded from independent image universe
IMG_56260.jpg,original,train,sg-0810,train/IMG_56260.jpg,self,canonical,deterministic representative selection,Confirmed,mature apple,2,0,404,303,"representative, not verified acquisition original"
IMG_56260.jpg,resize,train,sg-0810,train/IMG_56260.jpg,same_name_original,resized_duplicate,same filename; 404x303->640x480; LANCZOS RGB MAE=1.0527; 64x64 luminance correlation=0.999976,Supported,mature apple,2,0,640,480,derived representation; excluded from independent image universe
IMG_5627.jpg,original,train,sg-0811,train/IMG_5627.jpg,self,canonical,deterministic representative selection,Confirmed,mature apple,2,0,404,303,"representative, not verified acquisition original"
IMG_5627.jpg,resize,train,sg-0811,train/IMG_5627.jpg,same_name_original,resized_duplicate,same filename; 404x303->640x480; LANCZOS RGB MAE=1.4511; 64x64 luminance correlation=0.999938,Supported,mature apple,2,0,640,480,derived representation; excluded from independent image universe
IMG_56280.jpg,original,train,sg-0812,train/IMG_56280.jpg,self,canonical,deterministic representative selection,Confirmed,immature apple,8,0,404,303,"representative, not verified acquisition original"
IMG_56280.jpg,resize,train,sg-0812,train/IMG_56280.jpg,same_name_original,resized_duplicate,same filename; 404x303->640x480; LANCZOS RGB MAE=1.8308; 64x64 luminance correlation=0.999786,Supported,immature apple,8,0,640,480,derived representation; excluded from independent image universe
IMG_56290.jpg,original,train,sg-0813,train/IMG_56290.jpg,self,canonical,deterministic representative selection,Confirmed,immature apple,6,0,404,303,"representative, not verified acquisition original"
IMG_56290.jpg,resize,train,sg-0813,train/IMG_56290.jpg,same_name_original,resized_duplicate,same filename; 404x303->640x480; LANCZOS RGB MAE=1.7585; 64x64 luminance correlation=0.999814,Supported,immature apple,6,0,640,480,derived representation; excluded from independent image universe
IMG_56320.jpg,original,train,sg-0814,train/IMG_56320.jpg,self,canonical,deterministic representative selection,Confirmed,immature apple,3,0,404,303,"representative, not verified acquisition original"
IMG_56320.jpg,resize,train,sg-0814,train/IMG_56320.jpg,same_name_original,resized_duplicate,same filename; 404x303->640x480; LANCZOS RGB MAE=1.513; 64x64 luminance correlation=0.999913,Supported,immature apple,3,0,640,480,derived representation; excluded from independent image universe
IMG_5633.jpg,original,train,sg-0815,train/IMG_5633.jpg,self,canonical,deterministic representative selection,Confirmed,mature apple,3,0,404,303,"representative, not verified acquisition original"
IMG_5633.jpg,resize,train,sg-0815,train/IMG_5633.jpg,same_name_original,resized_duplicate,same filename; 404x303->640x480; LANCZOS RGB MAE=1.4552; 64x64 luminance correlation=0.999881,Supported,mature apple,3,0,640,480,derived representation; excluded from independent image universe
IMG_56340.jpg,original,train,sg-0816,train/IMG_56340.jpg,self,canonical,deterministic representative selection,Confirmed,mature apple,2,0,404,303,"representative, not verified acquisition original"
IMG_56340.jpg,resize,train,sg-0816,train/IMG_56340.jpg,same_name_original,resized_duplicate,same filename; 404x303->640x480; LANCZOS RGB MAE=1.448; 64x64 luminance correlation=0.999926,Supported,mature apple,2,0,640,480,derived representation; excluded from independent image universe
IMG_56350.jpg,original,train,sg-0817,train/IMG_56350.jpg,self,canonical,deterministic representative selection,Confirmed,mature apple,3,0,404,303,"representative, not verified acquisition original"
IMG_56350.jpg,resize,train,sg-0817,train/IMG_56350.jpg,same_name_original,resized_duplicate,same filename; 404x303->640x480; LANCZOS RGB MAE=1.6299; 64x64 luminance correlation=0.999924,Supported,mature apple,3,0,640,480,derived representation; excluded from independent image universe
IMG_56360.jpg,original,train,sg-0818,train/IMG_56360.jpg,self,canonical,deterministic representative selection,Confirmed,mature apple,2,0,404,303,"representative, not verified acquisition original"
IMG_56360.jpg,resize,train,sg-0818,train/IMG_56360.jpg,same_name_original,resized_duplicate,same filename; 404x303->640x480; LANCZOS RGB MAE=1.6493; 64x64 luminance correlation=0.999918,Supported,mature apple,2,0,640,480,derived representation; excluded from independent image universe
IMG_56360_brightness.jpg,original,train,sg-0818,train/IMG_56360.jpg,component_path,augmentation_derivative,same suffix-normalized family=img_56360; 64x64 correlation=0.997690; identical polygons=True,Strongly Supported,mature apple,2,0,404,303,relation through component path; direct relation to canonical not asserted
IMG_56360_brightness.jpg,resize,train,sg-0818,train/IMG_56360.jpg,same_name_original,resized_duplicate,same filename; 404x303->640x480; LANCZOS RGB MAE=1.6686; 64x64 luminance correlation=0.99991,Supported,mature apple,2,0,640,480,derived representation; excluded from independent image universe
IMG_56370.jpg,original,train,sg-0819,train/IMG_56370.jpg,self,canonical,deterministic representative selection,Confirmed,mature apple,3,0,404,303,"representative, not verified acquisition original"
IMG_56370.jpg,resize,train,sg-0819,train/IMG_56370.jpg,same_name_original,resized_duplicate,same filename; 404x303->640x480; LANCZOS RGB MAE=1.5449; 64x64 luminance correlation=0.999895,Supported,mature apple,3,0,640,480,derived representation; excluded from independent image universe
IMG_56380.jpg,original,train,sg-0820,train/IMG_56380.jpg,self,canonical,deterministic representative selection,Confirmed,mature apple,2,0,404,303,"representative, not verified acquisition original"
IMG_56380.jpg,resize,train,sg-0820,train/IMG_56380.jpg,same_name_original,resized_duplicate,same filename; 404x303->640x480; LANCZOS RGB MAE=1.4217; 64x64 luminance correlation=0.999912,Supported,mature apple,2,0,640,480,derived representation; excluded from independent image universe
IMG_56390.jpg,original,train,sg-0821,train/IMG_56390.jpg,self,canonical,deterministic representative selection,Confirmed,mature apple|semi-mature apple,5,0,404,303,"representative, not verified acquisition original"
IMG_56390.jpg,resize,train,sg-0821,train/IMG_56390.jpg,same_name_original,resized_duplicate,same filename; 404x303->640x480; LANCZOS RGB MAE=1.3457; 64x64 luminance correlation=0.999884,Supported,mature apple|semi-mature apple,5,0,640,480,derived representation; excluded from independent image universe
IMG_56410.jpg,original,train,sg-0822,train/IMG_56410.jpg,self,canonical,deterministic representative selection,Confirmed,mature apple|semi-mature apple,3,0,404,303,"representative, not verified acquisition original"
IMG_56410.jpg,resize,train,sg-0822,train/IMG_56410.jpg,same_name_original,resized_duplicate,same filename; 404x303->640x480; LANCZOS RGB MAE=1.4379; 64x64 luminance correlation=0.999862,Supported,mature apple|semi-mature apple,3,0,640,480,derived representation; excluded from independent image universe
IMG_5642.jpg,original,train,sg-0823,train/IMG_5642.jpg,self,canonical,deterministic representative selection,Confirmed,mature apple,4,0,404,303,"representative, not verified acquisition original"
IMG_5642.jpg,resize,train,sg-0823,train/IMG_5642.jpg,same_name_original,resized_duplicate,same filename; 404x303->640x480; LANCZOS RGB MAE=1.6564; 64x64 luminance correlation=0.999814,Supported,mature apple,4,0,640,480,derived representation; excluded from independent image universe
IMG_56430.jpg,original,train,sg-0824,train/IMG_56430.jpg,self,canonical,deterministic representative selection,Confirmed,mature apple,5,0,404,303,"representative, not verified acquisition original"
IMG_56430.jpg,resize,train,sg-0824,train/IMG_56430.jpg,same_name_original,resized_duplicate,same filename; 404x303->640x480; LANCZOS RGB MAE=1.4794; 64x64 luminance correlation=0.999824,Supported,mature apple,5,0,640,480,derived representation; excluded from independent image universe
IMG_6760.jpg,original,train,sg-0825,train/IMG_6760.jpg,self,canonical,deterministic representative selection,Confirmed,immature apple,1,0,369,277,"representative, not verified acquisition original"
IMG_6760.jpg,resize,train,sg-0825,train/IMG_6760.jpg,same_name_original,resized_duplicate,same filename; 369x277->640x480; LANCZOS RGB MAE=14.4494; 64x64 luminance correlation=0.997496,Supported,immature apple,1,0,640,480,derived representation; excluded from independent image universe
IMG_6761.jpg,original,train,sg-0826,train/IMG_6761.jpg,self,canonical,deterministic representative selection,Confirmed,immature apple,1,0,369,277,"representative, not verified acquisition original"
IMG_6761.jpg,resize,train,sg-0826,train/IMG_6761.jpg,same_name_original,resized_duplicate,same filename; 369x277->640x480; LANCZOS RGB MAE=14.9854; 64x64 luminance correlation=0.998145,Supported,immature apple,1,0,640,480,derived representation; excluded from independent image universe
IMG_6762.jpg,original,train,sg-0827,train/IMG_6762.jpg,self,canonical,deterministic representative selection,Confirmed,immature apple,2,0,369,277,"representative, not verified acquisition original"
IMG_6762.jpg,resize,train,sg-0827,train/IMG_6762.jpg,same_name_original,resized_duplicate,same filename; 369x277->640x480; LANCZOS RGB MAE=14.6889; 64x64 luminance correlation=0.998321,Supported,immature apple,2,0,640,480,derived representation; excluded from independent image universe
IMG_6763.jpg,original,train,sg-0828,train/IMG_6763.jpg,self,canonical,deterministic representative selection,Confirmed,immature apple,2,0,369,277,"representative, not verified acquisition original"
IMG_6763.jpg,resize,train,sg-0828,train/IMG_6763.jpg,same_name_original,resized_duplicate,same filename; 369x277->640x480; LANCZOS RGB MAE=12.8927; 64x64 luminance correlation=0.99831,Supported,immature apple,2,0,640,480,derived representation; excluded from independent image universe
IMG_6764.jpg,original,train,sg-0829,train/IMG_6764.jpg,self,canonical,deterministic representative selection,Confirmed,immature apple,1,0,369,277,"representative, not verified acquisition original"
IMG_6764.jpg,resize,train,sg-0829,train/IMG_6764.jpg,same_name_original,resized_duplicate,same filename; 369x277->640x480; LANCZOS RGB MAE=12.3108; 64x64 luminance correlation=0.998508,Supported,immature apple,1,0,640,480,derived representation; excluded from independent image universe
IMG_6765.jpg,original,train,sg-0830,train/IMG_6765.jpg,self,canonical,deterministic representative selection,Confirmed,immature apple,1,0,369,277,"representative, not verified acquisition original"
IMG_6765.jpg,resize,train,sg-0830,train/IMG_6765.jpg,same_name_original,resized_duplicate,same filename; 369x277->640x480; LANCZOS RGB MAE=15.9036; 64x64 luminance correlation=0.99827,Supported,immature apple,1,0,640,480,derived representation; excluded from independent image universe
IMG_6770.jpg,original,train,sg-0831,train/IMG_6770.jpg,self,canonical,deterministic representative selection,Confirmed,immature apple,4,0,369,277,"representative, not verified acquisition original"
IMG_6770.jpg,resize,train,sg-0831,train/IMG_6770.jpg,same_name_original,resized_duplicate,same filename; 369x277->640x480; LANCZOS RGB MAE=13.0729; 64x64 luminance correlation=0.998674,Supported,immature apple,4,0,640,480,derived representation; excluded from independent image universe
IMG_6773.jpg,original,train,sg-0832,train/IMG_6773.jpg,self,canonical,deterministic representative selection,Confirmed,semi-mature apple,1,0,369,277,"representative, not verified acquisition original"
IMG_6773.jpg,resize,train,sg-0832,train/IMG_6773.jpg,same_name_original,resized_duplicate,same filename; 369x277->640x480; LANCZOS RGB MAE=13.6849; 64x64 luminance correlation=0.998375,Supported,semi-mature apple,1,0,640,480,derived representation; excluded from independent image universe
IMG_6775.jpg,original,train,sg-0833,train/IMG_6775.jpg,self,canonical,deterministic representative selection,Confirmed,immature apple,1,0,369,277,"representative, not verified acquisition original"
IMG_6775.jpg,resize,train,sg-0833,train/IMG_6775.jpg,same_name_original,resized_duplicate,same filename; 369x277->640x480; LANCZOS RGB MAE=15.413; 64x64 luminance correlation=0.998043,Supported,immature apple,1,0,640,480,derived representation; excluded from independent image universe
IMG_6776.jpg,original,train,sg-0834,train/IMG_6776.jpg,self,canonical,deterministic representative selection,Confirmed,immature apple,1,0,369,277,"representative, not verified acquisition original"
IMG_6776.jpg,resize,train,sg-0834,train/IMG_6776.jpg,same_name_original,resized_duplicate,same filename; 369x277->640x480; LANCZOS RGB MAE=14.565; 64x64 luminance correlation=0.998517,Supported,immature apple,1,0,640,480,derived representation; excluded from independent image universe
IMG_6777.jpg,original,train,sg-0835,train/IMG_6777.jpg,self,canonical,deterministic representative selection,Confirmed,immature apple,4,0,369,277,"representative, not verified acquisition original"
IMG_6777.jpg,resize,train,sg-0835,train/IMG_6777.jpg,same_name_original,resized_duplicate,same filename; 369x277->640x480; LANCZOS RGB MAE=15.1187; 64x64 luminance correlation=0.998542,Supported,immature apple,4,0,640,480,derived representation; excluded from independent image universe
IMG_6783.jpg,original,train,sg-0836,train/IMG_6783.jpg,self,canonical,deterministic representative selection,Confirmed,immature apple,1,0,369,277,"representative, not verified acquisition original"
IMG_6783.jpg,resize,train,sg-0836,train/IMG_6783.jpg,same_name_original,resized_duplicate,same filename; 369x277->640x480; LANCZOS RGB MAE=9.1353; 64x64 luminance correlation=0.998962,Supported,immature apple,1,0,640,480,derived representation; excluded from independent image universe
IMG_6785.jpg,original,train,sg-0837,train/IMG_6785.jpg,self,canonical,deterministic representative selection,Confirmed,immature apple,1,0,369,277,"representative, not verified acquisition original"
IMG_6785.jpg,resize,train,sg-0837,train/IMG_6785.jpg,same_name_original,resized_duplicate,same filename; 369x277->640x480; LANCZOS RGB MAE=12.0412; 64x64 luminance correlation=0.998417,Supported,immature apple,1,0,640,480,derived representation; excluded from independent image universe
IMG_6786.jpg,original,train,sg-0838,train/IMG_6786.jpg,self,canonical,deterministic representative selection,Confirmed,immature apple,1,0,369,277,"representative, not verified acquisition original"
IMG_6786.jpg,resize,train,sg-0838,train/IMG_6786.jpg,same_name_original,resized_duplicate,same filename; 369x277->640x480; LANCZOS RGB MAE=11.7228; 64x64 luminance correlation=0.998626,Supported,immature apple,1,0,640,480,derived representation; excluded from independent image universe
IMG_6788.jpg,original,train,sg-0839,train/IMG_6788.jpg,self,canonical,deterministic representative selection,Confirmed,immature apple,3,0,369,277,"representative, not verified acquisition original"
IMG_6788.jpg,resize,train,sg-0839,train/IMG_6788.jpg,same_name_original,resized_duplicate,same filename; 369x277->640x480; LANCZOS RGB MAE=14.8782; 64x64 luminance correlation=0.998527,Supported,immature apple,3,0,640,480,derived representation; excluded from independent image universe
IMG_6789.jpg,original,train,sg-0840,train/IMG_6789.jpg,self,canonical,deterministic representative selection,Confirmed,immature apple,2,0,369,277,"representative, not verified acquisition original"
IMG_6789.jpg,resize,train,sg-0840,train/IMG_6789.jpg,same_name_original,resized_duplicate,same filename; 369x277->640x480; LANCZOS RGB MAE=12.94; 64x64 luminance correlation=0.998317,Supported,immature apple,2,0,640,480,derived representation; excluded from independent image universe
IMG_6790.jpg,original,train,sg-0841,train/IMG_6790.jpg,self,canonical,deterministic representative selection,Confirmed,immature apple,1,0,369,277,"representative, not verified acquisition original"
IMG_6790.jpg,resize,train,sg-0841,train/IMG_6790.jpg,same_name_original,resized_duplicate,same filename; 369x277->640x480; LANCZOS RGB MAE=11.9161; 64x64 luminance correlation=0.998458,Supported,immature apple,1,0,640,480,derived representation; excluded from independent image universe
IMG_6791.jpg,original,train,sg-0842,train/IMG_6791.jpg,self,canonical,deterministic representative selection,Confirmed,immature apple,1,0,369,277,"representative, not verified acquisition original"
IMG_6791.jpg,resize,train,sg-0842,train/IMG_6791.jpg,same_name_original,resized_duplicate,same filename; 369x277->640x480; LANCZOS RGB MAE=12.9903; 64x64 luminance correlation=0.998308,Supported,immature apple,1,0,640,480,derived representation; excluded from independent image universe
IMG_6792.jpg,original,train,sg-0843,train/IMG_6792.jpg,self,canonical,deterministic representative selection,Confirmed,immature apple,1,0,369,277,"representative, not verified acquisition original"
IMG_6792.jpg,resize,train,sg-0843,train/IMG_6792.jpg,same_name_original,resized_duplicate,same filename; 369x277->640x480; LANCZOS RGB MAE=14.4277; 64x64 luminance correlation=0.997662,Supported,immature apple,1,0,640,480,derived representation; excluded from independent image universe
IMG_6793.jpg,original,train,sg-0844,train/IMG_6793.jpg,self,canonical,deterministic representative selection,Confirmed,immature apple,1,0,369,277,"representative, not verified acquisition original"
IMG_6793.jpg,resize,train,sg-0844,train/IMG_6793.jpg,same_name_original,resized_duplicate,same filename; 369x277->640x480; LANCZOS RGB MAE=14.0844; 64x64 luminance correlation=0.998287,Supported,immature apple,1,0,640,480,derived representation; excluded from independent image universe
IMG_6794.jpg,original,train,sg-0845,train/IMG_6794.jpg,self,canonical,deterministic representative selection,Confirmed,immature apple,2,0,369,277,"representative, not verified acquisition original"
IMG_6794.jpg,resize,train,sg-0845,train/IMG_6794.jpg,same_name_original,resized_duplicate,same filename; 369x277->640x480; LANCZOS RGB MAE=13.8175; 64x64 luminance correlation=0.998362,Supported,immature apple,2,0,640,480,derived representation; excluded from independent image universe
IMG_6795.jpg,original,train,sg-0846,train/IMG_6795.jpg,self,canonical,deterministic representative selection,Confirmed,immature apple,2,0,369,277,"representative, not verified acquisition original"
IMG_6795.jpg,resize,train,sg-0846,train/IMG_6795.jpg,same_name_original,resized_duplicate,same filename; 369x277->640x480; LANCZOS RGB MAE=11.9971; 64x64 luminance correlation=0.998407,Supported,immature apple,2,0,640,480,derived representation; excluded from independent image universe
IMG_6796.jpg,original,train,sg-0847,train/IMG_6796.jpg,self,canonical,deterministic representative selection,Confirmed,immature apple,1,0,369,277,"representative, not verified acquisition original"
IMG_6796.jpg,resize,train,sg-0847,train/IMG_6796.jpg,same_name_original,resized_duplicate,same filename; 369x277->640x480; LANCZOS RGB MAE=9.1468; 64x64 luminance correlation=0.998935,Supported,immature apple,1,0,640,480,derived representation; excluded from independent image universe
IMG_6797.jpg,original,train,sg-0848,train/IMG_6797.jpg,self,canonical,deterministic representative selection,Confirmed,immature apple,2,0,369,277,"representative, not verified acquisition original"
IMG_6797.jpg,resize,train,sg-0848,train/IMG_6797.jpg,same_name_original,resized_duplicate,same filename; 369x277->640x480; LANCZOS RGB MAE=11.2782; 64x64 luminance correlation=0.998651,Supported,immature apple,2,0,640,480,derived representation; excluded from independent image universe
IMG_6798.jpg,original,train,sg-0849,train/IMG_6798.jpg,self,canonical,deterministic representative selection,Confirmed,immature apple,1,0,369,277,"representative, not verified acquisition original"
IMG_6798.jpg,resize,train,sg-0849,train/IMG_6798.jpg,same_name_original,resized_duplicate,same filename; 369x277->640x480; LANCZOS RGB MAE=12.7163; 64x64 luminance correlation=0.998362,Supported,immature apple,1,0,640,480,derived representation; excluded from independent image universe
IMG_6802.jpg,original,train,sg-0850,train/IMG_6802.jpg,self,canonical,deterministic representative selection,Confirmed,immature apple,1,0,369,277,"representative, not verified acquisition original"
IMG_6802.jpg,resize,train,sg-0850,train/IMG_6802.jpg,same_name_original,resized_duplicate,same filename; 369x277->640x480; LANCZOS RGB MAE=10.8387; 64x64 luminance correlation=0.998704,Supported,immature apple,1,0,640,480,derived representation; excluded from independent image universe
IMG_6805.jpg,original,train,sg-0851,train/IMG_6805.jpg,self,canonical,deterministic representative selection,Confirmed,immature apple,3,0,369,277,"representative, not verified acquisition original"
IMG_6805.jpg,resize,train,sg-0851,train/IMG_6805.jpg,same_name_original,resized_duplicate,same filename; 369x277->640x480; LANCZOS RGB MAE=12.2098; 64x64 luminance correlation=0.998758,Supported,immature apple,3,0,640,480,derived representation; excluded from independent image universe
IMG_6808.jpg,original,train,sg-0852,train/IMG_6808.jpg,self,canonical,deterministic representative selection,Confirmed,immature apple,1,0,369,277,"representative, not verified acquisition original"
IMG_6808.jpg,resize,train,sg-0852,train/IMG_6808.jpg,same_name_original,resized_duplicate,same filename; 369x277->640x480; LANCZOS RGB MAE=9.7763; 64x64 luminance correlation=0.998396,Supported,immature apple,1,0,640,480,derived representation; excluded from independent image universe
IMG_6810.jpg,original,train,sg-0853,train/IMG_6810.jpg,self,canonical,deterministic representative selection,Confirmed,immature apple,2,0,369,277,"representative, not verified acquisition original"
IMG_6810.jpg,resize,train,sg-0853,train/IMG_6810.jpg,same_name_original,resized_duplicate,same filename; 369x277->640x480; LANCZOS RGB MAE=9.7858; 64x64 luminance correlation=0.998885,Supported,immature apple,2,0,640,480,derived representation; excluded from independent image universe
IMG_6811.jpg,original,train,sg-0854,train/IMG_6811.jpg,self,canonical,deterministic representative selection,Confirmed,immature apple,4,0,369,277,"representative, not verified acquisition original"
IMG_6811.jpg,resize,train,sg-0854,train/IMG_6811.jpg,same_name_original,resized_duplicate,same filename; 369x277->640x480; LANCZOS RGB MAE=10.176; 64x64 luminance correlation=0.998879,Supported,immature apple,4,0,640,480,derived representation; excluded from independent image universe
IMG_6813.jpg,original,train,sg-0855,train/IMG_6813.jpg,self,canonical,deterministic representative selection,Confirmed,immature apple,1,0,369,277,"representative, not verified acquisition original"
IMG_6813.jpg,resize,train,sg-0855,train/IMG_6813.jpg,same_name_original,resized_duplicate,same filename; 369x277->640x480; LANCZOS RGB MAE=10.6419; 64x64 luminance correlation=0.998598,Supported,immature apple,1,0,640,480,derived representation; excluded from independent image universe
IMG_6814.jpg,original,train,sg-0856,train/IMG_6814.jpg,self,canonical,deterministic representative selection,Confirmed,immature apple,1,0,369,277,"representative, not verified acquisition original"
IMG_6814.jpg,resize,train,sg-0856,train/IMG_6814.jpg,same_name_original,resized_duplicate,same filename; 369x277->640x480; LANCZOS RGB MAE=10.2626; 64x64 luminance correlation=0.998489,Supported,immature apple,1,0,640,480,derived representation; excluded from independent image universe
IMG_6817.jpg,original,train,sg-0857,train/IMG_6817.jpg,self,canonical,deterministic representative selection,Confirmed,immature apple|semi-mature apple,3,0,369,277,"representative, not verified acquisition original"
IMG_6817.jpg,resize,train,sg-0857,train/IMG_6817.jpg,same_name_original,resized_duplicate,same filename; 369x277->640x480; LANCZOS RGB MAE=8.6621; 64x64 luminance correlation=0.998948,Supported,immature apple|semi-mature apple,3,0,640,480,derived representation; excluded from independent image universe
IMG_6818.jpg,original,train,sg-0858,train/IMG_6818.jpg,self,canonical,deterministic representative selection,Confirmed,immature apple,1,0,369,277,"representative, not verified acquisition original"
IMG_6818.jpg,resize,train,sg-0858,train/IMG_6818.jpg,same_name_original,resized_duplicate,same filename; 369x277->640x480; LANCZOS RGB MAE=9.6212; 64x64 luminance correlation=0.998584,Supported,immature apple,1,0,640,480,derived representation; excluded from independent image universe
IMG_6820.jpg,original,train,sg-0859,train/IMG_6820.jpg,self,canonical,deterministic representative selection,Confirmed,immature apple|semi-mature apple,2,0,369,277,"representative, not verified acquisition original"
IMG_6820.jpg,resize,train,sg-0859,train/IMG_6820.jpg,same_name_original,resized_duplicate,same filename; 369x277->640x480; LANCZOS RGB MAE=6.9845; 64x64 luminance correlation=0.999084,Supported,immature apple|semi-mature apple,2,0,640,480,derived representation; excluded from independent image universe
IMG_6822.jpg,original,train,sg-0860,train/IMG_6822.jpg,self,canonical,deterministic representative selection,Confirmed,semi-mature apple,1,0,369,277,"representative, not verified acquisition original"
IMG_6822.jpg,resize,train,sg-0860,train/IMG_6822.jpg,same_name_original,resized_duplicate,same filename; 369x277->640x480; LANCZOS RGB MAE=9.7994; 64x64 luminance correlation=0.998739,Supported,semi-mature apple,1,0,640,480,derived representation; excluded from independent image universe
IMG_6823.jpg,original,train,sg-0861,train/IMG_6823.jpg,self,canonical,deterministic representative selection,Confirmed,immature apple,1,0,369,277,"representative, not verified acquisition original"
IMG_6823.jpg,resize,train,sg-0861,train/IMG_6823.jpg,same_name_original,resized_duplicate,same filename; 369x277->640x480; LANCZOS RGB MAE=9.8376; 64x64 luminance correlation=0.998817,Supported,immature apple,1,0,640,480,derived representation; excluded from independent image universe
IMG_6824.jpg,original,train,sg-0862,train/IMG_6824.jpg,self,canonical,deterministic representative selection,Confirmed,immature apple,1,0,369,277,"representative, not verified acquisition original"
IMG_6824.jpg,resize,train,sg-0862,train/IMG_6824.jpg,same_name_original,resized_duplicate,same filename; 369x277->640x480; LANCZOS RGB MAE=11.695; 64x64 luminance correlation=0.998713,Supported,immature apple,1,0,640,480,derived representation; excluded from independent image universe
IMG_6825.jpg,original,train,sg-0863,train/IMG_6825.jpg,self,canonical,deterministic representative selection,Confirmed,immature apple,1,0,369,277,"representative, not verified acquisition original"
IMG_6825.jpg,resize,train,sg-0863,train/IMG_6825.jpg,same_name_original,resized_duplicate,same filename; 369x277->640x480; LANCZOS RGB MAE=8.6269; 64x64 luminance correlation=0.999155,Supported,immature apple,1,0,640,480,derived representation; excluded from independent image universe
IMG_6828.jpg,original,train,sg-0864,train/IMG_6828.jpg,self,canonical,deterministic representative selection,Confirmed,immature apple,3,0,369,277,"representative, not verified acquisition original"
IMG_6828.jpg,resize,train,sg-0864,train/IMG_6828.jpg,same_name_original,resized_duplicate,same filename; 369x277->640x480; LANCZOS RGB MAE=9.9454; 64x64 luminance correlation=0.998727,Supported,immature apple,3,0,640,480,derived representation; excluded from independent image universe
IMG_6830.jpg,original,train,sg-0865,train/IMG_6830.jpg,self,canonical,deterministic representative selection,Confirmed,immature apple,3,0,369,277,"representative, not verified acquisition original"
IMG_6830.jpg,resize,train,sg-0865,train/IMG_6830.jpg,same_name_original,resized_duplicate,same filename; 369x277->640x480; LANCZOS RGB MAE=12.1058; 64x64 luminance correlation=0.998703,Supported,immature apple,3,0,640,480,derived representation; excluded from independent image universe
IMG_6831.jpg,original,train,sg-0866,train/IMG_6831.jpg,self,canonical,deterministic representative selection,Confirmed,immature apple,4,0,369,277,"representative, not verified acquisition original"
IMG_6831.jpg,resize,train,sg-0866,train/IMG_6831.jpg,same_name_original,resized_duplicate,same filename; 369x277->640x480; LANCZOS RGB MAE=11.3833; 64x64 luminance correlation=0.99851,Supported,immature apple,4,0,640,480,derived representation; excluded from independent image universe
IMG_6832.jpg,original,train,sg-0867,train/IMG_6832.jpg,self,canonical,deterministic representative selection,Confirmed,immature apple,2,0,369,277,"representative, not verified acquisition original"
IMG_6832.jpg,resize,train,sg-0867,train/IMG_6832.jpg,same_name_original,resized_duplicate,same filename; 369x277->640x480; LANCZOS RGB MAE=11.1401; 64x64 luminance correlation=0.998898,Supported,immature apple,2,0,640,480,derived representation; excluded from independent image universe
IMG_6834.jpg,original,train,sg-0868,train/IMG_6834.jpg,self,canonical,deterministic representative selection,Confirmed,immature apple,1,0,369,277,"representative, not verified acquisition original"
IMG_6834.jpg,resize,train,sg-0868,train/IMG_6834.jpg,same_name_original,resized_duplicate,same filename; 369x277->640x480; LANCZOS RGB MAE=7.0144; 64x64 luminance correlation=0.999206,Supported,immature apple,1,0,640,480,derived representation; excluded from independent image universe
IMG_6835.jpg,original,train,sg-0869,train/IMG_6835.jpg,self,canonical,deterministic representative selection,Confirmed,immature apple,1,0,369,277,"representative, not verified acquisition original"
IMG_6835.jpg,resize,train,sg-0869,train/IMG_6835.jpg,same_name_original,resized_duplicate,same filename; 369x277->640x480; LANCZOS RGB MAE=8.8165; 64x64 luminance correlation=0.998602,Supported,immature apple,1,0,640,480,derived representation; excluded from independent image universe
IMG_6836.jpg,original,train,sg-0870,train/IMG_6836.jpg,self,canonical,deterministic representative selection,Confirmed,immature apple,2,0,369,277,"representative, not verified acquisition original"
IMG_6836.jpg,resize,train,sg-0870,train/IMG_6836.jpg,same_name_original,resized_duplicate,same filename; 369x277->640x480; LANCZOS RGB MAE=7.8198; 64x64 luminance correlation=0.999323,Supported,immature apple,2,0,640,480,derived representation; excluded from independent image universe
IMG_6837.jpg,original,train,sg-0871,train/IMG_6837.jpg,self,canonical,deterministic representative selection,Confirmed,immature apple,2,0,369,277,"representative, not verified acquisition original"
IMG_6837.jpg,resize,train,sg-0871,train/IMG_6837.jpg,same_name_original,resized_duplicate,same filename; 369x277->640x480; LANCZOS RGB MAE=7.8142; 64x64 luminance correlation=0.999365,Supported,immature apple,2,0,640,480,derived representation; excluded from independent image universe
IMG_6838.jpg,original,train,sg-0872,train/IMG_6838.jpg,self,canonical,deterministic representative selection,Confirmed,immature apple,2,0,369,277,"representative, not verified acquisition original"
IMG_6838.jpg,resize,train,sg-0872,train/IMG_6838.jpg,same_name_original,resized_duplicate,same filename; 369x277->640x480; LANCZOS RGB MAE=7.3482; 64x64 luminance correlation=0.99919,Supported,immature apple,2,0,640,480,derived representation; excluded from independent image universe
IMG_6840.jpg,original,train,sg-0873,train/IMG_6840.jpg,self,canonical,deterministic representative selection,Confirmed,immature apple,2,0,369,277,"representative, not verified acquisition original"
IMG_6840.jpg,resize,train,sg-0873,train/IMG_6840.jpg,same_name_original,resized_duplicate,same filename; 369x277->640x480; LANCZOS RGB MAE=6.5629; 64x64 luminance correlation=0.998999,Supported,immature apple,2,0,640,480,derived representation; excluded from independent image universe
IMG_6842.jpg,original,train,sg-0874,train/IMG_6842.jpg,self,canonical,deterministic representative selection,Confirmed,immature apple,1,0,369,277,"representative, not verified acquisition original"
IMG_6842.jpg,resize,train,sg-0874,train/IMG_6842.jpg,same_name_original,resized_duplicate,same filename; 369x277->640x480; LANCZOS RGB MAE=13.6445; 64x64 luminance correlation=0.998522,Supported,immature apple,1,0,640,480,derived representation; excluded from independent image universe
IMG_6843.jpg,original,train,sg-0875,train/IMG_6843.jpg,self,canonical,deterministic representative selection,Confirmed,semi-mature apple,2,0,369,277,"representative, not verified acquisition original"
IMG_6843.jpg,resize,train,sg-0875,train/IMG_6843.jpg,same_name_original,resized_duplicate,same filename; 369x277->640x480; LANCZOS RGB MAE=16.0871; 64x64 luminance correlation=0.998491,Supported,semi-mature apple,2,0,640,480,derived representation; excluded from independent image universe
IMG_6845.jpg,original,train,sg-0876,train/IMG_6845.jpg,self,canonical,deterministic representative selection,Confirmed,semi-mature apple,1,0,369,277,"representative, not verified acquisition original"
IMG_6845.jpg,resize,train,sg-0876,train/IMG_6845.jpg,same_name_original,resized_duplicate,same filename; 369x277->640x480; LANCZOS RGB MAE=16.6911; 64x64 luminance correlation=0.998158,Supported,semi-mature apple,1,0,640,480,derived representation; excluded from independent image universe
IMG_6846.jpg,original,train,sg-0877,train/IMG_6846.jpg,self,canonical,deterministic representative selection,Confirmed,immature apple,1,0,369,277,"representative, not verified acquisition original"
IMG_6846.jpg,resize,train,sg-0877,train/IMG_6846.jpg,same_name_original,resized_duplicate,same filename; 369x277->640x480; LANCZOS RGB MAE=11.1319; 64x64 luminance correlation=0.998787,Supported,immature apple,1,0,640,480,derived representation; excluded from independent image universe
IMG_6847.jpg,original,train,sg-0878,train/IMG_6847.jpg,self,canonical,deterministic representative selection,Confirmed,immature apple,2,0,369,277,"representative, not verified acquisition original"
IMG_6847.jpg,resize,train,sg-0878,train/IMG_6847.jpg,same_name_original,resized_duplicate,same filename; 369x277->640x480; LANCZOS RGB MAE=13.267; 64x64 luminance correlation=0.998668,Supported,immature apple,2,0,640,480,derived representation; excluded from independent image universe
IMG_6848.jpg,original,train,sg-0879,train/IMG_6848.jpg,self,canonical,deterministic representative selection,Confirmed,immature apple,2,0,369,277,"representative, not verified acquisition original"
IMG_6848.jpg,resize,train,sg-0879,train/IMG_6848.jpg,same_name_original,resized_duplicate,same filename; 369x277->640x480; LANCZOS RGB MAE=14.9575; 64x64 luminance correlation=0.998299,Supported,immature apple,2,0,640,480,derived representation; excluded from independent image universe
IMG_6849.jpg,original,train,sg-0880,train/IMG_6849.jpg,self,canonical,deterministic representative selection,Confirmed,immature apple,1,0,369,277,"representative, not verified acquisition original"
IMG_6849.jpg,resize,train,sg-0880,train/IMG_6849.jpg,same_name_original,resized_duplicate,same filename; 369x277->640x480; LANCZOS RGB MAE=12.0691; 64x64 luminance correlation=0.998282,Supported,immature apple,1,0,640,480,derived representation; excluded from independent image universe
IMG_6850.jpg,original,train,sg-0881,train/IMG_6850.jpg,self,canonical,deterministic representative selection,Confirmed,immature apple,3,0,369,277,"representative, not verified acquisition original"
IMG_6850.jpg,resize,train,sg-0881,train/IMG_6850.jpg,same_name_original,resized_duplicate,same filename; 369x277->640x480; LANCZOS RGB MAE=13.9512; 64x64 luminance correlation=0.998199,Supported,immature apple,3,0,640,480,derived representation; excluded from independent image universe
IMG_6851.jpg,original,train,sg-0882,train/IMG_6851.jpg,self,canonical,deterministic representative selection,Confirmed,immature apple,2,0,369,277,"representative, not verified acquisition original"
IMG_6851.jpg,resize,train,sg-0882,train/IMG_6851.jpg,same_name_original,resized_duplicate,same filename; 369x277->640x480; LANCZOS RGB MAE=11.0776; 64x64 luminance correlation=0.998587,Supported,immature apple,2,0,640,480,derived representation; excluded from independent image universe
IMG_6854.jpg,original,train,sg-0883,train/IMG_6854.jpg,self,canonical,deterministic representative selection,Confirmed,immature apple,2,0,369,277,"representative, not verified acquisition original"
IMG_6854.jpg,resize,train,sg-0883,train/IMG_6854.jpg,same_name_original,resized_duplicate,same filename; 369x277->640x480; LANCZOS RGB MAE=11.4261; 64x64 luminance correlation=0.998923,Supported,immature apple,2,0,640,480,derived representation; excluded from independent image universe
IMG_6856.jpg,original,train,sg-0884,train/IMG_6856.jpg,self,canonical,deterministic representative selection,Confirmed,immature apple,1,0,369,277,"representative, not verified acquisition original"
IMG_6856.jpg,resize,train,sg-0884,train/IMG_6856.jpg,same_name_original,resized_duplicate,same filename; 369x277->640x480; LANCZOS RGB MAE=12.0055; 64x64 luminance correlation=0.99877,Supported,immature apple,1,0,640,480,derived representation; excluded from independent image universe
IMG_6858.jpg,original,train,sg-0885,train/IMG_6858.jpg,self,canonical,deterministic representative selection,Confirmed,immature apple,1,0,369,277,"representative, not verified acquisition original"
IMG_6858.jpg,resize,train,sg-0885,train/IMG_6858.jpg,same_name_original,resized_duplicate,same filename; 369x277->640x480; LANCZOS RGB MAE=9.6338; 64x64 luminance correlation=0.999004,Supported,immature apple,1,0,640,480,derived representation; excluded from independent image universe
IMG_6860.jpg,original,train,sg-0886,train/IMG_6860.jpg,self,canonical,deterministic representative selection,Confirmed,immature apple,1,0,369,277,"representative, not verified acquisition original"
IMG_6860.jpg,resize,train,sg-0886,train/IMG_6860.jpg,same_name_original,resized_duplicate,same filename; 369x277->640x480; LANCZOS RGB MAE=11.3401; 64x64 luminance correlation=0.998635,Supported,immature apple,1,0,640,480,derived representation; excluded from independent image universe
IMG_6862.jpg,original,train,sg-0887,train/IMG_6862.jpg,self,canonical,deterministic representative selection,Confirmed,immature apple,1,0,369,277,"representative, not verified acquisition original"
IMG_6862.jpg,resize,train,sg-0887,train/IMG_6862.jpg,same_name_original,resized_duplicate,same filename; 369x277->640x480; LANCZOS RGB MAE=10.8534; 64x64 luminance correlation=0.998492,Supported,immature apple,1,0,640,480,derived representation; excluded from independent image universe
IMG_6863.jpg,original,train,sg-0888,train/IMG_6863.jpg,self,canonical,deterministic representative selection,Confirmed,immature apple,2,0,369,277,"representative, not verified acquisition original"
IMG_6863.jpg,resize,train,sg-0888,train/IMG_6863.jpg,same_name_original,resized_duplicate,same filename; 369x277->640x480; LANCZOS RGB MAE=10.0394; 64x64 luminance correlation=0.998809,Supported,immature apple,2,0,640,480,derived representation; excluded from independent image universe
IMG_6864.jpg,original,train,sg-0889,train/IMG_6864.jpg,self,canonical,deterministic representative selection,Confirmed,immature apple,1,0,369,277,"representative, not verified acquisition original"
IMG_6864.jpg,resize,train,sg-0889,train/IMG_6864.jpg,same_name_original,resized_duplicate,same filename; 369x277->640x480; LANCZOS RGB MAE=8.8781; 64x64 luminance correlation=0.998932,Supported,immature apple,1,0,640,480,derived representation; excluded from independent image universe
IMG_6865.jpg,original,train,sg-0890,train/IMG_6865.jpg,self,canonical,deterministic representative selection,Confirmed,immature apple,2,0,369,277,"representative, not verified acquisition original"
IMG_6865.jpg,resize,train,sg-0890,train/IMG_6865.jpg,same_name_original,resized_duplicate,same filename; 369x277->640x480; LANCZOS RGB MAE=7.4718; 64x64 luminance correlation=0.999368,Supported,immature apple,2,0,640,480,derived representation; excluded from independent image universe
IMG_6866.jpg,original,train,sg-0891,train/IMG_6866.jpg,self,canonical,deterministic representative selection,Confirmed,immature apple,3,0,369,277,"representative, not verified acquisition original"
IMG_6866.jpg,resize,train,sg-0891,train/IMG_6866.jpg,same_name_original,resized_duplicate,same filename; 369x277->640x480; LANCZOS RGB MAE=7.7492; 64x64 luminance correlation=0.999105,Supported,immature apple,3,0,640,480,derived representation; excluded from independent image universe
IMG_6867.jpg,original,train,sg-0892,train/IMG_6867.jpg,self,canonical,deterministic representative selection,Confirmed,immature apple,2,0,369,277,"representative, not verified acquisition original"
IMG_6867.jpg,resize,train,sg-0892,train/IMG_6867.jpg,same_name_original,resized_duplicate,same filename; 369x277->640x480; LANCZOS RGB MAE=9.5048; 64x64 luminance correlation=0.998876,Supported,immature apple,2,0,640,480,derived representation; excluded from independent image universe
IMG_6870.jpg,original,train,sg-0893,train/IMG_6870.jpg,self,canonical,deterministic representative selection,Confirmed,immature apple,3,0,369,277,"representative, not verified acquisition original"
IMG_6870.jpg,resize,train,sg-0893,train/IMG_6870.jpg,same_name_original,resized_duplicate,same filename; 369x277->640x480; LANCZOS RGB MAE=10.1002; 64x64 luminance correlation=0.999076,Supported,immature apple,3,0,640,480,derived representation; excluded from independent image universe
IMG_6871.jpg,original,train,sg-0894,train/IMG_6871.jpg,self,canonical,deterministic representative selection,Confirmed,immature apple,1,0,369,277,"representative, not verified acquisition original"
IMG_6871.jpg,resize,train,sg-0894,train/IMG_6871.jpg,same_name_original,resized_duplicate,same filename; 369x277->640x480; LANCZOS RGB MAE=8.2497; 64x64 luminance correlation=0.999326,Supported,immature apple,1,0,640,480,derived representation; excluded from independent image universe
IMG_6872.jpg,original,train,sg-0895,train/IMG_6872.jpg,self,canonical,deterministic representative selection,Confirmed,immature apple,1,0,369,277,"representative, not verified acquisition original"
IMG_6872.jpg,resize,train,sg-0895,train/IMG_6872.jpg,same_name_original,resized_duplicate,same filename; 369x277->640x480; LANCZOS RGB MAE=12.7286; 64x64 luminance correlation=0.99907,Supported,immature apple,1,0,640,480,derived representation; excluded from independent image universe
IMG_6874.jpg,original,train,sg-0896,train/IMG_6874.jpg,self,canonical,deterministic representative selection,Confirmed,immature apple,2,0,369,277,"representative, not verified acquisition original"
IMG_6874.jpg,resize,train,sg-0896,train/IMG_6874.jpg,same_name_original,resized_duplicate,same filename; 369x277->640x480; LANCZOS RGB MAE=14.2014; 64x64 luminance correlation=0.99815,Supported,immature apple,2,0,640,480,derived representation; excluded from independent image universe
IMG_6875.jpg,original,train,sg-0897,train/IMG_6875.jpg,self,canonical,deterministic representative selection,Confirmed,immature apple,1,0,369,277,"representative, not verified acquisition original"
IMG_6875.jpg,resize,train,sg-0897,train/IMG_6875.jpg,same_name_original,resized_duplicate,same filename; 369x277->640x480; LANCZOS RGB MAE=9.4992; 64x64 luminance correlation=0.998669,Supported,immature apple,1,0,640,480,derived representation; excluded from independent image universe
IMG_6876.jpg,original,train,sg-0898,train/IMG_6876.jpg,self,canonical,deterministic representative selection,Confirmed,immature apple,1,0,369,277,"representative, not verified acquisition original"
IMG_6876.jpg,resize,train,sg-0898,train/IMG_6876.jpg,same_name_original,resized_duplicate,same filename; 369x277->640x480; LANCZOS RGB MAE=7.6112; 64x64 luminance correlation=0.999197,Supported,immature apple,1,0,640,480,derived representation; excluded from independent image universe
IMG_6877.jpg,original,train,sg-0899,train/IMG_6877.jpg,self,canonical,deterministic representative selection,Confirmed,immature apple,1,0,369,277,"representative, not verified acquisition original"
IMG_6877.jpg,resize,train,sg-0899,train/IMG_6877.jpg,same_name_original,resized_duplicate,same filename; 369x277->640x480; LANCZOS RGB MAE=8.6689; 64x64 luminance correlation=0.999218,Supported,immature apple,1,0,640,480,derived representation; excluded from independent image universe
IMG_6878.jpg,original,train,sg-0900,train/IMG_6878.jpg,self,canonical,deterministic representative selection,Confirmed,immature apple,1,0,369,277,"representative, not verified acquisition original"
IMG_6878.jpg,resize,train,sg-0900,train/IMG_6878.jpg,same_name_original,resized_duplicate,same filename; 369x277->640x480; LANCZOS RGB MAE=8.7368; 64x64 luminance correlation=0.99911,Supported,immature apple,1,0,640,480,derived representation; excluded from independent image universe
IMG_6880.jpg,original,train,sg-0901,train/IMG_6880.jpg,self,canonical,deterministic representative selection,Confirmed,immature apple,1,0,369,277,"representative, not verified acquisition original"
IMG_6880.jpg,resize,train,sg-0901,train/IMG_6880.jpg,same_name_original,resized_duplicate,same filename; 369x277->640x480; LANCZOS RGB MAE=9.9891; 64x64 luminance correlation=0.99876,Supported,immature apple,1,0,640,480,derived representation; excluded from independent image universe
IMG_6881.jpg,original,train,sg-0902,train/IMG_6881.jpg,self,canonical,deterministic representative selection,Confirmed,immature apple,1,0,369,277,"representative, not verified acquisition original"
IMG_6881.jpg,resize,train,sg-0902,train/IMG_6881.jpg,same_name_original,resized_duplicate,same filename; 369x277->640x480; LANCZOS RGB MAE=5.4563; 64x64 luminance correlation=0.999468,Supported,immature apple,1,0,640,480,derived representation; excluded from independent image universe
IMG_6884.jpg,original,train,sg-0903,train/IMG_6884.jpg,self,canonical,deterministic representative selection,Confirmed,immature apple,2,0,369,277,"representative, not verified acquisition original"
IMG_6884.jpg,resize,train,sg-0903,train/IMG_6884.jpg,same_name_original,resized_duplicate,same filename; 369x277->640x480; LANCZOS RGB MAE=10.1528; 64x64 luminance correlation=0.998876,Supported,immature apple,2,0,640,480,derived representation; excluded from independent image universe
IMG_6886.jpg,original,train,sg-0904,train/IMG_6886.jpg,self,canonical,deterministic representative selection,Confirmed,immature apple,3,0,369,277,"representative, not verified acquisition original"
IMG_6886.jpg,resize,train,sg-0904,train/IMG_6886.jpg,same_name_original,resized_duplicate,same filename; 369x277->640x480; LANCZOS RGB MAE=10.2222; 64x64 luminance correlation=0.998663,Supported,immature apple,3,0,640,480,derived representation; excluded from independent image universe
IMG_6887.jpg,original,train,sg-0905,train/IMG_6887.jpg,self,canonical,deterministic representative selection,Confirmed,immature apple,2,0,369,277,"representative, not verified acquisition original"
IMG_6887.jpg,resize,train,sg-0905,train/IMG_6887.jpg,same_name_original,resized_duplicate,same filename; 369x277->640x480; LANCZOS RGB MAE=12.1957; 64x64 luminance correlation=0.998769,Supported,immature apple,2,0,640,480,derived representation; excluded from independent image universe
IMG_6888.jpg,original,train,sg-0906,train/IMG_6888.jpg,self,canonical,deterministic representative selection,Confirmed,immature apple,1,0,369,277,"representative, not verified acquisition original"
IMG_6888.jpg,resize,train,sg-0906,train/IMG_6888.jpg,same_name_original,resized_duplicate,same filename; 369x277->640x480; LANCZOS RGB MAE=11.1892; 64x64 luminance correlation=0.998874,Supported,immature apple,1,0,640,480,derived representation; excluded from independent image universe
IMG_6889.jpg,original,train,sg-0907,train/IMG_6889.jpg,self,canonical,deterministic representative selection,Confirmed,immature apple,1,0,369,277,"representative, not verified acquisition original"
IMG_6889.jpg,resize,train,sg-0907,train/IMG_6889.jpg,same_name_original,resized_duplicate,same filename; 369x277->640x480; LANCZOS RGB MAE=11.0147; 64x64 luminance correlation=0.99875,Supported,immature apple,1,0,640,480,derived representation; excluded from independent image universe
IMG_6890.jpg,original,train,sg-0908,train/IMG_6890.jpg,self,canonical,deterministic representative selection,Confirmed,immature apple,1,0,369,277,"representative, not verified acquisition original"
IMG_6890.jpg,resize,train,sg-0908,train/IMG_6890.jpg,same_name_original,resized_duplicate,same filename; 369x277->640x480; LANCZOS RGB MAE=9.984; 64x64 luminance correlation=0.999451,Supported,immature apple,1,0,640,480,derived representation; excluded from independent image universe
IMG_6891.jpg,original,train,sg-0909,train/IMG_6891.jpg,self,canonical,deterministic representative selection,Confirmed,immature apple,1,0,369,277,"representative, not verified acquisition original"
IMG_6891.jpg,resize,train,sg-0909,train/IMG_6891.jpg,same_name_original,resized_duplicate,same filename; 369x277->640x480; LANCZOS RGB MAE=10.2727; 64x64 luminance correlation=0.998255,Supported,immature apple,1,0,640,480,derived representation; excluded from independent image universe
IMG_6892.jpg,original,train,sg-0910,train/IMG_6892.jpg,self,canonical,deterministic representative selection,Confirmed,immature apple,1,0,369,277,"representative, not verified acquisition original"
IMG_6892.jpg,resize,train,sg-0910,train/IMG_6892.jpg,same_name_original,resized_duplicate,same filename; 369x277->640x480; LANCZOS RGB MAE=8.6707; 64x64 luminance correlation=0.998572,Supported,immature apple,1,0,640,480,derived representation; excluded from independent image universe
IMG_6893.jpg,original,train,sg-0911,train/IMG_6893.jpg,self,canonical,deterministic representative selection,Confirmed,immature apple,1,0,369,277,"representative, not verified acquisition original"
IMG_6893.jpg,resize,train,sg-0911,train/IMG_6893.jpg,same_name_original,resized_duplicate,same filename; 369x277->640x480; LANCZOS RGB MAE=14.2368; 64x64 luminance correlation=0.998383,Supported,immature apple,1,0,640,480,derived representation; excluded from independent image universe
IMG_6894.jpg,original,train,sg-0912,train/IMG_6894.jpg,self,canonical,deterministic representative selection,Confirmed,immature apple,2,0,369,277,"representative, not verified acquisition original"
IMG_6894.jpg,resize,train,sg-0912,train/IMG_6894.jpg,same_name_original,resized_duplicate,same filename; 369x277->640x480; LANCZOS RGB MAE=14.8673; 64x64 luminance correlation=0.998385,Supported,immature apple,2,0,640,480,derived representation; excluded from independent image universe
IMG_6896.jpg,original,train,sg-0913,train/IMG_6896.jpg,self,canonical,deterministic representative selection,Confirmed,immature apple,1,0,369,277,"representative, not verified acquisition original"
IMG_6896.jpg,resize,train,sg-0913,train/IMG_6896.jpg,same_name_original,resized_duplicate,same filename; 369x277->640x480; LANCZOS RGB MAE=11.5551; 64x64 luminance correlation=0.998585,Supported,immature apple,1,0,640,480,derived representation; excluded from independent image universe
IMG_6898.jpg,original,train,sg-0914,train/IMG_6898.jpg,self,canonical,deterministic representative selection,Confirmed,immature apple,2,0,369,277,"representative, not verified acquisition original"
IMG_6898.jpg,resize,train,sg-0914,train/IMG_6898.jpg,same_name_original,resized_duplicate,same filename; 369x277->640x480; LANCZOS RGB MAE=5.0406; 64x64 luminance correlation=0.998786,Supported,immature apple,2,0,640,480,derived representation; excluded from independent image universe
IMG_6899.jpg,original,train,sg-0915,train/IMG_6899.jpg,self,canonical,deterministic representative selection,Confirmed,immature apple,1,0,369,277,"representative, not verified acquisition original"
IMG_6899.jpg,resize,train,sg-0915,train/IMG_6899.jpg,same_name_original,resized_duplicate,same filename; 369x277->640x480; LANCZOS RGB MAE=7.9573; 64x64 luminance correlation=0.999007,Supported,immature apple,1,0,640,480,derived representation; excluded from independent image universe
IMG_6900.jpg,original,train,sg-0916,train/IMG_6900.jpg,self,canonical,deterministic representative selection,Confirmed,immature apple,1,0,369,277,"representative, not verified acquisition original"
IMG_6900.jpg,resize,train,sg-0916,train/IMG_6900.jpg,same_name_original,resized_duplicate,same filename; 369x277->640x480; LANCZOS RGB MAE=11.0366; 64x64 luminance correlation=0.998661,Supported,immature apple,1,0,640,480,derived representation; excluded from independent image universe
IMG_6901.jpg,original,train,sg-0917,train/IMG_6901.jpg,self,canonical,deterministic representative selection,Confirmed,immature apple,1,0,369,277,"representative, not verified acquisition original"
IMG_6901.jpg,resize,train,sg-0917,train/IMG_6901.jpg,same_name_original,resized_duplicate,same filename; 369x277->640x480; LANCZOS RGB MAE=12.6096; 64x64 luminance correlation=0.998448,Supported,immature apple,1,0,640,480,derived representation; excluded from independent image universe
IMG_6902.jpg,original,train,sg-0918,train/IMG_6902.jpg,self,canonical,deterministic representative selection,Confirmed,immature apple,1,0,369,277,"representative, not verified acquisition original"
IMG_6902.jpg,resize,train,sg-0918,train/IMG_6902.jpg,same_name_original,resized_duplicate,same filename; 369x277->640x480; LANCZOS RGB MAE=13.0971; 64x64 luminance correlation=0.998169,Supported,immature apple,1,0,640,480,derived representation; excluded from independent image universe
IMG_6903.jpg,original,train,sg-0919,train/IMG_6903.jpg,self,canonical,deterministic representative selection,Confirmed,immature apple,2,0,369,277,"representative, not verified acquisition original"
IMG_6903.jpg,resize,train,sg-0919,train/IMG_6903.jpg,same_name_original,resized_duplicate,same filename; 369x277->640x480; LANCZOS RGB MAE=12.318; 64x64 luminance correlation=0.998375,Supported,immature apple,2,0,640,480,derived representation; excluded from independent image universe
IMG_6904.jpg,original,train,sg-0920,train/IMG_6904.jpg,self,canonical,deterministic representative selection,Confirmed,immature apple,2,0,369,277,"representative, not verified acquisition original"
IMG_6904.jpg,resize,train,sg-0920,train/IMG_6904.jpg,same_name_original,resized_duplicate,same filename; 369x277->640x480; LANCZOS RGB MAE=13.529; 64x64 luminance correlation=0.998584,Supported,immature apple,2,0,640,480,derived representation; excluded from independent image universe
IMG_6905.jpg,original,train,sg-0921,train/IMG_6905.jpg,self,canonical,deterministic representative selection,Confirmed,immature apple,2,0,369,277,"representative, not verified acquisition original"
IMG_6905.jpg,resize,train,sg-0921,train/IMG_6905.jpg,same_name_original,resized_duplicate,same filename; 369x277->640x480; LANCZOS RGB MAE=10.3276; 64x64 luminance correlation=0.99876,Supported,immature apple,2,0,640,480,derived representation; excluded from independent image universe
IMG_6906.jpg,original,train,sg-0922,train/IMG_6906.jpg,self,canonical,deterministic representative selection,Confirmed,immature apple,2,0,369,277,"representative, not verified acquisition original"
IMG_6906.jpg,resize,train,sg-0922,train/IMG_6906.jpg,same_name_original,resized_duplicate,same filename; 369x277->640x480; LANCZOS RGB MAE=13.3569; 64x64 luminance correlation=0.997954,Supported,immature apple,2,0,640,480,derived representation; excluded from independent image universe
IMG_6907.jpg,original,train,sg-0923,train/IMG_6907.jpg,self,canonical,deterministic representative selection,Confirmed,immature apple,1,0,369,277,"representative, not verified acquisition original"
IMG_6907.jpg,resize,train,sg-0923,train/IMG_6907.jpg,same_name_original,resized_duplicate,same filename; 369x277->640x480; LANCZOS RGB MAE=15.2516; 64x64 luminance correlation=0.99819,Supported,immature apple,1,0,640,480,derived representation; excluded from independent image universe
IMG_6908.jpg,original,train,sg-0924,train/IMG_6908.jpg,self,canonical,deterministic representative selection,Confirmed,immature apple,1,0,369,277,"representative, not verified acquisition original"
IMG_6908.jpg,resize,train,sg-0924,train/IMG_6908.jpg,same_name_original,resized_duplicate,same filename; 369x277->640x480; LANCZOS RGB MAE=15.9838; 64x64 luminance correlation=0.998111,Supported,immature apple,1,0,640,480,derived representation; excluded from independent image universe
IMG_6909.jpg,original,train,sg-0925,train/IMG_6909.jpg,self,canonical,deterministic representative selection,Confirmed,immature apple,2,0,369,277,"representative, not verified acquisition original"
IMG_6909.jpg,resize,train,sg-0925,train/IMG_6909.jpg,same_name_original,resized_duplicate,same filename; 369x277->640x480; LANCZOS RGB MAE=6.8816; 64x64 luminance correlation=0.999117,Supported,immature apple,2,0,640,480,derived representation; excluded from independent image universe
IMG_6910.jpg,original,train,sg-0926,train/IMG_6910.jpg,self,canonical,deterministic representative selection,Confirmed,immature apple,1,0,369,277,"representative, not verified acquisition original"
IMG_6910.jpg,resize,train,sg-0926,train/IMG_6910.jpg,same_name_original,resized_duplicate,same filename; 369x277->640x480; LANCZOS RGB MAE=11.6932; 64x64 luminance correlation=0.998462,Supported,immature apple,1,0,640,480,derived representation; excluded from independent image universe
IMG_6911.jpg,original,train,sg-0927,train/IMG_6911.jpg,self,canonical,deterministic representative selection,Confirmed,immature apple,2,0,369,277,"representative, not verified acquisition original"
IMG_6911.jpg,resize,train,sg-0927,train/IMG_6911.jpg,same_name_original,resized_duplicate,same filename; 369x277->640x480; LANCZOS RGB MAE=10.4834; 64x64 luminance correlation=0.998749,Supported,immature apple,2,0,640,480,derived representation; excluded from independent image universe
IMG_6912.jpg,original,train,sg-0928,train/IMG_6912.jpg,self,canonical,deterministic representative selection,Confirmed,immature apple,2,0,369,277,"representative, not verified acquisition original"
IMG_6912.jpg,resize,train,sg-0928,train/IMG_6912.jpg,same_name_original,resized_duplicate,same filename; 369x277->640x480; LANCZOS RGB MAE=10.8707; 64x64 luminance correlation=0.998992,Supported,immature apple,2,0,640,480,derived representation; excluded from independent image universe
IMG_6913.jpg,original,train,sg-0929,train/IMG_6913.jpg,self,canonical,deterministic representative selection,Confirmed,immature apple,2,0,369,277,"representative, not verified acquisition original"
IMG_6913.jpg,resize,train,sg-0929,train/IMG_6913.jpg,same_name_original,resized_duplicate,same filename; 369x277->640x480; LANCZOS RGB MAE=10.6438; 64x64 luminance correlation=0.999014,Supported,immature apple,2,0,640,480,derived representation; excluded from independent image universe
IMG_6914.jpg,original,train,sg-0930,train/IMG_6914.jpg,self,canonical,deterministic representative selection,Confirmed,immature apple,1,0,369,277,"representative, not verified acquisition original"
IMG_6914.jpg,resize,train,sg-0930,train/IMG_6914.jpg,same_name_original,resized_duplicate,same filename; 369x277->640x480; LANCZOS RGB MAE=10.07; 64x64 luminance correlation=0.999038,Supported,immature apple,1,0,640,480,derived representation; excluded from independent image universe
IMG_6915.jpg,original,train,sg-0931,train/IMG_6915.jpg,self,canonical,deterministic representative selection,Confirmed,immature apple,2,0,369,277,"representative, not verified acquisition original"
IMG_6915.jpg,resize,train,sg-0931,train/IMG_6915.jpg,same_name_original,resized_duplicate,same filename; 369x277->640x480; LANCZOS RGB MAE=11.7461; 64x64 luminance correlation=0.999145,Supported,immature apple,2,0,640,480,derived representation; excluded from independent image universe
IMG_6916.jpg,original,train,sg-0932,train/IMG_6916.jpg,self,canonical,deterministic representative selection,Confirmed,immature apple,1,0,369,277,"representative, not verified acquisition original"
IMG_6916.jpg,resize,train,sg-0932,train/IMG_6916.jpg,same_name_original,resized_duplicate,same filename; 369x277->640x480; LANCZOS RGB MAE=11.643; 64x64 luminance correlation=0.998676,Supported,immature apple,1,0,640,480,derived representation; excluded from independent image universe
IMG_6917.jpg,original,train,sg-0933,train/IMG_6917.jpg,self,canonical,deterministic representative selection,Confirmed,immature apple,1,0,369,277,"representative, not verified acquisition original"
IMG_6917.jpg,resize,train,sg-0933,train/IMG_6917.jpg,same_name_original,resized_duplicate,same filename; 369x277->640x480; LANCZOS RGB MAE=12.2918; 64x64 luminance correlation=0.998386,Supported,immature apple,1,0,640,480,derived representation; excluded from independent image universe
IMG_6918.jpg,original,train,sg-0934,train/IMG_6918.jpg,self,canonical,deterministic representative selection,Confirmed,immature apple,1,0,369,277,"representative, not verified acquisition original"
IMG_6918.jpg,resize,train,sg-0934,train/IMG_6918.jpg,same_name_original,resized_duplicate,same filename; 369x277->640x480; LANCZOS RGB MAE=11.8305; 64x64 luminance correlation=0.998317,Supported,immature apple,1,0,640,480,derived representation; excluded from independent image universe
IMG_6921.jpg,original,train,sg-0935,train/IMG_6921.jpg,self,canonical,deterministic representative selection,Confirmed,immature apple,1,0,369,277,"representative, not verified acquisition original"
IMG_6921.jpg,resize,train,sg-0935,train/IMG_6921.jpg,same_name_original,resized_duplicate,same filename; 369x277->640x480; LANCZOS RGB MAE=15.4677; 64x64 luminance correlation=0.998246,Supported,immature apple,1,0,640,480,derived representation; excluded from independent image universe
IMG_6922.jpg,original,train,sg-0936,train/IMG_6922.jpg,self,canonical,deterministic representative selection,Confirmed,immature apple,1,0,369,277,"representative, not verified acquisition original"
IMG_6922.jpg,resize,train,sg-0936,train/IMG_6922.jpg,same_name_original,resized_duplicate,same filename; 369x277->640x480; LANCZOS RGB MAE=13.7702; 64x64 luminance correlation=0.998504,Supported,immature apple,1,0,640,480,derived representation; excluded from independent image universe
IMG_6923.jpg,original,train,sg-0937,train/IMG_6923.jpg,self,canonical,deterministic representative selection,Confirmed,immature apple,1,0,369,277,"representative, not verified acquisition original"
IMG_6923.jpg,resize,train,sg-0937,train/IMG_6923.jpg,same_name_original,resized_duplicate,same filename; 369x277->640x480; LANCZOS RGB MAE=7.873; 64x64 luminance correlation=0.99898,Supported,immature apple,1,0,640,480,derived representation; excluded from independent image universe
IMG_6924.jpg,original,train,sg-0938,train/IMG_6924.jpg,self,canonical,deterministic representative selection,Confirmed,immature apple,2,0,369,277,"representative, not verified acquisition original"
IMG_6924.jpg,resize,train,sg-0938,train/IMG_6924.jpg,same_name_original,resized_duplicate,same filename; 369x277->640x480; LANCZOS RGB MAE=9.9966; 64x64 luminance correlation=0.998654,Supported,immature apple,2,0,640,480,derived representation; excluded from independent image universe
IMG_6925.jpg,original,train,sg-0939,train/IMG_6925.jpg,self,canonical,deterministic representative selection,Confirmed,immature apple,1,0,369,277,"representative, not verified acquisition original"
IMG_6925.jpg,resize,train,sg-0939,train/IMG_6925.jpg,same_name_original,resized_duplicate,same filename; 369x277->640x480; LANCZOS RGB MAE=11.1996; 64x64 luminance correlation=0.998861,Supported,immature apple,1,0,640,480,derived representation; excluded from independent image universe
IMG_6926.jpg,original,train,sg-0940,train/IMG_6926.jpg,self,canonical,deterministic representative selection,Confirmed,immature apple,1,0,369,277,"representative, not verified acquisition original"
IMG_6926.jpg,resize,train,sg-0940,train/IMG_6926.jpg,same_name_original,resized_duplicate,same filename; 369x277->640x480; LANCZOS RGB MAE=12.3313; 64x64 luminance correlation=0.998353,Supported,immature apple,1,0,640,480,derived representation; excluded from independent image universe
IMG_6927.jpg,original,train,sg-0941,train/IMG_6927.jpg,self,canonical,deterministic representative selection,Confirmed,semi-mature apple,2,0,369,277,"representative, not verified acquisition original"
IMG_6927.jpg,resize,train,sg-0941,train/IMG_6927.jpg,same_name_original,resized_duplicate,same filename; 369x277->640x480; LANCZOS RGB MAE=10.8532; 64x64 luminance correlation=0.998538,Supported,semi-mature apple,2,0,640,480,derived representation; excluded from independent image universe
IMG_6928.jpg,original,train,sg-0942,train/IMG_6928.jpg,self,canonical,deterministic representative selection,Confirmed,immature apple|semi-mature apple,2,0,369,277,"representative, not verified acquisition original"
IMG_6928.jpg,resize,train,sg-0942,train/IMG_6928.jpg,same_name_original,resized_duplicate,same filename; 369x277->640x480; LANCZOS RGB MAE=9.625; 64x64 luminance correlation=0.998604,Supported,immature apple|semi-mature apple,2,0,640,480,derived representation; excluded from independent image universe
IMG_6929.jpg,original,train,sg-0943,train/IMG_6929.jpg,self,canonical,deterministic representative selection,Confirmed,immature apple|semi-mature apple,2,0,369,277,"representative, not verified acquisition original"
IMG_6929.jpg,resize,train,sg-0943,train/IMG_6929.jpg,same_name_original,resized_duplicate,same filename; 369x277->640x480; LANCZOS RGB MAE=9.6965; 64x64 luminance correlation=0.998516,Supported,immature apple|semi-mature apple,2,0,640,480,derived representation; excluded from independent image universe
IMG_6930.jpg,original,train,sg-0944,train/IMG_6930.jpg,self,canonical,deterministic representative selection,Confirmed,immature apple,1,0,369,277,"representative, not verified acquisition original"
IMG_6930.jpg,resize,train,sg-0944,train/IMG_6930.jpg,same_name_original,resized_duplicate,same filename; 369x277->640x480; LANCZOS RGB MAE=8.7908; 64x64 luminance correlation=0.998757,Supported,immature apple,1,0,640,480,derived representation; excluded from independent image universe
IMG_6931.jpg,original,train,sg-0945,train/IMG_6931.jpg,self,canonical,deterministic representative selection,Confirmed,immature apple,3,0,369,277,"representative, not verified acquisition original"
IMG_6931.jpg,resize,train,sg-0945,train/IMG_6931.jpg,same_name_original,resized_duplicate,same filename; 369x277->640x480; LANCZOS RGB MAE=9.8177; 64x64 luminance correlation=0.998601,Supported,immature apple,3,0,640,480,derived representation; excluded from independent image universe
IMG_6932.jpg,original,train,sg-0946,train/IMG_6932.jpg,self,canonical,deterministic representative selection,Confirmed,immature apple,3,0,369,277,"representative, not verified acquisition original"
IMG_6932.jpg,resize,train,sg-0946,train/IMG_6932.jpg,same_name_original,resized_duplicate,same filename; 369x277->640x480; LANCZOS RGB MAE=9.8127; 64x64 luminance correlation=0.998588,Supported,immature apple,3,0,640,480,derived representation; excluded from independent image universe
IMG_6933.jpg,original,train,sg-0947,train/IMG_6933.jpg,self,canonical,deterministic representative selection,Confirmed,immature apple,1,0,369,277,"representative, not verified acquisition original"
IMG_6933.jpg,resize,train,sg-0947,train/IMG_6933.jpg,same_name_original,resized_duplicate,same filename; 369x277->640x480; LANCZOS RGB MAE=12.4927; 64x64 luminance correlation=0.998161,Supported,immature apple,1,0,640,480,derived representation; excluded from independent image universe
IMG_6934.jpg,original,train,sg-0948,train/IMG_6934.jpg,self,canonical,deterministic representative selection,Confirmed,semi-mature apple,1,0,369,277,"representative, not verified acquisition original"
IMG_6934.jpg,resize,train,sg-0948,train/IMG_6934.jpg,same_name_original,resized_duplicate,same filename; 369x277->640x480; LANCZOS RGB MAE=11.1389; 64x64 luminance correlation=0.998788,Supported,semi-mature apple,1,0,640,480,derived representation; excluded from independent image universe
IMG_6935.jpg,original,train,sg-0949,train/IMG_6935.jpg,self,canonical,deterministic representative selection,Confirmed,immature apple,2,0,369,277,"representative, not verified acquisition original"
IMG_6935.jpg,resize,train,sg-0949,train/IMG_6935.jpg,same_name_original,resized_duplicate,same filename; 369x277->640x480; LANCZOS RGB MAE=10.4187; 64x64 luminance correlation=0.99909,Supported,immature apple,2,0,640,480,derived representation; excluded from independent image universe
IMG_6936.jpg,original,train,sg-0950,train/IMG_6936.jpg,self,canonical,deterministic representative selection,Confirmed,immature apple,1,0,369,277,"representative, not verified acquisition original"
IMG_6936.jpg,resize,train,sg-0950,train/IMG_6936.jpg,same_name_original,resized_duplicate,same filename; 369x277->640x480; LANCZOS RGB MAE=10.1707; 64x64 luminance correlation=0.998415,Supported,immature apple,1,0,640,480,derived representation; excluded from independent image universe
IMG_6937.jpg,original,train,sg-0951,train/IMG_6937.jpg,self,canonical,deterministic representative selection,Confirmed,immature apple,2,0,369,277,"representative, not verified acquisition original"
IMG_6937.jpg,resize,train,sg-0951,train/IMG_6937.jpg,same_name_original,resized_duplicate,same filename; 369x277->640x480; LANCZOS RGB MAE=10.6076; 64x64 luminance correlation=0.999269,Supported,immature apple,2,0,640,480,derived representation; excluded from independent image universe
IMG_6939.jpg,original,train,sg-0952,train/IMG_6939.jpg,self,canonical,deterministic representative selection,Confirmed,immature apple,3,0,369,277,"representative, not verified acquisition original"
IMG_6939.jpg,resize,train,sg-0952,train/IMG_6939.jpg,same_name_original,resized_duplicate,same filename; 369x277->640x480; LANCZOS RGB MAE=10.1921; 64x64 luminance correlation=0.999229,Supported,immature apple,3,0,640,480,derived representation; excluded from independent image universe
IMG_6940.jpg,original,train,sg-0953,train/IMG_6940.jpg,self,canonical,deterministic representative selection,Confirmed,immature apple,2,0,369,277,"representative, not verified acquisition original"
IMG_6940.jpg,resize,train,sg-0953,train/IMG_6940.jpg,same_name_original,resized_duplicate,same filename; 369x277->640x480; LANCZOS RGB MAE=7.6525; 64x64 luminance correlation=0.999485,Supported,immature apple,2,0,640,480,derived representation; excluded from independent image universe
IMG_6942.jpg,original,train,sg-0954,train/IMG_6942.jpg,self,canonical,deterministic representative selection,Confirmed,semi-mature apple,1,0,369,277,"representative, not verified acquisition original"
IMG_6942.jpg,resize,train,sg-0954,train/IMG_6942.jpg,same_name_original,resized_duplicate,same filename; 369x277->640x480; LANCZOS RGB MAE=7.8585; 64x64 luminance correlation=0.999312,Supported,semi-mature apple,1,0,640,480,derived representation; excluded from independent image universe
IMG_6943.jpg,original,train,sg-0955,train/IMG_6943.jpg,self,canonical,deterministic representative selection,Confirmed,semi-mature apple,1,0,369,277,"representative, not verified acquisition original"
IMG_6943.jpg,resize,train,sg-0955,train/IMG_6943.jpg,same_name_original,resized_duplicate,same filename; 369x277->640x480; LANCZOS RGB MAE=12.5017; 64x64 luminance correlation=0.998967,Supported,semi-mature apple,1,0,640,480,derived representation; excluded from independent image universe
IMG_6946.jpg,original,train,sg-0956,train/IMG_6946.jpg,self,canonical,deterministic representative selection,Confirmed,immature apple,1,0,369,277,"representative, not verified acquisition original"
IMG_6946.jpg,resize,train,sg-0956,train/IMG_6946.jpg,same_name_original,resized_duplicate,same filename; 369x277->640x480; LANCZOS RGB MAE=7.6941; 64x64 luminance correlation=0.999487,Supported,immature apple,1,0,640,480,derived representation; excluded from independent image universe
IMG_6948.jpg,original,train,sg-0957,train/IMG_6948.jpg,self,canonical,deterministic representative selection,Confirmed,immature apple,1,0,369,277,"representative, not verified acquisition original"
IMG_6948.jpg,resize,train,sg-0957,train/IMG_6948.jpg,same_name_original,resized_duplicate,same filename; 369x277->640x480; LANCZOS RGB MAE=12.306; 64x64 luminance correlation=0.998972,Supported,immature apple,1,0,640,480,derived representation; excluded from independent image universe
IMG_6950.jpg,original,train,sg-0958,train/IMG_6950.jpg,self,canonical,deterministic representative selection,Confirmed,immature apple,1,0,369,277,"representative, not verified acquisition original"
IMG_6950.jpg,resize,train,sg-0958,train/IMG_6950.jpg,same_name_original,resized_duplicate,same filename; 369x277->640x480; LANCZOS RGB MAE=8.964; 64x64 luminance correlation=0.999106,Supported,immature apple,1,0,640,480,derived representation; excluded from independent image universe
IMG_6951.jpg,original,train,sg-0959,train/IMG_6951.jpg,self,canonical,deterministic representative selection,Confirmed,semi-mature apple,1,0,369,277,"representative, not verified acquisition original"
IMG_6951.jpg,resize,train,sg-0959,train/IMG_6951.jpg,same_name_original,resized_duplicate,same filename; 369x277->640x480; LANCZOS RGB MAE=14.4628; 64x64 luminance correlation=0.999112,Supported,semi-mature apple,1,0,640,480,derived representation; excluded from independent image universe
IMG_6953.jpg,original,train,sg-0960,train/IMG_6953.jpg,self,canonical,deterministic representative selection,Confirmed,immature apple,1,0,369,277,"representative, not verified acquisition original"
IMG_6953.jpg,resize,train,sg-0960,train/IMG_6953.jpg,same_name_original,resized_duplicate,same filename; 369x277->640x480; LANCZOS RGB MAE=6.3715; 64x64 luminance correlation=0.999342,Supported,immature apple,1,0,640,480,derived representation; excluded from independent image universe
IMG_6954.jpg,original,train,sg-0961,train/IMG_6954.jpg,self,canonical,deterministic representative selection,Confirmed,immature apple|semi-mature apple,2,0,369,277,"representative, not verified acquisition original"
IMG_6954.jpg,resize,train,sg-0961,train/IMG_6954.jpg,same_name_original,resized_duplicate,same filename; 369x277->640x480; LANCZOS RGB MAE=10.7873; 64x64 luminance correlation=0.998903,Supported,immature apple|semi-mature apple,2,0,640,480,derived representation; excluded from independent image universe
IMG_6955.jpg,original,train,sg-0962,train/IMG_6955.jpg,self,canonical,deterministic representative selection,Confirmed,semi-mature apple,2,0,369,277,"representative, not verified acquisition original"
IMG_6955.jpg,resize,train,sg-0962,train/IMG_6955.jpg,same_name_original,resized_duplicate,same filename; 369x277->640x480; LANCZOS RGB MAE=12.1671; 64x64 luminance correlation=0.998507,Supported,semi-mature apple,2,0,640,480,derived representation; excluded from independent image universe
IMG_6956.jpg,original,train,sg-0963,train/IMG_6956.jpg,self,canonical,deterministic representative selection,Confirmed,semi-mature apple,1,0,369,277,"representative, not verified acquisition original"
IMG_6956.jpg,resize,train,sg-0963,train/IMG_6956.jpg,same_name_original,resized_duplicate,same filename; 369x277->640x480; LANCZOS RGB MAE=9.5979; 64x64 luminance correlation=0.998807,Supported,semi-mature apple,1,0,640,480,derived representation; excluded from independent image universe
IMG_6958.jpg,original,train,sg-0964,train/IMG_6958.jpg,self,canonical,deterministic representative selection,Confirmed,immature apple|semi-mature apple,2,0,369,277,"representative, not verified acquisition original"
IMG_6958.jpg,resize,train,sg-0964,train/IMG_6958.jpg,same_name_original,resized_duplicate,same filename; 369x277->640x480; LANCZOS RGB MAE=11.6891; 64x64 luminance correlation=0.998384,Supported,immature apple|semi-mature apple,2,0,640,480,derived representation; excluded from independent image universe
IMG_6959.jpg,original,train,sg-0965,train/IMG_6959.jpg,self,canonical,deterministic representative selection,Confirmed,immature apple,2,0,369,277,"representative, not verified acquisition original"
IMG_6959.jpg,resize,train,sg-0965,train/IMG_6959.jpg,same_name_original,resized_duplicate,same filename; 369x277->640x480; LANCZOS RGB MAE=11.0352; 64x64 luminance correlation=0.999079,Supported,immature apple,2,0,640,480,derived representation; excluded from independent image universe
IMG_6961.jpg,original,train,sg-0966,train/IMG_6961.jpg,self,canonical,deterministic representative selection,Confirmed,immature apple,2,0,369,277,"representative, not verified acquisition original"
IMG_6961.jpg,resize,train,sg-0966,train/IMG_6961.jpg,same_name_original,resized_duplicate,same filename; 369x277->640x480; LANCZOS RGB MAE=11.9557; 64x64 luminance correlation=0.998387,Supported,immature apple,2,0,640,480,derived representation; excluded from independent image universe
IMG_6962.jpg,original,train,sg-0967,train/IMG_6962.jpg,self,canonical,deterministic representative selection,Confirmed,immature apple,3,0,369,277,"representative, not verified acquisition original"
IMG_6962.jpg,resize,train,sg-0967,train/IMG_6962.jpg,same_name_original,resized_duplicate,same filename; 369x277->640x480; LANCZOS RGB MAE=8.0208; 64x64 luminance correlation=0.999173,Supported,immature apple,3,0,640,480,derived representation; excluded from independent image universe
IMG_6963.jpg,original,train,sg-0968,train/IMG_6963.jpg,self,canonical,deterministic representative selection,Confirmed,immature apple,1,0,369,277,"representative, not verified acquisition original"
IMG_6963.jpg,resize,train,sg-0968,train/IMG_6963.jpg,same_name_original,resized_duplicate,same filename; 369x277->640x480; LANCZOS RGB MAE=8.107; 64x64 luminance correlation=0.999356,Supported,immature apple,1,0,640,480,derived representation; excluded from independent image universe
IMG_6964.jpg,original,train,sg-0969,train/IMG_6964.jpg,self,canonical,deterministic representative selection,Confirmed,immature apple,1,0,369,277,"representative, not verified acquisition original"
IMG_6964.jpg,resize,train,sg-0969,train/IMG_6964.jpg,same_name_original,resized_duplicate,same filename; 369x277->640x480; LANCZOS RGB MAE=7.5116; 64x64 luminance correlation=0.999269,Supported,immature apple,1,0,640,480,derived representation; excluded from independent image universe
IMG_6965.jpg,original,train,sg-0970,train/IMG_6965.jpg,self,canonical,deterministic representative selection,Confirmed,immature apple,2,0,369,277,"representative, not verified acquisition original"
IMG_6965.jpg,resize,train,sg-0970,train/IMG_6965.jpg,same_name_original,resized_duplicate,same filename; 369x277->640x480; LANCZOS RGB MAE=10.709; 64x64 luminance correlation=0.999161,Supported,immature apple,2,0,640,480,derived representation; excluded from independent image universe
IMG_6968.jpg,original,train,sg-0971,train/IMG_6968.jpg,self,canonical,deterministic representative selection,Confirmed,immature apple,2,0,369,277,"representative, not verified acquisition original"
IMG_6968.jpg,resize,train,sg-0971,train/IMG_6968.jpg,same_name_original,resized_duplicate,same filename; 369x277->640x480; LANCZOS RGB MAE=13.1417; 64x64 luminance correlation=0.998844,Supported,immature apple,2,0,640,480,derived representation; excluded from independent image universe
IMG_6969.jpg,original,train,sg-0972,train/IMG_6969.jpg,self,canonical,deterministic representative selection,Confirmed,semi-mature apple,2,0,369,277,"representative, not verified acquisition original"
IMG_6969.jpg,resize,train,sg-0972,train/IMG_6969.jpg,same_name_original,resized_duplicate,same filename; 369x277->640x480; LANCZOS RGB MAE=10.6323; 64x64 luminance correlation=0.998654,Supported,semi-mature apple,2,0,640,480,derived representation; excluded from independent image universe
IMG_6970.jpg,original,train,sg-0973,train/IMG_6970.jpg,self,canonical,deterministic representative selection,Confirmed,immature apple,1,0,369,277,"representative, not verified acquisition original"
IMG_6970.jpg,resize,train,sg-0973,train/IMG_6970.jpg,same_name_original,resized_duplicate,same filename; 369x277->640x480; LANCZOS RGB MAE=12.2692; 64x64 luminance correlation=0.998511,Supported,immature apple,1,0,640,480,derived representation; excluded from independent image universe
IMG_6971.jpg,original,train,sg-0974,train/IMG_6971.jpg,self,canonical,deterministic representative selection,Confirmed,immature apple,2,0,369,277,"representative, not verified acquisition original"
IMG_6971.jpg,resize,train,sg-0974,train/IMG_6971.jpg,same_name_original,resized_duplicate,same filename; 369x277->640x480; LANCZOS RGB MAE=12.8567; 64x64 luminance correlation=0.99851,Supported,immature apple,2,0,640,480,derived representation; excluded from independent image universe
IMG_6972.jpg,original,train,sg-0975,train/IMG_6972.jpg,self,canonical,deterministic representative selection,Confirmed,immature apple,2,0,369,277,"representative, not verified acquisition original"
IMG_6972.jpg,resize,train,sg-0975,train/IMG_6972.jpg,same_name_original,resized_duplicate,same filename; 369x277->640x480; LANCZOS RGB MAE=13.4285; 64x64 luminance correlation=0.998381,Supported,immature apple,2,0,640,480,derived representation; excluded from independent image universe
IMG_6973.jpg,original,train,sg-0976,train/IMG_6973.jpg,self,canonical,deterministic representative selection,Confirmed,immature apple,2,0,369,277,"representative, not verified acquisition original"
IMG_6973.jpg,resize,train,sg-0976,train/IMG_6973.jpg,same_name_original,resized_duplicate,same filename; 369x277->640x480; LANCZOS RGB MAE=16.3849; 64x64 luminance correlation=0.998101,Supported,immature apple,2,0,640,480,derived representation; excluded from independent image universe
IMG_6974.jpg,original,train,sg-0977,train/IMG_6974.jpg,self,canonical,deterministic representative selection,Confirmed,immature apple,1,0,369,277,"representative, not verified acquisition original"
IMG_6974.jpg,resize,train,sg-0977,train/IMG_6974.jpg,same_name_original,resized_duplicate,same filename; 369x277->640x480; LANCZOS RGB MAE=11.385; 64x64 luminance correlation=0.998708,Supported,immature apple,1,0,640,480,derived representation; excluded from independent image universe
IMG_6983.jpg,original,train,sg-0978,train/IMG_6983.jpg,self,canonical,deterministic representative selection,Confirmed,immature apple,2,0,369,277,"representative, not verified acquisition original"
IMG_6983.jpg,resize,train,sg-0978,train/IMG_6983.jpg,same_name_original,resized_duplicate,same filename; 369x277->640x480; LANCZOS RGB MAE=9.9637; 64x64 luminance correlation=0.998806,Supported,immature apple,2,0,640,480,derived representation; excluded from independent image universe
IMG_6984.jpg,original,train,sg-0979,train/IMG_6984.jpg,self,canonical,deterministic representative selection,Confirmed,immature apple,2,0,369,277,"representative, not verified acquisition original"
IMG_6984.jpg,resize,train,sg-0979,train/IMG_6984.jpg,same_name_original,resized_duplicate,same filename; 369x277->640x480; LANCZOS RGB MAE=9.9343; 64x64 luminance correlation=0.998379,Supported,immature apple,2,0,640,480,derived representation; excluded from independent image universe
IMG_6985.jpg,original,train,sg-0980,train/IMG_6985.jpg,self,canonical,deterministic representative selection,Confirmed,immature apple,2,0,369,277,"representative, not verified acquisition original"
IMG_6985.jpg,resize,train,sg-0980,train/IMG_6985.jpg,same_name_original,resized_duplicate,same filename; 369x277->640x480; LANCZOS RGB MAE=9.6658; 64x64 luminance correlation=0.999308,Supported,immature apple,2,0,640,480,derived representation; excluded from independent image universe
IMG_6987.jpg,original,train,sg-0981,train/IMG_6987.jpg,self,canonical,deterministic representative selection,Confirmed,immature apple,2,0,369,277,"representative, not verified acquisition original"
IMG_6987.jpg,resize,train,sg-0981,train/IMG_6987.jpg,same_name_original,resized_duplicate,same filename; 369x277->640x480; LANCZOS RGB MAE=8.9029; 64x64 luminance correlation=0.99925,Supported,immature apple,2,0,640,480,derived representation; excluded from independent image universe
IMG_6988.jpg,original,train,sg-0982,train/IMG_6988.jpg,self,canonical,deterministic representative selection,Confirmed,immature apple,2,0,369,277,"representative, not verified acquisition original"
IMG_6988.jpg,resize,train,sg-0982,train/IMG_6988.jpg,same_name_original,resized_duplicate,same filename; 369x277->640x480; LANCZOS RGB MAE=11.3101; 64x64 luminance correlation=0.998456,Supported,immature apple,2,0,640,480,derived representation; excluded from independent image universe
IMG_6990.jpg,original,train,sg-0983,train/IMG_6990.jpg,self,canonical,deterministic representative selection,Confirmed,immature apple,1,0,369,277,"representative, not verified acquisition original"
IMG_6990.jpg,resize,train,sg-0983,train/IMG_6990.jpg,same_name_original,resized_duplicate,same filename; 369x277->640x480; LANCZOS RGB MAE=10.091; 64x64 luminance correlation=0.998923,Supported,immature apple,1,0,640,480,derived representation; excluded from independent image universe
IMG_6992.jpg,original,train,sg-0984,train/IMG_6992.jpg,self,canonical,deterministic representative selection,Confirmed,immature apple|semi-mature apple,2,0,369,277,"representative, not verified acquisition original"
IMG_6992.jpg,resize,train,sg-0984,train/IMG_6992.jpg,same_name_original,resized_duplicate,same filename; 369x277->640x480; LANCZOS RGB MAE=8.8434; 64x64 luminance correlation=0.99908,Supported,immature apple|semi-mature apple,2,0,640,480,derived representation; excluded from independent image universe
IMG_6994.jpg,original,train,sg-0985,train/IMG_6994.jpg,self,canonical,deterministic representative selection,Confirmed,immature apple|semi-mature apple,2,0,369,277,"representative, not verified acquisition original"
IMG_6994.jpg,resize,train,sg-0985,train/IMG_6994.jpg,same_name_original,resized_duplicate,same filename; 369x277->640x480; LANCZOS RGB MAE=7.8189; 64x64 luminance correlation=0.998874,Supported,immature apple|semi-mature apple,2,0,640,480,derived representation; excluded from independent image universe
IMG_6995.jpg,original,train,sg-0986,train/IMG_6995.jpg,self,canonical,deterministic representative selection,Confirmed,immature apple,2,0,369,277,"representative, not verified acquisition original"
IMG_6995.jpg,resize,train,sg-0986,train/IMG_6995.jpg,same_name_original,resized_duplicate,same filename; 369x277->640x480; LANCZOS RGB MAE=7.3881; 64x64 luminance correlation=0.998708,Supported,immature apple,2,0,640,480,derived representation; excluded from independent image universe
IMG_6997.jpg,original,train,sg-0987,train/IMG_6997.jpg,self,canonical,deterministic representative selection,Confirmed,immature apple,2,0,369,277,"representative, not verified acquisition original"
IMG_6997.jpg,resize,train,sg-0987,train/IMG_6997.jpg,same_name_original,resized_duplicate,same filename; 369x277->640x480; LANCZOS RGB MAE=8.0957; 64x64 luminance correlation=0.998844,Supported,immature apple,2,0,640,480,derived representation; excluded from independent image universe
IMG_6999.jpg,original,train,sg-0988,train/IMG_6999.jpg,self,canonical,deterministic representative selection,Confirmed,immature apple,2,0,369,277,"representative, not verified acquisition original"
IMG_6999.jpg,resize,train,sg-0988,train/IMG_6999.jpg,same_name_original,resized_duplicate,same filename; 369x277->640x480; LANCZOS RGB MAE=11.1129; 64x64 luminance correlation=0.998892,Supported,immature apple,2,0,640,480,derived representation; excluded from independent image universe
IMG_7001.jpg,original,train,sg-0989,train/IMG_7001.jpg,self,canonical,deterministic representative selection,Confirmed,immature apple,1,0,369,277,"representative, not verified acquisition original"
IMG_7001.jpg,resize,train,sg-0989,train/IMG_7001.jpg,same_name_original,resized_duplicate,same filename; 369x277->640x480; LANCZOS RGB MAE=10.5996; 64x64 luminance correlation=0.998828,Supported,immature apple,1,0,640,480,derived representation; excluded from independent image universe
IMG_7003.jpg,original,train,sg-0990,train/IMG_7003.jpg,self,canonical,deterministic representative selection,Confirmed,immature apple,1,0,369,277,"representative, not verified acquisition original"
IMG_7003.jpg,resize,train,sg-0990,train/IMG_7003.jpg,same_name_original,resized_duplicate,same filename; 369x277->640x480; LANCZOS RGB MAE=13.0777; 64x64 luminance correlation=0.998245,Supported,immature apple,1,0,640,480,derived representation; excluded from independent image universe
IMG_7004.jpg,original,train,sg-0991,train/IMG_7004.jpg,self,canonical,deterministic representative selection,Confirmed,immature apple,1,0,369,277,"representative, not verified acquisition original"
IMG_7004.jpg,resize,train,sg-0991,train/IMG_7004.jpg,same_name_original,resized_duplicate,same filename; 369x277->640x480; LANCZOS RGB MAE=9.0194; 64x64 luminance correlation=0.99874,Supported,immature apple,1,0,640,480,derived representation; excluded from independent image universe
IMG_7007.jpg,original,train,sg-0992,train/IMG_7007.jpg,self,canonical,deterministic representative selection,Confirmed,immature apple,2,0,369,277,"representative, not verified acquisition original"
IMG_7007.jpg,resize,train,sg-0992,train/IMG_7007.jpg,same_name_original,resized_duplicate,same filename; 369x277->640x480; LANCZOS RGB MAE=9.875; 64x64 luminance correlation=0.998203,Supported,immature apple,2,0,640,480,derived representation; excluded from independent image universe
IMG_7009.jpg,original,train,sg-0993,train/IMG_7009.jpg,self,canonical,deterministic representative selection,Confirmed,immature apple,2,0,369,277,"representative, not verified acquisition original"
IMG_7009.jpg,resize,train,sg-0993,train/IMG_7009.jpg,same_name_original,resized_duplicate,same filename; 369x277->640x480; LANCZOS RGB MAE=6.5936; 64x64 luminance correlation=0.999181,Supported,immature apple,2,0,640,480,derived representation; excluded from independent image universe
IMG_7010.jpg,original,train,sg-0994,train/IMG_7010.jpg,self,canonical,deterministic representative selection,Confirmed,immature apple,2,0,369,277,"representative, not verified acquisition original"
IMG_7010.jpg,resize,train,sg-0994,train/IMG_7010.jpg,same_name_original,resized_duplicate,same filename; 369x277->640x480; LANCZOS RGB MAE=8.7174; 64x64 luminance correlation=0.998952,Supported,immature apple,2,0,640,480,derived representation; excluded from independent image universe
IMG_7012.jpg,original,train,sg-0995,train/IMG_7012.jpg,self,canonical,deterministic representative selection,Confirmed,immature apple,2,0,369,277,"representative, not verified acquisition original"
IMG_7012.jpg,resize,train,sg-0995,train/IMG_7012.jpg,same_name_original,resized_duplicate,same filename; 369x277->640x480; LANCZOS RGB MAE=9.5793; 64x64 luminance correlation=0.9989,Supported,immature apple,2,0,640,480,derived representation; excluded from independent image universe
IMG_7015.jpg,original,train,sg-0996,train/IMG_7015.jpg,self,canonical,deterministic representative selection,Confirmed,semi-mature apple,1,0,369,277,"representative, not verified acquisition original"
IMG_7015.jpg,resize,train,sg-0996,train/IMG_7015.jpg,same_name_original,resized_duplicate,same filename; 369x277->640x480; LANCZOS RGB MAE=7.7526; 64x64 luminance correlation=0.999196,Supported,semi-mature apple,1,0,640,480,derived representation; excluded from independent image universe
IMG_7017.jpg,original,train,sg-0997,train/IMG_7017.jpg,self,canonical,deterministic representative selection,Confirmed,immature apple,1,0,369,277,"representative, not verified acquisition original"
IMG_7017.jpg,resize,train,sg-0997,train/IMG_7017.jpg,same_name_original,resized_duplicate,same filename; 369x277->640x480; LANCZOS RGB MAE=8.7384; 64x64 luminance correlation=0.999103,Supported,immature apple,1,0,640,480,derived representation; excluded from independent image universe
IMG_7018.jpg,original,train,sg-0998,train/IMG_7018.jpg,self,canonical,deterministic representative selection,Confirmed,immature apple,1,0,369,277,"representative, not verified acquisition original"
IMG_7018.jpg,resize,train,sg-0998,train/IMG_7018.jpg,same_name_original,resized_duplicate,same filename; 369x277->640x480; LANCZOS RGB MAE=8.2723; 64x64 luminance correlation=0.999089,Supported,immature apple,1,0,640,480,derived representation; excluded from independent image universe
IMG_7019.jpg,original,train,sg-0999,train/IMG_7019.jpg,self,canonical,deterministic representative selection,Confirmed,immature apple,1,0,369,277,"representative, not verified acquisition original"
IMG_7019.jpg,resize,train,sg-0999,train/IMG_7019.jpg,same_name_original,resized_duplicate,same filename; 369x277->640x480; LANCZOS RGB MAE=8.8453; 64x64 luminance correlation=0.999009,Supported,immature apple,1,0,640,480,derived representation; excluded from independent image universe
IMG_7021.jpg,original,train,sg-1000,train/IMG_7021.jpg,self,canonical,deterministic representative selection,Confirmed,immature apple,1,0,369,277,"representative, not verified acquisition original"
IMG_7021.jpg,resize,train,sg-1000,train/IMG_7021.jpg,same_name_original,resized_duplicate,same filename; 369x277->640x480; LANCZOS RGB MAE=7.6438; 64x64 luminance correlation=0.999385,Supported,immature apple,1,0,640,480,derived representation; excluded from independent image universe
IMG_7022.jpg,original,train,sg-1001,train/IMG_7022.jpg,self,canonical,deterministic representative selection,Confirmed,immature apple,1,0,369,277,"representative, not verified acquisition original"
IMG_7022.jpg,resize,train,sg-1001,train/IMG_7022.jpg,same_name_original,resized_duplicate,same filename; 369x277->640x480; LANCZOS RGB MAE=7.451; 64x64 luminance correlation=0.999313,Supported,immature apple,1,0,640,480,derived representation; excluded from independent image universe
IMG_7023.jpg,original,train,sg-1002,train/IMG_7023.jpg,self,canonical,deterministic representative selection,Confirmed,immature apple,1,0,369,277,"representative, not verified acquisition original"
IMG_7023.jpg,resize,train,sg-1002,train/IMG_7023.jpg,same_name_original,resized_duplicate,same filename; 369x277->640x480; LANCZOS RGB MAE=8.8679; 64x64 luminance correlation=0.99912,Supported,immature apple,1,0,640,480,derived representation; excluded from independent image universe
IMG_7024.jpg,original,train,sg-1003,train/IMG_7024.jpg,self,canonical,deterministic representative selection,Confirmed,immature apple,1,0,369,277,"representative, not verified acquisition original"
IMG_7024.jpg,resize,train,sg-1003,train/IMG_7024.jpg,same_name_original,resized_duplicate,same filename; 369x277->640x480; LANCZOS RGB MAE=10.185; 64x64 luminance correlation=0.998883,Supported,immature apple,1,0,640,480,derived representation; excluded from independent image universe
IMG_7025.jpg,original,train,sg-1004,train/IMG_7025.jpg,self,canonical,deterministic representative selection,Confirmed,immature apple,2,0,369,277,"representative, not verified acquisition original"
IMG_7025.jpg,resize,train,sg-1004,train/IMG_7025.jpg,same_name_original,resized_duplicate,same filename; 369x277->640x480; LANCZOS RGB MAE=8.6669; 64x64 luminance correlation=0.998874,Supported,immature apple,2,0,640,480,derived representation; excluded from independent image universe
IMG_7027.jpg,original,train,sg-1005,train/IMG_7027.jpg,self,canonical,deterministic representative selection,Confirmed,immature apple,2,0,369,277,"representative, not verified acquisition original"
IMG_7027.jpg,resize,train,sg-1005,train/IMG_7027.jpg,same_name_original,resized_duplicate,same filename; 369x277->640x480; LANCZOS RGB MAE=10.7736; 64x64 luminance correlation=0.99895,Supported,immature apple,2,0,640,480,derived representation; excluded from independent image universe
IMG_7028.jpg,original,train,sg-1006,train/IMG_7028.jpg,self,canonical,deterministic representative selection,Confirmed,immature apple,2,0,369,277,"representative, not verified acquisition original"
IMG_7028.jpg,resize,train,sg-1006,train/IMG_7028.jpg,same_name_original,resized_duplicate,same filename; 369x277->640x480; LANCZOS RGB MAE=9.663; 64x64 luminance correlation=0.99919,Supported,immature apple,2,0,640,480,derived representation; excluded from independent image universe
IMG_7030.jpg,original,train,sg-1007,train/IMG_7030.jpg,self,canonical,deterministic representative selection,Confirmed,immature apple,2,0,369,277,"representative, not verified acquisition original"
IMG_7030.jpg,resize,train,sg-1007,train/IMG_7030.jpg,same_name_original,resized_duplicate,same filename; 369x277->640x480; LANCZOS RGB MAE=6.7604; 64x64 luminance correlation=0.998833,Supported,immature apple,2,0,640,480,derived representation; excluded from independent image universe
IMG_7031.jpg,original,train,sg-1008,train/IMG_7031.jpg,self,canonical,deterministic representative selection,Confirmed,immature apple,3,0,369,277,"representative, not verified acquisition original"
IMG_7031.jpg,resize,train,sg-1008,train/IMG_7031.jpg,same_name_original,resized_duplicate,same filename; 369x277->640x480; LANCZOS RGB MAE=10.0521; 64x64 luminance correlation=0.998968,Supported,immature apple,3,0,640,480,derived representation; excluded from independent image universe
IMG_7033.jpg,original,train,sg-1009,train/IMG_7033.jpg,self,canonical,deterministic representative selection,Confirmed,immature apple,2,0,369,277,"representative, not verified acquisition original"
IMG_7033.jpg,resize,train,sg-1009,train/IMG_7033.jpg,same_name_original,resized_duplicate,same filename; 369x277->640x480; LANCZOS RGB MAE=8.0259; 64x64 luminance correlation=0.998597,Supported,immature apple,2,0,640,480,derived representation; excluded from independent image universe
IMG_7034.jpg,original,train,sg-1010,train/IMG_7034.jpg,self,canonical,deterministic representative selection,Confirmed,immature apple,2,0,369,277,"representative, not verified acquisition original"
IMG_7034.jpg,resize,train,sg-1010,train/IMG_7034.jpg,same_name_original,resized_duplicate,same filename; 369x277->640x480; LANCZOS RGB MAE=7.4516; 64x64 luminance correlation=0.999232,Supported,immature apple,2,0,640,480,derived representation; excluded from independent image universe
IMG_7036.jpg,original,train,sg-1011,train/IMG_7036.jpg,self,canonical,deterministic representative selection,Confirmed,immature apple,4,0,369,277,"representative, not verified acquisition original"
IMG_7036.jpg,resize,train,sg-1011,train/IMG_7036.jpg,same_name_original,resized_duplicate,same filename; 369x277->640x480; LANCZOS RGB MAE=7.8622; 64x64 luminance correlation=0.999219,Supported,immature apple,4,0,640,480,derived representation; excluded from independent image universe
IMG_7037.jpg,original,train,sg-1012,train/IMG_7037.jpg,self,canonical,deterministic representative selection,Confirmed,immature apple,4,0,369,277,"representative, not verified acquisition original"
IMG_7037.jpg,resize,train,sg-1012,train/IMG_7037.jpg,same_name_original,resized_duplicate,same filename; 369x277->640x480; LANCZOS RGB MAE=7.8555; 64x64 luminance correlation=0.999275,Supported,immature apple,4,0,640,480,derived representation; excluded from independent image universe
IMG_7038.jpg,original,train,sg-1013,train/IMG_7038.jpg,self,canonical,deterministic representative selection,Confirmed,immature apple,4,0,369,277,"representative, not verified acquisition original"
IMG_7038.jpg,resize,train,sg-1013,train/IMG_7038.jpg,same_name_original,resized_duplicate,same filename; 369x277->640x480; LANCZOS RGB MAE=7.6229; 64x64 luminance correlation=0.999353,Supported,immature apple,4,0,640,480,derived representation; excluded from independent image universe
IMG_7039.jpg,original,train,sg-1014,train/IMG_7039.jpg,self,canonical,deterministic representative selection,Confirmed,immature apple,2,0,369,277,"representative, not verified acquisition original"
IMG_7039.jpg,resize,train,sg-1014,train/IMG_7039.jpg,same_name_original,resized_duplicate,same filename; 369x277->640x480; LANCZOS RGB MAE=7.357; 64x64 luminance correlation=0.999428,Supported,immature apple,2,0,640,480,derived representation; excluded from independent image universe
IMG_7040.jpg,original,train,sg-1015,train/IMG_7040.jpg,self,canonical,deterministic representative selection,Confirmed,immature apple,2,0,369,277,"representative, not verified acquisition original"
IMG_7040.jpg,resize,train,sg-1015,train/IMG_7040.jpg,same_name_original,resized_duplicate,same filename; 369x277->640x480; LANCZOS RGB MAE=7.6661; 64x64 luminance correlation=0.999538,Supported,immature apple,2,0,640,480,derived representation; excluded from independent image universe
IMG_7042.jpg,original,train,sg-1016,train/IMG_7042.jpg,self,canonical,deterministic representative selection,Confirmed,immature apple,2,0,369,277,"representative, not verified acquisition original"
IMG_7042.jpg,resize,train,sg-1016,train/IMG_7042.jpg,same_name_original,resized_duplicate,same filename; 369x277->640x480; LANCZOS RGB MAE=7.3934; 64x64 luminance correlation=0.999275,Supported,immature apple,2,0,640,480,derived representation; excluded from independent image universe
IMG_7043.jpg,original,train,sg-1017,train/IMG_7043.jpg,self,canonical,deterministic representative selection,Confirmed,immature apple,1,0,369,277,"representative, not verified acquisition original"
IMG_7043.jpg,resize,train,sg-1017,train/IMG_7043.jpg,same_name_original,resized_duplicate,same filename; 369x277->640x480; LANCZOS RGB MAE=7.7323; 64x64 luminance correlation=0.999216,Supported,immature apple,1,0,640,480,derived representation; excluded from independent image universe
IMG_7046.jpg,original,train,sg-1018,train/IMG_7046.jpg,self,canonical,deterministic representative selection,Confirmed,immature apple,2,0,369,277,"representative, not verified acquisition original"
IMG_7046.jpg,resize,train,sg-1018,train/IMG_7046.jpg,same_name_original,resized_duplicate,same filename; 369x277->640x480; LANCZOS RGB MAE=10.9129; 64x64 luminance correlation=0.998434,Supported,immature apple,2,0,640,480,derived representation; excluded from independent image universe
IMG_7047.jpg,original,train,sg-1019,train/IMG_7047.jpg,self,canonical,deterministic representative selection,Confirmed,immature apple,1,0,369,277,"representative, not verified acquisition original"
IMG_7047.jpg,resize,train,sg-1019,train/IMG_7047.jpg,same_name_original,resized_duplicate,same filename; 369x277->640x480; LANCZOS RGB MAE=8.5502; 64x64 luminance correlation=0.999632,Supported,immature apple,1,0,640,480,derived representation; excluded from independent image universe
IMG_7048.jpg,original,train,sg-1020,train/IMG_7048.jpg,self,canonical,deterministic representative selection,Confirmed,immature apple,1,0,369,277,"representative, not verified acquisition original"
IMG_7048.jpg,resize,train,sg-1020,train/IMG_7048.jpg,same_name_original,resized_duplicate,same filename; 369x277->640x480; LANCZOS RGB MAE=8.9695; 64x64 luminance correlation=0.999577,Supported,immature apple,1,0,640,480,derived representation; excluded from independent image universe
IMG_7050.jpg,original,train,sg-1021,train/IMG_7050.jpg,self,canonical,deterministic representative selection,Confirmed,immature apple,3,0,369,277,"representative, not verified acquisition original"
IMG_7050.jpg,resize,train,sg-1021,train/IMG_7050.jpg,same_name_original,resized_duplicate,same filename; 369x277->640x480; LANCZOS RGB MAE=10.7278; 64x64 luminance correlation=0.998808,Supported,immature apple,3,0,640,480,derived representation; excluded from independent image universe
IMG_7052.jpg,original,train,sg-1022,train/IMG_7052.jpg,self,canonical,deterministic representative selection,Confirmed,semi-mature apple,2,0,369,277,"representative, not verified acquisition original"
IMG_7052.jpg,resize,train,sg-1022,train/IMG_7052.jpg,same_name_original,resized_duplicate,same filename; 369x277->640x480; LANCZOS RGB MAE=8.0095; 64x64 luminance correlation=0.998971,Supported,semi-mature apple,2,0,640,480,derived representation; excluded from independent image universe
IMG_7052_brightness.jpg,original,train,sg-1022,train/IMG_7052.jpg,component_path,augmentation_derivative,same suffix-normalized family=img_7052; 64x64 correlation=0.996900; identical polygons=True,Strongly Supported,semi-mature apple,2,0,369,277,relation through component path; direct relation to canonical not asserted
IMG_7052_brightness.jpg,resize,train,sg-1022,train/IMG_7052.jpg,same_name_original,resized_duplicate,same filename; 369x277->640x480; LANCZOS RGB MAE=8.6807; 64x64 luminance correlation=0.999025,Supported,semi-mature apple,2,0,640,480,derived representation; excluded from independent image universe
IMG_7054.jpg,original,train,sg-1023,train/IMG_7054.jpg,self,canonical,deterministic representative selection,Confirmed,immature apple,2,0,369,277,"representative, not verified acquisition original"
IMG_7054.jpg,resize,train,sg-1023,train/IMG_7054.jpg,same_name_original,resized_duplicate,same filename; 369x277->640x480; LANCZOS RGB MAE=9.5932; 64x64 luminance correlation=0.998748,Supported,immature apple,2,0,640,480,derived representation; excluded from independent image universe
IMG_7055.jpg,original,train,sg-1024,train/IMG_7055.jpg,self,canonical,deterministic representative selection,Confirmed,immature apple,4,0,369,277,"representative, not verified acquisition original"
IMG_7055.jpg,resize,train,sg-1024,train/IMG_7055.jpg,same_name_original,resized_duplicate,same filename; 369x277->640x480; LANCZOS RGB MAE=8.9209; 64x64 luminance correlation=0.998909,Supported,immature apple,4,0,640,480,derived representation; excluded from independent image universe
IMG_7056.jpg,original,train,sg-1025,train/IMG_7056.jpg,self,canonical,deterministic representative selection,Confirmed,immature apple,4,0,369,277,"representative, not verified acquisition original"
IMG_7056.jpg,resize,train,sg-1025,train/IMG_7056.jpg,same_name_original,resized_duplicate,same filename; 369x277->640x480; LANCZOS RGB MAE=9.4106; 64x64 luminance correlation=0.998674,Supported,immature apple,4,0,640,480,derived representation; excluded from independent image universe
IMG_7058.jpg,original,train,sg-1026,train/IMG_7058.jpg,self,canonical,deterministic representative selection,Confirmed,immature apple,1,0,369,277,"representative, not verified acquisition original"
IMG_7058.jpg,resize,train,sg-1026,train/IMG_7058.jpg,same_name_original,resized_duplicate,same filename; 369x277->640x480; LANCZOS RGB MAE=13.766; 64x64 luminance correlation=0.99887,Supported,immature apple,1,0,640,480,derived representation; excluded from independent image universe
IMG_7060.jpg,original,train,sg-1027,train/IMG_7060.jpg,self,canonical,deterministic representative selection,Confirmed,immature apple,1,0,369,277,"representative, not verified acquisition original"
IMG_7060.jpg,resize,train,sg-1027,train/IMG_7060.jpg,same_name_original,resized_duplicate,same filename; 369x277->640x480; LANCZOS RGB MAE=13.7892; 64x64 luminance correlation=0.998073,Supported,immature apple,1,0,640,480,derived representation; excluded from independent image universe
IMG_7061.jpg,original,train,sg-1028,train/IMG_7061.jpg,self,canonical,deterministic representative selection,Confirmed,immature apple,1,0,369,277,"representative, not verified acquisition original"
IMG_7061.jpg,resize,train,sg-1028,train/IMG_7061.jpg,same_name_original,resized_duplicate,same filename; 369x277->640x480; LANCZOS RGB MAE=14.052; 64x64 luminance correlation=0.997557,Supported,immature apple,1,0,640,480,derived representation; excluded from independent image universe
IMG_7063.jpg,original,train,sg-1029,train/IMG_7063.jpg,self,canonical,deterministic representative selection,Confirmed,immature apple,2,0,369,277,"representative, not verified acquisition original"
IMG_7063.jpg,resize,train,sg-1029,train/IMG_7063.jpg,same_name_original,resized_duplicate,same filename; 369x277->640x480; LANCZOS RGB MAE=7.2257; 64x64 luminance correlation=0.999083,Supported,immature apple,2,0,640,480,derived representation; excluded from independent image universe
IMG_7065.jpg,original,train,sg-1030,train/IMG_7065.jpg,self,canonical,deterministic representative selection,Confirmed,immature apple,2,0,369,277,"representative, not verified acquisition original"
IMG_7065.jpg,resize,train,sg-1030,train/IMG_7065.jpg,same_name_original,resized_duplicate,same filename; 369x277->640x480; LANCZOS RGB MAE=5.8178; 64x64 luminance correlation=0.999249,Supported,immature apple,2,0,640,480,derived representation; excluded from independent image universe
IMG_7066.jpg,original,train,sg-1031,train/IMG_7066.jpg,self,canonical,deterministic representative selection,Confirmed,immature apple,2,0,369,277,"representative, not verified acquisition original"
IMG_7066.jpg,resize,train,sg-1031,train/IMG_7066.jpg,same_name_original,resized_duplicate,same filename; 369x277->640x480; LANCZOS RGB MAE=6.4406; 64x64 luminance correlation=0.999041,Supported,immature apple,2,0,640,480,derived representation; excluded from independent image universe
IMG_7067.jpg,original,train,sg-1032,train/IMG_7067.jpg,self,canonical,deterministic representative selection,Confirmed,immature apple,2,0,369,277,"representative, not verified acquisition original"
IMG_7067.jpg,resize,train,sg-1032,train/IMG_7067.jpg,same_name_original,resized_duplicate,same filename; 369x277->640x480; LANCZOS RGB MAE=7.0045; 64x64 luminance correlation=0.998894,Supported,immature apple,2,0,640,480,derived representation; excluded from independent image universe
IMG_7069.jpg,original,train,sg-1033,train/IMG_7069.jpg,self,canonical,deterministic representative selection,Confirmed,immature apple,1,0,369,277,"representative, not verified acquisition original"
IMG_7069.jpg,resize,train,sg-1033,train/IMG_7069.jpg,same_name_original,resized_duplicate,same filename; 369x277->640x480; LANCZOS RGB MAE=8.3801; 64x64 luminance correlation=0.99901,Supported,immature apple,1,0,640,480,derived representation; excluded from independent image universe
IMG_7070.jpg,original,train,sg-1034,train/IMG_7070.jpg,self,canonical,deterministic representative selection,Confirmed,immature apple,1,0,369,277,"representative, not verified acquisition original"
IMG_7070.jpg,resize,train,sg-1034,train/IMG_7070.jpg,same_name_original,resized_duplicate,same filename; 369x277->640x480; LANCZOS RGB MAE=9.8059; 64x64 luminance correlation=0.998573,Supported,immature apple,1,0,640,480,derived representation; excluded from independent image universe
IMG_7073.jpg,original,train,sg-1035,train/IMG_7073.jpg,self,canonical,deterministic representative selection,Confirmed,immature apple,1,0,369,277,"representative, not verified acquisition original"
IMG_7073.jpg,resize,train,sg-1035,train/IMG_7073.jpg,same_name_original,resized_duplicate,same filename; 369x277->640x480; LANCZOS RGB MAE=9.9611; 64x64 luminance correlation=0.999131,Supported,immature apple,1,0,640,480,derived representation; excluded from independent image universe
IMG_7075.jpg,original,train,sg-1036,train/IMG_7075.jpg,self,canonical,deterministic representative selection,Confirmed,immature apple,1,0,369,277,"representative, not verified acquisition original"
IMG_7075.jpg,resize,train,sg-1036,train/IMG_7075.jpg,same_name_original,resized_duplicate,same filename; 369x277->640x480; LANCZOS RGB MAE=9.1358; 64x64 luminance correlation=0.998905,Supported,immature apple,1,0,640,480,derived representation; excluded from independent image universe
IMG_7359.jpg,original,train,sg-1037,train/IMG_7359.jpg,self,canonical,deterministic representative selection,Confirmed,immature apple,1,0,369,277,"representative, not verified acquisition original"
IMG_7359.jpg,resize,train,sg-1037,train/IMG_7359.jpg,same_name_original,resized_duplicate,same filename; 369x277->640x480; LANCZOS RGB MAE=10.4625; 64x64 luminance correlation=0.998963,Supported,immature apple,1,0,640,480,derived representation; excluded from independent image universe
IMG_7360.jpg,original,train,sg-1038,train/IMG_7360.jpg,self,canonical,deterministic representative selection,Confirmed,immature apple,1,0,369,277,"representative, not verified acquisition original"
IMG_7360.jpg,resize,train,sg-1038,train/IMG_7360.jpg,same_name_original,resized_duplicate,same filename; 369x277->640x480; LANCZOS RGB MAE=11.2918; 64x64 luminance correlation=0.998828,Supported,immature apple,1,0,640,480,derived representation; excluded from independent image universe
IMG_7361.jpg,original,train,sg-1039,train/IMG_7361.jpg,self,canonical,deterministic representative selection,Confirmed,immature apple,1,0,369,277,"representative, not verified acquisition original"
IMG_7361.jpg,resize,train,sg-1039,train/IMG_7361.jpg,same_name_original,resized_duplicate,same filename; 369x277->640x480; LANCZOS RGB MAE=10.8407; 64x64 luminance correlation=0.998875,Supported,immature apple,1,0,640,480,derived representation; excluded from independent image universe
IMG_7362.jpg,original,train,sg-1040,train/IMG_7362.jpg,self,canonical,deterministic representative selection,Confirmed,immature apple,1,0,369,277,"representative, not verified acquisition original"
IMG_7362.jpg,resize,train,sg-1040,train/IMG_7362.jpg,same_name_original,resized_duplicate,same filename; 369x277->640x480; LANCZOS RGB MAE=10.4823; 64x64 luminance correlation=0.999071,Supported,immature apple,1,0,640,480,derived representation; excluded from independent image universe
107.jpg,original,val,sg-1041,val/107.jpg,self,canonical,deterministic representative selection,Confirmed,mature apple,1,0,369,277,"representative, not verified acquisition original"
107.jpg,resize,val,sg-1041,val/107.jpg,same_name_original,resized_duplicate,same filename; 369x277->640x480; LANCZOS RGB MAE=8.4218; 64x64 luminance correlation=0.998501,Supported,mature apple,1,0,640,480,derived representation; excluded from independent image universe
1090.jpg,original,val,sg-1042,val/1090.jpg,self,canonical,deterministic representative selection,Confirmed,mature apple,2,0,369,277,"representative, not verified acquisition original"
1090.jpg,resize,val,sg-1042,val/1090.jpg,same_name_original,resized_duplicate,same filename; 369x277->640x480; LANCZOS RGB MAE=6.4804; 64x64 luminance correlation=0.998954,Supported,mature apple,2,0,640,480,derived representation; excluded from independent image universe
111.jpg,original,val,sg-0246,val/111.jpg,self,canonical,deterministic representative selection,Confirmed,mature apple,1,0,369,277,"representative, not verified acquisition original"
111.jpg,resize,val,sg-0246,val/111.jpg,same_name_original,resized_duplicate,same filename; 369x277->640x480; LANCZOS RGB MAE=4.0035; 64x64 luminance correlation=0.99952,Supported,mature apple,1,0,640,480,derived representation; excluded from independent image universe
1130.jpg,original,val,sg-1043,val/1130.jpg,self,canonical,deterministic representative selection,Confirmed,mature apple|semi-mature apple,3,0,369,277,"representative, not verified acquisition original"
1130.jpg,resize,val,sg-1043,val/1130.jpg,same_name_original,resized_duplicate,same filename; 369x277->640x480; LANCZOS RGB MAE=6.0159; 64x64 luminance correlation=0.999297,Supported,mature apple|semi-mature apple,3,0,640,480,derived representation; excluded from independent image universe
114.jpg,original,val,sg-1044,val/114.jpg,self,canonical,deterministic representative selection,Confirmed,mature apple,3,0,369,277,"representative, not verified acquisition original"
114.jpg,resize,val,sg-1044,val/114.jpg,same_name_original,resized_duplicate,same filename; 369x277->640x480; LANCZOS RGB MAE=4.6529; 64x64 luminance correlation=0.999369,Supported,mature apple,3,0,640,480,derived representation; excluded from independent image universe
1180.jpg,original,val,sg-0249,val/1180.jpg,self,canonical,deterministic representative selection,Confirmed,mature apple,1,0,369,277,"representative, not verified acquisition original"
1180.jpg,resize,val,sg-0249,val/1180.jpg,same_name_original,resized_duplicate,same filename; 369x277->640x480; LANCZOS RGB MAE=3.4987; 64x64 luminance correlation=0.999766,Supported,mature apple,1,0,640,480,derived representation; excluded from independent image universe
1210.jpg,original,val,sg-1045,val/1210.jpg,self,canonical,deterministic representative selection,Confirmed,mature apple,1,0,369,277,"representative, not verified acquisition original"
1210.jpg,resize,val,sg-1045,val/1210.jpg,same_name_original,resized_duplicate,same filename; 369x277->640x480; LANCZOS RGB MAE=5.5878; 64x64 luminance correlation=0.99959,Supported,mature apple,1,0,640,480,derived representation; excluded from independent image universe
1220.jpg,original,val,sg-1046,val/1220.jpg,self,canonical,deterministic representative selection,Confirmed,mature apple,1,0,369,277,"representative, not verified acquisition original"
1220.jpg,resize,val,sg-1046,val/1220.jpg,same_name_original,resized_duplicate,same filename; 369x277->640x480; LANCZOS RGB MAE=9.8649; 64x64 luminance correlation=0.999204,Supported,mature apple,1,0,640,480,derived representation; excluded from independent image universe
1290_noise.jpg,original,val,sg-0007,test/1290.jpg,component_path,augmentation_derivative,64x64 luminance correlation=0.999297; identical region list=True,Strongly Supported,semi-mature apple,3,0,369,277,relation through component path; direct relation to canonical not asserted
1290_noise.jpg,resize,val,sg-0007,test/1290.jpg,same_name_original,resized_duplicate,same filename; 369x277->640x480; LANCZOS RGB MAE=7.8019; 64x64 luminance correlation=0.999127,Supported,semi-mature apple,3,0,640,480,derived representation; excluded from independent image universe
1310_noise.jpg,original,val,sg-0258,train/1310.jpg,component_path,augmentation_derivative,64x64 luminance correlation=0.999550; identical region list=True,Strongly Supported,semi-mature apple,1,0,369,277,relation through component path; direct relation to canonical not asserted
1310_noise.jpg,resize,val,sg-0258,train/1310.jpg,same_name_original,resized_duplicate,same filename; 369x277->640x480; LANCZOS RGB MAE=6.4052; 64x64 luminance correlation=0.999494,Supported,semi-mature apple,1,0,640,480,derived representation; excluded from independent image universe
1360_brightness.jpg,original,val,sg-0035,test/257.jpg,component_path,augmentation_derivative,64x64 luminance correlation=0.996841; identical region list=True,Strongly Supported,semi-mature apple,1,0,369,277,relation through component path; direct relation to canonical not asserted
1360_brightness.jpg,resize,val,sg-0035,test/257.jpg,same_name_original,resized_duplicate,same filename; 369x277->640x480; LANCZOS RGB MAE=9.196; 64x64 luminance correlation=0.999375,Supported,semi-mature apple,1,0,640,480,derived representation; excluded from independent image universe
1400_noise.jpg,original,val,sg-0009,test/1400.jpg,component_path,augmentation_derivative,64x64 luminance correlation=0.999415; identical region list=True,Strongly Supported,semi-mature apple,1,0,369,277,relation through component path; direct relation to canonical not asserted
1400_noise.jpg,resize,val,sg-0009,test/1400.jpg,same_name_original,resized_duplicate,same filename; 369x277->640x480; LANCZOS RGB MAE=7.4924; 64x64 luminance correlation=0.999109,Supported,semi-mature apple,1,0,640,480,derived representation; excluded from independent image universe
1450_brightness.jpg,original,val,sg-0266,train/1450.jpg,component_path,augmentation_derivative,64x64 luminance correlation=0.999135; identical region list=True,Strongly Supported,semi-mature apple,1,0,369,277,relation through component path; direct relation to canonical not asserted
1450_brightness.jpg,resize,val,sg-0266,train/1450.jpg,same_name_original,resized_duplicate,same filename; 369x277->640x480; LANCZOS RGB MAE=5.722; 64x64 luminance correlation=0.999606,Supported,semi-mature apple,1,0,640,480,derived representation; excluded from independent image universe
1460_noise.jpg,original,val,sg-0267,train/1460.jpg,component_path,augmentation_derivative,64x64 luminance correlation=0.999566; identical region list=True,Strongly Supported,semi-mature apple,1,0,369,277,relation through component path; direct relation to canonical not asserted
1460_noise.jpg,resize,val,sg-0267,train/1460.jpg,same_name_original,resized_duplicate,same filename; 369x277->640x480; LANCZOS RGB MAE=5.5998; 64x64 luminance correlation=0.999609,Supported,semi-mature apple,1,0,640,480,derived representation; excluded from independent image universe
1550_noise.jpg,original,val,sg-0274,train/1550.jpg,component_path,augmentation_derivative,64x64 luminance correlation=0.999569; identical region list=True,Strongly Supported,semi-mature apple,2,0,369,277,relation through component path; direct relation to canonical not asserted
1550_noise.jpg,resize,val,sg-0274,train/1550.jpg,same_name_original,resized_duplicate,same filename; 369x277->640x480; LANCZOS RGB MAE=8.5641; 64x64 luminance correlation=0.999499,Supported,semi-mature apple,2,0,640,480,derived representation; excluded from independent image universe
1560_brightness.jpg,original,val,sg-0036,test/2640.jpg,component_path,augmentation_derivative,same suffix-normalized family=1560; 64x64 correlation=0.998957; identical polygons=True,Strongly Supported,semi-mature apple,2,0,369,277,relation through component path; direct relation to canonical not asserted
1560_brightness.jpg,resize,val,sg-0036,test/2640.jpg,same_name_original,resized_duplicate,same filename; 369x277->640x480; LANCZOS RGB MAE=4.2257; 64x64 luminance correlation=0.999674,Supported,semi-mature apple,2,0,640,480,derived representation; excluded from independent image universe
1560_noise.jpg,original,val,sg-0036,test/2640.jpg,component_path,augmentation_derivative,same suffix-normalized family=1560; 64x64 correlation=0.998957; identical polygons=True,Strongly Supported,semi-mature apple,2,0,369,277,relation through component path; direct relation to canonical not asserted
1560_noise.jpg,resize,val,sg-0036,test/2640.jpg,same_name_original,resized_duplicate,same filename; 369x277->640x480; LANCZOS RGB MAE=5.4891; 64x64 luminance correlation=0.99966,Supported,semi-mature apple,2,0,640,480,derived representation; excluded from independent image universe
166.jpg,original,val,sg-0419,train/398.jpg,component_path,exact_duplicate,identical SHA256 32e6e89701b6cf6a5af04e40e84116c26062602677e2565bd17599ae55d8954e; identical region list=False,Confirmed,immature apple,2,0,369,277,relation through component path; direct relation to canonical not asserted
166.jpg,resize,val,sg-0419,train/398.jpg,same_name_original,resized_duplicate,same filename; 369x277->640x480; LANCZOS RGB MAE=6.9962; 64x64 luminance correlation=0.999112,Supported,immature apple,2,0,640,480,derived representation; excluded from independent image universe
170.jpg,original,val,sg-1047,val/170.jpg,self,canonical,deterministic representative selection,Confirmed,mature apple,1,0,277,369,"representative, not verified acquisition original"
170.jpg,resize,val,sg-1047,val/170.jpg,same_name_original,resized_duplicate,same filename; 277x369->480x640; LANCZOS RGB MAE=7.3949; 64x64 luminance correlation=0.999403,Supported,mature apple,1,0,480,640,derived representation; excluded from independent image universe
172_noise.jpg,original,val,sg-0285,train/172_brightness.jpg,component_path,augmentation_derivative,64x64 luminance correlation=0.999184; identical region list=True,Strongly Supported,semi-mature apple,1,0,277,326,relation through component path; direct relation to canonical not asserted
172_noise.jpg,resize,val,sg-0285,train/172_brightness.jpg,same_name_original,same_source_companion,same filename; 277x326->480x640; LANCZOS RGB MAE=36.4767; 64x64 luminance correlation=0.768708; Stage 2B-4H human accepted same-source companion; deterministic resize equivalence unresolved; dataset-provided resize excluded from formal experiments,Unresolved,semi-mature apple,1,0,480,640,same-name companion only; representation equivalence unresolved
1770_noise.jpg,original,val,sg-0288,train/1770.jpg,component_path,augmentation_derivative,64x64 luminance correlation=0.999322; identical region list=True,Strongly Supported,semi-mature apple,1,0,277,369,relation through component path; direct relation to canonical not asserted
1770_noise.jpg,resize,val,sg-0288,train/1770.jpg,same_name_original,resized_duplicate,same filename; 277x369->480x640; LANCZOS RGB MAE=10.125; 64x64 luminance correlation=0.999201,Supported,semi-mature apple,1,0,480,640,derived representation; excluded from independent image universe
1870.jpg,original,val,sg-1048,val/1870.jpg,self,canonical,deterministic representative selection,Confirmed,immature apple,1,0,277,369,"representative, not verified acquisition original"
1870.jpg,resize,val,sg-1048,val/1870.jpg,same_name_original,resized_duplicate,same filename; 277x369->480x640; LANCZOS RGB MAE=5.1729; 64x64 luminance correlation=0.999624,Supported,immature apple,1,0,480,640,derived representation; excluded from independent image universe
192_brightness.jpg,original,val,sg-0301,train/192.jpg,component_path,augmentation_derivative,64x64 luminance correlation=0.998308; identical region list=True,Strongly Supported,semi-mature apple,1,0,369,277,relation through component path; direct relation to canonical not asserted
192_brightness.jpg,resize,val,sg-0301,train/192.jpg,same_name_original,resized_duplicate,same filename; 369x277->640x480; LANCZOS RGB MAE=10.84; 64x64 luminance correlation=0.998673,Supported,semi-mature apple,1,0,640,480,derived representation; excluded from independent image universe
194_noise.jpg,original,val,sg-0303,train/194.jpg,component_path,augmentation_derivative,64x64 luminance correlation=0.999435; identical region list=True,Strongly Supported,semi-mature apple,1,0,369,277,relation through component path; direct relation to canonical not asserted
194_noise.jpg,resize,val,sg-0303,train/194.jpg,same_name_original,resized_duplicate,same filename; 369x277->640x480; LANCZOS RGB MAE=7.6039; 64x64 luminance correlation=0.998837,Supported,semi-mature apple,1,0,640,480,derived representation; excluded from independent image universe
2040_brightness.jpg,original,val,sg-0023,test/2040.jpg,component_path,augmentation_derivative,64x64 luminance correlation=0.996110; identical region list=True,Strongly Supported,semi-mature apple,1,0,369,277,relation through component path; direct relation to canonical not asserted
2040_brightness.jpg,resize,val,sg-0023,test/2040.jpg,same_name_original,resized_duplicate,same filename; 369x277->640x480; LANCZOS RGB MAE=6.0675; 64x64 luminance correlation=0.999384,Supported,semi-mature apple,1,0,640,480,derived representation; excluded from independent image universe
207_noise.jpg,original,val,sg-0314,train/207.jpg,component_path,augmentation_derivative,64x64 luminance correlation=0.999406; identical region list=True,Strongly Supported,semi-mature apple,1,0,369,277,relation through component path; direct relation to canonical not asserted
207_noise.jpg,resize,val,sg-0314,train/207.jpg,same_name_original,resized_duplicate,same filename; 369x277->640x480; LANCZOS RGB MAE=6.7197; 64x64 luminance correlation=0.999255,Supported,semi-mature apple,1,0,640,480,derived representation; excluded from independent image universe
2150_brightness.jpg,original,val,sg-0026,test/2150.jpg,component_path,augmentation_derivative,same suffix-normalized family=2150; 64x64 correlation=0.997929; identical polygons=True,Strongly Supported,semi-mature apple,1,0,369,277,relation through component path; direct relation to canonical not asserted
2150_brightness.jpg,resize,val,sg-0026,test/2150.jpg,same_name_original,resized_duplicate,same filename; 369x277->640x480; LANCZOS RGB MAE=5.0122; 64x64 luminance correlation=0.999286,Supported,semi-mature apple,1,0,640,480,derived representation; excluded from independent image universe
2150_noise.jpg,original,val,sg-0026,test/2150.jpg,component_path,augmentation_derivative,same suffix-normalized family=2150; 64x64 correlation=0.997929; identical polygons=True,Strongly Supported,semi-mature apple,1,0,369,277,relation through component path; direct relation to canonical not asserted
2150_noise.jpg,resize,val,sg-0026,test/2150.jpg,same_name_original,resized_duplicate,same filename; 369x277->640x480; LANCZOS RGB MAE=6.1768; 64x64 luminance correlation=0.999271,Supported,semi-mature apple,1,0,640,480,derived representation; excluded from independent image universe
22000.jpg,original,val,sg-1049,val/22000.jpg,self,canonical,deterministic representative selection,Confirmed,mature apple,5,0,369,277,"representative, not verified acquisition original"
22000.jpg,resize,val,sg-1049,val/22000.jpg,same_name_original,resized_duplicate,same filename; 369x277->640x480; LANCZOS RGB MAE=11.596; 64x64 luminance correlation=0.998844,Supported,mature apple,5,0,640,480,derived representation; excluded from independent image universe
2200_brightness.jpg,original,val,sg-0326,train/2200.jpg,component_path,augmentation_derivative,64x64 luminance correlation=0.998967; identical region list=True,Strongly Supported,semi-mature apple,2,0,369,277,relation through component path; direct relation to canonical not asserted
2200_brightness.jpg,resize,val,sg-0326,train/2200.jpg,same_name_original,resized_duplicate,same filename; 369x277->640x480; LANCZOS RGB MAE=5.2482; 64x64 luminance correlation=0.999373,Supported,semi-mature apple,2,0,640,480,derived representation; excluded from independent image universe
2210_brightness.jpg,original,val,sg-0027,test/2210.jpg,component_path,augmentation_derivative,64x64 luminance correlation=0.999273; identical region list=True,Strongly Supported,semi-mature apple,1,0,369,277,relation through component path; direct relation to canonical not asserted
2210_brightness.jpg,resize,val,sg-0027,test/2210.jpg,same_name_original,resized_duplicate,same filename; 369x277->640x480; LANCZOS RGB MAE=4.9734; 64x64 luminance correlation=0.999541,Supported,semi-mature apple,1,0,640,480,derived representation; excluded from independent image universe
223_noise.jpg,original,val,sg-0328,train/223.jpg,component_path,augmentation_derivative,64x64 luminance correlation=0.999561; identical region list=True,Strongly Supported,semi-mature apple,1,0,369,277,relation through component path; direct relation to canonical not asserted
223_noise.jpg,resize,val,sg-0328,train/223.jpg,same_name_original,resized_duplicate,same filename; 369x277->640x480; LANCZOS RGB MAE=5.5758; 64x64 luminance correlation=0.999373,Supported,semi-mature apple,1,0,640,480,derived representation; excluded from independent image universe
227_brightness.jpg,original,val,sg-0028,test/227.jpg,component_path,augmentation_derivative,64x64 luminance correlation=0.998656; identical region list=True,Strongly Supported,semi-mature apple,1,0,369,277,relation through component path; direct relation to canonical not asserted
227_brightness.jpg,resize,val,sg-0028,test/227.jpg,same_name_original,resized_duplicate,same filename; 369x277->640x480; LANCZOS RGB MAE=6.2235; 64x64 luminance correlation=0.999532,Supported,semi-mature apple,1,0,640,480,derived representation; excluded from independent image universe
2340_noise.jpg,original,val,sg-0006,test/1270.jpg,component_path,augmentation_derivative,64x64 luminance correlation=0.999515; identical region list=True,Strongly Supported,semi-mature apple,4,0,369,277,relation through component path; direct relation to canonical not asserted
2340_noise.jpg,resize,val,sg-0006,test/1270.jpg,same_name_original,resized_duplicate,same filename; 369x277->640x480; LANCZOS RGB MAE=5.942; 64x64 luminance correlation=0.999581,Supported,semi-mature apple,4,0,640,480,derived representation; excluded from independent image universe
2400_noise.jpg,original,val,sg-0341,train/2400_brightness.jpg,component_path,augmentation_derivative,64x64 luminance correlation=0.998224; identical region list=True,Strongly Supported,semi-mature apple,1,0,369,277,relation through component path; direct relation to canonical not asserted
2400_noise.jpg,resize,val,sg-0341,train/2400_brightness.jpg,same_name_original,resized_duplicate,same filename; 369x277->640x480; LANCZOS RGB MAE=6.4269; 64x64 luminance correlation=0.999489,Supported,semi-mature apple,1,0,640,480,derived representation; excluded from independent image universe
251_brightness.jpg,original,val,sg-0008,test/138.jpg,component_path,exact_duplicate,identical SHA256 f81d8e3a53685a3a1935e4ddcb3d08c0fc57e7c6df69073fe9f2f8c77f63e2e2; identical region list=False,Confirmed,semi-mature apple,1,0,369,277,relation through component path; direct relation to canonical not asserted
251_brightness.jpg,resize,val,sg-0008,test/138.jpg,same_name_original,resized_duplicate,same filename; 369x277->640x480; LANCZOS RGB MAE=4.9152; 64x64 luminance correlation=0.999147,Supported,semi-mature apple,1,0,640,480,derived representation; excluded from independent image universe
2520_brightness.jpg,original,val,sg-0348,train/2520.jpg,component_path,augmentation_derivative,64x64 luminance correlation=0.997637; identical region list=True,Strongly Supported,semi-mature apple,1,0,369,277,relation through component path; direct relation to canonical not asserted
2520_brightness.jpg,resize,val,sg-0348,train/2520.jpg,same_name_original,resized_duplicate,same filename; 369x277->640x480; LANCZOS RGB MAE=10.2544; 64x64 luminance correlation=0.998936,Supported,semi-mature apple,1,0,640,480,derived representation; excluded from independent image universe
256_noise.jpg,original,val,sg-0263,train/137.jpg,component_path,augmentation_derivative,64x64 luminance correlation=0.999594; identical region list=True,Strongly Supported,semi-mature apple,1,0,369,277,relation through component path; direct relation to canonical not asserted
256_noise.jpg,resize,val,sg-0263,train/137.jpg,same_name_original,resized_duplicate,same filename; 369x277->640x480; LANCZOS RGB MAE=6.1016; 64x64 luminance correlation=0.999586,Supported,semi-mature apple,1,0,640,480,derived representation; excluded from independent image universe
2590_brightness.jpg,original,val,sg-0273,train/1540.jpg,component_path,augmentation_derivative,64x64 luminance correlation=0.999415; identical region list=True,Strongly Supported,semi-mature apple,2,0,369,277,relation through component path; direct relation to canonical not asserted
2590_brightness.jpg,resize,val,sg-0273,train/1540.jpg,same_name_original,resized_duplicate,same filename; 369x277->640x480; LANCZOS RGB MAE=4.739; 64x64 luminance correlation=0.998965,Supported,semi-mature apple,2,0,640,480,derived representation; excluded from independent image universe
2640_brightness.jpg,original,val,sg-0036,test/2640.jpg,component_path,augmentation_derivative,same suffix-normalized family=2640; 64x64 correlation=0.998948; identical polygons=True,Strongly Supported,semi-mature apple,2,0,369,277,relation through component path; direct relation to canonical not asserted
2640_brightness.jpg,resize,val,sg-0036,test/2640.jpg,same_name_original,resized_duplicate,same filename; 369x277->640x480; LANCZOS RGB MAE=4.1898; 64x64 luminance correlation=0.999698,Supported,semi-mature apple,2,0,640,480,derived representation; excluded from independent image universe
2640_noise.jpg,original,val,sg-0036,test/2640.jpg,component_path,augmentation_derivative,same suffix-normalized family=2640; 64x64 correlation=0.998948; identical polygons=True,Strongly Supported,semi-mature apple,2,0,369,277,relation through component path; direct relation to canonical not asserted
2640_noise.jpg,resize,val,sg-0036,test/2640.jpg,same_name_original,resized_duplicate,same filename; 369x277->640x480; LANCZOS RGB MAE=5.4895; 64x64 luminance correlation=0.999684,Supported,semi-mature apple,2,0,640,480,derived representation; excluded from independent image universe
266_noise.jpg,original,val,sg-0357,train/266.jpg,component_path,augmentation_derivative,64x64 luminance correlation=0.999401; identical region list=True,Strongly Supported,semi-mature apple,1,0,369,277,relation through component path; direct relation to canonical not asserted
266_noise.jpg,resize,val,sg-0357,train/266.jpg,same_name_original,resized_duplicate,same filename; 369x277->640x480; LANCZOS RGB MAE=9.9859; 64x64 luminance correlation=0.999043,Supported,semi-mature apple,1,0,640,480,derived representation; excluded from independent image universe
267_noise.jpg,original,val,sg-0012,test/143.jpg,component_path,augmentation_derivative,64x64 luminance correlation=0.999505; identical region list=True,Strongly Supported,semi-mature apple,1,0,369,277,relation through component path; direct relation to canonical not asserted
267_noise.jpg,resize,val,sg-0012,test/143.jpg,same_name_original,resized_duplicate,same filename; 369x277->640x480; LANCZOS RGB MAE=6.1576; 64x64 luminance correlation=0.999376,Supported,semi-mature apple,1,0,640,480,derived representation; excluded from independent image universe
2710_brightness.jpg,original,val,sg-0358,train/2710.jpg,component_path,augmentation_derivative,64x64 luminance correlation=0.998719; identical region list=True,Strongly Supported,semi-mature apple,1,0,369,277,relation through component path; direct relation to canonical not asserted
2710_brightness.jpg,resize,val,sg-0358,train/2710.jpg,same_name_original,resized_duplicate,same filename; 369x277->640x480; LANCZOS RGB MAE=7.282; 64x64 luminance correlation=0.999467,Supported,semi-mature apple,1,0,640,480,derived representation; excluded from independent image universe
288_noise.jpg,original,val,sg-0365,train/288.jpg,component_path,augmentation_derivative,64x64 luminance correlation=0.999484; identical region list=True,Strongly Supported,semi-mature apple,1,0,369,277,relation through component path; direct relation to canonical not asserted
288_noise.jpg,resize,val,sg-0365,train/288.jpg,same_name_original,resized_duplicate,same filename; 369x277->640x480; LANCZOS RGB MAE=11.9229; 64x64 luminance correlation=0.998915,Supported,semi-mature apple,1,0,640,480,derived representation; excluded from independent image universe
2910_brightness.jpg,original,val,sg-0368,train/2910.jpg,component_path,augmentation_derivative,64x64 luminance correlation=0.998472; identical region list=True,Strongly Supported,semi-mature apple,1,0,369,277,relation through component path; direct relation to canonical not asserted
2910_brightness.jpg,resize,val,sg-0368,train/2910.jpg,same_name_original,resized_duplicate,same filename; 369x277->640x480; LANCZOS RGB MAE=6.168; 64x64 luminance correlation=0.999552,Supported,semi-mature apple,1,0,640,480,derived representation; excluded from independent image universe
2950_brightness.jpg,original,val,sg-0369,train/2950.jpg,component_path,augmentation_derivative,same suffix-normalized family=2950; 64x64 correlation=0.998203; identical polygons=True,Strongly Supported,semi-mature apple,1,0,369,277,relation through component path; direct relation to canonical not asserted
2950_brightness.jpg,resize,val,sg-0369,train/2950.jpg,same_name_original,resized_duplicate,same filename; 369x277->640x480; LANCZOS RGB MAE=6.5648; 64x64 luminance correlation=0.999429,Supported,semi-mature apple,1,0,640,480,derived representation; excluded from independent image universe
2950_noise.jpg,original,val,sg-0369,train/2950.jpg,component_path,augmentation_derivative,same suffix-normalized family=2950; 64x64 correlation=0.998203; identical polygons=True,Strongly Supported,semi-mature apple,1,0,369,277,relation through component path; direct relation to canonical not asserted
2950_noise.jpg,resize,val,sg-0369,train/2950.jpg,same_name_original,resized_duplicate,same filename; 369x277->640x480; LANCZOS RGB MAE=7.3968; 64x64 luminance correlation=0.999426,Supported,semi-mature apple,1,0,640,480,derived representation; excluded from independent image universe
2970_noise.jpg,original,val,sg-0370,train/2970.jpg,component_path,augmentation_derivative,64x64 luminance correlation=0.999395; identical region list=True,Strongly Supported,semi-mature apple,2,0,277,369,relation through component path; direct relation to canonical not asserted
2970_noise.jpg,resize,val,sg-0370,train/2970.jpg,same_name_original,resized_duplicate,same filename; 277x369->480x640; LANCZOS RGB MAE=8.0007; 64x64 luminance correlation=0.999254,Supported,semi-mature apple,2,0,480,640,derived representation; excluded from independent image universe
3110_brightness.jpg,original,val,sg-0047,test/3110.jpg,component_path,augmentation_derivative,64x64 luminance correlation=0.999444; identical region list=True,Strongly Supported,semi-mature apple,2,0,369,277,relation through component path; direct relation to canonical not asserted
3110_brightness.jpg,resize,val,sg-0047,test/3110.jpg,same_name_original,resized_duplicate,same filename; 369x277->640x480; LANCZOS RGB MAE=4.9977; 64x64 luminance correlation=0.999321,Supported,semi-mature apple,2,0,640,480,derived representation; excluded from independent image universe
3210.jpg,original,val,sg-1050,val/3210.jpg,self,canonical,deterministic representative selection,Confirmed,mature apple,1,0,369,277,"representative, not verified acquisition original"
3210.jpg,resize,val,sg-1050,val/3210.jpg,same_name_original,resized_duplicate,same filename; 369x277->640x480; LANCZOS RGB MAE=11.9841; 64x64 luminance correlation=0.99823,Supported,mature apple,1,0,640,480,derived representation; excluded from independent image universe
3310.jpg,original,val,sg-1051,val/3310.jpg,self,canonical,deterministic representative selection,Confirmed,mature apple,1,0,369,277,"representative, not verified acquisition original"
3310.jpg,resize,val,sg-1051,val/3310.jpg,same_name_original,resized_duplicate,same filename; 369x277->640x480; LANCZOS RGB MAE=10.0329; 64x64 luminance correlation=0.998359,Supported,mature apple,1,0,640,480,derived representation; excluded from independent image universe
3320.jpg,original,val,sg-1052,val/3320.jpg,self,canonical,deterministic representative selection,Confirmed,mature apple,2,0,369,277,"representative, not verified acquisition original"
3320.jpg,resize,val,sg-1052,val/3320.jpg,same_name_original,resized_duplicate,same filename; 369x277->640x480; LANCZOS RGB MAE=12.534; 64x64 luminance correlation=0.998418,Supported,mature apple,2,0,640,480,derived representation; excluded from independent image universe
336.jpg,original,val,sg-1053,val/336.jpg,self,canonical,deterministic representative selection,Confirmed,mature apple,1,0,277,369,"representative, not verified acquisition original"
336.jpg,resize,val,sg-1053,val/336.jpg,same_name_original,resized_duplicate,same filename; 277x369->480x640; LANCZOS RGB MAE=13.6851; 64x64 luminance correlation=0.998158,Supported,mature apple,1,0,480,640,derived representation; excluded from independent image universe
340.jpg,original,val,sg-1054,val/340.jpg,self,canonical,deterministic representative selection,Confirmed,mature apple,1,0,369,277,"representative, not verified acquisition original"
340.jpg,resize,val,sg-1054,val/340.jpg,same_name_original,resized_duplicate,same filename; 369x277->640x480; LANCZOS RGB MAE=6.0062; 64x64 luminance correlation=0.998365,Supported,mature apple,1,0,640,480,derived representation; excluded from independent image universe
3450.jpg,original,val,sg-1055,val/3450.jpg,self,canonical,deterministic representative selection,Confirmed,mature apple|semi-mature apple,3,0,369,277,"representative, not verified acquisition original"
3450.jpg,resize,val,sg-1055,val/3450.jpg,same_name_original,resized_duplicate,same filename; 369x277->640x480; LANCZOS RGB MAE=9.0102; 64x64 luminance correlation=0.998511,Supported,mature apple|semi-mature apple,3,0,640,480,derived representation; excluded from independent image universe
3460.jpg,original,val,sg-1056,val/3460.jpg,self,canonical,deterministic representative selection,Confirmed,mature apple,4,0,369,277,"representative, not verified acquisition original"
3460.jpg,resize,val,sg-1056,val/3460.jpg,same_name_original,resized_duplicate,same filename; 369x277->640x480; LANCZOS RGB MAE=6.4396; 64x64 luminance correlation=0.999238,Supported,mature apple,4,0,640,480,derived representation; excluded from independent image universe
3720.jpg,original,val,sg-1057,val/3720.jpg,self,canonical,deterministic representative selection,Confirmed,immature apple,3,0,277,369,"representative, not verified acquisition original"
3720.jpg,resize,val,sg-1057,val/3720.jpg,same_name_original,resized_duplicate,same filename; 277x369->480x640; LANCZOS RGB MAE=7.1953; 64x64 luminance correlation=0.999284,Supported,immature apple,3,0,480,640,derived representation; excluded from independent image universe
379.jpg,original,val,sg-1058,val/379.jpg,self,canonical,deterministic representative selection,Confirmed,immature apple,1,0,277,369,"representative, not verified acquisition original"
379.jpg,resize,val,sg-1058,val/379.jpg,same_name_original,resized_duplicate,same filename; 277x369->480x640; LANCZOS RGB MAE=5.0781; 64x64 luminance correlation=0.99943,Supported,immature apple,1,0,480,640,derived representation; excluded from independent image universe
3810.jpg,original,val,sg-1059,val/3810.jpg,self,canonical,deterministic representative selection,Confirmed,immature apple,2,0,277,369,"representative, not verified acquisition original"
3810.jpg,resize,val,sg-1059,val/3810.jpg,same_name_original,resized_duplicate,same filename; 277x369->480x640; LANCZOS RGB MAE=3.6995; 64x64 luminance correlation=0.999296,Supported,immature apple,2,0,480,640,derived representation; excluded from independent image universe
384.jpg,original,val,sg-1060,val/384.jpg,self,canonical,deterministic representative selection,Confirmed,immature apple,1,0,277,369,"representative, not verified acquisition original"
384.jpg,resize,val,sg-1060,val/384.jpg,same_name_original,resized_duplicate,same filename; 277x369->480x640; LANCZOS RGB MAE=11.1152; 64x64 luminance correlation=0.998759,Supported,immature apple,1,0,480,640,derived representation; excluded from independent image universe
385.jpg,original,val,sg-1061,val/385.jpg,self,canonical,deterministic representative selection,Confirmed,immature apple,1,0,369,277,"representative, not verified acquisition original"
385.jpg,resize,val,sg-1061,val/385.jpg,same_name_original,resized_duplicate,same filename; 369x277->640x480; LANCZOS RGB MAE=3.7739; 64x64 luminance correlation=0.999432,Supported,immature apple,1,0,640,480,derived representation; excluded from independent image universe
3860.jpg,original,val,sg-1062,val/3860.jpg,self,canonical,deterministic representative selection,Confirmed,immature apple,2,0,277,369,"representative, not verified acquisition original"
3860.jpg,resize,val,sg-1062,val/3860.jpg,same_name_original,resized_duplicate,same filename; 277x369->480x640; LANCZOS RGB MAE=4.1628; 64x64 luminance correlation=0.999581,Supported,immature apple,2,0,480,640,derived representation; excluded from independent image universe
3870.jpg,original,val,sg-1063,val/3870.jpg,self,canonical,deterministic representative selection,Confirmed,immature apple,1,0,277,369,"representative, not verified acquisition original"
3870.jpg,resize,val,sg-1063,val/3870.jpg,same_name_original,resized_duplicate,same filename; 277x369->480x640; LANCZOS RGB MAE=10.4884; 64x64 luminance correlation=0.998993,Supported,immature apple,1,0,480,640,derived representation; excluded from independent image universe
3880.jpg,original,val,sg-1064,val/3880.jpg,self,canonical,deterministic representative selection,Confirmed,immature apple,1,0,277,369,"representative, not verified acquisition original"
3880.jpg,resize,val,sg-1064,val/3880.jpg,same_name_original,resized_duplicate,same filename; 277x369->480x640; LANCZOS RGB MAE=9.5942; 64x64 luminance correlation=0.999082,Supported,immature apple,1,0,480,640,derived representation; excluded from independent image universe
397.jpg,original,val,sg-1065,val/397.jpg,self,canonical,deterministic representative selection,Confirmed,immature apple,2,0,277,369,"representative, not verified acquisition original"
397.jpg,resize,val,sg-1065,val/397.jpg,same_name_original,resized_duplicate,same filename; 277x369->480x640; LANCZOS RGB MAE=7.3722; 64x64 luminance correlation=0.999266,Supported,immature apple,2,0,480,640,derived representation; excluded from independent image universe
411.jpg,original,val,sg-1066,val/411.jpg,self,canonical,deterministic representative selection,Confirmed,mature apple,2,0,369,277,"representative, not verified acquisition original"
411.jpg,resize,val,sg-1066,val/411.jpg,same_name_original,resized_duplicate,same filename; 369x277->640x480; LANCZOS RGB MAE=11.2635; 64x64 luminance correlation=0.999041,Supported,mature apple,2,0,640,480,derived representation; excluded from independent image universe
4141.jpg,original,val,sg-1067,val/4141.jpg,self,canonical,deterministic representative selection,Confirmed,immature apple,2,0,277,369,"representative, not verified acquisition original"
4141.jpg,resize,val,sg-1067,val/4141.jpg,same_name_original,resized_duplicate,same filename; 277x369->480x640; LANCZOS RGB MAE=7.8919; 64x64 luminance correlation=0.999385,Supported,immature apple,2,0,480,640,derived representation; excluded from independent image universe
416.jpg,original,val,sg-1068,val/416.jpg,self,canonical,deterministic representative selection,Confirmed,immature apple,2,0,369,277,"representative, not verified acquisition original"
416.jpg,resize,val,sg-1068,val/416.jpg,same_name_original,resized_duplicate,same filename; 369x277->640x480; LANCZOS RGB MAE=4.2245; 64x64 luminance correlation=0.998636,Supported,immature apple,2,0,640,480,derived representation; excluded from independent image universe
78.jpg,original,val,sg-1069,val/78.jpg,self,canonical,deterministic representative selection,Confirmed,mature apple,2,0,277,369,"representative, not verified acquisition original"
78.jpg,resize,val,sg-1069,val/78.jpg,same_name_original,resized_duplicate,same filename; 277x369->480x640; LANCZOS RGB MAE=7.0682; 64x64 luminance correlation=0.998546,Supported,mature apple,2,0,480,640,derived representation; excluded from independent image universe
79.jpg,original,val,sg-1070,val/79.jpg,self,canonical,deterministic representative selection,Confirmed,mature apple,2,0,277,369,"representative, not verified acquisition original"
79.jpg,resize,val,sg-1070,val/79.jpg,same_name_original,resized_duplicate,same filename; 277x369->480x640; LANCZOS RGB MAE=8.2845; 64x64 luminance correlation=0.999144,Supported,mature apple,2,0,480,640,derived representation; excluded from independent image universe
8100.jpg,original,val,sg-1071,val/8100.jpg,self,canonical,deterministic representative selection,Confirmed,mature apple,3,0,277,369,"representative, not verified acquisition original"
8100.jpg,resize,val,sg-1071,val/8100.jpg,same_name_original,resized_duplicate,same filename; 277x369->480x640; LANCZOS RGB MAE=11.207; 64x64 luminance correlation=0.998729,Supported,mature apple,3,0,480,640,derived representation; excluded from independent image universe
IMG_12330.jpg,original,val,sg-1072,val/IMG_12330.jpg,self,canonical,deterministic representative selection,Confirmed,mature apple,1,0,404,303,"representative, not verified acquisition original"
IMG_12330.jpg,resize,val,sg-1072,val/IMG_12330.jpg,same_name_original,resized_duplicate,same filename; 404x303->640x480; LANCZOS RGB MAE=1.2641; 64x64 luminance correlation=0.999958,Supported,mature apple,1,0,640,480,derived representation; excluded from independent image universe
IMG_12400.jpg,original,val,sg-0488,val/IMG_12400.jpg,self,canonical,deterministic representative selection,Confirmed,mature apple,2,0,404,303,"representative, not verified acquisition original"
IMG_12400.jpg,resize,val,sg-0488,val/IMG_12400.jpg,same_name_original,resized_duplicate,same filename; 404x303->640x480; LANCZOS RGB MAE=1.3743; 64x64 luminance correlation=0.999938,Supported,mature apple,2,0,640,480,derived representation; excluded from independent image universe
IMG_12460.jpg,original,val,sg-0493,val/IMG_12460.jpg,self,canonical,deterministic representative selection,Confirmed,mature apple,1,0,404,303,"representative, not verified acquisition original"
IMG_12460.jpg,resize,val,sg-0493,val/IMG_12460.jpg,same_name_original,resized_duplicate,same filename; 404x303->640x480; LANCZOS RGB MAE=1.291; 64x64 luminance correlation=0.999965,Supported,mature apple,1,0,640,480,derived representation; excluded from independent image universe
IMG_12590.jpg,original,val,sg-1073,val/IMG_12590.jpg,self,canonical,deterministic representative selection,Confirmed,mature apple,1,0,404,303,"representative, not verified acquisition original"
IMG_12590.jpg,resize,val,sg-1073,val/IMG_12590.jpg,same_name_original,resized_duplicate,same filename; 404x303->640x480; LANCZOS RGB MAE=1.4826; 64x64 luminance correlation=0.999832,Supported,mature apple,1,0,640,480,derived representation; excluded from independent image universe
IMG_1260.jpg,original,val,sg-1074,val/IMG_1260.jpg,self,canonical,deterministic representative selection,Confirmed,mature apple,1,0,404,303,"representative, not verified acquisition original"
IMG_1260.jpg,resize,val,sg-1074,val/IMG_1260.jpg,same_name_original,resized_duplicate,same filename; 404x303->640x480; LANCZOS RGB MAE=1.3833; 64x64 luminance correlation=0.999896,Supported,mature apple,1,0,640,480,derived representation; excluded from independent image universe
IMG_12650.jpg,original,val,sg-1075,val/IMG_12650.jpg,self,canonical,deterministic representative selection,Confirmed,mature apple,1,0,404,303,"representative, not verified acquisition original"
IMG_12650.jpg,resize,val,sg-1075,val/IMG_12650.jpg,same_name_original,resized_duplicate,same filename; 404x303->640x480; LANCZOS RGB MAE=1.4154; 64x64 luminance correlation=0.999932,Supported,mature apple,1,0,640,480,derived representation; excluded from independent image universe
IMG_12720.jpg,original,val,sg-1076,val/IMG_12720.jpg,self,canonical,deterministic representative selection,Confirmed,mature apple,1,0,404,303,"representative, not verified acquisition original"
IMG_12720.jpg,resize,val,sg-1076,val/IMG_12720.jpg,same_name_original,resized_duplicate,same filename; 404x303->640x480; LANCZOS RGB MAE=1.356; 64x64 luminance correlation=0.999924,Supported,mature apple,1,0,640,480,derived representation; excluded from independent image universe
IMG_12810.jpg,original,val,sg-0515,val/IMG_12810.jpg,self,canonical,deterministic representative selection,Confirmed,mature apple,1,0,404,303,"representative, not verified acquisition original"
IMG_12810.jpg,resize,val,sg-0515,val/IMG_12810.jpg,same_name_original,resized_duplicate,same filename; 404x303->640x480; LANCZOS RGB MAE=1.021; 64x64 luminance correlation=0.999974,Supported,mature apple,1,0,640,480,derived representation; excluded from independent image universe
IMG_13180.jpg,original,val,sg-1077,val/IMG_13180.jpg,self,canonical,deterministic representative selection,Confirmed,mature apple,1,0,404,303,"representative, not verified acquisition original"
IMG_13180.jpg,resize,val,sg-1077,val/IMG_13180.jpg,same_name_original,resized_duplicate,same filename; 404x303->640x480; LANCZOS RGB MAE=1.3109; 64x64 luminance correlation=0.999969,Supported,mature apple,1,0,640,480,derived representation; excluded from independent image universe
IMG_13220.jpg,original,val,sg-1078,val/IMG_13220.jpg,self,canonical,deterministic representative selection,Confirmed,mature apple,1,0,404,303,"representative, not verified acquisition original"
IMG_13220.jpg,resize,val,sg-1078,val/IMG_13220.jpg,same_name_original,resized_duplicate,same filename; 404x303->640x480; LANCZOS RGB MAE=1.2041; 64x64 luminance correlation=0.999952,Supported,mature apple,1,0,640,480,derived representation; excluded from independent image universe
IMG_13380.jpg,original,val,sg-1079,val/IMG_13380.jpg,self,canonical,deterministic representative selection,Confirmed,mature apple,1,0,404,303,"representative, not verified acquisition original"
IMG_13380.jpg,resize,val,sg-1079,val/IMG_13380.jpg,same_name_original,resized_duplicate,same filename; 404x303->640x480; LANCZOS RGB MAE=1.208; 64x64 luminance correlation=0.99994,Supported,mature apple,1,0,640,480,derived representation; excluded from independent image universe
IMG_13650_noise.jpg,original,val,sg-0094,test/IMG_13650.jpg,component_path,augmentation_derivative,64x64 luminance correlation=0.999718; identical region list=True,Strongly Supported,semi-mature apple,1,0,404,303,relation through component path; direct relation to canonical not asserted
IMG_13650_noise.jpg,resize,val,sg-0094,test/IMG_13650.jpg,same_name_original,resized_duplicate,same filename; 404x303->640x480; LANCZOS RGB MAE=2.0769; 64x64 luminance correlation=0.999972,Supported,semi-mature apple,1,0,640,480,derived representation; excluded from independent image universe
IMG_13700.jpg,original,val,sg-0570,val/IMG_13700.jpg,self,canonical,deterministic representative selection,Confirmed,mature apple,1,0,404,303,"representative, not verified acquisition original"
IMG_13700.jpg,resize,val,sg-0570,val/IMG_13700.jpg,same_name_original,resized_duplicate,same filename; 404x303->640x480; LANCZOS RGB MAE=1.2488; 64x64 luminance correlation=0.999945,Supported,mature apple,1,0,640,480,derived representation; excluded from independent image universe
IMG_1381.jpg,original,val,sg-0577,val/IMG_1381.jpg,self,canonical,deterministic representative selection,Confirmed,mature apple,2,0,404,303,"representative, not verified acquisition original"
IMG_1381.jpg,resize,val,sg-0577,val/IMG_1381.jpg,same_name_original,resized_duplicate,same filename; 404x303->640x480; LANCZOS RGB MAE=1.6064; 64x64 luminance correlation=0.999886,Supported,mature apple,2,0,640,480,derived representation; excluded from independent image universe
IMG_1387_noise.jpg,original,val,sg-0102,test/IMG_1387.jpg,component_path,augmentation_derivative,64x64 luminance correlation=0.999643; identical region list=True,Strongly Supported,semi-mature apple,1,0,404,303,relation through component path; direct relation to canonical not asserted
IMG_1387_noise.jpg,resize,val,sg-0102,test/IMG_1387.jpg,same_name_original,resized_duplicate,same filename; 404x303->640x480; LANCZOS RGB MAE=2.1221; 64x64 luminance correlation=0.999959,Supported,semi-mature apple,1,0,640,480,derived representation; excluded from independent image universe
IMG_1390_brightness.jpg,original,val,sg-0105,test/IMG_1390.jpg,component_path,augmentation_derivative,64x64 luminance correlation=0.996655; identical region list=True,Strongly Supported,semi-mature apple,1,0,404,303,relation through component path; direct relation to canonical not asserted
IMG_1390_brightness.jpg,resize,val,sg-0105,test/IMG_1390.jpg,same_name_original,resized_duplicate,same filename; 404x303->640x480; LANCZOS RGB MAE=1.0401; 64x64 luminance correlation=0.999976,Supported,semi-mature apple,1,0,640,480,derived representation; excluded from independent image universe
IMG_13930.jpg,original,val,sg-0582,val/IMG_13930.jpg,self,canonical,deterministic representative selection,Confirmed,mature apple,1,0,404,303,"representative, not verified acquisition original"
IMG_13930.jpg,resize,val,sg-0582,val/IMG_13930.jpg,same_name_original,resized_duplicate,same filename; 404x303->640x480; LANCZOS RGB MAE=1.3092; 64x64 luminance correlation=0.999966,Supported,mature apple,1,0,640,480,derived representation; excluded from independent image universe
IMG_13960.jpg,original,val,sg-0583,val/IMG_13960.jpg,self,canonical,deterministic representative selection,Confirmed,mature apple,1,0,404,303,"representative, not verified acquisition original"
IMG_13960.jpg,resize,val,sg-0583,val/IMG_13960.jpg,same_name_original,resized_duplicate,same filename; 404x303->640x480; LANCZOS RGB MAE=1.4176; 64x64 luminance correlation=0.999927,Supported,mature apple,1,0,640,480,derived representation; excluded from independent image universe
IMG_14040.jpg,original,val,sg-0588,val/IMG_14040.jpg,self,canonical,deterministic representative selection,Confirmed,mature apple,1,0,404,303,"representative, not verified acquisition original"
IMG_14040.jpg,resize,val,sg-0588,val/IMG_14040.jpg,same_name_original,resized_duplicate,same filename; 404x303->640x480; LANCZOS RGB MAE=1.2082; 64x64 luminance correlation=0.999912,Supported,mature apple,1,0,640,480,derived representation; excluded from independent image universe
IMG_1406_brightness.jpg,original,val,sg-0589,train/IMG_1406.jpg,component_path,augmentation_derivative,64x64 luminance correlation=0.996001; identical region list=True,Strongly Supported,semi-mature apple,1,0,404,303,relation through component path; direct relation to canonical not asserted
IMG_1406_brightness.jpg,resize,val,sg-0589,train/IMG_1406.jpg,same_name_original,resized_duplicate,same filename; 404x303->640x480; LANCZOS RGB MAE=1.4741; 64x64 luminance correlation=0.999934,Supported,semi-mature apple,1,0,640,480,derived representation; excluded from independent image universe
IMG_1419_noise.jpg,original,val,sg-0118,test/IMG_1419.jpg,component_path,augmentation_derivative,64x64 luminance correlation=0.999801; identical region list=True,Strongly Supported,semi-mature apple,1,0,404,303,relation through component path; direct relation to canonical not asserted
IMG_1419_noise.jpg,resize,val,sg-0118,test/IMG_1419.jpg,same_name_original,resized_duplicate,same filename; 404x303->640x480; LANCZOS RGB MAE=2.0569; 64x64 luminance correlation=0.999975,Supported,semi-mature apple,1,0,640,480,derived representation; excluded from independent image universe
IMG_1459.jpg,original,val,sg-1080,val/IMG_1459.jpg,self,canonical,deterministic representative selection,Confirmed,immature apple,1,0,404,303,"representative, not verified acquisition original"
IMG_1459.jpg,resize,val,sg-1080,val/IMG_1459.jpg,same_name_original,resized_duplicate,same filename; 404x303->640x480; LANCZOS RGB MAE=1.1192; 64x64 luminance correlation=0.999977,Supported,immature apple,1,0,640,480,derived representation; excluded from independent image universe
IMG_1460.jpg,original,val,sg-1081,val/IMG_1460.jpg,self,canonical,deterministic representative selection,Confirmed,immature apple,1,0,404,303,"representative, not verified acquisition original"
IMG_1460.jpg,resize,val,sg-1081,val/IMG_1460.jpg,same_name_original,resized_duplicate,same filename; 404x303->640x480; LANCZOS RGB MAE=1.2271; 64x64 luminance correlation=0.999957,Supported,immature apple,1,0,640,480,derived representation; excluded from independent image universe
IMG_5385.jpg,original,val,sg-1082,val/IMG_5385.jpg,self,canonical,deterministic representative selection,Confirmed,immature apple,1,0,404,303,"representative, not verified acquisition original"
IMG_5385.jpg,resize,val,sg-1082,val/IMG_5385.jpg,same_name_original,resized_duplicate,same filename; 404x303->640x480; LANCZOS RGB MAE=1.4182; 64x64 luminance correlation=0.999952,Supported,immature apple,1,0,640,480,derived representation; excluded from independent image universe
IMG_54130.jpg,original,val,sg-1083,val/IMG_54130.jpg,self,canonical,deterministic representative selection,Confirmed,immature apple,1,0,404,303,"representative, not verified acquisition original"
IMG_54130.jpg,resize,val,sg-1083,val/IMG_54130.jpg,same_name_original,resized_duplicate,same filename; 404x303->640x480; LANCZOS RGB MAE=1.4142; 64x64 luminance correlation=0.999952,Supported,immature apple,1,0,640,480,derived representation; excluded from independent image universe
IMG_5441.jpg,original,val,sg-1084,val/IMG_5441.jpg,self,canonical,deterministic representative selection,Confirmed,mature apple,1,0,404,303,"representative, not verified acquisition original"
IMG_5441.jpg,resize,val,sg-1084,val/IMG_5441.jpg,same_name_original,resized_duplicate,same filename; 404x303->640x480; LANCZOS RGB MAE=1.7892; 64x64 luminance correlation=0.999921,Supported,mature apple,1,0,640,480,derived representation; excluded from independent image universe
IMG_54500.jpg,original,val,sg-1085,val/IMG_54500.jpg,self,canonical,deterministic representative selection,Confirmed,immature apple,1,0,404,303,"representative, not verified acquisition original"
IMG_54500.jpg,resize,val,sg-1085,val/IMG_54500.jpg,same_name_original,resized_duplicate,same filename; 404x303->640x480; LANCZOS RGB MAE=1.4967; 64x64 luminance correlation=0.999941,Supported,immature apple,1,0,640,480,derived representation; excluded from independent image universe
IMG_5467.jpg,original,val,sg-1086,val/IMG_5467.jpg,self,canonical,deterministic representative selection,Confirmed,mature apple,1,0,404,303,"representative, not verified acquisition original"
IMG_5467.jpg,resize,val,sg-1086,val/IMG_5467.jpg,same_name_original,resized_duplicate,same filename; 404x303->640x480; LANCZOS RGB MAE=1.6902; 64x64 luminance correlation=0.999866,Supported,mature apple,1,0,640,480,derived representation; excluded from independent image universe
IMG_5480.jpg,original,val,sg-1087,val/IMG_5480.jpg,self,canonical,deterministic representative selection,Confirmed,immature apple,1,0,404,303,"representative, not verified acquisition original"
IMG_5480.jpg,resize,val,sg-1087,val/IMG_5480.jpg,same_name_original,resized_duplicate,same filename; 404x303->640x480; LANCZOS RGB MAE=1.2726; 64x64 luminance correlation=0.999919,Supported,immature apple,1,0,640,480,derived representation; excluded from independent image universe
IMG_54920.jpg,original,val,sg-1088,val/IMG_54920.jpg,self,canonical,deterministic representative selection,Confirmed,immature apple,2,0,404,303,"representative, not verified acquisition original"
IMG_54920.jpg,resize,val,sg-1088,val/IMG_54920.jpg,same_name_original,resized_duplicate,same filename; 404x303->640x480; LANCZOS RGB MAE=1.4448; 64x64 luminance correlation=0.999959,Supported,immature apple,2,0,640,480,derived representation; excluded from independent image universe
IMG_54940.jpg,original,val,sg-1089,val/IMG_54940.jpg,self,canonical,deterministic representative selection,Confirmed,immature apple,2,0,404,303,"representative, not verified acquisition original"
IMG_54940.jpg,resize,val,sg-1089,val/IMG_54940.jpg,same_name_original,resized_duplicate,same filename; 404x303->640x480; LANCZOS RGB MAE=1.7457; 64x64 luminance correlation=0.999774,Supported,immature apple,2,0,640,480,derived representation; excluded from independent image universe
IMG_55120.jpg,original,val,sg-1090,val/IMG_55120.jpg,self,canonical,deterministic representative selection,Confirmed,immature apple,1,0,404,303,"representative, not verified acquisition original"
IMG_55120.jpg,resize,val,sg-1090,val/IMG_55120.jpg,same_name_original,resized_duplicate,same filename; 404x303->640x480; LANCZOS RGB MAE=1.5791; 64x64 luminance correlation=0.999923,Supported,immature apple,1,0,640,480,derived representation; excluded from independent image universe
IMG_55140.jpg,original,val,sg-1091,val/IMG_55140.jpg,self,canonical,deterministic representative selection,Confirmed,immature apple,1,0,404,303,"representative, not verified acquisition original"
IMG_55140.jpg,resize,val,sg-1091,val/IMG_55140.jpg,same_name_original,resized_duplicate,same filename; 404x303->640x480; LANCZOS RGB MAE=1.4791; 64x64 luminance correlation=0.999922,Supported,immature apple,1,0,640,480,derived representation; excluded from independent image universe
IMG_55210.jpg,original,val,sg-1092,val/IMG_55210.jpg,self,canonical,deterministic representative selection,Confirmed,immature apple,1,0,404,303,"representative, not verified acquisition original"
IMG_55210.jpg,resize,val,sg-1092,val/IMG_55210.jpg,same_name_original,resized_duplicate,same filename; 404x303->640x480; LANCZOS RGB MAE=1.4424; 64x64 luminance correlation=0.999904,Supported,immature apple,1,0,640,480,derived representation; excluded from independent image universe
IMG_55230.jpg,original,val,sg-1093,val/IMG_55230.jpg,self,canonical,deterministic representative selection,Confirmed,immature apple,1,0,404,303,"representative, not verified acquisition original"
IMG_55230.jpg,resize,val,sg-1093,val/IMG_55230.jpg,same_name_original,resized_duplicate,same filename; 404x303->640x480; LANCZOS RGB MAE=1.2513; 64x64 luminance correlation=0.999967,Supported,immature apple,1,0,640,480,derived representation; excluded from independent image universe
IMG_55260.jpg,original,val,sg-1094,val/IMG_55260.jpg,self,canonical,deterministic representative selection,Confirmed,immature apple,2,0,404,303,"representative, not verified acquisition original"
IMG_55260.jpg,resize,val,sg-1094,val/IMG_55260.jpg,same_name_original,resized_duplicate,same filename; 404x303->640x480; LANCZOS RGB MAE=1.607; 64x64 luminance correlation=0.999863,Supported,immature apple,2,0,640,480,derived representation; excluded from independent image universe
IMG_55270.jpg,original,val,sg-1095,val/IMG_55270.jpg,self,canonical,deterministic representative selection,Confirmed,immature apple,1,0,404,303,"representative, not verified acquisition original"
IMG_55270.jpg,resize,val,sg-1095,val/IMG_55270.jpg,same_name_original,resized_duplicate,same filename; 404x303->640x480; LANCZOS RGB MAE=1.2417; 64x64 luminance correlation=0.99996,Supported,immature apple,1,0,640,480,derived representation; excluded from independent image universe
IMG_55630.jpg,original,val,sg-1096,val/IMG_55630.jpg,self,canonical,deterministic representative selection,Confirmed,immature apple,2,0,404,303,"representative, not verified acquisition original"
IMG_55630.jpg,resize,val,sg-1096,val/IMG_55630.jpg,same_name_original,resized_duplicate,same filename; 404x303->640x480; LANCZOS RGB MAE=1.7976; 64x64 luminance correlation=0.999791,Supported,immature apple,2,0,640,480,derived representation; excluded from independent image universe
IMG_55730.jpg,original,val,sg-1097,val/IMG_55730.jpg,self,canonical,deterministic representative selection,Confirmed,immature apple,3,0,404,303,"representative, not verified acquisition original"
IMG_55730.jpg,resize,val,sg-1097,val/IMG_55730.jpg,same_name_original,resized_duplicate,same filename; 404x303->640x480; LANCZOS RGB MAE=1.4635; 64x64 luminance correlation=0.99995,Supported,immature apple,3,0,640,480,derived representation; excluded from independent image universe
IMG_55880.jpg,original,val,sg-1098,val/IMG_55880.jpg,self,canonical,deterministic representative selection,Confirmed,immature apple,2,0,404,303,"representative, not verified acquisition original"
IMG_55880.jpg,resize,val,sg-1098,val/IMG_55880.jpg,same_name_original,resized_duplicate,same filename; 404x303->640x480; LANCZOS RGB MAE=1.9888; 64x64 luminance correlation=0.999598,Supported,immature apple,2,0,640,480,derived representation; excluded from independent image universe
IMG_56300.jpg,original,val,sg-1099,val/IMG_56300.jpg,self,canonical,deterministic representative selection,Confirmed,immature apple,1,0,404,303,"representative, not verified acquisition original"
IMG_56300.jpg,resize,val,sg-1099,val/IMG_56300.jpg,same_name_original,resized_duplicate,same filename; 404x303->640x480; LANCZOS RGB MAE=1.8414; 64x64 luminance correlation=0.999874,Supported,immature apple,1,0,640,480,derived representation; excluded from independent image universe
IMG_56310.jpg,original,val,sg-1100,val/IMG_56310.jpg,self,canonical,deterministic representative selection,Confirmed,immature apple,1,0,404,303,"representative, not verified acquisition original"
IMG_56310.jpg,resize,val,sg-1100,val/IMG_56310.jpg,same_name_original,resized_duplicate,same filename; 404x303->640x480; LANCZOS RGB MAE=1.8391; 64x64 luminance correlation=0.999875,Supported,immature apple,1,0,640,480,derived representation; excluded from independent image universe
IMG_6772.jpg,original,val,sg-1101,val/IMG_6772.jpg,self,canonical,deterministic representative selection,Confirmed,immature apple,1,0,369,277,"representative, not verified acquisition original"
IMG_6772.jpg,resize,val,sg-1101,val/IMG_6772.jpg,same_name_original,resized_duplicate,same filename; 369x277->640x480; LANCZOS RGB MAE=12.9826; 64x64 luminance correlation=0.998509,Supported,immature apple,1,0,640,480,derived representation; excluded from independent image universe
IMG_6780.jpg,original,val,sg-1102,val/IMG_6780.jpg,self,canonical,deterministic representative selection,Confirmed,immature apple,2,0,369,277,"representative, not verified acquisition original"
IMG_6780.jpg,resize,val,sg-1102,val/IMG_6780.jpg,same_name_original,resized_duplicate,same filename; 369x277->640x480; LANCZOS RGB MAE=10.6744; 64x64 luminance correlation=0.999107,Supported,immature apple,2,0,640,480,derived representation; excluded from independent image universe
IMG_6782.jpg,original,val,sg-1103,val/IMG_6782.jpg,self,canonical,deterministic representative selection,Confirmed,immature apple,1,0,369,277,"representative, not verified acquisition original"
IMG_6782.jpg,resize,val,sg-1103,val/IMG_6782.jpg,same_name_original,resized_duplicate,same filename; 369x277->640x480; LANCZOS RGB MAE=9.1014; 64x64 luminance correlation=0.999101,Supported,immature apple,1,0,640,480,derived representation; excluded from independent image universe
IMG_6800.jpg,original,val,sg-1104,val/IMG_6800.jpg,self,canonical,deterministic representative selection,Confirmed,immature apple,2,0,369,277,"representative, not verified acquisition original"
IMG_6800.jpg,resize,val,sg-1104,val/IMG_6800.jpg,same_name_original,resized_duplicate,same filename; 369x277->640x480; LANCZOS RGB MAE=14.8482; 64x64 luminance correlation=0.99832,Supported,immature apple,2,0,640,480,derived representation; excluded from independent image universe
IMG_6801.jpg,original,val,sg-1105,val/IMG_6801.jpg,self,canonical,deterministic representative selection,Confirmed,immature apple,1,0,369,277,"representative, not verified acquisition original"
IMG_6801.jpg,resize,val,sg-1105,val/IMG_6801.jpg,same_name_original,resized_duplicate,same filename; 369x277->640x480; LANCZOS RGB MAE=14.7452; 64x64 luminance correlation=0.998217,Supported,immature apple,1,0,640,480,derived representation; excluded from independent image universe
IMG_6803.jpg,original,val,sg-1106,val/IMG_6803.jpg,self,canonical,deterministic representative selection,Confirmed,immature apple,1,0,369,277,"representative, not verified acquisition original"
IMG_6803.jpg,resize,val,sg-1106,val/IMG_6803.jpg,same_name_original,resized_duplicate,same filename; 369x277->640x480; LANCZOS RGB MAE=7.9979; 64x64 luminance correlation=0.999161,Supported,immature apple,1,0,640,480,derived representation; excluded from independent image universe
IMG_6806.jpg,original,val,sg-1107,val/IMG_6806.jpg,self,canonical,deterministic representative selection,Confirmed,immature apple,4,0,369,277,"representative, not verified acquisition original"
IMG_6806.jpg,resize,val,sg-1107,val/IMG_6806.jpg,same_name_original,resized_duplicate,same filename; 369x277->640x480; LANCZOS RGB MAE=10.8739; 64x64 luminance correlation=0.998835,Supported,immature apple,4,0,640,480,derived representation; excluded from independent image universe
IMG_6809.jpg,original,val,sg-1108,val/IMG_6809.jpg,self,canonical,deterministic representative selection,Confirmed,immature apple,1,0,369,277,"representative, not verified acquisition original"
IMG_6809.jpg,resize,val,sg-1108,val/IMG_6809.jpg,same_name_original,resized_duplicate,same filename; 369x277->640x480; LANCZOS RGB MAE=7.5458; 64x64 luminance correlation=0.99869,Supported,immature apple,1,0,640,480,derived representation; excluded from independent image universe
IMG_6815.jpg,original,val,sg-1109,val/IMG_6815.jpg,self,canonical,deterministic representative selection,Confirmed,immature apple,3,0,369,277,"representative, not verified acquisition original"
IMG_6815.jpg,resize,val,sg-1109,val/IMG_6815.jpg,same_name_original,resized_duplicate,same filename; 369x277->640x480; LANCZOS RGB MAE=9.2138; 64x64 luminance correlation=0.998718,Supported,immature apple,3,0,640,480,derived representation; excluded from independent image universe
IMG_6833.jpg,original,val,sg-1110,val/IMG_6833.jpg,self,canonical,deterministic representative selection,Confirmed,immature apple,2,0,369,277,"representative, not verified acquisition original"
IMG_6833.jpg,resize,val,sg-1110,val/IMG_6833.jpg,same_name_original,resized_duplicate,same filename; 369x277->640x480; LANCZOS RGB MAE=11.2788; 64x64 luminance correlation=0.998993,Supported,immature apple,2,0,640,480,derived representation; excluded from independent image universe
IMG_6839.jpg,original,val,sg-1111,val/IMG_6839.jpg,self,canonical,deterministic representative selection,Confirmed,immature apple,1,0,369,277,"representative, not verified acquisition original"
IMG_6839.jpg,resize,val,sg-1111,val/IMG_6839.jpg,same_name_original,resized_duplicate,same filename; 369x277->640x480; LANCZOS RGB MAE=8.0537; 64x64 luminance correlation=0.999019,Supported,immature apple,1,0,640,480,derived representation; excluded from independent image universe
IMG_6882.jpg,original,val,sg-1112,val/IMG_6882.jpg,self,canonical,deterministic representative selection,Confirmed,immature apple,1,0,369,277,"representative, not verified acquisition original"
IMG_6882.jpg,resize,val,sg-1112,val/IMG_6882.jpg,same_name_original,resized_duplicate,same filename; 369x277->640x480; LANCZOS RGB MAE=5.3588; 64x64 luminance correlation=0.999445,Supported,immature apple,1,0,640,480,derived representation; excluded from independent image universe
