official_split,filename,source_group_id,split_guard_cluster_id,guard_reason,highest_risk_relation,confidence,notes
test,108.jpg,sg-0001,gc-0001,source_group_only,none,N/A,One evidence-based source group; physical acquisition ID unverified
test,115.jpg,sg-0002,gc-0002,source_group_only,none,N/A,One evidence-based source group; physical acquisition ID unverified
test,1170.jpg,sg-0003,gc-0003,source_group_only,none,N/A,One evidence-based source group; physical acquisition ID unverified
test,123.jpg,sg-0004,gc-0004,source_group_only,none,N/A,One evidence-based source group; physical acquisition ID unverified
test,1240.jpg,sg-0005,gc-0005,source_group_only,none,N/A,One evidence-based source group; physical acquisition ID unverified
test,1270.jpg,sg-0006,gc-0006,source_group_only,none,N/A,One evidence-based source group; physical acquisition ID unverified
test,1290.jpg,sg-0007,gc-0007,residual_candidate_transitive_guard,train/1290_brightness.jpg <-> test/2360.jpg,Candidate (guard only),Precautionary split constraint; not proof of common physical acquisition
test,138.jpg,sg-0008,gc-0008,source_group_only,none,N/A,One evidence-based source group; physical acquisition ID unverified
test,1400.jpg,sg-0009,gc-0009,residual_candidate_transitive_guard,train/246.jpg <-> test/1400.jpg,Candidate (guard only),Precautionary split constraint; not proof of common physical acquisition
test,1410.jpg,sg-0010,gc-0010,source_group_only,none,N/A,One evidence-based source group; physical acquisition ID unverified
test,1420.jpg,sg-0011,gc-0011,source_group_only,none,N/A,One evidence-based source group; physical acquisition ID unverified
test,143.jpg,sg-0012,gc-0012,source_group_only,none,N/A,One evidence-based source group; physical acquisition ID unverified
test,150.jpg,sg-0013,gc-0013,source_group_only,none,N/A,One evidence-based source group; physical acquisition ID unverified
test,1520.jpg,sg-0014,gc-0014,source_group_only,none,N/A,One evidence-based source group; physical acquisition ID unverified
test,158.jpg,sg-0015,gc-0015,source_group_only,none,N/A,One evidence-based source group; physical acquisition ID unverified
test,1600.jpg,sg-0016,gc-0016,residual_candidate_transitive_guard,train/2760.jpg <-> test/1600.jpg,Candidate (guard only),Precautionary split constraint; not proof of common physical acquisition
test,1710.jpg,sg-0017,gc-0017,source_group_only,none,N/A,One evidence-based source group; physical acquisition ID unverified
test,172.jpg,sg-0018,gc-0018,residual_candidate_transitive_guard,test/172.jpg <-> train/172_brightness.jpg,Candidate (guard only),Precautionary split constraint; not proof of common physical acquisition
test,175.jpg,sg-0019,gc-0019,source_group_only,none,N/A,One evidence-based source group; physical acquisition ID unverified
test,1760.jpg,sg-0020,gc-0020,source_group_only,none,N/A,One evidence-based source group; physical acquisition ID unverified
test,182.jpg,sg-0021,gc-0021,source_group_only,none,N/A,One evidence-based source group; physical acquisition ID unverified
test,1840.jpg,sg-0022,gc-0022,source_group_only,none,N/A,One evidence-based source group; physical acquisition ID unverified
test,2040.jpg,sg-0023,gc-0023,source_group_only,none,N/A,One evidence-based source group; physical acquisition ID unverified
test,2050.jpg,sg-0024,gc-0024,source_group_only,none,N/A,One evidence-based source group; physical acquisition ID unverified
test,206.jpg,sg-0025,gc-0025,source_group_only,none,N/A,One evidence-based source group; physical acquisition ID unverified
test,2150.jpg,sg-0026,gc-0026,source_group_only,none,N/A,One evidence-based source group; physical acquisition ID unverified
test,2210.jpg,sg-0027,gc-0027,source_group_only,none,N/A,One evidence-based source group; physical acquisition ID unverified
test,227.jpg,sg-0028,gc-0028,source_group_only,none,N/A,One evidence-based source group; physical acquisition ID unverified
test,232.jpg,sg-0029,gc-0029,source_group_only,none,N/A,One evidence-based source group; physical acquisition ID unverified
test,2360.jpg,sg-0030,gc-0007,residual_candidate_transitive_guard,train/1290_brightness.jpg <-> test/2360.jpg,Candidate (guard only),Precautionary split constraint; not proof of common physical acquisition
test,2410.jpg,sg-0031,gc-0030,residual_candidate_transitive_guard,train/1320.jpg <-> test/2410.jpg,Candidate (guard only),Precautionary split constraint; not proof of common physical acquisition
test,2450.jpg,sg-0032,gc-0031,source_group_only,none,N/A,One evidence-based source group; physical acquisition ID unverified
test,250.jpg,sg-0033,gc-0032,residual_candidate_transitive_guard,train/1390_brightness.jpg <-> test/250.jpg,Candidate (guard only),Precautionary split constraint; not proof of common physical acquisition
test,255.jpg,sg-0034,gc-0033,source_group_only,none,N/A,One evidence-based source group; physical acquisition ID unverified
test,257.jpg,sg-0035,gc-0034,source_group_only,none,N/A,One evidence-based source group; physical acquisition ID unverified
test,2640.jpg,sg-0036,gc-0035,source_group_only,none,N/A,One evidence-based source group; physical acquisition ID unverified
test,267.jpg,sg-0012,gc-0012,source_group_only,none,N/A,One evidence-based source group; physical acquisition ID unverified
test,27.jpg,sg-0037,gc-0036,source_group_only,none,N/A,One evidence-based source group; physical acquisition ID unverified
test,2720.jpg,sg-0038,gc-0037,source_group_only,none,N/A,One evidence-based source group; physical acquisition ID unverified
test,279.jpg,sg-0013,gc-0013,source_group_only,none,N/A,One evidence-based source group; physical acquisition ID unverified
test,2800.jpg,sg-0039,gc-0038,residual_candidate_transitive_guard,train/151.jpg <-> test/2800.jpg,Candidate (guard only),Precautionary split constraint; not proof of common physical acquisition
test,2810.jpg,sg-0040,gc-0039,source_group_only,none,N/A,One evidence-based source group; physical acquisition ID unverified
test,2890.jpg,sg-0041,gc-0040,residual_candidate_transitive_guard,train/2370.jpg <-> test/2890.jpg,Candidate (guard only),Precautionary split constraint; not proof of common physical acquisition
test,2960.jpg,sg-0042,gc-0041,source_group_only,none,N/A,One evidence-based source group; physical acquisition ID unverified
test,299.jpg,sg-0043,gc-0042,source_group_only,none,N/A,One evidence-based source group; physical acquisition ID unverified
test,302.jpg,sg-0044,gc-0043,source_group_only,none,N/A,One evidence-based source group; physical acquisition ID unverified
test,3030.jpg,sg-0045,gc-0044,residual_candidate_transitive_guard,train/162.jpg <-> test/3030.jpg,Candidate (guard only),Precautionary split constraint; not proof of common physical acquisition
test,3100.jpg,sg-0046,gc-0045,source_group_only,none,N/A,One evidence-based source group; physical acquisition ID unverified
test,3110.jpg,sg-0047,gc-0046,source_group_only,none,N/A,One evidence-based source group; physical acquisition ID unverified
test,317.jpg,sg-0048,gc-0047,source_group_only,none,N/A,One evidence-based source group; physical acquisition ID unverified
test,3240.jpg,sg-0049,gc-0048,source_group_only,none,N/A,One evidence-based source group; physical acquisition ID unverified
test,3250.jpg,sg-0050,gc-0049,source_group_only,none,N/A,One evidence-based source group; physical acquisition ID unverified
test,328.jpg,sg-0051,gc-0050,source_group_only,none,N/A,One evidence-based source group; physical acquisition ID unverified
test,339.jpg,sg-0052,gc-0051,source_group_only,none,N/A,One evidence-based source group; physical acquisition ID unverified
test,3421.jpg,sg-0053,gc-0052,source_group_only,none,N/A,One evidence-based source group; physical acquisition ID unverified
test,343.jpg,sg-0054,gc-0053,source_group_only,none,N/A,One evidence-based source group; physical acquisition ID unverified
test,3480.jpg,sg-0055,gc-0054,source_group_only,none,N/A,One evidence-based source group; physical acquisition ID unverified
test,35.jpg,sg-0056,gc-0055,source_group_only,none,N/A,One evidence-based source group; physical acquisition ID unverified
test,3820.jpg,sg-0057,gc-0056,source_group_only,none,N/A,One evidence-based source group; physical acquisition ID unverified
test,383.jpg,sg-0058,gc-0057,source_group_only,none,N/A,One evidence-based source group; physical acquisition ID unverified
test,390.jpg,sg-0059,gc-0058,source_group_only,none,N/A,One evidence-based source group; physical acquisition ID unverified
test,423-1.jpg,sg-0060,gc-0059,source_group_only,none,N/A,One evidence-based source group; physical acquisition ID unverified
test,43.jpg,sg-0061,gc-0060,source_group_only,none,N/A,One evidence-based source group; physical acquisition ID unverified
test,45.jpg,sg-0062,gc-0061,source_group_only,none,N/A,One evidence-based source group; physical acquisition ID unverified
test,65.jpg,sg-0063,gc-0062,source_group_only,none,N/A,One evidence-based source group; physical acquisition ID unverified
test,70000.jpg,sg-0064,gc-0063,source_group_only,none,N/A,One evidence-based source group; physical acquisition ID unverified
test,82.jpg,sg-0065,gc-0064,source_group_only,none,N/A,One evidence-based source group; physical acquisition ID unverified
test,83.jpg,sg-0066,gc-0065,source_group_only,none,N/A,One evidence-based source group; physical acquisition ID unverified
test,IMG_12340.jpg,sg-0067,gc-0066,source_group_only,none,N/A,One evidence-based source group; physical acquisition ID unverified
test,IMG_1236.jpg,sg-0068,gc-0067,source_group_only,none,N/A,One evidence-based source group; physical acquisition ID unverified
test,IMG_12420.jpg,sg-0069,gc-0068,source_group_only,none,N/A,One evidence-based source group; physical acquisition ID unverified
test,IMG_12480.jpg,sg-0070,gc-0069,source_group_only,none,N/A,One evidence-based source group; physical acquisition ID unverified
test,IMG_1249.jpg,sg-0071,gc-0070,source_group_only,none,N/A,One evidence-based source group; physical acquisition ID unverified
test,IMG_12570.jpg,sg-0072,gc-0071,source_group_only,none,N/A,One evidence-based source group; physical acquisition ID unverified
test,IMG_12730.jpg,sg-0073,gc-0072,source_group_only,none,N/A,One evidence-based source group; physical acquisition ID unverified
test,IMG_12790.jpg,sg-0074,gc-0073,source_group_only,none,N/A,One evidence-based source group; physical acquisition ID unverified
test,IMG_1285.jpg,sg-0075,gc-0074,source_group_only,none,N/A,One evidence-based source group; physical acquisition ID unverified
test,IMG_1288.jpg,sg-0076,gc-0075,source_group_only,none,N/A,One evidence-based source group; physical acquisition ID unverified
test,IMG_1304.jpg,sg-0077,gc-0076,source_group_only,none,N/A,One evidence-based source group; physical acquisition ID unverified
test,IMG_13060.jpg,sg-0078,gc-0077,source_group_only,none,N/A,One evidence-based source group; physical acquisition ID unverified
test,IMG_13090.jpg,sg-0079,gc-0078,source_group_only,none,N/A,One evidence-based source group; physical acquisition ID unverified
test,IMG_13110.jpg,sg-0080,gc-0079,source_group_only,none,N/A,One evidence-based source group; physical acquisition ID unverified
test,IMG_13150.jpg,sg-0081,gc-0080,source_group_only,none,N/A,One evidence-based source group; physical acquisition ID unverified
test,IMG_13190.jpg,sg-0082,gc-0081,source_group_only,none,N/A,One evidence-based source group; physical acquisition ID unverified
test,IMG_13260.jpg,sg-0083,gc-0082,source_group_only,none,N/A,One evidence-based source group; physical acquisition ID unverified
test,IMG_13270.jpg,sg-0084,gc-0083,source_group_only,none,N/A,One evidence-based source group; physical acquisition ID unverified
test,IMG_13290.jpg,sg-0085,gc-0084,source_group_only,none,N/A,One evidence-based source group; physical acquisition ID unverified
test,IMG_13320.jpg,sg-0086,gc-0085,source_group_only,none,N/A,One evidence-based source group; physical acquisition ID unverified
test,IMG_13330.jpg,sg-0087,gc-0086,source_group_only,none,N/A,One evidence-based source group; physical acquisition ID unverified
test,IMG_13340.jpg,sg-0088,gc-0087,source_group_only,none,N/A,One evidence-based source group; physical acquisition ID unverified
test,IMG_13360.jpg,sg-0089,gc-0088,source_group_only,none,N/A,One evidence-based source group; physical acquisition ID unverified
test,IMG_1346.jpg,sg-0090,gc-0089,source_group_only,none,N/A,One evidence-based source group; physical acquisition ID unverified
test,IMG_1353.jpg,sg-0091,gc-0090,source_group_only,none,N/A,One evidence-based source group; physical acquisition ID unverified
test,IMG_13590.jpg,sg-0092,gc-0091,source_group_only,none,N/A,One evidence-based source group; physical acquisition ID unverified
test,IMG_13610.jpg,sg-0093,gc-0092,source_group_only,none,N/A,One evidence-based source group; physical acquisition ID unverified
test,IMG_13650.jpg,sg-0094,gc-0093,source_group_only,none,N/A,One evidence-based source group; physical acquisition ID unverified
test,IMG_1368.jpg,sg-0095,gc-0094,source_group_only,none,N/A,One evidence-based source group; physical acquisition ID unverified
test,IMG_13750.jpg,sg-0096,gc-0095,source_group_only,none,N/A,One evidence-based source group; physical acquisition ID unverified
test,IMG_13770.jpg,sg-0097,gc-0096,source_group_only,none,N/A,One evidence-based source group; physical acquisition ID unverified
test,IMG_1378.jpg,sg-0098,gc-0097,source_group_only,none,N/A,One evidence-based source group; physical acquisition ID unverified
test,IMG_13800.jpg,sg-0099,gc-0098,source_group_only,none,N/A,One evidence-based source group; physical acquisition ID unverified
test,IMG_13830.jpg,sg-0100,gc-0099,source_group_only,none,N/A,One evidence-based source group; physical acquisition ID unverified
test,IMG_13850.jpg,sg-0101,gc-0100,source_group_only,none,N/A,One evidence-based source group; physical acquisition ID unverified
test,IMG_1387.jpg,sg-0102,gc-0101,source_group_only,none,N/A,One evidence-based source group; physical acquisition ID unverified
test,IMG_13880.jpg,sg-0103,gc-0102,source_group_only,none,N/A,One evidence-based source group; physical acquisition ID unverified
test,IMG_1389.jpg,sg-0104,gc-0103,source_group_only,none,N/A,One evidence-based source group; physical acquisition ID unverified
test,IMG_1390.jpg,sg-0105,gc-0104,source_group_only,none,N/A,One evidence-based source group; physical acquisition ID unverified
test,IMG_13920.jpg,sg-0106,gc-0105,source_group_only,none,N/A,One evidence-based source group; physical acquisition ID unverified
test,IMG_13940.jpg,sg-0107,gc-0106,source_group_only,none,N/A,One evidence-based source group; physical acquisition ID unverified
test,IMG_13950.jpg,sg-0108,gc-0107,source_group_only,none,N/A,One evidence-based source group; physical acquisition ID unverified
test,IMG_1398.jpg,sg-0109,gc-0108,source_group_only,none,N/A,One evidence-based source group; physical acquisition ID unverified
test,IMG_14010.jpg,sg-0110,gc-0109,source_group_only,none,N/A,One evidence-based source group; physical acquisition ID unverified
test,IMG_14030.jpg,sg-0111,gc-0110,source_group_only,none,N/A,One evidence-based source group; physical acquisition ID unverified
test,IMG_14050.jpg,sg-0112,gc-0111,source_group_only,none,N/A,One evidence-based source group; physical acquisition ID unverified
test,IMG_1408.jpg,sg-0113,gc-0112,source_group_only,none,N/A,One evidence-based source group; physical acquisition ID unverified
test,IMG_14090.jpg,sg-0114,gc-0113,source_group_only,none,N/A,One evidence-based source group; physical acquisition ID unverified
test,IMG_14120.jpg,sg-0115,gc-0114,residual_candidate_transitive_guard,train/IMG_14130.jpg <-> test/IMG_14120.jpg,Candidate (guard only),Precautionary split constraint; not proof of common physical acquisition
test,IMG_1416.jpg,sg-0116,gc-0115,source_group_only,none,N/A,One evidence-based source group; physical acquisition ID unverified
test,IMG_14170.jpg,sg-0117,gc-0116,source_group_only,none,N/A,One evidence-based source group; physical acquisition ID unverified
test,IMG_1419.jpg,sg-0118,gc-0117,source_group_only,none,N/A,One evidence-based source group; physical acquisition ID unverified
test,IMG_14300.jpg,sg-0119,gc-0118,source_group_only,none,N/A,One evidence-based source group; physical acquisition ID unverified
test,IMG_14420.jpg,sg-0120,gc-0119,source_group_only,none,N/A,One evidence-based source group; physical acquisition ID unverified
test,IMG_14430.jpg,sg-0121,gc-0120,source_group_only,none,N/A,One evidence-based source group; physical acquisition ID unverified
test,IMG_14460.jpg,sg-0122,gc-0121,source_group_only,none,N/A,One evidence-based source group; physical acquisition ID unverified
test,IMG_1448.jpg,sg-0123,gc-0122,source_group_only,none,N/A,One evidence-based source group; physical acquisition ID unverified
test,IMG_1450.jpg,sg-0124,gc-0123,source_group_only,none,N/A,One evidence-based source group; physical acquisition ID unverified
test,IMG_1452.jpg,sg-0125,gc-0124,source_group_only,none,N/A,One evidence-based source group; physical acquisition ID unverified
test,IMG_1461.jpg,sg-0126,gc-0125,source_group_only,none,N/A,One evidence-based source group; physical acquisition ID unverified
test,IMG_1464.jpg,sg-0127,gc-0126,source_group_only,none,N/A,One evidence-based source group; physical acquisition ID unverified
test,IMG_14660.jpg,sg-0128,gc-0127,source_group_only,none,N/A,One evidence-based source group; physical acquisition ID unverified
test,IMG_14670.jpg,sg-0129,gc-0128,source_group_only,none,N/A,One evidence-based source group; physical acquisition ID unverified
test,IMG_1469.jpg,sg-0130,gc-0129,source_group_only,none,N/A,One evidence-based source group; physical acquisition ID unverified
test,IMG_1475.jpg,sg-0131,gc-0130,source_group_only,none,N/A,One evidence-based source group; physical acquisition ID unverified
test,IMG_15601.jpg,sg-0132,gc-0131,source_group_only,none,N/A,One evidence-based source group; physical acquisition ID unverified
test,IMG_5387.jpg,sg-0133,gc-0132,source_group_only,none,N/A,One evidence-based source group; physical acquisition ID unverified
test,IMG_53880.jpg,sg-0134,gc-0133,source_group_only,none,N/A,One evidence-based source group; physical acquisition ID unverified
test,IMG_53890.jpg,sg-0135,gc-0134,source_group_only,none,N/A,One evidence-based source group; physical acquisition ID unverified
test,IMG_5393.jpg,sg-0136,gc-0135,source_group_only,none,N/A,One evidence-based source group; physical acquisition ID unverified
test,IMG_53950.jpg,sg-0137,gc-0136,source_group_only,none,N/A,One evidence-based source group; physical acquisition ID unverified
test,IMG_53970.jpg,sg-0138,gc-0137,source_group_only,none,N/A,One evidence-based source group; physical acquisition ID unverified
test,IMG_5405.jpg,sg-0139,gc-0138,source_group_only,none,N/A,One evidence-based source group; physical acquisition ID unverified
test,IMG_5409.jpg,sg-0140,gc-0139,source_group_only,none,N/A,One evidence-based source group; physical acquisition ID unverified
test,IMG_54140.jpg,sg-0141,gc-0140,source_group_only,none,N/A,One evidence-based source group; physical acquisition ID unverified
test,IMG_54160.jpg,sg-0142,gc-0141,source_group_only,none,N/A,One evidence-based source group; physical acquisition ID unverified
test,IMG_5418.jpg,sg-0143,gc-0142,source_group_only,none,N/A,One evidence-based source group; physical acquisition ID unverified
test,IMG_54190.jpg,sg-0144,gc-0143,source_group_only,none,N/A,One evidence-based source group; physical acquisition ID unverified
test,IMG_54280.jpg,sg-0145,gc-0144,source_group_only,none,N/A,One evidence-based source group; physical acquisition ID unverified
test,IMG_54290.jpg,sg-0146,gc-0145,source_group_only,none,N/A,One evidence-based source group; physical acquisition ID unverified
test,IMG_5430.jpg,sg-0147,gc-0146,source_group_only,none,N/A,One evidence-based source group; physical acquisition ID unverified
test,IMG_54350.jpg,sg-0148,gc-0147,source_group_only,none,N/A,One evidence-based source group; physical acquisition ID unverified
test,IMG_54370.jpg,sg-0149,gc-0148,source_group_only,none,N/A,One evidence-based source group; physical acquisition ID unverified
test,IMG_54420.jpg,sg-0150,gc-0149,source_group_only,none,N/A,One evidence-based source group; physical acquisition ID unverified
test,IMG_54440.jpg,sg-0151,gc-0150,source_group_only,none,N/A,One evidence-based source group; physical acquisition ID unverified
test,IMG_54450.jpg,sg-0152,gc-0151,source_group_only,none,N/A,One evidence-based source group; physical acquisition ID unverified
test,IMG_54470.jpg,sg-0153,gc-0152,source_group_only,none,N/A,One evidence-based source group; physical acquisition ID unverified
test,IMG_54550.jpg,sg-0154,gc-0153,source_group_only,none,N/A,One evidence-based source group; physical acquisition ID unverified
test,IMG_54560.jpg,sg-0155,gc-0154,source_group_only,none,N/A,One evidence-based source group; physical acquisition ID unverified
test,IMG_54690.jpg,sg-0156,gc-0155,source_group_only,none,N/A,One evidence-based source group; physical acquisition ID unverified
test,IMG_5472.jpg,sg-0157,gc-0156,source_group_only,none,N/A,One evidence-based source group; physical acquisition ID unverified
test,IMG_54910.jpg,sg-0158,gc-0157,source_group_only,none,N/A,One evidence-based source group; physical acquisition ID unverified
test,IMG_55060.jpg,sg-0159,gc-0158,source_group_only,none,N/A,One evidence-based source group; physical acquisition ID unverified
test,IMG_5546.jpg,sg-0160,gc-0159,source_group_only,none,N/A,One evidence-based source group; physical acquisition ID unverified
test,IMG_55800.jpg,sg-0161,gc-0160,source_group_only,none,N/A,One evidence-based source group; physical acquisition ID unverified
test,IMG_55890.jpg,sg-0162,gc-0161,source_group_only,none,N/A,One evidence-based source group; physical acquisition ID unverified
test,IMG_55910.jpg,sg-0163,gc-0162,source_group_only,none,N/A,One evidence-based source group; physical acquisition ID unverified
test,IMG_55980.jpg,sg-0164,gc-0163,source_group_only,none,N/A,One evidence-based source group; physical acquisition ID unverified
test,IMG_5605.jpg,sg-0165,gc-0164,source_group_only,none,N/A,One evidence-based source group; physical acquisition ID unverified
test,IMG_5606.jpg,sg-0166,gc-0165,source_group_only,none,N/A,One evidence-based source group; physical acquisition ID unverified
test,IMG_56100.jpg,sg-0167,gc-0166,source_group_only,none,N/A,One evidence-based source group; physical acquisition ID unverified
test,IMG_56110.jpg,sg-0168,gc-0167,source_group_only,none,N/A,One evidence-based source group; physical acquisition ID unverified
test,IMG_56130.jpg,sg-0169,gc-0168,source_group_only,none,N/A,One evidence-based source group; physical acquisition ID unverified
test,IMG_5614.jpg,sg-0170,gc-0169,source_group_only,none,N/A,One evidence-based source group; physical acquisition ID unverified
test,IMG_56200.jpg,sg-0171,gc-0170,source_group_only,none,N/A,One evidence-based source group; physical acquisition ID unverified
test,IMG_56400.jpg,sg-0172,gc-0171,source_group_only,none,N/A,One evidence-based source group; physical acquisition ID unverified
test,IMG_56440.jpg,sg-0173,gc-0172,source_group_only,none,N/A,One evidence-based source group; physical acquisition ID unverified
test,IMG_6766.jpg,sg-0174,gc-0173,source_group_only,none,N/A,One evidence-based source group; physical acquisition ID unverified
test,IMG_6771.jpg,sg-0175,gc-0174,source_group_only,none,N/A,One evidence-based source group; physical acquisition ID unverified
test,IMG_6774.jpg,sg-0176,gc-0175,source_group_only,none,N/A,One evidence-based source group; physical acquisition ID unverified
test,IMG_6778.jpg,sg-0177,gc-0176,source_group_only,none,N/A,One evidence-based source group; physical acquisition ID unverified
test,IMG_6779.jpg,sg-0178,gc-0177,source_group_only,none,N/A,One evidence-based source group; physical acquisition ID unverified
test,IMG_6781.jpg,sg-0179,gc-0178,source_group_only,none,N/A,One evidence-based source group; physical acquisition ID unverified
test,IMG_6784.jpg,sg-0180,gc-0179,source_group_only,none,N/A,One evidence-based source group; physical acquisition ID unverified
test,IMG_6787.jpg,sg-0181,gc-0180,source_group_only,none,N/A,One evidence-based source group; physical acquisition ID unverified
test,IMG_6799.jpg,sg-0182,gc-0181,source_group_only,none,N/A,One evidence-based source group; physical acquisition ID unverified
test,IMG_6804.jpg,sg-0183,gc-0182,source_group_only,none,N/A,One evidence-based source group; physical acquisition ID unverified
test,IMG_6807.jpg,sg-0184,gc-0183,source_group_only,none,N/A,One evidence-based source group; physical acquisition ID unverified
test,IMG_6812.jpg,sg-0185,gc-0184,source_group_only,none,N/A,One evidence-based source group; physical acquisition ID unverified
test,IMG_6816.jpg,sg-0186,gc-0185,source_group_only,none,N/A,One evidence-based source group; physical acquisition ID unverified
test,IMG_6819.jpg,sg-0187,gc-0186,source_group_only,none,N/A,One evidence-based source group; physical acquisition ID unverified
test,IMG_6821.jpg,sg-0188,gc-0187,source_group_only,none,N/A,One evidence-based source group; physical acquisition ID unverified
test,IMG_6826.jpg,sg-0189,gc-0188,source_group_only,none,N/A,One evidence-based source group; physical acquisition ID unverified
test,IMG_6827.jpg,sg-0190,gc-0189,source_group_only,none,N/A,One evidence-based source group; physical acquisition ID unverified
test,IMG_6829.jpg,sg-0191,gc-0190,source_group_only,none,N/A,One evidence-based source group; physical acquisition ID unverified
test,IMG_6841.jpg,sg-0192,gc-0191,source_group_only,none,N/A,One evidence-based source group; physical acquisition ID unverified
test,IMG_6855.jpg,sg-0193,gc-0192,source_group_only,none,N/A,One evidence-based source group; physical acquisition ID unverified
test,IMG_6857.jpg,sg-0194,gc-0193,source_group_only,none,N/A,One evidence-based source group; physical acquisition ID unverified
test,IMG_6859.jpg,sg-0195,gc-0194,source_group_only,none,N/A,One evidence-based source group; physical acquisition ID unverified
test,IMG_6861.jpg,sg-0196,gc-0195,source_group_only,none,N/A,One evidence-based source group; physical acquisition ID unverified
test,IMG_6873.jpg,sg-0197,gc-0196,source_group_only,none,N/A,One evidence-based source group; physical acquisition ID unverified
test,IMG_6879.jpg,sg-0198,gc-0197,source_group_only,none,N/A,One evidence-based source group; physical acquisition ID unverified
test,IMG_6883.jpg,sg-0199,gc-0198,source_group_only,none,N/A,One evidence-based source group; physical acquisition ID unverified
test,IMG_6885.jpg,sg-0200,gc-0199,source_group_only,none,N/A,One evidence-based source group; physical acquisition ID unverified
test,IMG_6895.jpg,sg-0201,gc-0200,source_group_only,none,N/A,One evidence-based source group; physical acquisition ID unverified
test,IMG_6897.jpg,sg-0202,gc-0201,source_group_only,none,N/A,One evidence-based source group; physical acquisition ID unverified
test,IMG_6938.jpg,sg-0203,gc-0202,source_group_only,none,N/A,One evidence-based source group; physical acquisition ID unverified
test,IMG_6941.jpg,sg-0204,gc-0203,source_group_only,none,N/A,One evidence-based source group; physical acquisition ID unverified
test,IMG_6944.jpg,sg-0205,gc-0204,source_group_only,none,N/A,One evidence-based source group; physical acquisition ID unverified
test,IMG_6945.jpg,sg-0206,gc-0205,source_group_only,none,N/A,One evidence-based source group; physical acquisition ID unverified
test,IMG_6947.jpg,sg-0207,gc-0206,source_group_only,none,N/A,One evidence-based source group; physical acquisition ID unverified
test,IMG_6949.jpg,sg-0208,gc-0207,source_group_only,none,N/A,One evidence-based source group; physical acquisition ID unverified
test,IMG_6952.jpg,sg-0209,gc-0208,source_group_only,none,N/A,One evidence-based source group; physical acquisition ID unverified
test,IMG_6960.jpg,sg-0210,gc-0209,source_group_only,none,N/A,One evidence-based source group; physical acquisition ID unverified
test,IMG_6967.jpg,sg-0211,gc-0210,source_group_only,none,N/A,One evidence-based source group; physical acquisition ID unverified
test,IMG_6986.jpg,sg-0212,gc-0211,source_group_only,none,N/A,One evidence-based source group; physical acquisition ID unverified
test,IMG_6989.jpg,sg-0213,gc-0212,source_group_only,none,N/A,One evidence-based source group; physical acquisition ID unverified
test,IMG_6993.jpg,sg-0214,gc-0213,source_group_only,none,N/A,One evidence-based source group; physical acquisition ID unverified
test,IMG_6996.jpg,sg-0215,gc-0214,source_group_only,none,N/A,One evidence-based source group; physical acquisition ID unverified
test,IMG_6998.jpg,sg-0216,gc-0215,source_group_only,none,N/A,One evidence-based source group; physical acquisition ID unverified
test,IMG_7002.jpg,sg-0217,gc-0216,source_group_only,none,N/A,One evidence-based source group; physical acquisition ID unverified
test,IMG_7006.jpg,sg-0218,gc-0217,source_group_only,none,N/A,One evidence-based source group; physical acquisition ID unverified
test,IMG_7008.jpg,sg-0219,gc-0218,source_group_only,none,N/A,One evidence-based source group; physical acquisition ID unverified
test,IMG_7011.jpg,sg-0220,gc-0219,source_group_only,none,N/A,One evidence-based source group; physical acquisition ID unverified
test,IMG_7014.jpg,sg-0221,gc-0220,source_group_only,none,N/A,One evidence-based source group; physical acquisition ID unverified
test,IMG_7016.jpg,sg-0222,gc-0221,source_group_only,none,N/A,One evidence-based source group; physical acquisition ID unverified
test,IMG_7020.jpg,sg-0223,gc-0222,source_group_only,none,N/A,One evidence-based source group; physical acquisition ID unverified
test,IMG_7026.jpg,sg-0224,gc-0223,source_group_only,none,N/A,One evidence-based source group; physical acquisition ID unverified
test,IMG_7029.jpg,sg-0225,gc-0224,source_group_only,none,N/A,One evidence-based source group; physical acquisition ID unverified
test,IMG_7032.jpg,sg-0226,gc-0225,source_group_only,none,N/A,One evidence-based source group; physical acquisition ID unverified
test,IMG_7041.jpg,sg-0227,gc-0226,source_group_only,none,N/A,One evidence-based source group; physical acquisition ID unverified
test,IMG_7044.jpg,sg-0228,gc-0227,source_group_only,none,N/A,One evidence-based source group; physical acquisition ID unverified
test,IMG_7045.jpg,sg-0229,gc-0228,source_group_only,none,N/A,One evidence-based source group; physical acquisition ID unverified
test,IMG_7049.jpg,sg-0230,gc-0229,source_group_only,none,N/A,One evidence-based source group; physical acquisition ID unverified
test,IMG_7051.jpg,sg-0231,gc-0230,source_group_only,none,N/A,One evidence-based source group; physical acquisition ID unverified
test,IMG_7053.jpg,sg-0232,gc-0231,source_group_only,none,N/A,One evidence-based source group; physical acquisition ID unverified
test,IMG_7057.jpg,sg-0233,gc-0232,source_group_only,none,N/A,One evidence-based source group; physical acquisition ID unverified
test,IMG_7059.jpg,sg-0234,gc-0233,source_group_only,none,N/A,One evidence-based source group; physical acquisition ID unverified
test,IMG_7062.jpg,sg-0235,gc-0234,source_group_only,none,N/A,One evidence-based source group; physical acquisition ID unverified
test,IMG_7064.jpg,sg-0236,gc-0235,source_group_only,none,N/A,One evidence-based source group; physical acquisition ID unverified
test,IMG_7068.jpg,sg-0237,gc-0236,source_group_only,none,N/A,One evidence-based source group; physical acquisition ID unverified
train,100.jpg,sg-0238,gc-0237,source_group_only,none,N/A,One evidence-based source group; physical acquisition ID unverified
train,10000.jpg,sg-0239,gc-0238,source_group_only,none,N/A,One evidence-based source group; physical acquisition ID unverified
train,1000000.jpg,sg-0240,gc-0239,source_group_only,none,N/A,One evidence-based source group; physical acquisition ID unverified
train,1000000_brightness.jpg,sg-0240,gc-0239,source_group_only,none,N/A,One evidence-based source group; physical acquisition ID unverified
train,100_brightness.jpg,sg-0238,gc-0237,source_group_only,none,N/A,One evidence-based source group; physical acquisition ID unverified
train,101.jpg,sg-0241,gc-0240,source_group_only,none,N/A,One evidence-based source group; physical acquisition ID unverified
train,1020.jpg,sg-0242,gc-0241,source_group_only,none,N/A,One evidence-based source group; physical acquisition ID unverified
train,1050.jpg,sg-0243,gc-0242,source_group_only,none,N/A,One evidence-based source group; physical acquisition ID unverified
train,1060.jpg,sg-0244,gc-0243,source_group_only,none,N/A,One evidence-based source group; physical acquisition ID unverified
train,1100.jpg,sg-0245,gc-0244,source_group_only,none,N/A,One evidence-based source group; physical acquisition ID unverified
train,111_brightness.jpg,sg-0246,gc-0245,source_group_only,none,N/A,One evidence-based source group; physical acquisition ID unverified
train,1120.jpg,sg-0247,gc-0246,source_group_only,none,N/A,One evidence-based source group; physical acquisition ID unverified
train,1120_brightness.jpg,sg-0247,gc-0246,source_group_only,none,N/A,One evidence-based source group; physical acquisition ID unverified
train,1160.jpg,sg-0248,gc-0247,source_group_only,none,N/A,One evidence-based source group; physical acquisition ID unverified
train,1160_brightness.jpg,sg-0248,gc-0247,source_group_only,none,N/A,One evidence-based source group; physical acquisition ID unverified
train,1180_brightness.jpg,sg-0249,gc-0248,source_group_only,none,N/A,One evidence-based source group; physical acquisition ID unverified
train,1190.jpg,sg-0250,gc-0249,source_group_only,none,N/A,One evidence-based source group; physical acquisition ID unverified
train,12.jpg,sg-0251,gc-0250,source_group_only,none,N/A,One evidence-based source group; physical acquisition ID unverified
train,1200.jpg,sg-0252,gc-0251,source_group_only,none,N/A,One evidence-based source group; physical acquisition ID unverified
train,1250.jpg,sg-0253,gc-0252,source_group_only,none,N/A,One evidence-based source group; physical acquisition ID unverified
train,1250_brightness.jpg,sg-0253,gc-0252,source_group_only,none,N/A,One evidence-based source group; physical acquisition ID unverified
train,1250_noise.jpg,sg-0253,gc-0252,source_group_only,none,N/A,One evidence-based source group; physical acquisition ID unverified
train,1260.jpg,sg-0254,gc-0253,source_group_only,none,N/A,One evidence-based source group; physical acquisition ID unverified
train,1260_brightness.jpg,sg-0254,gc-0253,source_group_only,none,N/A,One evidence-based source group; physical acquisition ID unverified
train,1260_noise.jpg,sg-0254,gc-0253,source_group_only,none,N/A,One evidence-based source group; physical acquisition ID unverified
train,128.jpg,sg-0255,gc-0254,source_group_only,none,N/A,One evidence-based source group; physical acquisition ID unverified
train,1290_brightness.jpg,sg-0007,gc-0007,residual_candidate_transitive_guard,train/1290_brightness.jpg <-> test/2360.jpg,Candidate (guard only),Precautionary split constraint; not proof of common physical acquisition
train,12_brightness.jpg,sg-0251,gc-0250,source_group_only,none,N/A,One evidence-based source group; physical acquisition ID unverified
train,13.jpg,sg-0256,gc-0255,source_group_only,none,N/A,One evidence-based source group; physical acquisition ID unverified
train,130.jpg,sg-0257,gc-0256,source_group_only,none,N/A,One evidence-based source group; physical acquisition ID unverified
train,130_brightness.jpg,sg-0257,gc-0256,source_group_only,none,N/A,One evidence-based source group; physical acquisition ID unverified
train,130_noise.jpg,sg-0257,gc-0256,source_group_only,none,N/A,One evidence-based source group; physical acquisition ID unverified
train,1310.jpg,sg-0258,gc-0257,source_group_only,none,N/A,One evidence-based source group; physical acquisition ID unverified
train,1310_brightness.jpg,sg-0258,gc-0257,source_group_only,none,N/A,One evidence-based source group; physical acquisition ID unverified
train,1320.jpg,sg-0259,gc-0030,residual_candidate_transitive_guard,train/1320.jpg <-> test/2410.jpg,Candidate (guard only),Precautionary split constraint; not proof of common physical acquisition
train,1320_brightness.jpg,sg-0259,gc-0030,residual_candidate_transitive_guard,train/1320.jpg <-> test/2410.jpg,Candidate (guard only),Precautionary split constraint; not proof of common physical acquisition
train,1320_noise.jpg,sg-0259,gc-0030,residual_candidate_transitive_guard,train/1320.jpg <-> test/2410.jpg,Candidate (guard only),Precautionary split constraint; not proof of common physical acquisition
train,1330.jpg,sg-0260,gc-0258,source_group_only,none,N/A,One evidence-based source group; physical acquisition ID unverified
train,1330_brightness.jpg,sg-0260,gc-0258,source_group_only,none,N/A,One evidence-based source group; physical acquisition ID unverified
train,1330_noise.jpg,sg-0260,gc-0258,source_group_only,none,N/A,One evidence-based source group; physical acquisition ID unverified
train,1340.jpg,sg-0261,gc-0259,source_group_only,none,N/A,One evidence-based source group; physical acquisition ID unverified
train,1340_brightness.jpg,sg-0261,gc-0259,source_group_only,none,N/A,One evidence-based source group; physical acquisition ID unverified
train,1340_noise.jpg,sg-0261,gc-0259,source_group_only,none,N/A,One evidence-based source group; physical acquisition ID unverified
train,1350.jpg,sg-0262,gc-0260,source_group_only,none,N/A,One evidence-based source group; physical acquisition ID unverified
train,1360.jpg,sg-0035,gc-0034,source_group_only,none,N/A,One evidence-based source group; physical acquisition ID unverified
train,1360_noise.jpg,sg-0035,gc-0034,source_group_only,none,N/A,One evidence-based source group; physical acquisition ID unverified
train,137.jpg,sg-0263,gc-0261,source_group_only,none,N/A,One evidence-based source group; physical acquisition ID unverified
train,137_brightness.jpg,sg-0263,gc-0261,source_group_only,none,N/A,One evidence-based source group; physical acquisition ID unverified
train,137_noise.jpg,sg-0263,gc-0261,source_group_only,none,N/A,One evidence-based source group; physical acquisition ID unverified
train,138_brightness.jpg,sg-0008,gc-0008,source_group_only,none,N/A,One evidence-based source group; physical acquisition ID unverified
train,138_noise.jpg,sg-0008,gc-0008,source_group_only,none,N/A,One evidence-based source group; physical acquisition ID unverified
train,1390.jpg,sg-0264,gc-0032,residual_candidate_transitive_guard,train/1390_brightness.jpg <-> test/250.jpg,Candidate (guard only),Precautionary split constraint; not proof of common physical acquisition
train,1390_brightness.jpg,sg-0264,gc-0032,residual_candidate_transitive_guard,train/1390_brightness.jpg <-> test/250.jpg,Candidate (guard only),Precautionary split constraint; not proof of common physical acquisition
train,1390_noise.jpg,sg-0264,gc-0032,residual_candidate_transitive_guard,train/1390_brightness.jpg <-> test/250.jpg,Candidate (guard only),Precautionary split constraint; not proof of common physical acquisition
train,1400_brightness.jpg,sg-0009,gc-0009,residual_candidate_transitive_guard,train/246.jpg <-> test/1400.jpg,Candidate (guard only),Precautionary split constraint; not proof of common physical acquisition
train,144.jpg,sg-0265,gc-0262,source_group_only,none,N/A,One evidence-based source group; physical acquisition ID unverified
train,144_brightness.jpg,sg-0265,gc-0262,source_group_only,none,N/A,One evidence-based source group; physical acquisition ID unverified
train,144_noise.jpg,sg-0265,gc-0262,source_group_only,none,N/A,One evidence-based source group; physical acquisition ID unverified
train,1450.jpg,sg-0266,gc-0263,residual_candidate_transitive_guard,train/2650_brightness.jpg <-> val/1450_brightness.jpg,Candidate (guard only),Precautionary split constraint; not proof of common physical acquisition
train,1450_noise.jpg,sg-0266,gc-0263,residual_candidate_transitive_guard,train/2650_brightness.jpg <-> val/1450_brightness.jpg,Candidate (guard only),Precautionary split constraint; not proof of common physical acquisition
train,1460.jpg,sg-0267,gc-0264,residual_candidate_transitive_guard,train/2630.jpg <-> val/1460_noise.jpg,Candidate (guard only),Precautionary split constraint; not proof of common physical acquisition
train,1460_brightness.jpg,sg-0267,gc-0264,residual_candidate_transitive_guard,train/2630.jpg <-> val/1460_noise.jpg,Candidate (guard only),Precautionary split constraint; not proof of common physical acquisition
train,1480.jpg,sg-0268,gc-0265,source_group_only,none,N/A,One evidence-based source group; physical acquisition ID unverified
train,1480_brightness.jpg,sg-0268,gc-0265,source_group_only,none,N/A,One evidence-based source group; physical acquisition ID unverified
train,1480_noise.jpg,sg-0268,gc-0265,source_group_only,none,N/A,One evidence-based source group; physical acquisition ID unverified
train,149.jpg,sg-0269,gc-0266,source_group_only,none,N/A,One evidence-based source group; physical acquisition ID unverified
train,15.jpg,sg-0270,gc-0267,source_group_only,none,N/A,One evidence-based source group; physical acquisition ID unverified
train,150_brightness.jpg,sg-0013,gc-0013,source_group_only,none,N/A,One evidence-based source group; physical acquisition ID unverified
train,150_noise.jpg,sg-0013,gc-0013,source_group_only,none,N/A,One evidence-based source group; physical acquisition ID unverified
train,151.jpg,sg-0271,gc-0038,residual_candidate_transitive_guard,train/151.jpg <-> test/2800.jpg,Candidate (guard only),Precautionary split constraint; not proof of common physical acquisition
train,151_brightness.jpg,sg-0271,gc-0038,residual_candidate_transitive_guard,train/151.jpg <-> test/2800.jpg,Candidate (guard only),Precautionary split constraint; not proof of common physical acquisition
train,151_noise.jpg,sg-0271,gc-0038,residual_candidate_transitive_guard,train/151.jpg <-> test/2800.jpg,Candidate (guard only),Precautionary split constraint; not proof of common physical acquisition
train,1520_brightness.jpg,sg-0014,gc-0014,source_group_only,none,N/A,One evidence-based source group; physical acquisition ID unverified
train,1520_noise.jpg,sg-0014,gc-0014,source_group_only,none,N/A,One evidence-based source group; physical acquisition ID unverified
train,153.jpg,sg-0272,gc-0268,source_group_only,none,N/A,One evidence-based source group; physical acquisition ID unverified
train,153_brightness.jpg,sg-0272,gc-0268,source_group_only,none,N/A,One evidence-based source group; physical acquisition ID unverified
train,153_noise.jpg,sg-0272,gc-0268,source_group_only,none,N/A,One evidence-based source group; physical acquisition ID unverified
train,1540.jpg,sg-0273,gc-0269,source_group_only,none,N/A,One evidence-based source group; physical acquisition ID unverified
train,1540_brightness.jpg,sg-0273,gc-0269,source_group_only,none,N/A,One evidence-based source group; physical acquisition ID unverified
train,1540_noise.jpg,sg-0273,gc-0269,source_group_only,none,N/A,One evidence-based source group; physical acquisition ID unverified
train,1550.jpg,sg-0274,gc-0270,source_group_only,none,N/A,One evidence-based source group; physical acquisition ID unverified
train,1550_brightness.jpg,sg-0274,gc-0270,source_group_only,none,N/A,One evidence-based source group; physical acquisition ID unverified
train,1560.jpg,sg-0036,gc-0035,source_group_only,none,N/A,One evidence-based source group; physical acquisition ID unverified
train,1570.jpg,sg-0275,gc-0271,source_group_only,none,N/A,One evidence-based source group; physical acquisition ID unverified
train,159.jpg,sg-0276,gc-0272,source_group_only,none,N/A,One evidence-based source group; physical acquisition ID unverified
train,159_brightness.jpg,sg-0276,gc-0272,source_group_only,none,N/A,One evidence-based source group; physical acquisition ID unverified
train,159_noise.jpg,sg-0276,gc-0272,source_group_only,none,N/A,One evidence-based source group; physical acquisition ID unverified
train,1610.jpg,sg-0277,gc-0273,source_group_only,none,N/A,One evidence-based source group; physical acquisition ID unverified
train,1610_brightness.jpg,sg-0277,gc-0273,source_group_only,none,N/A,One evidence-based source group; physical acquisition ID unverified
train,1610_noise.jpg,sg-0277,gc-0273,source_group_only,none,N/A,One evidence-based source group; physical acquisition ID unverified
train,162.jpg,sg-0278,gc-0044,residual_candidate_transitive_guard,train/162.jpg <-> test/3030.jpg,Candidate (guard only),Precautionary split constraint; not proof of common physical acquisition
train,162_brightness.jpg,sg-0278,gc-0044,residual_candidate_transitive_guard,train/162.jpg <-> test/3030.jpg,Candidate (guard only),Precautionary split constraint; not proof of common physical acquisition
train,162_noise.jpg,sg-0278,gc-0044,residual_candidate_transitive_guard,train/162.jpg <-> test/3030.jpg,Candidate (guard only),Precautionary split constraint; not proof of common physical acquisition
train,163.jpg,sg-0279,gc-0274,source_group_only,none,N/A,One evidence-based source group; physical acquisition ID unverified
train,163_brightness.jpg,sg-0279,gc-0274,source_group_only,none,N/A,One evidence-based source group; physical acquisition ID unverified
train,163_noise.jpg,sg-0279,gc-0274,source_group_only,none,N/A,One evidence-based source group; physical acquisition ID unverified
train,1640.jpg,sg-0046,gc-0045,source_group_only,none,N/A,One evidence-based source group; physical acquisition ID unverified
train,165.jpg,sg-0280,gc-0275,source_group_only,none,N/A,One evidence-based source group; physical acquisition ID unverified
train,167.jpg,sg-0281,gc-0276,source_group_only,none,N/A,One evidence-based source group; physical acquisition ID unverified
train,168.jpg,sg-0282,gc-0277,source_group_only,none,N/A,One evidence-based source group; physical acquisition ID unverified
train,1690.jpg,sg-0283,gc-0278,source_group_only,none,N/A,One evidence-based source group; physical acquisition ID unverified
train,17.jpg,sg-0284,gc-0279,source_group_only,none,N/A,One evidence-based source group; physical acquisition ID unverified
train,172_brightness.jpg,sg-0285,gc-0018,residual_candidate_transitive_guard,test/172.jpg <-> train/172_brightness.jpg,Candidate (guard only),Precautionary split constraint; not proof of common physical acquisition
train,173.jpg,sg-0286,gc-0280,source_group_only,none,N/A,One evidence-based source group; physical acquisition ID unverified
train,1740.jpg,sg-0287,gc-0281,source_group_only,none,N/A,One evidence-based source group; physical acquisition ID unverified
train,1740_brightness.jpg,sg-0287,gc-0281,source_group_only,none,N/A,One evidence-based source group; physical acquisition ID unverified
train,1740_noise.jpg,sg-0287,gc-0281,source_group_only,none,N/A,One evidence-based source group; physical acquisition ID unverified
train,1770.jpg,sg-0288,gc-0282,source_group_only,none,N/A,One evidence-based source group; physical acquisition ID unverified
train,1770_brightness.jpg,sg-0288,gc-0282,source_group_only,none,N/A,One evidence-based source group; physical acquisition ID unverified
train,1780.jpg,sg-0289,gc-0283,source_group_only,none,N/A,One evidence-based source group; physical acquisition ID unverified
train,1780_brightness.jpg,sg-0289,gc-0283,source_group_only,none,N/A,One evidence-based source group; physical acquisition ID unverified
train,1780_noise.jpg,sg-0289,gc-0283,source_group_only,none,N/A,One evidence-based source group; physical acquisition ID unverified
train,1790.jpg,sg-0290,gc-0284,source_group_only,none,N/A,One evidence-based source group; physical acquisition ID unverified
train,1790_brightness.jpg,sg-0290,gc-0284,source_group_only,none,N/A,One evidence-based source group; physical acquisition ID unverified
train,1790_noise.jpg,sg-0290,gc-0284,source_group_only,none,N/A,One evidence-based source group; physical acquisition ID unverified
train,1800.jpg,sg-0291,gc-0285,source_group_only,none,N/A,One evidence-based source group; physical acquisition ID unverified
train,1810.jpg,sg-0292,gc-0286,source_group_only,none,N/A,One evidence-based source group; physical acquisition ID unverified
train,1830.jpg,sg-0293,gc-0287,source_group_only,none,N/A,One evidence-based source group; physical acquisition ID unverified
train,1830_brightness.jpg,sg-0293,gc-0287,source_group_only,none,N/A,One evidence-based source group; physical acquisition ID unverified
train,185.jpg,sg-0294,gc-0288,source_group_only,none,N/A,One evidence-based source group; physical acquisition ID unverified
train,186.jpg,sg-0295,gc-0289,source_group_only,none,N/A,One evidence-based source group; physical acquisition ID unverified
train,1880.jpg,sg-0296,gc-0290,source_group_only,none,N/A,One evidence-based source group; physical acquisition ID unverified
train,189.jpg,sg-0297,gc-0291,source_group_only,none,N/A,One evidence-based source group; physical acquisition ID unverified
train,19.jpg,sg-0298,gc-0292,source_group_only,none,N/A,One evidence-based source group; physical acquisition ID unverified
train,190.jpg,sg-0299,gc-0293,source_group_only,none,N/A,One evidence-based source group; physical acquisition ID unverified
train,1910.jpg,sg-0300,gc-0294,source_group_only,none,N/A,One evidence-based source group; physical acquisition ID unverified
train,1910_brightness.jpg,sg-0300,gc-0294,source_group_only,none,N/A,One evidence-based source group; physical acquisition ID unverified
train,192.jpg,sg-0301,gc-0295,source_group_only,none,N/A,One evidence-based source group; physical acquisition ID unverified
train,192_noise.jpg,sg-0301,gc-0295,source_group_only,none,N/A,One evidence-based source group; physical acquisition ID unverified
train,193.jpg,sg-0302,gc-0296,source_group_only,none,N/A,One evidence-based source group; physical acquisition ID unverified
train,194.jpg,sg-0303,gc-0297,source_group_only,none,N/A,One evidence-based source group; physical acquisition ID unverified
train,194_brightness.jpg,sg-0303,gc-0297,source_group_only,none,N/A,One evidence-based source group; physical acquisition ID unverified
train,195.jpg,sg-0304,gc-0298,source_group_only,none,N/A,One evidence-based source group; physical acquisition ID unverified
train,196.jpg,sg-0305,gc-0299,source_group_only,none,N/A,One evidence-based source group; physical acquisition ID unverified
train,1970.jpg,sg-0306,gc-0300,source_group_only,none,N/A,One evidence-based source group; physical acquisition ID unverified
train,1980.jpg,sg-0307,gc-0301,source_group_only,none,N/A,One evidence-based source group; physical acquisition ID unverified
train,1990.jpg,sg-0308,gc-0302,source_group_only,none,N/A,One evidence-based source group; physical acquisition ID unverified
train,19_brightness.jpg,sg-0298,gc-0292,source_group_only,none,N/A,One evidence-based source group; physical acquisition ID unverified
train,20.jpg,sg-0309,gc-0303,source_group_only,none,N/A,One evidence-based source group; physical acquisition ID unverified
train,200.jpg,sg-0310,gc-0304,source_group_only,none,N/A,One evidence-based source group; physical acquisition ID unverified
train,20000.jpg,sg-0311,gc-0305,source_group_only,none,N/A,One evidence-based source group; physical acquisition ID unverified
train,2010.jpg,sg-0312,gc-0306,source_group_only,none,N/A,One evidence-based source group; physical acquisition ID unverified
train,2030.jpg,sg-0313,gc-0307,source_group_only,none,N/A,One evidence-based source group; physical acquisition ID unverified
train,2040_noise.jpg,sg-0023,gc-0023,source_group_only,none,N/A,One evidence-based source group; physical acquisition ID unverified
train,207.jpg,sg-0314,gc-0308,source_group_only,none,N/A,One evidence-based source group; physical acquisition ID unverified
train,207_brightness.jpg,sg-0314,gc-0308,source_group_only,none,N/A,One evidence-based source group; physical acquisition ID unverified
train,2080.jpg,sg-0315,gc-0309,source_group_only,none,N/A,One evidence-based source group; physical acquisition ID unverified
train,2080_brightness.jpg,sg-0315,gc-0309,source_group_only,none,N/A,One evidence-based source group; physical acquisition ID unverified
train,2080_noise.jpg,sg-0315,gc-0309,source_group_only,none,N/A,One evidence-based source group; physical acquisition ID unverified
train,209.jpg,sg-0316,gc-0310,source_group_only,none,N/A,One evidence-based source group; physical acquisition ID unverified
train,21.jpg,sg-0317,gc-0311,source_group_only,none,N/A,One evidence-based source group; physical acquisition ID unverified
train,2110.jpg,sg-0318,gc-0312,source_group_only,none,N/A,One evidence-based source group; physical acquisition ID unverified
train,2120.jpg,sg-0319,gc-0313,source_group_only,none,N/A,One evidence-based source group; physical acquisition ID unverified
train,213.jpg,sg-0320,gc-0314,source_group_only,none,N/A,One evidence-based source group; physical acquisition ID unverified
train,214.jpg,sg-0321,gc-0315,source_group_only,none,N/A,One evidence-based source group; physical acquisition ID unverified
train,216.jpg,sg-0322,gc-0316,source_group_only,none,N/A,One evidence-based source group; physical acquisition ID unverified
train,2170.jpg,sg-0323,gc-0317,source_group_only,none,N/A,One evidence-based source group; physical acquisition ID unverified
train,2170_brightness.jpg,sg-0323,gc-0317,source_group_only,none,N/A,One evidence-based source group; physical acquisition ID unverified
train,2170_noise.jpg,sg-0323,gc-0317,source_group_only,none,N/A,One evidence-based source group; physical acquisition ID unverified
train,2180.jpg,sg-0324,gc-0318,source_group_only,none,N/A,One evidence-based source group; physical acquisition ID unverified
train,2190.jpg,sg-0325,gc-0319,source_group_only,none,N/A,One evidence-based source group; physical acquisition ID unverified
train,2190_brightness.jpg,sg-0325,gc-0319,source_group_only,none,N/A,One evidence-based source group; physical acquisition ID unverified
train,2190_noise.jpg,sg-0325,gc-0319,source_group_only,none,N/A,One evidence-based source group; physical acquisition ID unverified
train,21_brightness.jpg,sg-0317,gc-0311,source_group_only,none,N/A,One evidence-based source group; physical acquisition ID unverified
train,2200.jpg,sg-0326,gc-0320,source_group_only,none,N/A,One evidence-based source group; physical acquisition ID unverified
train,2200_noise.jpg,sg-0326,gc-0320,source_group_only,none,N/A,One evidence-based source group; physical acquisition ID unverified
train,2210_noise.jpg,sg-0027,gc-0027,source_group_only,none,N/A,One evidence-based source group; physical acquisition ID unverified
train,2220.jpg,sg-0327,gc-0321,source_group_only,none,N/A,One evidence-based source group; physical acquisition ID unverified
train,2220_brightness.jpg,sg-0327,gc-0321,source_group_only,none,N/A,One evidence-based source group; physical acquisition ID unverified
train,2220_noise.jpg,sg-0327,gc-0321,source_group_only,none,N/A,One evidence-based source group; physical acquisition ID unverified
train,223.jpg,sg-0328,gc-0322,source_group_only,none,N/A,One evidence-based source group; physical acquisition ID unverified
train,223_brightness.jpg,sg-0328,gc-0322,source_group_only,none,N/A,One evidence-based source group; physical acquisition ID unverified
train,2240.jpg,sg-0329,gc-0323,source_group_only,none,N/A,One evidence-based source group; physical acquisition ID unverified
train,2240_brightness.jpg,sg-0329,gc-0323,source_group_only,none,N/A,One evidence-based source group; physical acquisition ID unverified
train,2240_noise.jpg,sg-0329,gc-0323,source_group_only,none,N/A,One evidence-based source group; physical acquisition ID unverified
train,2250.jpg,sg-0330,gc-0324,source_group_only,none,N/A,One evidence-based source group; physical acquisition ID unverified
train,2250_brightness.jpg,sg-0330,gc-0324,source_group_only,none,N/A,One evidence-based source group; physical acquisition ID unverified
train,2250_noise.jpg,sg-0330,gc-0324,source_group_only,none,N/A,One evidence-based source group; physical acquisition ID unverified
train,226.jpg,sg-0331,gc-0325,source_group_only,none,N/A,One evidence-based source group; physical acquisition ID unverified
train,226_brightness.jpg,sg-0331,gc-0325,source_group_only,none,N/A,One evidence-based source group; physical acquisition ID unverified
train,226_noise.jpg,sg-0331,gc-0325,source_group_only,none,N/A,One evidence-based source group; physical acquisition ID unverified
train,227_noise.jpg,sg-0028,gc-0028,source_group_only,none,N/A,One evidence-based source group; physical acquisition ID unverified
train,2280.jpg,sg-0332,gc-0326,source_group_only,none,N/A,One evidence-based source group; physical acquisition ID unverified
train,2280_brightness.jpg,sg-0332,gc-0326,source_group_only,none,N/A,One evidence-based source group; physical acquisition ID unverified
train,2280_noise.jpg,sg-0332,gc-0326,source_group_only,none,N/A,One evidence-based source group; physical acquisition ID unverified
train,2300.jpg,sg-0333,gc-0327,source_group_only,none,N/A,One evidence-based source group; physical acquisition ID unverified
train,23000.jpg,sg-0334,gc-0328,source_group_only,none,N/A,One evidence-based source group; physical acquisition ID unverified
train,231.jpg,sg-0335,gc-0329,source_group_only,none,N/A,One evidence-based source group; physical acquisition ID unverified
train,2330.jpg,sg-0336,gc-0330,source_group_only,none,N/A,One evidence-based source group; physical acquisition ID unverified
train,2330_brightness.jpg,sg-0336,gc-0330,source_group_only,none,N/A,One evidence-based source group; physical acquisition ID unverified
train,2330_noise.jpg,sg-0336,gc-0330,source_group_only,none,N/A,One evidence-based source group; physical acquisition ID unverified
train,2340.jpg,sg-0006,gc-0006,source_group_only,none,N/A,One evidence-based source group; physical acquisition ID unverified
train,2340_brightness.jpg,sg-0006,gc-0006,source_group_only,none,N/A,One evidence-based source group; physical acquisition ID unverified
train,2350.jpg,sg-0337,gc-0331,source_group_only,none,N/A,One evidence-based source group; physical acquisition ID unverified
train,2360_brightness.jpg,sg-0030,gc-0007,residual_candidate_transitive_guard,train/1290_brightness.jpg <-> test/2360.jpg,Candidate (guard only),Precautionary split constraint; not proof of common physical acquisition
train,2360_noise.jpg,sg-0030,gc-0007,residual_candidate_transitive_guard,train/1290_brightness.jpg <-> test/2360.jpg,Candidate (guard only),Precautionary split constraint; not proof of common physical acquisition
train,2370.jpg,sg-0338,gc-0040,residual_candidate_transitive_guard,train/2370.jpg <-> test/2890.jpg,Candidate (guard only),Precautionary split constraint; not proof of common physical acquisition
train,2370_brightness.jpg,sg-0338,gc-0040,residual_candidate_transitive_guard,train/2370.jpg <-> test/2890.jpg,Candidate (guard only),Precautionary split constraint; not proof of common physical acquisition
train,2370_noise.jpg,sg-0338,gc-0040,residual_candidate_transitive_guard,train/2370.jpg <-> test/2890.jpg,Candidate (guard only),Precautionary split constraint; not proof of common physical acquisition
train,2380.jpg,sg-0339,gc-0332,source_group_only,none,N/A,One evidence-based source group; physical acquisition ID unverified
train,24000.jpg,sg-0340,gc-0333,source_group_only,none,N/A,One evidence-based source group; physical acquisition ID unverified
train,24000_brightness.jpg,sg-0340,gc-0333,source_group_only,none,N/A,One evidence-based source group; physical acquisition ID unverified
train,2400_brightness.jpg,sg-0341,gc-0334,source_group_only,none,N/A,One evidence-based source group; physical acquisition ID unverified
train,2410_brightness.jpg,sg-0031,gc-0030,residual_candidate_transitive_guard,train/1320.jpg <-> test/2410.jpg,Candidate (guard only),Precautionary split constraint; not proof of common physical acquisition
train,2410_noise.jpg,sg-0031,gc-0030,residual_candidate_transitive_guard,train/1320.jpg <-> test/2410.jpg,Candidate (guard only),Precautionary split constraint; not proof of common physical acquisition
train,2430.jpg,sg-0342,gc-0335,source_group_only,none,N/A,One evidence-based source group; physical acquisition ID unverified
train,2430_brightness.jpg,sg-0342,gc-0335,source_group_only,none,N/A,One evidence-based source group; physical acquisition ID unverified
train,2430_noise.jpg,sg-0342,gc-0335,source_group_only,none,N/A,One evidence-based source group; physical acquisition ID unverified
train,2440.jpg,sg-0343,gc-0336,source_group_only,none,N/A,One evidence-based source group; physical acquisition ID unverified
train,2440_brightness.jpg,sg-0343,gc-0336,source_group_only,none,N/A,One evidence-based source group; physical acquisition ID unverified
train,2440_noise.jpg,sg-0343,gc-0336,source_group_only,none,N/A,One evidence-based source group; physical acquisition ID unverified
train,246.jpg,sg-0344,gc-0009,residual_candidate_transitive_guard,train/246.jpg <-> test/1400.jpg,Candidate (guard only),Precautionary split constraint; not proof of common physical acquisition
train,2480.jpg,sg-0345,gc-0337,source_group_only,none,N/A,One evidence-based source group; physical acquisition ID unverified
train,249.jpg,sg-0346,gc-0338,source_group_only,none,N/A,One evidence-based source group; physical acquisition ID unverified
train,249_brightness.jpg,sg-0346,gc-0338,source_group_only,none,N/A,One evidence-based source group; physical acquisition ID unverified
train,249_noise.jpg,sg-0346,gc-0338,source_group_only,none,N/A,One evidence-based source group; physical acquisition ID unverified
train,25.jpg,sg-0347,gc-0339,source_group_only,none,N/A,One evidence-based source group; physical acquisition ID unverified
train,251.jpg,sg-0008,gc-0008,source_group_only,none,N/A,One evidence-based source group; physical acquisition ID unverified
train,251_noise.jpg,sg-0008,gc-0008,source_group_only,none,N/A,One evidence-based source group; physical acquisition ID unverified
train,2520.jpg,sg-0348,gc-0340,source_group_only,none,N/A,One evidence-based source group; physical acquisition ID unverified
train,2520_noise.jpg,sg-0348,gc-0340,source_group_only,none,N/A,One evidence-based source group; physical acquisition ID unverified
train,253.jpg,sg-0349,gc-0341,source_group_only,none,N/A,One evidence-based source group; physical acquisition ID unverified
train,253_brightness.jpg,sg-0349,gc-0341,source_group_only,none,N/A,One evidence-based source group; physical acquisition ID unverified
train,253_noise.jpg,sg-0349,gc-0341,source_group_only,none,N/A,One evidence-based source group; physical acquisition ID unverified
train,2540.jpg,sg-0350,gc-0342,source_group_only,none,N/A,One evidence-based source group; physical acquisition ID unverified
train,2540_brightness.jpg,sg-0350,gc-0342,source_group_only,none,N/A,One evidence-based source group; physical acquisition ID unverified
train,2540_noise.jpg,sg-0350,gc-0342,source_group_only,none,N/A,One evidence-based source group; physical acquisition ID unverified
train,256.jpg,sg-0263,gc-0261,source_group_only,none,N/A,One evidence-based source group; physical acquisition ID unverified
train,256_brightness.jpg,sg-0263,gc-0261,source_group_only,none,N/A,One evidence-based source group; physical acquisition ID unverified
train,257_brightness.jpg,sg-0035,gc-0034,source_group_only,none,N/A,One evidence-based source group; physical acquisition ID unverified
train,257_noise.jpg,sg-0035,gc-0034,source_group_only,none,N/A,One evidence-based source group; physical acquisition ID unverified
train,258.jpg,sg-0351,gc-0343,source_group_only,none,N/A,One evidence-based source group; physical acquisition ID unverified
train,2590.jpg,sg-0273,gc-0269,source_group_only,none,N/A,One evidence-based source group; physical acquisition ID unverified
train,2590_noise.jpg,sg-0273,gc-0269,source_group_only,none,N/A,One evidence-based source group; physical acquisition ID unverified
train,2600.jpg,sg-0352,gc-0344,source_group_only,none,N/A,One evidence-based source group; physical acquisition ID unverified
train,26000.jpg,sg-0353,gc-0345,source_group_only,none,N/A,One evidence-based source group; physical acquisition ID unverified
train,2610.jpg,sg-0354,gc-0346,source_group_only,none,N/A,One evidence-based source group; physical acquisition ID unverified
train,2630.jpg,sg-0355,gc-0264,residual_candidate_transitive_guard,train/2630.jpg <-> val/1460_noise.jpg,Candidate (guard only),Precautionary split constraint; not proof of common physical acquisition
train,2630_brightness.jpg,sg-0355,gc-0264,residual_candidate_transitive_guard,train/2630.jpg <-> val/1460_noise.jpg,Candidate (guard only),Precautionary split constraint; not proof of common physical acquisition
train,2630_noise.jpg,sg-0355,gc-0264,residual_candidate_transitive_guard,train/2630.jpg <-> val/1460_noise.jpg,Candidate (guard only),Precautionary split constraint; not proof of common physical acquisition
train,2650.jpg,sg-0356,gc-0263,residual_candidate_transitive_guard,train/2650_brightness.jpg <-> val/1450_brightness.jpg,Candidate (guard only),Precautionary split constraint; not proof of common physical acquisition
train,2650_brightness.jpg,sg-0356,gc-0263,residual_candidate_transitive_guard,train/2650_brightness.jpg <-> val/1450_brightness.jpg,Candidate (guard only),Precautionary split constraint; not proof of common physical acquisition
train,2650_noise.jpg,sg-0356,gc-0263,residual_candidate_transitive_guard,train/2650_brightness.jpg <-> val/1450_brightness.jpg,Candidate (guard only),Precautionary split constraint; not proof of common physical acquisition
train,266.jpg,sg-0357,gc-0347,source_group_only,none,N/A,One evidence-based source group; physical acquisition ID unverified
train,266_brightness.jpg,sg-0357,gc-0347,source_group_only,none,N/A,One evidence-based source group; physical acquisition ID unverified
train,267_brightness.jpg,sg-0012,gc-0012,source_group_only,none,N/A,One evidence-based source group; physical acquisition ID unverified
train,268.jpg,sg-0265,gc-0262,source_group_only,none,N/A,One evidence-based source group; physical acquisition ID unverified
train,268_brightness.jpg,sg-0265,gc-0262,source_group_only,none,N/A,One evidence-based source group; physical acquisition ID unverified
train,268_noise.jpg,sg-0265,gc-0262,source_group_only,none,N/A,One evidence-based source group; physical acquisition ID unverified
train,2690.jpg,sg-0011,gc-0011,source_group_only,none,N/A,One evidence-based source group; physical acquisition ID unverified
train,2690_brightness.jpg,sg-0011,gc-0011,source_group_only,none,N/A,One evidence-based source group; physical acquisition ID unverified
train,2690_noise.jpg,sg-0011,gc-0011,source_group_only,none,N/A,One evidence-based source group; physical acquisition ID unverified
train,2710.jpg,sg-0358,gc-0348,source_group_only,none,N/A,One evidence-based source group; physical acquisition ID unverified
train,2710_noise.jpg,sg-0358,gc-0348,source_group_only,none,N/A,One evidence-based source group; physical acquisition ID unverified
train,2720_brightness.jpg,sg-0038,gc-0037,source_group_only,none,N/A,One evidence-based source group; physical acquisition ID unverified
train,2720_noise.jpg,sg-0038,gc-0037,source_group_only,none,N/A,One evidence-based source group; physical acquisition ID unverified
train,2740.jpg,sg-0359,gc-0349,source_group_only,none,N/A,One evidence-based source group; physical acquisition ID unverified
train,2740_brightness.jpg,sg-0359,gc-0349,source_group_only,none,N/A,One evidence-based source group; physical acquisition ID unverified
train,2740_noise.jpg,sg-0359,gc-0349,source_group_only,none,N/A,One evidence-based source group; physical acquisition ID unverified
train,2760.jpg,sg-0360,gc-0016,residual_candidate_transitive_guard,train/2760.jpg <-> test/1600.jpg,Candidate (guard only),Precautionary split constraint; not proof of common physical acquisition
train,2760_brightness.jpg,sg-0360,gc-0016,residual_candidate_transitive_guard,train/2760.jpg <-> test/1600.jpg,Candidate (guard only),Precautionary split constraint; not proof of common physical acquisition
train,2760_noise.jpg,sg-0360,gc-0016,residual_candidate_transitive_guard,train/2760.jpg <-> test/1600.jpg,Candidate (guard only),Precautionary split constraint; not proof of common physical acquisition
train,2780.jpg,sg-0361,gc-0350,source_group_only,none,N/A,One evidence-based source group; physical acquisition ID unverified
train,28.jpg,sg-0362,gc-0351,source_group_only,none,N/A,One evidence-based source group; physical acquisition ID unverified
train,282.jpg,sg-0363,gc-0352,source_group_only,none,N/A,One evidence-based source group; physical acquisition ID unverified
train,2830.jpg,sg-0364,gc-0353,source_group_only,none,N/A,One evidence-based source group; physical acquisition ID unverified
train,2830_brightness.jpg,sg-0364,gc-0353,source_group_only,none,N/A,One evidence-based source group; physical acquisition ID unverified
train,2830_noise.jpg,sg-0364,gc-0353,source_group_only,none,N/A,One evidence-based source group; physical acquisition ID unverified
train,285.jpg,sg-0269,gc-0266,source_group_only,none,N/A,One evidence-based source group; physical acquisition ID unverified
train,288.jpg,sg-0365,gc-0354,source_group_only,none,N/A,One evidence-based source group; physical acquisition ID unverified
train,288_brightness.jpg,sg-0365,gc-0354,source_group_only,none,N/A,One evidence-based source group; physical acquisition ID unverified
train,29000.jpg,sg-0366,gc-0355,source_group_only,none,N/A,One evidence-based source group; physical acquisition ID unverified
train,2901.jpg,sg-0367,gc-0356,source_group_only,none,N/A,One evidence-based source group; physical acquisition ID unverified
train,2910.jpg,sg-0368,gc-0357,source_group_only,none,N/A,One evidence-based source group; physical acquisition ID unverified
train,2910_noise.jpg,sg-0368,gc-0357,source_group_only,none,N/A,One evidence-based source group; physical acquisition ID unverified
train,2950.jpg,sg-0369,gc-0358,source_group_only,none,N/A,One evidence-based source group; physical acquisition ID unverified
train,2960_brightness.jpg,sg-0042,gc-0041,source_group_only,none,N/A,One evidence-based source group; physical acquisition ID unverified
train,2960_noise.jpg,sg-0042,gc-0041,source_group_only,none,N/A,One evidence-based source group; physical acquisition ID unverified
train,2970.jpg,sg-0370,gc-0359,source_group_only,none,N/A,One evidence-based source group; physical acquisition ID unverified
train,2970_brightness.jpg,sg-0370,gc-0359,source_group_only,none,N/A,One evidence-based source group; physical acquisition ID unverified
train,3.jpg,sg-0371,gc-0360,source_group_only,none,N/A,One evidence-based source group; physical acquisition ID unverified
train,300.jpg,sg-0372,gc-0361,source_group_only,none,N/A,One evidence-based source group; physical acquisition ID unverified
train,300_brightness.jpg,sg-0372,gc-0361,source_group_only,none,N/A,One evidence-based source group; physical acquisition ID unverified
train,300_noise.jpg,sg-0372,gc-0361,source_group_only,none,N/A,One evidence-based source group; physical acquisition ID unverified
train,301.jpg,sg-0373,gc-0362,source_group_only,none,N/A,One evidence-based source group; physical acquisition ID unverified
train,301_brightness.jpg,sg-0373,gc-0362,source_group_only,none,N/A,One evidence-based source group; physical acquisition ID unverified
train,301_noise.jpg,sg-0373,gc-0362,source_group_only,none,N/A,One evidence-based source group; physical acquisition ID unverified
train,302_brightness.jpg,sg-0044,gc-0043,source_group_only,none,N/A,One evidence-based source group; physical acquisition ID unverified
train,302_noise.jpg,sg-0044,gc-0043,source_group_only,none,N/A,One evidence-based source group; physical acquisition ID unverified
train,3040.jpg,sg-0374,gc-0363,source_group_only,none,N/A,One evidence-based source group; physical acquisition ID unverified
train,3050.jpg,sg-0375,gc-0364,source_group_only,none,N/A,One evidence-based source group; physical acquisition ID unverified
train,3050_brightness.jpg,sg-0375,gc-0364,source_group_only,none,N/A,One evidence-based source group; physical acquisition ID unverified
train,3050_noise.jpg,sg-0375,gc-0364,source_group_only,none,N/A,One evidence-based source group; physical acquisition ID unverified
train,3060.jpg,sg-0376,gc-0365,source_group_only,none,N/A,One evidence-based source group; physical acquisition ID unverified
train,3060_brightness.jpg,sg-0376,gc-0365,source_group_only,none,N/A,One evidence-based source group; physical acquisition ID unverified
train,3060_noise.jpg,sg-0376,gc-0365,source_group_only,none,N/A,One evidence-based source group; physical acquisition ID unverified
train,3080.jpg,sg-0377,gc-0366,source_group_only,none,N/A,One evidence-based source group; physical acquisition ID unverified
train,31.jpg,sg-0378,gc-0367,source_group_only,none,N/A,One evidence-based source group; physical acquisition ID unverified
train,3110_noise.jpg,sg-0047,gc-0046,source_group_only,none,N/A,One evidence-based source group; physical acquisition ID unverified
train,3120.jpg,sg-0379,gc-0368,source_group_only,none,N/A,One evidence-based source group; physical acquisition ID unverified
train,313.jpg,sg-0380,gc-0369,source_group_only,none,N/A,One evidence-based source group; physical acquisition ID unverified
train,314.jpg,sg-0381,gc-0370,source_group_only,none,N/A,One evidence-based source group; physical acquisition ID unverified
train,315.jpg,sg-0382,gc-0371,source_group_only,none,N/A,One evidence-based source group; physical acquisition ID unverified
train,315_brightness.jpg,sg-0382,gc-0371,source_group_only,none,N/A,One evidence-based source group; physical acquisition ID unverified
train,316.jpg,sg-0383,gc-0372,source_group_only,none,N/A,One evidence-based source group; physical acquisition ID unverified
train,3190.jpg,sg-0384,gc-0373,source_group_only,none,N/A,One evidence-based source group; physical acquisition ID unverified
train,32.jpg,sg-0385,gc-0374,source_group_only,none,N/A,One evidence-based source group; physical acquisition ID unverified
train,3200.jpg,sg-0386,gc-0375,source_group_only,none,N/A,One evidence-based source group; physical acquisition ID unverified
train,3230.jpg,sg-0387,gc-0376,source_group_only,none,N/A,One evidence-based source group; physical acquisition ID unverified
train,3260.jpg,sg-0388,gc-0377,source_group_only,none,N/A,One evidence-based source group; physical acquisition ID unverified
train,327.jpg,sg-0389,gc-0378,source_group_only,none,N/A,One evidence-based source group; physical acquisition ID unverified
train,329.jpg,sg-0390,gc-0379,source_group_only,none,N/A,One evidence-based source group; physical acquisition ID unverified
train,33.jpg,sg-0391,gc-0380,residual_candidate_transitive_guard,train/33.jpg <-> train/33_brightness.jpg,Candidate (guard only),Precautionary split constraint; not proof of common physical acquisition
train,3300.jpg,sg-0392,gc-0381,source_group_only,none,N/A,One evidence-based source group; physical acquisition ID unverified
train,3330.jpg,sg-0393,gc-0382,source_group_only,none,N/A,One evidence-based source group; physical acquisition ID unverified
train,334.jpg,sg-0394,gc-0383,source_group_only,none,N/A,One evidence-based source group; physical acquisition ID unverified
train,334_brightness.jpg,sg-0394,gc-0383,source_group_only,none,N/A,One evidence-based source group; physical acquisition ID unverified
train,3370.jpg,sg-0395,gc-0384,source_group_only,none,N/A,One evidence-based source group; physical acquisition ID unverified
train,338.jpg,sg-0396,gc-0385,source_group_only,none,N/A,One evidence-based source group; physical acquisition ID unverified
train,33_brightness.jpg,sg-0397,gc-0380,residual_candidate_transitive_guard,train/33.jpg <-> train/33_brightness.jpg,Candidate (guard only),Precautionary split constraint; not proof of common physical acquisition
train,34.jpg,sg-0398,gc-0386,source_group_only,none,N/A,One evidence-based source group; physical acquisition ID unverified
train,3410.jpg,sg-0399,gc-0387,source_group_only,none,N/A,One evidence-based source group; physical acquisition ID unverified
train,3440.jpg,sg-0400,gc-0388,source_group_only,none,N/A,One evidence-based source group; physical acquisition ID unverified
train,3470.jpg,sg-0401,gc-0389,source_group_only,none,N/A,One evidence-based source group; physical acquisition ID unverified
train,36.jpg,sg-0402,gc-0390,source_group_only,none,N/A,One evidence-based source group; physical acquisition ID unverified
train,37.jpg,sg-0403,gc-0391,source_group_only,none,N/A,One evidence-based source group; physical acquisition ID unverified
train,3740.jpg,sg-0404,gc-0392,source_group_only,none,N/A,One evidence-based source group; physical acquisition ID unverified
train,375.jpg,sg-0405,gc-0393,source_group_only,none,N/A,One evidence-based source group; physical acquisition ID unverified
train,3760.jpg,sg-0406,gc-0394,source_group_only,none,N/A,One evidence-based source group; physical acquisition ID unverified
train,377.jpg,sg-0407,gc-0395,source_group_only,none,N/A,One evidence-based source group; physical acquisition ID unverified
train,3780.jpg,sg-0408,gc-0396,source_group_only,none,N/A,One evidence-based source group; physical acquisition ID unverified
train,38.jpg,sg-0409,gc-0397,source_group_only,none,N/A,One evidence-based source group; physical acquisition ID unverified
train,380.jpg,sg-0410,gc-0398,source_group_only,none,N/A,One evidence-based source group; physical acquisition ID unverified
train,389.jpg,sg-0411,gc-0399,source_group_only,none,N/A,One evidence-based source group; physical acquisition ID unverified
train,39000.jpg,sg-0412,gc-0400,source_group_only,none,N/A,One evidence-based source group; physical acquisition ID unverified
train,39000_brightness.jpg,sg-0412,gc-0400,source_group_only,none,N/A,One evidence-based source group; physical acquisition ID unverified
train,3910.jpg,sg-0413,gc-0401,source_group_only,none,N/A,One evidence-based source group; physical acquisition ID unverified
train,3910_brightness.jpg,sg-0413,gc-0401,source_group_only,none,N/A,One evidence-based source group; physical acquisition ID unverified
train,3910_noise.jpg,sg-0413,gc-0401,source_group_only,none,N/A,One evidence-based source group; physical acquisition ID unverified
train,3920.jpg,sg-0414,gc-0402,source_group_only,none,N/A,One evidence-based source group; physical acquisition ID unverified
train,393.jpg,sg-0415,gc-0403,source_group_only,none,N/A,One evidence-based source group; physical acquisition ID unverified
train,3940.jpg,sg-0416,gc-0404,source_group_only,none,N/A,One evidence-based source group; physical acquisition ID unverified
train,3950.jpg,sg-0417,gc-0405,source_group_only,none,N/A,One evidence-based source group; physical acquisition ID unverified
train,396.jpg,sg-0418,gc-0406,source_group_only,none,N/A,One evidence-based source group; physical acquisition ID unverified
train,398.jpg,sg-0419,gc-0407,source_group_only,none,N/A,One evidence-based source group; physical acquisition ID unverified
train,399.jpg,sg-0420,gc-0408,source_group_only,none,N/A,One evidence-based source group; physical acquisition ID unverified
train,40000.jpg,sg-0421,gc-0409,source_group_only,none,N/A,One evidence-based source group; physical acquisition ID unverified
train,40000_brightness.jpg,sg-0421,gc-0409,source_group_only,none,N/A,One evidence-based source group; physical acquisition ID unverified
train,40001.jpg,sg-0422,gc-0410,source_group_only,none,N/A,One evidence-based source group; physical acquisition ID unverified
train,401.jpg,sg-0423,gc-0411,source_group_only,none,N/A,One evidence-based source group; physical acquisition ID unverified
train,4020.jpg,sg-0424,gc-0412,source_group_only,none,N/A,One evidence-based source group; physical acquisition ID unverified
train,403.jpg,sg-0425,gc-0413,source_group_only,none,N/A,One evidence-based source group; physical acquisition ID unverified
train,403_brightness.jpg,sg-0425,gc-0413,source_group_only,none,N/A,One evidence-based source group; physical acquisition ID unverified
train,404.jpg,sg-0426,gc-0414,source_group_only,none,N/A,One evidence-based source group; physical acquisition ID unverified
train,405.jpg,sg-0427,gc-0415,source_group_only,none,N/A,One evidence-based source group; physical acquisition ID unverified
train,4060.jpg,sg-0428,gc-0416,source_group_only,none,N/A,One evidence-based source group; physical acquisition ID unverified
train,4070.jpg,sg-0429,gc-0417,source_group_only,none,N/A,One evidence-based source group; physical acquisition ID unverified
train,4070_brightness.jpg,sg-0429,gc-0417,source_group_only,none,N/A,One evidence-based source group; physical acquisition ID unverified
train,408.jpg,sg-0430,gc-0418,source_group_only,none,N/A,One evidence-based source group; physical acquisition ID unverified
train,408_brightness.jpg,sg-0430,gc-0418,source_group_only,none,N/A,One evidence-based source group; physical acquisition ID unverified
train,409.jpg,sg-0431,gc-0419,source_group_only,none,N/A,One evidence-based source group; physical acquisition ID unverified
train,4100.jpg,sg-0432,gc-0420,source_group_only,none,N/A,One evidence-based source group; physical acquisition ID unverified
train,41000.jpg,sg-0433,gc-0421,source_group_only,none,N/A,One evidence-based source group; physical acquisition ID unverified
train,4120.jpg,sg-0434,gc-0422,source_group_only,none,N/A,One evidence-based source group; physical acquisition ID unverified
train,4120_brightness.jpg,sg-0434,gc-0422,source_group_only,none,N/A,One evidence-based source group; physical acquisition ID unverified
train,4151.jpg,sg-0435,gc-0423,source_group_only,none,N/A,One evidence-based source group; physical acquisition ID unverified
train,417.jpg,sg-0436,gc-0424,source_group_only,none,N/A,One evidence-based source group; physical acquisition ID unverified
train,4180.jpg,sg-0437,gc-0425,source_group_only,none,N/A,One evidence-based source group; physical acquisition ID unverified
train,419.jpg,sg-0438,gc-0426,source_group_only,none,N/A,One evidence-based source group; physical acquisition ID unverified
train,42000.jpg,sg-0439,gc-0427,source_group_only,none,N/A,One evidence-based source group; physical acquisition ID unverified
train,4201.jpg,sg-0440,gc-0428,source_group_only,none,N/A,One evidence-based source group; physical acquisition ID unverified
train,4210.jpg,sg-0441,gc-0429,source_group_only,none,N/A,One evidence-based source group; physical acquisition ID unverified
train,4220.jpg,sg-0442,gc-0430,source_group_only,none,N/A,One evidence-based source group; physical acquisition ID unverified
train,424-1.jpg,sg-0443,gc-0431,source_group_only,none,N/A,One evidence-based source group; physical acquisition ID unverified
train,4250.jpg,sg-0444,gc-0432,source_group_only,none,N/A,One evidence-based source group; physical acquisition ID unverified
train,4250_brightness.jpg,sg-0444,gc-0432,source_group_only,none,N/A,One evidence-based source group; physical acquisition ID unverified
train,4250_noise.jpg,sg-0444,gc-0432,source_group_only,none,N/A,One evidence-based source group; physical acquisition ID unverified
train,426-1.jpg,sg-0445,gc-0433,source_group_only,none,N/A,One evidence-based source group; physical acquisition ID unverified
train,44.jpg,sg-0446,gc-0434,source_group_only,none,N/A,One evidence-based source group; physical acquisition ID unverified
train,46.jpg,sg-0447,gc-0435,source_group_only,none,N/A,One evidence-based source group; physical acquisition ID unverified
train,47.jpg,sg-0448,gc-0436,source_group_only,none,N/A,One evidence-based source group; physical acquisition ID unverified
train,48.jpg,sg-0449,gc-0437,source_group_only,none,N/A,One evidence-based source group; physical acquisition ID unverified
train,49000.jpg,sg-0450,gc-0438,source_group_only,none,N/A,One evidence-based source group; physical acquisition ID unverified
train,50.jpg,sg-0451,gc-0439,source_group_only,none,N/A,One evidence-based source group; physical acquisition ID unverified
train,51.jpg,sg-0452,gc-0440,source_group_only,none,N/A,One evidence-based source group; physical acquisition ID unverified
train,52.jpg,sg-0453,gc-0441,source_group_only,none,N/A,One evidence-based source group; physical acquisition ID unverified
train,53.jpg,sg-0454,gc-0442,source_group_only,none,N/A,One evidence-based source group; physical acquisition ID unverified
train,54.jpg,sg-0455,gc-0443,source_group_only,none,N/A,One evidence-based source group; physical acquisition ID unverified
train,55000.jpg,sg-0456,gc-0444,source_group_only,none,N/A,One evidence-based source group; physical acquisition ID unverified
train,56.jpg,sg-0457,gc-0445,source_group_only,none,N/A,One evidence-based source group; physical acquisition ID unverified
train,57.jpg,sg-0458,gc-0446,source_group_only,none,N/A,One evidence-based source group; physical acquisition ID unverified
train,58.jpg,sg-0459,gc-0447,source_group_only,none,N/A,One evidence-based source group; physical acquisition ID unverified
train,6.jpg,sg-0460,gc-0448,residual_candidate_transitive_guard,train/6.jpg <-> train/6_brightness.jpg,Candidate (guard only),Precautionary split constraint; not proof of common physical acquisition
train,60000.jpg,sg-0461,gc-0449,source_group_only,none,N/A,One evidence-based source group; physical acquisition ID unverified
train,61.jpg,sg-0462,gc-0450,source_group_only,none,N/A,One evidence-based source group; physical acquisition ID unverified
train,62.jpg,sg-0463,gc-0451,source_group_only,none,N/A,One evidence-based source group; physical acquisition ID unverified
train,63000.jpg,sg-0464,gc-0452,source_group_only,none,N/A,One evidence-based source group; physical acquisition ID unverified
train,64.jpg,sg-0465,gc-0453,source_group_only,none,N/A,One evidence-based source group; physical acquisition ID unverified
train,66000.jpg,sg-0466,gc-0454,source_group_only,none,N/A,One evidence-based source group; physical acquisition ID unverified
train,68.jpg,sg-0467,gc-0455,source_group_only,none,N/A,One evidence-based source group; physical acquisition ID unverified
train,6_brightness.jpg,sg-0468,gc-0448,residual_candidate_transitive_guard,train/6.jpg <-> train/6_brightness.jpg,Candidate (guard only),Precautionary split constraint; not proof of common physical acquisition
train,700000.jpg,sg-0469,gc-0456,source_group_only,none,N/A,One evidence-based source group; physical acquisition ID unverified
train,73.jpg,sg-0470,gc-0457,source_group_only,none,N/A,One evidence-based source group; physical acquisition ID unverified
train,74.jpg,sg-0471,gc-0458,source_group_only,none,N/A,One evidence-based source group; physical acquisition ID unverified
train,7500.jpg,sg-0472,gc-0459,source_group_only,none,N/A,One evidence-based source group; physical acquisition ID unverified
train,7600.jpg,sg-0473,gc-0460,source_group_only,none,N/A,One evidence-based source group; physical acquisition ID unverified
train,7600_brightness.jpg,sg-0473,gc-0460,source_group_only,none,N/A,One evidence-based source group; physical acquisition ID unverified
train,77.jpg,sg-0474,gc-0461,source_group_only,none,N/A,One evidence-based source group; physical acquisition ID unverified
train,77_brightness.jpg,sg-0474,gc-0461,source_group_only,none,N/A,One evidence-based source group; physical acquisition ID unverified
train,8000.jpg,sg-0475,gc-0462,source_group_only,none,N/A,One evidence-based source group; physical acquisition ID unverified
train,8400.jpg,sg-0476,gc-0463,source_group_only,none,N/A,One evidence-based source group; physical acquisition ID unverified
train,8500.jpg,sg-0477,gc-0464,source_group_only,none,N/A,One evidence-based source group; physical acquisition ID unverified
train,8700.jpg,sg-0478,gc-0465,source_group_only,none,N/A,One evidence-based source group; physical acquisition ID unverified
train,89.jpg,sg-0479,gc-0466,source_group_only,none,N/A,One evidence-based source group; physical acquisition ID unverified
train,9.jpg,sg-0480,gc-0467,residual_candidate_transitive_guard,train/9.jpg <-> train/9_brightness.jpg,Candidate (guard only),Precautionary split constraint; not proof of common physical acquisition
train,9000.jpg,sg-0481,gc-0468,source_group_only,none,N/A,One evidence-based source group; physical acquisition ID unverified
train,9_brightness.jpg,sg-0482,gc-0467,residual_candidate_transitive_guard,train/9.jpg <-> train/9_brightness.jpg,Candidate (guard only),Precautionary split constraint; not proof of common physical acquisition
train,IMG_12320.jpg,sg-0483,gc-0469,source_group_only,none,N/A,One evidence-based source group; physical acquisition ID unverified
train,IMG_12350.jpg,sg-0484,gc-0470,source_group_only,none,N/A,One evidence-based source group; physical acquisition ID unverified
train,IMG_1237.jpg,sg-0485,gc-0471,source_group_only,none,N/A,One evidence-based source group; physical acquisition ID unverified
train,IMG_1237_brightness.jpg,sg-0485,gc-0471,source_group_only,none,N/A,One evidence-based source group; physical acquisition ID unverified
train,IMG_12380.jpg,sg-0486,gc-0472,source_group_only,none,N/A,One evidence-based source group; physical acquisition ID unverified
train,IMG_12390.jpg,sg-0487,gc-0473,source_group_only,none,N/A,One evidence-based source group; physical acquisition ID unverified
train,IMG_12400_brightness.jpg,sg-0488,gc-0474,source_group_only,none,N/A,One evidence-based source group; physical acquisition ID unverified
train,IMG_12410.jpg,sg-0489,gc-0475,source_group_only,none,N/A,One evidence-based source group; physical acquisition ID unverified
train,IMG_12430.jpg,sg-0490,gc-0476,source_group_only,none,N/A,One evidence-based source group; physical acquisition ID unverified
train,IMG_12440.jpg,sg-0491,gc-0477,source_group_only,none,N/A,One evidence-based source group; physical acquisition ID unverified
train,IMG_12450.jpg,sg-0492,gc-0478,source_group_only,none,N/A,One evidence-based source group; physical acquisition ID unverified
train,IMG_12450_brightness.jpg,sg-0492,gc-0478,source_group_only,none,N/A,One evidence-based source group; physical acquisition ID unverified
train,IMG_12460_brightness.jpg,sg-0493,gc-0479,source_group_only,none,N/A,One evidence-based source group; physical acquisition ID unverified
train,IMG_12470.jpg,sg-0494,gc-0480,residual_candidate_transitive_guard,train/IMG_12470.jpg <-> train/IMG_12470_brightness.jpg,Candidate (guard only),Precautionary split constraint; not proof of common physical acquisition
train,IMG_12470_brightness.jpg,sg-0495,gc-0480,residual_candidate_transitive_guard,train/IMG_12470.jpg <-> train/IMG_12470_brightness.jpg,Candidate (guard only),Precautionary split constraint; not proof of common physical acquisition
train,IMG_1250.jpg,sg-0496,gc-0481,source_group_only,none,N/A,One evidence-based source group; physical acquisition ID unverified
train,IMG_1251.jpg,sg-0497,gc-0482,source_group_only,none,N/A,One evidence-based source group; physical acquisition ID unverified
train,IMG_1252.jpg,sg-0498,gc-0483,source_group_only,none,N/A,One evidence-based source group; physical acquisition ID unverified
train,IMG_12530.jpg,sg-0499,gc-0484,source_group_only,none,N/A,One evidence-based source group; physical acquisition ID unverified
train,IMG_12540.jpg,sg-0500,gc-0485,source_group_only,none,N/A,One evidence-based source group; physical acquisition ID unverified
train,IMG_1255.jpg,sg-0501,gc-0486,source_group_only,none,N/A,One evidence-based source group; physical acquisition ID unverified
train,IMG_1256.jpg,sg-0502,gc-0487,source_group_only,none,N/A,One evidence-based source group; physical acquisition ID unverified
train,IMG_12580.jpg,sg-0503,gc-0488,source_group_only,none,N/A,One evidence-based source group; physical acquisition ID unverified
train,IMG_1261.jpg,sg-0504,gc-0489,source_group_only,none,N/A,One evidence-based source group; physical acquisition ID unverified
train,IMG_1261_brightness.jpg,sg-0504,gc-0489,source_group_only,none,N/A,One evidence-based source group; physical acquisition ID unverified
train,IMG_1262.jpg,sg-0505,gc-0490,source_group_only,none,N/A,One evidence-based source group; physical acquisition ID unverified
train,IMG_1263.jpg,sg-0506,gc-0491,source_group_only,none,N/A,One evidence-based source group; physical acquisition ID unverified
train,IMG_12640.jpg,sg-0507,gc-0492,source_group_only,none,N/A,One evidence-based source group; physical acquisition ID unverified
train,IMG_12700.jpg,sg-0508,gc-0493,source_group_only,none,N/A,One evidence-based source group; physical acquisition ID unverified
train,IMG_12710.jpg,sg-0509,gc-0494,source_group_only,none,N/A,One evidence-based source group; physical acquisition ID unverified
train,IMG_12740.jpg,sg-0510,gc-0495,source_group_only,none,N/A,One evidence-based source group; physical acquisition ID unverified
train,IMG_12750.jpg,sg-0511,gc-0496,source_group_only,none,N/A,One evidence-based source group; physical acquisition ID unverified
train,IMG_1276.jpg,sg-0512,gc-0497,source_group_only,none,N/A,One evidence-based source group; physical acquisition ID unverified
train,IMG_12780.jpg,sg-0513,gc-0498,source_group_only,none,N/A,One evidence-based source group; physical acquisition ID unverified
train,IMG_12800.jpg,sg-0514,gc-0499,source_group_only,none,N/A,One evidence-based source group; physical acquisition ID unverified
train,IMG_12810_brightness.jpg,sg-0515,gc-0500,source_group_only,none,N/A,One evidence-based source group; physical acquisition ID unverified
train,IMG_1282.jpg,sg-0516,gc-0501,source_group_only,none,N/A,One evidence-based source group; physical acquisition ID unverified
train,IMG_1284.jpg,sg-0517,gc-0502,source_group_only,none,N/A,One evidence-based source group; physical acquisition ID unverified
train,IMG_1284_brightness.jpg,sg-0517,gc-0502,source_group_only,none,N/A,One evidence-based source group; physical acquisition ID unverified
train,IMG_1286.jpg,sg-0518,gc-0503,source_group_only,none,N/A,One evidence-based source group; physical acquisition ID unverified
train,IMG_1286_brightness.jpg,sg-0518,gc-0503,source_group_only,none,N/A,One evidence-based source group; physical acquisition ID unverified
train,IMG_1287.jpg,sg-0519,gc-0504,source_group_only,none,N/A,One evidence-based source group; physical acquisition ID unverified
train,IMG_1287_brightness.jpg,sg-0519,gc-0504,source_group_only,none,N/A,One evidence-based source group; physical acquisition ID unverified
train,IMG_12890.jpg,sg-0520,gc-0505,source_group_only,none,N/A,One evidence-based source group; physical acquisition ID unverified
train,IMG_12900.jpg,sg-0521,gc-0506,source_group_only,none,N/A,One evidence-based source group; physical acquisition ID unverified
train,IMG_12910.jpg,sg-0522,gc-0507,source_group_only,none,N/A,One evidence-based source group; physical acquisition ID unverified
train,IMG_12920.jpg,sg-0523,gc-0508,source_group_only,none,N/A,One evidence-based source group; physical acquisition ID unverified
train,IMG_12940.jpg,sg-0524,gc-0509,source_group_only,none,N/A,One evidence-based source group; physical acquisition ID unverified
train,IMG_12950.jpg,sg-0525,gc-0510,source_group_only,none,N/A,One evidence-based source group; physical acquisition ID unverified
train,IMG_12950_brightness.jpg,sg-0525,gc-0510,source_group_only,none,N/A,One evidence-based source group; physical acquisition ID unverified
train,IMG_12960.jpg,sg-0526,gc-0511,source_group_only,none,N/A,One evidence-based source group; physical acquisition ID unverified
train,IMG_12960_brightness.jpg,sg-0526,gc-0511,source_group_only,none,N/A,One evidence-based source group; physical acquisition ID unverified
train,IMG_12970.jpg,sg-0527,gc-0512,source_group_only,none,N/A,One evidence-based source group; physical acquisition ID unverified
train,IMG_12970_brightness.jpg,sg-0527,gc-0512,source_group_only,none,N/A,One evidence-based source group; physical acquisition ID unverified
train,IMG_12980.jpg,sg-0528,gc-0513,source_group_only,none,N/A,One evidence-based source group; physical acquisition ID unverified
train,IMG_12980_brightness.jpg,sg-0528,gc-0513,source_group_only,none,N/A,One evidence-based source group; physical acquisition ID unverified
train,IMG_12990.jpg,sg-0529,gc-0514,source_group_only,none,N/A,One evidence-based source group; physical acquisition ID unverified
train,IMG_13000.jpg,sg-0530,gc-0515,source_group_only,none,N/A,One evidence-based source group; physical acquisition ID unverified
train,IMG_13010.jpg,sg-0531,gc-0516,source_group_only,none,N/A,One evidence-based source group; physical acquisition ID unverified
train,IMG_13020.jpg,sg-0532,gc-0517,source_group_only,none,N/A,One evidence-based source group; physical acquisition ID unverified
train,IMG_13030.jpg,sg-0533,gc-0518,source_group_only,none,N/A,One evidence-based source group; physical acquisition ID unverified
train,IMG_13030_brightness.jpg,sg-0533,gc-0518,source_group_only,none,N/A,One evidence-based source group; physical acquisition ID unverified
train,IMG_13030_noise.jpg,sg-0533,gc-0518,source_group_only,none,N/A,One evidence-based source group; physical acquisition ID unverified
train,IMG_1304_brightness.jpg,sg-0077,gc-0076,source_group_only,none,N/A,One evidence-based source group; physical acquisition ID unverified
train,IMG_1304_noise.jpg,sg-0077,gc-0076,source_group_only,none,N/A,One evidence-based source group; physical acquisition ID unverified
train,IMG_1305.jpg,sg-0534,gc-0519,source_group_only,none,N/A,One evidence-based source group; physical acquisition ID unverified
train,IMG_1305_brightness.jpg,sg-0534,gc-0519,source_group_only,none,N/A,One evidence-based source group; physical acquisition ID unverified
train,IMG_1305_noise.jpg,sg-0534,gc-0519,source_group_only,none,N/A,One evidence-based source group; physical acquisition ID unverified
train,IMG_13070.jpg,sg-0535,gc-0520,source_group_only,none,N/A,One evidence-based source group; physical acquisition ID unverified
train,IMG_13080.jpg,sg-0536,gc-0521,source_group_only,none,N/A,One evidence-based source group; physical acquisition ID unverified
train,IMG_13080_brightness.jpg,sg-0536,gc-0521,source_group_only,none,N/A,One evidence-based source group; physical acquisition ID unverified
train,IMG_13080_noise.jpg,sg-0536,gc-0521,source_group_only,none,N/A,One evidence-based source group; physical acquisition ID unverified
train,IMG_13100.jpg,sg-0537,gc-0522,source_group_only,none,N/A,One evidence-based source group; physical acquisition ID unverified
train,IMG_13120.jpg,sg-0538,gc-0523,source_group_only,none,N/A,One evidence-based source group; physical acquisition ID unverified
train,IMG_13140.jpg,sg-0539,gc-0524,source_group_only,none,N/A,One evidence-based source group; physical acquisition ID unverified
train,IMG_13160.jpg,sg-0540,gc-0525,source_group_only,none,N/A,One evidence-based source group; physical acquisition ID unverified
train,IMG_13170.jpg,sg-0541,gc-0526,source_group_only,none,N/A,One evidence-based source group; physical acquisition ID unverified
train,IMG_13200.jpg,sg-0542,gc-0527,source_group_only,none,N/A,One evidence-based source group; physical acquisition ID unverified
train,IMG_13210.jpg,sg-0543,gc-0528,source_group_only,none,N/A,One evidence-based source group; physical acquisition ID unverified
train,IMG_13230.jpg,sg-0544,gc-0529,source_group_only,none,N/A,One evidence-based source group; physical acquisition ID unverified
train,IMG_13240.jpg,sg-0545,gc-0530,source_group_only,none,N/A,One evidence-based source group; physical acquisition ID unverified
train,IMG_13250.jpg,sg-0546,gc-0531,source_group_only,none,N/A,One evidence-based source group; physical acquisition ID unverified
train,IMG_13300.jpg,sg-0547,gc-0532,source_group_only,none,N/A,One evidence-based source group; physical acquisition ID unverified
train,IMG_13350.jpg,sg-0548,gc-0533,source_group_only,none,N/A,One evidence-based source group; physical acquisition ID unverified
train,IMG_13370.jpg,sg-0549,gc-0534,source_group_only,none,N/A,One evidence-based source group; physical acquisition ID unverified
train,IMG_13390.jpg,sg-0550,gc-0535,source_group_only,none,N/A,One evidence-based source group; physical acquisition ID unverified
train,IMG_13450.jpg,sg-0551,gc-0536,source_group_only,none,N/A,One evidence-based source group; physical acquisition ID unverified
train,IMG_13470.jpg,sg-0552,gc-0537,source_group_only,none,N/A,One evidence-based source group; physical acquisition ID unverified
train,IMG_13470_brightness.jpg,sg-0552,gc-0537,source_group_only,none,N/A,One evidence-based source group; physical acquisition ID unverified
train,IMG_13480.jpg,sg-0553,gc-0538,source_group_only,none,N/A,One evidence-based source group; physical acquisition ID unverified
train,IMG_13490.jpg,sg-0554,gc-0539,source_group_only,none,N/A,One evidence-based source group; physical acquisition ID unverified
train,IMG_1350.jpg,sg-0555,gc-0540,source_group_only,none,N/A,One evidence-based source group; physical acquisition ID unverified
train,IMG_1351.jpg,sg-0556,gc-0541,source_group_only,none,N/A,One evidence-based source group; physical acquisition ID unverified
train,IMG_1352.jpg,sg-0557,gc-0542,source_group_only,none,N/A,One evidence-based source group; physical acquisition ID unverified
train,IMG_1352_brightness.jpg,sg-0557,gc-0542,source_group_only,none,N/A,One evidence-based source group; physical acquisition ID unverified
train,IMG_1352_noise.jpg,sg-0557,gc-0542,source_group_only,none,N/A,One evidence-based source group; physical acquisition ID unverified
train,IMG_1354.jpg,sg-0558,gc-0543,source_group_only,none,N/A,One evidence-based source group; physical acquisition ID unverified
train,IMG_1354_brightness.jpg,sg-0558,gc-0543,source_group_only,none,N/A,One evidence-based source group; physical acquisition ID unverified
train,IMG_13550.jpg,sg-0559,gc-0544,source_group_only,none,N/A,One evidence-based source group; physical acquisition ID unverified
train,IMG_13560.jpg,sg-0560,gc-0545,source_group_only,none,N/A,One evidence-based source group; physical acquisition ID unverified
train,IMG_13570.jpg,sg-0561,gc-0546,source_group_only,none,N/A,One evidence-based source group; physical acquisition ID unverified
train,IMG_13580.jpg,sg-0562,gc-0547,source_group_only,none,N/A,One evidence-based source group; physical acquisition ID unverified
train,IMG_13600.jpg,sg-0563,gc-0548,source_group_only,none,N/A,One evidence-based source group; physical acquisition ID unverified
train,IMG_13620.jpg,sg-0564,gc-0549,source_group_only,none,N/A,One evidence-based source group; physical acquisition ID unverified
train,IMG_13630.jpg,sg-0565,gc-0550,source_group_only,none,N/A,One evidence-based source group; physical acquisition ID unverified
train,IMG_13640.jpg,sg-0566,gc-0551,source_group_only,none,N/A,One evidence-based source group; physical acquisition ID unverified
train,IMG_13650_brightness.jpg,sg-0094,gc-0093,source_group_only,none,N/A,One evidence-based source group; physical acquisition ID unverified
train,IMG_13660.jpg,sg-0567,gc-0552,source_group_only,none,N/A,One evidence-based source group; physical acquisition ID unverified
train,IMG_13670.jpg,sg-0568,gc-0553,source_group_only,none,N/A,One evidence-based source group; physical acquisition ID unverified
train,IMG_1369.jpg,sg-0569,gc-0554,source_group_only,none,N/A,One evidence-based source group; physical acquisition ID unverified
train,IMG_13700_brightness.jpg,sg-0570,gc-0555,source_group_only,none,N/A,One evidence-based source group; physical acquisition ID unverified
train,IMG_1371.jpg,sg-0571,gc-0556,source_group_only,none,N/A,One evidence-based source group; physical acquisition ID unverified
train,IMG_13720.jpg,sg-0572,gc-0557,source_group_only,none,N/A,One evidence-based source group; physical acquisition ID unverified
train,IMG_13730.jpg,sg-0573,gc-0558,source_group_only,none,N/A,One evidence-based source group; physical acquisition ID unverified
train,IMG_13740.jpg,sg-0574,gc-0559,source_group_only,none,N/A,One evidence-based source group; physical acquisition ID unverified
train,IMG_13740_brightness.jpg,sg-0574,gc-0559,source_group_only,none,N/A,One evidence-based source group; physical acquisition ID unverified
train,IMG_13760.jpg,sg-0575,gc-0560,source_group_only,none,N/A,One evidence-based source group; physical acquisition ID unverified
train,IMG_13790.jpg,sg-0576,gc-0561,source_group_only,none,N/A,One evidence-based source group; physical acquisition ID unverified
train,IMG_13790_brightness.jpg,sg-0576,gc-0561,source_group_only,none,N/A,One evidence-based source group; physical acquisition ID unverified
train,IMG_1381_brightness.jpg,sg-0577,gc-0562,source_group_only,none,N/A,One evidence-based source group; physical acquisition ID unverified
train,IMG_1382.jpg,sg-0578,gc-0563,source_group_only,none,N/A,One evidence-based source group; physical acquisition ID unverified
train,IMG_1382_brightness.jpg,sg-0578,gc-0563,source_group_only,none,N/A,One evidence-based source group; physical acquisition ID unverified
train,IMG_13840.jpg,sg-0579,gc-0564,source_group_only,none,N/A,One evidence-based source group; physical acquisition ID unverified
train,IMG_13860.jpg,sg-0580,gc-0565,source_group_only,none,N/A,One evidence-based source group; physical acquisition ID unverified
train,IMG_1387_brightness.jpg,sg-0102,gc-0101,source_group_only,none,N/A,One evidence-based source group; physical acquisition ID unverified
train,IMG_1389_brightness.jpg,sg-0104,gc-0103,source_group_only,none,N/A,One evidence-based source group; physical acquisition ID unverified
train,IMG_1389_noise.jpg,sg-0104,gc-0103,source_group_only,none,N/A,One evidence-based source group; physical acquisition ID unverified
train,IMG_1390_noise.jpg,sg-0105,gc-0104,source_group_only,none,N/A,One evidence-based source group; physical acquisition ID unverified
train,IMG_13910.jpg,sg-0581,gc-0566,source_group_only,none,N/A,One evidence-based source group; physical acquisition ID unverified
train,IMG_13930_brightness.jpg,sg-0582,gc-0567,source_group_only,none,N/A,One evidence-based source group; physical acquisition ID unverified
train,IMG_13960_brightness.jpg,sg-0583,gc-0568,source_group_only,none,N/A,One evidence-based source group; physical acquisition ID unverified
train,IMG_1397.jpg,sg-0584,gc-0569,source_group_only,none,N/A,One evidence-based source group; physical acquisition ID unverified
train,IMG_1399.jpg,sg-0585,gc-0570,source_group_only,none,N/A,One evidence-based source group; physical acquisition ID unverified
train,IMG_14000.jpg,sg-0586,gc-0571,source_group_only,none,N/A,One evidence-based source group; physical acquisition ID unverified
train,IMG_14020.jpg,sg-0587,gc-0572,source_group_only,none,N/A,One evidence-based source group; physical acquisition ID unverified
train,IMG_14040_brightness.jpg,sg-0588,gc-0573,source_group_only,none,N/A,One evidence-based source group; physical acquisition ID unverified
train,IMG_1406.jpg,sg-0589,gc-0574,source_group_only,none,N/A,One evidence-based source group; physical acquisition ID unverified
train,IMG_1406_noise.jpg,sg-0589,gc-0574,source_group_only,none,N/A,One evidence-based source group; physical acquisition ID unverified
train,IMG_1407.jpg,sg-0590,gc-0575,source_group_only,none,N/A,One evidence-based source group; physical acquisition ID unverified
train,IMG_1407_brightness.jpg,sg-0590,gc-0575,source_group_only,none,N/A,One evidence-based source group; physical acquisition ID unverified
train,IMG_1407_noise.jpg,sg-0590,gc-0575,source_group_only,none,N/A,One evidence-based source group; physical acquisition ID unverified
train,IMG_14100.jpg,sg-0591,gc-0576,source_group_only,none,N/A,One evidence-based source group; physical acquisition ID unverified
train,IMG_14110.jpg,sg-0592,gc-0577,source_group_only,none,N/A,One evidence-based source group; physical acquisition ID unverified
train,IMG_14130.jpg,sg-0593,gc-0114,residual_candidate_transitive_guard,train/IMG_14130.jpg <-> test/IMG_14120.jpg,Candidate (guard only),Precautionary split constraint; not proof of common physical acquisition
train,IMG_1414.jpg,sg-0594,gc-0578,source_group_only,none,N/A,One evidence-based source group; physical acquisition ID unverified
train,IMG_14150.jpg,sg-0595,gc-0579,source_group_only,none,N/A,One evidence-based source group; physical acquisition ID unverified
train,IMG_1418.jpg,sg-0596,gc-0580,source_group_only,none,N/A,One evidence-based source group; physical acquisition ID unverified
train,IMG_1418_brightness.jpg,sg-0596,gc-0580,source_group_only,none,N/A,One evidence-based source group; physical acquisition ID unverified
train,IMG_1418_noise.jpg,sg-0596,gc-0580,source_group_only,none,N/A,One evidence-based source group; physical acquisition ID unverified
train,IMG_1419_brightness.jpg,sg-0118,gc-0117,source_group_only,none,N/A,One evidence-based source group; physical acquisition ID unverified
train,IMG_1420.jpg,sg-0597,gc-0581,source_group_only,none,N/A,One evidence-based source group; physical acquisition ID unverified
train,IMG_1421.jpg,sg-0598,gc-0582,source_group_only,none,N/A,One evidence-based source group; physical acquisition ID unverified
train,IMG_1422.jpg,sg-0599,gc-0583,source_group_only,none,N/A,One evidence-based source group; physical acquisition ID unverified
train,IMG_1423.jpg,sg-0600,gc-0584,source_group_only,none,N/A,One evidence-based source group; physical acquisition ID unverified
train,IMG_14240.jpg,sg-0601,gc-0585,source_group_only,none,N/A,One evidence-based source group; physical acquisition ID unverified
train,IMG_14250.jpg,sg-0602,gc-0586,source_group_only,none,N/A,One evidence-based source group; physical acquisition ID unverified
train,IMG_14260.jpg,sg-0603,gc-0587,source_group_only,none,N/A,One evidence-based source group; physical acquisition ID unverified
train,IMG_14270.jpg,sg-0604,gc-0588,source_group_only,none,N/A,One evidence-based source group; physical acquisition ID unverified
train,IMG_14280.jpg,sg-0605,gc-0589,source_group_only,none,N/A,One evidence-based source group; physical acquisition ID unverified
train,IMG_1429.jpg,sg-0606,gc-0590,source_group_only,none,N/A,One evidence-based source group; physical acquisition ID unverified
train,IMG_14310.jpg,sg-0607,gc-0591,source_group_only,none,N/A,One evidence-based source group; physical acquisition ID unverified
train,IMG_1432.jpg,sg-0608,gc-0592,source_group_only,none,N/A,One evidence-based source group; physical acquisition ID unverified
train,IMG_14330.jpg,sg-0609,gc-0593,source_group_only,none,N/A,One evidence-based source group; physical acquisition ID unverified
train,IMG_1434.jpg,sg-0610,gc-0594,source_group_only,none,N/A,One evidence-based source group; physical acquisition ID unverified
train,IMG_14350.jpg,sg-0611,gc-0595,source_group_only,none,N/A,One evidence-based source group; physical acquisition ID unverified
train,IMG_14360.jpg,sg-0612,gc-0596,source_group_only,none,N/A,One evidence-based source group; physical acquisition ID unverified
train,IMG_14360_noise.jpg,sg-0612,gc-0596,source_group_only,none,N/A,One evidence-based source group; physical acquisition ID unverified
train,IMG_1437.jpg,sg-0613,gc-0597,source_group_only,none,N/A,One evidence-based source group; physical acquisition ID unverified
train,IMG_14380.jpg,sg-0614,gc-0598,source_group_only,none,N/A,One evidence-based source group; physical acquisition ID unverified
train,IMG_14390.jpg,sg-0615,gc-0599,source_group_only,none,N/A,One evidence-based source group; physical acquisition ID unverified
train,IMG_1440.jpg,sg-0616,gc-0600,source_group_only,none,N/A,One evidence-based source group; physical acquisition ID unverified
train,IMG_14410.jpg,sg-0617,gc-0601,source_group_only,none,N/A,One evidence-based source group; physical acquisition ID unverified
train,IMG_14410_brightness.jpg,sg-0617,gc-0601,source_group_only,none,N/A,One evidence-based source group; physical acquisition ID unverified
train,IMG_14410_noise.jpg,sg-0617,gc-0601,source_group_only,none,N/A,One evidence-based source group; physical acquisition ID unverified
train,IMG_14420_brightness.jpg,sg-0120,gc-0119,source_group_only,none,N/A,One evidence-based source group; physical acquisition ID unverified
train,IMG_14420_noise.jpg,sg-0120,gc-0119,source_group_only,none,N/A,One evidence-based source group; physical acquisition ID unverified
train,IMG_14440.jpg,sg-0618,gc-0602,source_group_only,none,N/A,One evidence-based source group; physical acquisition ID unverified
train,IMG_1447.jpg,sg-0619,gc-0603,source_group_only,none,N/A,One evidence-based source group; physical acquisition ID unverified
train,IMG_1449.jpg,sg-0620,gc-0604,source_group_only,none,N/A,One evidence-based source group; physical acquisition ID unverified
train,IMG_1451.jpg,sg-0621,gc-0605,source_group_only,none,N/A,One evidence-based source group; physical acquisition ID unverified
train,IMG_14530.jpg,sg-0622,gc-0606,source_group_only,none,N/A,One evidence-based source group; physical acquisition ID unverified
train,IMG_1454.jpg,sg-0623,gc-0607,source_group_only,none,N/A,One evidence-based source group; physical acquisition ID unverified
train,IMG_1455.jpg,sg-0624,gc-0608,source_group_only,none,N/A,One evidence-based source group; physical acquisition ID unverified
train,IMG_14550.jpg,sg-0625,gc-0609,source_group_only,none,N/A,One evidence-based source group; physical acquisition ID unverified
train,IMG_1457.jpg,sg-0626,gc-0610,source_group_only,none,N/A,One evidence-based source group; physical acquisition ID unverified
train,IMG_1458.jpg,sg-0627,gc-0611,source_group_only,none,N/A,One evidence-based source group; physical acquisition ID unverified
train,IMG_1458_brightness.jpg,sg-0627,gc-0611,source_group_only,none,N/A,One evidence-based source group; physical acquisition ID unverified
train,IMG_1462.jpg,sg-0628,gc-0612,source_group_only,none,N/A,One evidence-based source group; physical acquisition ID unverified
train,IMG_1463.jpg,sg-0629,gc-0613,source_group_only,none,N/A,One evidence-based source group; physical acquisition ID unverified
train,IMG_14650.jpg,sg-0630,gc-0614,source_group_only,none,N/A,One evidence-based source group; physical acquisition ID unverified
train,IMG_1468.jpg,sg-0631,gc-0615,source_group_only,none,N/A,One evidence-based source group; physical acquisition ID unverified
train,IMG_1469_brightness.jpg,sg-0130,gc-0129,source_group_only,none,N/A,One evidence-based source group; physical acquisition ID unverified
train,IMG_1469_noise.jpg,sg-0130,gc-0129,source_group_only,none,N/A,One evidence-based source group; physical acquisition ID unverified
train,IMG_14710.jpg,sg-0632,gc-0616,source_group_only,none,N/A,One evidence-based source group; physical acquisition ID unverified
train,IMG_1472.jpg,sg-0633,gc-0617,source_group_only,none,N/A,One evidence-based source group; physical acquisition ID unverified
train,IMG_14730.jpg,sg-0634,gc-0618,source_group_only,none,N/A,One evidence-based source group; physical acquisition ID unverified
train,IMG_1474.jpg,sg-0635,gc-0619,source_group_only,none,N/A,One evidence-based source group; physical acquisition ID unverified
train,IMG_1476.jpg,sg-0636,gc-0620,source_group_only,none,N/A,One evidence-based source group; physical acquisition ID unverified
train,IMG_1477.jpg,sg-0637,gc-0621,source_group_only,none,N/A,One evidence-based source group; physical acquisition ID unverified
train,IMG_15621.jpg,sg-0638,gc-0622,source_group_only,none,N/A,One evidence-based source group; physical acquisition ID unverified
train,IMG_5384.jpg,sg-0639,gc-0623,source_group_only,none,N/A,One evidence-based source group; physical acquisition ID unverified
train,IMG_5386.jpg,sg-0640,gc-0624,source_group_only,none,N/A,One evidence-based source group; physical acquisition ID unverified
train,IMG_5390.jpg,sg-0641,gc-0625,source_group_only,none,N/A,One evidence-based source group; physical acquisition ID unverified
train,IMG_53910.jpg,sg-0642,gc-0626,source_group_only,none,N/A,One evidence-based source group; physical acquisition ID unverified
train,IMG_5392.jpg,sg-0643,gc-0627,source_group_only,none,N/A,One evidence-based source group; physical acquisition ID unverified
train,IMG_53940.jpg,sg-0644,gc-0628,source_group_only,none,N/A,One evidence-based source group; physical acquisition ID unverified
train,IMG_53960.jpg,sg-0645,gc-0629,source_group_only,none,N/A,One evidence-based source group; physical acquisition ID unverified
train,IMG_53980.jpg,sg-0646,gc-0630,source_group_only,none,N/A,One evidence-based source group; physical acquisition ID unverified
train,IMG_53990.jpg,sg-0647,gc-0631,source_group_only,none,N/A,One evidence-based source group; physical acquisition ID unverified
train,IMG_54000.jpg,sg-0648,gc-0632,source_group_only,none,N/A,One evidence-based source group; physical acquisition ID unverified
train,IMG_5401.jpg,sg-0649,gc-0633,source_group_only,none,N/A,One evidence-based source group; physical acquisition ID unverified
train,IMG_5402.jpg,sg-0650,gc-0634,source_group_only,none,N/A,One evidence-based source group; physical acquisition ID unverified
train,IMG_54030.jpg,sg-0651,gc-0635,source_group_only,none,N/A,One evidence-based source group; physical acquisition ID unverified
train,IMG_5404.jpg,sg-0652,gc-0636,source_group_only,none,N/A,One evidence-based source group; physical acquisition ID unverified
train,IMG_5406.jpg,sg-0653,gc-0637,source_group_only,none,N/A,One evidence-based source group; physical acquisition ID unverified
train,IMG_5407.jpg,sg-0654,gc-0638,source_group_only,none,N/A,One evidence-based source group; physical acquisition ID unverified
train,IMG_5408.jpg,sg-0655,gc-0639,source_group_only,none,N/A,One evidence-based source group; physical acquisition ID unverified
train,IMG_54100.jpg,sg-0656,gc-0640,source_group_only,none,N/A,One evidence-based source group; physical acquisition ID unverified
train,IMG_54100_brightness.jpg,sg-0656,gc-0640,source_group_only,none,N/A,One evidence-based source group; physical acquisition ID unverified
train,IMG_54110.jpg,sg-0657,gc-0641,source_group_only,none,N/A,One evidence-based source group; physical acquisition ID unverified
train,IMG_54120.jpg,sg-0658,gc-0642,source_group_only,none,N/A,One evidence-based source group; physical acquisition ID unverified
train,IMG_54150.jpg,sg-0659,gc-0643,source_group_only,none,N/A,One evidence-based source group; physical acquisition ID unverified
train,IMG_54160_noise.jpg,sg-0142,gc-0141,source_group_only,none,N/A,One evidence-based source group; physical acquisition ID unverified
train,IMG_5417.jpg,sg-0660,gc-0644,source_group_only,none,N/A,One evidence-based source group; physical acquisition ID unverified
train,IMG_54190_noise.jpg,sg-0144,gc-0143,source_group_only,none,N/A,One evidence-based source group; physical acquisition ID unverified
train,IMG_54200.jpg,sg-0661,gc-0645,source_group_only,none,N/A,One evidence-based source group; physical acquisition ID unverified
train,IMG_54200_brightness.jpg,sg-0661,gc-0645,source_group_only,none,N/A,One evidence-based source group; physical acquisition ID unverified
train,IMG_54200_noise.jpg,sg-0661,gc-0645,source_group_only,none,N/A,One evidence-based source group; physical acquisition ID unverified
train,IMG_54210.jpg,sg-0662,gc-0646,source_group_only,none,N/A,One evidence-based source group; physical acquisition ID unverified
train,IMG_54220.jpg,sg-0663,gc-0647,source_group_only,none,N/A,One evidence-based source group; physical acquisition ID unverified
train,IMG_54230.jpg,sg-0664,gc-0648,source_group_only,none,N/A,One evidence-based source group; physical acquisition ID unverified
train,IMG_54240.jpg,sg-0665,gc-0649,source_group_only,none,N/A,One evidence-based source group; physical acquisition ID unverified
train,IMG_5425.jpg,sg-0666,gc-0650,source_group_only,none,N/A,One evidence-based source group; physical acquisition ID unverified
train,IMG_54260.jpg,sg-0667,gc-0651,source_group_only,none,N/A,One evidence-based source group; physical acquisition ID unverified
train,IMG_54270.jpg,sg-0668,gc-0652,source_group_only,none,N/A,One evidence-based source group; physical acquisition ID unverified
train,IMG_5431.jpg,sg-0669,gc-0653,source_group_only,none,N/A,One evidence-based source group; physical acquisition ID unverified
train,IMG_54320.jpg,sg-0670,gc-0654,source_group_only,none,N/A,One evidence-based source group; physical acquisition ID unverified
train,IMG_54330.jpg,sg-0671,gc-0655,source_group_only,none,N/A,One evidence-based source group; physical acquisition ID unverified
train,IMG_54340.jpg,sg-0672,gc-0656,source_group_only,none,N/A,One evidence-based source group; physical acquisition ID unverified
train,IMG_54360.jpg,sg-0673,gc-0657,source_group_only,none,N/A,One evidence-based source group; physical acquisition ID unverified
train,IMG_54370_brightness.jpg,sg-0149,gc-0148,source_group_only,none,N/A,One evidence-based source group; physical acquisition ID unverified
train,IMG_54370_noise.jpg,sg-0149,gc-0148,source_group_only,none,N/A,One evidence-based source group; physical acquisition ID unverified
train,IMG_54380.jpg,sg-0674,gc-0658,source_group_only,none,N/A,One evidence-based source group; physical acquisition ID unverified
train,IMG_5439.jpg,sg-0675,gc-0659,source_group_only,none,N/A,One evidence-based source group; physical acquisition ID unverified
train,IMG_54400.jpg,sg-0676,gc-0660,source_group_only,none,N/A,One evidence-based source group; physical acquisition ID unverified
train,IMG_5443.jpg,sg-0677,gc-0661,source_group_only,none,N/A,One evidence-based source group; physical acquisition ID unverified
train,IMG_54450_brightness.jpg,sg-0152,gc-0151,source_group_only,none,N/A,One evidence-based source group; physical acquisition ID unverified
train,IMG_54450_noise.jpg,sg-0152,gc-0151,source_group_only,none,N/A,One evidence-based source group; physical acquisition ID unverified
train,IMG_54460.jpg,sg-0678,gc-0662,source_group_only,none,N/A,One evidence-based source group; physical acquisition ID unverified
train,IMG_54480.jpg,sg-0679,gc-0663,source_group_only,none,N/A,One evidence-based source group; physical acquisition ID unverified
train,IMG_5449.jpg,sg-0680,gc-0664,source_group_only,none,N/A,One evidence-based source group; physical acquisition ID unverified
train,IMG_5451.jpg,sg-0681,gc-0665,source_group_only,none,N/A,One evidence-based source group; physical acquisition ID unverified
train,IMG_5452.jpg,sg-0682,gc-0666,source_group_only,none,N/A,One evidence-based source group; physical acquisition ID unverified
train,IMG_54530.jpg,sg-0683,gc-0667,source_group_only,none,N/A,One evidence-based source group; physical acquisition ID unverified
train,IMG_54570.jpg,sg-0684,gc-0668,source_group_only,none,N/A,One evidence-based source group; physical acquisition ID unverified
train,IMG_54580.jpg,sg-0685,gc-0669,source_group_only,none,N/A,One evidence-based source group; physical acquisition ID unverified
train,IMG_54590.jpg,sg-0686,gc-0670,source_group_only,none,N/A,One evidence-based source group; physical acquisition ID unverified
train,IMG_54600.jpg,sg-0687,gc-0671,source_group_only,none,N/A,One evidence-based source group; physical acquisition ID unverified
train,IMG_54610.jpg,sg-0688,gc-0672,source_group_only,none,N/A,One evidence-based source group; physical acquisition ID unverified
train,IMG_54620.jpg,sg-0689,gc-0673,source_group_only,none,N/A,One evidence-based source group; physical acquisition ID unverified
train,IMG_54630.jpg,sg-0690,gc-0674,source_group_only,none,N/A,One evidence-based source group; physical acquisition ID unverified
train,IMG_5464.jpg,sg-0691,gc-0675,source_group_only,none,N/A,One evidence-based source group; physical acquisition ID unverified
train,IMG_54650.jpg,sg-0692,gc-0676,source_group_only,none,N/A,One evidence-based source group; physical acquisition ID unverified
train,IMG_5471.jpg,sg-0693,gc-0677,source_group_only,none,N/A,One evidence-based source group; physical acquisition ID unverified
train,IMG_5473.jpg,sg-0694,gc-0678,source_group_only,none,N/A,One evidence-based source group; physical acquisition ID unverified
train,IMG_54740.jpg,sg-0695,gc-0679,source_group_only,none,N/A,One evidence-based source group; physical acquisition ID unverified
train,IMG_5475.jpg,sg-0696,gc-0680,source_group_only,none,N/A,One evidence-based source group; physical acquisition ID unverified
train,IMG_54760.jpg,sg-0697,gc-0681,source_group_only,none,N/A,One evidence-based source group; physical acquisition ID unverified
train,IMG_54770.jpg,sg-0698,gc-0682,source_group_only,none,N/A,One evidence-based source group; physical acquisition ID unverified
train,IMG_54780.jpg,sg-0699,gc-0683,source_group_only,none,N/A,One evidence-based source group; physical acquisition ID unverified
train,IMG_54790.jpg,sg-0700,gc-0684,source_group_only,none,N/A,One evidence-based source group; physical acquisition ID unverified
train,IMG_54810.jpg,sg-0701,gc-0685,source_group_only,none,N/A,One evidence-based source group; physical acquisition ID unverified
train,IMG_5482.jpg,sg-0702,gc-0686,source_group_only,none,N/A,One evidence-based source group; physical acquisition ID unverified
train,IMG_5483.jpg,sg-0703,gc-0687,source_group_only,none,N/A,One evidence-based source group; physical acquisition ID unverified
train,IMG_54840.jpg,sg-0704,gc-0688,source_group_only,none,N/A,One evidence-based source group; physical acquisition ID unverified
train,IMG_5485.jpg,sg-0705,gc-0689,source_group_only,none,N/A,One evidence-based source group; physical acquisition ID unverified
train,IMG_54860.jpg,sg-0706,gc-0690,source_group_only,none,N/A,One evidence-based source group; physical acquisition ID unverified
train,IMG_54870.jpg,sg-0707,gc-0691,source_group_only,none,N/A,One evidence-based source group; physical acquisition ID unverified
train,IMG_54870_brightness.jpg,sg-0707,gc-0691,source_group_only,none,N/A,One evidence-based source group; physical acquisition ID unverified
train,IMG_54880.jpg,sg-0708,gc-0692,source_group_only,none,N/A,One evidence-based source group; physical acquisition ID unverified
train,IMG_54890.jpg,sg-0709,gc-0693,source_group_only,none,N/A,One evidence-based source group; physical acquisition ID unverified
train,IMG_54900.jpg,sg-0710,gc-0694,source_group_only,none,N/A,One evidence-based source group; physical acquisition ID unverified
train,IMG_54930.jpg,sg-0711,gc-0695,source_group_only,none,N/A,One evidence-based source group; physical acquisition ID unverified
train,IMG_54950.jpg,sg-0712,gc-0696,source_group_only,none,N/A,One evidence-based source group; physical acquisition ID unverified
train,IMG_54980.jpg,sg-0713,gc-0697,source_group_only,none,N/A,One evidence-based source group; physical acquisition ID unverified
train,IMG_54990.jpg,sg-0714,gc-0698,source_group_only,none,N/A,One evidence-based source group; physical acquisition ID unverified
train,IMG_55000.jpg,sg-0715,gc-0699,source_group_only,none,N/A,One evidence-based source group; physical acquisition ID unverified
train,IMG_55010.jpg,sg-0716,gc-0700,source_group_only,none,N/A,One evidence-based source group; physical acquisition ID unverified
train,IMG_55020.jpg,sg-0717,gc-0701,source_group_only,none,N/A,One evidence-based source group; physical acquisition ID unverified
train,IMG_55030.jpg,sg-0718,gc-0702,source_group_only,none,N/A,One evidence-based source group; physical acquisition ID unverified
train,IMG_5504.jpg,sg-0719,gc-0703,source_group_only,none,N/A,One evidence-based source group; physical acquisition ID unverified
train,IMG_55050.jpg,sg-0720,gc-0704,source_group_only,none,N/A,One evidence-based source group; physical acquisition ID unverified
train,IMG_55070.jpg,sg-0721,gc-0705,source_group_only,none,N/A,One evidence-based source group; physical acquisition ID unverified
train,IMG_55080.jpg,sg-0722,gc-0706,source_group_only,none,N/A,One evidence-based source group; physical acquisition ID unverified
train,IMG_55090.jpg,sg-0723,gc-0707,source_group_only,none,N/A,One evidence-based source group; physical acquisition ID unverified
train,IMG_55100.jpg,sg-0724,gc-0708,source_group_only,none,N/A,One evidence-based source group; physical acquisition ID unverified
train,IMG_55110.jpg,sg-0725,gc-0709,source_group_only,none,N/A,One evidence-based source group; physical acquisition ID unverified
train,IMG_55130.jpg,sg-0726,gc-0710,source_group_only,none,N/A,One evidence-based source group; physical acquisition ID unverified
train,IMG_55150.jpg,sg-0727,gc-0711,source_group_only,none,N/A,One evidence-based source group; physical acquisition ID unverified
train,IMG_5516.jpg,sg-0728,gc-0712,source_group_only,none,N/A,One evidence-based source group; physical acquisition ID unverified
train,IMG_55170.jpg,sg-0729,gc-0713,source_group_only,none,N/A,One evidence-based source group; physical acquisition ID unverified
train,IMG_55180.jpg,sg-0730,gc-0714,source_group_only,none,N/A,One evidence-based source group; physical acquisition ID unverified
train,IMG_55190.jpg,sg-0731,gc-0715,source_group_only,none,N/A,One evidence-based source group; physical acquisition ID unverified
train,IMG_55200.jpg,sg-0732,gc-0716,source_group_only,none,N/A,One evidence-based source group; physical acquisition ID unverified
train,IMG_55220.jpg,sg-0733,gc-0717,source_group_only,none,N/A,One evidence-based source group; physical acquisition ID unverified
train,IMG_55240.jpg,sg-0734,gc-0718,source_group_only,none,N/A,One evidence-based source group; physical acquisition ID unverified
train,IMG_55250.jpg,sg-0735,gc-0719,source_group_only,none,N/A,One evidence-based source group; physical acquisition ID unverified
train,IMG_55280.jpg,sg-0736,gc-0720,source_group_only,none,N/A,One evidence-based source group; physical acquisition ID unverified
train,IMG_55290.jpg,sg-0737,gc-0721,source_group_only,none,N/A,One evidence-based source group; physical acquisition ID unverified
train,IMG_55290_noise.jpg,sg-0737,gc-0721,source_group_only,none,N/A,One evidence-based source group; physical acquisition ID unverified
train,IMG_55300.jpg,sg-0738,gc-0722,source_group_only,none,N/A,One evidence-based source group; physical acquisition ID unverified
train,IMG_55310.jpg,sg-0739,gc-0723,source_group_only,none,N/A,One evidence-based source group; physical acquisition ID unverified
train,IMG_55350.jpg,sg-0740,gc-0724,source_group_only,none,N/A,One evidence-based source group; physical acquisition ID unverified
train,IMG_55360.jpg,sg-0741,gc-0725,source_group_only,none,N/A,One evidence-based source group; physical acquisition ID unverified
train,IMG_55370.jpg,sg-0742,gc-0726,source_group_only,none,N/A,One evidence-based source group; physical acquisition ID unverified
train,IMG_55380.jpg,sg-0743,gc-0727,source_group_only,none,N/A,One evidence-based source group; physical acquisition ID unverified
train,IMG_55390.jpg,sg-0744,gc-0728,source_group_only,none,N/A,One evidence-based source group; physical acquisition ID unverified
train,IMG_55400.jpg,sg-0745,gc-0729,source_group_only,none,N/A,One evidence-based source group; physical acquisition ID unverified
train,IMG_5541.jpg,sg-0746,gc-0730,source_group_only,none,N/A,One evidence-based source group; physical acquisition ID unverified
train,IMG_5542.jpg,sg-0747,gc-0731,source_group_only,none,N/A,One evidence-based source group; physical acquisition ID unverified
train,IMG_5543.jpg,sg-0748,gc-0732,source_group_only,none,N/A,One evidence-based source group; physical acquisition ID unverified
train,IMG_5544.jpg,sg-0749,gc-0733,source_group_only,none,N/A,One evidence-based source group; physical acquisition ID unverified
train,IMG_55450.jpg,sg-0750,gc-0734,source_group_only,none,N/A,One evidence-based source group; physical acquisition ID unverified
train,IMG_55470.jpg,sg-0751,gc-0735,source_group_only,none,N/A,One evidence-based source group; physical acquisition ID unverified
train,IMG_55480.jpg,sg-0752,gc-0736,source_group_only,none,N/A,One evidence-based source group; physical acquisition ID unverified
train,IMG_55490.jpg,sg-0753,gc-0737,source_group_only,none,N/A,One evidence-based source group; physical acquisition ID unverified
train,IMG_55510.jpg,sg-0754,gc-0738,source_group_only,none,N/A,One evidence-based source group; physical acquisition ID unverified
train,IMG_55520.jpg,sg-0755,gc-0739,source_group_only,none,N/A,One evidence-based source group; physical acquisition ID unverified
train,IMG_55530.jpg,sg-0756,gc-0740,source_group_only,none,N/A,One evidence-based source group; physical acquisition ID unverified
train,IMG_55560.jpg,sg-0757,gc-0741,source_group_only,none,N/A,One evidence-based source group; physical acquisition ID unverified
train,IMG_55570.jpg,sg-0758,gc-0742,source_group_only,none,N/A,One evidence-based source group; physical acquisition ID unverified
train,IMG_55580.jpg,sg-0759,gc-0743,source_group_only,none,N/A,One evidence-based source group; physical acquisition ID unverified
train,IMG_55590.jpg,sg-0760,gc-0744,source_group_only,none,N/A,One evidence-based source group; physical acquisition ID unverified
train,IMG_55610.jpg,sg-0761,gc-0745,source_group_only,none,N/A,One evidence-based source group; physical acquisition ID unverified
train,IMG_55620.jpg,sg-0762,gc-0746,source_group_only,none,N/A,One evidence-based source group; physical acquisition ID unverified
train,IMG_5564.jpg,sg-0763,gc-0747,source_group_only,none,N/A,One evidence-based source group; physical acquisition ID unverified
train,IMG_55650.jpg,sg-0764,gc-0748,source_group_only,none,N/A,One evidence-based source group; physical acquisition ID unverified
train,IMG_55660.jpg,sg-0765,gc-0749,source_group_only,none,N/A,One evidence-based source group; physical acquisition ID unverified
train,IMG_55670.jpg,sg-0766,gc-0750,source_group_only,none,N/A,One evidence-based source group; physical acquisition ID unverified
train,IMG_55680.jpg,sg-0767,gc-0751,source_group_only,none,N/A,One evidence-based source group; physical acquisition ID unverified
train,IMG_55690.jpg,sg-0768,gc-0752,source_group_only,none,N/A,One evidence-based source group; physical acquisition ID unverified
train,IMG_55700.jpg,sg-0769,gc-0753,source_group_only,none,N/A,One evidence-based source group; physical acquisition ID unverified
train,IMG_55710.jpg,sg-0770,gc-0754,source_group_only,none,N/A,One evidence-based source group; physical acquisition ID unverified
train,IMG_55720.jpg,sg-0771,gc-0755,source_group_only,none,N/A,One evidence-based source group; physical acquisition ID unverified
train,IMG_55740.jpg,sg-0772,gc-0756,source_group_only,none,N/A,One evidence-based source group; physical acquisition ID unverified
train,IMG_55750.jpg,sg-0773,gc-0757,source_group_only,none,N/A,One evidence-based source group; physical acquisition ID unverified
train,IMG_55760.jpg,sg-0774,gc-0758,source_group_only,none,N/A,One evidence-based source group; physical acquisition ID unverified
train,IMG_55770.jpg,sg-0775,gc-0759,source_group_only,none,N/A,One evidence-based source group; physical acquisition ID unverified
train,IMG_55780.jpg,sg-0776,gc-0760,source_group_only,none,N/A,One evidence-based source group; physical acquisition ID unverified
train,IMG_55790.jpg,sg-0777,gc-0761,source_group_only,none,N/A,One evidence-based source group; physical acquisition ID unverified
train,IMG_55810.jpg,sg-0778,gc-0762,source_group_only,none,N/A,One evidence-based source group; physical acquisition ID unverified
train,IMG_55820.jpg,sg-0779,gc-0763,source_group_only,none,N/A,One evidence-based source group; physical acquisition ID unverified
train,IMG_55830.jpg,sg-0780,gc-0764,source_group_only,none,N/A,One evidence-based source group; physical acquisition ID unverified
train,IMG_55840.jpg,sg-0781,gc-0765,source_group_only,none,N/A,One evidence-based source group; physical acquisition ID unverified
train,IMG_55850.jpg,sg-0782,gc-0766,source_group_only,none,N/A,One evidence-based source group; physical acquisition ID unverified
train,IMG_5586.jpg,sg-0783,gc-0767,source_group_only,none,N/A,One evidence-based source group; physical acquisition ID unverified
train,IMG_55900.jpg,sg-0784,gc-0768,source_group_only,none,N/A,One evidence-based source group; physical acquisition ID unverified
train,IMG_55900_brightness.jpg,sg-0784,gc-0768,source_group_only,none,N/A,One evidence-based source group; physical acquisition ID unverified
train,IMG_55900_noise.jpg,sg-0784,gc-0768,source_group_only,none,N/A,One evidence-based source group; physical acquisition ID unverified
train,IMG_55910_brightness.jpg,sg-0163,gc-0162,source_group_only,none,N/A,One evidence-based source group; physical acquisition ID unverified
train,IMG_55910_noise.jpg,sg-0163,gc-0162,source_group_only,none,N/A,One evidence-based source group; physical acquisition ID unverified
train,IMG_55920.jpg,sg-0785,gc-0769,source_group_only,none,N/A,One evidence-based source group; physical acquisition ID unverified
train,IMG_55920_brightness.jpg,sg-0785,gc-0769,source_group_only,none,N/A,One evidence-based source group; physical acquisition ID unverified
train,IMG_55920_noise.jpg,sg-0785,gc-0769,source_group_only,none,N/A,One evidence-based source group; physical acquisition ID unverified
train,IMG_55930.jpg,sg-0786,gc-0770,source_group_only,none,N/A,One evidence-based source group; physical acquisition ID unverified
train,IMG_55930_brightness.jpg,sg-0786,gc-0770,source_group_only,none,N/A,One evidence-based source group; physical acquisition ID unverified
train,IMG_55940.jpg,sg-0787,gc-0771,source_group_only,none,N/A,One evidence-based source group; physical acquisition ID unverified
train,IMG_55950.jpg,sg-0788,gc-0772,source_group_only,none,N/A,One evidence-based source group; physical acquisition ID unverified
train,IMG_55960.jpg,sg-0789,gc-0773,source_group_only,none,N/A,One evidence-based source group; physical acquisition ID unverified
train,IMG_55970.jpg,sg-0790,gc-0774,source_group_only,none,N/A,One evidence-based source group; physical acquisition ID unverified
train,IMG_55970_brightness.jpg,sg-0790,gc-0774,source_group_only,none,N/A,One evidence-based source group; physical acquisition ID unverified
train,IMG_55990.jpg,sg-0791,gc-0775,source_group_only,none,N/A,One evidence-based source group; physical acquisition ID unverified
train,IMG_56000.jpg,sg-0792,gc-0776,source_group_only,none,N/A,One evidence-based source group; physical acquisition ID unverified
train,IMG_56010.jpg,sg-0793,gc-0777,source_group_only,none,N/A,One evidence-based source group; physical acquisition ID unverified
train,IMG_56020.jpg,sg-0794,gc-0778,source_group_only,none,N/A,One evidence-based source group; physical acquisition ID unverified
train,IMG_56020_brightness.jpg,sg-0794,gc-0778,source_group_only,none,N/A,One evidence-based source group; physical acquisition ID unverified
train,IMG_5603.jpg,sg-0795,gc-0779,source_group_only,none,N/A,One evidence-based source group; physical acquisition ID unverified
train,IMG_56040.jpg,sg-0796,gc-0780,source_group_only,none,N/A,One evidence-based source group; physical acquisition ID unverified
train,IMG_5607.jpg,sg-0797,gc-0781,source_group_only,none,N/A,One evidence-based source group; physical acquisition ID unverified
train,IMG_56080.jpg,sg-0798,gc-0782,source_group_only,none,N/A,One evidence-based source group; physical acquisition ID unverified
train,IMG_56090.jpg,sg-0799,gc-0783,source_group_only,none,N/A,One evidence-based source group; physical acquisition ID unverified
train,IMG_56120.jpg,sg-0800,gc-0784,source_group_only,none,N/A,One evidence-based source group; physical acquisition ID unverified
train,IMG_5615.jpg,sg-0801,gc-0785,source_group_only,none,N/A,One evidence-based source group; physical acquisition ID unverified
train,IMG_56160.jpg,sg-0802,gc-0786,source_group_only,none,N/A,One evidence-based source group; physical acquisition ID unverified
train,IMG_56170.jpg,sg-0803,gc-0787,source_group_only,none,N/A,One evidence-based source group; physical acquisition ID unverified
train,IMG_56180.jpg,sg-0804,gc-0788,source_group_only,none,N/A,One evidence-based source group; physical acquisition ID unverified
train,IMG_56190.jpg,sg-0805,gc-0789,source_group_only,none,N/A,One evidence-based source group; physical acquisition ID unverified
train,IMG_56210.jpg,sg-0806,gc-0790,source_group_only,none,N/A,One evidence-based source group; physical acquisition ID unverified
train,IMG_56230.jpg,sg-0807,gc-0791,source_group_only,none,N/A,One evidence-based source group; physical acquisition ID unverified
train,IMG_56240.jpg,sg-0808,gc-0792,source_group_only,none,N/A,One evidence-based source group; physical acquisition ID unverified
train,IMG_5625.jpg,sg-0809,gc-0793,source_group_only,none,N/A,One evidence-based source group; physical acquisition ID unverified
train,IMG_56260.jpg,sg-0810,gc-0794,source_group_only,none,N/A,One evidence-based source group; physical acquisition ID unverified
train,IMG_5627.jpg,sg-0811,gc-0795,source_group_only,none,N/A,One evidence-based source group; physical acquisition ID unverified
train,IMG_56280.jpg,sg-0812,gc-0796,source_group_only,none,N/A,One evidence-based source group; physical acquisition ID unverified
train,IMG_56290.jpg,sg-0813,gc-0797,source_group_only,none,N/A,One evidence-based source group; physical acquisition ID unverified
train,IMG_56320.jpg,sg-0814,gc-0798,source_group_only,none,N/A,One evidence-based source group; physical acquisition ID unverified
train,IMG_5633.jpg,sg-0815,gc-0799,source_group_only,none,N/A,One evidence-based source group; physical acquisition ID unverified
train,IMG_56340.jpg,sg-0816,gc-0800,source_group_only,none,N/A,One evidence-based source group; physical acquisition ID unverified
train,IMG_56350.jpg,sg-0817,gc-0801,source_group_only,none,N/A,One evidence-based source group; physical acquisition ID unverified
train,IMG_56360.jpg,sg-0818,gc-0802,source_group_only,none,N/A,One evidence-based source group; physical acquisition ID unverified
train,IMG_56360_brightness.jpg,sg-0818,gc-0802,source_group_only,none,N/A,One evidence-based source group; physical acquisition ID unverified
train,IMG_56370.jpg,sg-0819,gc-0803,source_group_only,none,N/A,One evidence-based source group; physical acquisition ID unverified
train,IMG_56380.jpg,sg-0820,gc-0804,source_group_only,none,N/A,One evidence-based source group; physical acquisition ID unverified
train,IMG_56390.jpg,sg-0821,gc-0805,source_group_only,none,N/A,One evidence-based source group; physical acquisition ID unverified
train,IMG_56410.jpg,sg-0822,gc-0806,source_group_only,none,N/A,One evidence-based source group; physical acquisition ID unverified
train,IMG_5642.jpg,sg-0823,gc-0807,source_group_only,none,N/A,One evidence-based source group; physical acquisition ID unverified
train,IMG_56430.jpg,sg-0824,gc-0808,source_group_only,none,N/A,One evidence-based source group; physical acquisition ID unverified
train,IMG_6760.jpg,sg-0825,gc-0809,source_group_only,none,N/A,One evidence-based source group; physical acquisition ID unverified
train,IMG_6761.jpg,sg-0826,gc-0810,source_group_only,none,N/A,One evidence-based source group; physical acquisition ID unverified
train,IMG_6762.jpg,sg-0827,gc-0811,source_group_only,none,N/A,One evidence-based source group; physical acquisition ID unverified
train,IMG_6763.jpg,sg-0828,gc-0812,source_group_only,none,N/A,One evidence-based source group; physical acquisition ID unverified
train,IMG_6764.jpg,sg-0829,gc-0813,source_group_only,none,N/A,One evidence-based source group; physical acquisition ID unverified
train,IMG_6765.jpg,sg-0830,gc-0814,source_group_only,none,N/A,One evidence-based source group; physical acquisition ID unverified
train,IMG_6770.jpg,sg-0831,gc-0815,source_group_only,none,N/A,One evidence-based source group; physical acquisition ID unverified
train,IMG_6773.jpg,sg-0832,gc-0816,source_group_only,none,N/A,One evidence-based source group; physical acquisition ID unverified
train,IMG_6775.jpg,sg-0833,gc-0817,source_group_only,none,N/A,One evidence-based source group; physical acquisition ID unverified
train,IMG_6776.jpg,sg-0834,gc-0818,source_group_only,none,N/A,One evidence-based source group; physical acquisition ID unverified
train,IMG_6777.jpg,sg-0835,gc-0819,source_group_only,none,N/A,One evidence-based source group; physical acquisition ID unverified
train,IMG_6783.jpg,sg-0836,gc-0820,source_group_only,none,N/A,One evidence-based source group; physical acquisition ID unverified
train,IMG_6785.jpg,sg-0837,gc-0821,source_group_only,none,N/A,One evidence-based source group; physical acquisition ID unverified
train,IMG_6786.jpg,sg-0838,gc-0822,source_group_only,none,N/A,One evidence-based source group; physical acquisition ID unverified
train,IMG_6788.jpg,sg-0839,gc-0823,source_group_only,none,N/A,One evidence-based source group; physical acquisition ID unverified
train,IMG_6789.jpg,sg-0840,gc-0824,source_group_only,none,N/A,One evidence-based source group; physical acquisition ID unverified
train,IMG_6790.jpg,sg-0841,gc-0825,source_group_only,none,N/A,One evidence-based source group; physical acquisition ID unverified
train,IMG_6791.jpg,sg-0842,gc-0826,source_group_only,none,N/A,One evidence-based source group; physical acquisition ID unverified
train,IMG_6792.jpg,sg-0843,gc-0827,source_group_only,none,N/A,One evidence-based source group; physical acquisition ID unverified
train,IMG_6793.jpg,sg-0844,gc-0828,source_group_only,none,N/A,One evidence-based source group; physical acquisition ID unverified
train,IMG_6794.jpg,sg-0845,gc-0829,source_group_only,none,N/A,One evidence-based source group; physical acquisition ID unverified
train,IMG_6795.jpg,sg-0846,gc-0830,source_group_only,none,N/A,One evidence-based source group; physical acquisition ID unverified
train,IMG_6796.jpg,sg-0847,gc-0831,source_group_only,none,N/A,One evidence-based source group; physical acquisition ID unverified
train,IMG_6797.jpg,sg-0848,gc-0832,source_group_only,none,N/A,One evidence-based source group; physical acquisition ID unverified
train,IMG_6798.jpg,sg-0849,gc-0833,source_group_only,none,N/A,One evidence-based source group; physical acquisition ID unverified
train,IMG_6802.jpg,sg-0850,gc-0834,source_group_only,none,N/A,One evidence-based source group; physical acquisition ID unverified
train,IMG_6805.jpg,sg-0851,gc-0835,source_group_only,none,N/A,One evidence-based source group; physical acquisition ID unverified
train,IMG_6808.jpg,sg-0852,gc-0836,source_group_only,none,N/A,One evidence-based source group; physical acquisition ID unverified
train,IMG_6810.jpg,sg-0853,gc-0837,source_group_only,none,N/A,One evidence-based source group; physical acquisition ID unverified
train,IMG_6811.jpg,sg-0854,gc-0838,source_group_only,none,N/A,One evidence-based source group; physical acquisition ID unverified
train,IMG_6813.jpg,sg-0855,gc-0839,source_group_only,none,N/A,One evidence-based source group; physical acquisition ID unverified
train,IMG_6814.jpg,sg-0856,gc-0840,source_group_only,none,N/A,One evidence-based source group; physical acquisition ID unverified
train,IMG_6817.jpg,sg-0857,gc-0841,source_group_only,none,N/A,One evidence-based source group; physical acquisition ID unverified
train,IMG_6818.jpg,sg-0858,gc-0842,source_group_only,none,N/A,One evidence-based source group; physical acquisition ID unverified
train,IMG_6820.jpg,sg-0859,gc-0843,source_group_only,none,N/A,One evidence-based source group; physical acquisition ID unverified
train,IMG_6822.jpg,sg-0860,gc-0844,source_group_only,none,N/A,One evidence-based source group; physical acquisition ID unverified
train,IMG_6823.jpg,sg-0861,gc-0845,source_group_only,none,N/A,One evidence-based source group; physical acquisition ID unverified
train,IMG_6824.jpg,sg-0862,gc-0846,source_group_only,none,N/A,One evidence-based source group; physical acquisition ID unverified
train,IMG_6825.jpg,sg-0863,gc-0847,source_group_only,none,N/A,One evidence-based source group; physical acquisition ID unverified
train,IMG_6828.jpg,sg-0864,gc-0848,source_group_only,none,N/A,One evidence-based source group; physical acquisition ID unverified
train,IMG_6830.jpg,sg-0865,gc-0849,source_group_only,none,N/A,One evidence-based source group; physical acquisition ID unverified
train,IMG_6831.jpg,sg-0866,gc-0850,source_group_only,none,N/A,One evidence-based source group; physical acquisition ID unverified
train,IMG_6832.jpg,sg-0867,gc-0851,source_group_only,none,N/A,One evidence-based source group; physical acquisition ID unverified
train,IMG_6834.jpg,sg-0868,gc-0852,source_group_only,none,N/A,One evidence-based source group; physical acquisition ID unverified
train,IMG_6835.jpg,sg-0869,gc-0853,source_group_only,none,N/A,One evidence-based source group; physical acquisition ID unverified
train,IMG_6836.jpg,sg-0870,gc-0854,source_group_only,none,N/A,One evidence-based source group; physical acquisition ID unverified
train,IMG_6837.jpg,sg-0871,gc-0855,source_group_only,none,N/A,One evidence-based source group; physical acquisition ID unverified
train,IMG_6838.jpg,sg-0872,gc-0856,source_group_only,none,N/A,One evidence-based source group; physical acquisition ID unverified
train,IMG_6840.jpg,sg-0873,gc-0857,source_group_only,none,N/A,One evidence-based source group; physical acquisition ID unverified
train,IMG_6842.jpg,sg-0874,gc-0858,source_group_only,none,N/A,One evidence-based source group; physical acquisition ID unverified
train,IMG_6843.jpg,sg-0875,gc-0859,source_group_only,none,N/A,One evidence-based source group; physical acquisition ID unverified
train,IMG_6845.jpg,sg-0876,gc-0860,source_group_only,none,N/A,One evidence-based source group; physical acquisition ID unverified
train,IMG_6846.jpg,sg-0877,gc-0861,source_group_only,none,N/A,One evidence-based source group; physical acquisition ID unverified
train,IMG_6847.jpg,sg-0878,gc-0862,source_group_only,none,N/A,One evidence-based source group; physical acquisition ID unverified
train,IMG_6848.jpg,sg-0879,gc-0863,source_group_only,none,N/A,One evidence-based source group; physical acquisition ID unverified
train,IMG_6849.jpg,sg-0880,gc-0864,source_group_only,none,N/A,One evidence-based source group; physical acquisition ID unverified
train,IMG_6850.jpg,sg-0881,gc-0865,source_group_only,none,N/A,One evidence-based source group; physical acquisition ID unverified
train,IMG_6851.jpg,sg-0882,gc-0866,source_group_only,none,N/A,One evidence-based source group; physical acquisition ID unverified
train,IMG_6854.jpg,sg-0883,gc-0867,source_group_only,none,N/A,One evidence-based source group; physical acquisition ID unverified
train,IMG_6856.jpg,sg-0884,gc-0868,source_group_only,none,N/A,One evidence-based source group; physical acquisition ID unverified
train,IMG_6858.jpg,sg-0885,gc-0869,source_group_only,none,N/A,One evidence-based source group; physical acquisition ID unverified
train,IMG_6860.jpg,sg-0886,gc-0870,source_group_only,none,N/A,One evidence-based source group; physical acquisition ID unverified
train,IMG_6862.jpg,sg-0887,gc-0871,source_group_only,none,N/A,One evidence-based source group; physical acquisition ID unverified
train,IMG_6863.jpg,sg-0888,gc-0872,source_group_only,none,N/A,One evidence-based source group; physical acquisition ID unverified
train,IMG_6864.jpg,sg-0889,gc-0873,source_group_only,none,N/A,One evidence-based source group; physical acquisition ID unverified
train,IMG_6865.jpg,sg-0890,gc-0874,source_group_only,none,N/A,One evidence-based source group; physical acquisition ID unverified
train,IMG_6866.jpg,sg-0891,gc-0875,source_group_only,none,N/A,One evidence-based source group; physical acquisition ID unverified
train,IMG_6867.jpg,sg-0892,gc-0876,source_group_only,none,N/A,One evidence-based source group; physical acquisition ID unverified
train,IMG_6870.jpg,sg-0893,gc-0877,source_group_only,none,N/A,One evidence-based source group; physical acquisition ID unverified
train,IMG_6871.jpg,sg-0894,gc-0878,source_group_only,none,N/A,One evidence-based source group; physical acquisition ID unverified
train,IMG_6872.jpg,sg-0895,gc-0879,source_group_only,none,N/A,One evidence-based source group; physical acquisition ID unverified
train,IMG_6874.jpg,sg-0896,gc-0880,source_group_only,none,N/A,One evidence-based source group; physical acquisition ID unverified
train,IMG_6875.jpg,sg-0897,gc-0881,source_group_only,none,N/A,One evidence-based source group; physical acquisition ID unverified
train,IMG_6876.jpg,sg-0898,gc-0882,source_group_only,none,N/A,One evidence-based source group; physical acquisition ID unverified
train,IMG_6877.jpg,sg-0899,gc-0883,source_group_only,none,N/A,One evidence-based source group; physical acquisition ID unverified
train,IMG_6878.jpg,sg-0900,gc-0884,source_group_only,none,N/A,One evidence-based source group; physical acquisition ID unverified
train,IMG_6880.jpg,sg-0901,gc-0885,source_group_only,none,N/A,One evidence-based source group; physical acquisition ID unverified
train,IMG_6881.jpg,sg-0902,gc-0886,source_group_only,none,N/A,One evidence-based source group; physical acquisition ID unverified
train,IMG_6884.jpg,sg-0903,gc-0887,source_group_only,none,N/A,One evidence-based source group; physical acquisition ID unverified
train,IMG_6886.jpg,sg-0904,gc-0888,source_group_only,none,N/A,One evidence-based source group; physical acquisition ID unverified
train,IMG_6887.jpg,sg-0905,gc-0889,source_group_only,none,N/A,One evidence-based source group; physical acquisition ID unverified
train,IMG_6888.jpg,sg-0906,gc-0890,source_group_only,none,N/A,One evidence-based source group; physical acquisition ID unverified
train,IMG_6889.jpg,sg-0907,gc-0891,source_group_only,none,N/A,One evidence-based source group; physical acquisition ID unverified
train,IMG_6890.jpg,sg-0908,gc-0892,source_group_only,none,N/A,One evidence-based source group; physical acquisition ID unverified
train,IMG_6891.jpg,sg-0909,gc-0893,source_group_only,none,N/A,One evidence-based source group; physical acquisition ID unverified
train,IMG_6892.jpg,sg-0910,gc-0894,source_group_only,none,N/A,One evidence-based source group; physical acquisition ID unverified
train,IMG_6893.jpg,sg-0911,gc-0895,source_group_only,none,N/A,One evidence-based source group; physical acquisition ID unverified
train,IMG_6894.jpg,sg-0912,gc-0896,source_group_only,none,N/A,One evidence-based source group; physical acquisition ID unverified
train,IMG_6896.jpg,sg-0913,gc-0897,source_group_only,none,N/A,One evidence-based source group; physical acquisition ID unverified
train,IMG_6898.jpg,sg-0914,gc-0898,source_group_only,none,N/A,One evidence-based source group; physical acquisition ID unverified
train,IMG_6899.jpg,sg-0915,gc-0899,source_group_only,none,N/A,One evidence-based source group; physical acquisition ID unverified
train,IMG_6900.jpg,sg-0916,gc-0900,source_group_only,none,N/A,One evidence-based source group; physical acquisition ID unverified
train,IMG_6901.jpg,sg-0917,gc-0901,source_group_only,none,N/A,One evidence-based source group; physical acquisition ID unverified
train,IMG_6902.jpg,sg-0918,gc-0902,source_group_only,none,N/A,One evidence-based source group; physical acquisition ID unverified
train,IMG_6903.jpg,sg-0919,gc-0903,source_group_only,none,N/A,One evidence-based source group; physical acquisition ID unverified
train,IMG_6904.jpg,sg-0920,gc-0904,source_group_only,none,N/A,One evidence-based source group; physical acquisition ID unverified
train,IMG_6905.jpg,sg-0921,gc-0905,source_group_only,none,N/A,One evidence-based source group; physical acquisition ID unverified
train,IMG_6906.jpg,sg-0922,gc-0906,source_group_only,none,N/A,One evidence-based source group; physical acquisition ID unverified
train,IMG_6907.jpg,sg-0923,gc-0907,source_group_only,none,N/A,One evidence-based source group; physical acquisition ID unverified
train,IMG_6908.jpg,sg-0924,gc-0908,source_group_only,none,N/A,One evidence-based source group; physical acquisition ID unverified
train,IMG_6909.jpg,sg-0925,gc-0909,source_group_only,none,N/A,One evidence-based source group; physical acquisition ID unverified
train,IMG_6910.jpg,sg-0926,gc-0910,source_group_only,none,N/A,One evidence-based source group; physical acquisition ID unverified
train,IMG_6911.jpg,sg-0927,gc-0911,source_group_only,none,N/A,One evidence-based source group; physical acquisition ID unverified
train,IMG_6912.jpg,sg-0928,gc-0912,source_group_only,none,N/A,One evidence-based source group; physical acquisition ID unverified
train,IMG_6913.jpg,sg-0929,gc-0913,source_group_only,none,N/A,One evidence-based source group; physical acquisition ID unverified
train,IMG_6914.jpg,sg-0930,gc-0914,source_group_only,none,N/A,One evidence-based source group; physical acquisition ID unverified
train,IMG_6915.jpg,sg-0931,gc-0915,source_group_only,none,N/A,One evidence-based source group; physical acquisition ID unverified
train,IMG_6916.jpg,sg-0932,gc-0916,source_group_only,none,N/A,One evidence-based source group; physical acquisition ID unverified
train,IMG_6917.jpg,sg-0933,gc-0917,source_group_only,none,N/A,One evidence-based source group; physical acquisition ID unverified
train,IMG_6918.jpg,sg-0934,gc-0918,source_group_only,none,N/A,One evidence-based source group; physical acquisition ID unverified
train,IMG_6921.jpg,sg-0935,gc-0919,source_group_only,none,N/A,One evidence-based source group; physical acquisition ID unverified
train,IMG_6922.jpg,sg-0936,gc-0920,source_group_only,none,N/A,One evidence-based source group; physical acquisition ID unverified
train,IMG_6923.jpg,sg-0937,gc-0921,source_group_only,none,N/A,One evidence-based source group; physical acquisition ID unverified
train,IMG_6924.jpg,sg-0938,gc-0922,source_group_only,none,N/A,One evidence-based source group; physical acquisition ID unverified
train,IMG_6925.jpg,sg-0939,gc-0923,source_group_only,none,N/A,One evidence-based source group; physical acquisition ID unverified
train,IMG_6926.jpg,sg-0940,gc-0924,source_group_only,none,N/A,One evidence-based source group; physical acquisition ID unverified
train,IMG_6927.jpg,sg-0941,gc-0925,source_group_only,none,N/A,One evidence-based source group; physical acquisition ID unverified
train,IMG_6928.jpg,sg-0942,gc-0926,source_group_only,none,N/A,One evidence-based source group; physical acquisition ID unverified
train,IMG_6929.jpg,sg-0943,gc-0927,source_group_only,none,N/A,One evidence-based source group; physical acquisition ID unverified
train,IMG_6930.jpg,sg-0944,gc-0928,source_group_only,none,N/A,One evidence-based source group; physical acquisition ID unverified
train,IMG_6931.jpg,sg-0945,gc-0929,source_group_only,none,N/A,One evidence-based source group; physical acquisition ID unverified
train,IMG_6932.jpg,sg-0946,gc-0930,source_group_only,none,N/A,One evidence-based source group; physical acquisition ID unverified
train,IMG_6933.jpg,sg-0947,gc-0931,source_group_only,none,N/A,One evidence-based source group; physical acquisition ID unverified
train,IMG_6934.jpg,sg-0948,gc-0932,source_group_only,none,N/A,One evidence-based source group; physical acquisition ID unverified
train,IMG_6935.jpg,sg-0949,gc-0933,source_group_only,none,N/A,One evidence-based source group; physical acquisition ID unverified
train,IMG_6936.jpg,sg-0950,gc-0934,source_group_only,none,N/A,One evidence-based source group; physical acquisition ID unverified
train,IMG_6937.jpg,sg-0951,gc-0935,source_group_only,none,N/A,One evidence-based source group; physical acquisition ID unverified
train,IMG_6939.jpg,sg-0952,gc-0936,source_group_only,none,N/A,One evidence-based source group; physical acquisition ID unverified
train,IMG_6940.jpg,sg-0953,gc-0937,source_group_only,none,N/A,One evidence-based source group; physical acquisition ID unverified
train,IMG_6942.jpg,sg-0954,gc-0938,source_group_only,none,N/A,One evidence-based source group; physical acquisition ID unverified
train,IMG_6943.jpg,sg-0955,gc-0939,source_group_only,none,N/A,One evidence-based source group; physical acquisition ID unverified
train,IMG_6946.jpg,sg-0956,gc-0940,source_group_only,none,N/A,One evidence-based source group; physical acquisition ID unverified
train,IMG_6948.jpg,sg-0957,gc-0941,source_group_only,none,N/A,One evidence-based source group; physical acquisition ID unverified
train,IMG_6950.jpg,sg-0958,gc-0942,source_group_only,none,N/A,One evidence-based source group; physical acquisition ID unverified
train,IMG_6951.jpg,sg-0959,gc-0943,source_group_only,none,N/A,One evidence-based source group; physical acquisition ID unverified
train,IMG_6953.jpg,sg-0960,gc-0944,source_group_only,none,N/A,One evidence-based source group; physical acquisition ID unverified
train,IMG_6954.jpg,sg-0961,gc-0945,source_group_only,none,N/A,One evidence-based source group; physical acquisition ID unverified
train,IMG_6955.jpg,sg-0962,gc-0946,source_group_only,none,N/A,One evidence-based source group; physical acquisition ID unverified
train,IMG_6956.jpg,sg-0963,gc-0947,source_group_only,none,N/A,One evidence-based source group; physical acquisition ID unverified
train,IMG_6958.jpg,sg-0964,gc-0948,source_group_only,none,N/A,One evidence-based source group; physical acquisition ID unverified
train,IMG_6959.jpg,sg-0965,gc-0949,source_group_only,none,N/A,One evidence-based source group; physical acquisition ID unverified
train,IMG_6961.jpg,sg-0966,gc-0950,source_group_only,none,N/A,One evidence-based source group; physical acquisition ID unverified
train,IMG_6962.jpg,sg-0967,gc-0951,source_group_only,none,N/A,One evidence-based source group; physical acquisition ID unverified
train,IMG_6963.jpg,sg-0968,gc-0952,source_group_only,none,N/A,One evidence-based source group; physical acquisition ID unverified
train,IMG_6964.jpg,sg-0969,gc-0953,source_group_only,none,N/A,One evidence-based source group; physical acquisition ID unverified
train,IMG_6965.jpg,sg-0970,gc-0954,source_group_only,none,N/A,One evidence-based source group; physical acquisition ID unverified
train,IMG_6968.jpg,sg-0971,gc-0955,source_group_only,none,N/A,One evidence-based source group; physical acquisition ID unverified
train,IMG_6969.jpg,sg-0972,gc-0956,source_group_only,none,N/A,One evidence-based source group; physical acquisition ID unverified
train,IMG_6970.jpg,sg-0973,gc-0957,source_group_only,none,N/A,One evidence-based source group; physical acquisition ID unverified
train,IMG_6971.jpg,sg-0974,gc-0958,source_group_only,none,N/A,One evidence-based source group; physical acquisition ID unverified
train,IMG_6972.jpg,sg-0975,gc-0959,source_group_only,none,N/A,One evidence-based source group; physical acquisition ID unverified
train,IMG_6973.jpg,sg-0976,gc-0960,source_group_only,none,N/A,One evidence-based source group; physical acquisition ID unverified
train,IMG_6974.jpg,sg-0977,gc-0961,source_group_only,none,N/A,One evidence-based source group; physical acquisition ID unverified
train,IMG_6983.jpg,sg-0978,gc-0962,source_group_only,none,N/A,One evidence-based source group; physical acquisition ID unverified
train,IMG_6984.jpg,sg-0979,gc-0963,source_group_only,none,N/A,One evidence-based source group; physical acquisition ID unverified
train,IMG_6985.jpg,sg-0980,gc-0964,source_group_only,none,N/A,One evidence-based source group; physical acquisition ID unverified
train,IMG_6987.jpg,sg-0981,gc-0965,source_group_only,none,N/A,One evidence-based source group; physical acquisition ID unverified
train,IMG_6988.jpg,sg-0982,gc-0966,source_group_only,none,N/A,One evidence-based source group; physical acquisition ID unverified
train,IMG_6990.jpg,sg-0983,gc-0967,source_group_only,none,N/A,One evidence-based source group; physical acquisition ID unverified
train,IMG_6992.jpg,sg-0984,gc-0968,source_group_only,none,N/A,One evidence-based source group; physical acquisition ID unverified
train,IMG_6994.jpg,sg-0985,gc-0969,source_group_only,none,N/A,One evidence-based source group; physical acquisition ID unverified
train,IMG_6995.jpg,sg-0986,gc-0970,source_group_only,none,N/A,One evidence-based source group; physical acquisition ID unverified
train,IMG_6997.jpg,sg-0987,gc-0971,source_group_only,none,N/A,One evidence-based source group; physical acquisition ID unverified
train,IMG_6999.jpg,sg-0988,gc-0972,source_group_only,none,N/A,One evidence-based source group; physical acquisition ID unverified
train,IMG_7001.jpg,sg-0989,gc-0973,source_group_only,none,N/A,One evidence-based source group; physical acquisition ID unverified
train,IMG_7003.jpg,sg-0990,gc-0974,source_group_only,none,N/A,One evidence-based source group; physical acquisition ID unverified
train,IMG_7004.jpg,sg-0991,gc-0975,source_group_only,none,N/A,One evidence-based source group; physical acquisition ID unverified
train,IMG_7007.jpg,sg-0992,gc-0976,source_group_only,none,N/A,One evidence-based source group; physical acquisition ID unverified
train,IMG_7009.jpg,sg-0993,gc-0977,source_group_only,none,N/A,One evidence-based source group; physical acquisition ID unverified
train,IMG_7010.jpg,sg-0994,gc-0978,source_group_only,none,N/A,One evidence-based source group; physical acquisition ID unverified
train,IMG_7012.jpg,sg-0995,gc-0979,source_group_only,none,N/A,One evidence-based source group; physical acquisition ID unverified
train,IMG_7015.jpg,sg-0996,gc-0980,source_group_only,none,N/A,One evidence-based source group; physical acquisition ID unverified
train,IMG_7017.jpg,sg-0997,gc-0981,source_group_only,none,N/A,One evidence-based source group; physical acquisition ID unverified
train,IMG_7018.jpg,sg-0998,gc-0982,source_group_only,none,N/A,One evidence-based source group; physical acquisition ID unverified
train,IMG_7019.jpg,sg-0999,gc-0983,source_group_only,none,N/A,One evidence-based source group; physical acquisition ID unverified
train,IMG_7021.jpg,sg-1000,gc-0984,source_group_only,none,N/A,One evidence-based source group; physical acquisition ID unverified
train,IMG_7022.jpg,sg-1001,gc-0985,source_group_only,none,N/A,One evidence-based source group; physical acquisition ID unverified
train,IMG_7023.jpg,sg-1002,gc-0986,source_group_only,none,N/A,One evidence-based source group; physical acquisition ID unverified
train,IMG_7024.jpg,sg-1003,gc-0987,source_group_only,none,N/A,One evidence-based source group; physical acquisition ID unverified
train,IMG_7025.jpg,sg-1004,gc-0988,source_group_only,none,N/A,One evidence-based source group; physical acquisition ID unverified
train,IMG_7027.jpg,sg-1005,gc-0989,source_group_only,none,N/A,One evidence-based source group; physical acquisition ID unverified
train,IMG_7028.jpg,sg-1006,gc-0990,source_group_only,none,N/A,One evidence-based source group; physical acquisition ID unverified
train,IMG_7030.jpg,sg-1007,gc-0991,source_group_only,none,N/A,One evidence-based source group; physical acquisition ID unverified
train,IMG_7031.jpg,sg-1008,gc-0992,source_group_only,none,N/A,One evidence-based source group; physical acquisition ID unverified
train,IMG_7033.jpg,sg-1009,gc-0993,source_group_only,none,N/A,One evidence-based source group; physical acquisition ID unverified
train,IMG_7034.jpg,sg-1010,gc-0994,source_group_only,none,N/A,One evidence-based source group; physical acquisition ID unverified
train,IMG_7036.jpg,sg-1011,gc-0995,source_group_only,none,N/A,One evidence-based source group; physical acquisition ID unverified
train,IMG_7037.jpg,sg-1012,gc-0996,source_group_only,none,N/A,One evidence-based source group; physical acquisition ID unverified
train,IMG_7038.jpg,sg-1013,gc-0997,source_group_only,none,N/A,One evidence-based source group; physical acquisition ID unverified
train,IMG_7039.jpg,sg-1014,gc-0998,source_group_only,none,N/A,One evidence-based source group; physical acquisition ID unverified
train,IMG_7040.jpg,sg-1015,gc-0999,source_group_only,none,N/A,One evidence-based source group; physical acquisition ID unverified
train,IMG_7042.jpg,sg-1016,gc-1000,source_group_only,none,N/A,One evidence-based source group; physical acquisition ID unverified
train,IMG_7043.jpg,sg-1017,gc-1001,source_group_only,none,N/A,One evidence-based source group; physical acquisition ID unverified
train,IMG_7046.jpg,sg-1018,gc-1002,source_group_only,none,N/A,One evidence-based source group; physical acquisition ID unverified
train,IMG_7047.jpg,sg-1019,gc-1003,source_group_only,none,N/A,One evidence-based source group; physical acquisition ID unverified
train,IMG_7048.jpg,sg-1020,gc-1004,source_group_only,none,N/A,One evidence-based source group; physical acquisition ID unverified
train,IMG_7050.jpg,sg-1021,gc-1005,source_group_only,none,N/A,One evidence-based source group; physical acquisition ID unverified
train,IMG_7052.jpg,sg-1022,gc-1006,source_group_only,none,N/A,One evidence-based source group; physical acquisition ID unverified
train,IMG_7052_brightness.jpg,sg-1022,gc-1006,source_group_only,none,N/A,One evidence-based source group; physical acquisition ID unverified
train,IMG_7054.jpg,sg-1023,gc-1007,source_group_only,none,N/A,One evidence-based source group; physical acquisition ID unverified
train,IMG_7055.jpg,sg-1024,gc-1008,source_group_only,none,N/A,One evidence-based source group; physical acquisition ID unverified
train,IMG_7056.jpg,sg-1025,gc-1009,source_group_only,none,N/A,One evidence-based source group; physical acquisition ID unverified
train,IMG_7058.jpg,sg-1026,gc-1010,source_group_only,none,N/A,One evidence-based source group; physical acquisition ID unverified
train,IMG_7060.jpg,sg-1027,gc-1011,source_group_only,none,N/A,One evidence-based source group; physical acquisition ID unverified
train,IMG_7061.jpg,sg-1028,gc-1012,source_group_only,none,N/A,One evidence-based source group; physical acquisition ID unverified
train,IMG_7063.jpg,sg-1029,gc-1013,source_group_only,none,N/A,One evidence-based source group; physical acquisition ID unverified
train,IMG_7065.jpg,sg-1030,gc-1014,source_group_only,none,N/A,One evidence-based source group; physical acquisition ID unverified
train,IMG_7066.jpg,sg-1031,gc-1015,source_group_only,none,N/A,One evidence-based source group; physical acquisition ID unverified
train,IMG_7067.jpg,sg-1032,gc-1016,source_group_only,none,N/A,One evidence-based source group; physical acquisition ID unverified
train,IMG_7069.jpg,sg-1033,gc-1017,source_group_only,none,N/A,One evidence-based source group; physical acquisition ID unverified
train,IMG_7070.jpg,sg-1034,gc-1018,source_group_only,none,N/A,One evidence-based source group; physical acquisition ID unverified
train,IMG_7073.jpg,sg-1035,gc-1019,source_group_only,none,N/A,One evidence-based source group; physical acquisition ID unverified
train,IMG_7075.jpg,sg-1036,gc-1020,source_group_only,none,N/A,One evidence-based source group; physical acquisition ID unverified
train,IMG_7359.jpg,sg-1037,gc-1021,source_group_only,none,N/A,One evidence-based source group; physical acquisition ID unverified
train,IMG_7360.jpg,sg-1038,gc-1022,source_group_only,none,N/A,One evidence-based source group; physical acquisition ID unverified
train,IMG_7361.jpg,sg-1039,gc-1023,source_group_only,none,N/A,One evidence-based source group; physical acquisition ID unverified
train,IMG_7362.jpg,sg-1040,gc-1024,source_group_only,none,N/A,One evidence-based source group; physical acquisition ID unverified
val,107.jpg,sg-1041,gc-1025,source_group_only,none,N/A,One evidence-based source group; physical acquisition ID unverified
val,1090.jpg,sg-1042,gc-1026,source_group_only,none,N/A,One evidence-based source group; physical acquisition ID unverified
val,111.jpg,sg-0246,gc-0245,source_group_only,none,N/A,One evidence-based source group; physical acquisition ID unverified
val,1130.jpg,sg-1043,gc-1027,source_group_only,none,N/A,One evidence-based source group; physical acquisition ID unverified
val,114.jpg,sg-1044,gc-1028,source_group_only,none,N/A,One evidence-based source group; physical acquisition ID unverified
val,1180.jpg,sg-0249,gc-0248,source_group_only,none,N/A,One evidence-based source group; physical acquisition ID unverified
val,1210.jpg,sg-1045,gc-1029,source_group_only,none,N/A,One evidence-based source group; physical acquisition ID unverified
val,1220.jpg,sg-1046,gc-1030,source_group_only,none,N/A,One evidence-based source group; physical acquisition ID unverified
val,1290_noise.jpg,sg-0007,gc-0007,residual_candidate_transitive_guard,train/1290_brightness.jpg <-> test/2360.jpg,Candidate (guard only),Precautionary split constraint; not proof of common physical acquisition
val,1310_noise.jpg,sg-0258,gc-0257,source_group_only,none,N/A,One evidence-based source group; physical acquisition ID unverified
val,1360_brightness.jpg,sg-0035,gc-0034,source_group_only,none,N/A,One evidence-based source group; physical acquisition ID unverified
val,1400_noise.jpg,sg-0009,gc-0009,residual_candidate_transitive_guard,train/246.jpg <-> test/1400.jpg,Candidate (guard only),Precautionary split constraint; not proof of common physical acquisition
val,1450_brightness.jpg,sg-0266,gc-0263,residual_candidate_transitive_guard,train/2650_brightness.jpg <-> val/1450_brightness.jpg,Candidate (guard only),Precautionary split constraint; not proof of common physical acquisition
val,1460_noise.jpg,sg-0267,gc-0264,residual_candidate_transitive_guard,train/2630.jpg <-> val/1460_noise.jpg,Candidate (guard only),Precautionary split constraint; not proof of common physical acquisition
val,1550_noise.jpg,sg-0274,gc-0270,source_group_only,none,N/A,One evidence-based source group; physical acquisition ID unverified
val,1560_brightness.jpg,sg-0036,gc-0035,source_group_only,none,N/A,One evidence-based source group; physical acquisition ID unverified
val,1560_noise.jpg,sg-0036,gc-0035,source_group_only,none,N/A,One evidence-based source group; physical acquisition ID unverified
val,166.jpg,sg-0419,gc-0407,source_group_only,none,N/A,One evidence-based source group; physical acquisition ID unverified
val,170.jpg,sg-1047,gc-1031,source_group_only,none,N/A,One evidence-based source group; physical acquisition ID unverified
val,172_noise.jpg,sg-0285,gc-0018,residual_candidate_transitive_guard,test/172.jpg <-> train/172_brightness.jpg,Candidate (guard only),Precautionary split constraint; not proof of common physical acquisition
val,1770_noise.jpg,sg-0288,gc-0282,source_group_only,none,N/A,One evidence-based source group; physical acquisition ID unverified
val,1870.jpg,sg-1048,gc-1032,source_group_only,none,N/A,One evidence-based source group; physical acquisition ID unverified
val,192_brightness.jpg,sg-0301,gc-0295,source_group_only,none,N/A,One evidence-based source group; physical acquisition ID unverified
val,194_noise.jpg,sg-0303,gc-0297,source_group_only,none,N/A,One evidence-based source group; physical acquisition ID unverified
val,2040_brightness.jpg,sg-0023,gc-0023,source_group_only,none,N/A,One evidence-based source group; physical acquisition ID unverified
val,207_noise.jpg,sg-0314,gc-0308,source_group_only,none,N/A,One evidence-based source group; physical acquisition ID unverified
val,2150_brightness.jpg,sg-0026,gc-0026,source_group_only,none,N/A,One evidence-based source group; physical acquisition ID unverified
val,2150_noise.jpg,sg-0026,gc-0026,source_group_only,none,N/A,One evidence-based source group; physical acquisition ID unverified
val,22000.jpg,sg-1049,gc-1033,source_group_only,none,N/A,One evidence-based source group; physical acquisition ID unverified
val,2200_brightness.jpg,sg-0326,gc-0320,source_group_only,none,N/A,One evidence-based source group; physical acquisition ID unverified
val,2210_brightness.jpg,sg-0027,gc-0027,source_group_only,none,N/A,One evidence-based source group; physical acquisition ID unverified
val,223_noise.jpg,sg-0328,gc-0322,source_group_only,none,N/A,One evidence-based source group; physical acquisition ID unverified
val,227_brightness.jpg,sg-0028,gc-0028,source_group_only,none,N/A,One evidence-based source group; physical acquisition ID unverified
val,2340_noise.jpg,sg-0006,gc-0006,source_group_only,none,N/A,One evidence-based source group; physical acquisition ID unverified
val,2400_noise.jpg,sg-0341,gc-0334,source_group_only,none,N/A,One evidence-based source group; physical acquisition ID unverified
val,251_brightness.jpg,sg-0008,gc-0008,source_group_only,none,N/A,One evidence-based source group; physical acquisition ID unverified
val,2520_brightness.jpg,sg-0348,gc-0340,source_group_only,none,N/A,One evidence-based source group; physical acquisition ID unverified
val,256_noise.jpg,sg-0263,gc-0261,source_group_only,none,N/A,One evidence-based source group; physical acquisition ID unverified
val,2590_brightness.jpg,sg-0273,gc-0269,source_group_only,none,N/A,One evidence-based source group; physical acquisition ID unverified
val,2640_brightness.jpg,sg-0036,gc-0035,source_group_only,none,N/A,One evidence-based source group; physical acquisition ID unverified
val,2640_noise.jpg,sg-0036,gc-0035,source_group_only,none,N/A,One evidence-based source group; physical acquisition ID unverified
val,266_noise.jpg,sg-0357,gc-0347,source_group_only,none,N/A,One evidence-based source group; physical acquisition ID unverified
val,267_noise.jpg,sg-0012,gc-0012,source_group_only,none,N/A,One evidence-based source group; physical acquisition ID unverified
val,2710_brightness.jpg,sg-0358,gc-0348,source_group_only,none,N/A,One evidence-based source group; physical acquisition ID unverified
val,288_noise.jpg,sg-0365,gc-0354,source_group_only,none,N/A,One evidence-based source group; physical acquisition ID unverified
val,2910_brightness.jpg,sg-0368,gc-0357,source_group_only,none,N/A,One evidence-based source group; physical acquisition ID unverified
val,2950_brightness.jpg,sg-0369,gc-0358,source_group_only,none,N/A,One evidence-based source group; physical acquisition ID unverified
val,2950_noise.jpg,sg-0369,gc-0358,source_group_only,none,N/A,One evidence-based source group; physical acquisition ID unverified
val,2970_noise.jpg,sg-0370,gc-0359,source_group_only,none,N/A,One evidence-based source group; physical acquisition ID unverified
val,3110_brightness.jpg,sg-0047,gc-0046,source_group_only,none,N/A,One evidence-based source group; physical acquisition ID unverified
val,3210.jpg,sg-1050,gc-1034,source_group_only,none,N/A,One evidence-based source group; physical acquisition ID unverified
val,3310.jpg,sg-1051,gc-1035,source_group_only,none,N/A,One evidence-based source group; physical acquisition ID unverified
val,3320.jpg,sg-1052,gc-1036,source_group_only,none,N/A,One evidence-based source group; physical acquisition ID unverified
val,336.jpg,sg-1053,gc-1037,source_group_only,none,N/A,One evidence-based source group; physical acquisition ID unverified
val,340.jpg,sg-1054,gc-1038,source_group_only,none,N/A,One evidence-based source group; physical acquisition ID unverified
val,3450.jpg,sg-1055,gc-1039,source_group_only,none,N/A,One evidence-based source group; physical acquisition ID unverified
val,3460.jpg,sg-1056,gc-1040,source_group_only,none,N/A,One evidence-based source group; physical acquisition ID unverified
val,3720.jpg,sg-1057,gc-1041,source_group_only,none,N/A,One evidence-based source group; physical acquisition ID unverified
val,379.jpg,sg-1058,gc-1042,source_group_only,none,N/A,One evidence-based source group; physical acquisition ID unverified
val,3810.jpg,sg-1059,gc-1043,source_group_only,none,N/A,One evidence-based source group; physical acquisition ID unverified
val,384.jpg,sg-1060,gc-1044,source_group_only,none,N/A,One evidence-based source group; physical acquisition ID unverified
val,385.jpg,sg-1061,gc-1045,source_group_only,none,N/A,One evidence-based source group; physical acquisition ID unverified
val,3860.jpg,sg-1062,gc-1046,source_group_only,none,N/A,One evidence-based source group; physical acquisition ID unverified
val,3870.jpg,sg-1063,gc-1047,source_group_only,none,N/A,One evidence-based source group; physical acquisition ID unverified
val,3880.jpg,sg-1064,gc-1048,source_group_only,none,N/A,One evidence-based source group; physical acquisition ID unverified
val,397.jpg,sg-1065,gc-1049,source_group_only,none,N/A,One evidence-based source group; physical acquisition ID unverified
val,411.jpg,sg-1066,gc-1050,source_group_only,none,N/A,One evidence-based source group; physical acquisition ID unverified
val,4141.jpg,sg-1067,gc-1051,source_group_only,none,N/A,One evidence-based source group; physical acquisition ID unverified
val,416.jpg,sg-1068,gc-1052,source_group_only,none,N/A,One evidence-based source group; physical acquisition ID unverified
val,78.jpg,sg-1069,gc-1053,source_group_only,none,N/A,One evidence-based source group; physical acquisition ID unverified
val,79.jpg,sg-1070,gc-1054,source_group_only,none,N/A,One evidence-based source group; physical acquisition ID unverified
val,8100.jpg,sg-1071,gc-1055,source_group_only,none,N/A,One evidence-based source group; physical acquisition ID unverified
val,IMG_12330.jpg,sg-1072,gc-1056,source_group_only,none,N/A,One evidence-based source group; physical acquisition ID unverified
val,IMG_12400.jpg,sg-0488,gc-0474,source_group_only,none,N/A,One evidence-based source group; physical acquisition ID unverified
val,IMG_12460.jpg,sg-0493,gc-0479,source_group_only,none,N/A,One evidence-based source group; physical acquisition ID unverified
val,IMG_12590.jpg,sg-1073,gc-1057,source_group_only,none,N/A,One evidence-based source group; physical acquisition ID unverified
val,IMG_1260.jpg,sg-1074,gc-1058,source_group_only,none,N/A,One evidence-based source group; physical acquisition ID unverified
val,IMG_12650.jpg,sg-1075,gc-1059,source_group_only,none,N/A,One evidence-based source group; physical acquisition ID unverified
val,IMG_12720.jpg,sg-1076,gc-1060,source_group_only,none,N/A,One evidence-based source group; physical acquisition ID unverified
val,IMG_12810.jpg,sg-0515,gc-0500,source_group_only,none,N/A,One evidence-based source group; physical acquisition ID unverified
val,IMG_13180.jpg,sg-1077,gc-1061,source_group_only,none,N/A,One evidence-based source group; physical acquisition ID unverified
val,IMG_13220.jpg,sg-1078,gc-1062,source_group_only,none,N/A,One evidence-based source group; physical acquisition ID unverified
val,IMG_13380.jpg,sg-1079,gc-1063,source_group_only,none,N/A,One evidence-based source group; physical acquisition ID unverified
val,IMG_13650_noise.jpg,sg-0094,gc-0093,source_group_only,none,N/A,One evidence-based source group; physical acquisition ID unverified
val,IMG_13700.jpg,sg-0570,gc-0555,source_group_only,none,N/A,One evidence-based source group; physical acquisition ID unverified
val,IMG_1381.jpg,sg-0577,gc-0562,source_group_only,none,N/A,One evidence-based source group; physical acquisition ID unverified
val,IMG_1387_noise.jpg,sg-0102,gc-0101,source_group_only,none,N/A,One evidence-based source group; physical acquisition ID unverified
val,IMG_1390_brightness.jpg,sg-0105,gc-0104,source_group_only,none,N/A,One evidence-based source group; physical acquisition ID unverified
val,IMG_13930.jpg,sg-0582,gc-0567,source_group_only,none,N/A,One evidence-based source group; physical acquisition ID unverified
val,IMG_13960.jpg,sg-0583,gc-0568,source_group_only,none,N/A,One evidence-based source group; physical acquisition ID unverified
val,IMG_14040.jpg,sg-0588,gc-0573,source_group_only,none,N/A,One evidence-based source group; physical acquisition ID unverified
val,IMG_1406_brightness.jpg,sg-0589,gc-0574,source_group_only,none,N/A,One evidence-based source group; physical acquisition ID unverified
val,IMG_1419_noise.jpg,sg-0118,gc-0117,source_group_only,none,N/A,One evidence-based source group; physical acquisition ID unverified
val,IMG_1459.jpg,sg-1080,gc-1064,source_group_only,none,N/A,One evidence-based source group; physical acquisition ID unverified
val,IMG_1460.jpg,sg-1081,gc-1065,source_group_only,none,N/A,One evidence-based source group; physical acquisition ID unverified
val,IMG_5385.jpg,sg-1082,gc-1066,source_group_only,none,N/A,One evidence-based source group; physical acquisition ID unverified
val,IMG_54130.jpg,sg-1083,gc-1067,source_group_only,none,N/A,One evidence-based source group; physical acquisition ID unverified
val,IMG_5441.jpg,sg-1084,gc-1068,source_group_only,none,N/A,One evidence-based source group; physical acquisition ID unverified
val,IMG_54500.jpg,sg-1085,gc-1069,source_group_only,none,N/A,One evidence-based source group; physical acquisition ID unverified
val,IMG_5467.jpg,sg-1086,gc-1070,source_group_only,none,N/A,One evidence-based source group; physical acquisition ID unverified
val,IMG_5480.jpg,sg-1087,gc-1071,source_group_only,none,N/A,One evidence-based source group; physical acquisition ID unverified
val,IMG_54920.jpg,sg-1088,gc-1072,source_group_only,none,N/A,One evidence-based source group; physical acquisition ID unverified
val,IMG_54940.jpg,sg-1089,gc-1073,source_group_only,none,N/A,One evidence-based source group; physical acquisition ID unverified
val,IMG_55120.jpg,sg-1090,gc-1074,source_group_only,none,N/A,One evidence-based source group; physical acquisition ID unverified
val,IMG_55140.jpg,sg-1091,gc-1075,source_group_only,none,N/A,One evidence-based source group; physical acquisition ID unverified
val,IMG_55210.jpg,sg-1092,gc-1076,source_group_only,none,N/A,One evidence-based source group; physical acquisition ID unverified
val,IMG_55230.jpg,sg-1093,gc-1077,source_group_only,none,N/A,One evidence-based source group; physical acquisition ID unverified
val,IMG_55260.jpg,sg-1094,gc-1078,source_group_only,none,N/A,One evidence-based source group; physical acquisition ID unverified
val,IMG_55270.jpg,sg-1095,gc-1079,source_group_only,none,N/A,One evidence-based source group; physical acquisition ID unverified
val,IMG_55630.jpg,sg-1096,gc-1080,source_group_only,none,N/A,One evidence-based source group; physical acquisition ID unverified
val,IMG_55730.jpg,sg-1097,gc-1081,source_group_only,none,N/A,One evidence-based source group; physical acquisition ID unverified
val,IMG_55880.jpg,sg-1098,gc-1082,source_group_only,none,N/A,One evidence-based source group; physical acquisition ID unverified
val,IMG_56300.jpg,sg-1099,gc-1083,source_group_only,none,N/A,One evidence-based source group; physical acquisition ID unverified
val,IMG_56310.jpg,sg-1100,gc-1084,source_group_only,none,N/A,One evidence-based source group; physical acquisition ID unverified
val,IMG_6772.jpg,sg-1101,gc-1085,source_group_only,none,N/A,One evidence-based source group; physical acquisition ID unverified
val,IMG_6780.jpg,sg-1102,gc-1086,source_group_only,none,N/A,One evidence-based source group; physical acquisition ID unverified
val,IMG_6782.jpg,sg-1103,gc-1087,source_group_only,none,N/A,One evidence-based source group; physical acquisition ID unverified
val,IMG_6800.jpg,sg-1104,gc-1088,source_group_only,none,N/A,One evidence-based source group; physical acquisition ID unverified
val,IMG_6801.jpg,sg-1105,gc-1089,source_group_only,none,N/A,One evidence-based source group; physical acquisition ID unverified
val,IMG_6803.jpg,sg-1106,gc-1090,source_group_only,none,N/A,One evidence-based source group; physical acquisition ID unverified
val,IMG_6806.jpg,sg-1107,gc-1091,source_group_only,none,N/A,One evidence-based source group; physical acquisition ID unverified
val,IMG_6809.jpg,sg-1108,gc-1092,source_group_only,none,N/A,One evidence-based source group; physical acquisition ID unverified
val,IMG_6815.jpg,sg-1109,gc-1093,source_group_only,none,N/A,One evidence-based source group; physical acquisition ID unverified
val,IMG_6833.jpg,sg-1110,gc-1094,source_group_only,none,N/A,One evidence-based source group; physical acquisition ID unverified
val,IMG_6839.jpg,sg-1111,gc-1095,source_group_only,none,N/A,One evidence-based source group; physical acquisition ID unverified
val,IMG_6882.jpg,sg-1112,gc-1096,source_group_only,none,N/A,One evidence-based source group; physical acquisition ID unverified
